Coordinates
version=1
nRows=478
nColumns=64
inDegrees=yes

Units are S.I. units (second, meters, Newtons, ...)
If the header above contains a line with 'inDegrees', this indicates whether rotational values are in degrees (yes) or radians (no).

endheader
time	pelvic_tilt	pelvic_list	pelvic_rotation	pelvic_tx	pelvic_ty	pelvic_tz	lumbar_extension	lumbar_bending	lumbar_rotation	neck_flex	neck_tilt	neck_rot	neck_tx1	neck_ty1	neck_tz1	SternumRRotZ	SternumRRotX	SternumRRotY	SternumRX	SternumRY	SternumRZ	SternumLRotZ	SternumLRotX	SternumLRotY	SternumLX	SternumLY	SternumLZ	shoulder_add_r	shoulder_flex_r	shoulder_rot_r	elbow_flexion_r	elbow_varus_valg_r	pro_sup_r	wrist_dev_r	wrist_flex_r	shoulder_add_l	shoulder_flex_l	shoulder_rot_l	elbow_flexion_l	elbow_varus_valg_l	pro_sup_l	wrist_dev_l	wrist_flex_l	hip_flexion_r	hip_adduction_r	hip_rotation_r	knee_angle_r	knee_rotation_r	knee_adduction_r	knee_tz_r	ankle_angle_r	subtalar_angle_r	mtp_angle_r	hip_flexion_l	hip_adduction_l	hip_rotation_l	knee_angle_l	knee_rotation_l	knee_adduction_l	knee_tz_l	ankle_angle_l	subtalar_angle_l	mtp_angle_l
      0.03333333	     -2.71949403	     15.94693831	    116.99637359	     -0.00685214	      0.26505609	      1.77730282	    -14.73491112	     -0.58978236	    -10.94759654	    -16.33564220	      6.12143543	     -8.51924129	     -0.01890068	      0.00798277	     -0.00304094	      0.00000000	      0.00000000	      0.00000000	     -0.02036107	      0.01371291	     -0.00954620	      0.00000000	      0.00000000	      0.00000000	     -0.00397735	     -0.00735656	     -0.00123570	    128.16336760	    137.20168830	    166.20672911	    138.72902580	      0.00000000	      0.00000000	      0.00000000	      0.00000000	     60.87209334	     60.42288218	      6.76280190	    126.63916207	      0.00000000	      0.00000000	      0.00000000	      0.00000000	    -22.14079213	     -3.95791085	    -30.27351993	      0.60439661	      4.98710639	     -0.76485742	      0.00000000	     -1.47256648	     15.59099519	      0.00000000	    -22.74334374	     -6.20256876	    -20.39118926	      1.20198424	     14.89690267	      0.02831913	      0.00000000	      6.83328683	      1.14758028	      0.00000000
      0.06666667	     -2.61447789	     14.52102375	    114.39286020	     -0.00381390	      0.26515601	      1.78145226	    -14.01251060	     -2.04450557	     -7.71700402	    -15.37295865	      4.95320117	    -12.14284817	     -0.01517242	      0.00747926	      0.00535133	      0.00000000	      0.00000000	      0.00000000	     -0.01793350	     -0.00376368	      0.00101143	      0.00000000	      0.00000000	      0.00000000	      0.00267772	      0.00271652	      0.00131036	    130.40762715	    130.90012660	    159.12960633	    139.12476493	      0.00000000	      0.00000000	      0.00000000	      0.00000000	     66.72753248	     62.61532895	     10.34814880	    126.45795710	      0.00000000	      0.00000000	      0.00000000	      0.00000000	    -18.91450674	     -5.49971157	    -23.54732674	     -1.47888438	      4.92669058	     -0.74951428	      0.00000000	     -1.02043203	      8.71290164	      0.00000000	    -21.33341931	     -4.72885666	    -20.94497613	      0.96376136	     14.89690267	     -1.15223147	      0.00000000	      6.70181912	      1.68108195	      0.00000000
      0.10000000	     -2.70200038	     13.87024127	    112.53026167	     -0.00170050	      0.26507244	      1.78497664	    -14.01465042	     -2.97330105	     -5.55421778	    -14.84766031	      3.43390623	    -13.77074157	     -0.01444599	      0.00784262	      0.01430309	      0.00000000	      0.00000000	      0.00000000	     -0.01803600	     -0.01227601	      0.00495955	      0.00000000	      0.00000000	      0.00000000	      0.00549549	      0.00927428	      0.00338438	    130.40294800	    127.19206930	    154.48435660	    138.89790296	      0.00000000	      0.00000000	      0.00000000	      0.00000000	     69.25283365	     63.43251008	     12.44620721	    127.38593928	      0.00000000	      0.00000000	      0.00000000	      0.00000000	    -16.93080357	     -6.59403940	    -17.75147080	     -3.06737812	      4.12277952	     -0.30174500	      0.00000000	     -0.89372947	      3.65692224	      0.00000000	    -20.63109907	     -3.64765301	    -21.97961549	      0.70786267	     14.89690267	     -1.88630209	      0.00000000	      6.50372297	      1.58319175	      0.00000000
      0.13333333	     -2.50160818	     13.52372239	    111.50621919	     -0.00000634	      0.26488029	      1.78717754	    -13.96343881	     -3.29966157	     -4.51413575	    -14.20619098	      2.76387683	    -13.77207097	     -0.01374304	      0.00733095	      0.01962961	      0.00000000	      0.00000000	      0.00000000	     -0.02109962	     -0.01437713	     -0.00179860	      0.00000000	      0.00000000	      0.00000000	      0.00462051	      0.01098343	      0.00667772	    126.94571528	    127.99934253	    149.76124503	    138.28795956	      0.00000000	      0.00000000	      0.00000000	      0.00000000	     67.95202045	     62.40722169	     12.36518474	    129.00414186	      0.00000000	      0.00000000	      0.00000000	      0.00000000	    -15.67976340	     -6.87967848	    -14.02300223	     -4.04560581	      2.77604313	      0.02632837	      0.00000000	     -0.58039482	      1.34477816	      0.00000000	    -20.07430803	     -3.37123654	    -22.59054766	      0.40000458	     14.89690267	     -2.07160598	      0.00000000	      6.85904893	      1.09204749	      0.00000000
      0.16666667	     -2.31401644	     13.63527736	    111.30655174	      0.00123252	      0.26492785	      1.78851982	    -14.30506836	     -3.24694408	     -4.45608050	    -13.26031787	      3.20674297	    -13.07861193	     -0.01307558	      0.00579049	      0.01950925	      0.00000000	      0.00000000	      0.00000000	     -0.02277972	     -0.01088624	     -0.01557296	      0.00000000	      0.00000000	      0.00000000	      0.00311450	      0.00843153	      0.00751198	    124.52987669	    133.07575655	    146.10536590	    138.62653724	      0.00000000	      0.00000000	      0.00000000	      0.00000000	     67.88920902	     60.83851479	     12.60435781	    130.07929337	      0.00000000	      0.00000000	      0.00000000	      0.00000000	    -15.38881059	     -6.55502604	    -13.62104390	     -4.34614988	      2.07189737	     -0.32848251	      0.00000000	     -0.26801325	      2.32891672	      0.00000000	    -19.98525516	     -3.51169203	    -23.59582963	      0.28983094	     14.89690267	     -2.04554127	      0.00000000	      6.94188867	      1.25925908	      0.00000000
      0.20000000	     -2.14954548	     14.35887690	    111.03965101	      0.00144713	      0.26506568	      1.78931834	    -15.17984723	     -2.91189430	     -4.49223790	    -12.09633706	      4.26423211	    -12.17375365	     -0.01219191	      0.00416802	      0.01599647	      0.00000000	      0.00000000	      0.00000000	     -0.02132032	     -0.00534552	     -0.02571083	      0.00000000	      0.00000000	      0.00000000	      0.00312978	      0.00250716	      0.00647050	    125.77751832	    140.26640190	    145.22551209	    139.48046760	      0.00000000	      0.00000000	      0.00000000	      0.00000000	     70.91309740	     59.03818070	     14.13764371	    129.85538733	      0.00000000	      0.00000000	      0.00000000	      0.00000000	    -15.85968741	     -6.00994451	    -15.38603350	     -4.22689422	      1.44459150	     -1.01273214	      0.00000000	      0.00391168	      5.98815884	      0.00000000	    -20.75342101	     -3.71242228	    -24.92913576	      0.51821415	     14.89690267	     -2.20386649	      0.00000000	      7.31836534	      2.69213425	      0.00000000
      0.23333333	     -2.25827122	     15.89715375	    110.65783675	      0.00073217	      0.26534520	      1.78985306	    -17.09458208	     -2.63679135	     -4.69199790	    -10.80251044	      5.33306924	    -11.17254089	     -0.01208948	      0.00338976	      0.01357639	      0.00000000	      0.00000000	      0.00000000	     -0.01781911	      0.00061319	     -0.02418350	      0.00000000	      0.00000000	      0.00000000	     -0.00059247	     -0.00256497	      0.00903331	    130.04992967	    147.17482715	    148.91261100	    139.97405648	      0.00000000	      0.00000000	      0.00000000	      0.00000000	     72.83579766	     56.12874695	     14.54076442	    128.76451680	      0.00000000	      0.00000000	      0.00000000	      0.00000000	    -17.46292921	     -5.43693397	    -19.57590014	     -3.42879875	      0.08792376	     -1.84564102	      0.00000000	     -0.05844113	     13.82880172	      0.00000000	    -22.66443869	     -3.65942937	    -26.68920957	      1.28374527	     14.89690267	     -2.55651767	      0.00000000	      7.45602152	      5.22911547	      0.00000000
      0.26666667	     -2.45661458	     17.47298049	    110.14247404	     -0.00035584	      0.26525634	      1.79002683	    -19.02397813	     -2.62762489	     -4.77629997	     -9.79350706	      5.63672371	    -10.48390139	     -0.01173578	      0.00382234	      0.01527808	      0.00000000	      0.00000000	      0.00000000	     -0.01088972	      0.00171112	     -0.01975716	      0.00000000	      0.00000000	      0.00000000	     -0.01254755	      0.00112957	      0.02008336	    133.51277443	    153.28924294	    154.25755306	    139.68257611	      0.00000000	      0.00000000	      0.00000000	      0.00000000	     66.02497430	     50.74629512	      8.76257525	    128.20939049	      0.00000000	      0.00000000	      0.00000000	      0.00000000	    -19.37695350	     -5.05646458	    -22.80627112	     -2.28952628	     -0.67807173	     -2.37058034	      0.00000000	     -0.18797392	     20.59066654	      0.00000000	    -24.68596903	     -3.61667612	    -27.08739762	      1.98212150	     14.89690267	     -2.54137249	      0.00000000	      7.56595242	      6.24194515	      0.00000000
      0.30000000	     -2.59182611	     18.76943760	    109.79786983	     -0.00309684	      0.26475401	      1.79084837	    -20.71960398	     -2.33665982	     -4.96187534	     -9.08621806	      5.64800918	    -10.59609853	     -0.01212969	      0.00582293	      0.01517959	      0.00000000	      0.00000000	      0.00000000	     -0.00842417	     -0.00115438	     -0.01583744	      0.00000000	      0.00000000	      0.00000000	     -0.02763195	      0.01735997	      0.03109485	    136.24404852	    156.76270245	    161.80324186	    138.29992788	      0.00000000	      0.00000000	      0.00000000	      0.00000000	     50.16770845	     41.46530283	     -2.68754576	    129.01595015	      0.00000000	      0.00000000	      0.00000000	      0.00000000	    -21.02878892	     -5.07894510	    -25.48416078	     -1.54242067	     -0.30140669	     -2.18172324	      0.00000000	     -0.32520468	     24.97244247	      0.00000000	    -26.26572491	     -3.25687633	    -26.56043651	      2.63551403	     14.89690267	     -3.06166034	      0.00000000	      7.37760742	      6.14006760	      0.00000000
      0.33333333	     -2.86546774	     19.46571022	    110.12098663	     -0.00569282	      0.26339697	      1.79048119	    -21.61413627	     -2.25707565	     -5.11927389	     -8.35732249	      5.15083101	    -11.35814839	     -0.01079751	      0.00736662	      0.01628494	      0.00000000	      0.00000000	      0.00000000	     -0.01517000	     -0.00295720	     -0.01247913	      0.00000000	      0.00000000	      0.00000000	     -0.02226715	      0.03236795	      0.03183101	    142.01019842	    160.05975095	    170.06997725	    134.96612446	      0.00000000	      0.00000000	      0.00000000	      0.00000000	     35.11638764	     28.71272875	    -13.35869913	    131.54741300	      0.00000000	      0.00000000	      0.00000000	      0.00000000	    -22.48866287	     -5.22095226	    -26.74168619	     -0.72253754	      1.68922624	     -1.70893317	      0.00000000	      0.15485613	     24.71365084	      0.00000000	    -27.30614750	     -3.19029020	    -25.47437730	      3.25224974	     14.89690267	     -2.97216762	      0.00000000	      7.24481717	      5.78038549	      0.00000000
      0.36666667	     -3.32117742	     19.85841282	    110.96368697	     -0.00869846	      0.26130453	      1.78950438	    -22.14453135	     -2.00616170	     -5.48590068	     -7.74073338	      4.87167200	    -12.29942783	     -0.00969756	      0.00930383	      0.01266504	      0.00000000	      0.00000000	      0.00000000	     -0.02356215	     -0.00143598	     -0.00684390	      0.00000000	      0.00000000	      0.00000000	     -0.01443090	      0.02065655	      0.02468778	    150.36779941	    164.63209457	    177.18508042	    130.23595758	      0.00000000	      0.00000000	      0.00000000	      0.00000000	     29.35729959	     21.73822528	    -18.59620322	    129.79542103	      0.00000000	      0.00000000	      0.00000000	      0.00000000	    -23.76643399	     -5.46014114	    -28.18314597	     -0.10473768	      3.74734052	     -1.14992587	      0.00000000	      0.73798918	     22.84520579	      0.00000000	    -28.02622937	     -3.06643245	    -24.34240215	      3.57743721	     14.89690267	     -3.00381578	      0.00000000	      7.40739322	      5.90174094	      0.00000000
      0.40000000	     -4.68895450	     20.51182040	    113.00090614	     -0.01094361	      0.25893304	      1.78777712	    -23.30250187	     -2.16231204	     -6.68810507	     -6.59392564	      4.15867459	    -12.50726456	     -0.00825118	      0.01002961	      0.01027227	      0.00000000	      0.00000000	      0.00000000	     -0.02536208	     -0.00221538	      0.00059074	      0.00000000	      0.00000000	      0.00000000	     -0.01467102	     -0.00110314	      0.02342901	    157.73342876	    168.80928021	    181.30147553	    125.50505864	      0.00000000	      0.00000000	      0.00000000	      0.00000000	     31.11972898	     21.86113867	    -20.41783056	    123.39289632	      0.00000000	      0.00000000	      0.00000000	      0.00000000	    -25.95403731	     -5.85268651	    -32.32092552	      0.63991539	     10.52730388	     -0.35936544	      0.00000000	      0.83544375	     14.97541680	      0.00000000	    -29.15607168	     -2.93632822	    -22.46151994	      3.51870045	     14.89690267	     -2.74679109	      0.00000000	      7.85897290	      5.93022017	      0.00000000
      0.43333333	     -5.34641555	     20.58854052	    114.10153323	     -0.01169023	      0.25692097	      1.78595724	    -23.59636133	     -2.16114349	     -6.91183642	     -5.13283714	      4.15847096	    -12.45701199	     -0.00672817	      0.00962858	      0.00464280	      0.00000000	      0.00000000	      0.00000000	     -0.01642859	     -0.00692386	      0.00430324	      0.00000000	      0.00000000	      0.00000000	     -0.01946529	     -0.01359341	      0.01966692	    160.68439801	    170.60947100	    184.85143843	    123.38410275	      0.00000000	      0.00000000	      0.00000000	      0.00000000	     31.97584109	     24.70300587	    -23.44398729	    115.59677688	      0.00000000	      0.00000000	      0.00000000	      0.00000000	    -26.93217686	     -5.82978027	    -32.70546562	      1.27695562	     10.64499355	     -0.13943690	      0.00000000	      0.77431482	     13.22453787	      0.00000000	    -29.68884425	     -3.00384964	    -21.67398443	      3.54916743	     14.89690267	     -2.39156301	      0.00000000	      8.59085499	      6.20868879	      0.00000000
      0.46666667	     -6.46326547	     21.18998421	    115.61302003	     -0.01124397	      0.25559007	      1.78471923	    -24.89096141	     -2.47762410	     -7.60745053	     -3.00357211	      4.37571742	    -12.24445584	     -0.00562230	      0.00884482	      0.00099741	      0.00000000	      0.00000000	      0.00000000	     -0.00770007	     -0.01404390	      0.00506927	      0.00000000	      0.00000000	      0.00000000	     -0.02548023	     -0.01188858	      0.01743938	    160.37200224	    167.45328205	    189.76597706	    123.49622915	      0.00000000	      0.00000000	      0.00000000	      0.00000000	     30.77794919	     26.55482658	    -26.38629390	    110.87034752	      0.00000000	      0.00000000	      0.00000000	      0.00000000	    -28.67211061	     -5.83672567	    -32.48610476	      2.07653305	     11.32596238	      0.42994893	      0.00000000	      0.13577785	      8.80188141	      0.00000000	    -30.70229161	     -3.20490293	    -20.15431589	      3.42228343	     14.89690267	     -1.99400408	      0.00000000	      9.02149534	      5.41120027	      0.00000000
      0.50000000	     -6.46514658	     21.06651589	    115.99268139	     -0.01034017	      0.25478733	      1.78500983	    -25.11838319	     -2.54377956	     -7.67248531	     -0.54685301	      4.99623563	    -11.89128344	     -0.00427945	      0.00735164	     -0.00170910	      0.00000000	      0.00000000	      0.00000000	     -0.00800725	     -0.01960737	      0.01227268	      0.00000000	      0.00000000	      0.00000000	     -0.02770089	     -0.00617082	      0.01626405	    161.56685351	    160.14224913	    196.06016416	    123.83271437	      0.00000000	      0.00000000	      0.00000000	      0.00000000	     29.39304557	     27.01031311	    -28.36421848	    111.59633444	      0.00000000	      0.00000000	      0.00000000	      0.00000000	    -28.63274740	     -5.63783998	    -31.49991414	      2.18612673	     11.62864075	      0.45170358	      0.00000000	     -0.11724190	      6.77588754	      0.00000000	    -30.72068629	     -3.36203027	    -19.46242378	      3.73313038	     14.89690267	     -2.04989051	      0.00000000	      9.15167097	      4.42628976	      0.00000000
      0.53333333	     -6.23203124	     20.45434299	    116.02573654	     -0.00926239	      0.25470503	      1.78673367	    -24.87283611	     -2.95681186	     -8.23921437	      1.71362674	      5.99141012	    -11.25324320	     -0.00420463	      0.00620351	     -0.00211604	      0.00000000	      0.00000000	      0.00000000	     -0.01137526	     -0.02381139	      0.02179503	      0.00000000	      0.00000000	      0.00000000	     -0.02435141	     -0.00245938	      0.01701808	    165.60747669	    152.36937796	    201.29553476	    124.42675732	      0.00000000	      0.00000000	      0.00000000	      0.00000000	     31.35769897	     27.29892577	    -27.13012747	    116.43287342	      0.00000000	      0.00000000	      0.00000000	      0.00000000	    -27.80648967	     -5.70655959	    -28.90216098	      1.90335750	     10.79771165	      0.29874513	      0.00000000	     -0.05539807	      4.80238501	      0.00000000	    -29.89296694	     -3.26678601	    -18.85012254	      3.70387289	     14.89690267	     -2.25753641	      0.00000000	      8.63675911	      3.11874510	      0.00000000
      0.56666667	     -5.70967387	     19.14440533	    115.84770979	     -0.00826537	      0.25547247	      1.78938369	    -23.68413931	     -3.65088853	     -8.84188257	      3.12988707	      6.70056003	     -9.70535092	     -0.00597183	      0.00450049	      0.00263696	      0.00000000	      0.00000000	      0.00000000	     -0.00733301	     -0.02447088	      0.02278541	      0.00000000	      0.00000000	      0.00000000	     -0.01508052	     -0.00237536	      0.01805655	    168.87942280	    147.74497326	    201.56581310	    127.78879715	      0.00000000	      0.00000000	      0.00000000	      0.00000000	     37.05834201	     28.77995516	    -22.26618285	    121.87233018	      0.00000000	      0.00000000	      0.00000000	      0.00000000	    -26.06699716	     -5.88431749	    -23.99315759	      1.42072706	      7.52303344	     -0.18932981	      0.00000000	     -0.12136204	      3.81958176	      0.00000000	    -28.07941372	     -2.85209091	    -18.29731969	      3.36430623	     14.89690267	     -2.84007391	      0.00000000	      8.10026402	      2.29555110	      0.00000000
      0.60000000	     -4.97578381	     17.54953758	    115.44253619	     -0.00715694	      0.25716098	      1.79220605	    -21.86433332	     -4.23540979	     -9.07286456	      3.99599812	      6.79401882	     -8.98414107	     -0.00811815	      0.00187742	      0.00677730	      0.00000000	      0.00000000	      0.00000000	      0.00173018	     -0.02141913	      0.01096775	      0.00000000	      0.00000000	      0.00000000	     -0.00375422	     -0.00075103	      0.01619340	    166.96120972	    144.13927320	    193.95161677	    132.17538784	      0.00000000	      0.00000000	      0.00000000	      0.00000000	     42.88491541	     31.53206981	    -16.60050344	    124.85900541	      0.00000000	      0.00000000	      0.00000000	      0.00000000	    -24.00798490	     -6.01799532	    -17.39739243	      1.23825954	      1.58813195	     -0.51467702	      0.00000000	     -0.47271211	      3.54435067	      0.00000000	    -25.78278393	     -2.57061932	    -18.79816370	      2.73978389	     14.89690267	     -3.07249865	      0.00000000	      7.89345181	      2.41823893	      0.00000000
      0.63333333	     -4.23313905	     16.01138817	    114.92418290	     -0.00630591	      0.25961171	      1.79468684	    -19.79488333	     -4.49523693	     -9.56878726	      4.23238318	      6.95626624	     -8.46109630	     -0.01084451	     -0.00119570	      0.00656490	      0.00000000	      0.00000000	      0.00000000	      0.01522552	     -0.01375195	     -0.00282042	      0.00000000	      0.00000000	      0.00000000	     -0.00377696	     -0.00005648	      0.01350132	    161.34800563	    140.16998462	    184.06765325	    133.98570972	      0.00000000	      0.00000000	      0.00000000	      0.00000000	     47.38029566	     37.56581018	    -12.23512322	    122.97577217	      0.00000000	      0.00000000	      0.00000000	      0.00000000	    -21.97613288	     -6.26373108	    -12.75290334	      1.15225372	     -2.82866263	     -0.36170910	      0.00000000	     -1.18132909	      3.06204986	      0.00000000	    -23.65188544	     -2.45412340	    -19.95607811	      2.26759568	     14.89690267	     -2.96082608	      0.00000000	      7.65871742	      3.20857019	      0.00000000
      0.66666667	     -2.86316531	     14.46614157	    114.25548054	     -0.00445901	      0.26257378	      1.79767995	    -17.41870676	     -3.77098161	     -9.71800384	      3.57637025	      6.19919382	     -8.86155104	     -0.01678521	     -0.00452948	      0.00402835	      0.00000000	      0.00000000	      0.00000000	      0.01884267	     -0.00978526	     -0.00532355	      0.00000000	      0.00000000	      0.00000000	     -0.01032091	      0.00021811	      0.00721637	    155.15516532	    132.79821649	    178.56066670	    130.45817899	      0.00000000	      0.00000000	      0.00000000	      0.00000000	     48.24383120	     47.84065532	    -11.15487349	    117.11820040	      0.00000000	      0.00000000	      0.00000000	      0.00000000	    -19.36110663	     -5.74177764	     -8.86477764	      0.79736301	     -6.17682366	     -0.44235525	      0.00000000	     -2.02343695	      2.24992212	      0.00000000	    -20.83987824	     -3.13674161	    -20.95736454	      0.94183970	     14.89690267	     -2.96720109	      0.00000000	      7.74928957	      3.94079990	      0.00000000
      0.70000000	     -1.01023823	     11.83270147	    113.32612970	     -0.00307693	      0.26521205	      1.79910385	    -13.13679166	     -2.59228974	     -8.99411093	      1.21827934	      5.64822731	    -10.86207245	     -0.02340113	     -0.00597983	     -0.00586261	      0.00000000	      0.00000000	      0.00000000	      0.01687185	     -0.00799792	     -0.00450567	      0.00000000	      0.00000000	      0.00000000	     -0.00706152	     -0.00547767	      0.00065981	    147.88099709	    124.66621549	    174.85097020	    124.48646893	      0.00000000	      0.00000000	      0.00000000	      0.00000000	     47.39726563	     59.77707412	    -10.04822291	    110.19617173	      0.00000000	      0.00000000	      0.00000000	      0.00000000	    -15.57252018	     -5.15080478	     -4.97102928	      0.47596843	     -9.49573804	     -0.62770831	      0.00000000	     -3.01632949	      1.89747603	      0.00000000	    -17.39710135	     -4.13151864	    -21.90323134	      0.66420995	     14.89690267	     -2.05033894	      0.00000000	      7.24347779	      4.14220134	      0.00000000
      0.73333333	      0.63913180	      8.89292676	    112.64690923	     -0.00227431	      0.26741916	      1.80026043	     -8.62942550	     -1.38646093	     -8.73597049	     -0.34191050	      4.84054283	    -12.93600542	     -0.02574278	     -0.00836156	     -0.01583542	      0.00000000	      0.00000000	      0.00000000	      0.01769619	     -0.00375307	     -0.00284963	      0.00000000	      0.00000000	      0.00000000	      0.00532577	     -0.00794862	     -0.00417023	    140.54448208	    116.32787693	    170.25139147	    118.54911470	      0.00000000	      0.00000000	      0.00000000	      0.00000000	     48.89405487	     69.36943720	     -5.04109005	    104.59256571	      0.00000000	      0.00000000	      0.00000000	      0.00000000	    -11.41925843	     -4.71886481	     -4.03325041	     -0.34702265	     -9.99681207	     -1.01518702	      0.00000000	     -3.39628411	      2.44388441	      0.00000000	    -13.65811486	     -4.82623485	    -21.85298921	      0.24649014	     14.89690267	     -1.37770376	      0.00000000	      6.77652148	      3.32612693	      0.00000000
      0.76666667	      1.35386373	      6.04264289	    113.15361337	     -0.00141496	      0.26947032	      1.80044810	     -4.77309053	     -1.30545386	     -8.46552346	     -2.68194017	      4.16230138	    -14.82379199	     -0.03016243	     -0.00803708	     -0.02075616	      0.00000000	      0.00000000	      0.00000000	      0.01899073	      0.00226952	     -0.01255288	      0.00000000	      0.00000000	      0.00000000	      0.02164553	     -0.00588956	     -0.00372526	    123.05406210	    111.96581406	    151.75512743	    114.01121707	      0.00000000	      0.00000000	      0.00000000	      0.00000000	     62.74055927	     75.97941967	     11.33830334	    100.79375240	      0.00000000	      0.00000000	      0.00000000	      0.00000000	     -8.16421258	     -4.88321964	     -4.02085346	     -0.87781243	    -10.55322794	     -1.44481029	      0.00000000	     -3.61506182	      3.05995039	      0.00000000	    -10.07355227	     -4.78802939	    -19.79251088	     -0.51607030	     14.89690267	     -1.00179770	      0.00000000	      5.86325081	      1.03404285	      0.00000000
      0.80000000	      1.77647585	      3.53065461	    113.11100531	     -0.00118012	      0.27109829	      1.79932951	     -1.53878241	     -1.71512660	     -8.18203398	     -3.98638830	      4.05397947	    -13.78547011	     -0.03201991	     -0.00804984	     -0.02185188	      0.00000000	      0.00000000	      0.00000000	      0.02153504	      0.01166650	     -0.02065370	      0.00000000	      0.00000000	      0.00000000	      0.02729009	     -0.00168675	      0.00140010	    103.40411603	    109.85999373	    129.37448535	    109.25189117	      0.00000000	      0.00000000	      0.00000000	      0.00000000	     93.88293866	     75.79432840	     43.49288231	     98.09636015	      0.00000000	      0.00000000	      0.00000000	      0.00000000	     -5.34052123	     -5.32398748	     -4.07648900	     -1.46210418	    -11.01512343	     -1.77342412	      0.00000000	     -3.21809799	      3.87616141	      0.00000000	     -7.37530031	     -4.17650560	    -18.41557754	     -0.83388297	     14.89690267	     -0.99860432	      0.00000000	      4.87188051	     -1.16737679	      0.00000000
      0.83333333	      2.39335929	      0.48079816	    113.61020410	     -0.00080243	      0.27246423	      1.79739251	      2.32389956	     -2.67918641	     -7.69789055	     -4.80642678	      5.26179219	    -10.85157709	     -0.03045336	     -0.00757167	     -0.02202494	      0.00000000	      0.00000000	      0.00000000	      0.02163258	      0.02121300	     -0.02748980	      0.00000000	      0.00000000	      0.00000000	      0.02772686	      0.00182238	      0.00688581	     86.97106598	    111.54052765	    110.46753531	    105.44077705	      0.00000000	      0.00000000	      0.00000000	      0.00000000	    116.77214092	     71.40674747	     65.76773750	     95.16187730	      0.00000000	      0.00000000	      0.00000000	      0.00000000	     -2.12982420	     -5.77642493	     -4.16722175	     -1.88539233	    -12.56544945	     -1.95670825	      0.00000000	     -2.65782693	      4.55638797	      0.00000000	     -3.90662984	     -3.43610742	    -16.48374540	     -1.53561347	     14.89690267	     -1.58959010	      0.00000000	      4.31360091	     -2.37949424	      0.00000000
      0.86666667	      2.65834452	     -0.38694773	    114.16126233	     -0.00072031	      0.27362104	      1.79457940	      3.37943262	     -3.24804647	     -7.48247862	     -3.79892351	      5.94863843	     -4.28927186	     -0.02725354	     -0.01019616	     -0.01551717	      0.00000000	      0.00000000	      0.00000000	      0.02133269	      0.02741950	     -0.03583508	      0.00000000	      0.00000000	      0.00000000	      0.02373930	      0.00573989	      0.01199966	     73.25460975	    115.57059196	     96.34819339	    102.66109747	      0.00000000	      0.00000000	      0.00000000	      0.00000000	    129.89284396	     65.39555458	     77.94036402	     91.89259419	      0.00000000	      0.00000000	      0.00000000	      0.00000000	     -1.35367269	     -5.75345802	     -4.35449912	     -1.93057375	    -14.05965282	     -1.97060350	      0.00000000	     -2.58484844	      4.98384880	      0.00000000	     -2.85721504	     -3.27474608	    -15.10277844	     -1.96021556	     14.89690267	     -2.17001245	      0.00000000	      4.19236138	     -2.44769448	      0.00000000
      0.90000000	      2.97358355	     -0.88145648	    114.82334776	     -0.00104790	      0.27447535	      1.79136242	      4.06963734	     -3.70052623	     -7.78502767	     -2.88915151	      6.06996817	      2.45344334	     -0.02338208	     -0.01326265	     -0.00731153	      0.00000000	      0.00000000	      0.00000000	      0.02340776	      0.03583921	     -0.04420595	      0.00000000	      0.00000000	      0.00000000	      0.02160854	      0.00727811	      0.01261442	     63.78960836	    120.45928469	     88.41869703	     99.20248715	      0.00000000	      0.00000000	      0.00000000	      0.00000000	    140.73286791	     60.77641027	     87.44153070	     86.19704917	      0.00000000	      0.00000000	      0.00000000	      0.00000000	     -1.09328482	     -5.59143928	     -4.59700408	     -1.64191049	    -14.67412029	     -1.98421063	      0.00000000	     -2.81853830	      5.34513139	      0.00000000	     -2.33975777	     -3.42619272	    -14.39690436	     -1.86808589	     14.89690267	     -2.34733626	      0.00000000	      4.22646023	     -2.40922112	      0.00000000
      0.93333333	      2.65937129	      0.34471905	    115.23987741	     -0.00089406	      0.27504749	      1.78783196	      2.62544239	     -4.13270468	     -7.29736345	     -2.09597061	      7.61500055	      4.87911120	     -0.02180517	     -0.01450659	     -0.00664980	      0.00000000	      0.00000000	      0.00000000	      0.02447958	      0.04332473	     -0.04955953	      0.00000000	      0.00000000	      0.00000000	      0.02620673	      0.01305154	      0.01017321	     54.26544402	    127.15024721	     82.04447719	     88.83814138	      0.00000000	      0.00000000	      0.00000000	      0.00000000	    154.02210081	     59.06129989	     99.19324591	     78.49068401	      0.00000000	      0.00000000	      0.00000000	      0.00000000	     -2.89439366	     -5.28732942	     -4.65181616	     -1.06309894	    -14.20846330	     -1.98179047	      0.00000000	     -3.17575212	      6.01291783	      0.00000000	     -3.78623868	     -3.83997269	    -14.12314460	     -1.76312235	     14.89690267	     -2.33124290	      0.00000000	      4.46902733	     -2.64900459	      0.00000000
      0.96666667	      2.88273857	      0.28145095	    115.67052752	     -0.00219263	      0.27539903	      1.78537729	      3.10108869	     -4.11697589	     -8.38455024	     -2.75595620	      7.64705112	      6.62435259	     -0.02315728	     -0.01507914	     -0.00282557	      0.00000000	      0.00000000	      0.00000000	      0.03052712	      0.04786114	     -0.05028359	      0.00000000	      0.00000000	      0.00000000	      0.03142399	      0.02164534	      0.00771240	     42.22995900	    133.13486513	     76.71807072	     68.73096237	      0.00000000	      0.00000000	      0.00000000	      0.00000000	    163.20535158	     58.40239465	    107.41501908	     70.88740337	      0.00000000	      0.00000000	      0.00000000	      0.00000000	     -3.20919781	     -5.22030846	     -4.47765559	     -0.80095279	    -13.18397093	     -1.84146655	      0.00000000	     -3.57240208	      6.22372733	      0.00000000	     -3.71995737	     -4.01560600	    -14.12129365	     -1.78148064	     14.16081083	     -2.38323384	      0.00000000	      4.80633476	     -1.71850130	      0.00000000
      1.00000000	      2.57290808	      1.19111600	    116.04663986	     -0.00305110	      0.27628775	      1.78288033	      2.42328028	     -4.22474004	     -8.65669255	     -3.30406945	      8.25728490	      4.85396871	     -0.02541784	     -0.01564622	      0.00045434	      0.00000000	      0.00000000	      0.00000000	      0.03667810	      0.04160636	     -0.03875025	      0.00000000	      0.00000000	      0.00000000	      0.03908338	      0.02980003	      0.00627246	     29.79283603	    141.16897142	     78.65699893	     41.47784766	      0.00000000	      0.00000000	      0.00000000	      0.00000000	    171.67252049	     57.84681596	    115.04259395	     63.65017650	      0.00000000	      0.00000000	      0.00000000	      0.00000000	     -4.81109742	     -5.07808418	     -4.93296104	     -0.33122442	    -11.93031538	     -1.72276398	      0.00000000	     -4.51880834	      5.37632266	      0.00000000	     -4.97900359	     -3.99176664	    -13.10122453	     -1.40374717	     11.55727317	     -2.57029315	      0.00000000	      3.80519182	      0.51456494	      0.00000000
      1.03333333	      2.70934941	      1.28619691	    116.35843662	     -0.00408233	      0.27723726	      1.78196155	      2.78249223	     -3.93523900	     -9.48238776	     -3.22969057	      8.86307445	      3.25029379	     -0.02495237	     -0.01797457	      0.00420072	      0.00000000	      0.00000000	      0.00000000	      0.03789313	      0.03253933	     -0.01530805	      0.00000000	      0.00000000	      0.00000000	      0.03805949	      0.03691154	      0.00891538	     18.80724495	    145.24858395	     88.95853864	     18.54445406	      0.00000000	      0.00000000	      0.00000000	      0.00000000	    171.69718080	     57.83391151	    115.09317178	     60.19772336	      0.00000000	      0.00000000	      0.00000000	      0.00000000	     -4.99429519	     -4.78452147	     -5.24520262	     -0.42913979	    -11.47164409	     -1.90207584	      0.00000000	     -5.26733448	      4.34115176	      0.00000000	     -4.98615134	     -4.01206990	    -12.09537390	     -1.58473026	     10.79542932	     -2.80106993	      0.00000000	      2.73964606	      0.97817560	      0.00000000
      1.06666667	      2.84067126	      1.14742340	    116.55132422	     -0.00508337	      0.27799514	      1.78174870	      3.34800388	     -3.65007250	     -9.80580833	     -3.08630684	     11.04942153	      0.62738911	     -0.02305425	     -0.01886782	      0.00034083	      0.00000000	      0.00000000	      0.00000000	      0.02310348	      0.02751360	     -0.00264837	      0.00000000	      0.00000000	      0.00000000	      0.03293923	      0.03873044	      0.01076412	     17.94260887	    142.26852669	     85.00184590	     15.69523734	      0.00000000	      0.00000000	      0.00000000	      0.00000000	    169.31346326	     57.51020007	    112.48739569	     57.73626326	      0.00000000	      0.00000000	      0.00000000	      0.00000000	     -4.78309682	     -4.65357598	     -5.50561930	     -0.47647518	    -11.81120619	     -2.01681027	      0.00000000	     -5.67398230	      3.72040270	      0.00000000	     -4.60702057	     -4.00519933	    -10.62633534	     -2.09243835	     10.50217951	     -2.80911188	      0.00000000	      2.32206634	     -0.15246367	      0.00000000
      1.10000000	      2.93417042	      0.92702090	    116.66647725	     -0.00615356	      0.27856403	      1.78204519	      3.85490803	     -3.36392194	    -10.06879885	     -3.10495365	     12.43050393	      0.37108740	     -0.02090412	     -0.02040174	     -0.00086379	      0.00000000	      0.00000000	      0.00000000	      0.01002015	      0.02531178	     -0.00281380	      0.00000000	      0.00000000	      0.00000000	      0.02809744	      0.03673013	      0.01151144	     21.84193910	    137.68772786	     75.18986008	     23.22880289	      0.00000000	      0.00000000	      0.00000000	      0.00000000	    166.48478069	     56.39324071	    108.11904283	     55.80562359	      0.00000000	      0.00000000	      0.00000000	      0.00000000	     -4.35078029	     -4.66887438	     -6.03630388	     -0.50899300	    -13.04032841	     -1.93935375	      0.00000000	     -6.02955767	      4.02063442	      0.00000000	     -4.32949896	     -3.95221975	     -9.08590129	     -2.17969745	      9.89304149	     -2.66366006	      0.00000000	      2.30340836	     -1.34710903	      0.00000000
      1.13333333	      2.94843416	      0.83329628	    116.71837694	     -0.00726411	      0.27864420	      1.78281149	      3.95258399	     -3.01323912	    -10.68180974	     -3.65057457	     13.48568192	      1.62187638	     -0.02098879	     -0.02101273	     -0.00463908	      0.00000000	      0.00000000	      0.00000000	      0.00956846	      0.02309772	     -0.00317970	      0.00000000	      0.00000000	      0.00000000	      0.02566269	      0.03150584	      0.00871040	     20.53042263	    136.16950253	     70.92016440	     23.46580286	      0.00000000	      0.00000000	      0.00000000	      0.00000000	    165.59437831	     54.12360208	    103.07565561	     53.07195783	      0.00000000	      0.00000000	      0.00000000	      0.00000000	     -4.03881201	     -4.82737151	     -6.26057820	     -0.75715333	    -13.95753933	     -1.73304619	      0.00000000	     -5.77629471	      5.03093058	      0.00000000	     -4.22179887	     -3.84275579	     -7.51993036	     -2.17949771	      8.72150662	     -2.64265909	      0.00000000	      2.53843052	     -1.45626619	      0.00000000
      1.16666667	      2.70354190	      0.90954251	    116.40621344	     -0.00810766	      0.27816507	      1.78339942	      3.74207060	     -2.99861596	    -10.56359324	     -5.09346413	     13.29688255	      2.23897365	     -0.02364729	     -0.02002022	     -0.00788440	      0.00000000	      0.00000000	      0.00000000	      0.01236323	      0.02279083	     -0.00117083	      0.00000000	      0.00000000	      0.00000000	      0.02797496	      0.02799654	      0.00364521	     17.36210220	    136.64990968	     71.82009269	     17.60135815	      0.00000000	      0.00000000	      0.00000000	      0.00000000	    167.50473857	     53.21490740	    100.81836889	     50.63366180	      0.00000000	      0.00000000	      0.00000000	      0.00000000	     -4.07129959	     -5.18079393	     -6.50823889	     -1.11117730	    -13.47904161	     -1.53249180	      0.00000000	     -5.53219588	      5.52706209	      0.00000000	     -4.62358636	     -3.54326445	     -7.26620618	     -1.81255220	      7.97586770	     -2.65120314	      0.00000000	      2.33972849	     -1.06331089	      0.00000000
      1.20000000	      2.37213995	      1.46103292	    115.73727806	     -0.00857361	      0.27714727	      1.78438227	      2.86748352	     -2.86474772	    -10.00224158	     -6.82692683	     11.60272328	      2.74142215	     -0.02892001	     -0.01765431	     -0.00798406	      0.00000000	      0.00000000	      0.00000000	      0.00874786	      0.02597667	      0.00377889	      0.00000000	      0.00000000	      0.00000000	      0.03025624	      0.02750420	      0.00115602	     17.21709646	    135.77420699	     74.18160046	     14.82346038	      0.00000000	      0.00000000	      0.00000000	      0.00000000	    168.81652639	     54.17634832	    100.31008222	     49.77210398	      0.00000000	      0.00000000	      0.00000000	      0.00000000	     -4.48368189	     -5.36131700	     -7.53982416	     -1.63266699	    -11.49050159	     -1.56927586	      0.00000000	     -4.89301736	      5.87110652	      0.00000000	     -5.56726297	     -3.27101627	     -7.46642698	     -1.45369306	      8.17321540	     -2.98585845	      0.00000000	      1.90301101	     -1.14728037	      0.00000000
      1.23333333	      2.08518395	      2.61393943	    114.90923654	     -0.00818510	      0.27592440	      1.78539156	      1.33555013	     -2.62822110	     -9.03334159	     -8.38055015	      9.39056658	      1.59064162	     -0.03464924	     -0.01328150	     -0.00656560	      0.00000000	      0.00000000	      0.00000000	      0.00175017	      0.03410060	      0.00027539	      0.00000000	      0.00000000	      0.00000000	      0.03072497	      0.02946987	      0.00055012	     28.18577029	    134.66902388	     87.52272704	     24.98264412	      0.00000000	      0.00000000	      0.00000000	      0.00000000	    169.52722417	     56.84881935	    102.03251272	     50.17448866	      0.00000000	      0.00000000	      0.00000000	      0.00000000	     -5.36411848	     -5.19825945	    -10.88502187	     -2.08359864	     -6.81267962	     -1.80243081	      0.00000000	     -4.37102498	      5.50624625	      0.00000000	     -6.98192437	     -3.46342468	     -9.16082680	     -1.35434117	     11.25487045	     -3.12956948	      0.00000000	      1.40365123	     -3.71395775	      0.00000000
      1.26666667	      1.94831247	      3.81765439	    113.54967360	     -0.00854156	      0.27438957	      1.78664907	     -0.08383906	     -2.07346782	     -8.17427944	     -9.28232714	      7.31581844	      2.33853428	     -0.03802357	     -0.00880019	     -0.00160905	      0.00000000	      0.00000000	      0.00000000	      0.00974328	      0.04348468	     -0.00224843	      0.00000000	      0.00000000	      0.00000000	      0.02564112	      0.02938962	     -0.00372500	     39.66031843	    135.86579918	     99.60768177	     39.85451993	      0.00000000	      0.00000000	      0.00000000	      0.00000000	    168.99258110	     59.47676822	    103.49918298	     50.24863834	      0.00000000	      0.00000000	      0.00000000	      0.00000000	     -6.12768474	     -5.13111301	    -12.41500569	     -2.43422098	     -4.37961019	     -1.74655433	      0.00000000	     -3.78642463	      6.16059599	      0.00000000	     -8.57445456	     -3.59451550	    -10.61612313	     -0.97800739	     12.57475932	     -3.23273048	      0.00000000	      1.80068014	     -5.48911978	      0.00000000
      1.30000000	      1.95336806	      4.95292861	    112.33546948	     -0.00811121	      0.27310737	      1.78801270	     -1.30993375	     -1.40717314	     -6.41702965	     -9.99830743	      5.32307486	      0.84607911	     -0.03988760	     -0.00362353	      0.00227274	      0.00000000	      0.00000000	      0.00000000	      0.01845601	      0.04169438	      0.00428998	      0.00000000	      0.00000000	      0.00000000	      0.02346295	      0.02399026	     -0.00970064	     41.87863764	    136.57412419	    100.75353594	     45.23879020	      0.00000000	      0.00000000	      0.00000000	      0.00000000	    169.77389070	     60.57678094	    105.03644588	     49.78292812	      0.00000000	      0.00000000	      0.00000000	      0.00000000	     -6.69238698	     -4.92644976	    -13.48969485	     -2.83316812	     -2.52036445	     -1.74796005	      0.00000000	     -3.63767298	      6.77824646	      0.00000000	     -9.86257630	     -4.11389363	    -11.87052696	     -0.76091841	     12.51462939	     -2.56895301	      0.00000000	      2.48697655	     -6.24248021	      0.00000000
      1.33333333	      1.61289408	      5.98666400	    112.18769045	     -0.00779545	      0.27131615	      1.78906034	     -2.56971064	     -1.34666227	     -5.36582051	     -9.73597634	      6.15602425	     -1.18748718	     -0.03763081	      0.00042001	      0.00086444	      0.00000000	      0.00000000	      0.00000000	      0.01926004	      0.02853392	      0.01168790	      0.00000000	      0.00000000	      0.00000000	      0.02498223	      0.01731309	     -0.01140371	     37.69759927	    134.97447319	     92.60559506	     41.42688155	      0.00000000	      0.00000000	      0.00000000	      0.00000000	    169.87482560	     60.96976368	    104.67707456	     50.77370272	      0.00000000	      0.00000000	      0.00000000	      0.00000000	     -7.66513532	     -5.14108739	    -13.96484526	     -3.11610243	     -1.25563355	     -1.37822851	      0.00000000	     -3.23494559	      6.61019928	      0.00000000	    -11.09225593	     -4.11320065	    -12.68871385	     -0.42108855	     11.94256517	     -2.43374941	      0.00000000	      3.55007886	     -5.32049903	      0.00000000
      1.36666667	      0.78001758	      7.41125752	    112.88908680	     -0.00679326	      0.26966222	      1.78946192	     -4.45063237	     -1.80405118	     -5.82846576	     -9.25958370	      7.48727516	     -2.99488978	     -0.03333316	      0.00333330	     -0.00013492	      0.00000000	      0.00000000	      0.00000000	      0.01223144	      0.01119326	      0.01191969	      0.00000000	      0.00000000	      0.00000000	      0.02773185	      0.01419252	     -0.00529888	     33.55315307	    130.56077750	     76.73138684	     38.00296879	      0.00000000	      0.00000000	      0.00000000	      0.00000000	    164.70137760	     63.07890285	    100.52437036	     56.37614979	      0.00000000	      0.00000000	      0.00000000	      0.00000000	     -9.57910190	     -5.16816115	    -13.07461758	     -2.87540563	     -1.20329466	     -1.44532182	      0.00000000	     -3.16518046	      5.40815069	      0.00000000	    -12.69413754	     -4.09939849	    -12.79257032	     -0.25944185	     10.57915285	     -2.31115890	      0.00000000	      4.68597691	     -2.50336915	      0.00000000
      1.40000000	     -0.10466912	      8.54236611	    113.91471896	     -0.00685767	      0.26798161	      1.79034026	     -6.01750373	     -2.12031508	     -7.68860420	     -8.71988111	      7.65050811	     -2.54871332	     -0.02672150	      0.00341787	      0.00246932	      0.00000000	      0.00000000	      0.00000000	      0.00249432	     -0.00107921	     -0.00647841	      0.00000000	      0.00000000	      0.00000000	      0.03225476	      0.01628295	      0.00456738	     40.64489761	    125.89309399	     74.00742209	     46.06283538	      0.00000000	      0.00000000	      0.00000000	      0.00000000	    148.53767068	     67.77744993	     88.87625405	     68.33428839	      0.00000000	      0.00000000	      0.00000000	      0.00000000	    -11.27050973	     -5.36074739	    -10.86447750	     -2.65757655	     -3.52311660	     -1.34692157	      0.00000000	     -2.78917766	      4.86106661	      0.00000000	    -13.91370485	     -3.85149406	    -13.14325306	     -0.27845102	     10.65356160	     -2.60600045	      0.00000000	      5.83696538	     -0.84523648	      0.00000000
      1.43333333	     -0.64672619	      9.19696717	    114.09898771	     -0.00541698	      0.26659169	      1.79172323	     -7.29386560	     -2.66156383	     -8.68579150	     -8.08236828	      8.71923893	     -4.47291945	     -0.02084013	      0.00298764	     -0.00131444	      0.00000000	      0.00000000	      0.00000000	     -0.00473621	     -0.00709816	     -0.02716586	      0.00000000	      0.00000000	      0.00000000	      0.03456446	      0.01119409	      0.00552054	     62.14396493	    123.45143529	     89.22509402	     64.68233888	      0.00000000	      0.00000000	      0.00000000	      0.00000000	    129.99789351	     71.78885808	     74.28296069	     78.83677248	      0.00000000	      0.00000000	      0.00000000	      0.00000000	    -11.90712437	     -5.36558196	     -9.81235736	     -2.76819793	     -5.46658982	     -1.74800384	      0.00000000	     -1.70945663	      5.98538303	      0.00000000	    -14.64514820	     -3.74984243	    -15.46423601	     -0.36290279	     14.85791219	     -2.79067388	      0.00000000	      6.25153222	     -2.95028781	      0.00000000
      1.46666667	     -1.51282898	     10.84183200	    113.84399408	     -0.00420507	      0.26553459	      1.79227676	     -9.82937318	     -3.29589881	     -8.77936121	     -7.49819644	      9.04246116	     -7.37537950	     -0.01586024	      0.00230848	     -0.00453497	      0.00000000	      0.00000000	      0.00000000	     -0.00015450	     -0.01312859	     -0.04013742	      0.00000000	      0.00000000	      0.00000000	      0.02597894	     -0.00331221	      0.00330757	     85.54606012	    127.30230020	    109.24934572	     85.00510673	      0.00000000	      0.00000000	      0.00000000	      0.00000000	    109.00106571	     73.31084101	     55.86847928	     86.37238462	      0.00000000	      0.00000000	      0.00000000	      0.00000000	    -13.74737602	     -5.58833429	    -11.53801341	     -2.54263415	     -5.64712460	     -1.80403802	      0.00000000	     -0.64131252	      7.83933416	      0.00000000	    -16.78209718	     -3.71100160	    -16.79412160	      0.20427379	     14.89690267	     -2.41645454	      0.00000000	      7.33646088	     -1.35309664	      0.00000000
      1.50000000	     -2.26598652	     13.52761934	    113.20519142	     -0.00458057	      0.26457077	      1.79209931	    -13.42963693	     -3.27089613	     -9.70478263	     -8.07805875	      7.29990370	     -7.14702396	     -0.01604351	      0.00293492	     -0.00019376	      0.00000000	      0.00000000	      0.00000000	      0.00503777	     -0.01802310	     -0.03856220	      0.00000000	      0.00000000	      0.00000000	     -0.00387687	     -0.02143400	      0.00680802	    104.79906667	    130.39691610	    125.98361486	    101.23463380	      0.00000000	      0.00000000	      0.00000000	      0.00000000	     85.53593401	     69.20438272	     33.97414439	     91.80028328	      0.00000000	      0.00000000	      0.00000000	      0.00000000	    -16.82613006	     -5.63910186	    -15.02977182	     -1.86459574	     -3.13715729	     -1.56524472	      0.00000000	     -0.29427787	      9.13627554	      0.00000000	    -20.17595785	     -3.78491891	    -19.03507543	      1.17100257	     14.89690267	     -2.08830130	      0.00000000	      8.08953503	      0.72351231	      0.00000000
      1.53333333	     -2.34852711	     15.59542689	    111.76688011	     -0.00507469	      0.26327936	      1.79018898	    -15.82727939	     -3.15325352	     -8.67492218	     -9.48068497	      4.35769916	     -9.02840443	     -0.01701205	      0.00513580	      0.00533396	      0.00000000	      0.00000000	      0.00000000	     -0.00320002	     -0.01697282	     -0.03337510	      0.00000000	      0.00000000	      0.00000000	     -0.03088642	     -0.02539620	      0.02241220	    123.18850283	    136.18120802	    143.47260877	    112.24051772	      0.00000000	      0.00000000	      0.00000000	      0.00000000	     62.21168022	     59.64356420	     10.77407891	     99.25932572	      0.00000000	      0.00000000	      0.00000000	      0.00000000	    -19.07312825	     -5.40225425	    -18.52301109	     -1.03575183	      1.33467172	     -1.55416830	      0.00000000	     -0.22423518	      9.93335193	      0.00000000	    -23.02811165	     -3.94905010	    -21.79122725	      2.34567777	     14.89690267	     -1.46384232	      0.00000000	      8.34951520	      2.12105156	      0.00000000
      1.56666667	     -2.15684197	     17.63931099	    110.26476771	     -0.00616888	      0.26181289	      1.78722562	    -18.02268633	     -2.77388061	     -7.12410211	    -11.57931646	      1.44001914	    -11.44498191	     -0.02025999	      0.00980396	      0.01038037	      0.00000000	      0.00000000	      0.00000000	     -0.01730730	     -0.01291737	     -0.02859285	      0.00000000	      0.00000000	      0.00000000	     -0.03376225	     -0.01160583	      0.03595759	    138.60431336	    144.18492014	    158.37345427	    119.26189395	      0.00000000	      0.00000000	      0.00000000	      0.00000000	     43.86428574	     44.13444718	    -10.12934430	    108.72243713	      0.00000000	      0.00000000	      0.00000000	      0.00000000	    -21.27645434	     -4.98562603	    -20.47652546	     -0.23027429	      5.20226627	     -1.46374734	      0.00000000	     -0.62870838	     10.27909128	      0.00000000	    -25.95747242	     -4.20951770	    -23.61416402	      3.64168823	     14.89690267	     -0.80464235	      0.00000000	      7.92748019	      1.75840925	      0.00000000
      1.60000000	     -2.08793601	     18.76302280	    109.75343827	     -0.00921667	      0.25989666	      1.78383770	    -19.08810671	     -2.10315600	     -6.63746502	    -13.59585542	     -1.84483808	    -14.33023614	     -0.02165930	      0.01411551	      0.01325494	      0.00000000	      0.00000000	      0.00000000	     -0.02758508	     -0.01374159	     -0.02746958	      0.00000000	      0.00000000	      0.00000000	     -0.01613390	     -0.00513151	      0.03278580	    148.67789341	    153.06750124	    169.10674517	    124.07553966	      0.00000000	      0.00000000	      0.00000000	      0.00000000	     32.51129313	     29.44840344	    -27.69812800	    114.02054315	      0.00000000	      0.00000000	      0.00000000	      0.00000000	    -22.98026561	     -4.85232978	    -21.68817821	      0.66833595	      7.60188539	     -1.10415517	      0.00000000	     -0.68626559	      9.93533863	      0.00000000	    -27.79464875	     -4.06434914	    -23.89767890	      4.58392331	     14.89690267	     -0.91768120	      0.00000000	      7.26527335	      1.11844386	      0.00000000
      1.63333333	     -2.21975433	     19.55038479	    109.37361362	     -0.01096863	      0.25810239	      1.78096091	    -20.03846540	     -1.87159139	     -6.46119092	    -15.47495386	     -4.12328888	    -16.42926861	     -0.02398316	      0.01901998	      0.01695821	      0.00000000	      0.00000000	      0.00000000	     -0.02673374	     -0.01692942	     -0.02054824	      0.00000000	      0.00000000	      0.00000000	     -0.01102401	     -0.00965670	      0.02121656	    156.50820943	    162.75158279	    178.02864313	    128.51002118	      0.00000000	      0.00000000	      0.00000000	      0.00000000	     27.21656646	     23.01615081	    -40.71010134	    112.11945442	      0.00000000	      0.00000000	      0.00000000	      0.00000000	    -24.18056543	     -4.74956113	    -22.53032712	      1.16847479	      9.35863850	     -1.30677684	      0.00000000	     -0.25099836	      9.61298172	      0.00000000	    -29.04382350	     -3.92408352	    -22.58035916	      4.69354632	     14.89690267	     -1.29807985	      0.00000000	      6.84774073	      0.53391451	      0.00000000
      1.66666667	     -2.60198032	     20.14101781	    109.20958613	     -0.01279711	      0.25666995	      1.77912115	    -21.01173984	     -1.71659986	     -7.07724427	    -15.99380638	     -4.92741897	    -17.47330088	     -0.02386258	      0.02154205	      0.01623694	      0.00000000	      0.00000000	      0.00000000	     -0.01642360	     -0.02261351	     -0.01519453	      0.00000000	      0.00000000	      0.00000000	     -0.01573295	     -0.01338316	      0.01494554	    160.58587260	    173.30100271	    183.75201071	    130.59101673	      0.00000000	      0.00000000	      0.00000000	      0.00000000	     25.95741781	     20.01665709	    -47.59605455	    110.16709373	      0.00000000	      0.00000000	      0.00000000	      0.00000000	    -25.14586522	     -4.97421923	    -23.07709352	      1.40683323	      9.61718527	     -1.33188185	      0.00000000	      0.29590323	      9.36550601	      0.00000000	    -29.93669104	     -3.34851589	    -21.55565982	      4.59313274	     14.89690267	     -1.96127505	      0.00000000	      6.57470400	     -0.01155923	      0.00000000
      1.70000000	     -2.86960401	     20.61876484	    108.67702362	     -0.01372824	      0.25590005	      1.77799958	    -21.92379711	     -1.69665892	     -7.74559349	    -15.28154376	     -4.31844505	    -17.40769080	     -0.02110870	      0.02154944	      0.01260561	      0.00000000	      0.00000000	      0.00000000	     -0.00949761	     -0.02780332	     -0.01249200	      0.00000000	      0.00000000	      0.00000000	     -0.02066672	     -0.01545765	      0.01507401	    162.38243448	    182.02136095	    185.10087737	    127.31329244	      0.00000000	      0.00000000	      0.00000000	      0.00000000	     26.95885046	     16.23267865	    -49.09883083	    109.62477242	      0.00000000	      0.00000000	      0.00000000	      0.00000000	    -25.72293521	     -5.30140849	    -23.09592901	      1.41725406	      9.37625173	     -1.18165686	      0.00000000	      0.66826943	      9.05053313	      0.00000000	    -30.63567706	     -2.64064589	    -21.36838696	      4.58243666	     14.89690267	     -2.56468560	      0.00000000	      6.60067686	     -0.22564412	      0.00000000
      1.73333333	     -2.95792894	     20.92807502	    107.95376516	     -0.01374426	      0.25584626	      1.77725644	    -22.70008727	     -1.86466535	     -8.32007255	    -14.17756562	     -2.40802587	    -16.39371273	     -0.01779278	      0.02074459	      0.00739219	      0.00000000	      0.00000000	      0.00000000	     -0.00965854	     -0.02929119	     -0.01093812	      0.00000000	      0.00000000	      0.00000000	     -0.02077759	     -0.01755849	      0.01829823	    163.65903840	    186.66182004	    183.23100329	    120.38277855	      0.00000000	      0.00000000	      0.00000000	      0.00000000	     28.31593044	     11.09910618	    -47.19274713	    107.21956778	      0.00000000	      0.00000000	      0.00000000	      0.00000000	    -25.85123857	     -5.62883719	    -22.56749728	      1.19888767	      9.16210351	     -0.90589798	      0.00000000	      0.53009424	      8.32649277	      0.00000000	    -31.11123510	     -2.08830697	    -22.39598794	      4.81952360	     14.89690267	     -2.60218166	      0.00000000	      6.74652805	     -0.40683577	      0.00000000
      1.76666667	     -2.42399297	     21.29267949	    106.06527572	     -0.01238415	      0.25643226	      1.77725959	    -23.56170451	     -2.11558759	     -8.15054321	    -12.70964493	     -0.21171159	    -14.23530629	     -0.01536451	      0.01912985	      0.00414410	      0.00000000	      0.00000000	      0.00000000	     -0.01274834	     -0.03046097	     -0.00884308	      0.00000000	      0.00000000	      0.00000000	     -0.01945790	     -0.01718260	      0.02132348	    164.65821973	    187.05125836	    180.26398917	    114.36022328	      0.00000000	      0.00000000	      0.00000000	      0.00000000	     28.75089468	      6.80423886	    -43.58973986	    100.92322900	      0.00000000	      0.00000000	      0.00000000	      0.00000000	    -25.14278077	     -5.72304733	    -19.02139968	      0.19258546	      9.19982409	     -1.13528344	      0.00000000	      0.13620160	      5.46455580	      0.00000000	    -31.57805675	     -1.95805248	    -25.64983311	      5.07870759	     14.89690267	     -1.81195228	      0.00000000	      7.34189069	      0.78345511	      0.00000000
      1.80000000	     -2.00635994	     21.04684600	    104.79009392	     -0.01095189	      0.25735581	      1.77722815	    -23.68084869	     -2.61619487	     -7.62463591	    -12.06457768	      2.41681828	    -12.54966933	     -0.01330665	      0.01770969	      0.00068797	      0.00000000	      0.00000000	      0.00000000	     -0.01590870	     -0.03218692	     -0.00698947	      0.00000000	      0.00000000	      0.00000000	     -0.01556481	     -0.01270628	      0.01888508	    165.00799447	    186.64687966	    176.79012983	    111.87024380	      0.00000000	      0.00000000	      0.00000000	      0.00000000	     27.95481872	      5.27325341	    -42.17620383	     93.07438474	      0.00000000	      0.00000000	      0.00000000	      0.00000000	    -23.92474012	     -5.99239503	    -16.52259774	     -0.97697617	      8.84553117	     -1.26236965	      0.00000000	      0.41151783	      5.04142200	      0.00000000	    -31.32459888	     -2.00884943	    -27.58468216	      4.95320569	     14.89690267	     -1.10534774	      0.00000000	      7.69275084	      1.70707532	      0.00000000
      1.83333333	     -1.51530358	     20.68313547	    103.33923158	     -0.00924563	      0.25821174	      1.77703369	    -23.48519716	     -3.31147823	     -6.02830735	    -11.84368300	      4.74931928	    -11.45574116	     -0.01090719	      0.01574915	     -0.00044537	      0.00000000	      0.00000000	      0.00000000	     -0.01836673	     -0.03446054	     -0.00553863	      0.00000000	      0.00000000	      0.00000000	     -0.00910356	     -0.00815450	      0.01502946	    164.49968935	    186.45040148	    174.48692196	    111.70841416	      0.00000000	      0.00000000	      0.00000000	      0.00000000	     28.24759486	      5.57582990	    -44.18816103	     88.90562300	      0.00000000	      0.00000000	      0.00000000	      0.00000000	    -22.60671709	     -6.20954516	    -11.42991617	     -2.01098187	      4.36168210	     -1.20481200	      0.00000000	      1.58503411	      6.53422883	      0.00000000	    -31.01719662	     -2.05253280	    -30.20967216	      4.81376195	     14.89690267	     -0.54963080	      0.00000000	      8.29640011	      3.88488983	      0.00000000
      1.86666667	     -1.97145719	     21.21029853	    103.51113442	     -0.00829084	      0.25939518	      1.77695047	    -24.53250167	     -4.30482941	     -5.83401133	    -12.65537978	      6.79214832	     -9.34351924	     -0.01176745	      0.01561347	      0.00221023	      0.00000000	      0.00000000	      0.00000000	     -0.01776231	     -0.03619672	     -0.00364806	      0.00000000	      0.00000000	      0.00000000	     -0.00700772	     -0.00548180	      0.01253609	    163.72776941	    186.30402573	    176.08927995	    111.91266651	      0.00000000	      0.00000000	      0.00000000	      0.00000000	     29.58879005	      7.38340505	    -47.78747647	     88.01775598	      0.00000000	      0.00000000	      0.00000000	      0.00000000	    -23.19433785	     -6.55419272	     -8.99951803	     -2.05101142	      0.83005127	     -0.92933223	      0.00000000	      1.93050430	      7.93132238	      0.00000000	    -31.32044240	     -1.96433064	    -29.99079360	      4.08701320	     14.89690267	     -0.70863145	      0.00000000	      8.00790936	      3.30482421	      0.00000000
      1.90000000	     -1.98742543	     21.87038106	    103.72968759	     -0.00858196	      0.26017216	      1.77735973	    -25.51015428	     -4.42512764	     -5.17982664	    -13.72277828	      8.08664771	     -8.46764546	     -0.01211752	      0.01556841	      0.00234709	      0.00000000	      0.00000000	      0.00000000	     -0.01944438	     -0.03630158	     -0.00562193	      0.00000000	      0.00000000	      0.00000000	     -0.00420419	     -0.00543083	      0.01108365	    161.98434045	    185.42657277	    181.19676127	    111.85979351	      0.00000000	      0.00000000	      0.00000000	      0.00000000	     29.20304795	      9.27125882	    -50.98442760	     87.30257472	      0.00000000	      0.00000000	      0.00000000	      0.00000000	    -23.76694099	     -6.29973663	     -6.79567904	     -2.13048462	     -1.92860737	     -0.84221619	      0.00000000	      1.56516989	      7.85167234	      0.00000000	    -31.67371459	     -2.07653592	    -29.56688377	      3.55723907	     14.89690267	     -1.14428769	      0.00000000	      7.44832793	      1.59883849	      0.00000000
      1.93333333	     -2.01704907	     22.19505598	    104.05145238	     -0.00917039	      0.26051442	      1.77867406	    -26.20459086	     -4.65791464	     -4.30467560	    -15.34302098	      8.79292306	     -9.11433954	     -0.01350207	      0.01707728	      0.00243782	      0.00000000	      0.00000000	      0.00000000	     -0.02360582	     -0.03529034	     -0.00470596	      0.00000000	      0.00000000	      0.00000000	     -0.00036645	     -0.00550999	      0.01409147	    161.26171902	    183.33928932	    187.76787381	    112.71610064	      0.00000000	      0.00000000	      0.00000000	      0.00000000	     27.41705562	     10.25923005	    -52.39855824	     84.40999345	      0.00000000	      0.00000000	      0.00000000	      0.00000000	    -23.68939672	     -5.92950332	     -6.35288255	     -2.71600139	     -2.24498468	     -1.35172585	      0.00000000	      1.06881598	      7.48405564	      0.00000000	    -31.57142546	     -1.99081777	    -29.36437762	      3.02793099	     14.89690267	     -1.86558125	      0.00000000	      6.97184113	      0.92073948	      0.00000000
      1.96666667	     -1.96507391	     22.30967331	    104.26293846	     -0.01083438	      0.25997564	      1.78061732	    -26.60422467	     -4.58816136	     -3.28406657	    -17.39907249	      8.69444155	    -10.16687596	     -0.01537545	      0.02054535	      0.00072293	      0.00000000	      0.00000000	      0.00000000	     -0.03064686	     -0.03144898	     -0.00470583	      0.00000000	      0.00000000	      0.00000000	      0.00601669	     -0.00354620	      0.01604633	    160.58301378	    180.48332352	    192.92849843	    113.06175200	      0.00000000	      0.00000000	      0.00000000	      0.00000000	     24.12304680	      9.46479046	    -51.42299178	     79.45453436	      0.00000000	      0.00000000	      0.00000000	      0.00000000	    -23.17247053	     -5.70829736	     -5.85567700	     -3.67857528	     -1.74194944	     -1.89363480	      0.00000000	      0.76361028	      7.16030063	      0.00000000	    -31.43261166	     -1.80138670	    -28.63330082	      2.93714804	     14.89690267	     -2.55668551	      0.00000000	      6.92841971	      0.38311017	      0.00000000
      2.00000000	     -1.97683308	     22.02231753	    104.38986460	     -0.01288516	      0.25903469	      1.78339216	    -26.71439051	     -4.58313701	     -2.30340588	    -20.01649290	      7.93177183	    -12.39333149	     -0.01885364	      0.02610083	     -0.00293126	      0.00000000	      0.00000000	      0.00000000	     -0.03552645	     -0.02819689	     -0.00554212	      0.00000000	      0.00000000	      0.00000000	      0.01150175	     -0.00018942	      0.01797136	    160.09377702	    178.98182931	    195.50856992	    111.06947965	      0.00000000	      0.00000000	      0.00000000	      0.00000000	     21.29183722	      8.05390794	    -48.41231912	     74.63380444	      0.00000000	      0.00000000	      0.00000000	      0.00000000	    -22.19035615	     -5.92261654	     -5.88706103	     -4.75076565	     -1.14442351	     -1.98969685	      0.00000000	      0.92307319	      7.42393698	      0.00000000	    -30.95633190	     -1.45438043	    -27.74113614	      3.01190900	     14.89690267	     -3.23702897	      0.00000000	      7.70527604	      0.78744509	      0.00000000
      2.03333333	     -1.87181169	     20.85384926	    104.56591391	     -0.01506154	      0.25817182	      1.78706248	    -25.96636781	     -4.47999642	     -1.73699006	    -22.43875035	      6.52886498	    -14.49118537	     -0.02194045	      0.03010909	     -0.00683463	      0.00000000	      0.00000000	      0.00000000	     -0.03874582	     -0.02678582	     -0.00939045	      0.00000000	      0.00000000	      0.00000000	      0.01273058	      0.00291975	      0.01772221	    159.50331951	    178.80278184	    196.80239987	    103.01036018	      0.00000000	      0.00000000	      0.00000000	      0.00000000	     19.65065436	      7.88969450	    -46.29679153	     70.92025647	      0.00000000	      0.00000000	      0.00000000	      0.00000000	    -20.34904088	     -6.38540434	     -6.53217098	     -5.71183615	     -0.82248336	     -1.70022236	      0.00000000	      1.19191051	      7.97762072	      0.00000000	    -29.41809468	     -1.16877671	    -27.05692076	      2.83450998	     14.89690267	     -3.73997881	      0.00000000	      9.10377360	      1.84506760	      0.00000000
      2.06666667	     -1.65744604	     20.05957641	    104.64476298	     -0.01681105	      0.25748406	      1.79032321	    -25.55517274	     -4.25073102	     -1.26665928	    -25.34840584	      5.26823807	    -16.12504441	     -0.02613677	      0.03526847	     -0.01009314	      0.00000000	      0.00000000	      0.00000000	     -0.04357983	     -0.02577267	     -0.01162460	      0.00000000	      0.00000000	      0.00000000	      0.01218680	      0.00367023	      0.01732291	    160.35534174	    177.56239831	    198.71559680	     88.31278834	      0.00000000	      0.00000000	      0.00000000	      0.00000000	     20.04220453	      9.43130620	    -47.69059163	     69.39847237	      0.00000000	      0.00000000	      0.00000000	      0.00000000	    -18.94824024	     -6.71778774	     -6.89212328	     -6.51218282	     -1.20308927	     -1.05546442	      0.00000000	      1.41398329	      7.48840877	      0.00000000	    -28.20696264	     -1.18986654	    -26.60782764	      2.31571527	     14.89690267	     -3.79846293	      0.00000000	     10.06465720	      1.90816378	      0.00000000
      2.10000000	     -1.17840757	     19.18654360	    104.39221413	     -0.01846590	      0.25671849	      1.79306893	    -24.94743975	     -3.83911822	     -1.02379553	    -28.07691564	      4.12888547	    -16.35422286	     -0.03000444	      0.03936828	     -0.01206246	      0.00000000	      0.00000000	      0.00000000	     -0.05177404	     -0.02804708	     -0.01090687	      0.00000000	      0.00000000	      0.00000000	      0.01056964	      0.00010204	      0.01414892	    162.33050010	    174.13684647	    201.99308439	     72.72741599	      0.00000000	      0.00000000	      0.00000000	      0.00000000	     21.17806718	     12.33730603	    -51.70663829	     68.59811827	      0.00000000	      0.00000000	      0.00000000	      0.00000000	    -17.30709140	     -6.88902311	     -6.58879060	     -7.41499542	     -1.51629635	     -0.47145231	      0.00000000	      1.70223491	      6.22813870	      0.00000000	    -26.96436585	     -1.37816567	    -26.66401061	      1.70564301	     14.89690267	     -3.41847669	      0.00000000	     10.31437028	      0.84484843	      0.00000000
      2.13333333	     -0.50206996	     18.35503109	    103.53524215	     -0.02004352	      0.25565346	      1.79487052	    -24.26803033	     -3.47188886	     -0.79556426	    -30.75538364	      2.93645754	    -15.02718172	     -0.03368705	      0.04360715	     -0.01113277	      0.00000000	      0.00000000	      0.00000000	     -0.05703261	     -0.03096474	     -0.00765706	      0.00000000	      0.00000000	      0.00000000	      0.01100683	     -0.00513566	      0.00792819	    164.53842934	    171.58708911	    205.77608668	     63.64401218	      0.00000000	      0.00000000	      0.00000000	      0.00000000	     21.35839582	     14.77775482	    -55.35475802	     67.10928750	      0.00000000	      0.00000000	      0.00000000	      0.00000000	    -15.48525582	     -6.96448355	     -5.67299132	     -8.42168881	     -1.70758940	     -0.02426513	      0.00000000	      2.07828234	      5.03592191	      0.00000000	    -26.01775231	     -1.42407129	    -27.21289584	      1.48883754	     14.89690267	     -3.09821510	      0.00000000	     10.01474949	     -0.53156911	      0.00000000
      2.16666667	      0.20937954	     17.58418878	    102.17816852	     -0.02187907	      0.25428793	      1.79566795	    -23.60702815	     -3.26180370	     -0.63687547	    -33.34898114	      1.34156189	    -12.61555283	     -0.03646960	      0.04883405	     -0.00686650	      0.00000000	      0.00000000	      0.00000000	     -0.05737243	     -0.02948699	     -0.00422502	      0.00000000	      0.00000000	      0.00000000	      0.01380383	     -0.00858005	      0.00178314	    166.11066354	    170.96547837	    209.03088076	     61.62702783	      0.00000000	      0.00000000	      0.00000000	      0.00000000	     20.36154283	     15.20227287	    -56.83600956	     65.07351312	      0.00000000	      0.00000000	      0.00000000	      0.00000000	    -13.57448357	     -7.04891693	     -4.38348720	     -9.55608718	     -2.17673296	      0.37665944	      0.00000000	      2.30787829	      4.68392294	      0.00000000	    -25.49347976	     -1.10971788	    -28.19540765	      1.98517446	     14.89690267	     -3.17255271	      0.00000000	      9.89112418	     -0.62395662	      0.00000000
      2.20000000	      0.78074156	     17.04641239	    100.84851830	     -0.02405766	      0.25304830	      1.79591386	    -23.35812465	     -3.20257781	     -0.96544376	    -35.39831901	     -0.23346830	    -10.22781966	     -0.03787684	      0.05435527	     -0.00186630	      0.00000000	      0.00000000	      0.00000000	     -0.05414979	     -0.02585233	     -0.00157802	      0.00000000	      0.00000000	      0.00000000	      0.01676199	     -0.00831544	     -0.00045604	    166.85841230	    171.25267606	    211.37147436	     63.78802726	      0.00000000	      0.00000000	      0.00000000	      0.00000000	     19.44101525	     13.29005430	    -55.70942905	     64.55636535	      0.00000000	      0.00000000	      0.00000000	      0.00000000	    -11.86666822	     -7.09335793	     -3.01621058	    -10.89697970	     -3.17043134	      0.70516589	      0.00000000	      2.24260353	      5.13504173	      0.00000000	    -25.39455419	     -0.57028457	    -29.46275247	      2.91927794	     14.89690267	     -3.53757550	      0.00000000	     10.36821945	      1.49095284	      0.00000000
      2.23333333	      0.99642100	     16.91715253	    100.25669124	     -0.02612018	      0.25267353	      1.79662724	    -23.92700292	     -3.30886662	     -1.73929073	    -36.06398810	     -0.76091069	     -8.85207797	     -0.03714171	      0.05723014	      0.00111559	      0.00000000	      0.00000000	      0.00000000	     -0.05367432	     -0.02357663	     -0.00084367	      0.00000000	      0.00000000	      0.00000000	      0.01898104	     -0.00424802	      0.00178043	    166.78320945	    171.40928968	    212.29814016	     67.18876984	      0.00000000	      0.00000000	      0.00000000	      0.00000000	     19.80964502	     10.30714450	    -53.90868136	     66.97617279	      0.00000000	      0.00000000	      0.00000000	      0.00000000	    -10.65373833	     -7.09198762	     -2.08858442	    -12.47250644	     -3.86995835	      0.76775663	      0.00000000	      1.83452204	      5.26168720	      0.00000000	    -25.47735103	     -0.27101191	    -30.29069812	      3.35763875	     14.89690267	     -3.57055564	      0.00000000	     11.06160114	      3.83915075	      0.00000000
      2.26666667	      1.04237501	     17.06185994	    100.32521870	     -0.02824654	      0.25340708	      1.79903483	    -25.27836782	     -3.29516401	     -2.81932192	    -35.32344646	     -0.39107317	     -7.77496023	     -0.03612249	      0.05661435	      0.00342645	      0.00000000	      0.00000000	      0.00000000	     -0.05592928	     -0.02199596	     -0.00274213	      0.00000000	      0.00000000	      0.00000000	      0.01746815	      0.00101183	      0.00693897	    165.61267628	    172.25380001	    211.74321414	     71.64206305	      0.00000000	      0.00000000	      0.00000000	      0.00000000	     21.81633679	      7.88085437	    -52.81424125	     71.55978472	      0.00000000	      0.00000000	      0.00000000	      0.00000000	     -9.58523847	     -6.95395008	     -1.49089959	    -14.42380078	     -3.74357715	      0.40806731	      0.00000000	      1.41005819	      4.86879444	      0.00000000	    -25.35089325	     -0.30622611	    -30.52624778	      2.90364943	     14.89690267	     -3.47969384	      0.00000000	     11.77154069	      4.90035012	      0.00000000
      2.30000000	      1.08984186	     16.93127191	    101.27501141	     -0.03014754	      0.25517366	      1.80191101	    -26.38563866	     -3.03146738	     -4.64322070	    -34.13276429	      0.18617647	     -6.28364773	     -0.03350248	      0.05362042	      0.00805661	      0.00000000	      0.00000000	      0.00000000	     -0.05603263	     -0.02037315	     -0.00378490	      0.00000000	      0.00000000	      0.00000000	      0.01580286	      0.00436021	      0.01245032	    164.27266479	    175.45420258	    210.01701973	     77.63288596	      0.00000000	      0.00000000	      0.00000000	      0.00000000	     24.39550195	      5.79773819	    -52.08318047	     76.61431850	      0.00000000	      0.00000000	      0.00000000	      0.00000000	     -8.47010545	     -6.68106597	     -1.25523494	    -16.22245041	     -3.18516237	      0.04806892	      0.00000000	      1.15298665	      3.34213695	      0.00000000	    -24.92244788	     -0.81273675	    -30.85243091	      2.69205855	     14.89690267	     -2.97983495	      0.00000000	     11.78066269	      6.02385586	      0.00000000
      2.33333333	      1.32605103	     16.83850786	    102.28944977	     -0.03149426	      0.25779961	      1.80600132	    -27.74374902	     -2.51349452	     -6.22399781	    -32.21654728	      1.45080865	     -4.50876790	     -0.03179269	      0.04801898	      0.01220409	      0.00000000	      0.00000000	      0.00000000	     -0.05300438	     -0.01903714	     -0.00406229	      0.00000000	      0.00000000	      0.00000000	      0.01197488	      0.00617078	      0.01541349	    162.76426024	    180.26890906	    207.65714604	     84.43856335	      0.00000000	      0.00000000	      0.00000000	      0.00000000	     25.91619544	      5.66213052	    -52.01533064	     78.87267928	      0.00000000	      0.00000000	      0.00000000	      0.00000000	     -7.29126056	     -6.27011702	     -1.62598564	    -18.02754171	     -2.26473073	     -0.34190147	      0.00000000	      0.70646211	      2.21285190	      0.00000000	    -24.21565791	     -1.64818768	    -30.94156065	      2.16752229	     14.89690267	     -2.53266508	      0.00000000	     11.44858597	      6.33205436	      0.00000000
      2.36666667	      2.00547616	     16.76592193	    102.66605850	     -0.03207399	      0.26081656	      1.81046870	    -29.01276305	     -1.66918824	     -7.13128048	    -30.59040900	      2.74797038	     -2.47237291	     -0.03154458	      0.04315577	      0.01425721	      0.00000000	      0.00000000	      0.00000000	     -0.04470660	     -0.01855459	     -0.00436003	      0.00000000	      0.00000000	      0.00000000	      0.00958915	      0.00723746	      0.01409523	    161.48884101	    185.07530502	    205.46735697	     90.68602809	      0.00000000	      0.00000000	      0.00000000	      0.00000000	     25.40929044	      6.12250318	    -52.04793864	     78.27480593	      0.00000000	      0.00000000	      0.00000000	      0.00000000	     -5.90780093	     -5.75909699	     -2.97415529	    -19.80123456	     -1.00018617	     -0.62920876	      0.00000000	     -0.05051440	      2.58342038	      0.00000000	    -23.49215972	     -2.76561490	    -30.86719788	      1.76262200	     14.89690267	     -2.04192253	      0.00000000	     10.48395035	      6.04141662	      0.00000000
      2.40000000	      3.25497366	     16.77101929	    101.74320126	     -0.03191210	      0.26378356	      1.81394213	    -30.12731827	     -0.63253810	     -6.95181041	    -29.30976771	      3.45620775	      0.03724410	     -0.03293839	      0.03935455	      0.01444946	      0.00000000	      0.00000000	      0.00000000	     -0.03460969	     -0.01784802	     -0.00642099	      0.00000000	      0.00000000	      0.00000000	      0.00972767	      0.00741258	      0.01080398	    160.40563440	    188.09529363	    204.31814202	     94.88750631	      0.00000000	      0.00000000	      0.00000000	      0.00000000	     23.69450422	      5.68327533	    -51.16940777	     77.00751609	      0.00000000	      0.00000000	      0.00000000	      0.00000000	     -4.18128080	     -5.07554573	     -4.83933893	    -21.84581579	      1.05388512	     -1.13137675	      0.00000000	     -0.82017212	      5.43396853	      0.00000000	    -23.15163013	     -4.10145280	    -31.17975752	      1.71657424	     14.89690267	     -1.30955994	      0.00000000	      9.15557731	      4.96135731	      0.00000000
      2.43333333	      4.68996567	     16.84628846	     99.71512877	     -0.03040162	      0.26628935	      1.81620191	    -31.24175156	      0.10981957	     -5.96238716	    -28.27724777	      3.69942950	      2.50578397	     -0.03526109	      0.03676087	      0.01308011	      0.00000000	      0.00000000	      0.00000000	     -0.02962226	     -0.01542472	     -0.00686512	      0.00000000	      0.00000000	      0.00000000	      0.01371391	      0.00649984	      0.00947123	    160.11867505	    188.38417921	    205.19767187	     96.20202359	      0.00000000	      0.00000000	      0.00000000	      0.00000000	     22.52653952	      3.79085090	    -49.15018795	     77.66060864	      0.00000000	      0.00000000	      0.00000000	      0.00000000	     -2.29648914	     -4.53991641	     -5.74768562	    -24.24186292	      4.02081597	     -1.50600523	      0.00000000	     -1.56751565	      8.55227234	      0.00000000	    -23.23384445	     -5.35356030	    -32.40964821	      1.66646579	     14.89690267	     -0.46414075	      0.00000000	      8.17011505	      3.67264359	      0.00000000
      2.46666667	      5.96849930	     16.78135464	     97.21951366	     -0.02759388	      0.26832022	      1.81665266	    -32.21436183	      0.37371329	     -4.53092279	    -27.51410252	      3.44348009	      4.33237946	     -0.03783091	      0.03542511	      0.01141032	      0.00000000	      0.00000000	      0.00000000	     -0.03190916	     -0.01352603	     -0.00479691	      0.00000000	      0.00000000	      0.00000000	      0.01963188	      0.00489530	      0.01244535	    160.75239601	    187.17213008	    207.53744979	     95.26579479	      0.00000000	      0.00000000	      0.00000000	      0.00000000	     23.07030279	      1.60038700	    -47.35363157	     80.54013150	      0.00000000	      0.00000000	      0.00000000	      0.00000000	     -0.40378882	     -4.13852606	     -5.76076339	    -26.71855339	      7.90015630	     -2.05504052	      0.00000000	     -1.83751430	     10.37077854	      0.00000000	    -23.47782592	     -6.39476326	    -34.52673108	      1.40082850	     14.89690267	      0.56470892	      0.00000000	      7.96140457	      2.73638486	      0.00000000
      2.50000000	      6.82866020	     16.51899146	     94.99201568	     -0.02321732	      0.26988303	      1.81559445	    -32.98897478	      0.12238237	     -3.27923944	    -26.64057083	      3.08595292	      5.28536579	     -0.03872946	      0.03472216	      0.01070626	      0.00000000	      0.00000000	      0.00000000	     -0.03669931	     -0.01358968	     -0.00217867	      0.00000000	      0.00000000	      0.00000000	      0.02449532	      0.00373690	      0.01722266	    162.35326502	    186.33112651	    209.22104417	     93.56792315	      0.00000000	      0.00000000	      0.00000000	      0.00000000	     24.84488611	      0.03947139	    -47.11647866	     84.30118304	      0.00000000	      0.00000000	      0.00000000	      0.00000000	      1.23959878	     -3.78719787	     -5.35737353	    -28.98363736	     12.00299221	     -2.83194739	      0.00000000	     -1.24190477	     10.20460887	      0.00000000	    -23.54729366	     -7.24461081	    -37.20838703	      0.74802110	     14.89690267	      1.68454049	      0.00000000	      8.41241538	      2.98376120	      0.00000000
      2.53333333	      7.06301354	     16.18137492	     94.03194909	     -0.01767362	      0.27109049	      1.81332401	    -33.80711065	     -0.32800762	     -2.93746465	    -25.33666816	      3.22998688	      4.66891274	     -0.03838613	      0.03339580	      0.00942471	      0.00000000	      0.00000000	      0.00000000	     -0.03963502	     -0.01638272	     -0.00245075	      0.00000000	      0.00000000	      0.00000000	      0.02623039	      0.00309908	      0.01965939	    164.02568448	    187.09766649	    208.86346377	     93.22556393	      0.00000000	      0.00000000	      0.00000000	      0.00000000	     26.84965718	     -0.72989734	    -49.14095102	     88.14360067	      0.00000000	      0.00000000	      0.00000000	      0.00000000	      2.05577734	     -3.57825215	     -4.99023788	    -30.28939848	     14.67466388	     -3.27238173	      0.00000000	     -0.11286184	      8.25378120	      0.00000000	    -23.17868210	     -7.92120624	    -39.50617312	     -0.34401306	     14.89690267	      2.27796745	      0.00000000	      9.11180576	      4.91721683	      0.00000000
      2.56666667	      6.89387568	     16.01170439	     94.35238294	     -0.01265526	      0.27200171	      1.81014031	    -34.81086832	     -0.30639583	     -3.81683334	    -23.44767306	      2.52426210	      3.78249937	     -0.03587237	      0.03068012	      0.01094173	      0.00000000	      0.00000000	      0.00000000	     -0.03861609	     -0.01987587	     -0.00837516	      0.00000000	      0.00000000	      0.00000000	      0.02229584	      0.00106822	      0.01635798	    163.53345017	    189.41294905	    208.38011263	     95.72220521	      0.00000000	      0.00000000	      0.00000000	      0.00000000	     27.97311965	     -1.18798565	    -52.38998509	     91.96368184	      0.00000000	      0.00000000	      0.00000000	      0.00000000	      1.75940481	     -3.45634333	     -4.91479861	    -30.14408457	     14.53428831	     -3.07738943	      0.00000000	      0.88244756	      7.62529152	      0.00000000	    -22.55467958	     -8.25926063	    -39.69410654	     -1.45074987	     14.89690267	      1.74247611	      0.00000000	      9.20350625	      5.70195637	      0.00000000
      2.60000000	      6.39290834	     15.83937588	     95.74956525	     -0.00811014	      0.27238100	      1.80632851	    -35.72822771	     -0.02820944	     -5.08163132	    -21.94191969	      2.80901842	      2.10724729	     -0.03378838	      0.02909237	      0.01092225	      0.00000000	      0.00000000	      0.00000000	     -0.03676631	     -0.02597887	     -0.01377537	      0.00000000	      0.00000000	      0.00000000	      0.01603392	     -0.00272192	      0.01157142	    160.88248361	    193.11189227	    209.48664662	    101.39821006	      0.00000000	      0.00000000	      0.00000000	      0.00000000	     28.71204641	     -1.29267046	    -55.87394402	     96.13742694	      0.00000000	      0.00000000	      0.00000000	      0.00000000	      0.58097445	     -3.47720950	     -5.24464891	    -28.58276117	     13.11107705	     -2.24501388	      0.00000000	      1.36726556	      7.29108259	      0.00000000	    -21.52198227	     -8.17181859	    -38.94607265	     -2.57447463	     14.89690267	     -0.08719047	      0.00000000	      9.16695229	      6.69503752	      0.00000000
      2.63333333	      5.70616237	     15.74225107	     97.51271245	     -0.00506504	      0.27167112	      1.80183137	    -36.44513136	      0.66402457	     -6.19196519	    -20.75098810	      2.94965385	      0.84781376	     -0.03191472	      0.02781305	      0.01059836	      0.00000000	      0.00000000	      0.00000000	     -0.03996552	     -0.03356829	     -0.01720884	      0.00000000	      0.00000000	      0.00000000	      0.01029945	     -0.00831132	      0.00766563	    155.67445895	    195.78278903	    213.84094941	    108.08990659	      0.00000000	      0.00000000	      0.00000000	      0.00000000	     28.98676678	     -0.86077741	    -57.80759624	    100.03411157	      0.00000000	      0.00000000	      0.00000000	      0.00000000	     -1.24867311	     -3.46608807	     -5.43507116	    -26.14203068	     11.21728063	     -1.52946917	      0.00000000	      1.50846665	      7.81670152	      0.00000000	    -20.51184311	     -7.47076406	    -37.03180061	     -3.47781787	     14.89690267	     -2.81835686	      0.00000000	      9.35014587	      6.74652681	      0.00000000
      2.66666667	      4.89522368	     16.11309342	     98.98388164	     -0.00325707	      0.26965195	      1.79602798	    -37.25322752	      1.51014837	     -6.92328339	    -20.37588031	      2.47176259	      0.73343442	     -0.03201181	      0.02841230	      0.01130073	      0.00000000	      0.00000000	      0.00000000	     -0.04478244	     -0.03824533	     -0.01328349	      0.00000000	      0.00000000	      0.00000000	      0.00456796	     -0.01164181	      0.00581646	    150.67099662	    195.84058656	    219.80551558	    113.23063292	      0.00000000	      0.00000000	      0.00000000	      0.00000000	     28.42756408	      0.75939943	    -57.37562113	    101.17585326	      0.00000000	      0.00000000	      0.00000000	      0.00000000	     -3.98595626	     -3.18311045	     -4.94306134	    -22.98230722	      8.58803412	     -1.36404545	      0.00000000	      1.88256262	      8.94956772	      0.00000000	    -20.38838967	     -6.55373284	    -33.93267489	     -4.15427534	     14.89690267	     -4.98473282	      0.00000000	      9.95390747	      4.46605979	      0.00000000
      2.70000000	      3.92570610	     16.94092221	     98.97323686	     -0.00049045	      0.26705359	      1.78889368	    -38.22859375	      1.38068385	     -5.72818249	    -20.46580630	      2.02415709	      0.49188769	     -0.03281464	      0.03009296	      0.01207505	      0.00000000	      0.00000000	      0.00000000	     -0.04578341	     -0.03827086	     -0.00153041	      0.00000000	      0.00000000	      0.00000000	     -0.00010076	     -0.00976214	      0.00556029	    148.62012465	    193.77804487	    223.04931653	    115.46361077	      0.00000000	      0.00000000	      0.00000000	      0.00000000	     27.22318601	      4.47621292	    -56.55604674	     97.57867434	      0.00000000	      0.00000000	      0.00000000	      0.00000000	     -7.17682201	     -2.60187460	     -3.14786987	    -19.60078309	      6.25035624	     -2.14586190	      0.00000000	      2.65728405	      9.05944180	      0.00000000	    -21.37560929	     -5.72465263	    -31.73699490	     -4.74965966	     14.89690267	     -4.98473282	      0.00000000	      9.85283006	     -1.35863926	      0.00000000
      2.73333333	      2.36922903	     16.96327435	     98.97329518	      0.00212261	      0.26466968	      1.78245635	    -38.34666977	      0.76200112	     -4.44042024	    -20.65112781	      1.85620973	     -0.21220199	     -0.03364111	      0.03121419	      0.00954520	      0.00000000	      0.00000000	      0.00000000	     -0.03903933	     -0.03398040	      0.01472768	      0.00000000	      0.00000000	      0.00000000	     -0.00430153	     -0.00692788	      0.00291659	    148.66332554	    189.52229925	    223.25425090	    113.36761795	      0.00000000	      0.00000000	      0.00000000	      0.00000000	     25.08456083	      9.17877446	    -56.16990150	     90.33185263	      0.00000000	      0.00000000	      0.00000000	      0.00000000	     -9.47995693	     -2.99500575	     -0.94685512	    -16.24880312	      3.35908773	     -2.39560291	      0.00000000	      3.35488784	      7.38851675	      0.00000000	    -21.00133085	     -4.34306105	    -29.03010492	     -6.55009145	     14.89690267	     -4.98473282	      0.00000000	      9.32639618	     -7.60737720	      0.00000000
      2.76666667	      0.59555805	     16.45960216	     98.75480289	      0.00555606	      0.26351774	      1.77721546	    -38.06990038	     -0.22316491	     -3.15427420	    -20.17416714	      1.38108682	     -1.13022853	     -0.03260148	      0.03019985	      0.00690595	      0.00000000	      0.00000000	      0.00000000	     -0.02935151	     -0.03042727	      0.03000787	      0.00000000	      0.00000000	      0.00000000	     -0.00744532	     -0.00615664	     -0.00128433	    149.49253735	    183.38553682	    221.50779932	    106.07181289	      0.00000000	      0.00000000	      0.00000000	      0.00000000	     22.89270567	     12.80473521	    -55.82873591	     82.65645624	      0.00000000	      0.00000000	      0.00000000	      0.00000000	    -10.82613388	     -4.11932186	      0.16011337	    -13.46870031	      1.53074858	     -2.43636786	      0.00000000	      3.81187248	      5.51850377	      0.00000000	    -19.70007876	     -2.94402806	    -26.95639652	     -9.13782653	     14.14252245	     -4.98473282	      0.00000000	      8.85332858	    -10.35882045	      0.00000000
      2.80000000	     -1.30918931	     16.08201224	     98.85156178	      0.01012229	      0.26422232	      1.77397622	    -38.27154817	     -1.21961671	     -2.20834203	    -19.71744850	      0.90413691	     -2.90854694	     -0.03248608	      0.02984135	      0.00327974	      0.00000000	      0.00000000	      0.00000000	     -0.02502789	     -0.03043033	      0.03469130	      0.00000000	      0.00000000	      0.00000000	     -0.00555402	     -0.00713169	     -0.00017213	    151.23678968	    177.30608198	    217.60584608	     93.15402077	      0.00000000	      0.00000000	      0.00000000	      0.00000000	     21.97364136	     13.45757837	    -54.11184892	     77.65815861	      0.00000000	      0.00000000	      0.00000000	      0.00000000	    -11.69623602	     -5.90118145	      1.03026824	    -11.78706613	      0.30230396	     -1.68298482	      0.00000000	      4.27565506	      3.45306564	      0.00000000	    -18.01820729	     -2.03611112	    -24.80532545	    -12.68211203	     13.59534932	     -4.98473282	      0.00000000	      8.32388295	    -10.85325194	      0.00000000
      2.83333333	     -3.12337559	     15.68256674	     99.48028970	      0.01589728	      0.26645976	      1.77272995	    -38.75901540	     -1.99802141	     -1.44664385	    -18.45662387	      0.47156393	     -4.88868850	     -0.03104537	      0.02768060	      0.00120179	      0.00000000	      0.00000000	      0.00000000	     -0.03012229	     -0.03170759	      0.02772267	      0.00000000	      0.00000000	      0.00000000	     -0.00005971	     -0.00833076	      0.00524011	    155.91590824	    172.24946064	    210.57524883	     75.24476775	      0.00000000	      0.00000000	      0.00000000	      0.00000000	     21.60338151	     12.29626762	    -51.41154406	     74.39942923	      0.00000000	      0.00000000	      0.00000000	      0.00000000	    -12.05832559	     -8.00086482	      1.22685662	    -11.17132371	     -0.31195025	     -0.29178547	      0.00000000	      4.85481097	      1.40064541	      0.00000000	    -16.03355745	     -1.77682674	    -23.49280535	    -16.42258584	     13.59695161	     -4.98473282	      0.00000000	      7.82308351	     -9.41442857	      0.00000000
      2.86666667	     -4.48174838	     15.06947248	    100.53453955	      0.02287226	      0.26929561	      1.77336082	    -39.13359694	     -2.45531271	     -0.80878097	    -16.79089173	      0.61370596	     -6.88102421	     -0.02898357	      0.02447424	      0.00023277	      0.00000000	      0.00000000	      0.00000000	     -0.04097868	     -0.03795329	      0.01822399	      0.00000000	      0.00000000	      0.00000000	      0.00475987	     -0.00732498	      0.01014246	    162.86969713	    166.85999873	    200.69965828	     58.14372225	      0.00000000	      0.00000000	      0.00000000	      0.00000000	     20.70025714	     11.78503795	    -49.24913935	     70.44510867	      0.00000000	      0.00000000	      0.00000000	      0.00000000	    -11.73485328	     -9.84316127	      0.28357292	    -11.52390671	     -0.23446514	      1.30785780	      0.00000000	      5.34384370	     -0.22915171	      0.00000000	    -13.47680592	     -2.29603104	    -23.11447006	    -20.36757917	     13.54074564	     -4.98473282	      0.00000000	      7.68633398	     -7.31339579	      0.00000000
      2.90000000	     -4.91278291	     14.30364244	    101.86616798	      0.03108797	      0.27164909	      1.77520972	    -39.15341554	     -2.20908946	      0.01893164	    -15.27223644	      1.30730738	     -8.91971714	     -0.02753197	      0.02148673	     -0.00055383	      0.00000000	      0.00000000	      0.00000000	     -0.04527804	     -0.04487133	      0.01019061	      0.00000000	      0.00000000	      0.00000000	      0.00519054	     -0.00480351	      0.00985246	    168.29987109	    162.53163845	    191.62746226	     48.72303128	      0.00000000	      0.00000000	      0.00000000	      0.00000000	     19.45406246	     14.00367536	    -49.99083808	     65.54295446	      0.00000000	      0.00000000	      0.00000000	      0.00000000	    -10.86940295	    -10.48106248	     -2.18655837	    -12.52551788	      0.60749632	      2.16346718	      0.00000000	      5.60685795	     -0.18042579	      0.00000000	    -10.21797808	     -3.90646610	    -22.90626615	    -25.01209977	     13.19238151	     -4.98473282	      0.00000000	      7.77763822	     -5.79896301	      0.00000000
      2.93333333	     -4.09046868	     12.64072812	    104.02001526	      0.03975704	      0.27251861	      1.77858188	    -37.87095221	     -0.53420819	      1.01220060	    -13.99588520	      2.67155641	    -11.51699000	     -0.02720216	      0.01869593	     -0.00485699	      0.00000000	      0.00000000	      0.00000000	     -0.03846270	     -0.04103548	      0.00173581	      0.00000000	      0.00000000	      0.00000000	      0.00442666	     -0.00363694	      0.00426438	    170.10615555	    160.11472881	    187.16875097	     44.77457665	      0.00000000	      0.00000000	      0.00000000	      0.00000000	     17.92716765	     18.02885631	    -53.46029790	     61.72817602	      0.00000000	      0.00000000	      0.00000000	      0.00000000	     -8.70402053	     -9.49671443	     -7.67481274	    -14.20502982	      3.22056362	      1.44718767	      0.00000000	      6.70232840	      2.23706656	      0.00000000	     -5.06230552	     -6.43776140	    -20.11510701	    -30.86712723	     12.56097797	     -4.98473282	      0.00000000	      8.60813377	     -4.33958339	      0.00000000
      2.96666667	     -2.24464920	      9.02173771	    107.04423367	      0.04810794	      0.27159052	      1.78312909	    -33.98347304	      1.78325911	      0.33843597	    -12.71046820	      3.42233766	    -12.02871278	     -0.02689020	      0.01377601	     -0.00443052	      0.00000000	      0.00000000	      0.00000000	     -0.02151313	     -0.03035633	     -0.00340867	      0.00000000	      0.00000000	      0.00000000	      0.00445446	     -0.00411295	      0.00181666	    169.64917684	    157.26496286	    189.81406225	     39.78786519	      0.00000000	      0.00000000	      0.00000000	      0.00000000	     16.92683890	     19.88392095	    -54.16765336	     60.94765330	      0.00000000	      0.00000000	      0.00000000	      0.00000000	     -4.20506385	     -8.04960943	    -16.38259426	    -16.45610248	      8.75296864	     -0.51900569	      0.00000000	      9.35188088	      5.42649507	      0.00000000	      2.98799906	     -8.67180137	    -14.31793702	    -37.34694999	     12.33508327	     -4.98473282	      0.00000000	      9.64593197	     -0.77912781	      0.00000000
      3.00000000	     -1.08726727	      8.67366563	    108.74674505	      0.05455059	      0.27032389	      1.78456324	    -33.33853761	      3.56012849	      0.72205110	    -11.58266163	      4.11551293	    -12.42876083	     -0.02873508	      0.01113172	     -0.00706615	      0.00000000	      0.00000000	      0.00000000	     -0.00866618	     -0.02118639	     -0.01023356	      0.00000000	      0.00000000	      0.00000000	      0.00142131	     -0.00719810	      0.00190525	    166.65809300	    151.61655389	    199.60997841	     30.39852589	      0.00000000	      0.00000000	      0.00000000	      0.00000000	     16.72351136	     21.07280414	    -53.37021137	     61.78350302	      0.00000000	      0.00000000	      0.00000000	      0.00000000	     -3.20944477	     -6.40349196	    -18.51484581	    -17.83240698	     11.85511607	     -1.64316383	      0.00000000	     11.28410434	      4.56465951	      0.00000000	      5.98947027	    -10.67288286	    -11.01949034	    -41.48140426	     13.42464323	     -4.98473282	      0.00000000	     10.70875119	      4.02288180	      0.00000000
      3.03333333	     -0.54558463	      9.10874104	    109.99223749	      0.05937241	      0.26806325	      1.78500748	    -33.53487699	      4.62962304	      1.11155090	    -10.29279603	      5.08951426	    -13.57956527	     -0.03060388	      0.00976943	     -0.01292784	      0.00000000	      0.00000000	      0.00000000	     -0.00053181	     -0.02099159	     -0.01294404	      0.00000000	      0.00000000	      0.00000000	     -0.00227026	     -0.01083189	      0.00396827	    165.62900425	    146.26172611	    208.88557401	     22.28517487	      0.00000000	      0.00000000	      0.00000000	      0.00000000	     17.42715483	     21.25632438	    -51.89924064	     63.16532314	      0.00000000	      0.00000000	      0.00000000	      0.00000000	     -2.98887773	     -5.27172909	    -19.64420490	    -19.15626389	     13.95902569	     -2.64131781	      0.00000000	     11.47553426	      2.76184678	      0.00000000	      6.93536613	    -12.43616443	     -6.71390108	    -42.95711548	     11.13220047	     -2.45957946	      0.00000000	     11.69957045	      8.42493995	      0.00000000
      3.06666667	     -0.71347754	      9.23274625	    110.81775809	      0.06052507	      0.26546034	      1.78562529	    -33.58487033	      4.86086570	      0.66573068	     -8.54499392	      4.64908733	    -12.58078392	     -0.03214287	      0.00700147	     -0.01262535	      0.00000000	      0.00000000	      0.00000000	      0.00587352	     -0.02476565	     -0.01852615	      0.00000000	      0.00000000	      0.00000000	     -0.00444241	     -0.01442303	      0.00634853	    166.20849224	    145.61536724	    206.35027446	     22.96034149	      0.00000000	      0.00000000	      0.00000000	      0.00000000	     18.52289391	     20.37853910	    -50.27660022	     64.83406500	      0.00000000	      0.00000000	      0.00000000	      0.00000000	     -2.58192382	     -5.69862324	    -19.88096481	    -20.36488512	     14.76485919	     -2.43384573	      0.00000000	      9.65813186	      0.42618060	      0.00000000	      6.68707982	    -13.21888901	     -1.83531146	    -42.21729436	      3.33579528	      1.80659958	      0.00000000	     12.11683075	     13.21292792	      0.00000000
      3.10000000	     -0.77710580	      9.01307606	    111.12794999	      0.05869435	      0.26240982	      1.78737189	    -33.31112519	      4.83463311	      0.09898401	     -5.87104251	      3.76346148	    -11.51182593	     -0.03041651	      0.00355522	     -0.01086240	      0.00000000	      0.00000000	      0.00000000	      0.00376702	     -0.02869036	     -0.02260062	      0.00000000	      0.00000000	      0.00000000	     -0.00599915	     -0.01406393	      0.00303000	    167.23431717	    147.11664005	    201.28658826	     28.55431924	      0.00000000	      0.00000000	      0.00000000	      0.00000000	     17.59192873	     20.41374867	    -49.65016952	     64.28785445	      0.00000000	      0.00000000	      0.00000000	      0.00000000	     -1.39665772	     -6.59292774	    -19.88290898	    -21.98548795	     13.64824758	     -1.85879846	      0.00000000	      7.90196918	      0.78190522	      0.00000000	      6.02399809	    -13.54823092	     -2.02388652	    -41.02354980	     -0.21390514	      2.81213875	      0.00000000	     12.54761408	     13.88861871	      0.00000000
      3.13333333	     -0.48466212	      8.37987340	    111.13564973	      0.05483402	      0.26005805	      1.79078897	    -32.69861242	      4.73428819	     -0.44655063	     -3.71138525	      3.36330204	    -10.98015143	     -0.02949216	      0.00227897	     -0.01026479	      0.00000000	      0.00000000	      0.00000000	     -0.00308057	     -0.03024348	     -0.02003807	      0.00000000	      0.00000000	      0.00000000	     -0.00532619	     -0.01359099	      0.00150283	    169.08531762	    149.15978703	    198.63325184	     35.49817400	      0.00000000	      0.00000000	      0.00000000	      0.00000000	     16.11187758	     21.27004215	    -48.68993882	     63.88793842	      0.00000000	      0.00000000	      0.00000000	      0.00000000	      0.65908825	     -7.35844326	    -19.44720981	    -24.00309214	     12.02993809	     -1.22814568	      0.00000000	      7.14783799	      2.01336865	      0.00000000	      5.27868950	    -13.46682078	     -3.45885924	    -38.66341228	     -1.12472007	      2.38898657	      0.00000000	     12.94750149	     13.30431417	      0.00000000
      3.16666667	     -0.23165286	      6.71306274	    111.06410109	      0.04965964	      0.25735906	      1.79601767	    -31.28457156	      3.83119863	     -0.99763875	     -1.55144571	      3.52886021	    -10.63181100	     -0.02873010	      0.00181506	     -0.00711851	      0.00000000	      0.00000000	      0.00000000	     -0.01087957	     -0.02877612	     -0.01372738	      0.00000000	      0.00000000	      0.00000000	     -0.00310761	     -0.01176135	      0.00175608	    170.11668189	    151.99225224	    199.11156685	     43.92432051	      0.00000000	      0.00000000	      0.00000000	      0.00000000	     14.38383150	     22.21093134	    -47.14519127	     64.23479004	      0.00000000	      0.00000000	      0.00000000	      0.00000000	      4.07001672	     -8.54553193	    -19.25359265	    -26.56646769	     10.32638630	     -0.74278055	      0.00000000	      7.91198257	      3.03872077	      0.00000000	      5.50555267	    -12.34840979	     -7.18643061	    -36.09351327	      2.05065724	     -0.20109680	      0.00000000	     14.02379224	     12.27466434	      0.00000000
      3.20000000	      0.40279912	      3.10323175	    110.05955654	      0.04434723	      0.25363597	      1.80315066	    -27.91031558	      2.04160458	     -0.87500997	     -0.07403671	      3.27035856	    -11.94594263	     -0.02776709	      0.00192056	     -0.00428780	      0.00000000	      0.00000000	      0.00000000	     -0.01723515	     -0.02472465	     -0.00486301	      0.00000000	      0.00000000	      0.00000000	     -0.00349631	     -0.00980304	      0.00420473	    171.04195727	    156.19055037	    199.60342972	     54.57940814	      0.00000000	      0.00000000	      0.00000000	      0.00000000	     13.14987885	     22.31744965	    -44.57662286	     65.70825903	      0.00000000	      0.00000000	      0.00000000	      0.00000000	     10.47361842	     -9.91053363	    -18.76677967	    -30.29550823	      9.46827215	     -1.18499705	      0.00000000	      9.15002313	      4.00732012	      0.00000000	      7.77148408	    -10.52573353	    -14.55186477	    -34.09365380	      8.80911041	     -4.98473282	      0.00000000	     15.35285798	     11.16504918	      0.00000000
      3.23333333	      4.75847475	    -11.43063296	    110.23748332	      0.04276373	      0.24473556	      1.81841718	    -11.83802753	     -0.00145046	     -1.39257418	      0.45221551	      4.65760079	    -12.45630779	     -0.02302622	      0.00225913	     -0.00286336	      0.00000000	      0.00000000	      0.00000000	     -0.01762860	     -0.02247503	      0.00046131	      0.00000000	      0.00000000	      0.00000000	     -0.00168395	     -0.00466872	      0.00485898	    171.38232439	    163.80614311	    198.51174190	     69.44371533	      0.00000000	      0.00000000	      0.00000000	      0.00000000	     11.50425657	     19.23232003	    -41.72773686	     69.08163603	      0.00000000	      0.00000000	      0.00000000	      0.00000000	     30.94474945	    -11.43130481	    -17.17101232	    -36.97274691	      7.97911185	     -2.59884097	      0.00000000	      9.28196275	      5.43516036	      0.00000000	     24.87285698	     -8.63489987	    -12.08528836	    -35.57844104	      8.61216072	     -4.98473282	      0.00000000	     16.46939444	      8.49992223	      0.00000000
      3.26666667	      6.57131986	    -18.21759317	    111.43304188	      0.03977384	      0.23645273	      1.82710572	     -4.55136872	     -1.74274204	     -2.18209209	      1.34374444	      5.18854408	    -13.73593157	     -0.01972916	      0.00482455	     -0.00166967	      0.00000000	      0.00000000	      0.00000000	     -0.01942296	     -0.01957785	      0.00474541	      0.00000000	      0.00000000	      0.00000000	      0.00335033	      0.00495039	      0.00280909	    172.04054861	    170.62761201	    195.17455869	     83.84771572	      0.00000000	      0.00000000	      0.00000000	      0.00000000	      9.59060401	     15.56121888	    -39.64545515	     74.22620809	      0.00000000	      0.00000000	      0.00000000	      0.00000000	     41.44268785	    -13.26885852	    -17.60381708	    -42.27466639	      8.09209272	     -4.98473282	      0.00000000	      9.10742138	      9.42783471	      0.00000000	     33.04209298	     -6.27534328	     -8.65347417	    -35.91659870	      1.60578348	     -4.98473282	      0.00000000	     17.73038459	     13.57560990	      0.00000000
      3.30000000	      7.71237466	    -19.07902196	    112.33979321	      0.03795264	      0.22776962	      1.83148983	     -3.86300252	     -1.89350375	     -3.68672366	      2.34926843	      4.63088209	    -13.49232872	     -0.02126443	      0.00690365	      0.00280461	      0.00000000	      0.00000000	      0.00000000	     -0.02004711	     -0.01879352	      0.00451653	      0.00000000	      0.00000000	      0.00000000	      0.00688034	      0.01299969	      0.00234991	    170.86076857	    174.49018952	    192.72587085	     95.19421575	      0.00000000	      0.00000000	      0.00000000	      0.00000000	      8.34515381	     12.41963100	    -37.53259612	     80.52017855	      0.00000000	      0.00000000	      0.00000000	      0.00000000	     44.65971758	    -13.59062968	    -15.25867086	    -46.02274575	      7.43915305	     -4.98473282	      0.00000000	      8.66717551	     11.16763615	      0.00000000	     35.58936700	     -5.83347872	     -5.63207703	    -37.84635381	     -0.31341356	     -4.98473282	      0.00000000	     19.25353740	     13.79521697	      0.00000000
      3.33333333	     10.10610830	    -22.78433628	    113.58326406	      0.03787135	      0.21478165	      1.83642816	      0.60578425	     -1.99111477	     -5.65026405	      3.19032004	      4.26795152	    -11.91255891	     -0.02035738	      0.00920954	      0.00638944	      0.00000000	      0.00000000	      0.00000000	     -0.02293951	     -0.01582218	      0.00382825	      0.00000000	      0.00000000	      0.00000000	      0.00746893	      0.01696135	      0.00284837	    168.44828862	    175.61452297	    191.82522613	    101.12659070	      0.00000000	      0.00000000	      0.00000000	      0.00000000	      7.06234978	     10.05830571	    -35.74303281	     86.34752988	      0.00000000	      0.00000000	      0.00000000	      0.00000000	     51.26684540	    -13.72567061	    -13.04859813	    -49.63201059	      3.27821286	     -4.98312682	      0.00000000	      9.46487319	     17.24654043	      0.00000000	     42.40174041	     -4.99547030	     -1.31740479	    -41.49184412	     -4.97292745	     -4.98473282	      0.00000000	     20.82048127	     16.35008249	      0.00000000
      3.36666667	      9.84513940	    -21.47464004	    112.87397506	      0.03891956	      0.20020963	      1.83771408	     -1.16438919	     -2.63330230	     -6.49580856	      5.24348583	      3.97660431	    -11.43263117	     -0.01976769	      0.00966565	      0.01058461	      0.00000000	      0.00000000	      0.00000000	     -0.02360103	     -0.01484106	      0.00274538	      0.00000000	      0.00000000	      0.00000000	      0.00513910	      0.01831649	      0.00880425	    165.28637651	    174.58248500	    192.50469537	    104.83786063	      0.00000000	      0.00000000	      0.00000000	      0.00000000	      6.24854520	      9.57115461	    -33.09793829	     91.39766633	      0.00000000	      0.00000000	      0.00000000	      0.00000000	     51.46968836	    -13.09110564	    -10.15311170	    -52.39503384	      2.07549339	     -4.16759315	      0.00000000	     11.85389677	     17.38134954	      0.00000000	     43.05657654	     -5.29162779	      0.08696534	    -45.50887377	     -5.30840919	     -4.98473282	      0.00000000	     23.50222026	     16.41302399	      0.00000000
      3.40000000	      8.83502120	    -18.23362350	    111.95324077	      0.04032783	      0.18356601	      1.83746420	     -5.01760199	     -3.22941377	     -7.71448670	      7.02382102	      3.73735742	    -10.02421568	     -0.02115356	      0.00967290	      0.01736064	      0.00000000	      0.00000000	      0.00000000	     -0.02013902	     -0.01415989	      0.00414288	      0.00000000	      0.00000000	      0.00000000	     -0.00456209	      0.01886615	      0.01658966	    163.16754406	    172.38169563	    195.41007645	    107.11826766	      0.00000000	      0.00000000	      0.00000000	      0.00000000	      6.28241374	     11.17395912	    -29.67272514	     94.73447231	      0.00000000	      0.00000000	      0.00000000	      0.00000000	     49.08952167	    -12.27340858	     -5.23668179	    -54.61462765	     -1.30254065	     -0.92886412	      0.00000000	     15.53107254	     17.27754760	      0.00000000	     41.60562386	     -6.01768622	      0.68472207	    -49.72126897	     -5.27438300	     -4.98473282	      0.00000000	     26.84962213	     17.26785137	      0.00000000
      3.43333333	      8.23599692	    -16.61699564	    110.74078319	      0.04269953	      0.16506510	      1.83734757	     -6.63547842	     -4.35600863	     -7.60831004	      8.96956597	      4.73383651	    -10.49126430	     -0.01938434	      0.00882137	      0.01943599	      0.00000000	      0.00000000	      0.00000000	     -0.01509977	     -0.01498700	      0.00508532	      0.00000000	      0.00000000	      0.00000000	     -0.01422196	      0.02275093	      0.02340156	    162.67597007	    171.14329567	    198.16989254	    109.08736872	      0.00000000	      0.00000000	      0.00000000	      0.00000000	      8.40303497	     13.74836480	    -27.82299877	     96.87024570	      0.00000000	      0.00000000	      0.00000000	      0.00000000	     48.92919008	    -11.06104319	     -3.02832231	    -57.31017083	     -2.74374029	     -0.12329005	      0.00000000	     18.45605794	     16.14603736	      0.00000000	     41.82170203	     -7.12402921	      0.21560853	    -54.05207108	     -4.76515905	     -4.98473282	      0.00000000	     29.85829868	     17.57983469	      0.00000000
      3.46666667	      7.92179656	    -15.14949285	    110.05736823	      0.04393673	      0.14651979	      1.83693629	     -7.69662852	     -4.92958087	     -7.49905840	     10.00756293	      5.53840642	    -11.20049398	     -0.01983578	      0.00731891	      0.01948745	      0.00000000	      0.00000000	      0.00000000	     -0.01027158	     -0.01569362	      0.00470588	      0.00000000	      0.00000000	      0.00000000	     -0.02583315	      0.02629899	      0.02703904	    163.12321665	    170.21046600	    200.42582775	    110.28090374	      0.00000000	      0.00000000	      0.00000000	      0.00000000	     14.42446253	     17.88471185	    -27.60434201	     98.02878887	      0.00000000	      0.00000000	      0.00000000	      0.00000000	     48.97126357	    -10.16152594	     -1.43626244	    -60.03812007	     -3.08964313	      0.63640265	      0.00000000	     20.69837158	     15.07041016	      0.00000000	     42.25764962	     -8.33158549	     -0.32877411	    -58.27562215	     -3.91762258	     -4.98473282	      0.00000000	     32.40667478	     17.72370025	      0.00000000
      3.50000000	      8.02694726	    -14.19133521	    109.80785987	      0.04384463	      0.12974795	      1.83631342	     -7.86674836	     -5.02119906	     -7.16245353	     10.77382918	      6.13599164	    -12.38536422	     -0.02088472	      0.00457638	      0.01791376	      0.00000000	      0.00000000	      0.00000000	     -0.00614205	     -0.01691936	      0.00166914	      0.00000000	      0.00000000	      0.00000000	     -0.03359304	      0.02253484	      0.03188923	    163.12999014	    169.13206134	    201.14640433	    111.86421549	      0.00000000	      0.00000000	      0.00000000	      0.00000000	     24.57216486	     22.31056424	    -26.91760864	     99.88626469	      0.00000000	      0.00000000	      0.00000000	      0.00000000	     49.60568258	     -9.49537878	     -1.60663644	    -62.50279445	     -2.86969201	      0.32086628	      0.00000000	     22.16632213	     14.48466943	      0.00000000	     43.20671644	     -9.48053734	     -0.77622548	    -62.04824474	     -3.30386283	     -4.98473282	      0.00000000	     34.11147005	     17.62641394	      0.00000000
      3.53333333	      8.46623994	    -13.59132441	    110.08104737	      0.04261354	      0.11620494	      1.83502331	     -7.37292969	     -4.55943830	     -6.87845378	     11.42022896	      6.63816711	    -13.76679072	     -0.02125631	      0.00115221	      0.01349368	      0.00000000	      0.00000000	      0.00000000	     -0.00233806	     -0.01701380	     -0.00498027	      0.00000000	      0.00000000	      0.00000000	     -0.03086604	      0.01145159	      0.03294368	    161.62673934	    166.77146090	    200.39632184	    114.11677791	      0.00000000	      0.00000000	      0.00000000	      0.00000000	     33.78619175	     25.11335549	    -25.00058591	    103.53296397	      0.00000000	      0.00000000	      0.00000000	      0.00000000	     50.29445687	     -9.08107117	     -3.36660358	    -64.37762965	     -2.24395623	     -1.20728658	      0.00000000	     23.36581394	     14.55156307	      0.00000000	     44.36427311	    -10.38664771	     -1.06485422	    -65.07176132	     -2.74199340	     -4.98473282	      0.00000000	     35.46747579	     17.34594014	      0.00000000
      3.56666667	      9.63656141	    -12.96672857	    111.42700327	      0.04060326	      0.10745604	      1.83275221	     -6.42601048	     -3.12914693	     -7.01780923	     11.91829954	      6.23768136	    -14.99998722	     -0.02019071	     -0.00316491	      0.01058202	      0.00000000	      0.00000000	      0.00000000	      0.00148411	     -0.01869483	     -0.01600568	      0.00000000	      0.00000000	      0.00000000	     -0.02037836	      0.00520240	      0.02723596	    158.19253248	    162.69758004	    197.85702347	    116.38774080	      0.00000000	      0.00000000	      0.00000000	      0.00000000	     36.09639837	     26.40660196	    -24.37188843	    106.91551016	      0.00000000	      0.00000000	      0.00000000	      0.00000000	     50.20053743	     -8.93508146	     -8.65311269	    -65.18206239	     -1.06412326	     -4.98473282	      0.00000000	     24.52902827	     15.77581159	      0.00000000	     45.69016247	    -11.10352794	     -0.38965969	    -67.40844191	     -1.56968567	     -4.98473282	      0.00000000	     36.53085822	     16.81549758	      0.00000000
      3.60000000	     10.34776277	    -12.26713031	    112.66102769	      0.03772821	      0.10388721	      1.82986348	     -5.56773290	     -1.92480329	     -7.10750229	     11.68089191	      5.07189162	    -15.30790307	     -0.02101860	     -0.00697633	      0.00944846	      0.00000000	      0.00000000	      0.00000000	      0.00396449	     -0.02391327	     -0.02563709	      0.00000000	      0.00000000	      0.00000000	     -0.00884096	      0.00699405	      0.01892162	    154.70526044	    157.03275540	    194.68435700	    116.32267957	      0.00000000	      0.00000000	      0.00000000	      0.00000000	     32.09633016	     27.03633719	    -25.54436641	    108.73994703	      0.00000000	      0.00000000	      0.00000000	      0.00000000	     49.42658449	     -9.09316831	     -9.52021933	    -65.58623004	     -1.01431954	     -4.98473282	      0.00000000	     25.30855008	     16.26305630	      0.00000000	     46.00553034	    -11.23351113	      0.37300920	    -68.45469022	     -0.59931290	     -4.98473282	      0.00000000	     37.26202133	     16.71225353	      0.00000000
      3.63333333	     11.12571860	    -11.23401742	    113.75471512	      0.03523414	      0.10520515	      1.82654079	     -4.86185271	     -0.53913077	     -6.85162025	     11.29830486	      3.51902993	    -15.81187583	     -0.02140864	     -0.00961446	      0.00871485	      0.00000000	      0.00000000	      0.00000000	      0.00592419	     -0.03138639	     -0.02760540	      0.00000000	      0.00000000	      0.00000000	     -0.00098563	      0.01147998	      0.00784189	    152.93651128	    152.12836841	    192.60844302	    114.04117838	      0.00000000	      0.00000000	      0.00000000	      0.00000000	     25.85577360	     28.66955450	    -28.13119938	    108.12686703	      0.00000000	      0.00000000	      0.00000000	      0.00000000	     47.87502354	     -8.78391430	    -10.67612207	    -65.03907428	     -1.24043001	     -4.98473282	      0.00000000	     25.47649865	     16.60289859	      0.00000000	     45.55048456	    -11.90982452	      0.98303316	    -68.66405396	      0.92031844	     -4.98473282	      0.00000000	     37.63951925	     16.58807371	      0.00000000
      3.66666667	     11.42825608	    -10.27378367	    113.91576618	      0.03305889	      0.11050241	      1.82313564	     -4.24378212	      0.18945155	     -6.09413163	     10.50741393	      2.86033097	    -16.07342544	     -0.02372757	     -0.01009688	      0.00623789	      0.00000000	      0.00000000	      0.00000000	      0.00726641	     -0.03905746	     -0.02101779	      0.00000000	      0.00000000	      0.00000000	      0.00351183	      0.01241989	      0.00130290	    153.82845956	    148.90480324	    192.02421151	    111.98375102	      0.00000000	      0.00000000	      0.00000000	      0.00000000	     23.09860683	     31.24203584	    -28.88996974	    107.52939988	      0.00000000	      0.00000000	      0.00000000	      0.00000000	     46.22406695	     -8.17770575	    -11.68710230	    -63.77869978	     -1.52550550	     -4.98473282	      0.00000000	     24.94469822	     16.09437036	      0.00000000	     44.14209314	    -12.81665340	      0.68070172	    -67.78892977	      1.75096569	     -4.98473282	      0.00000000	     37.53991901	     16.22371215	      0.00000000
      3.70000000	     11.50524647	     -9.59818287	    113.78121641	      0.03191412	      0.11876151	      1.81990737	     -3.40790105	      0.25162279	     -5.33076392	      9.20617027	      2.99315035	    -16.64164167	     -0.02852342	     -0.00876461	      0.00388195	      0.00000000	      0.00000000	      0.00000000	      0.01338068	     -0.04308368	     -0.01662562	      0.00000000	      0.00000000	      0.00000000	      0.00645823	      0.00922366	      0.00182208	    156.23416022	    148.04259277	    189.59215870	    114.95385829	      0.00000000	      0.00000000	      0.00000000	      0.00000000	     25.48021457	     34.78976906	    -26.52795403	    108.49726887	      0.00000000	      0.00000000	      0.00000000	      0.00000000	     44.66349153	     -7.37866118	    -12.45675361	    -61.89844639	     -2.25988018	     -4.98473282	      0.00000000	     23.67707993	     14.62567704	      0.00000000	     42.47341906	    -13.75707254	     -0.24683529	    -66.13163433	      2.21620725	     -4.98473282	      0.00000000	     36.93348923	     16.12547264	      0.00000000
      3.73333333	     11.36104372	     -8.91221794	    113.27602306	      0.03147609	      0.12889829	      1.81684188	     -2.70577710	     -0.12557633	     -4.78005627	      8.52323685	      4.43222502	    -17.14832870	     -0.03192851	     -0.00674952	     -0.00022717	      0.00000000	      0.00000000	      0.00000000	      0.02327154	     -0.04185125	     -0.01932697	      0.00000000	      0.00000000	      0.00000000	      0.00871818	      0.00535907	      0.00599201	    159.96077869	    145.72752355	    183.80665054	    122.08793353	      0.00000000	      0.00000000	      0.00000000	      0.00000000	     30.78208260	     38.36429900	    -21.09564123	    110.36318740	      0.00000000	      0.00000000	      0.00000000	      0.00000000	     42.71855466	     -6.37578266	    -12.50655355	    -59.43550114	     -2.32031638	     -4.98473282	      0.00000000	     22.14881590	     12.94328777	      0.00000000	     40.34847702	    -14.63969306	     -1.57409626	    -63.91835431	      2.49270737	     -4.98473282	      0.00000000	     35.95182411	     15.92678199	      0.00000000
      3.76666667	     10.48846220	     -7.70494568	    112.82885339	      0.03111684	      0.14051453	      1.81360855	     -3.06601351	     -1.20842613	     -4.68759671	      8.64251727	      6.55935042	    -17.09455164	     -0.03549265	     -0.00546664	     -0.00259527	      0.00000000	      0.00000000	      0.00000000	      0.02674738	     -0.03304413	     -0.02473588	      0.00000000	      0.00000000	      0.00000000	      0.00681323	      0.00394374	      0.01328806	    164.36817829	    139.06929784	    176.98042166	    125.61473152	      0.00000000	      0.00000000	      0.00000000	      0.00000000	     37.89307212	     42.52607471	    -13.85904753	    110.32635606	      0.00000000	      0.00000000	      0.00000000	      0.00000000	     39.68241674	     -5.87073685	    -11.42556309	    -56.75433007	     -1.16206615	     -4.76971290	      0.00000000	     20.90702363	     11.66877300	      0.00000000	     37.09427520	    -14.93806741	     -3.12619473	    -61.06774756	      3.03412829	     -4.98473282	      0.00000000	     34.49368952	     15.42166531	      0.00000000
      3.80000000	      9.69009840	     -7.04882297	    112.93803533	      0.03064755	      0.15195970	      1.81020248	     -2.74665111	     -2.28166917	     -5.25990332	      8.00074383	      8.40766189	    -16.68676651	     -0.03857634	     -0.00335947	     -0.00559219	      0.00000000	      0.00000000	      0.00000000	      0.02378713	     -0.01984313	     -0.02906216	      0.00000000	      0.00000000	      0.00000000	     -0.00217341	      0.00442275	      0.01453853	    165.08156469	    131.66227662	    173.38789507	    121.33890926	      0.00000000	      0.00000000	      0.00000000	      0.00000000	     44.47281113	     49.04600524	     -8.21978288	    105.18979009	      0.00000000	      0.00000000	      0.00000000	      0.00000000	     36.97672147	     -5.78581492	    -10.52661865	    -53.86593518	     -0.52055761	     -4.98026555	      0.00000000	     20.49800604	     12.10704736	      0.00000000	     34.44697904	    -14.58738985	     -3.86426546	    -58.06199705	      3.77318058	     -4.98473282	      0.00000000	     33.22426456	     15.13121754	      0.00000000
      3.83333333	      8.13468129	     -4.89654588	    113.41992494	      0.02966639	      0.16360507	      1.80526432	     -4.47295409	     -3.38141248	     -6.00184379	      6.25580400	      9.07166368	    -15.49565597	     -0.04521238	     -0.00095087	     -0.00583376	      0.00000000	      0.00000000	      0.00000000	      0.02104096	     -0.00628825	     -0.02868793	      0.00000000	      0.00000000	      0.00000000	     -0.00790718	      0.00700807	      0.01550168	    160.36251978	    126.39036122	    171.43224458	    114.31669123	      0.00000000	      0.00000000	      0.00000000	      0.00000000	     51.83073275	     57.28430547	     -2.62187628	     98.23336495	      0.00000000	      0.00000000	      0.00000000	      0.00000000	     32.30707866	     -6.26043149	    -10.28740512	    -50.99745335	     -1.56062114	     -4.98473282	      0.00000000	     20.41006631	     14.48562755	      0.00000000	     29.83510630	    -14.06276329	     -4.69284850	    -54.62644372	      4.75891634	     -4.98473282	      0.00000000	     32.09794696	     15.08302389	      0.00000000
      3.86666667	      7.09948728	     -4.36093103	    114.21658936	      0.02767989	      0.17395367	      1.80085732	     -4.32617641	     -3.98574364	     -6.77781316	      4.57861270	      6.88562338	    -14.01070603	     -0.04750811	     -0.00031997	     -0.00520239	      0.00000000	      0.00000000	      0.00000000	      0.02106108	      0.00586856	     -0.02861705	      0.00000000	      0.00000000	      0.00000000	     -0.00201183	      0.01348203	      0.01266187	    150.92779224	    122.64998392	    168.40943027	    109.53659181	      0.00000000	      0.00000000	      0.00000000	      0.00000000	     56.36439627	     65.37739130	      2.78538203	     93.28629484	      0.00000000	      0.00000000	      0.00000000	      0.00000000	     29.56764777	     -6.98748451	    -10.52975722	    -48.71357392	     -3.36584766	     -4.98473282	      0.00000000	     19.96749656	     15.50137954	      0.00000000	     27.15515418	    -13.09296031	     -5.11024893	    -51.46998519	      5.36329117	     -4.98473282	      0.00000000	     30.64620786	     15.53851358	      0.00000000
      3.90000000	      6.38998854	     -3.55371879	    114.73132930	      0.02544832	      0.18459179	      1.79502586	     -4.34149823	     -3.98306282	     -6.65963609	      2.10328507	      2.57231868	    -13.93527074	     -0.05138023	      0.00107892	     -0.00413040	      0.00000000	      0.00000000	      0.00000000	      0.02463672	      0.01802289	     -0.03233833	      0.00000000	      0.00000000	      0.00000000	      0.01198269	      0.02047446	      0.00974164	    139.79273338	    119.94298617	    161.25361452	    110.83613098	      0.00000000	      0.00000000	      0.00000000	      0.00000000	     60.58744291	     72.74214213	     10.50036522	     91.56464767	      0.00000000	      0.00000000	      0.00000000	      0.00000000	     26.47353340	     -7.09999459	    -11.09441711	    -46.23537942	     -4.55587705	     -4.98473282	      0.00000000	     19.04663086	     15.38542277	      0.00000000	     24.12590044	    -12.80866370	     -5.98573085	    -48.18989986	      6.29889482	     -4.98473282	      0.00000000	     28.99743125	     16.04062664	      0.00000000
      3.93333333	      5.49628725	     -2.65989912	    114.72412727	      0.02241950	      0.19518146	      1.78878864	     -4.71827315	     -4.08924523	     -5.79228402	     -0.24983539	     -2.09945297	    -16.87381938	     -0.05588606	      0.00409439	     -0.00704604	      0.00000000	      0.00000000	      0.00000000	      0.02294732	      0.02258370	     -0.03345736	      0.00000000	      0.00000000	      0.00000000	      0.02342248	      0.03045306	      0.00933854	    127.06866431	    114.90633430	    148.44515762	    112.67982901	      0.00000000	      0.00000000	      0.00000000	      0.00000000	     67.62557569	     77.77877198	     21.96075449	     92.79175490	      0.00000000	      0.00000000	      0.00000000	      0.00000000	     23.17987048	     -7.11244867	    -11.11882240	    -43.44522609	     -4.21325281	     -4.98473282	      0.00000000	     18.20497075	     14.07978059	      0.00000000	     20.78852539	    -12.59298585	     -7.35671797	    -45.14104891	      8.40894981	     -4.98473282	      0.00000000	     27.51945871	     15.81796697	      0.00000000
      3.96666667	      4.85571837	     -2.22694786	    114.46437487	      0.01763952	      0.20568361	      1.78337833	     -4.75418598	     -3.83313906	     -5.68244194	     -1.77588791	     -6.36610032	    -21.10062174	     -0.06033025	      0.00609519	     -0.01346961	      0.00000000	      0.00000000	      0.00000000	      0.01864495	      0.02500642	     -0.03165156	      0.00000000	      0.00000000	      0.00000000	      0.02255189	      0.03717551	      0.00914506	    112.56925428	    108.65352040	    132.92749322	    111.83523742	      0.00000000	      0.00000000	      0.00000000	      0.00000000	     83.09402476	     79.21047983	     41.46148017	     95.14420355	      0.00000000	      0.00000000	      0.00000000	      0.00000000	     20.42592876	     -7.06401679	    -10.42332961	    -40.19494166	     -3.27872806	     -4.98473282	      0.00000000	     17.79288719	     13.36409432	      0.00000000	     18.14935229	    -12.09743393	     -8.59824771	    -42.47460160	     11.22562120	     -4.98473282	      0.00000000	     25.71247614	     12.34611932	      0.00000000
      4.00000000	      4.40569719	     -2.09465570	    113.87165084	      0.01259635	      0.21553237	      1.77764784	     -4.33286049	     -3.81880043	     -5.88475985	     -2.84490779	     -7.66004628	    -24.25322799	     -0.06425088	      0.00952795	     -0.02093921	      0.00000000	      0.00000000	      0.00000000	      0.01578856	      0.03379363	     -0.02260875	      0.00000000	      0.00000000	      0.00000000	      0.01485197	      0.03445241	      0.01146773	    103.60949483	    103.30108645	    124.18267940	    110.03322988	      0.00000000	      0.00000000	      0.00000000	      0.00000000	    104.66061679	     77.46009630	     65.05553124	     96.11449755	      0.00000000	      0.00000000	      0.00000000	      0.00000000	     18.07568483	     -6.94140210	     -9.88239188	    -36.59463246	     -2.57540198	     -4.98473282	      0.00000000	     17.36530642	     12.18913289	      0.00000000	     15.79381159	    -11.83655273	    -10.61415464	    -39.76425819	     14.50714096	     -4.98473282	      0.00000000	     24.01466941	      8.37450581	      0.00000000
      4.03333333	      3.73312428	     -1.31475151	    114.03736543	      0.00630688	      0.22459323	      1.77128222	     -4.46218031	     -3.69924886	     -6.67199237	     -4.23673024	     -5.40457116	    -26.44511903	     -0.06712531	      0.01604756	     -0.03434602	      0.00000000	      0.00000000	      0.00000000	      0.01708943	      0.04368635	     -0.01373234	      0.00000000	      0.00000000	      0.00000000	      0.00744625	      0.03190433	      0.01448282	     97.49776047	     99.80325727	    119.77818305	    108.91752605	      0.00000000	      0.00000000	      0.00000000	      0.00000000	    114.86224383	     75.17175705	     76.16052052	     96.95302522	      0.00000000	      0.00000000	      0.00000000	      0.00000000	     14.67940452	     -6.95415790	    -10.25982747	    -32.80973391	     -1.16169144	     -4.98473282	      0.00000000	     16.06464532	      8.46242179	      0.00000000	     12.88793922	    -11.23113118	    -11.76625956	    -36.70455117	     14.89690267	     -4.98473282	      0.00000000	     22.73831638	      7.80655073	      0.00000000
      4.06666667	      3.66267370	     -1.71842381	    114.08482769	      0.00070037	      0.23267560	      1.76594605	     -2.97267394	     -3.68148302	     -7.41362720	     -8.44357039	      0.05273998	    -23.96371370	     -0.07720096	      0.03253312	     -0.04733642	      0.00000000	      0.00000000	      0.00000000	      0.02240573	      0.05075823	     -0.00693266	      0.00000000	      0.00000000	      0.00000000	      0.00008640	      0.03193298	      0.01717105	     94.39319292	     97.43139569	    118.13365563	    109.16284923	      0.00000000	      0.00000000	      0.00000000	      0.00000000	    117.40819623	     73.55854327	     78.43974989	     97.62666100	      0.00000000	      0.00000000	      0.00000000	      0.00000000	     13.08076242	     -6.72917396	     -9.95122755	    -29.61027910	     -1.01730143	     -4.98473282	      0.00000000	     13.53991866	      5.90320441	      0.00000000	     11.45815282	    -10.91877788	    -13.54265767	    -33.84524508	     14.80676009	     -4.98473282	      0.00000000	     21.46549794	      8.74288015	      0.00000000
      4.10000000	      3.26316184	     -1.22043082	    114.50455695	     -0.00462632	      0.24080591	      1.76097957	     -2.51357396	     -3.59741612	     -7.68351186	    -15.30687910	      5.87339670	    -18.21439153	     -0.09138744	      0.05875671	     -0.05527948	      0.00000000	      0.00000000	      0.00000000	      0.02382075	      0.05545363	     -0.00494323	      0.00000000	      0.00000000	      0.00000000	     -0.00320876	      0.03352558	      0.01697703	     92.15132783	     97.62676186	    115.76275361	    110.18752473	      0.00000000	      0.00000000	      0.00000000	      0.00000000	    119.34744455	     73.32565547	     79.36586506	     97.70052957	      0.00000000	      0.00000000	      0.00000000	      0.00000000	     10.40057695	     -6.55971020	     -9.89893905	    -26.45149269	     -0.54927144	     -4.98473282	      0.00000000	     10.52829721	      4.07729099	      0.00000000	      9.06597475	    -10.59411150	    -14.99438278	    -30.96324199	     14.63757500	     -4.98473282	      0.00000000	     19.95713532	      9.83890935	      0.00000000
      4.13333333	      2.72356925	     -0.78370032	    114.88704479	     -0.00901728	      0.24914457	      1.75686380	     -2.04298689	     -3.75807954	     -7.89412275	    -21.92988224	      9.42815077	    -10.81392690	     -0.09880906	      0.08463691	     -0.05302826	      0.00000000	      0.00000000	      0.00000000	      0.02230488	      0.05675441	     -0.00718445	      0.00000000	      0.00000000	      0.00000000	     -0.00181305	      0.03753194	      0.01161150	     90.16735847	     99.29930788	    111.95454428	    109.82481778	      0.00000000	      0.00000000	      0.00000000	      0.00000000	    121.50820199	     73.99290403	     80.35264654	     97.05470367	      0.00000000	      0.00000000	      0.00000000	      0.00000000	      7.91265087	     -6.39924567	     -8.71736323	    -23.40073706	     -1.42697901	     -4.98473282	      0.00000000	      8.12477648	      3.67173161	      0.00000000	      6.56951458	    -10.02166416	    -16.27324323	    -27.65989499	     12.91037370	     -4.98473282	      0.00000000	     18.25335784	     12.97739773	      0.00000000
      4.16666667	      2.29007098	     -0.21379891	    115.04389153	     -0.01119990	      0.25789251	      1.75570891	     -2.42889184	     -3.80879761	     -7.10314511	    -25.44844475	     11.77314252	     -6.30649212	     -0.10058519	      0.10214397	     -0.05019153	      0.00000000	      0.00000000	      0.00000000	      0.01257867	      0.04542245	     -0.00888508	      0.00000000	      0.00000000	      0.00000000	      0.00501941	      0.03847658	      0.00119037	     72.96060340	    102.81609756	     93.61545521	    105.07478568	      0.00000000	      0.00000000	      0.00000000	      0.00000000	    133.89352332	     74.86830025	     91.82215593	     94.53196489	      0.00000000	      0.00000000	      0.00000000	      0.00000000	      5.78064698	     -5.98452318	     -6.41621089	    -20.36422148	     -6.04833792	     -4.98473282	      0.00000000	      6.94869898	      7.20574003	      0.00000000	      4.27616034	     -9.38907851	    -16.43497497	    -24.34570863	      9.60053597	     -4.98473282	      0.00000000	     15.85852085	     17.09408075	      0.00000000
      4.20000000	      2.63565428	     -0.50468552	    114.73982828	     -0.01261413	      0.26611971	      1.75477255	     -1.08106140	     -3.65926514	     -7.14269900	    -27.12449497	     10.85866975	     -0.39933407	     -0.09290271	      0.10914285	     -0.03393732	      0.00000000	      0.00000000	      0.00000000	      0.00506376	      0.04567687	     -0.00949125	      0.00000000	      0.00000000	      0.00000000	      0.01246996	      0.04388246	     -0.00558678	     72.66599347	    104.75407229	     95.01542713	    101.47556563	      0.00000000	      0.00000000	      0.00000000	      0.00000000	    136.46512741	     74.18138865	     92.93331379	     92.33109139	      0.00000000	      0.00000000	      0.00000000	      0.00000000	      5.04906165	     -5.30388928	     -4.17369156	    -17.72794176	     -8.63777072	     -4.98473282	      0.00000000	      5.10647231	      7.02600708	      0.00000000	      3.21271299	     -9.07030435	    -16.37691627	    -21.66064587	     10.21865179	     -4.98473282	      0.00000000	     12.90764286	     14.70135980	      0.00000000
      4.23333333	      3.13510066	     -1.11734233	    114.38099934	     -0.01273570	      0.27384835	      1.75595593	      0.25176585	     -3.44781834	     -6.30388103	    -25.86962822	     10.28182918	      2.16123725	     -0.08211735	      0.10512485	     -0.02324770	      0.00000000	      0.00000000	      0.00000000	     -0.01096699	      0.05081526	     -0.01125852	      0.00000000	      0.00000000	      0.00000000	      0.02033101	      0.04501391	     -0.01065701	     74.45961497	    108.87173439	    101.82633288	     99.01446647	      0.00000000	      0.00000000	      0.00000000	      0.00000000	    141.60844815	     72.38075338	     95.31563232	     88.72011966	      0.00000000	      0.00000000	      0.00000000	      0.00000000	      5.14107855	     -4.90705753	     -1.18098534	    -15.67988805	    -13.77209138	     -4.38974658	      0.00000000	      2.27113947	      9.35461184	      0.00000000	      2.99766283	     -8.69040558	    -15.34556420	    -19.88963233	     13.79906823	     -4.98473282	      0.00000000	      8.76840448	      6.38864157	      0.00000000
      4.26666667	      3.43587887	     -1.56009771	    113.65868522	     -0.01247491	      0.27976739	      1.75713609	      1.34613456	     -3.49774702	     -5.01057149	    -22.34994865	     11.09221333	      0.89603752	     -0.06835669	      0.09154435	     -0.02129694	      0.00000000	      0.00000000	      0.00000000	     -0.02380853	      0.05362520	     -0.02065846	      0.00000000	      0.00000000	      0.00000000	      0.02663589	      0.04528947	     -0.00604587	     72.73058795	    117.00558539	    106.67529394	     95.49443794	      0.00000000	      0.00000000	      0.00000000	      0.00000000	    142.51116208	     69.41964306	     92.16466646	     85.02476417	      0.00000000	      0.00000000	      0.00000000	      0.00000000	      5.34042409	     -4.76401549	     -1.26612487	    -14.28205088	    -13.87385720	     -4.48155216	      0.00000000	     -0.93031338	     10.82225829	      0.00000000	      2.69048228	     -8.36371900	    -14.97787330	    -18.17198553	     13.17245130	     -4.98473282	      0.00000000	      6.41119059	      4.94877822	      0.00000000
      4.30000000	      3.31227999	     -2.20617241	    113.49223678	     -0.01261092	      0.28410240	      1.75798719	      2.51063677	     -4.09039374	     -4.35212479	    -17.20761573	     11.77733727	     -2.24132690	     -0.05288145	      0.06871476	     -0.02258455	      0.00000000	      0.00000000	      0.00000000	     -0.02120373	      0.05094640	     -0.03236148	      0.00000000	      0.00000000	      0.00000000	      0.03149415	      0.04634094	      0.00242590	     66.01807790	    127.19862891	    107.05785213	     86.85103924	      0.00000000	      0.00000000	      0.00000000	      0.00000000	    142.11734714	     68.24458753	     89.59537031	     81.50243364	      0.00000000	      0.00000000	      0.00000000	      0.00000000	      5.49974621	     -5.23256650	     -2.37003843	    -13.13552498	    -13.36974422	     -4.50697063	      0.00000000	     -3.58849896	     12.66776475	      0.00000000	      2.57459996	     -7.85425522	    -13.65434920	    -16.41871245	     11.02019235	     -4.08429750	      0.00000000	      4.42898307	      4.56420996	      0.00000000
      4.33333333	      2.90517357	     -2.17240523	    114.47816165	     -0.01433860	      0.28663637	      1.75971183	      2.32137984	     -4.38968419	     -5.89825509	    -10.93948758	     10.97222945	     -4.24731893	     -0.04192885	      0.03993447	     -0.02174476	      0.00000000	      0.00000000	      0.00000000	     -0.00291051	      0.04001250	     -0.03424308	      0.00000000	      0.00000000	      0.00000000	      0.03000226	      0.04190969	      0.00930666	     51.46318824	    135.83059946	    102.85339881	     66.81401595	      0.00000000	      0.00000000	      0.00000000	      0.00000000	    142.98222946	     67.17907324	     90.87023358	     76.37746578	      0.00000000	      0.00000000	      0.00000000	      0.00000000	      4.59297085	     -5.99845085	     -5.48363560	    -12.10389160	    -11.43274824	     -4.49005333	      0.00000000	     -4.55368650	     13.73012853	      0.00000000	      2.07123037	     -7.14734377	    -10.88057916	    -14.87144281	      7.06914057	     -3.43116041	      0.00000000	      4.11416841	      7.11426240	      0.00000000
      4.36666667	      2.88771699	     -2.20095562	    115.71723230	     -0.01621185	      0.28778850	      1.76091499	      2.36681370	     -4.11332532	     -7.13387754	     -5.04239072	      9.32918052	     -6.32387846	     -0.03285367	      0.01278067	     -0.02155742	      0.00000000	      0.00000000	      0.00000000	      0.01649656	      0.04102795	     -0.02552302	      0.00000000	      0.00000000	      0.00000000	      0.02889400	      0.04060839	      0.01373495	     35.19841510	    141.29187153	    103.81680926	     38.43000293	      0.00000000	      0.00000000	      0.00000000	      0.00000000	    144.13488575	     68.04143440	     94.10029152	     71.61443932	      0.00000000	      0.00000000	      0.00000000	      0.00000000	      3.78101035	     -6.40542792	     -8.10928855	    -11.28821929	     -9.69760824	     -4.37475620	      0.00000000	     -3.77592760	     13.44074824	      0.00000000	      1.68115667	     -7.01927517	     -9.84451333	    -13.43624750	      6.83667646	     -3.03762291	      0.00000000	      4.23643278	      8.07108388	      0.00000000
      4.40000000	      2.90732273	     -2.15147813	    117.45088871	     -0.01836803	      0.28796760	      1.76298887	      2.04907952	     -3.51533667	     -8.86455243	     -0.15230433	      6.69854407	     -6.09827970	     -0.02852598	     -0.00805610	     -0.01713067	      0.00000000	      0.00000000	      0.00000000	      0.02308479	      0.06650939	     -0.01732456	      0.00000000	      0.00000000	      0.00000000	      0.02726360	      0.03949748	      0.01437134	     23.52004585	    141.40200756	    110.10368615	     15.55728375	      0.00000000	      0.00000000	      0.00000000	      0.00000000	    146.69061665	     67.49999102	     95.63838063	     66.64781307	      0.00000000	      0.00000000	      0.00000000	      0.00000000	      2.80659269	     -6.78200040	    -10.44171373	    -10.51994199	     -8.56706226	     -4.19063797	      0.00000000	     -2.83827836	     12.28579758	      0.00000000	      1.39360087	     -6.90445067	     -9.42773830	    -12.39085228	      9.23525627	     -3.06698720	      0.00000000	      5.15904821	      7.38948631	      0.00000000
      4.43333333	      3.39869071	     -2.24541120	    118.90798147	     -0.01955934	      0.28797677	      1.76574110	      2.00076914	     -2.48873733	     -9.46894425	      3.46278647	      4.26907869	     -5.69584473	     -0.02651870	     -0.02022465	     -0.01356206	      0.00000000	      0.00000000	      0.00000000	      0.01299353	      0.08916198	     -0.01683324	      0.00000000	      0.00000000	      0.00000000	      0.03021671	      0.03770757	      0.01302797	     18.91643323	    139.13820068	    109.68520334	      5.08244158	      0.00000000	      0.00000000	      0.00000000	      0.00000000	    150.79915074	     65.24956457	     94.42727289	     62.84350556	      0.00000000	      0.00000000	      0.00000000	      0.00000000	      2.17829882	     -6.68144970	    -12.19572572	     -9.54604361	     -7.57014558	     -3.89753092	      0.00000000	     -2.90322496	     10.81623021	      0.00000000	      1.37661325	     -7.10900258	    -10.06632100	    -11.32924318	     12.61163731	     -3.40510617	      0.00000000	      5.76368157	      5.89184880	      0.00000000
      4.46666667	      3.70319604	     -2.17910816	    119.62798146	     -0.01939798	      0.28825312	      1.76849771	      1.83258301	     -1.86401894	     -9.24991232	      3.96117136	      2.52607422	     -5.34938252	     -0.03015330	     -0.02211178	     -0.01063347	      0.00000000	      0.00000000	      0.00000000	      0.00109083	      0.08978377	     -0.01227328	      0.00000000	      0.00000000	      0.00000000	      0.03579561	      0.03556008	      0.01101486	     15.34583192	    137.38694037	     96.78337501	      1.43085913	      0.00000000	      0.00000000	      0.00000000	      0.00000000	    154.15051937	     62.59218603	     92.26175914	     61.17297872	      0.00000000	      0.00000000	      0.00000000	      0.00000000	      1.61882652	     -6.30558592	    -13.43746820	     -8.72683483	     -5.32862957	     -4.02140640	      0.00000000	     -4.13283314	      7.92088546	      0.00000000	      0.80686073	     -7.39718009	    -11.56552230	     -9.70863152	     14.89690267	     -3.31071707	      0.00000000	      5.26360671	      5.07415020	      0.00000000
      4.50000000	      4.49566132	     -2.42859267	    120.19160406	     -0.01854645	      0.28815418	      1.77137100	      2.49181088	     -1.19822293	     -9.24703482	      2.99791318	      2.46531675	     -5.18247611	     -0.03292641	     -0.01845006	     -0.01306315	      0.00000000	      0.00000000	      0.00000000	     -0.00255586	      0.07932577	     -0.01227752	      0.00000000	      0.00000000	      0.00000000	      0.04132224	      0.03237114	      0.01013816	     15.12674957	    137.56815325	     96.62917727	      3.82639230	      0.00000000	      0.00000000	      0.00000000	      0.00000000	    154.79043969	     60.66406905	     90.60402226	     61.26152450	      0.00000000	      0.00000000	      0.00000000	      0.00000000	      1.49511245	     -5.47565307	    -13.37669230	     -7.33692060	     -6.28588035	     -4.15638482	      0.00000000	     -5.07154720	      8.12390152	      0.00000000	      0.89205314	     -7.99050449	    -12.23922280	     -8.13771417	     14.89690267	     -3.03033714	      0.00000000	      5.06706678	      6.50833795	      0.00000000
      4.53333333	      4.78011033	     -2.58383382	    120.46906287	     -0.01761494	      0.28744624	      1.77365118	      3.05888362	     -1.26250704	     -9.09157578	      1.01323138	      2.90107440	     -5.29201162	     -0.03490010	     -0.01230304	     -0.01582164	      0.00000000	      0.00000000	      0.00000000	     -0.00260637	      0.07125356	     -0.01115223	      0.00000000	      0.00000000	      0.00000000	      0.04709779	      0.03321614	      0.01148725	     16.17556665	    137.82661024	     98.38920139	      8.03724045	      0.00000000	      0.00000000	      0.00000000	      0.00000000	    154.05749753	     60.76158560	     90.80074316	     62.27119846	      0.00000000	      0.00000000	      0.00000000	      0.00000000	      0.98989975	     -5.04593566	    -12.48142696	     -5.67682253	     -8.48151479	     -4.31398039	      0.00000000	     -5.43436784	      9.35812477	      0.00000000	      0.55376123	     -8.15868812	    -13.17740502	     -6.50187758	     14.89690267	     -2.82346362	      0.00000000	      4.61407007	      8.53836568	      0.00000000
      4.56666667	      4.68825768	     -2.64391281	    120.61372132	     -0.01665755	      0.28537557	      1.77534747	      3.45010081	     -1.81510232	     -8.79411203	     -0.34406970	      4.03086060	     -6.00080685	     -0.03348597	     -0.00723937	     -0.02021938	      0.00000000	      0.00000000	      0.00000000	     -0.00643256	      0.07115967	     -0.01012584	      0.00000000	      0.00000000	      0.00000000	      0.05296591	      0.03663656	      0.01365610	     17.49174259	    137.63022442	    101.89784959	     10.49133340	      0.00000000	      0.00000000	      0.00000000	      0.00000000	    155.41031281	     61.83243573	     92.93035603	     61.21921784	      0.00000000	      0.00000000	      0.00000000	      0.00000000	      0.11197824	     -4.95560633	    -10.68178064	     -3.84987400	    -11.09643272	     -4.43292725	      0.00000000	     -5.16662723	     10.73254742	      0.00000000	     -0.08325305	     -8.05074058	    -13.54186338	     -5.01474622	     14.89690267	     -2.49115620	      0.00000000	      4.77690157	      9.30538102	      0.00000000
      4.60000000	      4.54145477	     -2.68147294	    121.09532015	     -0.01602613	      0.28221416	      1.77740598	      3.65262890	     -2.28324773	     -8.90157255	     -0.27675278	      4.90627168	     -6.66152301	     -0.02995100	     -0.00609526	     -0.02390140	      0.00000000	      0.00000000	      0.00000000	     -0.01481014	      0.07505119	     -0.01104646	      0.00000000	      0.00000000	      0.00000000	      0.05718931	      0.03755934	      0.01529792	     18.31009045	    136.93969137	    103.83045264	     10.35070980	      0.00000000	      0.00000000	      0.00000000	      0.00000000	    158.87968485	     61.84587116	     94.95499680	     57.63225463	      0.00000000	      0.00000000	      0.00000000	      0.00000000	     -0.74649144	     -5.04219941	     -9.22430218	     -2.55982337	    -11.34758451	     -4.37694086	      0.00000000	     -4.76950410	      9.23682662	      0.00000000	     -0.64298880	     -7.91020542	    -13.36718727	     -3.68535807	     14.89690267	     -1.95034353	      0.00000000	      5.39240677	      8.58799092	      0.00000000
      4.63333333	      4.39259938	     -2.67035122	    121.65030814	     -0.01612517	      0.27848086	      1.77929706	      3.90907293	     -2.59218800	     -9.28359475	      0.02877771	      5.70221043	     -6.95027868	     -0.02645407	     -0.00697033	     -0.02657366	      0.00000000	      0.00000000	      0.00000000	     -0.01998213	      0.07739785	     -0.01538476	      0.00000000	      0.00000000	      0.00000000	      0.05723120	      0.03364590	      0.01842568	     19.34447794	    136.24228997	    104.90314619	      9.20855391	      0.00000000	      0.00000000	      0.00000000	      0.00000000	    160.23066922	     60.52473636	     93.32325210	     53.87894418	      0.00000000	      0.00000000	      0.00000000	      0.00000000	     -1.70947551	     -5.21018025	     -8.85201851	     -1.37094236	    -10.36790350	     -4.13788602	      0.00000000	     -4.41499758	      7.29622500	      0.00000000	     -1.14586037	     -7.71876179	    -12.99089330	     -2.72152247	     14.89690267	     -1.64660081	      0.00000000	      6.52089185	      8.05621667	      0.00000000
      4.66666667	      3.98178656	     -2.27218995	    122.75389941	     -0.01674525	      0.27507921	      1.78139082	      3.54717062	     -2.84496126	    -10.27411430	      0.96606336	      5.94147901	     -6.84215634	     -0.02292262	     -0.01028252	     -0.02622800	      0.00000000	      0.00000000	      0.00000000	     -0.01718473	      0.07357667	     -0.01852489	      0.00000000	      0.00000000	      0.00000000	      0.05109711	      0.02762324	      0.02218767	     19.95885442	    136.86030805	    108.16084612	      8.12897997	      0.00000000	      0.00000000	      0.00000000	      0.00000000	    157.99591627	     59.63411094	     90.51987072	     52.94327500	      0.00000000	      0.00000000	      0.00000000	      0.00000000	     -3.36453633	     -5.40135333	     -9.16769718	     -0.06380584	     -9.01411279	     -3.72579053	      0.00000000	     -4.29369070	      3.63544046	      0.00000000	     -1.96089354	     -7.40270377	    -11.52275964	     -1.92626513	     14.89690267	     -1.62936208	      0.00000000	      7.10955742	      7.35907278	      0.00000000
      4.70000000	      3.66642358	     -2.09019644	    123.60652822	     -0.01713262	      0.27258491	      1.78379373	      3.48999154	     -3.11350931	    -10.85347706	      1.32175611	      5.16697854	     -6.60283673	     -0.02061487	     -0.01369827	     -0.02199646	      0.00000000	      0.00000000	      0.00000000	     -0.00779931	      0.06582012	     -0.01628280	      0.00000000	      0.00000000	      0.00000000	      0.04411477	      0.02706523	      0.02900924	     20.85854246	    138.16252481	    110.36656459	      9.34473775	      0.00000000	      0.00000000	      0.00000000	      0.00000000	    151.23175502	     61.51813315	     88.75590412	     56.72600221	      0.00000000	      0.00000000	      0.00000000	      0.00000000	     -4.48969683	     -5.65808608	    -10.44356036	      1.01304688	     -8.31703651	     -3.38847987	      0.00000000	     -3.76654759	      2.43258577	      0.00000000	     -2.53810619	     -7.12486941	    -10.16290916	     -1.14672042	     14.89690267	     -1.64041822	      0.00000000	      6.83193275	      7.39776481	      0.00000000
      4.73333333	      3.42454236	     -2.13118980	    124.31540806	     -0.01729037	      0.27094819	      1.78716334	      3.59744661	     -3.43144774	    -11.51370602	      1.38811482	      3.96899228	     -6.30310422	     -0.01875473	     -0.01604399	     -0.01725648	      0.00000000	      0.00000000	      0.00000000	     -0.00067185	      0.05830457	     -0.00757659	      0.00000000	      0.00000000	      0.00000000	      0.04168270	      0.03118437	      0.03240574	     21.40916056	    138.44855430	    107.70235828	     11.31082446	      0.00000000	      0.00000000	      0.00000000	      0.00000000	    144.95969233	     65.53217780	     89.17315600	     61.26915258	      0.00000000	      0.00000000	      0.00000000	      0.00000000	     -5.10527826	     -6.19807535	    -11.67647342	      1.77672735	     -8.72054385	     -2.79380120	      0.00000000	     -2.83344039	      3.34777417	      0.00000000	     -2.63336095	     -6.59388706	     -9.51402472	     -0.76984199	     14.89690267	     -2.21749728	      0.00000000	      6.48666114	      8.72356117	      0.00000000
      4.76666667	      3.27900542	     -2.10905030	    124.52346337	     -0.01719919	      0.26959829	      1.79061326	      3.83613600	     -3.55110578	    -12.05372840	      0.65552845	      2.19481756	     -5.63461942	     -0.01753986	     -0.01581886	     -0.01252543	      0.00000000	      0.00000000	      0.00000000	     -0.00151806	      0.05428945	     -0.00223183	      0.00000000	      0.00000000	      0.00000000	      0.04326565	      0.03285723	      0.02964893	     22.57207488	    136.82709698	    103.29679604	     11.82160968	      0.00000000	      0.00000000	      0.00000000	      0.00000000	    142.00088637	     69.03821340	     88.50749841	     63.03649701	      0.00000000	      0.00000000	      0.00000000	      0.00000000	     -5.39929191	     -6.73876102	    -12.47016462	      2.12707580	     -9.16791376	     -2.18219080	      0.00000000	     -1.64844430	      5.53488792	      0.00000000	     -2.69964363	     -6.16524797	     -9.86533762	     -0.57203505	     14.89690267	     -3.01687639	      0.00000000	      6.90986107	     11.15978467	      0.00000000
      4.80000000	      2.97640916	     -1.54774990	    124.46223346	     -0.01582171	      0.26891553	      1.79462102	      3.31495133	     -3.57908042	    -12.53769502	     -0.87761030	      0.33604519	     -6.11970322	     -0.01883837	     -0.01255885	     -0.01033465	      0.00000000	      0.00000000	      0.00000000	     -0.00581266	      0.04919463	     -0.00241805	      0.00000000	      0.00000000	      0.00000000	      0.04087317	      0.02502001	      0.01876208	     23.93175664	    135.14824303	    103.32856026	      9.16604022	      0.00000000	      0.00000000	      0.00000000	      0.00000000	    142.79818898	     70.51593648	     86.16817391	     62.04993385	      0.00000000	      0.00000000	      0.00000000	      0.00000000	     -5.74008248	     -6.98109689	    -12.23955316	      1.73038556	     -8.87777760	     -1.95650711	      0.00000000	     -0.97138112	      6.33621687	      0.00000000	     -3.07407603	     -6.06047968	    -10.25553996	     -0.82197157	     14.89690267	     -3.62277830	      0.00000000	      7.45284749	     12.29500387	      0.00000000
      4.83333333	      1.46284537	      0.57051240	    123.90760357	     -0.01549243	      0.26801815	      1.79737924	      0.72071735	     -3.64311331	    -12.18457678	     -2.19504495	     -1.40644545	     -8.08430870	     -0.01964733	     -0.00777962	     -0.01126210	      0.00000000	      0.00000000	      0.00000000	     -0.00657867	      0.04603244	     -0.00607498	      0.00000000	      0.00000000	      0.00000000	      0.03158375	      0.00973264	      0.00368317	     25.21328577	    133.80637689	    107.63877632	      4.33225321	      0.00000000	      0.00000000	      0.00000000	      0.00000000	    140.13823180	     71.08367113	     79.54319914	     62.09612168	      0.00000000	      0.00000000	      0.00000000	      0.00000000	     -8.18138444	     -7.31121181	    -12.49859196	      1.48000974	     -7.87496551	     -1.93121049	      0.00000000	     -0.70778835	      7.71660319	      0.00000000	     -5.96854035	     -5.64354732	    -12.41817999	     -0.41997759	     14.89690267	     -4.40363659	      0.00000000	      8.48688802	     15.34005389	      0.00000000
      4.86666667	     -0.64083274	      3.25409285	    123.95169896	     -0.01549275	      0.26681877	      1.79967542	     -2.88398607	     -4.13338041	    -12.41619038	     -3.32805739	     -2.91546506	     -9.62671919	     -0.02114720	     -0.00239317	     -0.00803040	      0.00000000	      0.00000000	      0.00000000	      0.00681830	      0.03871803	     -0.01067124	      0.00000000	      0.00000000	      0.00000000	      0.02197800	     -0.00423276	     -0.00089322	     29.02840910	    134.14109652	    112.06804988	      5.15842055	      0.00000000	      0.00000000	      0.00000000	      0.00000000	    124.87949943	     69.97674850	     62.74380384	     67.07166744	      0.00000000	      0.00000000	      0.00000000	      0.00000000	    -11.72457168	     -7.62235343	    -13.04763516	      1.51790197	     -6.65805082	     -1.95322670	      0.00000000	     -0.91843536	      7.30297750	      0.00000000	     -9.60976570	     -5.03028125	    -13.28439599	      0.01226131	     14.89690267	     -4.98473282	      0.00000000	      8.86939460	     16.35801154	      0.00000000
      4.90000000	     -2.88394204	      5.92403736	    124.01046487	     -0.01655491	      0.26510319	      1.80182333	     -6.54506133	     -4.67040793	    -12.26375954	     -3.38641861	     -2.58765710	    -12.14554913	     -0.01944112	      0.00100681	     -0.00958423	      0.00000000	      0.00000000	      0.00000000	      0.02372234	      0.02877480	     -0.01003444	      0.00000000	      0.00000000	      0.00000000	      0.01865456	     -0.01228614	      0.00165381	     36.69111434	    133.22171407	     99.80289952	     15.82556291	      0.00000000	      0.00000000	      0.00000000	      0.00000000	    104.71408478	     68.49158105	     46.21947936	     73.07107945	      0.00000000	      0.00000000	      0.00000000	      0.00000000	    -15.36807345	     -8.19491985	    -13.57888843	      1.60989229	     -6.97746497	     -1.63605226	      0.00000000	     -0.81601409	      8.33182336	      0.00000000	    -13.47994385	     -4.40380502	    -12.89191472	      0.65083096	     14.89690267	     -4.98473282	      0.00000000	      8.79308402	     15.04873043	      0.00000000
      4.93333333	     -5.31485222	      8.72718148	    124.54394157	     -0.01814037	      0.26294462	      1.80398801	    -10.72755004	     -5.17280201	    -12.39789936	     -2.24303839	     -1.70384542	    -13.91324613	     -0.01687386	      0.00231963	     -0.00829019	      0.00000000	      0.00000000	      0.00000000	      0.03225593	      0.02526691	     -0.00812051	      0.00000000	      0.00000000	      0.00000000	      0.01249266	     -0.01557225	      0.00956818	     51.96868094	    130.45061304	     97.57685969	     34.85787275	      0.00000000	      0.00000000	      0.00000000	      0.00000000	     86.75750602	     66.21087389	     33.78656890	     76.61015942	      0.00000000	      0.00000000	      0.00000000	      0.00000000	    -19.51465169	     -8.73918384	    -13.48722771	      2.06721495	     -8.62191587	     -1.26103308	      0.00000000	     -0.34642363	      9.62785933	      0.00000000	    -17.49723110	     -3.84520563	    -11.72935734	      1.22624254	     14.89690267	     -4.84195659	      0.00000000	      8.52012462	     13.07602707	      0.00000000
      4.96666667	     -6.45612924	     10.82920849	    124.23634844	     -0.01952686	      0.26095604	      1.80631017	    -13.58898868	     -4.81501156	    -12.05071670	     -1.19735873	     -1.12457880	    -14.34608965	     -0.01637686	      0.00220606	     -0.00507100	      0.00000000	      0.00000000	      0.00000000	      0.03484499	      0.02189766	     -0.00961373	      0.00000000	      0.00000000	      0.00000000	     -0.01109684	     -0.01674948	      0.01704572	     71.85686461	    130.22411047	    108.90305882	     54.41802162	      0.00000000	      0.00000000	      0.00000000	      0.00000000	     70.05551739	     62.48241679	     21.32413534	     77.82278203	      0.00000000	      0.00000000	      0.00000000	      0.00000000	    -21.93477732	     -8.92010155	    -12.30843118	      2.27591624	    -10.05661884	     -0.91441448	      0.00000000	      0.16367794	     10.24079878	      0.00000000	    -20.23286375	     -3.98985852	    -11.40757578	      1.69597987	     14.89690267	     -4.21585959	      0.00000000	      8.50447923	     10.52634104	      0.00000000
      5.00000000	     -6.38076832	     12.00937572	    123.21088636	     -0.01987688	      0.25916536	      1.80799902	    -14.87604739	     -4.08277865	    -11.36543409	      0.32709178	     -0.43705650	    -14.66369404	     -0.01273591	     -0.00032501	     -0.00419801	      0.00000000	      0.00000000	      0.00000000	      0.03263537	      0.02331750	     -0.01551647	      0.00000000	      0.00000000	      0.00000000	     -0.04097059	     -0.00745640	      0.02284172	     94.81043230	    134.71906928	    125.71061985	     72.05641100	      0.00000000	      0.00000000	      0.00000000	      0.00000000	     50.63782297	     53.69256929	      5.00949242	     81.13383160	      0.00000000	      0.00000000	      0.00000000	      0.00000000	    -22.48866720	     -8.83337930	    -10.17746915	      2.08292559	    -10.27515999	     -0.70717536	      0.00000000	      0.65854060	      8.66628935	      0.00000000	    -21.47643702	     -4.70312439	    -12.36267995	      1.98966524	     14.89690267	     -3.04851683	      0.00000000	      9.07491069	      8.82814791	      0.00000000
      5.03333333	     -5.80474017	     13.02038862	    121.62954297	     -0.01980002	      0.25770438	      1.80900795	    -15.86023520	     -2.97633792	    -10.51888444	      0.96300075	     -0.54643117	    -13.96093975	     -0.01211277	     -0.00189634	     -0.00384543	      0.00000000	      0.00000000	      0.00000000	      0.02839835	      0.02763878	     -0.02118354	      0.00000000	      0.00000000	      0.00000000	     -0.04831096	      0.00483871	      0.02131403	    114.66186089	    143.25445649	    141.28965518	     84.01434012	      0.00000000	      0.00000000	      0.00000000	      0.00000000	     34.27106018	     38.38945653	     -7.54475947	     85.87291826	      0.00000000	      0.00000000	      0.00000000	      0.00000000	    -22.41774469	     -8.58608262	     -8.12756316	      1.73103584	     -9.02366453	     -0.59677810	      0.00000000	      0.50100764	      6.19590987	      0.00000000	    -22.34938940	     -5.66539997	    -14.24618302	      2.07839339	     14.89690267	     -1.62744401	      0.00000000	      9.63858849	      7.93750283	      0.00000000
      5.06666667	     -4.92008353	     13.53566472	    119.85329045	     -0.01896389	      0.25647180	      1.80899212	    -16.26921273	     -2.06773552	     -8.88332554	      1.62817995	     -1.14740789	    -14.06904892	     -0.00880617	     -0.00353209	     -0.00511237	      0.00000000	      0.00000000	      0.00000000	      0.01233126	      0.02413297	     -0.02097244	      0.00000000	      0.00000000	      0.00000000	     -0.03359619	     -0.00369591	      0.01326606	    129.44392313	    151.72406499	    153.08029739	     85.92080314	      0.00000000	      0.00000000	      0.00000000	      0.00000000	     25.29440027	     24.43582723	    -14.26210579	     84.25880122	      0.00000000	      0.00000000	      0.00000000	      0.00000000	    -21.84368644	     -8.09750043	     -6.91290923	      1.65005061	     -7.52331118	     -0.80233039	      0.00000000	     -0.22469232	      4.66750604	      0.00000000	    -22.54753935	     -6.53492063	    -15.34244514	      1.75841862	     13.59247486	     -0.48075121	      0.00000000	     10.23743515	      7.83898447	      0.00000000
      5.10000000	     -4.16880934	     13.90571080	    118.30749945	     -0.01846749	      0.25527451	      1.80772869	    -16.54078713	     -1.36508765	     -7.35113160	      1.32909012	     -2.38431834	    -14.59801220	     -0.00559641	     -0.00294706	     -0.00759647	      0.00000000	      0.00000000	      0.00000000	     -0.01014537	      0.01514222	     -0.01858938	      0.00000000	      0.00000000	      0.00000000	     -0.02012301	     -0.02046423	      0.00704383	    141.40320170	    158.85017274	    160.99664493	     80.28980035	      0.00000000	      0.00000000	      0.00000000	      0.00000000	     21.53204687	     14.37868606	    -18.10701139	     75.29920094	      0.00000000	      0.00000000	      0.00000000	      0.00000000	    -21.58223506	     -7.50581221	     -6.55993421	      1.95701991	     -6.54822564	     -1.13192349	      0.00000000	     -0.47825831	      4.53215059	      0.00000000	    -22.80780295	     -7.03153083	    -15.97928099	      1.57924419	     12.86893307	     -0.08226708	      0.00000000	     10.47235593	      7.48936248	      0.00000000
      5.13333333	     -3.69817770	     14.43780880	    117.17650720	     -0.01833980	      0.25430675	      1.80465931	    -16.97673515	     -1.05355257	     -5.92254391	      0.08925348	     -4.08650625	    -14.90865409	     -0.00306883	     -0.00012667	     -0.00643695	      0.00000000	      0.00000000	      0.00000000	     -0.02071598	      0.00735475	     -0.01865325	      0.00000000	      0.00000000	      0.00000000	     -0.00904837	     -0.02626758	      0.00689454	    150.92927863	    169.02254289	    164.63791517	     71.49545991	      0.00000000	      0.00000000	      0.00000000	      0.00000000	     20.50929671	      3.82032590	    -22.34131928	     63.77017970	      0.00000000	      0.00000000	      0.00000000	      0.00000000	    -22.05613945	     -6.74618505	     -6.97946146	      2.73685937	     -6.57026833	     -1.61800590	      0.00000000	     -0.19787419	      5.74016109	      0.00000000	    -23.67434355	     -7.32506798	    -16.39324069	      2.05430752	     13.77663909	     -0.26387252	      0.00000000	     10.55316182	      6.52000593	      0.00000000
      5.16666667	     -3.55992912	     15.29452337	    116.39004798	     -0.01870637	      0.25409538	      1.80071039	    -17.91688488	     -0.99201254	     -4.78415562	     -1.08060154	     -5.60819235	    -15.24789165	     -0.00037701	      0.00296150	     -0.00355722	      0.00000000	      0.00000000	      0.00000000	     -0.01625953	     -0.00162193	     -0.02208214	      0.00000000	      0.00000000	      0.00000000	     -0.00313995	     -0.02317153	      0.00880449	    156.74312264	    180.32497987	    166.53871929	     57.74171908	      0.00000000	      0.00000000	      0.00000000	      0.00000000	     20.48541329	     -6.28948708	    -29.31616312	     47.70190612	      0.00000000	      0.00000000	      0.00000000	      0.00000000	    -23.08577839	     -6.11820654	     -7.40095370	      3.38625273	     -7.37479229	     -2.03174740	      0.00000000	      0.25343177	      7.72254915	      0.00000000	    -25.17567212	     -7.51536621	    -16.87072276	      2.92839563	     14.89690267	     -0.46682787	      0.00000000	     10.46158944	      5.62187820	      0.00000000
      5.20000000	     -3.63409492	     16.28388523	    115.96720243	     -0.01838041	      0.25499473	      1.79715379	    -19.44731247	     -1.22159906	     -3.49814245	     -0.58577203	     -6.20145794	    -15.46918738	      0.00360016	      0.00293746	      0.00227656	      0.00000000	      0.00000000	      0.00000000	     -0.01088347	     -0.01712709	     -0.02579555	      0.00000000	      0.00000000	      0.00000000	     -0.00551505	     -0.02427831	      0.00715833	    159.75780392	    188.97453670	    171.10572033	     40.70724934	      0.00000000	      0.00000000	      0.00000000	      0.00000000	     20.39981209	    -11.95029310	    -40.55146091	     29.00913387	      0.00000000	      0.00000000	      0.00000000	      0.00000000	    -24.01201646	     -5.50565192	     -6.82075821	      3.30443011	     -8.72489317	     -2.68718161	      0.00000000	      0.56673071	      9.17690576	      0.00000000	    -26.55043725	     -7.79702066	    -18.21288853	      3.23693288	     14.89690267	     -0.39339557	      0.00000000	     10.70583102	      6.99142929	      0.00000000
      5.23333333	     -3.58883516	     16.64466011	    115.44772714	     -0.01845551	      0.25654964	      1.79405946	    -20.27308165	     -1.63782132	     -2.68546920	     -0.64490434	     -4.52156142	    -15.43385450	      0.00366943	      0.00226519	      0.00435634	      0.00000000	      0.00000000	      0.00000000	     -0.00808332	     -0.02999522	     -0.02585937	      0.00000000	      0.00000000	      0.00000000	     -0.00900924	     -0.02814096	      0.00037381	    163.25672630	    196.65041377	    179.01332741	     29.13254652	      0.00000000	      0.00000000	      0.00000000	      0.00000000	     19.97124414	    -17.24743070	    -45.94398163	     19.18122244	      0.00000000	      0.00000000	      0.00000000	      0.00000000	    -24.01808310	     -5.50099501	     -5.34623101	      2.42593843	     -8.85262293	     -2.75010370	      0.00000000	      0.29956969	      8.14980872	      0.00000000	    -27.03491028	     -7.99368897	    -20.15525093	      2.82733024	     14.89690267	     -0.01238035	      0.00000000	     11.01726039	      8.63836135	      0.00000000
      5.26666667	     -3.59647166	     16.50188030	    114.76772224	     -0.01836753	      0.25846613	      1.79206034	    -20.73572405	     -2.34551394	     -1.77449918	      0.81552619	     -2.08209880	    -15.19220895	      0.00541772	     -0.00216519	      0.00828032	      0.00000000	      0.00000000	      0.00000000	     -0.00516647	     -0.02942664	     -0.02134843	      0.00000000	      0.00000000	      0.00000000	     -0.00698168	     -0.02208841	      0.00015454	    168.00786948	    205.22663696	    189.55085485	     22.51172175	      0.00000000	      0.00000000	      0.00000000	      0.00000000	     22.01326463	    -21.79162778	    -47.01901760	     17.14221778	      0.00000000	      0.00000000	      0.00000000	      0.00000000	    -23.45603665	     -5.90802846	     -3.70159320	      1.48922528	     -8.68873227	     -2.60743359	      0.00000000	     -0.38934365	      6.52627627	      0.00000000	    -26.78226710	     -7.91616581	    -21.83594779	      1.85039752	     14.89690267	      0.37481342	      0.00000000	     10.74229342	      9.21693612	      0.00000000
      5.30000000	     -3.58544978	     16.07325170	    114.06227915	     -0.01934719	      0.26009711	      1.79141740	    -20.85331890	     -2.74848140	     -1.46858991	      1.59438601	      1.09142449	    -15.09647197	      0.00409554	     -0.00544049	      0.00799401	      0.00000000	      0.00000000	      0.00000000	     -0.00076674	     -0.02022466	     -0.00312214	      0.00000000	      0.00000000	      0.00000000	     -0.00275101	     -0.00673331	      0.00066058	    174.04515319	    212.26728838	    205.63942161	     14.08970401	      0.00000000	      0.00000000	      0.00000000	      0.00000000	     23.27200010	    -24.70971711	    -47.23712234	     13.37643316	      0.00000000	      0.00000000	      0.00000000	      0.00000000	    -22.66990146	     -6.64874944	     -2.56119450	      0.83358693	     -9.07469707	     -2.02667426	      0.00000000	     -0.84037878	      5.98958089	      0.00000000	    -26.08465744	     -7.52622232	    -21.24268804	      0.79302798	     14.89690267	      0.24384901	      0.00000000	     10.16780047	      7.47819217	      0.00000000
      5.33333333	     -3.42531404	     15.95117518	    113.82515116	     -0.02180570	      0.26117208	      1.79148466	    -21.08755041	     -2.22993326	     -2.73926822	      2.06408156	      1.54454084	    -13.02151979	      0.00215174	     -0.00869529	      0.01533853	      0.00000000	      0.00000000	      0.00000000	      0.00668724	     -0.02221762	      0.00388484	      0.00000000	      0.00000000	      0.00000000	     -0.00495078	      0.00491101	      0.00116982	    171.31653704	    219.41945469	    241.89577512	     15.15841529	      0.00000000	      0.00000000	      0.00000000	      0.00000000	     23.60081109	    -25.91916597	    -62.61049505	      4.13414569	      0.00000000	      0.00000000	      0.00000000	      0.00000000	    -22.37632460	     -6.93738493	     -3.11927414	      0.76996779	    -10.58040081	     -1.57459829	      0.00000000	     -0.92972526	      8.70728942	      0.00000000	    -25.51226509	     -7.38020231	    -18.26919759	     -0.09085814	     14.89690267	     -0.20275625	      0.00000000	      9.50185650	      3.52109164	      0.00000000
      5.36666667	     -2.84339581	     16.43040214	    112.76231796	     -0.02389647	      0.26149031	      1.79106615	    -21.44205131	     -1.19015577	     -2.84297650	      1.66437712	      2.72140004	    -12.84868141	      0.00066992	     -0.00822901	      0.01371811	      0.00000000	      0.00000000	      0.00000000	     -0.00055158	     -0.01809407	      0.00476875	      0.00000000	      0.00000000	      0.00000000	     -0.00358842	      0.00271349	     -0.00335796	    166.37815310	    222.02391959	    257.11599124	     19.42187008	      0.00000000	      0.00000000	      0.00000000	      0.00000000	     24.20983164	    -29.22974196	    -76.69179140	      0.00000000	      0.00000000	      0.00000000	      0.00000000	      0.00000000	    -22.10748412	     -6.68163644	     -4.54685568	      0.30222832	     -9.12451603	     -1.52354275	      0.00000000	     -0.95136660	      9.74257649	      0.00000000	    -25.85765547	     -7.56565056	    -19.59966982	     -0.35891132	     14.89690267	     -0.68315405	      0.00000000	     10.13083325	      6.08205623	      0.00000000
      5.40000000	     -1.85190248	     16.81880408	    111.47497920	     -0.02599905	      0.26123252	      1.79172863	    -21.63508485	      0.32401699	     -3.72412811	      0.88855169	      2.76552992	    -12.04505899	     -0.00113554	     -0.00577043	      0.01104230	      0.00000000	      0.00000000	      0.00000000	     -0.00391640	     -0.00739129	      0.00926286	      0.00000000	      0.00000000	      0.00000000	     -0.01157575	     -0.00175772	     -0.01056563	    163.88408561	    222.26318551	    251.78138299	     19.68217384	      0.00000000	      0.00000000	      0.00000000	      0.00000000	     23.14290196	    -31.32733722	    -77.64832909	      0.00000000	      0.00000000	      0.00000000	      0.00000000	      0.00000000	    -21.30732718	     -6.22415741	     -4.92019004	     -0.68770873	     -7.20911804	     -1.62838499	      0.00000000	     -1.05315717	     10.08555901	      0.00000000	    -26.12678324	     -7.84853887	    -20.48109004	     -0.34921925	     14.89690267	     -1.17436040	      0.00000000	     10.60235805	      6.84994771	      0.00000000
      5.43333333	     -1.09402359	     16.87636784	    110.04532304	     -0.02540307	      0.26043453	      1.79320320	    -21.82464079	      0.98941125	     -3.01485147	      0.10711930	      2.74071985	    -13.65592716	     -0.00405396	     -0.00178147	      0.00616823	      0.00000000	      0.00000000	      0.00000000	     -0.01016250	     -0.00059295	      0.01106720	      0.00000000	      0.00000000	      0.00000000	     -0.01651620	      0.00224699	     -0.01703468	    164.43074092	    221.64506936	    235.97253546	     19.36334516	      0.00000000	      0.00000000	      0.00000000	      0.00000000	     20.23782150	    -30.57110436	    -72.91022151	      0.00000000	      0.00000000	      0.00000000	      0.00000000	      0.00000000	    -19.97935539	     -5.74365186	     -6.27172250	     -2.12053253	     -3.87161910	     -2.45446794	      0.00000000	     -0.45380735	     10.35020076	      0.00000000	    -26.11954886	     -7.88591846	    -22.48238883	     -0.40063744	     14.80713904	     -1.39791688	      0.00000000	     11.41037086	      8.41069572	      0.00000000
      5.46666667	     -0.44557158	     16.80901062	    109.46131234	     -0.02335237	      0.25943047	      1.79568585	    -22.19367739	      1.47280016	     -2.30071003	      0.37083551	      2.08591937	    -15.67371771	     -0.00581656	      0.00065687	      0.00463236	      0.00000000	      0.00000000	      0.00000000	     -0.01757534	      0.00172083	      0.00942873	      0.00000000	      0.00000000	      0.00000000	     -0.00916822	      0.00759596	     -0.02085069	    165.45571435	    218.70084245	    223.89856752	     17.90157465	      0.00000000	      0.00000000	      0.00000000	      0.00000000	     17.12835025	    -31.71299178	    -48.16293649	      5.92237294	      0.00000000	      0.00000000	      0.00000000	      0.00000000	    -18.96175358	     -4.91710780	     -6.26283802	     -2.92134381	     -3.24158623	     -3.35542752	      0.00000000	      0.12553144	     10.96912751	      0.00000000	    -25.81550108	     -8.26744014	    -22.04848916	     -0.42194628	     14.89690267	     -1.30525457	      0.00000000	     11.39564109	      6.26139369	      0.00000000
      5.50000000	      0.09338894	     16.71499404	    109.04186100	     -0.02128757	      0.25815564	      1.79862280	    -22.53977472	      1.81833676	     -1.91856127	      0.25219518	      1.65260953	    -16.95454560	     -0.00872554	      0.00333188	      0.00370900	      0.00000000	      0.00000000	      0.00000000	     -0.01802923	      0.00070973	      0.00713588	      0.00000000	      0.00000000	      0.00000000	     -0.00603094	      0.02274154	     -0.04545844	    164.83882650	    213.54151052	    217.31856414	     14.87673995	      0.00000000	      0.00000000	      0.00000000	      0.00000000	      5.40649834	    -30.35981028	     10.09510997	      8.88802143	      0.00000000	      0.00000000	      0.00000000	      0.00000000	    -18.36235099	     -4.13019258	     -4.20943531	     -2.92361470	     -5.14160051	     -3.96386252	      0.00000000	      0.71686101	     11.71104672	      0.00000000	    -25.54928454	     -8.80865344	    -21.87852407	     -0.35480699	     14.89690267	     -0.82665557	      0.00000000	     11.67288949	      4.53136123	      0.00000000
      5.53333333	     -0.05111936	     16.67720085	    109.16046526	     -0.02051250	      0.25697467	      1.80114996	    -22.92932036	      1.62971949	     -1.71555431	      0.17850910	      2.06247748	    -18.31104067	     -0.01039733	      0.00489509	      0.00192733	      0.00000000	      0.00000000	      0.00000000	     -0.01298990	     -0.00594258	      0.00808153	      0.00000000	      0.00000000	      0.00000000	     -0.00725287	      0.03117925	     -0.04002398	    163.04541438	    206.95257965	    215.85378888	     10.44975170	      0.00000000	      0.00000000	      0.00000000	      0.00000000	      5.91306071	    -25.83712121	     28.16169568	      4.96629747	      0.00000000	      0.00000000	      0.00000000	      0.00000000	    -18.60159171	     -4.14797252	     -3.69794457	     -2.21518564	     -5.52649240	     -3.95387974	      0.00000000	      0.87282379	     10.97164961	      0.00000000	    -25.46481528	     -8.92712475	    -22.41317800	     -0.35852023	     14.89690267	     -0.43728352	      0.00000000	     12.11030292	      4.85212788	      0.00000000
      5.56666667	     -0.56335249	     16.38390222	    109.78441573	     -0.02111707	      0.25583211	      1.80338143	    -22.77227931	      1.26115686	     -1.99062612	     -0.38340935	      2.33964110	    -18.97474679	     -0.01090237	      0.00542642	      0.00221466	      0.00000000	      0.00000000	      0.00000000	      0.00041374	     -0.02362173	      0.00712483	      0.00000000	      0.00000000	      0.00000000	      0.00749726	      0.01933992	     -0.02560165	    158.89663327	    202.07840056	    229.45360699	      8.52369915	      0.00000000	      0.00000000	      0.00000000	      0.00000000	     11.95459572	    -25.75521639	      6.62379915	      1.40311395	      0.00000000	      0.00000000	      0.00000000	      0.00000000	    -18.97171713	     -4.84457847	     -4.59148943	     -1.47236916	     -5.07164883	     -3.35180580	      0.00000000	      0.94294934	     10.00232700	      0.00000000	    -25.16589796	     -8.86187224	    -23.38322880	     -0.45887636	     14.89690267	      0.04182942	      0.00000000	     13.03188427	      7.23238309	      0.00000000
      5.60000000	     -1.49478490	     16.00795585	    110.55609181	     -0.02236897	      0.25484285	      1.80521728	    -22.35932492	      0.38262863	     -2.52229424	     -0.76113401	      3.05223451	    -19.26191957	     -0.00865750	      0.00470826	      0.00316209	      0.00000000	      0.00000000	      0.00000000	      0.01279127	     -0.04449336	      0.00407094	      0.00000000	      0.00000000	      0.00000000	      0.02069071	      0.00121367	     -0.01737869	    155.96329693	    198.16977619	    252.84620983	      9.63285394	      0.00000000	      0.00000000	      0.00000000	      0.00000000	     17.00727404	    -24.54209514	    -18.79508408	      0.00000000	      0.00000000	      0.00000000	      0.00000000	      0.00000000	    -19.58423181	     -6.12615698	     -6.96551915	     -0.62276795	     -3.92829394	     -2.44281909	      0.00000000	      0.76096979	      9.41899163	      0.00000000	    -24.96982657	     -8.26260323	    -24.38232787	     -0.38731830	     14.89690267	      0.45421480	      0.00000000	     13.72257104	      9.76654227	      0.00000000
      5.63333333	     -2.47061046	     15.75650133	    110.71438269	     -0.02400025	      0.25396437	      1.80716378	    -21.81675259	     -0.68581495	     -3.22688060	     -1.18800351	      4.04819678	    -19.02357205	     -0.00420445	      0.00411709	      0.00243145	      0.00000000	      0.00000000	      0.00000000	      0.01729562	     -0.05546400	      0.00049494	      0.00000000	      0.00000000	      0.00000000	      0.02636839	     -0.00979980	     -0.01791246	    157.80269469	    192.32745578	    273.24087948	     10.34721126	      0.00000000	      0.00000000	      0.00000000	      0.00000000	     18.13594283	    -20.39264444	    -25.50812658	      0.00000000	      0.00000000	      0.00000000	      0.00000000	      0.00000000	    -20.06904853	     -7.60788517	     -9.05263637	     -0.11000105	     -3.04650773	     -1.62662629	      0.00000000	      1.07357307	      9.79346552	      0.00000000	    -25.18249951	     -7.21764519	    -24.92549066	      0.14019539	     14.89690267	      0.86372221	      0.00000000	     13.44783586	     10.37251218	      0.00000000
      5.66666667	     -2.80023995	     15.67463008	    110.06818794	     -0.02536094	      0.25337744	      1.80946556	    -21.08788213	     -1.26140876	     -3.60711667	     -1.05401494	      4.40216131	    -17.80495878	      0.00220684	      0.00194129	      0.00303960	      0.00000000	      0.00000000	      0.00000000	      0.02203755	     -0.05648060	      0.00293843	      0.00000000	      0.00000000	      0.00000000	      0.02470191	     -0.01285240	     -0.01874718	    164.53659910	    186.88929143	    271.92011887	      7.62458942	      0.00000000	      0.00000000	      0.00000000	      0.00000000	     17.46657787	    -13.10165011	    -24.91885882	      0.00000000	      0.00000000	      0.00000000	      0.00000000	      0.00000000	    -20.19919968	     -8.44761804	     -9.16026553	      0.37473922	     -3.05239884	     -1.20567973	      0.00000000	      1.23936971	     10.01997200	      0.00000000	    -25.50637778	     -6.28780552	    -25.52806849	      0.89410824	     14.89690267	      0.79632241	      0.00000000	     12.85297540	     10.19597301	      0.00000000
      5.70000000	     -3.23630813	     16.82424032	    109.80780262	     -0.02608030	      0.25325944	      1.81132776	    -21.68941175	     -1.47793627	     -4.31201746	     -0.65378272	      4.55963582	    -17.11925546	      0.00841603	      0.00043853	      0.00244087	      0.00000000	      0.00000000	      0.00000000	      0.01519131	     -0.05327618	      0.02979839	      0.00000000	      0.00000000	      0.00000000	      0.01582255	     -0.01271790	     -0.01709175	    178.01999168	    179.22466219	    209.25643381	      0.64062563	      0.00000000	      0.00000000	      0.00000000	      0.00000000	     17.57282153	     -3.26438259	    -29.49432866	      0.00000000	      0.00000000	      0.00000000	      0.00000000	      0.00000000	    -21.78901754	     -8.52493549	     -9.22587000	      1.40247228	     -4.51123523	     -1.33273280	      0.00000000	      0.91788028	     12.48509210	      0.00000000	    -26.98735700	     -5.91936948	    -25.30550431	      1.51985383	     14.89690267	      0.74396935	      0.00000000	     11.90263545	      9.42661450	      0.00000000
      5.73333333	     -3.42586948	     17.92123777	    109.39790876	     -0.02638990	      0.25319948	      1.81315323	    -22.21004912	     -1.57995324	     -4.86271843	     -0.64112587	      4.64540277	    -16.04585973	      0.01215492	     -0.00007209	      0.00204248	      0.00000000	      0.00000000	      0.00000000	      0.01299541	     -0.05200531	      0.02353691	      0.00000000	      0.00000000	      0.00000000	      0.00324114	     -0.01911030	     -0.00650376	    176.86356450	    172.57287310	    220.17638911	      2.44177928	      0.00000000	      0.00000000	      0.00000000	      0.00000000	     21.12133698	      7.30517310	    -60.53188627	      0.00000000	      0.00000000	      0.00000000	      0.00000000	      0.00000000	    -23.00686346	     -8.33325333	     -7.88920659	      2.03786345	     -4.77056874	     -1.74439830	      0.00000000	      0.34376435	     12.06155657	      0.00000000	    -28.38429204	     -5.68020077	    -24.67953654	      2.09638765	     14.89690267	      0.60884555	      0.00000000	     11.23574212	      8.34221378	      0.00000000
      5.76666667	     -3.29692786	     18.25650833	    108.57942221	     -0.02652097	      0.25299216	      1.81446595	    -21.84518507	     -1.77734548	     -4.43274219	     -1.40188372	      4.23065403	    -15.30172437	      0.01289801	      0.00031028	      0.00308823	      0.00000000	      0.00000000	      0.00000000	      0.00361287	     -0.04602012	      0.02589609	      0.00000000	      0.00000000	      0.00000000	     -0.00694590	     -0.02450360	     -0.00746332	    175.56462217	    166.34949641	    212.03789564	      4.63833205	      0.00000000	      0.00000000	      0.00000000	      0.00000000	     22.35804593	     17.97231335	    -69.95051801	      0.23468672	      0.00000000	      0.00000000	      0.00000000	      0.00000000	    -23.17345827	     -8.19031984	     -6.83718340	      2.42095438	     -4.73330047	     -2.35784787	      0.00000000	     -0.22890952	     12.67867223	      0.00000000	    -29.10022330	     -5.42131863	    -23.86217695	      2.78290096	     14.89690267	      0.81840053	      0.00000000	     10.68781673	      6.09959996	      0.00000000
      5.80000000	     -3.26455274	     17.61900820	    108.44582896	     -0.02653092	      0.25278616	      1.81500158	    -20.56548757	     -2.25245257	     -4.02627800	     -2.41249211	      4.44422948	    -15.83874367	      0.01262077	      0.00158963	      0.00171438	      0.00000000	      0.00000000	      0.00000000	     -0.00959077	     -0.04131134	      0.02659477	      0.00000000	      0.00000000	      0.00000000	     -0.00642905	     -0.02546967	     -0.00531392	    174.54266450	    159.68744099	    194.77503446	      7.71561601	      0.00000000	      0.00000000	      0.00000000	      0.00000000	     24.11106550	     25.71737685	    -64.00792877	      4.81730697	      0.00000000	      0.00000000	      0.00000000	      0.00000000	    -22.50458584	     -8.13687720	     -6.52020207	      2.56398186	     -4.69820223	     -2.99730022	      0.00000000	     -0.59739601	     12.67684753	      0.00000000	    -28.71311654	     -5.08674277	    -23.04084793	      3.36008180	     14.89690267	      0.85990741	      0.00000000	     10.42808056	      4.64062485	      0.00000000
      5.83333333	     -3.28262277	     16.77233053	    108.86570777	     -0.02675780	      0.25271360	      1.81474147	    -19.19574578	     -2.56596472	     -3.28322974	     -3.67603648	      4.24696883	    -17.46690372	      0.01033562	      0.00333428	      0.00010950	      0.00000000	      0.00000000	      0.00000000	     -0.01920122	     -0.04269484	      0.01934898	      0.00000000	      0.00000000	      0.00000000	     -0.00116288	     -0.02121959	     -0.00341058	    172.89395258	    152.39204993	    184.21306455	     12.14230493	      0.00000000	      0.00000000	      0.00000000	      0.00000000	     23.82625422	     31.60086233	    -50.48404302	     11.12403187	      0.00000000	      0.00000000	      0.00000000	      0.00000000	    -21.87223147	     -8.03116120	     -6.90310000	      2.72399760	     -4.20776744	     -3.60310258	      0.00000000	     -0.51282204	     12.41777715	      0.00000000	    -27.96027001	     -4.92269641	    -22.20553032	      3.77751017	     14.73205335	      0.70025040	      0.00000000	      9.99072644	      4.03772479	      0.00000000
      5.86666667	     -3.63378889	     15.92730538	    110.13530091	     -0.02796953	      0.25290749	      1.81390624	    -17.95963588	     -2.94714206	     -3.68573412	     -5.40044019	      5.00273103	    -18.40424413	      0.00669533	      0.00637870	     -0.00397853	      0.00000000	      0.00000000	      0.00000000	     -0.01513641	     -0.04798161	      0.00814958	      0.00000000	      0.00000000	      0.00000000	      0.00299727	     -0.01528053	     -0.00334620	    170.13369582	    146.20690818	    187.63873784	     16.96441250	      0.00000000	      0.00000000	      0.00000000	      0.00000000	     20.86960844	     35.88645378	    -37.18699309	     18.39259420	      0.00000000	      0.00000000	      0.00000000	      0.00000000	    -21.77065609	     -8.27233621	     -7.80036315	      3.10395740	     -3.59766252	     -3.69795369	      0.00000000	     -0.59816595	     11.69625636	      0.00000000	    -26.96066216	     -4.76547499	    -21.44073043	      3.71471590	     14.64552991	      0.31633717	      0.00000000	      9.91242634	      5.23602482	      0.00000000
      5.90000000	     -4.11079676	     15.32195569	    111.45175988	     -0.02951126	      0.25322795	      1.81330606	    -17.20808592	     -3.43190353	     -4.49003093	     -6.89031802	      4.95701240	    -17.93925912	      0.00199167	      0.00823263	     -0.00309946	      0.00000000	      0.00000000	      0.00000000	     -0.01011554	     -0.05377322	      0.00230914	      0.00000000	      0.00000000	      0.00000000	      0.00259504	     -0.01311748	     -0.00240044	    167.77473090	    140.43669643	    194.31108244	     20.14107235	      0.00000000	      0.00000000	      0.00000000	      0.00000000	     16.87573587	     41.07965189	    -34.33870060	     23.28272583	      0.00000000	      0.00000000	      0.00000000	      0.00000000	    -21.98268749	     -8.66666782	     -8.82660078	      3.53152955	     -3.26411205	     -3.45576256	      0.00000000	     -0.70990793	     10.76869284	      0.00000000	    -26.07115743	     -4.45511825	    -21.25562788	      3.33599100	     14.89690267	     -0.14342379	      0.00000000	      9.98611098	      7.13117302	      0.00000000
      5.93333333	     -4.65989853	     15.01342428	    112.61603092	     -0.03200173	      0.25347295	      1.81339724	    -16.92859190	     -3.85050111	     -5.67178886	     -7.88361671	      4.96833018	    -16.76926590	     -0.00167212	      0.00911036	     -0.00245228	      0.00000000	      0.00000000	      0.00000000	     -0.00731859	     -0.05543703	      0.00084742	      0.00000000	      0.00000000	      0.00000000	      0.00421230	     -0.01206555	     -0.00070943	    166.37819944	    136.91661164	    197.87261390	     24.81828782	      0.00000000	      0.00000000	      0.00000000	      0.00000000	     12.07051243	     45.93011322	    -38.26769070	     26.64126795	      0.00000000	      0.00000000	      0.00000000	      0.00000000	    -22.42057379	     -9.34792865	     -9.39422283	      3.77387486	     -3.57896281	     -2.73089824	      0.00000000	     -1.00972313	     10.15927175	      0.00000000	    -25.46534769	     -4.01383757	    -21.10550038	      2.78288370	     14.89690267	     -0.48504559	      0.00000000	     10.34620672	      9.08247346	      0.00000000
      5.96666667	     -5.24346609	     14.98559237	    113.79617804	     -0.03441074	      0.25382009	      1.81381440	    -17.20105976	     -4.29408898	     -7.02639862	     -8.34211394	      4.35100349	    -15.18071154	     -0.00500229	      0.00827255	      0.00161865	      0.00000000	      0.00000000	      0.00000000	     -0.00809464	     -0.05281594	      0.00195828	      0.00000000	      0.00000000	      0.00000000	      0.00645305	     -0.01402190	      0.00111570	    166.70762263	    135.73575647	    196.56168733	     31.43062909	      0.00000000	      0.00000000	      0.00000000	      0.00000000	      7.33269277	     51.18591506	    -48.25859736	     28.27970744	      0.00000000	      0.00000000	      0.00000000	      0.00000000	    -23.11592911	     -9.78222912	     -9.69322285	      3.97584182	     -5.12613283	     -2.12671827	      0.00000000	     -1.44343841	      9.83332357	      0.00000000	    -25.11390350	     -3.66098244	    -21.54564161	      2.04558300	     14.89690267	     -0.80498720	      0.00000000	     10.80395925	     11.13457441	      0.00000000
      6.00000000	     -5.36610172	     15.66250201	    113.97578063	     -0.03711751	      0.25384782	      1.81316418	    -17.80058359	     -4.19335952	     -6.84538085	     -8.08109171	      4.50899165	    -15.65211654	     -0.00433823	      0.00711256	     -0.00081727	      0.00000000	      0.00000000	      0.00000000	     -0.01326804	     -0.04839892	      0.00265566	      0.00000000	      0.00000000	      0.00000000	      0.01092465	     -0.01640166	     -0.00041979	    167.23666366	    135.90480348	    193.90816578	     38.22802520	      0.00000000	      0.00000000	      0.00000000	      0.00000000	      1.61873206	     55.32173725	    -60.10363075	     29.89452974	      0.00000000	      0.00000000	      0.00000000	      0.00000000	    -23.92401881	     -9.80891404	     -7.72221975	      3.80375293	     -8.23110108	     -1.87264842	      0.00000000	     -1.50530027	     10.91540326	      0.00000000	    -25.82351734	     -3.69556157	    -21.69267531	      1.83701560	     14.89690267	     -0.86151277	      0.00000000	     11.23892406	     10.47126547	      0.00000000
      6.03333333	     -4.93549472	     16.12723312	    113.53678841	     -0.03833867	      0.25421724	      1.81251209	    -18.36169335	     -4.13480157	     -6.61206831	     -6.90882291	      4.49122971	    -14.21447197	     -0.00496579	      0.00388410	      0.00191156	      0.00000000	      0.00000000	      0.00000000	     -0.02009876	     -0.04679031	      0.00145981	      0.00000000	      0.00000000	      0.00000000	      0.00425824	     -0.01772583	      0.00000595	    167.12574063	    135.75040030	    193.96971801	     43.57435717	      0.00000000	      0.00000000	      0.00000000	      0.00000000	     -0.48878736	     57.95927645	    -65.11144750	     32.26518671	      0.00000000	      0.00000000	      0.00000000	      0.00000000	    -23.87589241	     -9.37152898	     -4.85491764	      3.24646364	    -10.99708687	     -2.11475841	      0.00000000	     -1.35414876	     11.27958795	      0.00000000	    -26.14911608	     -4.27434198	    -20.47113158	      1.42022242	     14.89690267	     -0.59854755	      0.00000000	     10.99462444	      7.50518714	      0.00000000
      6.06666667	     -4.63926712	     16.23425517	    112.96971898	     -0.03991969	      0.25429739	      1.81116051	    -18.64065642	     -4.32159630	     -5.99901590	     -6.05125729	      5.01208643	    -13.73061741	     -0.00691311	      0.00228059	      0.00055579	      0.00000000	      0.00000000	      0.00000000	     -0.02810506	     -0.04687573	     -0.00070280	      0.00000000	      0.00000000	      0.00000000	     -0.01020065	     -0.01710642	     -0.00235304	    165.83312903	    135.28151667	    194.96173056	     46.54272286	      0.00000000	      0.00000000	      0.00000000	      0.00000000	     -1.98415712	     58.85526630	    -64.73955285	     33.60291094	      0.00000000	      0.00000000	      0.00000000	      0.00000000	    -23.35435049	     -9.44733469	     -0.50627747	      2.16085693	    -13.49918939	     -2.17448815	      0.00000000	     -0.71038460	     10.13851031	      0.00000000	    -26.29571346	     -4.47836048	    -17.65906454	      1.11460234	     14.89690267	     -0.29081908	      0.00000000	     10.55959008	      2.64818663	      0.00000000
      6.10000000	     -4.52578999	     15.72300408	    112.34212578	     -0.04209862	      0.25420966	      1.80901620	    -18.36273020	     -5.06834191	     -5.72395254	     -5.44573423	      5.74659156	    -13.02412491	     -0.00933004	      0.00138477	     -0.00088354	      0.00000000	      0.00000000	      0.00000000	     -0.03119726	     -0.05118483	     -0.00097091	      0.00000000	      0.00000000	      0.00000000	     -0.02795524	     -0.01824298	     -0.00231916	    165.21934620	    134.67009654	    196.07709905	     48.32893938	      0.00000000	      0.00000000	      0.00000000	      0.00000000	     -1.59327259	     59.25493650	    -62.16059320	     34.00077189	      0.00000000	      0.00000000	      0.00000000	      0.00000000	    -22.41972403	    -10.05531573	      1.49819436	      1.27832913	    -13.65431285	     -1.83994134	      0.00000000	     -0.48826418	      8.28002571	      0.00000000	    -25.99395304	     -4.18937567	    -15.90798236	      1.05558100	     14.89690267	     -0.00669438	      0.00000000	     10.05968572	      0.40595477	      0.00000000
      6.13333333	     -4.55439489	     15.24497131	    111.99218453	     -0.04526612	      0.25371619	      1.80629657	    -18.05108048	     -5.80674836	     -5.71516310	     -6.01532428	      6.04955558	    -12.84541580	     -0.01328483	      0.00322792	     -0.00231343	      0.00000000	      0.00000000	      0.00000000	     -0.02960473	     -0.05661497	      0.00102411	      0.00000000	      0.00000000	      0.00000000	     -0.03479633	     -0.01975110	     -0.00016733	    166.13704231	    134.70062767	    196.40374939	     49.64456213	      0.00000000	      0.00000000	      0.00000000	      0.00000000	     -0.60691168	     58.82653040	    -61.93078714	     34.79070935	      0.00000000	      0.00000000	      0.00000000	      0.00000000	    -21.54033330	    -10.70624067	      1.66110741	      0.27418132	    -12.79970218	     -1.41717129	      0.00000000	     -0.12736897	      7.14591265	      0.00000000	    -25.73941540	     -3.73620804	    -15.44176290	      1.11920763	     14.89690267	      0.04356611	      0.00000000	     10.17111483	      0.58469473	      0.00000000
      6.16666667	     -4.43017360	     14.60722438	    111.95639669	     -0.05015513	      0.25280360	      1.80356635	    -17.39109005	     -6.03778320	     -6.16365767	     -7.20066958	      5.56791697	    -13.06389653	     -0.01650465	      0.00593181	     -0.00477842	      0.00000000	      0.00000000	      0.00000000	     -0.02556146	     -0.05669016	     -0.00000254	      0.00000000	      0.00000000	      0.00000000	     -0.02830441	     -0.02072049	      0.00255761	    167.55657500	    137.31135148	    196.23202861	     51.94176159	      0.00000000	      0.00000000	      0.00000000	      0.00000000	      0.46852422	     56.70024973	    -64.09285418	     36.57090493	      0.00000000	      0.00000000	      0.00000000	      0.00000000	    -20.47977376	    -11.21227477	      0.01033242	     -0.80552045	    -11.13894815	     -0.96710846	      0.00000000	      0.44321429	      6.63264315	      0.00000000	    -25.25520133	     -3.17590426	    -16.58095717	      1.29102008	     14.89690267	     -0.47138167	      0.00000000	     10.59439467	      3.20048474	      0.00000000
      6.20000000	     -4.49712337	     14.33054065	    112.13616090	     -0.05660852	      0.25187047	      1.80125257	    -17.13281876	     -6.01818685	     -6.44897664	     -8.90552176	      4.33938369	    -14.09417640	     -0.01892129	      0.00952541	     -0.00687616	      0.00000000	      0.00000000	      0.00000000	     -0.02070665	     -0.04705209	     -0.00621172	      0.00000000	      0.00000000	      0.00000000	     -0.01508197	     -0.02107732	      0.00420739	    167.99388759	    144.17586142	    195.26771566	     55.98956927	      0.00000000	      0.00000000	      0.00000000	      0.00000000	      0.62580662	     52.97797195	    -67.87946900	     38.12078144	      0.00000000	      0.00000000	      0.00000000	      0.00000000	    -19.79512670	    -11.76177923	     -2.63081141	     -2.06204003	     -9.00846289	     -0.66356207	      0.00000000	      1.22930728	      6.98151396	      0.00000000	    -25.11942993	     -2.43815499	    -18.81106956	      1.31297413	     14.89690267	     -1.35637553	      0.00000000	     11.29417229	      7.47093162	      0.00000000
      6.23333333	     -4.73615894	     14.36598666	    112.46625318	     -0.06429008	      0.25076879	      1.79905962	    -17.17612299	     -5.84458823	     -6.27688659	    -10.71677323	      2.66256483	    -16.02154808	     -0.01943818	      0.01305816	     -0.00892755	      0.00000000	      0.00000000	      0.00000000	     -0.01249444	     -0.03254546	     -0.01541506	      0.00000000	      0.00000000	      0.00000000	     -0.00678548	     -0.02135086	      0.00537336	    167.27004469	    154.42592489	    194.25578847	     59.69060914	      0.00000000	      0.00000000	      0.00000000	      0.00000000	      0.70790984	     48.13699482	    -70.54215797	     38.39289766	      0.00000000	      0.00000000	      0.00000000	      0.00000000	    -19.49352296	    -12.38882206	     -5.28550406	     -3.44913399	     -6.63302256	     -0.44933888	      0.00000000	      1.72984390	      6.99319585	      0.00000000	    -25.32801803	     -1.52007814	    -21.12574128	      1.18640528	     14.89690267	     -2.55469079	      0.00000000	     12.19358462	     11.98904415	      0.00000000
      6.26666667	     -4.99093979	     14.47950509	    112.62153692	     -0.07276929	      0.24972173	      1.79689430	    -17.25097126	     -5.55578792	     -5.70212931	    -11.95093327	      1.46606656	    -18.15127838	     -0.01708029	      0.01485645	     -0.01274843	      0.00000000	      0.00000000	      0.00000000	     -0.00472152	     -0.02440559	     -0.02177814	      0.00000000	      0.00000000	      0.00000000	     -0.00848854	     -0.02207459	      0.00486937	    166.17239348	    163.39648354	    194.57010256	     58.00511087	      0.00000000	      0.00000000	      0.00000000	      0.00000000	      2.14402122	     42.52549454	    -70.30981587	     38.22146820	      0.00000000	      0.00000000	      0.00000000	      0.00000000	    -19.04381151	    -13.08343595	     -8.00387148	     -5.19797970	     -3.14136495	     -0.47961618	      0.00000000	      1.88472406	      6.15579345	      0.00000000	    -25.61607251	     -0.56477339	    -23.72778869	      0.99362514	     14.89690267	     -3.61976027	      0.00000000	     13.60502965	     16.86826943	      0.00000000
      6.30000000	     -5.12669381	     14.85260144	    112.50630874	     -0.08071306	      0.24904848	      1.79465563	    -17.67038413	     -5.26225391	     -4.81345654	    -12.40914336	      0.92002846	    -18.86429534	     -0.01409911	      0.01475157	     -0.01398087	      0.00000000	      0.00000000	      0.00000000	     -0.00935376	     -0.02627129	     -0.02079519	      0.00000000	      0.00000000	      0.00000000	     -0.01422609	     -0.02163647	      0.00204534	    165.40825583	    166.65994109	    197.16598697	     47.57902287	      0.00000000	      0.00000000	      0.00000000	      0.00000000	      4.63714246	     36.18924199	    -68.79463519	     37.74087353	      0.00000000	      0.00000000	      0.00000000	      0.00000000	    -18.44134420	    -13.63110559	     -8.84997701	     -7.28098057	     -1.63352387	     -0.36488912	      0.00000000	      1.83861440	      5.37668736	      0.00000000	    -26.07115876	      0.00670176	    -24.28226835	      0.60521268	     14.89690267	     -4.05577341	      0.00000000	     14.64828354	     17.90466057	      0.00000000
      6.33333333	     -4.99888569	     15.29472791	    112.18424086	     -0.08738793	      0.24913952	      1.79223694	    -18.26897123	     -5.03588174	     -3.29134425	    -11.76387464	      1.72130435	    -17.81815508	     -0.01098052	      0.01237021	     -0.01257079	      0.00000000	      0.00000000	      0.00000000	     -0.01951883	     -0.03267509	     -0.01351229	      0.00000000	      0.00000000	      0.00000000	     -0.01113281	     -0.01937542	     -0.00237267	    166.06714783	    167.88195717	    200.07806641	     33.49158011	      0.00000000	      0.00000000	      0.00000000	      0.00000000	      6.55791207	     28.53214636	    -67.65420028	     35.85765063	      0.00000000	      0.00000000	      0.00000000	      0.00000000	    -17.22736319	    -13.82674729	     -9.09395527	    -10.03562530	     -1.09745420	     -0.39883485	      0.00000000	      1.59371767	      4.93920053	      0.00000000	    -26.40928705	      0.00756779	    -24.43837664	      0.03903782	     14.89690267	     -3.78906171	      0.00000000	     15.17268046	     17.48138281	      0.00000000
      6.36666667	     -4.59406939	     15.78290099	    111.19563456	     -0.09283431	      0.24964654	      1.79041264	    -19.13827260	     -4.84192071	     -2.28389390	     -9.99552322	      2.37704499	    -15.26654634	     -0.00756045	      0.00750379	     -0.00887212	      0.00000000	      0.00000000	      0.00000000	     -0.02383178	     -0.03811634	     -0.00606536	      0.00000000	      0.00000000	      0.00000000	     -0.00628517	     -0.02116357	     -0.00292947	    167.83047179	    170.04279664	    203.71001553	     19.87995295	      0.00000000	      0.00000000	      0.00000000	      0.00000000	      8.76142635	     21.16329663	    -65.91090059	     31.16331982	      0.00000000	      0.00000000	      0.00000000	      0.00000000	    -15.18254088	    -13.62969131	     -8.19320171	    -13.55920560	     -0.11211140	     -1.06570064	      0.00000000	      1.31270891	      3.94932471	      0.00000000	    -26.39389247	     -0.26748676	    -24.66952293	     -1.33438210	     14.89690267	     -3.28354611	      0.00000000	     15.69701183	     15.81656662	      0.00000000
      6.40000000	     -4.01728132	     16.46147156	    110.21991503	     -0.09681544	      0.25064835	      1.78895971	    -20.46470395	     -4.61174927	     -1.50168906	     -8.47863330	      3.17864645	    -12.35075382	     -0.00621001	      0.00379401	     -0.00443504	      0.00000000	      0.00000000	      0.00000000	     -0.01953842	     -0.04536567	     -0.00757497	      0.00000000	      0.00000000	      0.00000000	     -0.00156413	     -0.02732252	     -0.00024366	    168.67249239	    176.12922437	    203.48483565	     13.19604845	      0.00000000	      0.00000000	      0.00000000	      0.00000000	     10.75250873	     14.87965291	    -63.56806062	     24.14438552	      0.00000000	      0.00000000	      0.00000000	      0.00000000	    -12.76663739	    -13.02208186	     -6.96091251	    -17.98621721	      0.91493509	     -1.61932816	      0.00000000	      0.35454594	      1.20796528	      0.00000000	    -26.48955009	     -0.87854375	    -24.89745194	     -2.79838922	     14.89690267	     -2.90645387	      0.00000000	     15.80195043	     14.50945472	      0.00000000
      6.43333333	     -3.27648127	     17.48177311	    109.48394958	     -0.10016936	      0.25156532	      1.78758832	    -22.22954774	     -4.13295206	     -1.19237300	     -7.44730272	      3.44961347	    -10.07249941	     -0.00523999	      0.00182918	      0.00049157	      0.00000000	      0.00000000	      0.00000000	     -0.00790776	     -0.05666193	     -0.01673427	      0.00000000	      0.00000000	      0.00000000	     -0.00083252	     -0.03486323	      0.00665410	    167.56705687	    185.48664288	    201.09693806	     15.68256109	      0.00000000	      0.00000000	      0.00000000	      0.00000000	     14.21715637	      9.20740665	    -60.98330989	     18.59387621	      0.00000000	      0.00000000	      0.00000000	      0.00000000	    -10.35200263	    -12.01796430	     -5.40485068	    -23.23211201	      2.57861859	     -1.88447929	      0.00000000	     -1.16091962	     -2.94379285	      0.00000000	    -26.90109662	     -1.85895553	    -24.95756617	     -4.22964946	     14.25272847	     -2.71676448	      0.00000000	     16.08453617	     14.88000004	      0.00000000
      6.46666667	     -2.29904978	     18.84507263	    108.97273748	     -0.10270949	      0.25196563	      1.78678702	    -24.60991362	     -3.37099504	     -1.61747540	     -6.96649407	      3.25140006	     -8.32870647	     -0.00683816	      0.00269871	      0.00572183	      0.00000000	      0.00000000	      0.00000000	     -0.00215029	     -0.06646023	     -0.01926616	      0.00000000	      0.00000000	      0.00000000	     -0.00333328	     -0.03580030	      0.01148677	    167.35582290	    193.01393064	    197.09996282	     19.60644573	      0.00000000	      0.00000000	      0.00000000	      0.00000000	     18.30097667	      3.62255643	    -60.92518600	     13.98920384	      0.00000000	      0.00000000	      0.00000000	      0.00000000	     -7.70700104	    -10.63654097	     -3.80026452	    -29.31117810	      3.96044595	     -1.87998173	      0.00000000	     -3.09840848	     -6.70277294	      0.00000000	    -27.60970664	     -3.30896193	    -25.70378568	     -5.49382014	     13.64393954	     -2.42594776	      0.00000000	     16.63898643	     16.20362634	      0.00000000
      6.50000000	     -1.07393214	     20.89468931	    108.33392223	     -0.10487309	      0.25213557	      1.78549880	    -27.63397603	     -2.05794564	     -1.48954793	     -6.82015491	      2.37909431	     -7.04957789	     -0.00836870	      0.00560105	      0.01019906	      0.00000000	      0.00000000	      0.00000000	     -0.00667267	     -0.06651262	     -0.01191749	      0.00000000	      0.00000000	      0.00000000	     -0.00061512	     -0.02985168	      0.00995896	    169.02985915	    197.27258925	    191.26430537	     18.67411470	      0.00000000	      0.00000000	      0.00000000	      0.00000000	     21.45518968	     -1.86122171	    -70.84563267	      7.80738673	      0.00000000	      0.00000000	      0.00000000	      0.00000000	     -5.51411362	     -8.61211487	     -0.97727195	    -34.98218987	      3.64245201	     -1.81392442	      0.00000000	     -5.67274678	     -8.83011028	      0.00000000	    -29.18768068	     -5.33115894	    -27.45003187	     -6.41836397	     13.22848218	     -1.67024893	      0.00000000	     16.90261969	     18.64059046	      0.00000000
      6.53333333	     -0.07745835	     24.47981122	    108.09477164	     -0.10731412	      0.25292878	      1.78218138	    -32.07864030	     -0.43841865	     -1.29935535	     -6.54445607	      3.05337301	     -6.84398082	     -0.00716045	      0.00966864	      0.00810095	      0.00000000	      0.00000000	      0.00000000	     -0.01678813	     -0.05905829	      0.00121284	      0.00000000	      0.00000000	      0.00000000	      0.00349061	     -0.02429713	      0.00844861	    171.52028350	    198.62111768	    186.32069604	     11.49377368	      0.00000000	      0.00000000	      0.00000000	      0.00000000	     24.63635983	     -6.68765293	   -107.83124899	      0.00000000	      0.00000000	      0.00000000	      0.00000000	      0.00000000	     -5.65222219	     -6.38738414	      3.51684793	    -38.72041162	     -1.85895914	     -0.83180798	      0.00000000	     -7.10252684	     -3.00130940	      0.00000000	    -32.96940877	     -7.66225447	    -29.44896262	     -6.30296368	     12.51408674	     -0.66096204	      0.00000000	     16.55600956	     21.79813456	      0.00000000
      6.56666667	      1.37322834	     25.86075311	    107.32178892	     -0.10891149	      0.25425743	      1.78038026	    -34.31000900	      0.74066229	     -1.03538518	     -6.47068809	      2.76729231	     -6.33389706	     -0.00626015	      0.01166349	      0.00888251	      0.00000000	      0.00000000	      0.00000000	     -0.02937824	     -0.05207932	      0.01417475	      0.00000000	      0.00000000	      0.00000000	      0.01343200	     -0.02725730	      0.00695897	    173.61747947	    197.94248633	    185.80336208	      2.14779615	      0.00000000	      0.00000000	      0.00000000	      0.00000000	     29.05789904	    -13.00688122	   -110.21986313	      0.00000000	      0.00000000	      0.00000000	      0.00000000	      0.00000000	     -3.66329040	     -4.69273678	      5.11557446	    -41.56922743	     -0.83985085	     -1.74792751	      0.00000000	     -9.16710399	      0.02759353	      0.00000000	    -34.37626089	     -9.63107602	    -28.98511381	     -6.40080012	     11.75136691	      0.56995141	      0.00000000	     16.57369033	     21.68482789	      0.00000000
      6.60000000	      2.87328799	     28.05280921	    106.28000332	     -0.11009016	      0.25658149	      1.77752288	    -37.28931084	      2.13088525	      0.10323378	     -6.12779077	      2.50007223	     -6.80439584	     -0.00344328	      0.01290130	      0.00703497	      0.00000000	      0.00000000	      0.00000000	     -0.03320616	     -0.04645568	      0.02287777	      0.00000000	      0.00000000	      0.00000000	      0.02377741	     -0.02729130	     -0.00215148	    175.00029757	    199.60627072	    193.62736029	      0.00000000	      0.00000000	      0.00000000	      0.00000000	      0.00000000	     30.36097626	    -17.71452114	    -78.88649384	      0.00000000	      0.00000000	      0.00000000	      0.00000000	      0.00000000	     -3.51990950	     -2.70482414	      3.87442644	    -42.57866764	      1.51013377	     -4.00403789	      0.00000000	     -8.51049951	      7.57920099	      0.00000000	    -37.22504076	    -11.62980984	    -28.39076269	     -5.59550476	      9.96101446	      2.02550549	      0.00000000	     16.44637433	     21.72512126	      0.00000000
      6.63333333	      4.96585310	     28.38355549	    104.61165169	     -0.11102717	      0.25908513	      1.77634826	    -38.61062436	      3.42294428	      1.37484761	     -5.43797183	      2.78590025	     -7.20972537	     -0.00153669	      0.01189122	      0.00203857	      0.00000000	      0.00000000	      0.00000000	     -0.03344864	     -0.04261345	      0.02436512	      0.00000000	      0.00000000	      0.00000000	      0.02220965	     -0.02251041	     -0.01163222	    174.30517210	    201.63052167	    202.15068611	      4.45090170	      0.00000000	      0.00000000	      0.00000000	      0.00000000	     29.92584760	    -18.44212990	    -44.13222505	      1.23792544	      0.00000000	      0.00000000	      0.00000000	      0.00000000	     -2.09218481	     -1.03037091	      1.28579791	    -42.28328247	      6.82925843	     -4.98473282	      0.00000000	     -5.59317488	     12.35057638	      0.00000000	    -37.98471321	    -13.12443775	    -27.19309894	     -4.90853966	      9.47603839	      3.14480187	      0.00000000	     16.65391300	     17.51425247	      0.00000000
      6.66666667	      7.12244634	     27.64019312	    101.86041101	     -0.11260027	      0.26126656	      1.77562808	    -39.12152707	      4.16279388	      3.46842217	     -4.74911947	      2.44243114	     -7.75930834	     -0.00169857	      0.01054803	     -0.00243150	      0.00000000	      0.00000000	      0.00000000	     -0.03632541	     -0.04021783	      0.02102072	      0.00000000	      0.00000000	      0.00000000	      0.02023692	     -0.02034962	     -0.01394339	    172.41768008	    202.15317242	    201.64141336	      9.56428384	      0.00000000	      0.00000000	      0.00000000	      0.00000000	     31.03977100	    -18.10993012	    -43.07200735	      2.86763623	      0.00000000	      0.00000000	      0.00000000	      0.00000000	     -0.65026200	      0.43325197	     -2.45240941	    -39.26004998	     11.63439346	     -4.98473282	      0.00000000	     -1.57850799	     14.20359951	      0.00000000	    -38.00489652	    -13.43623024	    -27.53202796	     -4.04720281	      7.59183557	      3.89826507	      0.00000000	     16.05902937	     15.33024401	      0.00000000
      6.70000000	      8.18393031	     26.80787506	    100.96431102	     -0.11536112	      0.26317580	      1.77336356	    -39.66537185	      4.89963940	      3.31989517	     -3.88926813	      2.36074140	     -7.45075406	     -0.00280152	      0.00816658	     -0.00612907	      0.00000000	      0.00000000	      0.00000000	     -0.03879189	     -0.03947796	      0.01881613	      0.00000000	      0.00000000	      0.00000000	      0.01520508	     -0.01820506	     -0.01567289	    171.08207588	    200.57341843	    195.21400141	     10.74649672	      0.00000000	      0.00000000	      0.00000000	      0.00000000	     32.27893866	    -17.55732295	    -62.63516734	      3.57050212	      0.00000000	      0.00000000	      0.00000000	      0.00000000	     -1.42343181	      1.11261004	    -10.88009553	    -31.63892853	     14.89690267	     -4.98473282	      0.00000000	      0.87068691	     14.56593311	      0.00000000	    -37.30893878	    -13.53648457	    -25.49579920	     -3.88379474	      6.10738778	      4.33123439	      0.00000000	     14.78083319	     12.55724319	      0.00000000
      6.73333333	      8.18898373	     26.25067747	     99.74856862	     -0.11860112	      0.26328432	      1.76710717	    -40.10592674	      4.45508675	      3.63018891	     -2.70849979	      2.15958884	     -7.79073160	     -0.00095430	      0.00553605	     -0.00920787	      0.00000000	      0.00000000	      0.00000000	     -0.04203634	     -0.03815821	      0.01221842	      0.00000000	      0.00000000	      0.00000000	      0.00485162	     -0.01555713	     -0.01791333	    168.92576239	    197.81933620	    194.06611823	      8.09078575	      0.00000000	      0.00000000	      0.00000000	      0.00000000	     32.11233282	    -15.18076562	    -97.36927217	      1.79956312	      0.00000000	      0.00000000	      0.00000000	      0.00000000	     -4.20520104	      1.59564393	    -21.56662676	    -19.77391680	     14.89690267	     -4.98473282	      0.00000000	     -1.15604358	     21.44170278	      0.00000000	    -37.49566006	    -12.33909343	    -26.88607624	     -3.95584030	      3.08973841	      4.60760758	      0.00000000	     13.60182823	     19.73624290	      0.00000000
      6.76666667	      6.89724562	     23.54231990	     98.34991584	     -0.11904535	      0.26079695	      1.75983950	    -38.26878589	      1.74329453	      3.66239288	     -2.90967241	      2.36662898	     -7.52391720	     -0.00432463	      0.00540589	     -0.00757861	      0.00000000	      0.00000000	      0.00000000	     -0.04420895	     -0.03807083	      0.00996915	      0.00000000	      0.00000000	      0.00000000	      0.00301294	     -0.01601670	     -0.01991879	    168.44501286	    194.45499804	    191.99037865	      4.65589060	      0.00000000	      0.00000000	      0.00000000	      0.00000000	     30.91018051	    -15.58109253	   -103.51880425	      1.59845646	      0.00000000	      0.00000000	      0.00000000	      0.00000000	     -4.44776400	      1.95578483	    -28.15320695	     -8.27149189	     14.89690267	     -4.48655336	      0.00000000	     -6.39607778	     24.98095987	      0.00000000	    -35.29935485	     -9.88769255	    -28.18876630	     -4.71436781	      4.23844321	      4.98473282	      0.00000000	     12.34320555	     24.98095987	      0.00000000
      6.80000000	      4.28683165	     21.57780009	     99.31182222	     -0.12143197	      0.25671059	      1.74982712	    -36.84326877	     -0.63766445	      1.64388757	     -3.01606354	      3.13061146	     -7.27144576	     -0.00476298	      0.00607628	     -0.00712999	      0.00000000	      0.00000000	      0.00000000	     -0.03495496	     -0.03764163	      0.01495999	      0.00000000	      0.00000000	      0.00000000	      0.00793688	     -0.02288868	     -0.01427122	    169.59223181	    193.86402930	    186.95275942	      4.94435316	      0.00000000	      0.00000000	      0.00000000	      0.00000000	     30.29823063	    -17.21499312	   -103.05110903	      0.00000000	      0.00000000	      0.00000000	      0.00000000	      0.00000000	     -5.88700127	      0.27892960	    -30.48231572	      1.27050893	     14.89690267	     -0.70656695	      0.00000000	    -10.96880108	     20.45779673	      0.00000000	    -33.56384677	     -7.52622717	    -27.57651800	     -5.35940565	     10.44557959	      4.96944600	      0.00000000	     12.32308124	     24.98095987	      0.00000000
      6.83333333	      3.38663891	     20.30076050	     99.12858210	     -0.12206778	      0.25284976	      1.73911900	    -36.07051753	     -1.69327644	      1.50157624	     -3.18708143	      3.35473429	     -6.90538950	     -0.00757664	      0.00719958	     -0.00608409	      0.00000000	      0.00000000	      0.00000000	     -0.02813714	     -0.03656825	      0.02957409	      0.00000000	      0.00000000	      0.00000000	      0.02014232	     -0.01938109	     -0.03547048	    173.49587117	    193.45384236	    173.16840810	      6.34987220	      0.00000000	      0.00000000	      0.00000000	      0.00000000	     22.73744939	    -18.93939129	    -15.03201175	      2.47316915	      0.00000000	      0.00000000	      0.00000000	      0.00000000	     -6.60460476	      0.60213431	    -24.76822681	      6.95028930	     14.89690267	      0.56465038	      0.00000000	    -14.31127035	      4.86397639	      0.00000000	    -32.82229566	     -6.36343393	    -28.47668713	     -5.78641689	     14.89690267	      4.39732988	      0.00000000	     13.59535430	     24.98095987	      0.00000000
      6.86666667	      3.74132726	     20.30891058	     99.32509704	     -0.12120657	      0.25002091	      1.72686537	    -36.45607780	     -0.97306598	      1.45534388	     -3.92084237	      3.88982848	     -5.77556706	     -0.01262432	      0.00965625	     -0.00621146	      0.00000000	      0.00000000	      0.00000000	     -0.02578612	     -0.03803398	      0.03470782	      0.00000000	      0.00000000	      0.00000000	      0.01835525	     -0.02040809	     -0.03885933	    175.34265736	    192.47642003	    174.12081666	      6.36868856	      0.00000000	      0.00000000	      0.00000000	      0.00000000	     21.52011290	    -15.96920749	      3.34168691	      4.13151121	      0.00000000	      0.00000000	      0.00000000	      0.00000000	     -7.89816536	      2.56787149	    -16.11556279	     10.00000028	     11.90141103	     -0.48050828	      0.00000000	    -19.33479796	    -13.31910045	      0.00000000	    -33.30562898	     -7.02883702	    -27.79134168	     -6.28262205	     14.89690267	      3.94079274	      0.00000000	     15.46709420	     24.98095987	      0.00000000
      6.90000000	      4.48059990	     18.58999302	     98.34085167	     -0.11892006	      0.24758023	      1.71572913	    -35.18390691	     -0.77869643	      2.12987746	     -4.36853152	      3.55090261	     -3.93335855	     -0.01776637	      0.00967204	     -0.00238697	      0.00000000	      0.00000000	      0.00000000	     -0.03113322	     -0.04205715	      0.02505529	      0.00000000	      0.00000000	      0.00000000	      0.02738065	     -0.02770471	     -0.03217250	    174.02381966	    189.39082741	    180.68651770	      7.75022297	      0.00000000	      0.00000000	      0.00000000	      0.00000000	     24.49787668	    -14.70144065	    -23.02305711	      6.63274568	      0.00000000	      0.00000000	      0.00000000	      0.00000000	     -6.04417699	      4.40977203	      4.44191714	     10.00000028	     -7.49386523	     -4.28332688	      0.00000000	    -20.64879201	    -20.12781083	      0.00000000	    -31.85991310	     -7.34243304	    -28.72779125	     -7.14487211	     14.89690267	      3.34214037	      0.00000000	     16.94542259	     24.98095987	      0.00000000
      6.93333333	      4.92566848	     17.46127791	     97.93967913	     -0.11726991	      0.24530437	      1.70043500	    -33.97910409	     -0.18317772	      2.29379228	     -4.75540430	      3.55374119	     -1.79974882	     -0.01879627	      0.00891393	     -0.00090435	      0.00000000	      0.00000000	      0.00000000	     -0.04364851	     -0.04817080	      0.00709610	      0.00000000	      0.00000000	      0.00000000	      0.02480117	     -0.03217017	     -0.02242861	    170.06329637	    183.29913378	    183.97827643	     10.69146240	      0.00000000	      0.00000000	      0.00000000	      0.00000000	     26.93424451	     -8.03345554	    -57.43608158	      4.75759277	      0.00000000	      0.00000000	      0.00000000	      0.00000000	     -5.20224451	      5.64583548	     12.20268221	     10.00000028	    -14.44768542	     -4.98473282	      0.00000000	    -21.24577808	    -22.00806404	      0.00000000	    -31.21077104	     -7.58123864	    -29.79755139	     -7.77662116	     14.89690267	      2.73066418	      0.00000000	     17.50053581	     24.98095987	      0.00000000
      6.96666667	      4.78201002	     17.01807278	     98.08296311	     -0.11573658	      0.24293231	      1.68110396	    -33.06802536	      0.19886977	      1.75592227	     -5.43104612	      2.75746327	      0.66775120	     -0.01829303	      0.00863561	      0.00493282	      0.00000000	      0.00000000	      0.00000000	     -0.05031500	     -0.05821518	      0.00088920	      0.00000000	      0.00000000	      0.00000000	      0.02284037	     -0.03120876	     -0.02053361	    167.31856477	    176.47281529	    182.69093127	     13.58464181	      0.00000000	      0.00000000	      0.00000000	      0.00000000	     24.56115994	     -1.04990064	    -69.38537969	      1.28830932	      0.00000000	      0.00000000	      0.00000000	      0.00000000	     -5.66876672	      6.35437842	     15.30406637	     10.00000028	    -14.89690267	     -4.98473282	      0.00000000	    -21.88920576	    -19.54760899	      0.00000000	    -31.37725862	     -7.34352487	    -30.42137963	     -8.27810138	     14.89690267	      1.48625123	      0.00000000	     17.97963055	     24.98095987	      0.00000000
      7.00000000	      4.11167281	     16.67215200	     98.77811004	     -0.11382979	      0.24132993	      1.65904586	    -32.03638221	      0.21310270	      1.02661693	     -5.53063672	      3.37756033	      1.64423352	     -0.01474599	      0.00708769	      0.00641975	      0.00000000	      0.00000000	      0.00000000	     -0.04814524	     -0.06119388	      0.00718629	      0.00000000	      0.00000000	      0.00000000	      0.02663274	     -0.03092204	     -0.01335596	    167.65162466	    172.87257960	    183.49808232	     15.02376919	      0.00000000	      0.00000000	      0.00000000	      0.00000000	     22.63621182	      4.26379650	    -69.49107560	      0.00000000	      0.00000000	      0.00000000	      0.00000000	      0.00000000	     -6.43504284	      6.39896060	     17.21609420	     10.00000028	    -13.38039545	     -4.88533090	      0.00000000	    -23.39889282	    -16.86434663	      0.00000000	    -31.60485831	     -6.66847280	    -30.24970702	     -8.60149005	     14.89690267	     -0.85407734	      0.00000000	     17.83921088	     24.98095987	      0.00000000
      7.03333333	      1.50394175	     16.88303825	    100.46738882	     -0.11466140	      0.24132000	      1.63655490	    -32.04567872	     -0.87264222	     -1.04412574	     -4.75919243	      3.81458447	      2.06498098	     -0.00950249	      0.00439540	      0.00721876	      0.00000000	      0.00000000	      0.00000000	     -0.04046874	     -0.04939891	      0.00988169	      0.00000000	      0.00000000	      0.00000000	      0.02614216	     -0.02992826	     -0.00465849	    168.71491889	    173.37275189	    194.59660783	     15.09648594	      0.00000000	      0.00000000	      0.00000000	      0.00000000	     21.19871645	      9.42085283	    -66.84345007	      0.00000000	      0.00000000	      0.00000000	      0.00000000	      0.00000000	     -7.81676341	      3.83493556	     17.53362070	      9.77489988	    -13.69380213	     -3.94194818	      0.00000000	    -22.63607941	    -11.98063318	      0.00000000	    -32.22374940	     -3.92151871	    -26.47970008	     -8.85881478	     14.89690267	     -4.98473282	      0.00000000	     15.91612810	     24.98095987	      0.00000000
      7.06666667	     -0.44338423	     17.96275003	    102.11757137	     -0.11257465	      0.24242992	      1.61016471	    -32.61634599	     -1.51151845	     -2.48404439	     -4.89860784	      5.50737427	      1.12272296	     -0.00590946	      0.00408338	      0.00453499	      0.00000000	      0.00000000	      0.00000000	     -0.02961217	     -0.03477742	      0.00117365	      0.00000000	      0.00000000	      0.00000000	      0.01814839	     -0.02555394	     -0.00497545	    168.00422562	    176.55336792	    213.52287793	     18.30895720	      0.00000000	      0.00000000	      0.00000000	      0.00000000	     18.67236062	     15.22172905	    -62.82059903	      0.48196947	      0.00000000	      0.00000000	      0.00000000	      0.00000000	    -10.38291124	      2.61886976	     16.78668617	      9.89580050	    -14.89690267	     -3.92158603	      0.00000000	    -21.29712291	     -8.72677793	      0.00000000	    -34.33880868	     -3.98203985	    -21.13724713	     -8.94667323	     14.89690267	     -4.98473282	      0.00000000	     13.04380444	     24.98095987	      0.00000000
      7.10000000	     -2.24761657	     18.93714229	    104.55951591	     -0.11192585	      0.24494328	      1.58410937	    -33.30635288	     -1.09980765	     -4.77356684	     -4.66209591	      5.41305094	      1.22063390	     -0.00221619	      0.00270409	      0.00636682	      0.00000000	      0.00000000	      0.00000000	     -0.02210343	     -0.02612849	     -0.01076293	      0.00000000	      0.00000000	      0.00000000	      0.01111154	     -0.02682525	     -0.00106064	    165.34481388	    176.08714262	    226.94793435	     23.02636927	      0.00000000	      0.00000000	      0.00000000	      0.00000000	     19.26219955	     19.02250262	    -59.47472326	      9.59415390	      0.00000000	      0.00000000	      0.00000000	      0.00000000	    -12.79167272	      1.80689740	     13.46305068	      9.54905266	    -14.89690267	     -3.78237867	      0.00000000	    -19.62836276	     -7.20750862	      0.00000000	    -35.81310981	     -4.35408958	    -16.90200334	     -9.78272671	     14.89690267	     -4.98473282	      0.00000000	     10.30652066	     24.98095987	      0.00000000
      7.13333333	     -3.35147593	     20.06218139	    107.12704906	     -0.11291743	      0.24801867	      1.55750180	    -34.09714792	      0.61368499	     -8.01070880	     -5.60817270	      5.62708281	      2.30137557	     -0.00412555	      0.00419315	      0.00433717	      0.00000000	      0.00000000	      0.00000000	     -0.01470450	     -0.02708446	     -0.01349631	      0.00000000	      0.00000000	      0.00000000	      0.00230989	     -0.02779281	     -0.00665394	    161.89971354	    172.14682329	    231.48418415	     29.65565647	      0.00000000	      0.00000000	      0.00000000	      0.00000000	     16.93031766	     21.92951362	    -51.36244622	     17.58603150	      0.00000000	      0.00000000	      0.00000000	      0.00000000	    -15.62805897	      1.80600717	      8.08336910	      9.65256890	    -14.89690267	     -3.13097345	      0.00000000	    -17.02376240	     -2.83862863	      0.00000000	    -37.02728072	     -5.46501107	    -16.11830581	    -11.42577384	     14.89690267	     -4.98473282	      0.00000000	      8.09590778	     24.98095987	      0.00000000
      7.16666667	     -3.78838350	     19.55322995	    108.53076470	     -0.11239784	      0.25130346	      1.53181865	    -33.23201536	      1.86963859	     -9.69308010	     -5.91897591	      5.09658112	      1.77405881	     -0.00593527	      0.00375196	      0.00327444	      0.00000000	      0.00000000	      0.00000000	     -0.01225944	     -0.03364540	     -0.00737720	      0.00000000	      0.00000000	      0.00000000	     -0.00611758	     -0.03067533	     -0.00760723	    160.20510776	    167.32084008	    229.79000500	     34.01678873	      0.00000000	      0.00000000	      0.00000000	      0.00000000	     15.10862583	     25.90171970	    -51.08879837	     23.64015745	      0.00000000	      0.00000000	      0.00000000	      0.00000000	    -16.45856408	      2.11166486	      6.97247243	      9.33693457	    -14.89690267	     -3.09476928	      0.00000000	    -15.27768466	     -2.73626002	      0.00000000	    -36.26020786	     -6.60533959	    -19.75569445	    -13.65615278	     14.89690267	     -4.98473282	      0.00000000	      5.90756363	     24.98095987	      0.00000000
      7.20000000	     -3.76982288	     19.12000234	    108.66301091	     -0.11103401	      0.25387033	      1.50508828	    -31.90575562	      2.86805241	    -10.53956741	     -6.01123776	      3.72236846	      1.16343146	     -0.00355189	      0.00299776	      0.00310392	      0.00000000	      0.00000000	      0.00000000	     -0.01188478	     -0.03394784	     -0.00666311	      0.00000000	      0.00000000	      0.00000000	     -0.00545661	     -0.02957814	     -0.00568187	    160.62426130	    163.94665437	    226.41344742	     34.64635166	      0.00000000	      0.00000000	      0.00000000	      0.00000000	     13.42911407	     27.53219707	    -49.21527380	     30.84390742	      0.00000000	      0.00000000	      0.00000000	      0.00000000	    -17.18364755	      2.91105901	      5.99481167	      8.97160459	    -14.36560500	     -3.46378005	      0.00000000	    -13.38471198	     -1.53800811	      0.00000000	    -35.38675750	     -7.52182094	    -22.70481035	    -16.15829710	     11.72509591	     -4.98473282	      0.00000000	      3.93452656	     24.98095987	      0.00000000
      7.23333333	     -4.20318401	     17.24796526	    108.37457629	     -0.10886091	      0.25658892	      1.48104253	    -29.70091416	      2.51048284	    -11.58143865	     -6.23185686	      3.13260637	      1.33382289	     -0.00403407	      0.00214855	      0.00379494	      0.00000000	      0.00000000	      0.00000000	     -0.02371439	     -0.02914634	     -0.00853326	      0.00000000	      0.00000000	      0.00000000	     -0.00814670	     -0.02935794	     -0.00108007	    165.04486897	    160.38258797	    219.84506102	     29.42661536	      0.00000000	      0.00000000	      0.00000000	      0.00000000	     12.23666776	     30.87104194	    -49.59406090	     35.08421999	      0.00000000	      0.00000000	      0.00000000	      0.00000000	    -16.31493498	      2.28660296	      3.99404466	      8.09825419	    -11.37006578	     -2.92352382	      0.00000000	    -11.81629897	     -2.53956911	      0.00000000	    -31.95372761	     -7.35056578	    -21.64957267	    -20.82198275	     11.08732477	     -4.98473282	      0.00000000	      1.77401629	     21.55166263	      0.00000000
      7.26666667	     -4.67248612	     16.16191600	    107.03236888	     -0.10631591	      0.25838562	      1.45744284	    -28.39218416	      1.82997994	    -11.25803010	     -5.76447627	      1.27057740	      2.22924135	     -0.00331550	      0.00141031	      0.01026514	      0.00000000	      0.00000000	      0.00000000	     -0.03772102	     -0.02493545	     -0.01608053	      0.00000000	      0.00000000	      0.00000000	     -0.01226435	     -0.03073361	      0.00200488	    167.90165042	    158.05319367	    212.82839667	     26.35238690	      0.00000000	      0.00000000	      0.00000000	      0.00000000	     10.93367154	     36.07191017	    -53.23450767	     36.24992149	      0.00000000	      0.00000000	      0.00000000	      0.00000000	    -16.16126666	      1.45195639	      2.99909845	      7.29014790	     -8.55347664	     -2.11421560	      0.00000000	     -9.93904180	     -3.87663079	      0.00000000	    -29.10441550	     -6.68025590	    -22.21317091	    -25.98679019	     10.82737568	     -4.98473282	      0.00000000	     -0.13358513	     20.03869625	      0.00000000
      7.30000000	     -4.66210211	     14.92819625	    105.26320502	     -0.10320004	      0.25981009	      1.43572474	    -26.81339515	      1.46422715	     -9.85843295	     -5.68353079	      0.48710892	      2.72515875	     -0.00334568	      0.00170600	      0.01202552	      0.00000000	      0.00000000	      0.00000000	     -0.03235093	     -0.02144716	     -0.02233549	      0.00000000	      0.00000000	      0.00000000	     -0.01425225	     -0.03316942	     -0.00034993	    167.30893713	    161.29990643	    206.33060069	     32.83217694	      0.00000000	      0.00000000	      0.00000000	      0.00000000	      7.94813532	     41.21707663	    -58.45820303	     35.25590155	      0.00000000	      0.00000000	      0.00000000	      0.00000000	    -15.34909925	      0.73747692	      1.14667592	      5.97866460	     -5.46947279	     -0.83285222	      0.00000000	     -7.88965332	     -3.65126054	      0.00000000	    -25.54499824	     -6.44102672	    -23.78241462	    -31.81683633	      9.84072630	     -4.98473282	      0.00000000	     -1.09762088	     20.72284484	      0.00000000
      7.33333333	     -4.27225970	     14.00824304	    103.66336347	     -0.09992066	      0.26069477	      1.41541907	    -25.60592228	      1.63984870	     -7.99153560	     -5.75570607	      0.34569213	      2.96843757	     -0.00542247	      0.00292906	      0.01191954	      0.00000000	      0.00000000	      0.00000000	     -0.02122711	     -0.02130894	     -0.01841711	      0.00000000	      0.00000000	      0.00000000	     -0.01258886	     -0.03206348	     -0.00417071	    165.50956416	    165.40570576	    205.16967492	     40.36360870	      0.00000000	      0.00000000	      0.00000000	      0.00000000	      4.50917909	     43.52858518	    -62.08770212	     35.82763866	      0.00000000	      0.00000000	      0.00000000	      0.00000000	    -14.64500021	      0.56969998	     -0.75904917	      4.41046013	     -4.28075501	      0.13006400	      0.00000000	     -5.03924387	      0.20428715	      0.00000000	    -22.14295866	     -6.73622344	    -24.34596442	    -37.30316100	      6.79337773	     -4.98473282	      0.00000000	     -0.95281959	     22.40641604	      0.00000000
      7.36666667	     -3.86966062	     13.53826149	    102.36711128	     -0.09676137	      0.26166397	      1.39655115	    -25.05829956	      1.99525744	     -6.41234312	     -5.50683429	      0.28542881	      3.37388146	     -0.00815269	      0.00360405	      0.01232842	      0.00000000	      0.00000000	      0.00000000	     -0.00997738	     -0.02333076	     -0.01517317	      0.00000000	      0.00000000	      0.00000000	     -0.01192231	     -0.02799090	     -0.00680002	    163.15059716	    168.62159290	    207.33870392	     45.25654968	      0.00000000	      0.00000000	      0.00000000	      0.00000000	      2.18562079	     43.20441076	    -62.83992175	     38.26213078	      0.00000000	      0.00000000	      0.00000000	      0.00000000	    -14.32201265	      0.78743414	     -1.56513294	      2.77489308	     -4.23886054	      0.30779563	      0.00000000	     -3.12458093	      3.91017447	      0.00000000	    -19.45230827	     -7.30574779	    -23.07041540	    -41.96602298	      4.25600574	     -4.50636492	      0.00000000	     -0.68187456	     22.33679651	      0.00000000
      7.40000000	     -2.73621481	     11.37892814	    102.04345081	     -0.09342306	      0.26196104	      1.37936731	    -22.43893887	      3.10847802	     -5.52800387	     -6.02853046	      0.28907202	      3.49670954	     -0.01189679	      0.00441002	      0.01168367	      0.00000000	      0.00000000	      0.00000000	     -0.00472084	     -0.02176775	     -0.00848484	      0.00000000	      0.00000000	      0.00000000	     -0.01072823	     -0.02398555	     -0.00568106	    164.30412556	    170.58309322	    206.87488275	     44.42640966	      0.00000000	      0.00000000	      0.00000000	      0.00000000	      1.74228275	     40.83808597	    -61.79641729	     42.43557336	      0.00000000	      0.00000000	      0.00000000	      0.00000000	    -11.77055252	      1.99802931	     -4.01023718	      0.73369492	     -4.26279827	     -0.59788220	      0.00000000	     -0.54178313	      9.64348580	      0.00000000	    -14.73451945	     -8.35645572	    -20.36935189	    -46.34526724	      2.97951658	     -4.63047620	      0.00000000	      0.55660155	     20.87676729	      0.00000000
      7.43333333	     -1.89908910	      9.72581393	    101.99359685	     -0.09039564	      0.26220737	      1.36302786	    -20.58124050	      3.98183508	     -5.51807720	     -6.36411515	      0.48022781	      4.48561525	     -0.01656041	      0.00524645	      0.01232694	      0.00000000	      0.00000000	      0.00000000	     -0.00462665	     -0.01944365	     -0.00583110	      0.00000000	      0.00000000	      0.00000000	     -0.01426503	     -0.02101480	     -0.00177473	    165.71807930	    170.53214480	    207.51225882	     40.43709671	      0.00000000	      0.00000000	      0.00000000	      0.00000000	      3.14556517	     38.81694336	    -60.39419999	     45.73340780	      0.00000000	      0.00000000	      0.00000000	      0.00000000	     -9.67353379	      3.27688105	     -7.48634180	     -0.98647888	     -1.79893149	     -1.73235967	      0.00000000	      0.92759148	     10.72176347	      0.00000000	    -11.11528699	     -9.08304664	    -18.05811100	    -49.23102818	      3.38406787	     -4.76373496	      0.00000000	      2.97823992	     15.77845851	      0.00000000
      7.46666667	     -1.36619536	      9.69298970	    101.78100107	     -0.08791137	      0.26281335	      1.34507150	    -20.20286051	      4.81810744	     -5.58786814	     -6.63698174	      0.03032522	      5.40371157	     -0.01819043	      0.00611820	      0.01362778	      0.00000000	      0.00000000	      0.00000000	     -0.00571230	     -0.01758780	     -0.00328680	      0.00000000	      0.00000000	      0.00000000	     -0.01707152	     -0.01998042	      0.00275234	    167.08364685	    169.88776735	    208.23247065	     35.34255362	      0.00000000	      0.00000000	      0.00000000	      0.00000000	      5.25568888	     36.99256281	    -59.66171265	     47.81679123	      0.00000000	      0.00000000	      0.00000000	      0.00000000	     -9.70802892	      4.74216089	    -13.93753654	     -1.90133358	      6.01954492	     -2.95521818	      0.00000000	      1.32125823	      7.40658083	      0.00000000	     -9.70371202	     -9.73138550	    -16.64973005	    -50.14056351	      3.14017420	     -4.78784952	      0.00000000	      5.84205067	     12.35333736	      0.00000000
      7.50000000	     -1.52625997	     11.20364825	    100.55414000	     -0.08579369	      0.26399230	      1.32756712	    -21.95423355	      4.86078385	     -5.46720875	     -6.22360851	     -0.07143818	      6.29229245	     -0.01898152	      0.00665962	      0.01240259	      0.00000000	      0.00000000	      0.00000000	     -0.00725350	     -0.01984619	     -0.00088445	      0.00000000	      0.00000000	      0.00000000	     -0.01950963	     -0.01945304	      0.00503980	    167.74631281	    168.94529113	    208.50607036	     31.85542961	      0.00000000	      0.00000000	      0.00000000	      0.00000000	      7.12243915	     35.13959402	    -58.23131834	     48.70794758	      0.00000000	      0.00000000	      0.00000000	      0.00000000	    -11.67932874	      5.49314562	    -20.03429053	     -2.64312090	     13.00258319	     -3.94277980	      0.00000000	      1.91193227	      5.91363076	      0.00000000	    -10.01615334	     -9.58440626	    -16.60638265	    -49.47702850	      1.16425332	     -4.98473282	      0.00000000	      9.12271063	     15.30974494	      0.00000000
      7.53333333	     -1.43987331	     12.15730714	     98.37124940	     -0.08429092	      0.26555214	      1.31241217	    -23.29569076	      4.83593405	     -4.55544416	     -6.11534626	     -0.14668265	      7.68201111	     -0.01947903	      0.00732028	      0.00975204	      0.00000000	      0.00000000	      0.00000000	     -0.00714075	     -0.02384400	     -0.00237567	      0.00000000	      0.00000000	      0.00000000	     -0.01818443	     -0.02099535	      0.00166288	    166.98052783	    169.23576043	    207.76324427	     31.10079008	      0.00000000	      0.00000000	      0.00000000	      0.00000000	      7.53201289	     33.12387596	    -57.21051689	     48.73865160	      0.00000000	      0.00000000	      0.00000000	      0.00000000	    -12.98430481	      5.69295591	    -21.90265990	     -3.89082016	     14.89690267	     -4.57480746	      0.00000000	      2.72110642	      6.76206792	      0.00000000	     -9.11692701	     -8.95006879	    -16.17446112	    -48.43816394	      1.47368849	     -4.62552695	      0.00000000	     10.70027341	     16.35761541	      0.00000000
      7.56666667	     -1.28876803	     13.31269653	     94.77881585	     -0.08412669	      0.26693352	      1.29806340	    -24.99342842	      4.42810456	     -2.97220795	     -6.04720738	     -0.68012844	      9.95335550	     -0.01937382	      0.00836459	      0.00823421	      0.00000000	      0.00000000	      0.00000000	     -0.00632204	     -0.02440898	     -0.00624012	      0.00000000	      0.00000000	      0.00000000	     -0.01579716	     -0.02389632	      0.00000388	    165.81949712	    169.75929630	    207.01509518	     30.42692010	      0.00000000	      0.00000000	      0.00000000	      0.00000000	      8.73671895	     30.26132415	    -54.45621174	     49.88604104	      0.00000000	      0.00000000	      0.00000000	      0.00000000	    -14.51386748	      4.77586484	    -23.18566795	     -5.42228843	     14.89690267	     -4.98473282	      0.00000000	      4.13026223	     13.46246413	      0.00000000	     -8.84847874	     -7.70851885	    -18.01991250	    -45.58517426	      2.13165195	     -4.98473282	      0.00000000	     11.25320404	     17.80016043	      0.00000000
      7.60000000	     -0.54967454	     14.29387292	     90.86991173	     -0.08408184	      0.26768940	      1.28367825	    -26.33106536	      4.28328003	     -0.47153681	     -6.25439155	     -0.97362095	     11.60511517	     -0.01842817	      0.00965682	      0.00609378	      0.00000000	      0.00000000	      0.00000000	     -0.00664701	     -0.02024507	     -0.01059583	      0.00000000	      0.00000000	      0.00000000	     -0.01553445	     -0.02891554	      0.00034335	    164.93541231	    170.47324043	    206.19215237	     27.43736220	      0.00000000	      0.00000000	      0.00000000	      0.00000000	     10.03036099	     28.01140698	    -52.94041102	     49.69313008	      0.00000000	      0.00000000	      0.00000000	      0.00000000	    -15.93849237	      3.76861042	    -24.66119633	     -6.38111455	     14.89690267	     -4.98473282	      0.00000000	      3.73920814	     21.80287255	      0.00000000	     -8.95612493	     -6.77203466	    -19.90932643	    -40.89416624	      2.91912509	     -4.98473282	      0.00000000	     11.68848761	     17.47604879	      0.00000000
      7.63333333	      0.59349212	     14.28646231	     86.79352754	     -0.08335154	      0.26793355	      1.27033067	    -26.66834645	      4.14836719	      2.50872919	     -7.17544968	     -1.34364434	     13.15508702	     -0.01936643	      0.01153801	      0.00685745	      0.00000000	      0.00000000	      0.00000000	     -0.00586124	     -0.01478235	     -0.00890749	      0.00000000	      0.00000000	      0.00000000	     -0.01691929	     -0.03437545	      0.00391834	    165.82277901	    170.67252850	    204.52285082	     20.85793696	      0.00000000	      0.00000000	      0.00000000	      0.00000000	     11.45793113	     25.51516563	    -51.60404634	     47.80833333	      0.00000000	      0.00000000	      0.00000000	      0.00000000	    -16.07749742	      3.47832743	    -22.93690404	     -7.10007422	     14.89690267	     -4.98473282	      0.00000000	      1.77194368	     24.98095987	      0.00000000	     -8.36378128	     -5.93025762	    -21.42238715	    -35.01646138	      3.04047114	     -4.98473282	      0.00000000	     12.38667970	     15.59242939	      0.00000000
      7.66666667	      1.78612189	     14.54294860	     81.95098304	     -0.08044458	      0.26815948	      1.25594840	    -27.24098306	      3.04663333	      6.26618096	     -7.79951676	     -1.25726864	     13.96622166	     -0.01939823	      0.01176561	      0.01022075	      0.00000000	      0.00000000	      0.00000000	     -0.00366575	     -0.01585043	     -0.00251895	      0.00000000	      0.00000000	      0.00000000	     -0.02012695	     -0.03757297	      0.00878894	    167.26992795	    170.84072557	    204.44134939	     13.50943419	      0.00000000	      0.00000000	      0.00000000	      0.00000000	     12.87753284	     23.02648693	    -51.78819291	     42.76617265	      0.00000000	      0.00000000	      0.00000000	      0.00000000	    -16.67222756	      3.49550900	    -18.98247394	     -7.42951997	     14.89690267	     -4.81659303	      0.00000000	      0.12093924	     24.98095987	      0.00000000	     -8.86352065	     -5.41312088	    -22.57299305	    -28.23072644	      3.22253204	     -3.80344648	      0.00000000	     12.60379733	     12.11305693	      0.00000000
      7.70000000	      2.59646638	     15.99094664	     77.84165492	     -0.07631608	      0.26845005	      1.23959511	    -28.55123603	      1.19583124	      9.05387328	     -8.25866933	     -0.90911789	     14.15658089	     -0.01727216	      0.01104374	      0.01480410	      0.00000000	      0.00000000	      0.00000000	     -0.00193964	     -0.02413896	      0.00269055	      0.00000000	      0.00000000	      0.00000000	     -0.01962862	     -0.03641181	      0.00849129	    167.90364867	    171.81931262	    206.58521673	      8.47913040	      0.00000000	      0.00000000	      0.00000000	      0.00000000	     13.17932879	     20.03220404	    -53.53633094	     34.71877270	      0.00000000	      0.00000000	      0.00000000	      0.00000000	    -18.85682568	      2.93540194	    -17.09938390	     -7.78176533	     14.89690267	     -4.59314405	      0.00000000	      0.11418507	     24.98095987	      0.00000000	    -10.78809028	     -4.50327815	    -22.44410774	    -21.49685586	      2.95306657	     -2.43870470	      0.00000000	     11.57587316	      8.74989833	      0.00000000
      7.73333333	      3.46882993	     18.29926189	     74.82211902	     -0.07238826	      0.26834378	      1.22214336	    -30.34614177	     -0.48884629	     10.11647960	     -8.76805674	     -0.36462779	     14.45429072	     -0.01205490	      0.01102388	      0.01800938	      0.00000000	      0.00000000	      0.00000000	     -0.00216238	     -0.03393680	      0.00345665	      0.00000000	      0.00000000	      0.00000000	     -0.01275843	     -0.03286262	      0.00310051	    167.28721786	    173.39708819	    210.24790287	      6.65507212	      0.00000000	      0.00000000	      0.00000000	      0.00000000	     12.50414382	     16.05956290	    -54.88438347	     25.79286335	      0.00000000	      0.00000000	      0.00000000	      0.00000000	    -22.03389573	      1.96780267	    -18.08121383	     -8.76311877	     14.89690267	     -4.70422014	      0.00000000	      1.78276226	     24.98095987	      0.00000000	    -13.16393313	     -3.47773671	    -20.69366566	    -16.42387520	      0.96481569	     -1.32412522	      0.00000000	     10.27602601	      6.29962032	      0.00000000
      7.76666667	      4.09486262	     19.16003885	     73.10480616	     -0.06941898	      0.26756323	      1.20556098	    -30.59202542	     -1.37419995	      9.25119708	    -10.00121160	      0.31913395	     15.26680104	     -0.00793791	      0.01229043	      0.01722237	      0.00000000	      0.00000000	      0.00000000	     -0.00511772	     -0.04154552	      0.00115624	      0.00000000	      0.00000000	      0.00000000	     -0.00588649	     -0.03262966	     -0.00324890	    166.29687716	    174.75355424	    210.18822693	      7.45571861	      0.00000000	      0.00000000	      0.00000000	      0.00000000	     12.00164264	     11.43812158	    -53.29111552	     19.15716076	      0.00000000	      0.00000000	      0.00000000	      0.00000000	    -23.43348834	      1.01832713	    -21.11376065	    -10.29024922	     14.89690267	     -4.98473282	      0.00000000	      4.37770148	     24.98095987	      0.00000000	    -13.69736113	     -2.76382412	    -19.66655407	    -12.41782128	     -0.39443270	     -0.50516216	      0.00000000	      8.50912762	      4.46564738	      0.00000000
      7.80000000	      4.95958414	     19.73482271	     73.13670337	     -0.06690710	      0.26590584	      1.18996178	    -30.77323897	     -0.95880623	      6.62061911	    -10.32560538	      0.25266679	     16.91499162	     -0.00096032	      0.01333271	      0.01628827	      0.00000000	      0.00000000	      0.00000000	     -0.00413695	     -0.04334024	     -0.00191830	      0.00000000	      0.00000000	      0.00000000	     -0.00064425	     -0.03308025	     -0.00669445	    165.77381663	    176.78802870	    204.92430206	     11.00920979	      0.00000000	      0.00000000	      0.00000000	      0.00000000	     11.99148034	      6.58863358	    -48.59273105	     15.26734740	      0.00000000	      0.00000000	      0.00000000	      0.00000000	    -24.99886488	      1.28286953	    -21.79921285	    -10.69723323	     14.89690267	     -4.71286163	      0.00000000	      5.49695263	     21.20482642	      0.00000000	    -13.69940806	     -2.96212594	    -18.02645498	     -8.75715744	      1.63053638	      1.03275251	      0.00000000	      5.11838989	     -1.63063487	      0.00000000
      7.83333333	      5.70753064	     18.58139051	     73.48883333	     -0.06545052	      0.26366865	      1.17590534	    -29.41837970	      0.11108263	      4.28347228	    -10.88533513	     -0.02887066	     18.77967764	      0.00296930	      0.01477722	      0.01419988	      0.00000000	      0.00000000	      0.00000000	     -0.00187781	     -0.04157490	     -0.00366272	      0.00000000	      0.00000000	      0.00000000	      0.00074140	     -0.03400848	     -0.00485635	    165.90292484	    178.96372122	    200.08808627	     14.48681211	      0.00000000	      0.00000000	      0.00000000	      0.00000000	     12.39480502	      2.56022236	    -45.46541506	     11.42422977	      0.00000000	      0.00000000	      0.00000000	      0.00000000	    -24.48242584	      2.12797451	    -21.13834604	    -11.26037660	     14.89690267	     -4.28387288	      0.00000000	      5.48037438	     20.71653455	      0.00000000	    -12.19463445	     -3.55764394	    -20.65907271	     -4.32641286	     11.26086709	      2.23881153	      0.00000000	     -1.04305651	    -10.10863946	      0.00000000
      7.86666667	      6.43989989	     17.63050027	     73.58991423	     -0.06369511	      0.26079391	      1.16192461	    -28.27746359	      0.82189269	      2.56134645	    -12.33384223	      1.06313751	     20.84518047	      0.00230125	      0.01821069	      0.00903443	      0.00000000	      0.00000000	      0.00000000	     -0.00285209	     -0.03825737	     -0.00437573	      0.00000000	      0.00000000	      0.00000000	      0.00331976	     -0.03162881	     -0.00247487	    166.00139841	    179.94780973	    200.87364485	     15.11390097	      0.00000000	      0.00000000	      0.00000000	      0.00000000	     12.56069895	     -0.87407723	    -45.81365163	      5.92033875	      0.00000000	      0.00000000	      0.00000000	      0.00000000	    -24.11260587	      3.06260700	    -19.93939238	    -11.96631277	     14.89690267	     -4.11300345	      0.00000000	      5.46776735	     23.49855670	      0.00000000	    -11.42078479	     -4.11907356	    -21.68415822	     -0.03556114	     14.89690267	      3.90396184	      0.00000000	     -5.81372281	    -10.15603347	      0.00000000
      7.90000000	      6.75601019	     15.82911996	     73.24162018	     -0.06245810	      0.25781739	      1.14862788	    -26.36116248	      1.10343896	      1.69060327	    -12.61341928	      0.95356948	     23.12469940	      0.00174836	      0.01873427	      0.00896267	      0.00000000	      0.00000000	      0.00000000	     -0.00543693	     -0.03668462	     -0.00690049	      0.00000000	      0.00000000	      0.00000000	      0.00521487	     -0.02957439	     -0.00408429	    165.31273589	    180.55620629	    204.26764390	     14.57930457	      0.00000000	      0.00000000	      0.00000000	      0.00000000	     12.03766279	     -3.41894229	    -49.48811836	      0.15087681	      0.00000000	      0.00000000	      0.00000000	      0.00000000	    -22.55962461	      3.66124305	    -17.61221202	    -13.31722535	     14.89690267	     -3.90285401	      0.00000000	      5.79625472	     24.98095987	      0.00000000	     -9.91762121	     -4.49154438	    -20.95004377	      2.23984811	     14.89690267	      4.98473282	      0.00000000	     -8.32652201	     -7.59327030	      0.00000000
      7.93333333	      6.92186975	     14.67859264	     72.39119753	     -0.06038742	      0.25488472	      1.13381620	    -24.86383914	      0.46568116	      1.85087451	    -14.02489545	      2.12297199	     25.19454437	     -0.00311769	      0.02073780	      0.00902580	      0.00000000	      0.00000000	      0.00000000	     -0.01098815	     -0.03701907	     -0.00629548	      0.00000000	      0.00000000	      0.00000000	      0.00981036	     -0.02767298	     -0.00547952	    165.22998376	    180.57438615	    206.99079927	     12.52307887	      0.00000000	      0.00000000	      0.00000000	      0.00000000	     12.98858970	     -6.63836396	    -53.59864353	      0.00000000	      0.00000000	      0.00000000	      0.00000000	      0.00000000	    -21.80943513	      3.81247310	    -16.79288347	    -14.73710542	     14.89690267	     -4.05336466	      0.00000000	      6.23133601	     24.98095987	      0.00000000	     -9.44669582	     -4.37241872	    -20.96719617	      2.63107748	     14.89690267	      4.98473282	      0.00000000	     -8.12629438	     -4.26351824	      0.00000000
      7.96666667	      7.65095671	     14.23746064	     71.13099149	     -0.05762102	      0.25263841	      1.11705573	    -23.86088284	     -0.06537738	      2.77365446	    -14.94608943	      2.74799457	     25.95187414	     -0.00557631	      0.02124967	      0.01014366	      0.00000000	      0.00000000	      0.00000000	     -0.01455800	     -0.03783245	     -0.00438314	      0.00000000	      0.00000000	      0.00000000	      0.01088371	     -0.02526314	     -0.01052778	    165.54416226	    180.95074310	    207.75351657	     10.43737615	      0.00000000	      0.00000000	      0.00000000	      0.00000000	     13.67838973	     -8.74875369	    -58.67656463	      0.42981977	      0.00000000	      0.00000000	      0.00000000	      0.00000000	    -22.32174600	      4.28072650	    -17.40509901	    -15.53533353	     14.89690267	     -4.98473282	      0.00000000	      5.43116910	     24.98095987	      0.00000000	    -10.28971442	     -4.58737315	    -21.03498925	      2.42337342	     14.89690267	      4.98473282	      0.00000000	     -7.19213837	     -4.16113033	      0.00000000
      8.00000000	      8.47483395	     14.21297071	     70.00295741	     -0.05684759	      0.25148220	      1.09960824	    -23.32680346	     -0.28265972	      3.49069543	    -16.05260469	      2.93949473	     26.45485599	     -0.00922095	      0.02239536	      0.01007146	      0.00000000	      0.00000000	      0.00000000	     -0.01725725	     -0.03772116	     -0.00293947	      0.00000000	      0.00000000	      0.00000000	      0.01133621	     -0.02472778	     -0.01559787	    165.66717560	    181.71233424	    206.40479923	     10.05500436	      0.00000000	      0.00000000	      0.00000000	      0.00000000	     14.84541406	    -11.52652197	    -58.14712764	      3.43920380	      0.00000000	      0.00000000	      0.00000000	      0.00000000	    -23.19895651	      3.96319392	    -19.33458621	    -16.22193228	     14.89690267	     -4.98473282	      0.00000000	      4.02403021	     24.98095987	      0.00000000	    -11.71705633	     -4.63784612	    -20.30840895	      2.46838378	     14.07982073	      4.98473282	      0.00000000	     -6.55994754	     -5.44651833	      0.00000000
      8.03333333	      9.07371600	     14.43020758	     69.41429490	     -0.05612784	      0.25192178	      1.08511058	    -23.34168847	     -0.79219937	      4.24186324	    -16.06153842	      2.91929546	     26.34661444	     -0.01146483	      0.02212667	      0.01087307	      0.00000000	      0.00000000	      0.00000000	     -0.02108791	     -0.03794889	     -0.00285924	      0.00000000	      0.00000000	      0.00000000	      0.01754336	     -0.02301910	     -0.02182546	    166.46974456	    183.02758841	    199.48245599	     12.08131697	      0.00000000	      0.00000000	      0.00000000	      0.00000000	     15.39428018	    -14.50648613	    -50.02646716	      5.60486080	      0.00000000	      0.00000000	      0.00000000	      0.00000000	    -23.59763014	      4.36739185	    -15.96321868	    -17.37679786	     14.89690267	     -4.98473282	      0.00000000	      3.34459954	     17.34661865	      0.00000000	    -12.67316710	     -4.59896290	    -14.23331382	      1.85470182	      7.69526499	      4.54350753	      0.00000000	     -5.91122544	     -5.51877316	      0.00000000
      8.06666667	      9.32702516	     14.60479469	     68.69239088	     -0.05622126	      0.25382383	      1.07220353	    -23.32751673	     -1.69939246	      4.98902414	    -15.81298799	      2.33836911	     27.12164383	     -0.01197637	      0.02129858	      0.01435931	      0.00000000	      0.00000000	      0.00000000	     -0.02394579	     -0.03890852	     -0.00445154	      0.00000000	      0.00000000	      0.00000000	      0.02366661	     -0.02110980	     -0.02218698	    167.07593600	    184.18827600	    196.20498874	     14.54600114	      0.00000000	      0.00000000	      0.00000000	      0.00000000	     15.87367598	    -15.58715141	    -47.55775163	      4.61233864	      0.00000000	      0.00000000	      0.00000000	      0.00000000	    -23.10059867	      4.51405012	    -10.98446922	    -19.21426284	     14.89690267	     -4.98473282	      0.00000000	      3.31384753	     12.12885413	      0.00000000	    -13.35535158	     -4.11224334	    -11.56576386	      1.22542578	      4.15768133	      3.72954686	      0.00000000	     -5.15565866	     -3.50656268	      0.00000000
      8.10000000	      9.51264783	     15.01822789	     67.84434067	     -0.05713056	      0.25602400	      1.06081105	    -23.89385655	     -2.58427829	      5.55905529	    -14.89001266	      1.66682408	     27.38894664	     -0.01301494	      0.02067653	      0.01335608	      0.00000000	      0.00000000	      0.00000000	     -0.02600627	     -0.03864749	     -0.00569378	      0.00000000	      0.00000000	      0.00000000	      0.02508939	     -0.01862773	     -0.02265450	    167.89146437	    184.29988828	    194.64846047	     16.01941509	      0.00000000	      0.00000000	      0.00000000	      0.00000000	     14.97360189	    -13.14820888	    -46.74595030	      1.11959934	      0.00000000	      0.00000000	      0.00000000	      0.00000000	    -22.43483702	      4.38245664	     -7.33160867	    -21.36033109	     14.89690267	     -4.98473282	      0.00000000	      4.55279648	     11.50529062	      0.00000000	    -14.17660245	     -3.54336573	    -11.24839138	      0.56481786	      2.89228098	      3.05946768	      0.00000000	     -4.26895070	     -1.47893637	      0.00000000
      8.13333333	     10.12648226	     15.38031219	     66.91375567	     -0.05746512	      0.25736092	      1.05013633	    -24.54826158	     -3.05631734	      6.37600109	    -13.51779386	      1.42293271	     27.62512654	     -0.01222027	      0.01975799	      0.01053411	      0.00000000	      0.00000000	      0.00000000	     -0.02559933	     -0.03817894	     -0.00670471	      0.00000000	      0.00000000	      0.00000000	      0.02772353	     -0.01893779	     -0.01927586	    169.00467633	    184.07543451	    194.34749305	     16.76777884	      0.00000000	      0.00000000	      0.00000000	      0.00000000	     14.71625222	     -9.52386867	    -46.37701115	      0.00000000	      0.00000000	      0.00000000	      0.00000000	      0.00000000	    -21.85209434	      4.61342826	     -5.04988862	    -23.58199620	     14.89690267	     -4.98473282	      0.00000000	      5.35247468	     12.49006855	      0.00000000	    -15.15317832	     -3.68101611	    -11.87349239	     -0.02827424	      2.52576921	      2.96559646	      0.00000000	     -2.70992196	     -0.19876596	      0.00000000
      8.16666667	     11.51418954	     15.30649687	     64.58035911	     -0.05698478	      0.25750746	      1.04047891	    -25.07522105	     -3.18989550	      8.62419621	    -12.26639359	      0.90880380	     27.06858621	     -0.01295756	      0.02021286	      0.00725553	      0.00000000	      0.00000000	      0.00000000	     -0.02507377	     -0.03687910	     -0.00522492	      0.00000000	      0.00000000	      0.00000000	      0.02975387	     -0.02240285	     -0.01607546	    170.62684794	    183.59181286	    194.58428264	     17.99082067	      0.00000000	      0.00000000	      0.00000000	      0.00000000	     14.97520203	     -5.95507521	    -45.29054524	      2.01134341	      0.00000000	      0.00000000	      0.00000000	      0.00000000	    -20.88755926	      5.25300394	     -1.99251212	    -26.41966808	     13.30388234	     -4.98473282	      0.00000000	      5.29044598	     14.80545440	      0.00000000	    -16.85220137	     -4.50470115	    -15.50894989	      0.43368397	      1.72719483	      3.37059461	      0.00000000	     -1.12956263	      3.43880433	      0.00000000
      8.20000000	     12.74990799	     14.36780531	     63.23735409	     -0.05677885	      0.25604938	      1.03259998	    -24.88386729	     -2.77783071	     10.04145861	    -10.45511253	      1.07474841	     25.50849430	     -0.01348041	      0.01961606	      0.00074573	      0.00000000	      0.00000000	      0.00000000	     -0.02649010	     -0.03620759	     -0.00617715	      0.00000000	      0.00000000	      0.00000000	      0.03319256	     -0.02695837	     -0.01067689	    171.59467620	    183.29996855	    196.43957692	     20.92387871	      0.00000000	      0.00000000	      0.00000000	      0.00000000	     16.17000849	     -3.35895712	    -44.88677424	      5.61245019	      0.00000000	      0.00000000	      0.00000000	      0.00000000	    -18.81996623	      6.09655144	     -0.56518508	    -29.67275992	     11.87015664	     -4.98473282	      0.00000000	      4.83380470	     18.46379131	      0.00000000	    -17.52452469	     -5.82569616	    -16.58362953	      0.77014050	      1.01629522	      3.92959253	      0.00000000	      0.24354718	      4.16571694	      0.00000000
      8.23333333	     13.99800421	     13.36781304	     61.80587403	     -0.05683443	      0.25403954	      1.02672758	    -24.69958524	     -2.44884122	     11.54944349	     -8.83746938	      1.29110514	     23.69512117	     -0.01396698	      0.01973198	     -0.00492247	      0.00000000	      0.00000000	      0.00000000	     -0.02976156	     -0.03585477	     -0.00909904	      0.00000000	      0.00000000	      0.00000000	      0.03639143	     -0.02711273	     -0.00753842	    171.42171697	    183.00984872	    199.47598374	     24.63461120	      0.00000000	      0.00000000	      0.00000000	      0.00000000	     16.16514786	      0.50031442	    -45.83834740	      4.98774167	      0.00000000	      0.00000000	      0.00000000	      0.00000000	    -16.21589864	      6.55528601	      0.05107922	    -33.67328581	     11.81167515	     -4.98473282	      0.00000000	      4.47132918	     21.19281981	      0.00000000	    -18.16991770	     -7.10366252	    -17.42191814	      0.90515003	      0.15779063	      4.39553419	      0.00000000	      1.74795484	      4.56364291	      0.00000000
      8.26666667	     15.17410954	     12.72763302	     60.74263705	     -0.05716034	      0.25274966	      1.02288529	    -24.94290274	     -2.34352191	     12.47158327	     -7.02278265	      1.47166004	     22.10340550	     -0.01356696	      0.01899751	     -0.00883857	      0.00000000	      0.00000000	      0.00000000	     -0.03226212	     -0.03566778	     -0.01335828	      0.00000000	      0.00000000	      0.00000000	      0.03829348	     -0.02413131	     -0.00707618	    169.97435566	    182.35676489	    203.29698494	     27.56072437	      0.00000000	      0.00000000	      0.00000000	      0.00000000	     14.81487456	      6.31561966	    -48.92224389	      0.00000000	      0.00000000	      0.00000000	      0.00000000	      0.00000000	    -13.88793564	      6.65102446	     -0.31949301	    -37.43940019	     12.15537352	     -4.98473282	      0.00000000	      5.49811747	     22.44431581	      0.00000000	    -18.98616199	     -7.96247263	    -18.22662459	      1.16481495	     -0.61467497	      4.41091651	      0.00000000	      2.85010708	      4.37251603	      0.00000000
      8.30000000	     15.96216351	     12.58797628	     60.25241184	     -0.05694953	      0.25263125	      1.02150330	    -25.51044707	     -2.87761726	     12.71969200	     -6.19031735	      1.14059775	     21.32924587	     -0.01512771	      0.01986537	     -0.00769164	      0.00000000	      0.00000000	      0.00000000	     -0.03482014	     -0.03494322	     -0.01786783	      0.00000000	      0.00000000	      0.00000000	      0.04643018	     -0.02194676	     -0.00009831	    167.91384248	    180.30805012	    208.66819773	     27.72218815	      0.00000000	      0.00000000	      0.00000000	      0.00000000	     16.10170713	     10.63536216	    -56.57797611	      0.00000000	      0.00000000	      0.00000000	      0.00000000	      0.00000000	    -12.07764995	      6.40449116	     -1.14111831	    -40.39311303	     10.78646192	     -4.98473282	      0.00000000	      7.82793753	     24.02465513	      0.00000000	    -19.74635648	     -8.57954618	    -18.97838056	      1.45863882	     -0.16791629	      4.71194568	      0.00000000	      3.28304908	      2.61843774	      0.00000000
      8.33333333	     16.63071427	     12.52927516	     60.45149081	     -0.05665056	      0.25342007	      1.02185393	    -26.16287389	     -3.12024356	     12.49443128	     -5.51807353	      0.97407367	     21.42518113	     -0.01618771	      0.02007705	     -0.00747711	      0.00000000	      0.00000000	      0.00000000	     -0.03000389	     -0.03239537	     -0.01957687	      0.00000000	      0.00000000	      0.00000000	      0.04638858	     -0.02065354	     -0.00294451	    167.18708298	    179.30589159	    208.79609004	     28.17794867	      0.00000000	      0.00000000	      0.00000000	      0.00000000	     15.67147343	     16.47483856	    -56.53004762	      0.00000000	      0.00000000	      0.00000000	      0.00000000	      0.00000000	    -11.03656556	      6.24400851	     -2.57107945	    -41.85964355	      9.48728367	     -4.98473282	      0.00000000	     10.17689640	     23.80456859	      0.00000000	    -20.15743766	     -9.32541691	    -19.33319088	      1.78885800	     -0.12610177	      4.98473282	      0.00000000	      3.21713352	      1.94032178	      0.00000000
      8.36666667	     16.54885067	     12.50139673	     61.54698059	     -0.05740651	      0.25437713	      1.02337854	    -26.65984174	     -3.45819892	     11.26330047	     -2.91515247	     -0.27102990	     21.74133513	     -0.01242867	      0.01641178	     -0.00491477	      0.00000000	      0.00000000	      0.00000000	     -0.02517914	     -0.02897637	     -0.02211758	      0.00000000	      0.00000000	      0.00000000	      0.03702765	     -0.02172436	     -0.01103532	    166.55264207	    177.52234484	    209.83285054	     27.90368688	      0.00000000	      0.00000000	      0.00000000	      0.00000000	     14.30508544	     23.42534959	    -52.56094398	      0.00000000	      0.00000000	      0.00000000	      0.00000000	      0.00000000	    -10.42934873	      5.34990648	     -5.30955479	    -41.79229363	      6.73426460	     -4.98473282	      0.00000000	     10.75369865	     24.98095987	      0.00000000	    -19.54043888	     -9.46584167	    -17.73172979	      1.93837456	      2.50298781	      4.53390218	      0.00000000	      2.14927369	     -2.55477516	      0.00000000
      8.40000000	     16.03823691	     11.61772626	     62.92023304	     -0.05764239	      0.25523982	      1.02465677	    -25.77835225	     -3.45608520	      9.45697079	     -2.95246918	     -0.74650741	     23.23413823	     -0.01444294	      0.01552131	     -0.00475170	      0.00000000	      0.00000000	      0.00000000	     -0.01795828	     -0.02792196	     -0.02035763	      0.00000000	      0.00000000	      0.00000000	      0.03352333	     -0.02324807	     -0.01202656	    166.72436479	    176.63194849	    209.79615130	     30.00851971	      0.00000000	      0.00000000	      0.00000000	      0.00000000	     15.53242919	     26.91634234	    -43.13663609	      6.90256634	      0.00000000	      0.00000000	      0.00000000	      0.00000000	     -9.48213131	      4.61100054	     -7.43218542	    -40.89256391	      3.82166598	     -4.98473282	      0.00000000	      9.03792578	     24.89448741	      0.00000000	    -18.03992414	     -9.95130283	    -15.21410962	      2.23529468	      6.22044133	      4.44653103	      0.00000000	      0.21659104	     -8.95802836	      0.00000000
      8.43333333	     15.53174771	     11.30241434	     63.13562602	     -0.05734158	      0.25636563	      1.02513047	    -25.32307902	     -3.96937482	      8.86856229	     -2.02785647	     -1.55637516	     23.36054679	     -0.01538253	      0.01307546	     -0.00641332	      0.00000000	      0.00000000	      0.00000000	     -0.01506160	     -0.02925608	     -0.01793581	      0.00000000	      0.00000000	      0.00000000	      0.02937706	     -0.02636778	     -0.01144218	    166.51313941	    175.63178907	    209.87012019	     33.03259037	      0.00000000	      0.00000000	      0.00000000	      0.00000000	     16.53921714	     31.90104842	    -44.40113157	      9.74875478	      0.00000000	      0.00000000	      0.00000000	      0.00000000	     -9.54783003	      3.68325621	     -7.18425263	    -39.67620062	      1.85742937	     -4.98473282	      0.00000000	      7.76064794	     20.77702046	      0.00000000	    -17.51819117	     -9.69091488	    -15.00476123	      2.33890336	      7.51650422	      3.86133621	      0.00000000	      0.17716202	     -8.52784671	      0.00000000
      8.46666667	     15.02416059	     11.41102702	     62.78131973	     -0.05658953	      0.25773188	      1.02366522	    -24.77904147	     -4.69899731	      8.90836622	     -1.97792426	     -1.97657348	     23.12595602	     -0.01693925	      0.01121771	     -0.00904394	      0.00000000	      0.00000000	      0.00000000	     -0.01146933	     -0.03219434	     -0.01387356	      0.00000000	      0.00000000	      0.00000000	      0.02467078	     -0.03238786	     -0.00914569	    166.33674530	    175.44157301	    208.54945057	     36.63280698	      0.00000000	      0.00000000	      0.00000000	      0.00000000	     17.81898617	     37.60973296	    -54.64478484	      9.06192033	      0.00000000	      0.00000000	      0.00000000	      0.00000000	    -10.10414204	      2.16948270	     -6.67923795	    -39.12211259	      3.77913094	     -4.98473282	      0.00000000	      6.60056504	     11.27119242	      0.00000000	    -17.99293698	     -8.89666482	    -17.06792774	      3.08295155	      8.69870470	      3.27283742	      0.00000000	      0.58708663	     -6.13018843	      0.00000000
      8.50000000	     14.58878060	     11.99380174	     62.73450459	     -0.05524303	      0.25866268	      1.02214532	    -24.68671800	     -5.44433540	      8.66816756	     -1.73493813	     -1.77906460	     21.77241995	     -0.01914672	      0.01002816	     -0.01344340	      0.00000000	      0.00000000	      0.00000000	     -0.01096231	     -0.03485852	     -0.01217103	      0.00000000	      0.00000000	      0.00000000	      0.02235850	     -0.03500123	     -0.00651667	    165.61209602	    174.60331838	    207.73140623	     38.96484353	      0.00000000	      0.00000000	      0.00000000	      0.00000000	     19.24766773	     40.58696340	    -57.96379805	     10.88533542	      0.00000000	      0.00000000	      0.00000000	      0.00000000	    -11.22806720	      0.67425328	     -5.46552116	    -38.87270890	      3.64663212	     -4.98473282	      0.00000000	      7.09885280	      7.09115036	      0.00000000	    -18.91031634	     -8.09203435	    -18.77328691	      4.07511558	      9.92778523	      3.17193583	      0.00000000	      0.36303264	     -5.34841421	      0.00000000
      8.53333333	     14.41225053	     12.23404456	     62.89078483	     -0.05359014	      0.25837228	      1.02136502	    -24.17980010	     -5.65647266	      8.63101197	     -2.09365399	     -1.37400504	     20.20207421	     -0.02068058	      0.01130308	     -0.01621275	      0.00000000	      0.00000000	      0.00000000	     -0.01118357	     -0.03545535	     -0.01118818	      0.00000000	      0.00000000	      0.00000000	      0.02252948	     -0.03279288	     -0.00504117	    165.03164383	    174.12122257	    206.43295787	     40.43606408	      0.00000000	      0.00000000	      0.00000000	      0.00000000	     19.90452273	     40.70004685	    -55.45683714	     14.68244472	      0.00000000	      0.00000000	      0.00000000	      0.00000000	    -11.91529162	     -0.44279592	     -4.48395456	    -39.85627794	      3.37168192	     -4.98473282	      0.00000000	      7.31135787	      6.21076002	      0.00000000	    -19.58154622	     -7.66670643	    -21.35413809	      5.34437840	     12.86872119	      3.40717476	      0.00000000	     -0.47211071	     -6.33644706	      0.00000000
      8.56666667	     14.08411134	     11.98063542	     63.89144534	     -0.05288195	      0.25698927	      1.02302201	    -23.20956139	     -5.29333451	      7.98410576	     -2.83584781	     -1.34290582	     19.08166530	     -0.02095616	      0.01477446	     -0.01625352	      0.00000000	      0.00000000	      0.00000000	     -0.01245280	     -0.03354015	     -0.01211985	      0.00000000	      0.00000000	      0.00000000	      0.02421069	     -0.02740868	     -0.00402655	    164.45373779	    173.82510480	    205.56632795	     41.01576061	      0.00000000	      0.00000000	      0.00000000	      0.00000000	     20.26508413	     39.16841638	    -51.88744063	     19.26594648	      0.00000000	      0.00000000	      0.00000000	      0.00000000	    -12.07664714	     -1.26443551	     -3.98247472	    -41.66560153	      3.10960377	     -4.98473282	      0.00000000	      7.36573119	      9.25332891	      0.00000000	    -19.10932376	     -7.61480722	    -22.45231164	      6.12298130	     14.89690267	      3.71546208	      0.00000000	     -1.80595859	     -7.40435214	      0.00000000
      8.60000000	     13.38463494	     11.23461176	     65.36608665	     -0.05292313	      0.25504334	      1.02668385	    -21.56249580	     -4.84600839	      7.14061901	     -4.42268141	     -1.05974704	     18.89485187	     -0.02127823	      0.01945858	     -0.01380116	      0.00000000	      0.00000000	      0.00000000	     -0.01276143	     -0.02995676	     -0.00983655	      0.00000000	      0.00000000	      0.00000000	      0.02676829	     -0.02121907	     -0.00379851	    165.13135422	    174.61441913	    203.19480675	     41.93039101	      0.00000000	      0.00000000	      0.00000000	      0.00000000	     20.12958396	     37.24720077	    -49.12079822	     23.22602263	      0.00000000	      0.00000000	      0.00000000	      0.00000000	    -11.66881439	     -2.05988058	     -3.75488750	    -43.79628361	      2.45596438	     -4.98473282	      0.00000000	      7.16954818	     15.21988808	      0.00000000	    -17.71984905	     -7.69105259	    -21.81470822	      6.59756863	     14.89690267	      3.97336592	      0.00000000	     -2.72737033	     -6.64361030	      0.00000000
      8.63333333	     12.37132413	     10.67367622	     67.01222693	     -0.05458070	      0.25361778	      1.03235170	    -20.22622463	     -4.48777091	      6.03986450	     -5.73240339	     -0.74238768	     19.42516371	     -0.02160253	      0.02230832	     -0.01169059	      0.00000000	      0.00000000	      0.00000000	     -0.01385234	     -0.02737711	     -0.00702403	      0.00000000	      0.00000000	      0.00000000	      0.02523335	     -0.01992186	     -0.00458625	    166.15568753	    175.60500191	    199.78835602	     43.68681798	      0.00000000	      0.00000000	      0.00000000	      0.00000000	     20.02213278	     36.98240233	    -49.46532608	     24.89808544	      0.00000000	      0.00000000	      0.00000000	      0.00000000	    -11.30172792	     -3.05579284	     -3.34069346	    -45.65081661	      1.20513506	     -4.98473282	      0.00000000	      6.68091442	     21.03192895	      0.00000000	    -15.96874460	     -7.24851694	    -21.89853785	      6.51445194	     14.89121543	      3.84648739	      0.00000000	     -3.11528392	     -4.75747083	      0.00000000
      8.66666667	     11.80738420	     11.02613156	     68.14537457	     -0.05571914	      0.25335747	      1.03915455	    -19.91517965	     -4.11134211	      5.25772840	     -6.67922336	     -0.75811684	     19.92467790	     -0.02112457	      0.02278731	     -0.00976690	      0.00000000	      0.00000000	      0.00000000	     -0.01847406	     -0.02723801	     -0.00736721	      0.00000000	      0.00000000	      0.00000000	      0.02275345	     -0.02452784	     -0.00749781	    166.06698366	    175.22174632	    198.80724387	     44.16914776	      0.00000000	      0.00000000	      0.00000000	      0.00000000	     19.55559300	     37.46530869	    -49.75619222	     25.91742964	      0.00000000	      0.00000000	      0.00000000	      0.00000000	    -12.02271470	     -3.78038843	     -2.02896320	    -46.79900954	      1.40705191	     -4.98473282	      0.00000000	      5.33710816	     21.52747446	      0.00000000	    -15.46184328	     -7.07953579	    -22.18600867	      6.51529488	     14.89690267	      4.39459583	      0.00000000	     -3.84921482	     -4.42880244	      0.00000000
      8.70000000	     10.35519770	     11.85322251	     69.31378758	     -0.05616337	      0.25360691	      1.04647103	    -19.56559495	     -4.99911003	      4.48590658	     -8.54847365	     -1.32141114	     21.64262542	     -0.02263144	      0.02371713	     -0.00152411	      0.00000000	      0.00000000	      0.00000000	     -0.01625601	     -0.02903707	     -0.00381802	      0.00000000	      0.00000000	      0.00000000	      0.02172420	     -0.03313750	     -0.00963627	    167.70172539	    176.61176582	    194.69771837	     46.17192056	      0.00000000	      0.00000000	      0.00000000	      0.00000000	     19.31460332	     38.13707900	    -50.20680792	     27.23304771	      0.00000000	      0.00000000	      0.00000000	      0.00000000	    -12.89910782	     -5.47861068	     -0.78757226	    -46.98925176	     -0.56689346	     -4.98473282	      0.00000000	      3.46044021	     22.77202232	      0.00000000	    -15.26544319	     -5.59649597	    -23.27639392	      6.88358560	     14.43215669	      4.59755583	      0.00000000	     -4.54742284	     -2.12412093	      0.00000000
      8.73333333	      9.14566135	     12.90607643	     70.34685929	     -0.05467422	      0.25328163	      1.05551679	    -19.57574377	     -5.83815258	      3.39792985	     -8.44998146	     -1.68745816	     22.41902566	     -0.02026779	      0.02072529	      0.00314888	      0.00000000	      0.00000000	      0.00000000	     -0.01471456	     -0.02913585	     -0.00619398	      0.00000000	      0.00000000	      0.00000000	      0.01772081	     -0.04022493	     -0.01654505	    167.97397321	    177.24528781	    193.36957074	     46.76819875	      0.00000000	      0.00000000	      0.00000000	      0.00000000	     18.53815630	     39.30449147	    -52.13887780	     26.64344095	      0.00000000	      0.00000000	      0.00000000	      0.00000000	    -14.25467885	     -6.65191292	      0.97926225	    -46.20895433	     -3.52689838	     -4.98473282	      0.00000000	      1.90673798	     24.98095987	      0.00000000	    -15.36126464	     -4.50413165	    -23.66649048	      7.09041644	     13.13732685	      4.98473282	      0.00000000	     -4.65760217	      0.97729530	      0.00000000
      8.76666667	      8.44376413	     13.37216027	     71.06233966	     -0.05087486	      0.25161795	      1.06633337	    -19.02331572	     -6.17274537	      2.56984828	     -7.92245982	     -1.61551224	     22.09960502	     -0.01646800	      0.01767299	      0.00431184	      0.00000000	      0.00000000	      0.00000000	     -0.01333071	     -0.02521673	     -0.00958097	      0.00000000	      0.00000000	      0.00000000	      0.01664086	     -0.04002066	     -0.02091706	    168.14869260	    177.98603038	    193.49697687	     46.61728929	      0.00000000	      0.00000000	      0.00000000	      0.00000000	     18.37261734	     38.35499562	    -53.02472644	     26.58538016	      0.00000000	      0.00000000	      0.00000000	      0.00000000	    -15.46816310	     -6.83694900	      2.76714190	    -44.91075176	     -4.37527293	     -4.98473282	      0.00000000	      1.97430882	     24.98095987	      0.00000000	    -14.90831916	     -4.17775965	    -23.15925432	      7.12966358	     13.45016413	      4.98473282	      0.00000000	     -4.75095206	      1.49314365	      0.00000000
      8.80000000	      8.02962736	     14.48701464	     71.90200964	     -0.04410554	      0.24898678	      1.07858243	    -19.21671119	     -6.87051720	      1.71567145	     -7.38430989	     -0.10503384	     20.53783586	     -0.01189121	      0.01679806	      0.00286871	      0.00000000	      0.00000000	      0.00000000	     -0.00873962	     -0.02070102	     -0.01100053	      0.00000000	      0.00000000	      0.00000000	      0.01657283	     -0.03254570	     -0.01901886	    169.20551330	    180.00185668	    193.31256953	     47.78043884	      0.00000000	      0.00000000	      0.00000000	      0.00000000	     19.55828569	     36.08127235	    -54.48741268	     26.06213876	      0.00000000	      0.00000000	      0.00000000	      0.00000000	    -17.77287800	     -6.68312759	      3.21282615	    -43.04109376	     -4.68650395	     -4.98473282	      0.00000000	      3.18708483	     24.98095987	      0.00000000	    -15.01905631	     -4.27233607	    -22.43664743	      6.95165908	     14.53196519	      4.98473282	      0.00000000	     -5.11829083	      1.01861118	      0.00000000
      8.83333333	      8.21527795	     15.88142962	     72.03303298	     -0.03635031	      0.24567877	      1.09227729	    -19.91959498	     -7.20629276	      1.74522850	     -7.36042142	      1.91042291	     18.02009278	     -0.00755842	      0.01949387	     -0.00100826	      0.00000000	      0.00000000	      0.00000000	     -0.00724327	     -0.01875970	     -0.01145625	      0.00000000	      0.00000000	      0.00000000	      0.02318739	     -0.02081155	     -0.00975108	    170.00328231	    181.49020941	    194.21010538	     47.85526850	      0.00000000	      0.00000000	      0.00000000	      0.00000000	     21.20931174	     31.43051344	    -52.89750853	     26.44348751	      0.00000000	      0.00000000	      0.00000000	      0.00000000	    -20.47095233	     -6.24287512	      3.06716334	    -40.65279720	     -5.02291274	     -4.98473282	      0.00000000	      4.26773930	     24.98095987	      0.00000000	    -15.65509939	     -4.82167625	    -21.40370974	      6.71550724	     14.89690267	      4.98473282	      0.00000000	     -5.66971038	     -0.99246305	      0.00000000
      8.86666667	      8.91374708	     17.24548424	     71.86437117	     -0.02877508	      0.24245768	      1.10801362	    -21.16405679	     -6.85809318	      2.02015030	     -7.62167808	      3.55401393	     16.20465631	     -0.00525767	      0.02433258	     -0.00340519	      0.00000000	      0.00000000	      0.00000000	     -0.01008404	     -0.02109318	     -0.01175069	      0.00000000	      0.00000000	      0.00000000	      0.03556262	     -0.01062918	      0.00143955	    169.98612407	    181.53608427	    196.48773306	     45.38144225	      0.00000000	      0.00000000	      0.00000000	      0.00000000	     22.58063086	     24.94290384	    -47.45205131	     28.13305511	      0.00000000	      0.00000000	      0.00000000	      0.00000000	    -23.23368611	     -5.50907489	      2.48275541	    -37.67961739	     -5.30925645	     -4.98473282	      0.00000000	      4.72363646	     24.98095987	      0.00000000	    -16.36573718	     -5.79416162	    -20.59790108	      6.45173273	     14.89690267	      4.98473282	      0.00000000	     -6.21286510	     -3.08513375	      0.00000000
      8.90000000	      9.88334780	     17.58648852	     71.29454570	     -0.02191013	      0.23963853	      1.12592880	    -21.71917879	     -5.54399975	      2.88003104	     -9.03992789	      4.52756022	     15.09703278	     -0.00734407	      0.03036486	     -0.00633998	      0.00000000	      0.00000000	      0.00000000	     -0.01406887	     -0.02455398	     -0.01127892	      0.00000000	      0.00000000	      0.00000000	      0.04751856	     -0.00798847	      0.00820320	    169.22827960	    180.75290955	    200.07123525	     40.24607346	      0.00000000	      0.00000000	      0.00000000	      0.00000000	     23.18663121	     19.25402877	    -44.05045221	     28.39610926	      0.00000000	      0.00000000	      0.00000000	      0.00000000	    -24.86495271	     -4.40202206	      2.67742323	    -34.67611333	     -5.14575518	     -4.98473282	      0.00000000	      5.24725688	     24.98095987	      0.00000000	    -16.21166795	     -7.17254397	    -20.27933802	      6.38365689	     14.89690267	      4.95890279	      0.00000000	     -6.76172307	     -4.46584340	      0.00000000
      8.93333333	     10.90509027	     16.77093564	     70.61383870	     -0.01574643	      0.23729437	      1.14668470	    -21.75795379	     -3.37743339	      4.23297005	    -10.48942522	      4.00975648	     15.33983190	     -0.01490918	      0.03425420	     -0.00645368	      0.00000000	      0.00000000	      0.00000000	     -0.01850462	     -0.02680140	     -0.01099392	      0.00000000	      0.00000000	      0.00000000	      0.05018226	     -0.01191520	      0.00914876	    167.99097411	    180.13848804	    203.49881834	     35.29400935	      0.00000000	      0.00000000	      0.00000000	      0.00000000	     22.63266178	     16.68364429	    -44.78149866	     24.23516076	      0.00000000	      0.00000000	      0.00000000	      0.00000000	    -25.40246146	     -2.86514372	      4.16346334	    -31.72546714	     -4.00350987	     -4.98473282	      0.00000000	      7.44723483	     24.98095987	      0.00000000	    -15.10996554	     -8.79918683	    -18.88434359	      6.90669751	     13.35204994	      4.67026571	      0.00000000	     -8.04643098	     -5.47217937	      0.00000000
      8.96666667	     11.48992705	     14.48368608	     69.80447571	     -0.00931712	      0.23521087	      1.17070725	    -20.60843365	     -0.92575745	      5.77344644	    -10.87423844	      2.56239521	     15.93855321	     -0.02337078	      0.03252538	     -0.00745771	      0.00000000	      0.00000000	      0.00000000	     -0.02312575	     -0.02766864	     -0.01277733	      0.00000000	      0.00000000	      0.00000000	      0.04176575	     -0.02022671	      0.00690271	    166.51878813	    179.98124478	    205.79584917	     32.59485283	      0.00000000	      0.00000000	      0.00000000	      0.00000000	     21.20329089	     17.04083444	    -52.29954391	     15.10433903	      0.00000000	      0.00000000	      0.00000000	      0.00000000	    -24.25339413	     -1.12127435	      6.90774378	    -29.02311400	     -2.97804609	     -4.98473282	      0.00000000	     10.84453933	     24.98095987	      0.00000000	    -12.39004117	    -10.62437360	    -14.94708050	      7.41497215	      8.75037794	      4.11845808	      0.00000000	     -9.59815782	     -6.73883241	      0.00000000
      9.00000000	     11.30999226	     11.29390491	     69.97937184	     -0.00170677	      0.23313871	      1.19743091	    -18.38855694	      1.25794483	      6.94985646	    -11.27131323	      1.36709453	     15.32980866	     -0.03307473	      0.02841370	     -0.01066975	      0.00000000	      0.00000000	      0.00000000	     -0.02913933	     -0.02883631	     -0.01565304	      0.00000000	      0.00000000	      0.00000000	      0.03694237	     -0.02912654	      0.00551363	    166.13677209	    180.64437267	    203.16882948	     32.46640633	      0.00000000	      0.00000000	      0.00000000	      0.00000000	     19.41420503	     16.34242089	    -62.67487507	      6.97350034	      0.00000000	      0.00000000	      0.00000000	      0.00000000	    -21.92727833	      0.57750076	      8.49047306	    -26.34355672	     -1.33267648	     -4.98473282	      0.00000000	     13.97018559	     24.98095987	      0.00000000	     -8.06893463	    -12.29625021	     -9.97537288	      7.69272985	      2.30393874	      3.22016082	      0.00000000	    -10.90005746	     -5.86063245	      0.00000000
      9.03333333	     11.91899220	     10.30810642	     69.67234690	      0.00717438	      0.23069515	      1.22352397	    -18.41248234	      3.31178403	      7.67537807	    -10.34241731	     -0.08999641	     14.71539390	     -0.03701318	      0.02215411	     -0.01445405	      0.00000000	      0.00000000	      0.00000000	     -0.03458662	     -0.02771036	     -0.02109234	      0.00000000	      0.00000000	      0.00000000	      0.03808800	     -0.03404424	      0.00231221	    165.47842809	    180.33001279	    201.48390698	     32.25059245	      0.00000000	      0.00000000	      0.00000000	      0.00000000	     17.89708478	     12.66947898	    -63.24078943	      3.57029321	      0.00000000	      0.00000000	      0.00000000	      0.00000000	    -22.04388362	      1.82905265	      8.35431906	    -23.11775123	      1.15971572	     -4.98473282	      0.00000000	     15.64474800	     24.98095987	      0.00000000	     -6.43168658	    -13.83647466	    -10.23332578	      8.10545462	      0.48296977	      2.74479559	      0.00000000	    -11.51627266	     -4.98296872	      0.00000000
      9.06666667	     12.10573652	     10.47261762	     70.20284474	      0.01751428	      0.22775143	      1.24919527	    -18.75621122	      4.23653641	      7.02514381	     -8.92800263	     -0.43862274	     13.45853379	     -0.03347541	      0.01542779	     -0.01741063	      0.00000000	      0.00000000	      0.00000000	     -0.03545808	     -0.02674168	     -0.02279828	      0.00000000	      0.00000000	      0.00000000	      0.04372953	     -0.03429342	     -0.00477224	    165.35230155	    180.20973433	    201.61011512	     31.78098280	      0.00000000	      0.00000000	      0.00000000	      0.00000000	     16.66445486	      7.69252806	    -54.14082950	      2.99381223	      0.00000000	      0.00000000	      0.00000000	      0.00000000	    -23.09427933	      2.37850394	      3.96688033	    -19.69268697	      4.75905732	     -4.98473282	      0.00000000	     16.80127046	     24.98095987	      0.00000000	     -5.34075424	    -14.63985662	    -12.00021165	      7.86565613	     -2.11377130	      2.54867162	      0.00000000	    -10.48832345	     -0.28571859	      0.00000000
      9.10000000	     13.32570081	     13.57974270	     70.36977267	      0.02837694	      0.22490825	      1.27441777	    -22.22309379	      4.74989408	      5.68576392	     -6.81147210	     -0.11235039	     13.40046614	     -0.02425781	      0.01040281	     -0.01739837	      0.00000000	      0.00000000	      0.00000000	     -0.03213659	     -0.02543312	     -0.01926358	      0.00000000	      0.00000000	      0.00000000	      0.04587395	     -0.02934194	     -0.02153166	    164.89772758	    179.92046658	    205.45150847	     31.88340047	      0.00000000	      0.00000000	      0.00000000	      0.00000000	     14.20075924	      3.25670895	    -33.77377820	      3.88727765	      0.00000000	      0.00000000	      0.00000000	      0.00000000	    -27.21913999	      2.98428391	     -2.04688982	    -16.45529792	      8.99514586	     -4.98473282	      0.00000000	     17.43710178	     24.98095987	      0.00000000	     -7.72241425	    -15.50344656	    -15.81794814	      7.56064636	     -0.82554540	      2.92950744	      0.00000000	     -9.32063373	      0.61158511	      0.00000000
      9.13333333	     14.16025682	     17.31838432	     70.87453316	      0.03892693	      0.22273957	      1.30084936	    -25.89398769	      4.22007861	      4.40467480	     -6.16648916	      0.84267009	     12.75541025	     -0.01441159	      0.00960480	     -0.01267795	      0.00000000	      0.00000000	      0.00000000	     -0.02575911	     -0.02922781	     -0.01119046	      0.00000000	      0.00000000	      0.00000000	      0.04272782	     -0.02349969	     -0.03160648	    164.69249108	    180.72979494	    209.53785060	     34.38266788	      0.00000000	      0.00000000	      0.00000000	      0.00000000	     13.58943651	      0.53188509	    -26.44820016	      4.91460668	      0.00000000	      0.00000000	      0.00000000	      0.00000000	    -31.37586077	      3.56717417	     -7.66166634	    -14.10443158	     13.13492679	     -4.98473282	      0.00000000	     18.20853380	     24.98095987	      0.00000000	    -10.39452468	    -15.86506980	    -18.94371031	      6.93462897	      2.27020049	      2.95428971	      0.00000000	     -6.75864348	      0.10928921	      0.00000000
      9.16666667	     14.85243072	     21.26188558	     71.69673849	      0.04746987	      0.22212594	      1.32956819	    -30.10844818	      3.45775049	      3.47763174	     -5.97642333	      2.40298213	     12.59475552	     -0.00661453	      0.01048575	     -0.00496333	      0.00000000	      0.00000000	      0.00000000	     -0.01809340	     -0.03621552	     -0.00145791	      0.00000000	      0.00000000	      0.00000000	      0.03584879	     -0.01828544	     -0.03292676	    165.34761337	    181.68369697	    210.68720033	     37.99251494	      0.00000000	      0.00000000	      0.00000000	      0.00000000	     14.48040189	     -1.32893381	    -26.91226598	      8.15163620	      0.00000000	      0.00000000	      0.00000000	      0.00000000	    -35.02495475	      4.54172501	     -9.83917055	    -12.63727192	     14.89690267	     -4.98473282	      0.00000000	     18.82005751	     24.94780370	      0.00000000	    -13.22353741	    -15.99733729	    -19.53473952	      6.82616685	      5.36755157	      2.24718821	      0.00000000	     -4.08215557	     -1.85729169	      0.00000000
      9.20000000	     15.44689771	     24.19593285	     72.48812334	      0.05306720	      0.22326705	      1.35941396	    -33.64740265	      3.24209354	      3.49048916	     -6.65047669	      3.84055987	     12.14850224	     -0.00305714	      0.01256502	      0.00251692	      0.00000000	      0.00000000	      0.00000000	     -0.00897239	     -0.04048321	      0.00552210	      0.00000000	      0.00000000	      0.00000000	      0.02961750	     -0.01726644	     -0.02392701	    166.44285320	    182.30347004	    209.87225382	     40.19838508	      0.00000000	      0.00000000	      0.00000000	      0.00000000	     16.50260238	     -3.08171361	    -31.52289715	     13.79381297	      0.00000000	      0.00000000	      0.00000000	      0.00000000	    -36.98203896	      5.72803281	     -9.75197080	    -12.02767296	     14.89690267	     -4.98473282	      0.00000000	     18.87679286	     24.98095987	      0.00000000	    -15.42798183	    -16.30047329	    -18.29974703	      7.71389619	      7.11356944	      1.45252743	      0.00000000	     -2.49276900	     -5.19086929	      0.00000000
      9.23333333	     15.37833963	     25.65338691	     74.23363825	      0.05591865	      0.22593722	      1.38886684	    -35.62122866	      3.80236763	      3.64665695	     -7.64157044	      4.94506719	     10.91502400	     -0.00147719	      0.01470897	      0.00776538	      0.00000000	      0.00000000	      0.00000000	     -0.00071780	     -0.03893872	      0.00931085	      0.00000000	      0.00000000	      0.00000000	      0.02654017	     -0.01896421	     -0.00760740	    167.45442998	    182.43885737	    208.86666662	     40.10177342	      0.00000000	      0.00000000	      0.00000000	      0.00000000	     18.77758518	     -4.07918591	    -38.17571974	     18.50013784	      0.00000000	      0.00000000	      0.00000000	      0.00000000	    -37.03377825	      7.03349827	    -10.21874568	    -11.72189764	     14.89690267	     -4.98473282	      0.00000000	     18.03531372	     24.46211050	      0.00000000	    -15.92351910	    -16.66862716	    -16.59914427	      9.01762879	      6.87043543	      1.38055051	      0.00000000	     -2.32878230	     -8.42474715	      0.00000000
      9.26666667	     14.58897724	     25.42237172	     76.68881117	      0.05641039	      0.23020435	      1.41702587	    -35.64067330	      5.22643630	      4.02610168	     -8.77287071	      5.64586780	      8.42931281	     -0.00012265	      0.01674949	      0.00685959	      0.00000000	      0.00000000	      0.00000000	      0.00366172	     -0.03379350	      0.00756424	      0.00000000	      0.00000000	      0.00000000	      0.02562688	     -0.02130829	      0.00979651	    167.17068602	    182.62542204	    208.36154815	     39.42354818	      0.00000000	      0.00000000	      0.00000000	      0.00000000	     20.08788298	     -3.53161095	    -46.63506880	     19.41868106	      0.00000000	      0.00000000	      0.00000000	      0.00000000	    -35.11591049	      8.24386516	    -12.10030352	    -11.57666896	     14.89690267	     -4.98473282	      0.00000000	     15.79626942	     22.67617416	      0.00000000	    -14.22939521	    -16.91713496	    -16.68638751	      9.33677634	      5.02729253	      2.64876701	      0.00000000	     -2.55787765	    -11.72856424	      0.00000000
      9.30000000	     12.86152680	     24.92711770	     79.67740066	      0.05525109	      0.23617096	      1.44203379	    -34.84438339	      6.65674230	      3.64404155	     -9.21934187	      5.91563177	      4.70400622	      0.00525596	      0.01749400	     -0.00048873	      0.00000000	      0.00000000	      0.00000000	      0.00569857	     -0.02956767	      0.00175784	      0.00000000	      0.00000000	      0.00000000	      0.02838911	     -0.02244404	      0.01700210	    165.48167984	    183.47887702	    208.61658853	     40.64377914	      0.00000000	      0.00000000	      0.00000000	      0.00000000	     19.16900401	     -3.49365974	    -49.95974991	     19.24150654	      0.00000000	      0.00000000	      0.00000000	      0.00000000	    -33.03007138	      8.72651605	    -13.00384494	    -10.93730428	     12.79275190	     -4.98473282	      0.00000000	     12.95979684	     21.83900498	      0.00000000	    -12.17378660	    -16.21779680	    -19.61170741	      8.21432260	      3.62523067	      4.98473282	      0.00000000	     -2.85725521	    -14.77563696	      0.00000000
      9.33333333	     10.08539179	     23.17019286	     83.38820154	      0.05239475	      0.24407532	      1.46605189	    -32.49911731	      7.72435479	      2.28945516	     -8.01837422	      6.11683817	      1.40972353	      0.01530108	      0.01315246	     -0.00885827	      0.00000000	      0.00000000	      0.00000000	      0.00525857	     -0.02827854	     -0.00142786	      0.00000000	      0.00000000	      0.00000000	      0.03128328	     -0.02501843	      0.01530046	    164.26822948	    184.40064945	    207.20529173	     42.71593513	      0.00000000	      0.00000000	      0.00000000	      0.00000000	     17.39100277	     -3.66878665	    -48.47526241	     19.90104903	      0.00000000	      0.00000000	      0.00000000	      0.00000000	    -29.33093054	      7.98389664	    -15.34332571	    -10.99377131	     12.80990576	     -4.98473282	      0.00000000	     10.93001347	     21.08760458	      0.00000000	     -8.09900175	    -13.89681929	    -23.40275874	      4.87811994	      9.07647270	      4.98473282	      0.00000000	     -6.16436327	    -22.76510995	      0.00000000
      9.36666667	      7.79078812	     24.36793989	     86.21897575	      0.05133907	      0.25311041	      1.48549706	    -33.29232396	      8.05376711	      1.02232140	     -6.07864546	      7.22313902	     -1.93013667	      0.02493207	      0.00996963	     -0.01928248	      0.00000000	      0.00000000	      0.00000000	      0.00490249	     -0.02741491	     -0.00177945	      0.00000000	      0.00000000	      0.00000000	      0.03198487	     -0.02512560	      0.00661705	    163.52949284	    184.69295325	    206.57122412	     45.10176378	      0.00000000	      0.00000000	      0.00000000	      0.00000000	     15.41224494	     -4.65958341	    -40.60243491	     23.10877359	      0.00000000	      0.00000000	      0.00000000	      0.00000000	    -29.53365875	      6.62340377	    -16.42064293	    -10.58830005	     14.89690267	     -4.71512412	      0.00000000	     10.19628950	     17.82819502	      0.00000000	     -8.19423820	    -12.49018527	    -27.95004198	     -0.19291737	     14.89690267	      4.98473282	      0.00000000	     -6.95641058	    -24.41396255	      0.00000000
      9.40000000	      6.10369527	     26.09357084	     88.12702504	      0.05174987	      0.26123470	      1.50188897	    -34.74339271	      8.14445294	      0.27937317	     -3.78876350	      7.52810130	     -3.38532691	      0.03208412	      0.00590156	     -0.02258964	      0.00000000	      0.00000000	      0.00000000	      0.00145649	     -0.02620432	      0.00265041	      0.00000000	      0.00000000	      0.00000000	      0.02913730	     -0.02611726	      0.00031362	    163.77696932	    183.09460293	    207.66242766	     45.49778672	      0.00000000	      0.00000000	      0.00000000	      0.00000000	     14.32221367	     -6.35678689	    -32.03157355	     28.28188593	      0.00000000	      0.00000000	      0.00000000	      0.00000000	    -31.04678606	      5.32764704	    -14.94637153	     -9.24336691	     14.89690267	     -3.77925761	      0.00000000	     10.87492573	     15.27292217	      0.00000000	     -9.38242524	    -12.51411278	    -27.18490604	     -7.11099658	     14.89690267	      4.98473282	      0.00000000	     -4.94475715	    -20.12422281	      0.00000000
      9.43333333	      4.63410340	     26.95424222	     90.13506091	      0.05173283	      0.26640705	      1.51723776	    -35.27117945	      8.30351580	     -0.74997688	     -2.72061517	      7.33291697	     -3.02788838	      0.03228574	      0.00369730	     -0.02088368	      0.00000000	      0.00000000	      0.00000000	     -0.00417937	     -0.02656583	      0.00771884	      0.00000000	      0.00000000	      0.00000000	      0.02058397	     -0.02832048	      0.00251131	    164.03792262	    180.00568467	    211.03868665	     45.01231777	      0.00000000	      0.00000000	      0.00000000	      0.00000000	     14.97456037	     -7.29675601	    -28.04442963	     32.26992659	      0.00000000	      0.00000000	      0.00000000	      0.00000000	    -31.97265765	      4.51703486	    -15.30613867	     -7.49961306	     14.89690267	     -2.94517512	      0.00000000	     10.97346543	     12.77818720	      0.00000000	     -8.64876203	    -12.07433920	    -26.20725515	    -16.71848991	     14.27720394	      1.60666220	      0.00000000	     -0.23829132	     -8.47877400	      0.00000000
      9.46666667	      4.25728630	     25.94404761	     90.73476495	      0.05354052	      0.26810422	      1.53335992	    -34.04541807	      8.36755521	      0.26247318	     -2.22535640	      6.46056918	     -1.86516981	      0.02894524	      0.00163481	     -0.01373964	      0.00000000	      0.00000000	      0.00000000	     -0.01062500	     -0.02954830	      0.00869966	      0.00000000	      0.00000000	      0.00000000	      0.01121702	     -0.03142132	      0.00934583	    164.07390460	    177.41988475	    213.46221154	     45.37883204	      0.00000000	      0.00000000	      0.00000000	      0.00000000	     17.14487433	     -6.50475380	    -29.41550707	     34.30174072	      0.00000000	      0.00000000	      0.00000000	      0.00000000	    -30.51005735	      4.69240099	    -16.96382955	     -6.44416244	     14.89690267	     -2.85780553	      0.00000000	      9.30156150	     12.17660067	      0.00000000	     -6.31921658	    -12.82801193	    -23.81031349	    -25.89239656	      0.69407658	     -0.22838176	      0.00000000	      6.32120134	     16.70809915	      0.00000000
      9.50000000	      3.44124532	     25.04899905	     92.06409040	      0.05565606	      0.26780442	      1.54905075	    -32.54522473	      7.88619308	      1.12865448	     -4.26633341	      5.35329828	     -0.35375061	      0.02019588	      0.00439530	     -0.00323539	      0.00000000	      0.00000000	      0.00000000	     -0.01621583	     -0.03147173	      0.00641645	      0.00000000	      0.00000000	      0.00000000	      0.00806784	     -0.03306113	      0.01194617	    164.15705403	    175.82479264	    214.15286300	     46.12153283	      0.00000000	      0.00000000	      0.00000000	      0.00000000	     19.12487490	     -4.53423617	    -33.23372285	     35.54233434	      0.00000000	      0.00000000	      0.00000000	      0.00000000	    -29.24905218	      4.75367824	    -19.83639519	     -5.15770318	     14.89690267	     -2.21372513	      0.00000000	      5.97007418	     12.00880020	      0.00000000	     -4.80845517	    -13.41353612	    -22.42553776	    -33.75398879	     -2.01300286	     -1.17936819	      0.00000000	     10.44918384	     24.98095987	      0.00000000
      9.53333333	      2.55310850	     23.32213531	     94.47977887	      0.05758862	      0.26693711	      1.56675880	    -30.13777521	      7.60590280	      1.55894551	     -7.53573109	      4.09900355	      0.94448154	      0.00928124	      0.00970144	      0.00747465	      0.00000000	      0.00000000	      0.00000000	     -0.01901963	     -0.03062030	      0.00209901	      0.00000000	      0.00000000	      0.00000000	      0.01115542	     -0.03385679	      0.00868488	    164.15084463	    176.02226164	    211.99552594	     48.43607348	      0.00000000	      0.00000000	      0.00000000	      0.00000000	     19.96235043	     -1.19706967	    -37.85837870	     36.44454650	      0.00000000	      0.00000000	      0.00000000	      0.00000000	    -26.91369897	      5.07068981	    -22.32659565	     -4.11311468	     14.89690267	     -1.59491045	      0.00000000	      3.08907396	     11.34215146	      0.00000000	     -2.75450320	    -14.00296423	    -20.78666716	    -41.62358687	     -0.67200784	     -2.16640805	      0.00000000	     15.37391140	     24.98095987	      0.00000000
      9.56666667	      1.54102861	     22.26967348	     97.30521478	      0.05732022	      0.26626158	      1.58459782	    -28.40682692	      7.57075957	      1.01057909	    -12.22680413	      3.24861156	      1.49281663	     -0.00324176	      0.02024016	      0.01184732	      0.00000000	      0.00000000	      0.00000000	     -0.02025828	     -0.02550324	     -0.00167651	      0.00000000	      0.00000000	      0.00000000	      0.01551417	     -0.03338963	      0.00319717	    163.73673458	    176.38364214	    209.36605822	     51.71113852	      0.00000000	      0.00000000	      0.00000000	      0.00000000	     19.59667541	      2.27690014	    -41.26405245	     37.18786232	      0.00000000	      0.00000000	      0.00000000	      0.00000000	    -25.48910943	      5.12959795	    -22.54230827	     -2.84398209	     13.55411751	     -0.93583676	      0.00000000	      2.30419605	      9.84005352	      0.00000000	     -2.75769943	    -14.06572908	    -21.08934707	    -47.87241302	     -0.99827103	     -4.98473282	      0.00000000	     17.69498622	     24.98095987	      0.00000000
      9.60000000	      0.95080740	     20.68356555	    100.98965306	      0.05556980	      0.26560698	      1.60380673	    -26.27503017	      8.11419316	     -0.56712276	    -15.23988957	      3.96504804	      0.49981443	     -0.01248475	      0.02851600	      0.00909311	      0.00000000	      0.00000000	      0.00000000	     -0.01970291	     -0.02130527	     -0.00454237	      0.00000000	      0.00000000	      0.00000000	      0.01224351	     -0.03284632	      0.00230619	    162.86862857	    176.76106117	    206.23949745	     57.11685799	      0.00000000	      0.00000000	      0.00000000	      0.00000000	     19.98960419	      6.70316032	    -45.22349289	     37.56719254	      0.00000000	      0.00000000	      0.00000000	      0.00000000	    -23.11279512	      5.60037700	    -20.25113600	     -2.42503134	     10.48071553	     -0.63538428	      0.00000000	      2.93611772	      6.06660344	      0.00000000	     -3.07161105	    -14.35787810	    -17.13894905	    -51.92548445	     -4.53604519	     -4.98473282	      0.00000000	     14.37996364	     23.20074579	      0.00000000
      9.63333333	      0.92879960	     19.13719046	    104.35030174	      0.05161427	      0.26495084	      1.62202934	    -24.22497017	      9.10220649	     -3.33092684	    -16.42422291	      5.73985625	     -2.29248498	     -0.01873801	      0.03352647	     -0.00350817	      0.00000000	      0.00000000	      0.00000000	     -0.02019288	     -0.01895063	     -0.00688304	      0.00000000	      0.00000000	      0.00000000	      0.00114334	     -0.03263646	      0.00160325	    161.78339356	    174.69438326	    204.32968251	     61.57944054	      0.00000000	      0.00000000	      0.00000000	      0.00000000	     20.24390437	      9.83258225	    -45.39583382	     38.82978226	      0.00000000	      0.00000000	      0.00000000	      0.00000000	    -20.42839686	      6.25486594	    -16.05083323	     -2.79298381	      6.89048025	     -0.72459155	      0.00000000	      3.67273436	      0.79495061	      0.00000000	     -4.77643857	    -14.95825573	    -14.63531311	    -52.01948365	     -7.54665129	     -4.98473282	      0.00000000	      7.40190351	     21.38374505	      0.00000000
      9.66666667	      1.45819916	     19.06612377	    106.04463922	      0.04677843	      0.26392829	      1.63728469	    -23.67400277	     10.13339001	     -4.91753645	    -16.07303926	      7.23437239	     -5.02299911	     -0.02247511	      0.03608138	     -0.01421982	      0.00000000	      0.00000000	      0.00000000	     -0.02130715	     -0.01721788	     -0.00944731	      0.00000000	      0.00000000	      0.00000000	     -0.00828998	     -0.02943798	      0.00077760	    160.59904579	    171.49871346	    203.06719361	     65.07424669	      0.00000000	      0.00000000	      0.00000000	      0.00000000	     20.07806565	     10.93868663	    -42.76239765	     41.79383366	      0.00000000	      0.00000000	      0.00000000	      0.00000000	    -18.83051564	      7.22852476	    -10.90971600	     -4.13319200	      5.06668905	     -1.14810990	      0.00000000	      4.07384633	     -5.84646025	      0.00000000	     -9.69401075	    -16.37020575	    -16.23545245	    -48.19911640	     -6.85204985	     -4.98473282	      0.00000000	      3.38380834	     18.38543678	      0.00000000
      9.70000000	      1.62608131	     20.75197986	    106.81030747	      0.04024542	      0.26301721	      1.64951043	    -24.97868212	     10.82190862	     -5.67546968	    -14.07936203	      8.56408052	     -6.87556193	     -0.02261758	      0.03512094	     -0.02214312	      0.00000000	      0.00000000	      0.00000000	     -0.02279770	     -0.01427147	     -0.01236718	      0.00000000	      0.00000000	      0.00000000	     -0.01384392	     -0.02334104	      0.00136462	    159.00849361	    168.78190397	    202.21787821	     68.70266868	      0.00000000	      0.00000000	      0.00000000	      0.00000000	     19.91177260	     10.92922435	    -40.88711598	     45.79196170	      0.00000000	      0.00000000	      0.00000000	      0.00000000	    -19.29432425	      7.67895415	     -8.88505983	     -5.57648009	      6.93645211	     -1.37499669	      0.00000000	      4.44733510	    -10.30912715	      0.00000000	    -17.87027934	    -17.36085169	    -22.32557357	    -41.26181857	     -0.61029077	     -4.98473282	      0.00000000	      4.47938328	     12.96423921	      0.00000000
      9.73333333	      2.03434875	     21.07423344	    108.63700906	      0.03238509	      0.26197294	      1.66260811	    -24.38709917	     11.73494561	     -7.21591796	    -12.07537026	      8.98631271	     -8.49043297	     -0.02014809	      0.03159389	     -0.02556158	      0.00000000	      0.00000000	      0.00000000	     -0.02103994	     -0.01051175	     -0.01662123	      0.00000000	      0.00000000	      0.00000000	     -0.00853781	     -0.01784821	      0.00580794	    156.80340401	    168.92713571	    200.32332780	     74.43664732	      0.00000000	      0.00000000	      0.00000000	      0.00000000	     20.13784281	      9.45512362	    -40.61855114	     51.49728888	      0.00000000	      0.00000000	      0.00000000	      0.00000000	    -18.42780031	      7.98681126	     -9.49125324	     -6.54731659	      7.64989253	     -1.39695344	      0.00000000	      5.48572655	    -10.44902349	      0.00000000	    -23.49789045	    -17.42432394	    -26.59487149	    -33.10207988	      3.28862417	     -3.99444861	      0.00000000	      8.80568819	     10.70706857	      0.00000000
      9.76666667	      2.20577684	     23.56685046	    108.84322436	      0.02391787	      0.26114055	      1.67514107	    -26.27466993	     12.35836013	     -6.46751826	    -11.80548461	      8.88250276	     -8.22228575	     -0.02128515	      0.03242222	     -0.02391559	      0.00000000	      0.00000000	      0.00000000	     -0.01713456	     -0.00116963	     -0.01689170	      0.00000000	      0.00000000	      0.00000000	     -0.00841017	     -0.01300712	      0.00913709	    155.74582164	    170.88721622	    196.57481727	     80.51397275	      0.00000000	      0.00000000	      0.00000000	      0.00000000	     20.42385515	     11.03717663	    -43.40383479	     54.03160333	      0.00000000	      0.00000000	      0.00000000	      0.00000000	    -20.21940481	      8.17887423	    -12.26242712	     -6.75861173	      9.47263302	     -2.00315421	      0.00000000	      5.73912617	     -6.60125451	      0.00000000	    -32.17711923	    -16.85514166	    -36.45481447	    -23.49261991	     14.89690267	     -2.88468959	      0.00000000	     10.94000681	      4.04243428	      0.00000000
      9.80000000	      3.32167095	     23.09632301	    109.40688456	      0.01657122	      0.26064527	      1.69248824	    -24.88122614	     13.04149344	     -6.46520781	    -12.68858885	      7.70439708	     -6.65249300	     -0.02288505	      0.03082995	     -0.01625106	      0.00000000	      0.00000000	      0.00000000	     -0.00085699	      0.00334370	     -0.02108395	      0.00000000	      0.00000000	      0.00000000	     -0.01229918	     -0.01439723	      0.01102359	    154.91789953	    175.32141009	    191.45049336	     88.31387482	      0.00000000	      0.00000000	      0.00000000	      0.00000000	     20.56360321	     14.04055907	    -46.17545667	     54.62877675	      0.00000000	      0.00000000	      0.00000000	      0.00000000	    -18.09667738	      8.64903861	    -14.08548357	     -7.47030758	      8.97862114	     -2.71786252	      0.00000000	      3.54677297	     -5.15087582	      0.00000000	    -35.05045681	    -16.20123927	    -37.19255753	    -15.15024521	     14.89690267	     -0.14203062	      0.00000000	     12.24448554	      6.41871320	      0.00000000
      9.83333333	      4.60454903	     21.69900351	    108.89282021	      0.01027544	      0.26018936	      1.71185606	    -22.94280669	     13.09441806	     -5.38024161	    -13.65972840	      6.66806030	     -5.91787412	     -0.02385726	      0.02844416	     -0.01031166	      0.00000000	      0.00000000	      0.00000000	      0.01159809	      0.00325821	     -0.02676851	      0.00000000	      0.00000000	      0.00000000	     -0.02285487	     -0.01860672	      0.00754501	    154.67644797	    178.51429026	    185.98633697	     94.12080248	      0.00000000	      0.00000000	      0.00000000	      0.00000000	     19.48057909	     18.04336534	    -48.75264321	     53.22503819	      0.00000000	      0.00000000	      0.00000000	      0.00000000	    -14.41638108	      8.84940456	    -16.65800684	     -8.96423627	      9.14749148	     -4.08834942	      0.00000000	      0.98061684	     -3.15085070	      0.00000000	    -35.63451442	    -15.05058089	    -40.24715871	     -9.16663101	     14.67169989	      0.09083578	      0.00000000	     12.81588225	     14.84480457	      0.00000000
      9.86666667	      5.65091529	     18.53919728	    107.62025957	      0.00521343	      0.25946500	      1.73416831	    -19.93983315	     12.07639269	     -4.27189372	    -14.03957749	      5.48272652	     -5.16076605	     -0.02466893	      0.02381847	     -0.00470656	      0.00000000	      0.00000000	      0.00000000	      0.01673123	      0.00041449	     -0.02969735	      0.00000000	      0.00000000	      0.00000000	     -0.03523027	     -0.02348960	      0.00422100	    155.20398336	    179.31555501	    182.45670081	     98.04145168	      0.00000000	      0.00000000	      0.00000000	      0.00000000	     18.41457979	     20.55113626	    -50.77598931	     52.84951745	      0.00000000	      0.00000000	      0.00000000	      0.00000000	     -8.37052114	      8.01956743	    -15.25498952	    -11.60569204	      8.43599185	     -4.61149982	      0.00000000	     -1.50609889	     -4.78241392	      0.00000000	    -33.10499150	    -13.36536710	    -37.27619086	     -5.60318471	      8.45843607	      0.43541131	      0.00000000	     13.20793156	     22.54308432	      0.00000000
      9.90000000	      5.91378961	     15.57941594	    106.89223227	      0.00092150	      0.25793221	      1.75575267	    -17.55249310	     10.30245139	     -3.46372475	    -12.02224173	      5.42041934	     -6.32686471	     -0.02012444	      0.01536429	     -0.00430200	      0.00000000	      0.00000000	      0.00000000	      0.00686471	     -0.00164234	     -0.02589508	      0.00000000	      0.00000000	      0.00000000	     -0.04377223	     -0.02518641	      0.00424470	    156.76459115	    177.52070569	    180.64159632	     99.87668821	      0.00000000	      0.00000000	      0.00000000	      0.00000000	     18.30429841	     21.71115113	    -54.70791396	     54.27381324	      0.00000000	      0.00000000	      0.00000000	      0.00000000	     -3.14962599	      6.42487671	    -11.45962931	    -13.54857588	      6.15670122	     -3.52266994	      0.00000000	     -2.91844034	     -6.65929714	      0.00000000	    -30.19242675	    -11.62812832	    -32.91205618	     -3.41748168	      3.40002183	      0.62458786	      0.00000000	     14.03067872	     24.98095987	      0.00000000
      9.93333333	      6.15532529	     14.30972813	    106.83311508	     -0.00219333	      0.25584980	      1.77472585	    -16.90273083	      8.96579215	     -3.58496086	     -8.13383657	      4.39236032	     -7.80150610	     -0.01067939	      0.00490330	     -0.00097771	      0.00000000	      0.00000000	      0.00000000	     -0.00393235	     -0.00192342	     -0.01889008	      0.00000000	      0.00000000	      0.00000000	     -0.05088035	     -0.02658016	      0.00762577	    158.35198950	    175.43194928	    180.63660612	    101.88104294	      0.00000000	      0.00000000	      0.00000000	      0.00000000	     20.01793503	     23.40200899	    -61.26125303	     56.57594249	      0.00000000	      0.00000000	      0.00000000	      0.00000000	     -0.22635359	      5.35250024	     -9.29881861	    -14.58887594	      4.33173327	     -2.21129798	      0.00000000	     -4.15366315	     -7.01530800	      0.00000000	    -28.84700729	    -11.18516026	    -31.35914462	     -1.91395269	      2.52529176	      1.37706334	      0.00000000	     15.26764511	     24.98095987	      0.00000000
      9.96666667	      6.93359043	      8.78901964	    105.51864669	     -0.00399670	      0.25266773	      1.79587873	    -11.89416354	      6.57851563	     -1.91256592	     -5.16955283	      5.36334748	    -11.18389956	     -0.00200729	     -0.00252579	     -0.00578861	      0.00000000	      0.00000000	      0.00000000	     -0.01608882	     -0.00294069	     -0.01402583	      0.00000000	      0.00000000	      0.00000000	     -0.04813998	     -0.02997346	      0.00723421	    159.29576033	    174.30418628	    179.71727471	    103.23076796	      0.00000000	      0.00000000	      0.00000000	      0.00000000	     20.74447888	     24.83637328	    -68.33433010	     59.11307799	      0.00000000	      0.00000000	      0.00000000	      0.00000000	      7.48389948	      3.49250553	      3.96555593	    -16.49306466	     -8.05184795	      2.39561850	      0.00000000	     -4.23343741	     -6.39599664	      0.00000000	    -22.60982065	     -9.61259748	    -28.70562232	     -1.34060945	      1.38743877	      1.75011234	      0.00000000	     17.03823584	     22.36092253	      0.00000000
     10.00000000	      6.88018918	      9.41390495	    105.86262164	     -0.00648821	      0.25011091	      1.81302530	    -13.57341385	      5.45836286	     -1.58278041	     -1.88812036	      6.22571890	    -14.10822737	      0.00414471	     -0.00444727	     -0.00963669	      0.00000000	      0.00000000	      0.00000000	     -0.02855644	     -0.00016980	     -0.01152272	      0.00000000	      0.00000000	      0.00000000	     -0.03811903	     -0.03126727	      0.01036799	    159.82833925	    172.17871600	    178.24035190	    102.89524936	      0.00000000	      0.00000000	      0.00000000	      0.00000000	     22.31195885	     25.02749768	    -71.42931437	     63.19885933	      0.00000000	      0.00000000	      0.00000000	      0.00000000	      7.71739613	      2.67598907	      4.76853212	    -16.83631612	     -9.29388033	      3.61088990	      0.00000000	     -4.94008114	     -5.93421613	      0.00000000	    -22.88237150	     -9.41936028	    -29.76218855	     -0.36612918	      3.51438960	      2.12581695	      0.00000000	     17.77547129	     21.06064321	      0.00000000
     10.03333333	      6.70067088	     14.51369994	    106.17839800	     -0.00996255	      0.24798341	      1.82589085	    -19.75384569	      5.69973296	     -1.24246673	     -0.09103601	      6.13622257	    -14.57184669	      0.00513079	     -0.00086362	     -0.00781930	      0.00000000	      0.00000000	      0.00000000	     -0.04075211	      0.00434789	     -0.01162842	      0.00000000	      0.00000000	      0.00000000	     -0.02090791	     -0.02487429	      0.01522053	    159.75184434	    169.32119482	    177.40989332	    101.79030201	      0.00000000	      0.00000000	      0.00000000	      0.00000000	     22.86391930	     22.17097391	    -70.07247319	     66.74281120	      0.00000000	      0.00000000	      0.00000000	      0.00000000	      2.17964410	      3.36833446	      5.90678455	    -15.27843268	    -10.40045342	      4.11356115	      0.00000000	     -5.64544207	     -5.28285029	      0.00000000	    -28.61816463	    -10.19045995	    -34.44460644	      1.87794334	     12.74235369	      3.28990753	      0.00000000	     16.50771914	     13.87260172	      0.00000000
     10.06666667	      6.50195577	     15.48055849	    105.53684896	     -0.01298560	      0.24612824	      1.84097903	    -21.77346947	      4.56195546	     -0.91735695	      0.42190726	      6.36255737	    -14.45158635	      0.00296426	      0.00277270	     -0.00649252	      0.00000000	      0.00000000	      0.00000000	     -0.05017458	      0.00410410	     -0.01386164	      0.00000000	      0.00000000	      0.00000000	     -0.00102465	     -0.01631475	      0.02252100	    159.34997339	    166.98071919	    178.07487705	    102.23051404	      0.00000000	      0.00000000	      0.00000000	      0.00000000	     23.19298078	     16.89534470	    -66.13789643	     69.83686263	      0.00000000	      0.00000000	      0.00000000	      0.00000000	      1.26863857	      2.76110506	      4.69746361	    -14.77631727	     -7.92849613	      4.08689799	      0.00000000	     -5.25529977	     -3.93304856	      0.00000000	    -29.56317107	     -9.24275344	    -35.76949206	      2.90066890	     13.33923849	      3.72452788	      0.00000000	     15.77027723	     13.88320288	      0.00000000
     10.10000000	      6.34707857	     17.85497753	    104.58282082	     -0.01700217	      0.24525381	      1.85307482	    -24.99094177	      4.15325383	     -0.81727970	      0.04841240	      5.79445492	    -13.78724873	     -0.00107392	      0.00770812	     -0.00532894	      0.00000000	      0.00000000	      0.00000000	     -0.05228116	      0.00395929	     -0.01833392	      0.00000000	      0.00000000	      0.00000000	      0.01648534	     -0.00472556	      0.02231259	    158.53980021	    166.40336794	    179.41813504	    105.95610183	      0.00000000	      0.00000000	      0.00000000	      0.00000000	     22.26156999	     12.07114287	    -63.08145373	     71.00108694	      0.00000000	      0.00000000	      0.00000000	      0.00000000	     -1.55300965	      2.31662293	     -2.30336236	    -14.56205385	     -0.74344834	      2.85339251	      0.00000000	     -4.82753659	     -0.17137379	      0.00000000	    -32.11461649	     -8.14270221	    -38.57985033	      4.04398704	     12.44491612	      3.38827235	      0.00000000	     15.07766278	     19.31109597	      0.00000000
     10.13333333	      6.39556120	     18.07641651	    102.05924541	     -0.01925510	      0.24572507	      1.86473591	    -25.91274958	      2.71152150	     -0.01609157	     -0.86066846	      5.13771865	    -12.95181895	     -0.00581942	      0.01088060	     -0.00289424	      0.00000000	      0.00000000	      0.00000000	     -0.04979037	     -0.00067966	     -0.02182730	      0.00000000	      0.00000000	      0.00000000	      0.02760734	      0.00174926	      0.02062648	    157.56871115	    167.43350419	    180.08224784	    111.71557185	      0.00000000	      0.00000000	      0.00000000	      0.00000000	     23.04458466	      8.92923938	    -62.32423825	     73.19179392	      0.00000000	      0.00000000	      0.00000000	      0.00000000	     -1.68945028	      1.25089503	     -4.76485751	    -16.46627329	      2.87600937	      2.92350986	      0.00000000	     -4.96245488	      2.26139940	      0.00000000	    -32.40188246	     -6.40285977	    -39.31408491	      4.56966529	     10.79169676	      3.04049152	      0.00000000	     13.88818606	     21.03542375	      0.00000000
     10.16666667	      6.91813663	     18.33104468	     99.08793277	     -0.02033903	      0.24787334	      1.87413639	    -26.63098973	      1.80008061	      0.84462112	     -1.89794927	      4.54806968	    -13.02551413	     -0.01078355	      0.01304363	     -0.00447341	      0.00000000	      0.00000000	      0.00000000	     -0.04779877	     -0.00784302	     -0.02280967	      0.00000000	      0.00000000	      0.00000000	      0.02861219	      0.00356276	      0.01409642	    156.43274208	    168.83824868	    179.11461588	    116.93103836	      0.00000000	      0.00000000	      0.00000000	      0.00000000	     24.01456071	      7.49031865	    -62.60302869	     76.13335853	      0.00000000	      0.00000000	      0.00000000	      0.00000000	     -1.54186743	      1.11600640	     -8.89282101	    -19.85446247	      7.87475070	      0.82903646	      0.00000000	     -5.51539484	      5.17530594	      0.00000000	    -32.61073216	     -5.24875524	    -39.64565229	      4.63673373	     10.21046492	      2.33918699	      0.00000000	     13.42727167	     19.27689091	      0.00000000
     10.20000000	      7.46715514	     19.47467217	     97.11290920	     -0.02065401	      0.25113658	      1.88086478	    -28.10768799	      1.50272588	      0.73118018	     -2.28755904	      4.42407821	    -12.67671916	     -0.01375636	      0.01382536	     -0.00674183	      0.00000000	      0.00000000	      0.00000000	     -0.04618381	     -0.01430554	     -0.02051053	      0.00000000	      0.00000000	      0.00000000	      0.02457210	      0.00321037	      0.00879838	    155.95364376	    170.23420939	    176.82665640	    120.48309466	      0.00000000	      0.00000000	      0.00000000	      0.00000000	     24.69543135	      6.11430687	    -61.72925431	     80.19036505	      0.00000000	      0.00000000	      0.00000000	      0.00000000	     -2.60987881	      1.47411068	    -12.07562838	    -23.35654290	     11.58350859	     -1.68879214	      0.00000000	     -5.27836814	      5.01551858	      0.00000000	    -33.49555716	     -5.05902313	    -38.93067067	      4.20196926	     14.89690267	      1.63512737	      0.00000000	     12.43190694	      7.49187811	      0.00000000
     10.23333333	      8.04793813	     21.15909639	     95.23325342	     -0.02000552	      0.25495731	      1.88534681	    -29.88076523	      1.24408778	      0.68766141	     -2.96816425	      4.28150614	    -12.06971088	     -0.01633651	      0.01429051	     -0.00716968	      0.00000000	      0.00000000	      0.00000000	     -0.04475701	     -0.01817914	     -0.01769645	      0.00000000	      0.00000000	      0.00000000	      0.02072724	      0.00237263	      0.00751809	    155.85205156	    170.97780700	    174.75430646	    122.27074383	      0.00000000	      0.00000000	      0.00000000	      0.00000000	     24.73723674	      4.83943441	    -60.08519259	     83.97247917	      0.00000000	      0.00000000	      0.00000000	      0.00000000	     -4.70270875	      2.38314740	    -10.92255968	    -25.72546750	     11.05847311	     -3.43775347	      0.00000000	     -3.85338953	      3.51128006	      0.00000000	    -34.89493027	     -4.88562582	    -38.78052795	      3.50380718	     14.89690267	      0.69556878	      0.00000000	     11.17206017	      2.21491969	      0.00000000
     10.26666667	      8.61680711	     22.09771941	     94.53060048	     -0.01910867	      0.25826775	      1.88927525	    -30.68996224	      1.47511884	     -0.00930958	     -3.48778215	      4.64811418	    -11.78919190	     -0.01684856	      0.01388608	     -0.00896366	      0.00000000	      0.00000000	      0.00000000	     -0.04500630	     -0.01877919	     -0.01754167	      0.00000000	      0.00000000	      0.00000000	      0.01605392	      0.00242963	      0.00771846	    155.38811325	    170.88899626	    173.71385362	    122.59428252	      0.00000000	      0.00000000	      0.00000000	      0.00000000	     24.00227050	      5.32008780	    -59.01317890	     85.03554078	      0.00000000	      0.00000000	      0.00000000	      0.00000000	     -6.86595598	      3.42951928	    -10.21342499	    -26.39652617	      9.96389604	     -4.90341816	      0.00000000	     -1.17132571	      2.05850366	      0.00000000	    -34.47453649	     -4.73134684	    -39.42344159	      1.71257798	     14.89690267	     -1.86080440	      0.00000000	     11.16268991	      1.12722236	      0.00000000
     10.30000000	      9.64660055	     27.03449142	     94.23748667	     -0.01860127	      0.26114296	      1.89075770	    -35.61102674	      2.84331373	     -0.98657553	     -3.94868668	      4.68968845	    -10.24842992	     -0.01760951	      0.01700987	     -0.00879870	      0.00000000	      0.00000000	      0.00000000	     -0.04706424	     -0.01365783	     -0.02336355	      0.00000000	      0.00000000	      0.00000000	      0.01147557	      0.00479239	      0.00983035	    152.75148556	    170.06222030	    173.58783115	    121.37262524	      0.00000000	      0.00000000	      0.00000000	      0.00000000	     23.85810014	      7.01625388	    -58.33762887	     84.65872836	      0.00000000	      0.00000000	      0.00000000	      0.00000000	    -14.61489902	      5.43034412	     -2.00568283	    -23.71440827	      4.77622713	     -2.78099887	      0.00000000	     -1.24200434	     -3.04110683	      0.00000000	    -38.44214892	     -5.15681800	    -40.89201696	      0.80635986	     14.89690267	     -3.98048792	      0.00000000	      9.74196835	     -0.42699235	      0.00000000
     10.33333333	     11.46421047	     28.57614564	     91.89216992	     -0.01649563	      0.26214171	      1.89356092	    -36.87187992	      3.56317743	      0.00209615	     -4.84014564	      4.90094253	     -9.58035028	     -0.01706709	      0.01920709	     -0.01070213	      0.00000000	      0.00000000	      0.00000000	     -0.05216363	     -0.00840290	     -0.02825242	      0.00000000	      0.00000000	      0.00000000	      0.00705023	      0.00334469	      0.01113847	    149.83466196	    170.22701557	    174.26640995	    119.38990190	      0.00000000	      0.00000000	      0.00000000	      0.00000000	     24.48185942	      8.82564410	    -58.12531721	     84.47863298	      0.00000000	      0.00000000	      0.00000000	      0.00000000	    -18.23634030	      7.54477260	      3.44725802	    -21.56417980	      2.26829580	     -2.82372535	      0.00000000	     -1.65059607	     -4.70869538	      0.00000000	    -39.51618363	     -5.38584223	    -43.31118509	     -0.03655006	     14.89690267	     -4.98473282	      0.00000000	      9.29614955	     -1.82834631	      0.00000000
     10.36666667	     13.29471041	     28.44328115	     88.56751695	     -0.01377840	      0.26256337	      1.89765840	    -36.51190520	      3.48967767	      1.75627095	     -6.15731611	      5.17909874	     -9.01786084	     -0.01667891	      0.02107904	     -0.01165442	      0.00000000	      0.00000000	      0.00000000	     -0.05701138	     -0.00469782	     -0.02685741	      0.00000000	      0.00000000	      0.00000000	      0.00289869	     -0.00145217	      0.01330499	    148.27697763	    171.28891457	    175.81462816	    117.34591269	      0.00000000	      0.00000000	      0.00000000	      0.00000000	     25.91378776	      9.58020107	    -56.80478201	     86.41719341	      0.00000000	      0.00000000	      0.00000000	      0.00000000	    -19.79852317	      9.03815829	      7.70016046	    -19.10376606	      1.65200317	     -3.26717689	      0.00000000	     -3.16995129	     -6.05950146	      0.00000000	    -39.23959279	     -5.52396120	    -44.36872542	     -1.54536879	     14.89690267	     -4.98473282	      0.00000000	      8.21033605	     -6.93415335	      0.00000000
     10.40000000	     14.77620312	     26.91665446	     84.97761923	     -0.01182884	      0.26270763	      1.90242817	    -34.84995728	      3.10788574	      4.08825614	     -7.67575874	      5.07785041	     -8.79111818	     -0.01734584	      0.02174679	     -0.01248445	      0.00000000	      0.00000000	      0.00000000	     -0.06024936	     -0.00304505	     -0.02023922	      0.00000000	      0.00000000	      0.00000000	      0.00121492	     -0.00790456	      0.01486319	    148.55039072	    172.66756420	    177.52506890	    115.64948503	      0.00000000	      0.00000000	      0.00000000	      0.00000000	     26.94560473	      9.95536366	    -55.16824935	     89.59605603	      0.00000000	      0.00000000	      0.00000000	      0.00000000	    -19.83667338	      9.75450287	     10.25457472	    -16.43716485	      3.69942236	     -3.93068429	      0.00000000	     -4.92657529	     -8.70178310	      0.00000000	    -37.41582127	     -5.20790755	    -44.27119237	     -3.70999024	     14.89690267	     -4.98473282	      0.00000000	      5.41420126	    -16.34882957	      0.00000000
     10.43333333	     15.45923892	     24.74556652	     82.91815817	     -0.01006446	      0.26333154	      1.90603009	    -32.32956853	      2.68871046	      5.61458783	     -9.47690514	      4.31610329	     -9.38285648	     -0.01884070	      0.02084780	     -0.01038737	      0.00000000	      0.00000000	      0.00000000	     -0.06032686	     -0.00582174	     -0.01416240	      0.00000000	      0.00000000	      0.00000000	      0.00104347	     -0.01170286	      0.01838009	    149.67034110	    173.89946210	    178.43889593	    114.43767255	      0.00000000	      0.00000000	      0.00000000	      0.00000000	     27.71928374	     11.55411453	    -54.53837546	     90.86534639	      0.00000000	      0.00000000	      0.00000000	      0.00000000	    -19.60387262	      9.84676276	      8.82425343	    -13.21293856	      7.73443872	     -4.70553953	      0.00000000	     -5.70792608	    -10.64854688	      0.00000000	    -34.56308151	     -5.04770423	    -44.72431443	     -5.68758395	     14.89690267	     -4.98473282	      0.00000000	      1.57570701	    -24.98095987	      0.00000000
     10.46666667	     16.04356075	     23.25699750	     81.55251175	     -0.00845387	      0.26404285	      1.90646630	    -30.16888630	      2.52232082	      6.87986915	    -11.77858944	      3.04913787	    -10.35998978	     -0.02041399	      0.02041148	     -0.00710518	      0.00000000	      0.00000000	      0.00000000	     -0.05757502	     -0.00903421	     -0.01080387	      0.00000000	      0.00000000	      0.00000000	      0.00492713	     -0.00946641	      0.02125968	    150.68821592	    174.86050030	    178.98969047	    113.65006848	      0.00000000	      0.00000000	      0.00000000	      0.00000000	     27.15982338	     13.33534183	    -54.94938606	     88.69211079	      0.00000000	      0.00000000	      0.00000000	      0.00000000	    -20.63699561	      9.56183475	      3.53463572	     -9.29784175	     10.73497336	     -4.98473282	      0.00000000	     -4.36897210	     -5.99420509	      0.00000000	    -32.92855770	     -5.06929560	    -48.05319068	     -6.32469978	     14.89690267	     -4.98473282	      0.00000000	      2.99367821	    -22.37958347	      0.00000000
     10.50000000	     16.32974925	     22.65427635	     80.50524646	     -0.00604662	      0.26448966	      1.90480085	    -28.71450538	      1.91421729	      7.63777461	    -14.03162813	      1.34114552	    -11.55958310	     -0.02092653	      0.02013330	     -0.00219589	      0.00000000	      0.00000000	      0.00000000	     -0.05274353	     -0.01374253	     -0.01023015	      0.00000000	      0.00000000	      0.00000000	      0.00742315	     -0.00087836	      0.02483056	    151.12275327	    175.72835154	    179.56760086	    112.51340332	      0.00000000	      0.00000000	      0.00000000	      0.00000000	     25.38900065	     13.97467566	    -54.43556402	     83.13531855	      0.00000000	      0.00000000	      0.00000000	      0.00000000	    -22.39661615	      9.10734542	     -5.40787834	     -5.50551032	     12.25960542	     -4.98473282	      0.00000000	     -1.93541909	      6.06696911	      0.00000000	    -32.94543970	     -4.71152842	    -53.24474342	     -5.03940787	     14.58012604	     -4.98473282	      0.00000000	      7.54556627	     -9.94133221	      0.00000000
     10.53333333	     16.23092389	     22.13484490	     79.98510759	     -0.00270415	      0.26420682	      1.90496913	    -27.62727649	      1.03722056	      7.70163171	    -16.45461409	     -0.62507762	    -12.77968930	     -0.02312260	      0.02215458	      0.00261928	      0.00000000	      0.00000000	      0.00000000	     -0.04885786	     -0.01959411	     -0.00690511	      0.00000000	      0.00000000	      0.00000000	      0.00531554	      0.01039717	      0.02237882	    152.35046841	    176.30207667	    181.54844931	    109.20211957	      0.00000000	      0.00000000	      0.00000000	      0.00000000	     20.96285936	     13.72046485	    -52.04865535	     75.18262536	      0.00000000	      0.00000000	      0.00000000	      0.00000000	    -23.13399037	      9.06964991	     -9.43024248	     -3.32846543	     13.59525977	     -4.98473282	      0.00000000	     -1.46422330	     10.42171371	      0.00000000	    -32.96996723	     -4.23299544	    -54.99855132	     -3.36573740	     14.89690267	     -4.98473282	      0.00000000	      9.49000218	     -2.52203285	      0.00000000
     10.56666667	     16.55905827	     22.07635149	     78.62076706	      0.00092720	      0.26270355	      1.90628056	    -27.45748332	      0.40630528	      7.99874868	    -17.82220441	     -2.80111990	    -12.39348978	     -0.02392283	      0.02424326	      0.00728369	      0.00000000	      0.00000000	      0.00000000	     -0.04355702	     -0.02433292	     -0.00424148	      0.00000000	      0.00000000	      0.00000000	     -0.00207998	      0.01239641	      0.02286305	    153.49529600	    176.93849888	    186.82974850	    102.46365493	      0.00000000	      0.00000000	      0.00000000	      0.00000000	     17.29845023	     14.06907289	    -49.40786820	     69.14500251	      0.00000000	      0.00000000	      0.00000000	      0.00000000	    -24.12179731	      9.17871485	     -9.68306939	     -1.18279011	     14.89690267	     -4.98473282	      0.00000000	     -2.19460498	     11.08137152	      0.00000000	    -33.74069766	     -3.62691015	    -60.37896632	     -1.18369659	     14.89690267	     -4.98473282	      0.00000000	     11.81066476	      8.06589189	      0.00000000
     10.60000000	     17.42913195	     22.42396175	     76.55119699	      0.00498427	      0.26087824	      1.90975489	    -28.11369153	      0.19553483	      8.82105410	    -19.44431080	     -4.07573739	    -12.22719360	     -0.02468452	      0.02874516	      0.00607688	      0.00000000	      0.00000000	      0.00000000	     -0.03884430	     -0.02166017	      0.00208819	      0.00000000	      0.00000000	      0.00000000	     -0.01089563	      0.00793555	      0.01896873	    156.58215703	    176.20311349	    195.18645875	     91.20930763	      0.00000000	      0.00000000	      0.00000000	      0.00000000	     13.45121138	     16.39870775	    -49.30355309	     62.96552041	      0.00000000	      0.00000000	      0.00000000	      0.00000000	    -25.22548116	      9.37140499	     -1.58628199	     -0.30620041	     14.89690267	     -4.98473282	      0.00000000	     -3.99537463	      1.71574476	      0.00000000	    -34.57413688	     -3.25315905	    -62.45387657	     -0.42022617	     14.89690267	     -4.98473282	      0.00000000	     11.29205873	      7.30248028	      0.00000000
     10.63333333	     18.28345348	     22.76971942	     74.41638594	      0.00931664	      0.25882980	      1.91350912	    -28.86937159	     -0.02318832	      9.75233602	    -21.61079784	     -3.78407372	    -10.83856548	     -0.02629187	      0.03515411	      0.00212292	      0.00000000	      0.00000000	      0.00000000	     -0.03775725	     -0.01637332	      0.00518163	      0.00000000	      0.00000000	      0.00000000	     -0.01902534	      0.00292590	      0.01457211	    160.21190345	    173.85153254	    203.46303946	     79.28959764	      0.00000000	      0.00000000	      0.00000000	      0.00000000	     10.86454276	     19.16593491	    -50.94165155	     57.29986651	      0.00000000	      0.00000000	      0.00000000	      0.00000000	    -26.23511270	      9.35057402	      4.68611984	      0.41364881	     14.89690267	     -4.98473282	      0.00000000	     -5.70858227	     -5.02067148	      0.00000000	    -35.18838953	     -2.92287888	    -62.29920082	     -0.55587874	     14.89690267	     -4.98473282	      0.00000000	     10.26574793	      0.49945489	      0.00000000
     10.66666667	     19.29216598	     23.24456227	     71.96307480	      0.01349836	      0.25737192	      1.91695324	    -29.83971350	     -0.25372431	     11.11675711	    -24.01356091	     -2.46780800	     -8.34904999	     -0.02714651	      0.04192216	     -0.00251765	      0.00000000	      0.00000000	      0.00000000	     -0.03559794	     -0.01118592	      0.00430430	      0.00000000	      0.00000000	      0.00000000	     -0.02373894	      0.00332695	      0.01274504	    163.50267428	    173.08434334	    208.38783529	     74.09127670	      0.00000000	      0.00000000	      0.00000000	      0.00000000	     10.69112185	     19.55526077	    -51.52884747	     54.94045023	      0.00000000	      0.00000000	      0.00000000	      0.00000000	    -26.82582556	      9.45978681	      6.25710304	      0.51114043	     14.89690267	     -4.98473282	      0.00000000	     -6.17546657	     -4.59593597	      0.00000000	    -36.00485623	     -2.53656129	    -63.91824137	     -0.55830488	     14.89690267	     -4.98473282	      0.00000000	      9.84259382	     -3.60051912	      0.00000000
     10.70000000	     20.53977772	     23.82675539	     69.95227852	      0.01696303	      0.25689342	      1.91994190	    -31.15967630	     -0.12110299	     12.05244225	    -26.65611624	     -0.82215329	     -5.06877609	     -0.02862070	      0.04900245	     -0.00650745	      0.00000000	      0.00000000	      0.00000000	     -0.03051272	     -0.00668536	      0.00095798	      0.00000000	      0.00000000	      0.00000000	     -0.02455669	      0.00938089	      0.01456449	    164.93991686	    175.17248495	    210.01937155	     77.29465953	      0.00000000	      0.00000000	      0.00000000	      0.00000000	     13.01384069	     16.42495357	    -49.72316727	     57.58417219	      0.00000000	      0.00000000	      0.00000000	      0.00000000	    -26.86962576	     10.18505223	      7.05497554	     -0.50714882	     14.30274506	     -4.98473282	      0.00000000	     -6.74727341	     -3.68340139	      0.00000000	    -36.97237997	     -2.59848314	    -65.76971326	     -0.37794784	     14.89690267	     -4.98473282	      0.00000000	     10.22227682	     -5.00452116	      0.00000000
     10.73333333	     21.52634766	     24.18015829	     68.99129152	      0.01829568	      0.25773639	      1.92351081	    -32.50872349	      0.38788592	     11.50326599	    -28.79548694	     -1.12750473	     -1.49963177	     -0.02980202	      0.05379510	     -0.00557157	      0.00000000	      0.00000000	      0.00000000	     -0.02966155	     -0.00341748	      0.00086886	      0.00000000	      0.00000000	      0.00000000	     -0.01952076	      0.01442880	      0.01652804	    164.85550199	    176.68196388	    211.29824330	     82.10754283	      0.00000000	      0.00000000	      0.00000000	      0.00000000	     15.66375796	     10.64267026	    -46.36765429	     63.79089833	      0.00000000	      0.00000000	      0.00000000	      0.00000000	    -25.53398099	     11.25886240	      8.91713810	     -3.42773415	     11.66356957	     -4.98473282	      0.00000000	     -6.99068648	     -2.55110225	      0.00000000	    -37.50205324	     -2.77810923	    -68.65018391	      0.56008675	     14.74882052	     -4.98473282	      0.00000000	     10.51655178	     -2.48906601	      0.00000000
     10.76666667	     21.75528311	     23.74160394	     68.78719989	      0.01751511	      0.25868845	      1.92827511	    -33.24401802	      0.93694869	     10.38712017	    -29.98917370	     -2.12868585	      1.00059559	     -0.03119847	      0.05615414	     -0.00613307	      0.00000000	      0.00000000	      0.00000000	     -0.03397054	     -0.00084932	      0.00597922	      0.00000000	      0.00000000	      0.00000000	     -0.01404200	      0.01336463	      0.01145697	    164.05534593	    176.64614383	    213.30390084	     84.86714035	      0.00000000	      0.00000000	      0.00000000	      0.00000000	     16.22785166	      5.88776383	    -43.92942735	     69.71115632	      0.00000000	      0.00000000	      0.00000000	      0.00000000	    -22.06753577	     12.26617666	     11.46927159	     -8.39892302	      6.13363172	     -4.98473282	      0.00000000	     -4.78826169	      2.31987341	      0.00000000	    -37.01985598	     -2.46442161	    -73.47900385	      2.47288154	     14.81937743	     -4.98473282	      0.00000000	     10.85143594	      4.80148454	      0.00000000
     10.80000000	     19.69505274	     22.09898017	     70.96492984	      0.01648454	      0.25992992	      1.93576979	    -32.35931892	      0.35060540	      7.70934069	    -30.43233896	     -4.07611459	      1.85322135	     -0.03321037	      0.05663856	     -0.00164598	      0.00000000	      0.00000000	      0.00000000	     -0.03663236	     -0.00186665	      0.01098977	      0.00000000	      0.00000000	      0.00000000	     -0.00543061	      0.00911967	      0.00144392	    163.50622052	    176.73267878	    214.33427251	     86.48920634	      0.00000000	      0.00000000	      0.00000000	      0.00000000	     15.10115292	      1.86607340	    -41.22865845	     74.98014812	      0.00000000	      0.00000000	      0.00000000	      0.00000000	    -15.57337207	     11.85339445	      8.19978308	    -14.77861180	      6.12891979	     -4.98473282	      0.00000000	     -2.99139754	      6.04379052	      0.00000000	    -34.17491668	     -2.50171811	    -71.48189211	      2.18729049	     14.89690267	     -4.98473282	      0.00000000	     10.40131346	      5.46285882	      0.00000000
     10.83333333	     15.76198135	     19.35813988	     74.76026210	      0.01464245	      0.26045682	      1.94416457	    -29.94756699	     -1.23452252	      4.25501263	    -30.25108615	     -6.13200948	      0.92109443	     -0.03287335	      0.05509109	      0.00381596	      0.00000000	      0.00000000	      0.00000000	     -0.03394144	     -0.00416205	      0.00766533	      0.00000000	      0.00000000	      0.00000000	     -0.00099791	      0.00463517	     -0.00586807	    162.04485501	    178.46468780	    213.57137395	     89.19823827	      0.00000000	      0.00000000	      0.00000000	      0.00000000	     15.31467591	     -0.18720050	    -40.07012245	     78.70152916	      0.00000000	      0.00000000	      0.00000000	      0.00000000	     -7.06774985	      9.14787057	      2.43177251	    -21.43121864	      8.07387286	     -4.98473282	      0.00000000	     -1.52662749	     10.17117069	      0.00000000	    -29.85048478	     -1.83830811	    -66.04006902	      1.47892072	     14.89690267	     -4.98473282	      0.00000000	     10.57348490	      6.41429575	      0.00000000
     10.86666667	     11.36419416	     15.16178519	     79.30659968	      0.01265568	      0.26076879	      1.95284795	    -26.31572928	     -2.95488872	      0.34482163	    -30.20673903	     -7.59664106	     -0.29793201	     -0.03313309	      0.05347084	      0.00797639	      0.00000000	      0.00000000	      0.00000000	     -0.02819977	     -0.00672008	     -0.00097314	      0.00000000	      0.00000000	      0.00000000	     -0.00313238	      0.00001902	     -0.00376872	    160.48274789	    181.26193609	    211.46775439	     92.84710956	      0.00000000	      0.00000000	      0.00000000	      0.00000000	     19.12066296	     -0.65025707	    -40.66220619	     82.27572379	      0.00000000	      0.00000000	      0.00000000	      0.00000000	      2.17014381	      5.11003906	     -2.90967069	    -27.22856002	     13.25074870	     -4.98473282	      0.00000000	     -1.65411576	      8.51888675	      0.00000000	    -24.25055247	     -0.92581336	    -57.93492891	      0.83663718	     14.89690267	     -4.98473282	      0.00000000	     11.20372622	      7.03422233	      0.00000000
     10.90000000	      9.22328991	     13.75364044	     83.19485617	      0.01309367	      0.26178945	      1.95716832	    -25.95908272	     -3.46515439	     -2.34794881	    -30.35864208	     -7.34594467	     -0.66054502	     -0.03345426	      0.05402283	      0.00938368	      0.00000000	      0.00000000	      0.00000000	     -0.02631663	     -0.00827729	     -0.00716906	      0.00000000	      0.00000000	      0.00000000	     -0.00540964	     -0.00109176	      0.00244077	    159.95699299	    183.67620173	    208.98920914	     96.13136011	      0.00000000	      0.00000000	      0.00000000	      0.00000000	     23.90895116	     -0.01984608	    -42.19991896	     85.07505147	      0.00000000	      0.00000000	      0.00000000	      0.00000000	      5.98835456	      2.30036054	     -6.47269579	    -30.05331466	     14.89690267	     -4.98473282	      0.00000000	     -1.52277926	      8.90823372	      0.00000000	    -22.69554739	     -1.30851282	    -51.71221276	      0.96012262	     14.89690267	     -4.12878889	      0.00000000	     12.27213426	     10.55638559	      0.00000000
     10.93333333	      9.58132290	     13.78757688	     84.00062446	      0.01708051	      0.26329550	      1.95708662	    -26.94389074	     -2.87627963	     -1.67819961	    -30.34548095	     -6.09425075	      0.86912218	     -0.03335540	      0.05386881	      0.00968307	      0.00000000	      0.00000000	      0.00000000	     -0.03016044	     -0.01172931	     -0.00998549	      0.00000000	      0.00000000	      0.00000000	     -0.00539061	     -0.00071499	      0.00740363	    159.55049360	    184.80024570	    208.48409723	     98.21525964	      0.00000000	      0.00000000	      0.00000000	      0.00000000	     26.58118302	      0.54267431	    -42.72854812	     86.49516420	      0.00000000	      0.00000000	      0.00000000	      0.00000000	      6.61006229	      2.41620945	     -6.75344701	    -30.77957459	     14.89690267	     -4.98473282	      0.00000000	     -1.78267781	     10.22987880	      0.00000000	    -24.63840232	     -3.93766366	    -49.43876505	      2.24251214	     14.89690267	      0.96535892	      0.00000000	     12.35559853	      9.73500472	      0.00000000
     10.96666667	     11.16113045	     17.06310868	     86.03112739	      0.02113311	      0.26558423	      1.95342824	    -31.51348635	     -0.64804484	     -1.87706247	    -29.26571835	     -3.47987212	      3.58657795	     -0.03412318	      0.05287731	      0.00814878	      0.00000000	      0.00000000	      0.00000000	     -0.03023619	     -0.01770121	     -0.00946949	      0.00000000	      0.00000000	      0.00000000	     -0.00089917	      0.00333075	      0.00940586	    158.49173733	    186.40479089	    209.97061068	    101.02532151	      0.00000000	      0.00000000	      0.00000000	      0.00000000	     26.26227108	      0.18022183	    -41.80618226	     86.63766191	      0.00000000	      0.00000000	      0.00000000	      0.00000000	      2.13793613	      3.46089686	     -9.18559940	    -29.07643151	     14.89690267	     -4.98473282	      0.00000000	     -1.71768212	     12.23656840	      0.00000000	    -28.68921761	     -7.28720131	    -45.82268140	      2.53562036	     14.89690267	      3.42156197	      0.00000000	     11.51438506	      6.47843933	      0.00000000
     11.00000000	     11.07855374	     17.52426125	     86.77993355	      0.02429446	      0.26638248	      1.95155979	    -33.12994015	     -0.46120967	     -1.09312618	    -27.17149200	      0.65979555	      5.98191295	     -0.03533567	      0.04733548	      0.00284588	      0.00000000	      0.00000000	      0.00000000	     -0.02727514	     -0.02429514	     -0.00608782	      0.00000000	      0.00000000	      0.00000000	      0.00512367	      0.00550062	      0.01034464	    157.47640603	    189.19327975	    211.19228462	    103.40513560	      0.00000000	      0.00000000	      0.00000000	      0.00000000	     25.13921489	     -1.35973627	    -40.84610404	     87.24560404	      0.00000000	      0.00000000	      0.00000000	      0.00000000	      1.11025558	      3.54136108	     -8.59106434	    -27.68088620	     14.89690267	     -4.98473282	      0.00000000	     -1.82042020	     13.38978373	      0.00000000	    -28.59876055	     -7.71353111	    -45.05169238	      1.48910188	     14.89690267	      2.94476890	      0.00000000	     11.73176439	      6.52087411	      0.00000000
     11.03333333	     10.27271902	     19.41138589	     89.10919307	      0.02746936	      0.26718427	      1.94665244	    -35.92158576	     -0.42724386	     -2.23425279	    -25.04286618	      3.63473598	      7.27086183	     -0.03601537	      0.04300488	      0.00295895	      0.00000000	      0.00000000	      0.00000000	     -0.01646741	     -0.02853893	      0.00083163	      0.00000000	      0.00000000	      0.00000000	      0.01075911	      0.00428695	      0.02033861	    157.68919612	    193.51231929	    210.73211821	    106.03118209	      0.00000000	      0.00000000	      0.00000000	      0.00000000	     27.80897818	     -4.10929057	    -42.44719882	     91.00890749	      0.00000000	      0.00000000	      0.00000000	      0.00000000	     -2.41336140	      2.83512653	     -9.43024081	    -24.42215347	     14.89690267	     -4.31382490	      0.00000000	     -2.22117967	     12.79593547	      0.00000000	    -29.79431936	     -7.94088863	    -43.73931862	      0.60378146	     14.89690267	      2.25245413	      0.00000000	     11.30865548	      8.19617669	      0.00000000
     11.06666667	      8.65446473	     21.00934570	     92.05496352	      0.02905992	      0.26725397	      1.93983047	    -38.07858469	     -0.29116546	     -4.00196998	    -22.79916277	      5.29513500	      6.86107086	     -0.03507502	      0.03862994	      0.00293591	      0.00000000	      0.00000000	      0.00000000	     -0.01360962	     -0.02468890	      0.01098864	      0.00000000	      0.00000000	      0.00000000	      0.01063039	     -0.00003845	      0.02752708	    159.65502991	    195.71623625	    208.63359618	    106.22124248	      0.00000000	      0.00000000	      0.00000000	      0.00000000	     31.65942547	     -5.50733448	    -47.29729604	     95.97952333	      0.00000000	      0.00000000	      0.00000000	      0.00000000	     -6.09059394	      1.48628895	     -8.62346075	    -20.48014610	     13.40031825	     -2.64930830	      0.00000000	     -2.92935904	     10.65451811	      0.00000000	    -30.93823250	     -7.29936507	    -42.91715366	      0.58895662	     14.85598748	      1.32151087	      0.00000000	     11.32665932	     12.22135185	      0.00000000
     11.10000000	      6.42263459	     21.78134531	     95.13820963	      0.03080974	      0.26709064	      1.93209652	    -39.13956489	     -0.38673948	     -5.88745088	    -20.85339571	      5.06804346	      5.43232616	     -0.03348645	      0.03459625	      0.00547325	      0.00000000	      0.00000000	      0.00000000	     -0.01794588	     -0.01925658	      0.01847863	      0.00000000	      0.00000000	      0.00000000	      0.00721295	     -0.00525407	      0.02749890	    161.25380489	    195.23321317	    208.87378367	    105.49487702	      0.00000000	      0.00000000	      0.00000000	      0.00000000	     34.15510956	     -4.99737302	    -53.03624553	    100.44287355	      0.00000000	      0.00000000	      0.00000000	      0.00000000	     -9.07373730	      0.03347599	     -6.28828214	    -17.15740431	     10.00999609	     -1.14259942	      0.00000000	     -2.61270818	      8.42680164	      0.00000000	    -31.43392366	     -6.29897543	    -41.76722908	      0.68670038	     14.38063051	      0.69122769	      0.00000000	     11.46107420	     15.52710557	      0.00000000
     11.13333333	      4.21606060	     22.29449102	     98.48073318	      0.03221952	      0.26656291	      1.92341702	    -39.59101644	      0.21606651	     -7.95427999	    -19.49321497	      3.77375152	      4.07109844	     -0.03047414	      0.03288723	      0.00566287	      0.00000000	      0.00000000	      0.00000000	     -0.02493801	     -0.01490640	      0.01820356	      0.00000000	      0.00000000	      0.00000000	      0.00202910	     -0.00746430	      0.01668062	    160.15429739	    192.95043297	    213.09205234	    104.43529340	      0.00000000	      0.00000000	      0.00000000	      0.00000000	     32.32179320	     -3.35862749	    -55.95332686	    101.58405911	      0.00000000	      0.00000000	      0.00000000	      0.00000000	    -11.96307549	     -1.24137939	     -2.01631717	    -14.56042943	      3.96704186	      0.87522093	      0.00000000	     -1.48359779	      6.89384999	      0.00000000	    -31.88488058	     -5.53073396	    -38.39349100	      0.92751963	     14.65345659	      0.00269620	      0.00000000	     11.57819858	     13.90255182	      0.00000000
     11.16666667	      2.92791629	     21.94719073	    100.80317117	      0.03436435	      0.26546002	      1.91512176	    -38.91145023	      1.16752173	     -8.65436416	    -18.47204019	      1.11808035	      2.80668870	     -0.02745259	      0.03277487	      0.00822411	      0.00000000	      0.00000000	      0.00000000	     -0.03172886	     -0.01619177	      0.01086089	      0.00000000	      0.00000000	      0.00000000	      0.00158600	     -0.00871090	      0.00714368	    156.32190375	    190.35170434	    218.55301758	    104.31495285	      0.00000000	      0.00000000	      0.00000000	      0.00000000	     28.75877913	     -2.45840188	    -55.67634772	    100.49285513	      0.00000000	      0.00000000	      0.00000000	      0.00000000	    -13.57966777	     -1.87910668	      0.43638631	    -12.79979001	     -0.53029564	      2.32672483	      0.00000000	     -0.53776209	      6.12219700	      0.00000000	    -31.55946369	     -4.90630751	    -33.74767659	      1.09811613	     14.89690267	     -1.43852877	      0.00000000	     11.68117898	      8.58230695	      0.00000000
     11.20000000	      2.14259090	     21.56613649	    102.76339803	      0.03726456	      0.26414677	      1.90720058	    -38.14210307	      2.48243955	     -8.42173049	    -17.64215840	     -1.18247205	      1.27281729	     -0.02532227	      0.03442802	      0.00768753	      0.00000000	      0.00000000	      0.00000000	     -0.03569272	     -0.01839487	      0.00098738	      0.00000000	      0.00000000	      0.00000000	      0.00411680	     -0.01059342	      0.00387710	    151.90056641	    189.12555720	    221.95261253	    104.39188548	      0.00000000	      0.00000000	      0.00000000	      0.00000000	     26.07764820	     -1.73592937	    -54.06976557	     99.08497206	      0.00000000	      0.00000000	      0.00000000	      0.00000000	    -14.81530836	     -2.01363326	      1.19626909	    -11.43953500	     -3.05493330	      3.24368748	      0.00000000	      0.17338650	      4.74657669	      0.00000000	    -31.07823224	     -4.73590434	    -30.28834933	      0.78016949	     14.89690267	     -3.00176693	      0.00000000	     11.55970574	      5.51481019	      0.00000000
     11.23333333	      2.01159448	     21.25038817	    103.74682490	      0.04156031	      0.26272311	      1.90005974	    -37.67531395	      3.73634736	     -7.08446705	    -16.30778473	     -2.72870415	      0.42662314	     -0.02472769	      0.03555714	      0.00765308	      0.00000000	      0.00000000	      0.00000000	     -0.03819877	     -0.01867487	     -0.00543172	      0.00000000	      0.00000000	      0.00000000	      0.00774342	     -0.01375000	      0.00865546	    149.35404316	    189.58104305	    222.38254728	    104.22148683	      0.00000000	      0.00000000	      0.00000000	      0.00000000	     25.93627771	     -0.99173976	    -53.13281035	     99.02480060	      0.00000000	      0.00000000	      0.00000000	      0.00000000	    -15.60501275	     -1.50628521	      0.85185215	    -10.33182710	     -3.71721071	      3.24650685	      0.00000000	      0.73351642	      4.03459971	      0.00000000	    -30.73097474	     -4.97321371	    -29.21515108	      0.45907356	     14.89690267	     -3.98558477	      0.00000000	     11.77202238	      5.38801251	      0.00000000
     11.26666667	      2.04535385	     20.93899226	    104.62246480	      0.04674111	      0.26198469	      1.89336316	    -37.39610446	      4.92103128	     -6.43509628	    -14.46609335	     -3.53740016	      0.67114926	     -0.02421380	      0.03448989	      0.00831553	      0.00000000	      0.00000000	      0.00000000	     -0.03499003	     -0.01528300	     -0.00726250	      0.00000000	      0.00000000	      0.00000000	      0.00818796	     -0.01659111	      0.01252434	    149.96725450	    191.54838230	    221.24975206	    103.72797873	      0.00000000	      0.00000000	      0.00000000	      0.00000000	     26.76179945	     -0.35785471	    -52.68782662	     99.11304384	      0.00000000	      0.00000000	      0.00000000	      0.00000000	    -16.22409659	     -0.73024736	      0.27166106	     -9.32321400	     -4.09941156	      2.89607725	      0.00000000	      0.92407759	      3.61775264	      0.00000000	    -30.25097035	     -5.70586241	    -28.84017389	     -0.17202123	     14.89690267	     -4.06459535	      0.00000000	     12.12451067	      5.45164990	      0.00000000
     11.30000000	      1.79639357	     20.60539771	    105.71244092	      0.05363178	      0.26229805	      1.88737630	    -37.43603203	      5.57692165	     -6.09250466	    -12.67631699	     -2.61310403	      1.33595790	     -0.02556560	      0.03210579	      0.00799126	      0.00000000	      0.00000000	      0.00000000	     -0.03583612	     -0.01177720	     -0.00745534	      0.00000000	      0.00000000	      0.00000000	      0.00706714	     -0.01875406	      0.01285139	    153.06447113	    192.88102832	    218.45588643	    102.60466230	      0.00000000	      0.00000000	      0.00000000	      0.00000000	     28.26652350	      0.94287945	    -53.53674269	     99.21724320	      0.00000000	      0.00000000	      0.00000000	      0.00000000	    -16.70311350	      0.12383244	     -1.40978212	     -8.53326175	     -3.84745950	      1.87506523	      0.00000000	      1.35365653	      4.38829113	      0.00000000	    -29.43709002	     -6.71594204	    -28.42494213	     -1.46710926	     14.89690267	     -3.69105673	      0.00000000	     12.75061207	      5.48355544	      0.00000000
     11.33333333	      1.45913678	     19.86216535	    106.67043940	      0.06114907	      0.26321999	      1.88183200	    -37.10666113	      5.82440530	     -6.44943987	    -10.92002442	     -1.25854078	      2.69854835	     -0.02563064	      0.02840980	      0.00824322	      0.00000000	      0.00000000	      0.00000000	     -0.03685753	     -0.01020396	     -0.00431172	      0.00000000	      0.00000000	      0.00000000	      0.00487507	     -0.02028431	      0.00894055	    156.96011870	    192.69859357	    215.35809027	    101.41591440	      0.00000000	      0.00000000	      0.00000000	      0.00000000	     29.44755193	      2.08684085	    -54.20991923	     99.55790746	      0.00000000	      0.00000000	      0.00000000	      0.00000000	    -16.56409331	      0.78431133	     -3.35573172	     -7.99152053	     -3.50775225	      0.77599806	      0.00000000	      2.11707007	      6.16884669	      0.00000000	    -28.11266109	     -7.64777071	    -27.99687909	     -2.89058898	     14.89690267	     -3.26281737	      0.00000000	     13.07523640	      5.13689471	      0.00000000
     11.36666667	      1.19986546	     18.62282306	    107.78225612	      0.06846780	      0.26444961	      1.87694335	    -36.12948857	      6.05815404	     -7.42232673	     -9.71984982	      0.24663665	      4.23551696	     -0.02489262	      0.02469849	      0.00770893	      0.00000000	      0.00000000	      0.00000000	     -0.03802996	     -0.01057708	     -0.00008618	      0.00000000	      0.00000000	      0.00000000	      0.00427725	     -0.02035679	      0.00455636	    159.67658054	    191.22285166	    212.26286182	    100.25565244	      0.00000000	      0.00000000	      0.00000000	      0.00000000	     30.21723848	      2.56733909	    -54.01231492	    100.40515618	      0.00000000	      0.00000000	      0.00000000	      0.00000000	    -15.83545895	      1.25546889	     -5.47043144	     -7.40805012	     -3.26765972	      0.03941731	      0.00000000	      2.67452622	      8.03573247	      0.00000000	    -25.99459534	     -8.37190127	    -26.99392272	     -4.46255027	     14.89690267	     -3.48848951	      0.00000000	     12.98816311	      4.67222986	      0.00000000
     11.40000000	      1.22882964	     17.65444457	    108.45226518	      0.07466283	      0.26540332	      1.87203334	    -35.18621368	      6.45556640	     -8.10087437	     -8.92832596	      1.37458583	      5.83556890	     -0.02296054	      0.02194055	      0.00707722	      0.00000000	      0.00000000	      0.00000000	     -0.03856134	     -0.01048910	      0.00440320	      0.00000000	      0.00000000	      0.00000000	      0.00490649	     -0.02018169	      0.00272526	    160.67458956	    189.68583029	    209.64522635	     99.45280092	      0.00000000	      0.00000000	      0.00000000	      0.00000000	     30.70309338	      2.51506458	    -52.94015656	    101.73261454	      0.00000000	      0.00000000	      0.00000000	      0.00000000	    -15.40659714	      1.76921604	     -6.30046495	     -6.50739912	     -2.88341718	     -0.24396941	      0.00000000	      2.66762851	      8.30245858	      0.00000000	    -24.26983407	     -8.73199480	    -26.57501854	     -5.58265841	     14.89690267	     -4.37934682	      0.00000000	     12.78469482	      4.29096267	      0.00000000
     11.43333333	      1.30220428	     17.36115568	    108.40842470	      0.07959245	      0.26610422	      1.86674334	    -34.82971680	      6.75148678	     -7.89032284	     -8.44649679	      2.03292203	      6.76310379	     -0.02129754	      0.02060513	      0.00594230	      0.00000000	      0.00000000	      0.00000000	     -0.03716586	     -0.00926525	      0.00616256	      0.00000000	      0.00000000	      0.00000000	      0.00648562	     -0.02011900	      0.00342069	    160.34044971	    189.60545166	    207.44461478	     99.56539773	      0.00000000	      0.00000000	      0.00000000	      0.00000000	     30.72012801	      2.12378207	    -51.80511569	    102.69882726	      0.00000000	      0.00000000	      0.00000000	      0.00000000	    -15.73952617	      2.13270768	     -6.23191895	     -5.49238316	     -2.57757073	     -0.19351364	      0.00000000	      2.33616254	      8.12683886	      0.00000000	    -23.64197514	     -8.91313183	    -26.94595264	     -6.27903281	     14.89690267	     -4.98473282	      0.00000000	     12.37351493	      3.82191707	      0.00000000
     11.46666667	      1.73961265	     17.16974832	    107.45840613	      0.08391386	      0.26651446	      1.86172538	    -34.61449202	      6.96772018	     -6.92978885	     -7.88724192	      1.86949834	      7.58486831	     -0.02081635	      0.01961576	      0.00678410	      0.00000000	      0.00000000	      0.00000000	     -0.03135801	     -0.00740929	      0.00832803	      0.00000000	      0.00000000	      0.00000000	      0.00519223	     -0.02213266	      0.00679770	    160.05936423	    191.17735524	    205.98786619	    100.99929803	      0.00000000	      0.00000000	      0.00000000	      0.00000000	     30.73126618	      1.64008000	    -50.80960754	    103.19471241	      0.00000000	      0.00000000	      0.00000000	      0.00000000	    -16.00884453	      2.65371769	     -4.68950216	     -4.70378133	     -1.32512894	     -0.26430264	      0.00000000	      1.71802065	      5.29452669	      0.00000000	    -23.26109841	     -9.25693672	    -26.78411755	     -7.24568679	     14.89690267	     -4.98473282	      0.00000000	     12.01644298	      1.74786405	      0.00000000
     11.50000000	      1.85650257	     17.37258971	    106.56116437	      0.08709072	      0.26681822	      1.85710784	    -34.95397737	      7.04702597	     -6.07117790	     -6.61634767	      1.87581918	      7.93807912	     -0.01943242	      0.01779010	      0.00659142	      0.00000000	      0.00000000	      0.00000000	     -0.02467090	     -0.00526668	      0.01148376	      0.00000000	      0.00000000	      0.00000000	      0.00493834	     -0.02371657	      0.00902980	    159.83934331	    192.97830836	    205.24207259	    103.27628247	      0.00000000	      0.00000000	      0.00000000	      0.00000000	     30.06170536	      0.41654578	    -50.06323445	    103.61099938	      0.00000000	      0.00000000	      0.00000000	      0.00000000	    -16.68504392	      2.88723244	     -3.91866167	     -4.28265084	     -0.90519532	     -0.49216262	      0.00000000	      1.58239232	      4.66219781	      0.00000000	    -23.21899620	     -9.51671188	    -26.64204874	     -8.69979210	     14.89690267	     -4.98473282	      0.00000000	     12.45436954	      1.30255054	      0.00000000
     11.53333333	      2.01872649	     17.85655365	    104.95241585	      0.08911663	      0.26740049	      1.85243886	    -35.66686431	      7.15450365	     -4.50050362	     -5.71412709	      0.85216869	      7.92869547	     -0.02041668	      0.01688589	      0.00685446	      0.00000000	      0.00000000	      0.00000000	     -0.02106280	     -0.00549546	      0.00888585	      0.00000000	      0.00000000	      0.00000000	      0.00410522	     -0.02584055	      0.00931155	    157.28710465	    193.76424978	    205.72686109	    106.63680022	      0.00000000	      0.00000000	      0.00000000	      0.00000000	     28.79697918	     -0.59593891	    -49.01823468	    104.14263779	      0.00000000	      0.00000000	      0.00000000	      0.00000000	    -17.62518156	      3.00997207	     -1.54767002	     -3.83425606	     -0.54351395	     -0.73465719	      0.00000000	      0.67270653	      2.37401884	      0.00000000	    -23.75375052	     -9.57794933	    -26.94703685	     -9.78981889	     14.89690267	     -4.98473282	      0.00000000	     12.47340074	      0.12029037	      0.00000000
     11.56666667	      1.90234603	     18.52629793	    103.41790888	      0.09136283	      0.26808690	      1.84816979	    -36.71297898	      6.94162506	     -2.94064675	     -4.64541640	     -0.10793627	      7.71100678	     -0.02095487	      0.01617304	      0.00792749	      0.00000000	      0.00000000	      0.00000000	     -0.02440263	     -0.00859484	      0.00297899	      0.00000000	      0.00000000	      0.00000000	      0.00394029	     -0.02438853	      0.00780094	    152.99829119	    192.32527978	    207.04205236	    109.12894065	      0.00000000	      0.00000000	      0.00000000	      0.00000000	     26.92904696	     -0.96563893	    -47.59856697	    104.28050745	      0.00000000	      0.00000000	      0.00000000	      0.00000000	    -18.54648418	      2.89477150	      1.18164159	     -3.79571358	     -0.46947632	     -0.93165508	      0.00000000	      0.34896496	      0.10791294	      0.00000000	    -24.51061230	     -9.54673735	    -26.85976566	    -10.65418451	     14.21554377	     -4.98473282	      0.00000000	     12.44244538	     -0.31078420	      0.00000000
     11.60000000	      1.51285134	     18.93643056	    102.41839926	      0.09390305	      0.26910355	      1.84452665	    -37.53019532	      6.59846077	     -1.51603147	     -3.64187111	     -0.57803228	      6.76023671	     -0.02081360	      0.01534998	      0.00737382	      0.00000000	      0.00000000	      0.00000000	     -0.02960720	     -0.01410638	     -0.00451734	      0.00000000	      0.00000000	      0.00000000	      0.00215381	     -0.02173006	      0.00737974	    148.43991224	    190.38570840	    208.08129061	    110.07169270	      0.00000000	      0.00000000	      0.00000000	      0.00000000	     25.77694758	      0.57743950	    -46.98249231	    103.59540611	      0.00000000	      0.00000000	      0.00000000	      0.00000000	    -19.05651619	      2.54072560	      2.01847133	     -3.92455473	     -0.47829263	     -0.97604925	      0.00000000	      0.57349885	     -0.63210386	      0.00000000	    -24.69387670	     -9.40292315	    -26.58089212	    -11.64650294	     12.55027184	     -4.98473282	      0.00000000	     12.03470080	     -0.21828511	      0.00000000
     11.63333333	      0.81263143	     19.13740707	    102.21225512	      0.09628290	      0.27036309	      1.84163460	    -38.21089019	      6.32770231	     -0.63208299	     -2.83900679	     -1.22714347	      5.88407425	     -0.02092371	      0.01494190	      0.00801409	      0.00000000	      0.00000000	      0.00000000	     -0.03178740	     -0.01574261	     -0.00718393	      0.00000000	      0.00000000	      0.00000000	     -0.00218905	     -0.01984308	      0.00689707	    146.74739335	    189.15253450	    207.85448716	    108.90007779	      0.00000000	      0.00000000	      0.00000000	      0.00000000	     25.60673974	      3.43257340	    -47.40177845	    102.25751474	      0.00000000	      0.00000000	      0.00000000	      0.00000000	    -19.42910104	      1.87465034	      1.86607231	     -3.97082054	     -0.27392570	     -0.73117388	      0.00000000	      0.92140922	     -0.99704910	      0.00000000	    -24.16333693	     -9.20384726	    -26.02124604	    -13.29613394	     10.74315551	     -4.98473282	      0.00000000	     11.44040363	      0.44894720	      0.00000000
     11.66666667	     -0.23584514	     18.81789506	    103.17182929	      0.09875879	      0.27200501	      1.83972861	    -38.42250305	      6.17007214	     -0.53917750	     -2.22256540	     -1.33744272	      4.63621000	     -0.02153170	      0.01395208	      0.00730642	      0.00000000	      0.00000000	      0.00000000	     -0.02987188	     -0.01131396	     -0.00325438	      0.00000000	      0.00000000	      0.00000000	     -0.00504773	     -0.02051680	      0.00702587	    148.91442826	    188.86356433	    206.08428758	    106.50051140	      0.00000000	      0.00000000	      0.00000000	      0.00000000	     26.52811191	      5.96930235	    -48.43994006	    100.98671891	      0.00000000	      0.00000000	      0.00000000	      0.00000000	    -19.38095853	      0.98393190	     -0.59108146	     -4.04217132	      0.77077764	     -0.43621766	      0.00000000	      1.25039798	     -0.45496847	      0.00000000	    -22.29266414	     -9.14929715	    -24.91983796	    -16.27692844	     10.10895221	     -4.98473282	      0.00000000	     10.79536778	      0.71555259	      0.00000000
     11.70000000	     -1.45128986	     17.77348619	    105.05600520	      0.10187216	      0.27392876	      1.83915200	    -37.99649601	      6.00979752	     -1.36106852	     -2.08290316	     -1.17033438	      3.28202066	     -0.02377759	      0.01289146	      0.00678627	      0.00000000	      0.00000000	      0.00000000	     -0.02652868	     -0.00599051	      0.00389400	      0.00000000	      0.00000000	      0.00000000	     -0.00529218	     -0.02172283	      0.00645837	    152.90235857	    188.11690010	    203.50499728	    104.47383259	      0.00000000	      0.00000000	      0.00000000	      0.00000000	     27.19504102	      7.49514391	    -48.98890509	     98.77639848	      0.00000000	      0.00000000	      0.00000000	      0.00000000	    -18.54904745	     -0.14736032	     -6.24180049	     -4.41913767	      3.40738524	     -0.08452252	      0.00000000	      1.74240788	      1.55615619	      0.00000000	    -18.90342270	     -9.28935952	    -22.81935786	    -20.65836260	     12.16166119	     -4.98473282	      0.00000000	      9.61671194	     -1.52887330	      0.00000000
     11.73333333	     -2.63395371	     16.67789775	    106.78171048	      0.10501502	      0.27590501	      1.83901156	    -37.48885149	      5.72645669	     -2.63306231	     -2.34416304	     -1.96406098	      2.49225712	     -0.02668759	      0.01163589	      0.00901278	      0.00000000	      0.00000000	      0.00000000	     -0.02179675	     -0.00372712	      0.01042787	      0.00000000	      0.00000000	      0.00000000	     -0.00292494	     -0.02003625	      0.00290909	    156.36326800	    186.11915614	    202.68116301	    102.48174835	      0.00000000	      0.00000000	      0.00000000	      0.00000000	     25.63600882	      8.04922950	    -48.83085289	     93.85583375	      0.00000000	      0.00000000	      0.00000000	      0.00000000	    -17.65653769	     -1.43606455	    -10.89717455	     -5.05428004	      5.52796774	      0.38689668	      0.00000000	      2.28522556	      3.03639791	      0.00000000	    -15.18824570	     -9.37349551	    -20.69221901	    -25.62677068	     14.89690267	     -4.98473282	      0.00000000	      7.57602702	     -5.24768588	      0.00000000
     11.76666667	     -3.60498982	     14.78297679	    108.81262995	      0.10850921	      0.27758737	      1.84032457	    -36.06484103	      5.41623839	     -4.33893229	     -2.99398862	     -2.50371411	      1.09774804	     -0.02959126	      0.00983351	      0.00973236	      0.00000000	      0.00000000	      0.00000000	     -0.01839473	     -0.00908671	      0.01200013	      0.00000000	      0.00000000	      0.00000000	      0.00444784	     -0.01629647	     -0.00053387	    158.26221553	    182.94974575	    203.26687139	     98.44560248	      0.00000000	      0.00000000	      0.00000000	      0.00000000	     22.38839089	      8.18833638	    -48.44376678	     87.32539626	      0.00000000	      0.00000000	      0.00000000	      0.00000000	    -16.10502427	     -2.79878420	    -14.13050547	     -5.59212088	      6.70581244	      1.07814000	      0.00000000	      2.58226372	      3.69919253	      0.00000000	    -10.09511399	     -9.38108828	    -17.29530296	    -31.07021565	     14.89690267	     -4.98473282	      0.00000000	      6.76654346	     -4.15255935	      0.00000000
     11.80000000	     -4.33173043	     14.12160005	    109.53415615	      0.11189040	      0.27874539	      1.84108236	    -35.86795671	      4.87667471	     -4.59103310	     -4.25078136	     -3.09469028	     -0.61795385	     -0.03448565	      0.00993646	      0.00917789	      0.00000000	      0.00000000	      0.00000000	     -0.02062305	     -0.01764966	      0.00875977	      0.00000000	      0.00000000	      0.00000000	      0.01144194	     -0.01119398	     -0.00264200	    159.49170471	    178.29684748	    203.61685862	     89.00830481	      0.00000000	      0.00000000	      0.00000000	      0.00000000	     18.83707474	      8.44555007	    -47.67855938	     80.95128712	      0.00000000	      0.00000000	      0.00000000	      0.00000000	    -15.89163538	     -3.83389227	    -14.30863752	     -5.64373217	      6.65353682	      1.95217513	      0.00000000	      2.77976441	      3.32230534	      0.00000000	     -6.89392796	     -9.81670161	    -16.77048887	    -35.71047509	     14.89690267	     -4.98473282	      0.00000000	      5.71979103	     -3.23445587	      0.00000000
     11.83333333	     -4.40119574	     13.50192172	    110.41364425	      0.11520704	      0.27890427	      1.84232422	    -35.38091142	      5.00217860	     -4.60485520	     -5.66131204	     -3.50511301	     -2.84456240	     -0.03858038	      0.01072559	      0.00708332	      0.00000000	      0.00000000	      0.00000000	     -0.01999762	     -0.02339824	      0.00800072	      0.00000000	      0.00000000	      0.00000000	      0.01831097	     -0.00723670	     -0.00269601	    162.33910165	    173.48691012	    202.28603259	     74.42695505	      0.00000000	      0.00000000	      0.00000000	      0.00000000	     16.49560336	      7.39303680	    -45.89624564	     78.07686218	      0.00000000	      0.00000000	      0.00000000	      0.00000000	    -15.57785873	     -3.92084739	    -13.86030858	     -5.36803724	      6.08173292	      2.49634328	      0.00000000	      2.75836255	      2.43185371	      0.00000000	     -3.63431643	    -10.88293318	    -16.27291805	    -39.87808935	     14.89690267	     -4.98473282	      0.00000000	      5.46291361	     -2.74409612	      0.00000000
     11.86666667	     -3.98759528	     13.30176712	    111.20216071	      0.11794438	      0.27841063	      1.84324415	    -35.12658097	      5.58232828	     -3.97245765	     -6.77512234	     -3.83885190	     -5.05877220	     -0.04202040	      0.01156957	      0.00570402	      0.00000000	      0.00000000	      0.00000000	     -0.01460083	     -0.02398881	      0.01013076	      0.00000000	      0.00000000	      0.00000000	      0.02167845	     -0.00586650	     -0.00126521	    166.28097546	    168.54278405	    198.05578802	     58.20475145	      0.00000000	      0.00000000	      0.00000000	      0.00000000	     15.41044306	      5.80815413	    -43.62313226	     78.31576431	      0.00000000	      0.00000000	      0.00000000	      0.00000000	    -15.49321050	     -3.17255586	    -13.19330824	     -4.78349180	      5.41583517	      2.60876330	      0.00000000	      2.43761711	      1.53261707	      0.00000000	     -1.29832458	    -12.25678691	    -15.69852193	    -42.53687932	     14.89690267	     -4.98473282	      0.00000000	      5.94409422	     -2.37011956	      0.00000000
     11.90000000	     -3.30092735	     13.61314715	    112.21256833	      0.11974786	      0.27756802	      1.84333519	    -35.13890365	      6.57189980	     -3.19867577	     -6.93978614	     -3.45197972	     -6.91081222	     -0.04228717	      0.01095383	      0.00394622	      0.00000000	      0.00000000	      0.00000000	     -0.00550045	     -0.01916117	      0.00909556	      0.00000000	      0.00000000	      0.00000000	      0.01929771	     -0.00646195	      0.00074406	    168.68793599	    163.35354980	    193.07203334	     44.27961885	      0.00000000	      0.00000000	      0.00000000	      0.00000000	     14.65340091	      5.88602735	    -42.46771798	     77.96754471	      0.00000000	      0.00000000	      0.00000000	      0.00000000	    -15.53466379	     -1.82281230	    -12.71544920	     -4.69225695	      4.83606928	      2.40970819	      0.00000000	      2.18813375	      0.48727102	      0.00000000	     -0.22185580	    -13.70591319	    -14.79641009	    -43.18062516	     14.89690267	     -4.98473282	      0.00000000	      6.60855402	     -2.16534923	      0.00000000
     11.93333333	     -2.90951279	     14.33746735	    113.17204858	      0.11974352	      0.27705514	      1.84262281	    -35.63119454	      7.32702066	     -2.29277028	     -6.38930869	     -2.62389864	     -8.30333611	     -0.04149555	      0.00896798	      0.00231145	      0.00000000	      0.00000000	      0.00000000	      0.00235595	     -0.01096448	      0.00115187	      0.00000000	      0.00000000	      0.00000000	      0.01139988	     -0.00874599	      0.00221376	    168.12604676	    158.27027846	    191.83336245	     33.62442297	      0.00000000	      0.00000000	      0.00000000	      0.00000000	     13.14403563	      8.90637339	    -42.91565592	     74.56023091	      0.00000000	      0.00000000	      0.00000000	      0.00000000	    -15.73519511	     -0.73628373	    -12.94732546	     -5.49865584	      4.92135035	      2.04946205	      0.00000000	      2.36469431	     -0.49082061	      0.00000000	     -0.84919397	    -14.39582887	    -13.39868588	    -41.41458097	     14.62677970	     -4.98473282	      0.00000000	      6.55229012	     -2.28059994	      0.00000000
     11.96666667	     -3.64462905	     15.66248440	    114.19402239	      0.11668425	      0.27633890	      1.84080578	    -36.94267946	      7.15420097	     -1.95866454	     -5.11339614	     -1.51559186	     -9.66357236	     -0.03829467	      0.00655572	      0.00144339	      0.00000000	      0.00000000	      0.00000000	      0.00101147	     -0.00855914	     -0.01144335	      0.00000000	      0.00000000	      0.00000000	      0.00491674	     -0.01002145	      0.00620729	    164.80268492	    151.99644485	    201.55644160	     23.37442101	      0.00000000	      0.00000000	      0.00000000	      0.00000000	     12.39525230	     12.40461138	    -44.50487625	     70.52098460	      0.00000000	      0.00000000	      0.00000000	      0.00000000	    -16.68741816	     -1.05292660	    -14.47476057	     -7.34171641	      7.00169974	      2.06940587	      0.00000000	      3.40299305	     -2.01795825	      0.00000000	     -3.64988175	    -13.76003456	    -11.94349583	    -37.67403720	     13.04882879	     -4.98473282	      0.00000000	      6.34345661	     -1.35437368	      0.00000000
     12.00000000	     -4.57766099	     16.39186695	    114.96381186	      0.11087613	      0.27526835	      1.83951027	    -37.78843864	      6.61530955	     -2.07818712	     -3.84372895	     -0.43969107	     -8.89665452	     -0.03628927	      0.00471405	      0.00249318	      0.00000000	      0.00000000	      0.00000000	     -0.00446483	     -0.01446689	     -0.01631132	      0.00000000	      0.00000000	      0.00000000	      0.00203106	     -0.01071431	      0.00894369	    163.91175353	    145.82206345	    215.79367932	     14.68010297	      0.00000000	      0.00000000	      0.00000000	      0.00000000	     13.11099794	     14.17482196	    -46.02913290	     69.18366820	      0.00000000	      0.00000000	      0.00000000	      0.00000000	    -16.81272646	     -2.36662574	    -17.34682302	     -9.87212236	      9.89553131	      2.31139896	      0.00000000	      4.45804690	     -3.63007414	      0.00000000	     -6.53662684	    -12.46979408	    -10.85611017	    -33.26281927	     10.35958762	     -4.98473282	      0.00000000	      6.25696628	      1.12327358	      0.00000000
     12.03333333	     -4.76675051	     15.46753173	    115.05358340	      0.10278504	      0.27320529	      1.84023320	    -36.83218301	      5.99699286	     -2.14325729	     -2.48042176	      0.01465603	     -8.73546840	     -0.03295354	      0.00273758	      0.00237633	      0.00000000	      0.00000000	      0.00000000	     -0.00320334	     -0.02042881	     -0.01477599	      0.00000000	      0.00000000	      0.00000000	      0.00173084	     -0.01222154	      0.01134301	    165.92838638	    143.68781217	    217.84569887	     12.51036228	      0.00000000	      0.00000000	      0.00000000	      0.00000000	     15.45332815	     14.35216879	    -47.46270169	     70.92801920	      0.00000000	      0.00000000	      0.00000000	      0.00000000	    -14.51043444	     -4.25601359	    -18.53957783	    -13.01771398	     10.22762436	      3.08044985	      0.00000000	      5.67497567	     -4.33952596	      0.00000000	     -7.48644331	    -11.10397169	    -10.48907628	    -29.89362968	      9.70401957	     -4.98473282	      0.00000000	      6.83373736	      2.07419599	      0.00000000
     12.06666667	     -4.23750193	     14.26876503	    115.01517955	      0.09347633	      0.27068071	      1.84218154	    -35.55121873	      6.01140509	     -2.23191955	     -1.16292336	     -0.01221833	     -8.38698432	     -0.03036824	      0.00106192	      0.00203824	      0.00000000	      0.00000000	      0.00000000	     -0.00484684	     -0.02550158	     -0.01061961	      0.00000000	      0.00000000	      0.00000000	      0.00067799	     -0.01516326	      0.01065284	    168.15170051	    142.26452331	    216.47249579	     12.87216455	      0.00000000	      0.00000000	      0.00000000	      0.00000000	     16.63010737	     15.24638347	    -48.55348290	     72.11108461	      0.00000000	      0.00000000	      0.00000000	      0.00000000	    -11.41559986	     -5.44242620	    -19.42668521	    -16.16758279	      9.61682122	      3.48924099	      0.00000000	      6.22411019	     -4.33191146	      0.00000000	     -7.56103103	    -10.43498907	    -10.89881713	    -27.67687308	     10.49599661	     -4.98473282	      0.00000000	      8.50017551	      3.01560722	      0.00000000
     12.10000000	     -3.04040072	     12.94634670	    114.41413437	      0.08437572	      0.26838556	      1.84619475	    -34.39532926	      6.35705523	     -1.39974011	     -0.28997576	     -0.26163846	     -8.92111059	     -0.03079654	      0.00103252	     -0.00003676	      0.00000000	      0.00000000	      0.00000000	     -0.01389498	     -0.02566013	     -0.00804789	      0.00000000	      0.00000000	      0.00000000	     -0.00266886	     -0.01879772	      0.00523910	    168.73144522	    142.30679208	    212.83302531	     17.49249418	      0.00000000	      0.00000000	      0.00000000	      0.00000000	     14.36810476	     18.93970148	    -49.72643337	     69.11921464	      0.00000000	      0.00000000	      0.00000000	      0.00000000	     -7.27971244	     -6.00570435	    -19.26021994	    -20.10475760	      8.33884334	      3.34391202	      0.00000000	      6.37985943	     -2.82844408	      0.00000000	     -6.80385544	    -10.38695696	    -12.10314599	    -26.53527480	     11.76716966	     -4.98473282	      0.00000000	     10.65260283	      3.62369021	      0.00000000
     12.13333333	     -1.86855846	     11.87021774	    113.48161787	      0.07722707	      0.26613749	      1.85077740	    -33.86005806	      6.04201687	     -0.47576457	      0.73391530	     -0.18279479	    -10.55451165	     -0.03134631	      0.00108215	     -0.00082809	      0.00000000	      0.00000000	      0.00000000	     -0.02652299	     -0.02274105	     -0.00529016	      0.00000000	      0.00000000	      0.00000000	     -0.00429827	     -0.02045487	      0.00168960	    168.84369728	    144.92764837	    207.91630233	     27.02070329	      0.00000000	      0.00000000	      0.00000000	      0.00000000	     11.41183748	     22.93637965	    -50.33942753	     64.84866435	      0.00000000	      0.00000000	      0.00000000	      0.00000000	     -2.97272721	     -6.16047577	    -17.85178801	    -24.51983867	      6.89352341	      2.43056999	      0.00000000	      6.21666725	     -0.44469015	      0.00000000	     -5.95379178	    -10.50176455	    -13.70916210	    -25.81306583	     11.69868210	     -4.98473282	      0.00000000	     12.59441556	      4.82238781	      0.00000000
     12.16666667	     -1.03443454	     10.97871575	    112.43494443	      0.07252544	      0.26301861	      1.85635592	    -34.08506551	      5.02085341	      0.13131301	      1.58219306	      0.71150402	    -11.38884712	     -0.03589431	      0.00312478	     -0.00037913	      0.00000000	      0.00000000	      0.00000000	     -0.03380286	     -0.01914347	     -0.00492568	      0.00000000	      0.00000000	      0.00000000	     -0.00374997	     -0.01663202	      0.00128518	    169.15167764	    151.11662884	    200.96062615	     42.15079071	      0.00000000	      0.00000000	      0.00000000	      0.00000000	     10.77462599	     24.77837167	    -49.42749421	     63.52211483	      0.00000000	      0.00000000	      0.00000000	      0.00000000	      1.48909185	     -6.58026203	    -15.69449282	    -29.65981229	      7.34369896	      1.27857404	      0.00000000	      6.37939102	      1.38409835	      0.00000000	     -4.69743773	    -10.50477481	    -14.68043224	    -26.04479474	     10.10605839	     -4.98473282	      0.00000000	     13.91396128	      6.70129380	      0.00000000
     12.20000000	      4.37182902	     -5.54822928	    111.28580104	      0.07405163	      0.25252349	      1.87436577	    -16.71192866	      2.28804289	     -0.21244421	      1.64045259	      2.01894927	    -12.46567634	     -0.03494033	      0.00267840	      0.00129369	      0.00000000	      0.00000000	      0.00000000	     -0.03003113	     -0.02376213	     -0.00179220	      0.00000000	      0.00000000	      0.00000000	      0.00247962	     -0.01032830	      0.00303913	    170.54111876	    159.99433154	    196.31394055	     59.21515706	      0.00000000	      0.00000000	      0.00000000	      0.00000000	     12.83279349	     21.86687940	    -47.50917608	     66.97892702	      0.00000000	      0.00000000	      0.00000000	      0.00000000	     25.87678089	     -8.48558420	     -9.73782881	    -38.77502638	      4.95400089	      1.29246418	      0.00000000	      7.55895843	      4.96547197	      0.00000000	     17.32228088	     -8.50400770	     -9.42480832	    -31.54448322	     -0.03311601	     -4.98473282	      0.00000000	     16.59159962	     14.05105896	      0.00000000
     12.23333333	      7.97368660	    -16.68041799	    111.92685352	      0.07559440	      0.24106401	      1.88393486	     -4.37220981	     -0.15686959	     -1.27840074	      1.26082755	      3.46547577	    -12.95130290	     -0.03175150	      0.00744810	      0.00405402	      0.00000000	      0.00000000	      0.00000000	     -0.02331768	     -0.02823180	      0.00129865	      0.00000000	      0.00000000	      0.00000000	      0.01011579	      0.00028530	      0.00542373	    171.65536039	    167.40489006	    194.48160033	     73.95877043	      0.00000000	      0.00000000	      0.00000000	      0.00000000	     15.87798324	     16.82933316	    -45.31828799	     73.02482695	      0.00000000	      0.00000000	      0.00000000	      0.00000000	     42.20243631	     -9.73278513	     -7.83694353	    -44.70187984	      6.82932309	      0.15672624	      0.00000000	      7.87521232	      6.29637679	      0.00000000	     32.52490147	     -7.21003218	     -6.42174909	    -36.64223989	      0.51623782	     -4.98473282	      0.00000000	     16.43028451	     10.38303863	      0.00000000
     12.26666667	      8.74900892	    -18.65907969	    112.76404783	      0.07507235	      0.23070670	      1.88698176	     -2.61568464	     -1.22724533	     -3.51874162	      1.11757618	      4.13170056	    -11.71966217	     -0.03447729	      0.01238619	      0.00591938	      0.00000000	      0.00000000	      0.00000000	     -0.01874737	     -0.02796606	      0.00235610	      0.00000000	      0.00000000	      0.00000000	      0.01341600	      0.00674209	      0.00592639	    171.33873564	    171.09997967	    194.89324711	     84.82767695	      0.00000000	      0.00000000	      0.00000000	      0.00000000	     17.24009999	     13.34657335	    -42.37424493	     78.60065181	      0.00000000	      0.00000000	      0.00000000	      0.00000000	     46.37315205	    -10.83624887	     -7.45791181	    -47.63805903	      6.63030377	     -0.17586448	      0.00000000	      8.98898025	      9.01035603	      0.00000000	     37.11970041	     -6.13612418	     -3.45010551	    -40.66936548	     -0.66274451	     -4.98473282	      0.00000000	     16.68034531	      9.14363771	      0.00000000
     12.30000000	      9.08556496	    -20.14041685	    112.95329240	      0.07577380	      0.21850726	      1.88727254	     -1.18989827	     -2.39360302	     -4.43658008	      1.63508741	      4.06976252	    -10.67151115	     -0.03443729	      0.01443963	      0.00763786	      0.00000000	      0.00000000	      0.00000000	     -0.01660701	     -0.02316859	      0.00063889	      0.00000000	      0.00000000	      0.00000000	      0.01222392	      0.01107975	      0.00592767	    170.32529522	    174.51481310	    195.12007569	     93.27703322	      0.00000000	      0.00000000	      0.00000000	      0.00000000	     15.97969735	     12.29054521	    -39.89294678	     81.26929203	      0.00000000	      0.00000000	      0.00000000	      0.00000000	     49.40389448	    -11.35247511	     -8.29206565	    -49.61484748	      5.17226141	     -1.62106521	      0.00000000	     10.50998562	     12.21343798	      0.00000000	     40.73171092	     -5.65539237	     -2.30404943	    -44.66705245	     -0.27287846	     -4.98473282	      0.00000000	     17.83693983	      8.34183801	      0.00000000
     12.33333333	      9.33342871	    -21.16139361	    112.98892435	      0.07642936	      0.20395165	      1.88658530	      0.02784897	     -2.99492180	     -5.39616416	      2.89261490	      3.63727353	     -9.25236719	     -0.03101772	      0.01407214	      0.00663484	      0.00000000	      0.00000000	      0.00000000	     -0.01524392	     -0.01638345	     -0.00214096	      0.00000000	      0.00000000	      0.00000000	      0.00604091	      0.01354767	      0.00862347	    168.88481466	    176.66031536	    195.67122729	     98.61171800	      0.00000000	      0.00000000	      0.00000000	      0.00000000	     13.44351633	     12.23636321	    -35.97201648	     82.72455656	      0.00000000	      0.00000000	      0.00000000	      0.00000000	     51.68251752	    -11.54598602	     -9.45068162	    -51.09060162	      2.72566652	     -3.30338224	      0.00000000	     12.22877486	     15.97717586	      0.00000000	     43.99766352	     -5.78406174	     -2.30408915	    -48.99950917	     -0.11386584	     -4.98473282	      0.00000000	     19.38385038	      9.16098746	      0.00000000
     12.36666667	      8.84985439	    -20.74258201	    112.19328991	      0.07741507	      0.18796799	      1.88458454	     -0.41618998	     -3.65628569	     -5.10267575	      4.48684359	      3.61227192	     -9.68393525	     -0.02807340	      0.01209467	      0.00296202	      0.00000000	      0.00000000	      0.00000000	     -0.01511877	     -0.01517208	     -0.00367698	      0.00000000	      0.00000000	      0.00000000	      0.00111643	      0.01383113	      0.01245444	    166.85344716	    176.94049570	    195.97401684	    102.10227259	      0.00000000	      0.00000000	      0.00000000	      0.00000000	     10.13651163	     12.17535900	    -31.19089975	     85.43784875	      0.00000000	      0.00000000	      0.00000000	      0.00000000	     52.41832892	    -11.06301715	     -9.42478309	    -52.86411110	      1.58378844	     -4.43587830	      0.00000000	     14.36928166	     16.01854156	      0.00000000	     45.06832948	     -6.51551106	     -2.99376299	    -52.72958808	      0.16778492	     -4.98473282	      0.00000000	     21.85656657	     10.53203718	      0.00000000
     12.40000000	      8.54557094	    -19.78646462	    111.39664561	      0.07899662	      0.17017293	      1.88244710	     -1.06433523	     -4.07156628	     -4.43090389	      5.50552730	      3.64748242	    -10.44880643	     -0.02566012	      0.00994626	      0.00174706	      0.00000000	      0.00000000	      0.00000000	     -0.00919388	     -0.02004877	     -0.00590622	      0.00000000	      0.00000000	      0.00000000	     -0.00074389	      0.01301209	      0.01573109	    163.80087955	    176.31808557	    196.48993091	    105.83831449	      0.00000000	      0.00000000	      0.00000000	      0.00000000	      6.97541260	     11.81403578	    -26.71244240	     89.73667233	      0.00000000	      0.00000000	      0.00000000	      0.00000000	     53.00947785	     -9.98683245	     -8.44898514	    -55.52549709	      0.39828357	     -4.90598149	      0.00000000	     16.79122543	     15.37645361	      0.00000000	     45.70988509	     -7.84594033	     -3.69697558	    -56.49306592	      0.33745135	     -4.98473282	      0.00000000	     24.46721063	     12.42301745	      0.00000000
     12.43333333	      8.44273114	    -18.36517904	    110.72502776	      0.08061907	      0.15169144	      1.88011492	     -1.91598260	     -4.32978690	     -3.60024244	      6.19095683	      4.01285841	    -12.05861097	     -0.02432001	      0.00782159	      0.00217913	      0.00000000	      0.00000000	      0.00000000	      0.00090475	     -0.02629067	     -0.00639030	      0.00000000	      0.00000000	      0.00000000	     -0.00155708	      0.01317979	      0.01561028	    161.35803448	    175.46766094	    197.21941020	    110.12582054	      0.00000000	      0.00000000	      0.00000000	      0.00000000	      3.36119555	     11.94502466	    -23.83957006	     93.81429443	      0.00000000	      0.00000000	      0.00000000	      0.00000000	     53.42663412	     -8.55672438	     -7.10571544	    -58.90955334	     -0.63580170	     -4.98473282	      0.00000000	     19.02608034	     14.88139880	      0.00000000	     45.90225943	     -9.48031925	     -4.19264594	    -60.14728633	      0.12784145	     -4.98473282	      0.00000000	     27.36419576	     14.34216197	      0.00000000
     12.46666667	      8.45786914	    -16.35682607	    110.51591773	      0.08112443	      0.13406436	      1.87737757	     -3.13212505	     -4.23222428	     -3.11660980	      6.56728170	      4.49761228	    -14.90350229	     -0.02339730	      0.00594316	      0.00119626	      0.00000000	      0.00000000	      0.00000000	      0.00993419	     -0.02721673	     -0.00831910	      0.00000000	      0.00000000	      0.00000000	     -0.00058975	      0.01481259	      0.01023836	    160.27295813	    174.23958107	    197.63927549	    113.78214828	      0.00000000	      0.00000000	      0.00000000	      0.00000000	     -2.19152651	     12.09287455	    -22.74287581	     96.58897000	      0.00000000	      0.00000000	      0.00000000	      0.00000000	     53.12251410	     -7.40305214	     -6.15747014	    -62.27648690	     -1.91923850	     -4.78168060	      0.00000000	     21.04367010	     15.38850709	      0.00000000	     45.41107901	    -11.00547441	     -4.31351677	    -63.43673832	     -0.30824526	     -4.98473282	      0.00000000	     30.53414719	     16.05151284	      0.00000000
     12.50000000	      8.55784858	    -14.22235614	    111.14009061	      0.07949999	      0.11902206	      1.87465439	     -4.39329093	     -3.79808667	     -4.04845232	      6.55749268	      4.51750727	    -17.33112125	     -0.02440063	      0.00419319	      0.00144968	      0.00000000	      0.00000000	      0.00000000	      0.01262270	     -0.02436346	     -0.01222140	      0.00000000	      0.00000000	      0.00000000	      0.00292200	      0.01595416	      0.00149386	    159.86757505	    170.65021148	    197.87935342	    115.24137979	      0.00000000	      0.00000000	      0.00000000	      0.00000000	     -9.03849600	     11.27028681	    -22.36247246	     98.98348020	      0.00000000	      0.00000000	      0.00000000	      0.00000000	     52.19820940	     -7.16541570	     -5.69481931	    -64.99153212	     -3.36300918	     -4.19517962	      0.00000000	     22.69406737	     16.55911727	      0.00000000	     44.62900863	    -11.67109621	     -3.68854458	    -66.01541502	     -0.65814065	     -4.98473282	      0.00000000	     33.39504136	     16.23088243	      0.00000000
     12.53333333	      8.53983907	    -13.02403500	    111.67959665	      0.07634633	      0.10810105	      1.87178675	     -4.49442812	     -3.74557418	     -5.50649542	      6.05391446	      4.22151425	    -18.43419220	     -0.02591407	      0.00294405	      0.00316229	      0.00000000	      0.00000000	      0.00000000	      0.01066688	     -0.02534056	     -0.01697957	      0.00000000	      0.00000000	      0.00000000	      0.00798653	      0.01738707	     -0.00453937	    158.43202152	    164.77023276	    197.26601002	    115.21709273	      0.00000000	      0.00000000	      0.00000000	      0.00000000	    -12.41043613	     10.33015773	    -22.79450261	    101.74071092	      0.00000000	      0.00000000	      0.00000000	      0.00000000	     51.73681125	     -7.46966963	     -5.90175290	    -66.88129272	     -3.77184988	     -4.15139565	      0.00000000	     23.83190322	     16.77038630	      0.00000000	     44.14968424	    -11.84463099	     -3.47825131	    -67.60849266	     -0.93129416	     -4.98473282	      0.00000000	     35.49584093	     15.90790754	      0.00000000
     12.56666667	      8.56171678	    -10.40273166	    113.47427681	      0.07192671	      0.10327905	      1.86842853	     -6.19733891	     -2.60833093	     -8.21694669	      6.64099349	      3.07198149	    -18.10993726	     -0.02727684	      0.00005801	      0.00530005	      0.00000000	      0.00000000	      0.00000000	      0.00901526	     -0.03222664	     -0.02074542	      0.00000000	      0.00000000	      0.00000000	      0.00812856	      0.02147540	     -0.00402896	    155.06262221	    158.63846426	    194.68209761	    115.41890524	      0.00000000	      0.00000000	      0.00000000	      0.00000000	     -7.23765670	     12.67777963	    -25.05447924	    104.17544325	      0.00000000	      0.00000000	      0.00000000	      0.00000000	     48.70014716	     -8.49806293	     -7.96755788	    -67.26835058	     -3.89958949	     -4.02946468	      0.00000000	     24.80053589	     16.16246330	      0.00000000	     42.16528335	    -11.51204850	     -1.88079665	    -68.07350402	     -1.20234499	     -4.98473282	      0.00000000	     37.14469841	     16.11735486	      0.00000000
     12.60000000	      8.18390481	     -9.09864047	    114.07278613	      0.06820891	      0.10379513	      1.86501068	     -6.51880170	     -2.63566673	     -9.58481994	      7.23988266	      2.17706101	    -16.50108207	     -0.02839130	     -0.00208799	      0.00900494	      0.00000000	      0.00000000	      0.00000000	      0.01553489	     -0.03514704	     -0.01279858	      0.00000000	      0.00000000	      0.00000000	      0.00121445	      0.02258647	      0.00693057	    155.05643249	    155.74577325	    192.66522648	    116.83737128	      0.00000000	      0.00000000	      0.00000000	      0.00000000	      6.45473880	     18.62596691	    -26.16499418	    106.30804978	      0.00000000	      0.00000000	      0.00000000	      0.00000000	     46.65060699	     -8.99960447	     -9.81410772	    -66.73372114	     -3.11732787	     -4.98473282	      0.00000000	     25.29348510	     15.54004567	      0.00000000	     40.46822550	    -11.43923215	     -1.76816500	    -67.72064391	     -1.04614419	     -4.98473282	      0.00000000	     37.76472141	     16.72993282	      0.00000000
     12.63333333	      5.55843882	     -2.33650384	    114.74272769	      0.06444817	      0.11213233	      1.85881076	    -13.63045604	     -2.41992394	    -10.55699733	      9.67402720	      1.71778208	    -13.35466965	     -0.03018132	     -0.00565524	      0.01528270	      0.00000000	      0.00000000	      0.00000000	      0.01988733	     -0.03020986	      0.00392181	      0.00000000	      0.00000000	      0.00000000	     -0.00537199	      0.01812249	      0.00839300	    160.86494446	    153.06193971	    192.16224761	    117.05096095	      0.00000000	      0.00000000	      0.00000000	      0.00000000	     18.89717809	     25.88433862	    -25.29213500	    107.61916251	      0.00000000	      0.00000000	      0.00000000	      0.00000000	     37.10248699	     -9.33622367	    -11.42764561	    -64.64598276	     -1.32265174	     -4.98473282	      0.00000000	     26.01132321	     14.43232135	      0.00000000	     31.61296532	    -11.62920469	     -1.63867523	    -65.55869977	     -0.79569632	     -4.98473282	      0.00000000	     37.54852669	     17.84514635	      0.00000000
     12.66666667	      5.31928477	     -1.80321541	    114.45959208	      0.06303148	      0.12175944	      1.85502319	    -12.78954104	     -2.92484759	     -9.87399424	     11.56744447	      3.21414654	    -11.21021120	     -0.02702743	     -0.00776875	      0.01372316	      0.00000000	      0.00000000	      0.00000000	      0.02013924	     -0.02500030	      0.01669013	      0.00000000	      0.00000000	      0.00000000	     -0.00890642	      0.01357476	      0.00900997	    169.68863436	    149.94668250	    193.83677864	    115.68834019	      0.00000000	      0.00000000	      0.00000000	      0.00000000	     27.93765081	     31.33665643	    -23.36946796	    108.61271832	      0.00000000	      0.00000000	      0.00000000	      0.00000000	     35.17572293	     -8.81806056	    -11.16370769	    -62.52210988	     -1.59834044	     -4.98473282	      0.00000000	     25.38177381	     15.78181757	      0.00000000	     29.58572507	    -12.05173874	     -2.54445671	    -63.54154416	      0.27261735	     -4.98473282	      0.00000000	     36.37846047	     17.78195340	      0.00000000
     12.70000000	      5.11362045	     -1.08122480	    113.77797728	      0.06205912	      0.13415569	      1.85117825	    -11.98565135	     -3.19213565	     -8.23982862	     12.98521009	      4.37368448	    -10.95998846	     -0.02522825	     -0.00955290	      0.00877308	      0.00000000	      0.00000000	      0.00000000	      0.01801451	     -0.02337323	      0.01113699	      0.00000000	      0.00000000	      0.00000000	     -0.01440621	      0.00832047	      0.01288942	    173.85715141	    144.93166290	    194.54984802	    115.18453601	      0.00000000	      0.00000000	      0.00000000	      0.00000000	     34.70531698	     37.71333820	    -20.56906360	    108.71864068	      0.00000000	      0.00000000	      0.00000000	      0.00000000	     32.79943570	     -7.91134402	    -10.63927777	    -59.72792437	     -2.34159990	     -4.98473282	      0.00000000	     24.25053422	     17.55603075	      0.00000000	     26.97513332	    -12.61913635	     -3.91572277	    -60.81356162	      1.40536591	     -4.98473282	      0.00000000	     34.81910267	     16.87224181	      0.00000000
     12.73333333	      5.29620980	     -1.13603257	    113.39405687	      0.06169282	      0.14780957	      1.84724711	    -10.07926866	     -3.24664568	     -6.63424406	     12.91112590	      4.11431591	    -13.34175664	     -0.02511847	     -0.01078183	      0.00167287	      0.00000000	      0.00000000	      0.00000000	      0.01734357	     -0.01915580	     -0.00923061	      0.00000000	      0.00000000	      0.00000000	     -0.01813627	      0.00132348	      0.01765296	    170.18145139	    140.25318626	    190.41480400	    116.77772992	      0.00000000	      0.00000000	      0.00000000	      0.00000000	     39.66501761	     45.03593354	    -16.12294890	    107.43877847	      0.00000000	      0.00000000	      0.00000000	      0.00000000	     31.01873643	     -7.09098273	    -10.73883405	    -56.39238550	     -2.96564629	     -4.98473282	      0.00000000	     23.29922121	     17.58363538	      0.00000000	     25.27047835	    -13.11663861	     -5.29206485	    -57.70748682	      2.17823954	     -4.98473282	      0.00000000	     33.08935994	     16.16870070	      0.00000000
     12.76666667	      5.52493410	     -1.17535122	    113.06532025	      0.06126112	      0.16169409	      1.84324929	     -8.26706476	     -3.05620065	     -5.29008752	     11.14151244	      1.69661211	    -18.90870244	     -0.02624408	     -0.01104738	     -0.00805476	      0.00000000	      0.00000000	      0.00000000	      0.01878115	     -0.00802413	     -0.02791713	      0.00000000	      0.00000000	      0.00000000	     -0.01907647	     -0.00285510	      0.02004037	    161.62628425	    137.06345293	    181.60662364	    118.45843068	      0.00000000	      0.00000000	      0.00000000	      0.00000000	     42.89809841	     52.31060218	    -10.48484006	    103.95092396	      0.00000000	      0.00000000	      0.00000000	      0.00000000	     29.12723687	     -6.20017513	    -10.90427038	    -52.72490544	     -3.01826242	     -4.98473282	      0.00000000	     22.52988855	     16.31271596	      0.00000000	     23.50165301	    -13.59698146	     -6.53643827	    -54.41679008	      2.98327910	     -4.98473282	      0.00000000	     31.71779424	     15.52553866	      0.00000000
     12.80000000	      4.81368432	      0.61849861	    113.04884513	      0.05962217	      0.17596680	      1.83732055	     -8.76842975	     -2.82307135	     -3.75176261	      7.10910169	     -3.62125992	    -26.97335713	     -0.02873771	     -0.01016502	     -0.01654069	      0.00000000	      0.00000000	      0.00000000	      0.01673318	      0.00706266	     -0.03416616	      0.00000000	      0.00000000	      0.00000000	     -0.01587410	      0.00280357	      0.01552531	    152.56254611	    133.94172832	    171.99224171	    116.77220111	      0.00000000	      0.00000000	      0.00000000	      0.00000000	     40.97895658	     59.50887974	     -8.57121227	     98.79611828	      0.00000000	      0.00000000	      0.00000000	      0.00000000	     24.71974775	     -5.69685732	    -11.47532242	    -48.73613602	     -1.79590228	     -4.98473282	      0.00000000	     21.80145903	     13.83028341	      0.00000000	     19.17067249	    -13.89748987	     -7.85260989	    -50.57401983	      4.92920695	     -4.98473282	      0.00000000	     30.43130818	     14.27815522	      0.00000000
     12.83333333	      5.23432783	      1.03292383	    113.97555670	      0.05716204	      0.18870053	      1.83210755	     -7.71802002	     -1.70031376	     -4.46066475	      1.74385791	     -9.99159246	    -32.47075555	     -0.03431937	     -0.00699150	     -0.02042531	      0.00000000	      0.00000000	      0.00000000	      0.01576656	      0.02179519	     -0.03162039	      0.00000000	      0.00000000	      0.00000000	     -0.01674467	      0.01039519	      0.01104886	    145.93743170	    128.32447951	    167.10618444	    112.45323691	      0.00000000	      0.00000000	      0.00000000	      0.00000000	     41.06695359	     65.66350194	     -5.07956235	     94.06726317	      0.00000000	      0.00000000	      0.00000000	      0.00000000	     22.06229492	     -4.95557804	    -12.42073915	    -44.83716995	     -2.32334969	     -4.98473282	      0.00000000	     20.53770656	     13.71007329	      0.00000000	     17.38115156	    -14.41430963	     -8.05148781	    -47.52533457	      6.68683057	     -4.98473282	      0.00000000	     29.20304211	     13.72793219	      0.00000000
     12.86666667	      4.23012067	      3.12708925	    115.49878269	      0.05255565	      0.20124545	      1.82481606	     -9.09934228	     -1.20030329	     -5.53882891	     -3.19994666	    -15.75668640	    -35.46012267	     -0.04141403	     -0.00085323	     -0.01916746	      0.00000000	      0.00000000	      0.00000000	      0.01437191	      0.02942058	     -0.03092436	      0.00000000	      0.00000000	      0.00000000	     -0.00928994	      0.02147346	      0.00907706	    137.76399773	    121.48836464	    160.57829380	    108.67773938	      0.00000000	      0.00000000	      0.00000000	      0.00000000	     43.12182929	     70.77963431	     -1.16093239	     93.50707081	      0.00000000	      0.00000000	      0.00000000	      0.00000000	     16.81823896	     -4.93431316	    -13.52604630	    -40.79906881	     -2.97519359	     -4.98473282	      0.00000000	     19.15618704	     14.62080081	      0.00000000	     13.08381223	    -14.21803590	     -8.39223225	    -44.08155475	      9.65413742	     -4.98473282	      0.00000000	     27.31155374	     12.00745458	      0.00000000
     12.90000000	      2.60701904	      5.73541929	    117.12723772	      0.04612381	      0.21298483	      1.81653599	    -11.44792407	     -0.92561682	     -6.86430585	     -6.13873872	    -18.68413586	    -35.90610476	     -0.04876025	      0.00536089	     -0.01844962	      0.00000000	      0.00000000	      0.00000000	      0.01595175	      0.03211457	     -0.03388929	      0.00000000	      0.00000000	      0.00000000	      0.00524090	      0.02930016	      0.00792027	    127.44011201	    115.17928103	    150.49977416	    108.22183693	      0.00000000	      0.00000000	      0.00000000	      0.00000000	     51.30674557	     74.87418670	      7.79934509	     96.48370884	      0.00000000	      0.00000000	      0.00000000	      0.00000000	     10.65151535	     -5.07408244	    -14.71665069	    -36.71231136	     -2.65318410	     -4.98473282	      0.00000000	     17.43112212	     14.42035253	      0.00000000	      7.81408113	    -13.71292659	     -9.21349253	    -40.38088494	     11.84568072	     -4.98473282	      0.00000000	     24.95941737	     10.21115022	      0.00000000
     12.93333333	      1.32600720	      6.72100996	    118.53242417	      0.03944769	      0.22268948	      1.80908704	    -12.19816474	     -1.22626323	     -8.40730321	     -7.96289890	    -18.40899708	    -33.52896647	     -0.05960227	      0.01142383	     -0.01696783	      0.00000000	      0.00000000	      0.00000000	      0.01786707	      0.03304598	     -0.03640498	      0.00000000	      0.00000000	      0.00000000	      0.02036616	      0.02876787	      0.01005908	    115.63627046	    110.14727376	    137.53477358	    109.22311959	      0.00000000	      0.00000000	      0.00000000	      0.00000000	     72.40307199	     76.87854889	     29.33429953	     99.85841175	      0.00000000	      0.00000000	      0.00000000	      0.00000000	      6.46211831	     -5.55117495	    -15.94527882	    -33.15534299	     -0.39991113	     -4.98473282	      0.00000000	     15.47390387	     11.62357277	      0.00000000	      4.26996790	    -12.84737495	    -10.23903305	    -36.76712078	     12.27228858	     -4.98473282	      0.00000000	     23.33354305	     10.83708875	      0.00000000
     12.96666667	      0.02639489	      7.40842799	    120.44548688	      0.03230327	      0.23109028	      1.80203497	    -12.66114914	     -1.61042674	    -10.75536195	     -8.36920994	    -13.93179961	    -29.05833822	     -0.06870114	      0.01624032	     -0.02157294	      0.00000000	      0.00000000	      0.00000000	      0.01832681	      0.03712520	     -0.03243624	      0.00000000	      0.00000000	      0.00000000	      0.02629789	      0.03019039	      0.00897889	    105.66306947	    106.34334558	    127.12883716	    110.03969132	      0.00000000	      0.00000000	      0.00000000	      0.00000000	     88.11543725	     77.54208470	     46.35886699	    101.52302090	      0.00000000	      0.00000000	      0.00000000	      0.00000000	      2.43797399	     -6.26503550	    -18.46962395	    -29.51352258	      1.80241650	     -4.98473282	      0.00000000	     13.65395358	      9.74860029	      0.00000000	      1.45033659	    -11.69741958	     -9.94518147	    -33.59306206	     11.01557193	     -4.98473282	      0.00000000	     22.00532593	     12.87300501	      0.00000000
     13.00000000	     -0.18614752	      5.84875023	    120.90746338	      0.02706843	      0.23782336	      1.79566557	     -9.98940554	     -2.86674059	    -12.08634113	    -10.47598018	     -6.90017093	    -22.58786405	     -0.07582347	      0.02663111	     -0.02946488	      0.00000000	      0.00000000	      0.00000000	      0.01978309	      0.04272029	     -0.02504020	      0.00000000	      0.00000000	      0.00000000	      0.01957014	      0.03738074	      0.00592989	    102.44252794	    104.24275804	    124.55486771	    110.39408254	      0.00000000	      0.00000000	      0.00000000	      0.00000000	     90.05193905	     78.60851130	     49.49663834	    101.02568159	      0.00000000	      0.00000000	      0.00000000	      0.00000000	      1.85350874	     -6.80264041	    -18.62513826	    -26.67631197	      1.98979199	     -4.98473282	      0.00000000	     12.56264485	      9.36256170	      0.00000000	      1.09993469	    -10.59187502	    -10.81644607	    -30.94776893	     11.34072591	     -4.98473282	      0.00000000	     20.67602343	     13.19610453	      0.00000000
     13.03333333	      0.49635409	      4.51582182	    121.05648095	      0.02485554	      0.24447809	      1.79269306	     -7.88047973	     -3.17588787	    -12.05892618	    -13.36036643	      2.38899994	    -16.82437593	     -0.08374640	      0.04421572	     -0.04831416	      0.00000000	      0.00000000	      0.00000000	      0.01195747	      0.03601102	     -0.01815094	      0.00000000	      0.00000000	      0.00000000	      0.00424534	      0.04139787	      0.00279044	     87.92565472	    104.72062808	    111.69925670	    107.51462275	      0.00000000	      0.00000000	      0.00000000	      0.00000000	    100.36436831	     80.60878072	     59.93173943	     98.24105742	      0.00000000	      0.00000000	      0.00000000	      0.00000000	      2.21166834	     -6.32050914	    -18.12152325	    -24.56102969	      2.65557573	     -4.98473282	      0.00000000	     10.52026665	      7.49417626	      0.00000000	      1.68615793	    -10.39893203	    -10.81944437	    -29.31533842	     12.93093045	     -4.98473282	      0.00000000	     18.78134872	     11.16629998	      0.00000000
     13.06666667	      0.92993347	      2.97309981	    120.66366142	      0.02320356	      0.25172633	      1.79027139	     -5.33700933	     -4.14828198	    -12.09156959	    -19.68485769	      8.02035677	     -6.41065542	     -0.08898669	      0.07211759	     -0.04840876	      0.00000000	      0.00000000	      0.00000000	      0.00967127	      0.03493729	     -0.01405938	      0.00000000	      0.00000000	      0.00000000	     -0.01001290	      0.04821494	      0.00471119	     87.82745166	    105.52021871	    112.03030064	    106.19979287	      0.00000000	      0.00000000	      0.00000000	      0.00000000	    102.42059984	     80.91304852	     61.42692162	     95.74527877	      0.00000000	      0.00000000	      0.00000000	      0.00000000	      2.99174084	     -6.13903672	    -16.46978259	    -22.76483008	      2.19043100	     -4.98473282	      0.00000000	      8.48395170	      7.16356943	      0.00000000	      2.05097968	     -9.80943393	    -11.07110719	    -27.20047294	     13.66619923	     -4.98473282	      0.00000000	     16.34788572	     10.43907826	      0.00000000
     13.10000000	      1.74112684	      1.60564580	    120.54182808	      0.02259325	      0.25940461	      1.78938086	     -2.94426050	     -4.57021137	    -12.05810184	    -26.07849375	     10.57477719	      1.71554681	     -0.08561314	      0.10113136	     -0.04402556	      0.00000000	      0.00000000	      0.00000000	      0.01082562	      0.03163278	     -0.01253095	      0.00000000	      0.00000000	      0.00000000	     -0.01579810	      0.05332778	      0.01283629	     88.82376545	    106.58246467	    112.93400807	    105.19133561	      0.00000000	      0.00000000	      0.00000000	      0.00000000	    104.44215523	     79.69172671	     62.46927286	     93.91205072	      0.00000000	      0.00000000	      0.00000000	      0.00000000	      3.93870615	     -5.56900547	    -15.36410921	    -21.10464737	      1.37355130	     -4.98473282	      0.00000000	      5.96991465	      6.60508358	      0.00000000	      2.65027673	     -9.75392127	    -11.37148078	    -25.18460147	     14.89690267	     -4.98473282	      0.00000000	     14.22786851	      9.91294368	      0.00000000
     13.13333333	      3.44320425	     -1.07543009	    120.06303890	      0.02194776	      0.26745719	      1.79136788	      1.01600735	     -4.44769829	    -12.40000517	    -29.69889390	      5.24718388	     10.08422834	     -0.07420705	      0.11761708	     -0.01497086	      0.00000000	      0.00000000	      0.00000000	      0.01570444	      0.04317990	     -0.01193937	      0.00000000	      0.00000000	      0.00000000	     -0.01388624	      0.04374014	      0.01937695	    101.53028382	    106.85514531	    126.37215874	    107.70490567	      0.00000000	      0.00000000	      0.00000000	      0.00000000	    117.50236421	     76.29787535	     73.61357102	     89.79098766	      0.00000000	      0.00000000	      0.00000000	      0.00000000	      6.90979754	     -4.85471384	    -13.39319347	    -19.61901498	     -1.39233734	     -4.98473282	      0.00000000	      2.89625890	      6.31296793	      0.00000000	      5.06583023	     -9.64280803	    -12.18017123	    -23.33658524	     14.89690267	     -4.98473282	      0.00000000	     12.14851614	      9.48520868	      0.00000000
     13.16666667	      3.80807669	     -1.68554738	    120.20879026	      0.02023732	      0.27541937	      1.79255060	      2.14007877	     -4.26127769	    -12.14796263	    -30.59419875	     -0.48878133	     13.73688521	     -0.06094555	      0.12534579	      0.01299095	      0.00000000	      0.00000000	      0.00000000	      0.01173688	      0.05144600	     -0.01873028	      0.00000000	      0.00000000	      0.00000000	     -0.00121317	      0.04700178	      0.02239892	    102.27482245	    111.18019698	    129.50828256	    109.07552041	      0.00000000	      0.00000000	      0.00000000	      0.00000000	    119.50290455	     75.76291644	     74.69901335	     88.53761194	      0.00000000	      0.00000000	      0.00000000	      0.00000000	      6.77895306	     -4.67359155	    -13.19941007	    -17.74780498	     -2.96820085	     -4.71279188	      0.00000000	      0.34756427	      6.16577450	      0.00000000	      4.68670300	     -9.49557391	    -12.24193977	    -20.84687544	     14.89690267	     -4.49257934	      0.00000000	      9.86202157	      8.81620672	      0.00000000
     13.20000000	      4.22504511	     -2.20526523	    120.90528950	      0.01816637	      0.28209804	      1.79368182	      3.32758820	     -3.86957095	    -12.29376191	    -30.34312336	     -4.88598950	     12.86509185	     -0.05244668	      0.12253771	      0.03275789	      0.00000000	      0.00000000	      0.00000000	      0.00119745	      0.06337659	     -0.02873981	      0.00000000	      0.00000000	      0.00000000	      0.01692087	      0.05050236	      0.01966285	     96.21789313	    117.54285651	    127.48922765	    107.28374342	      0.00000000	      0.00000000	      0.00000000	      0.00000000	    120.87866895	     76.10157856	     75.61449284	     87.78075399	      0.00000000	      0.00000000	      0.00000000	      0.00000000	      6.33421670	     -4.55879863	    -13.41683387	    -15.65030060	     -5.03971562	     -4.31664639	      0.00000000	     -1.23168991	      7.44341323	      0.00000000	      4.56106508	     -9.24119213	    -12.16395771	    -18.79354680	     14.89690267	     -4.51521293	      0.00000000	      7.33656304	      7.44330982	      0.00000000
     13.23333333	      4.07421795	     -2.12694100	    121.65108367	      0.01582625	      0.28655592	      1.79491867	      3.51451846	     -3.49159504	    -12.35494117	    -28.20642888	     -7.21339662	      9.21465141	     -0.05281866	      0.10530496	      0.04299854	      0.00000000	      0.00000000	      0.00000000	     -0.00571950	      0.05789367	     -0.04088472	      0.00000000	      0.00000000	      0.00000000	      0.03202707	      0.05504011	      0.01582205	     76.73102727	    125.97269112	    114.24263561	     95.42875950	      0.00000000	      0.00000000	      0.00000000	      0.00000000	    121.43740317	     76.93543520	     77.09772417	     87.20249522	      0.00000000	      0.00000000	      0.00000000	      0.00000000	      5.08868617	     -4.96557811	    -14.60941721	    -13.86127334	     -5.54837243	     -3.79942109	      0.00000000	     -1.93560565	      9.52401522	      0.00000000	      3.72957435	     -8.74621402	    -12.52810779	    -17.02790956	     14.61317436	     -4.92338417	      0.00000000	      5.40141250	      7.09854549	      0.00000000
     13.26666667	      2.95757214	     -0.70342812	    122.60558234	      0.01434038	      0.28871660	      1.79618830	      1.48851027	     -3.21191629	    -12.08686363	    -22.78007713	     -7.29094551	      4.59269298	     -0.05746570	      0.07304288	      0.04525236	      0.00000000	      0.00000000	      0.00000000	     -0.00142966	      0.04754608	     -0.04035673	      0.00000000	      0.00000000	      0.00000000	      0.03910187	      0.05003557	      0.01084652	     55.39724174	    134.85871004	    103.24074008	     71.95864314	      0.00000000	      0.00000000	      0.00000000	      0.00000000	    135.63890154	     77.27332006	     92.25954172	     83.07535578	      0.00000000	      0.00000000	      0.00000000	      0.00000000	      2.27760702	     -5.56684655	    -16.18200056	    -12.61094447	     -4.80640839	     -3.23088778	      0.00000000	     -2.18591865	     10.44240610	      0.00000000	      1.21758519	     -8.21865967	    -11.39583433	    -14.98986205	     11.85358154	     -4.95850834	      0.00000000	      4.75290340	      9.89873215	      0.00000000
     13.30000000	      2.76643309	     -0.45951899	    123.14156224	      0.01408955	      0.28888550	      1.79763489	      1.35357115	     -2.86018290	    -12.11330160	    -15.74968107	     -4.18824076	     -0.57675054	     -0.05516018	      0.03587058	      0.03177601	      0.00000000	      0.00000000	      0.00000000	      0.01649063	      0.04784126	     -0.02648739	      0.00000000	      0.00000000	      0.00000000	      0.03702517	      0.04385747	      0.01390185	     35.13703328	    139.62518202	     97.95822721	     39.65431139	      0.00000000	      0.00000000	      0.00000000	      0.00000000	    138.82048538	     75.05239839	     93.74962729	     78.33381727	      0.00000000	      0.00000000	      0.00000000	      0.00000000	      1.40782569	     -5.79109268	    -15.81576783	    -11.99172846	     -4.45475124	     -2.64637221	      0.00000000	     -2.35369191	      8.90976544	      0.00000000	      0.38852499	     -8.05804221	    -11.38257238	    -13.71465128	     12.21823602	     -4.98473282	      0.00000000	      5.11463652	     10.37729593	      0.00000000
     13.33333333	      1.89498314	      0.79219014	    123.31817717	      0.01496746	      0.28848961	      1.80068389	     -0.84966366	     -2.42366108	    -11.91609466	     -5.51995469	     -0.45009361	     -4.70148769	     -0.04367590	      0.00119658	      0.01387955	      0.00000000	      0.00000000	      0.00000000	      0.02603655	      0.07132138	     -0.01216816	      0.00000000	      0.00000000	      0.00000000	      0.03105891	      0.02567167	      0.00994772	     21.66571782	    139.88885777	     95.13194562	     14.72050095	      0.00000000	      0.00000000	      0.00000000	      0.00000000	    150.18304803	     69.56035624	     98.76407863	     69.55164029	      0.00000000	      0.00000000	      0.00000000	      0.00000000	     -0.55978139	     -5.93009361	    -13.40572372	    -11.51438669	     -4.21410665	     -1.77334446	      0.00000000	     -3.17762640	      4.04849900	      0.00000000	     -1.70268951	     -8.06987401	    -12.11818910	    -12.58096155	     14.34042879	     -4.59341576	      0.00000000	      5.49765723	      9.41903003	      0.00000000
     13.36666667	      2.10456240	      0.24800310	    122.87665247	      0.01749738	      0.28787311	      1.80448650	     -0.54898038	     -2.22325469	    -10.64378669	      1.50556528	      4.40256912	     -9.99577495	     -0.03042655	     -0.01470534	     -0.01326219	      0.00000000	      0.00000000	      0.00000000	      0.02342358	      0.08780257	     -0.00938920	      0.00000000	      0.00000000	      0.00000000	      0.03209107	      0.01469885	      0.00791876	     17.91925697	    138.78749349	     96.36325728	      5.46351301	      0.00000000	      0.00000000	      0.00000000	      0.00000000	    154.68406580	     65.25058342	     96.32882341	     63.36704530	      0.00000000	      0.00000000	      0.00000000	      0.00000000	     -0.12596138	     -5.77440538	    -11.17133671	    -10.86774277	     -5.03170243	     -1.85837903	      0.00000000	     -3.17123912	      2.60307937	      0.00000000	     -1.51024327	     -8.20572836	    -11.45838896	    -11.72655862	     14.89690267	     -3.49099443	      0.00000000	      5.80617143	      7.78634776	      0.00000000
     13.40000000	      3.09016623	     -1.55367827	    121.58952447	      0.02038462	      0.28765422	      1.80964053	      1.36248862	     -1.88002411	     -8.65694535	      5.22317215	      6.22527757	    -12.04880705	     -0.02275444	     -0.01892939	     -0.02790686	      0.00000000	      0.00000000	      0.00000000	      0.01197874	      0.08910129	     -0.01489041	      0.00000000	      0.00000000	      0.00000000	      0.03383829	      0.01381855	      0.00628109	     18.97277706	    138.79330006	    108.14428486	      6.24989164	      0.00000000	      0.00000000	      0.00000000	      0.00000000	    156.36358792	     64.20977020	     96.32846367	     59.74236024	      0.00000000	      0.00000000	      0.00000000	      0.00000000	      2.01415461	     -5.55815244	     -5.27775649	    -10.00208876	     -9.59832022	     -1.62276603	      0.00000000	     -3.14552536	      2.89589862	      0.00000000	      0.04808801	     -8.25830185	    -10.34376984	    -10.68989352	     14.89690267	     -2.32282759	      0.00000000	      5.12618242	      4.37084602	      0.00000000
     13.43333333	      4.18644290	     -3.61223023	    120.44340506	      0.02272922	      0.28761105	      1.81429381	      3.78955472	     -1.60685868	     -7.31117832	      5.60606563	      6.02820314	    -11.69865077	     -0.02170839	     -0.01757095	     -0.03130577	      0.00000000	      0.00000000	      0.00000000	      0.00695959	      0.08405733	     -0.02189461	      0.00000000	      0.00000000	      0.00000000	      0.03088224	      0.02346632	      0.00647319	     19.94029857	    140.09793952	    118.34303667	     10.49726142	      0.00000000	      0.00000000	      0.00000000	      0.00000000	    156.19596388	     66.69092943	    100.09976922	     57.74025076	      0.00000000	      0.00000000	      0.00000000	      0.00000000	      4.40510641	     -5.35696203	     -3.20166500	     -8.95533447	    -12.38316546	     -2.22739790	      0.00000000	     -2.77209237	      6.88745245	      0.00000000	      1.88453449	     -8.31423894	    -11.43000533	     -9.55909379	     14.89690267	     -1.77032067	      0.00000000	      4.76986702	      4.59766526	      0.00000000
     13.46666667	      5.26258956	     -5.19303771	    119.61826265	      0.02388800	      0.28747620	      1.81801507	      5.97217446	     -1.03949320	     -6.61503122	      4.43782746	      5.08907523	    -10.42763925	     -0.02346633	     -0.01512474	     -0.02952970	      0.00000000	      0.00000000	      0.00000000	      0.00475856	      0.08303922	     -0.02324096	      0.00000000	      0.00000000	      0.00000000	      0.02589047	      0.03062250	      0.00582176	     17.05010869	    139.08482976	    116.55324553	      9.16631271	      0.00000000	      0.00000000	      0.00000000	      0.00000000	    158.60143208	     69.11401381	    106.57531452	     54.91450552	      0.00000000	      0.00000000	      0.00000000	      0.00000000	      6.02614424	     -4.96889379	     -2.31204826	     -7.58615225	    -12.87373481	     -2.75517969	      0.00000000	     -3.06561627	      8.20953966	      0.00000000	      3.09342928	     -8.36682128	    -12.40158851	     -8.05783873	     14.89690267	     -1.50945666	      0.00000000	      4.34874779	      4.64516051	      0.00000000
     13.50000000	      6.15370062	     -6.44078511	    119.51384056	      0.02525419	      0.28662722	      1.82127345	      7.72056645	     -0.93123289	     -6.01280359	      2.53733889	      4.61752259	    -11.19150340	     -0.02786310	     -0.01236795	     -0.02726080	      0.00000000	      0.00000000	      0.00000000	      0.00015798	      0.08526281	     -0.02223407	      0.00000000	      0.00000000	      0.00000000	      0.02485442	      0.02920572	      0.00318728	     14.70280954	    136.47076192	    101.42216602	      5.92050646	      0.00000000	      0.00000000	      0.00000000	      0.00000000	    167.13074758	     69.00978221	    114.19257352	     50.17502482	      0.00000000	      0.00000000	      0.00000000	      0.00000000	      7.16231747	     -4.75997094	     -3.27243593	     -6.41041657	    -11.58055671	     -2.97488500	      0.00000000	     -3.86713181	      7.59546055	      0.00000000	      4.08705793	     -8.42091085	    -12.92580418	     -6.63805802	     14.89690267	     -1.12700810	      0.00000000	      4.21936630	      4.69946105	      0.00000000
     13.53333333	      6.49512782	     -6.71982617	    119.70921694	      0.02593298	      0.28432369	      1.82348392	      8.33075747	     -1.04309600	     -6.15980512	      0.98534177	      4.07314545	    -12.15419228	     -0.03200853	     -0.01103167	     -0.02297988	      0.00000000	      0.00000000	      0.00000000	     -0.00320035	      0.08611261	     -0.01974633	      0.00000000	      0.00000000	      0.00000000	      0.02598976	      0.02390498	      0.00240534	     13.96693850	    134.27832194	     86.03741804	      5.77185674	      0.00000000	      0.00000000	      0.00000000	      0.00000000	    170.80040485	     66.64796054	    112.23859186	     46.25653819	      0.00000000	      0.00000000	      0.00000000	      0.00000000	      6.82380692	     -4.70572405	     -5.92017198	     -4.96002353	     -8.24133977	     -2.97330331	      0.00000000	     -4.23171517	      5.65475476	      0.00000000	      3.82979655	     -8.32155335	    -13.20990470	     -5.18154118	     14.89690267	     -0.97917867	      0.00000000	      4.66020526	      4.41641469	      0.00000000
     13.56666667	      6.55017537	     -6.56342327	    120.05256409	      0.02607498	      0.28079487	      1.82578521	      8.41881505	     -1.22028842	     -7.12825163	      0.05245358	      3.60886624	    -12.59872015	     -0.03476022	     -0.01098529	     -0.01895520	      0.00000000	      0.00000000	      0.00000000	     -0.00339842	      0.08534986	     -0.02050780	      0.00000000	      0.00000000	      0.00000000	      0.02683251	      0.02113467	      0.00439882	     18.04034814	    134.25643127	     97.38023021	     10.37680910	      0.00000000	      0.00000000	      0.00000000	      0.00000000	    168.26199801	     64.87369458	    105.20066299	     45.40819462	      0.00000000	      0.00000000	      0.00000000	      0.00000000	      5.96618847	     -4.97152776	     -7.65878789	     -3.59201884	     -7.54753846	     -2.22819551	      0.00000000	     -3.79546846	      5.39511616	      0.00000000	      3.09492116	     -8.04864586	    -14.00077344	     -3.88906085	     14.89690267	     -1.39262221	      0.00000000	      5.83027810	      5.59300628	      0.00000000
     13.60000000	      6.12310440	     -5.92785451	    120.45997907	      0.02728341	      0.27680735	      1.82780386	      7.74692661	     -2.01001642	     -7.42581552	     -0.29802326	      3.35097352	    -13.13234062	     -0.03549356	     -0.01137915	     -0.01329447	      0.00000000	      0.00000000	      0.00000000	      0.00280746	      0.07829980	     -0.01992387	      0.00000000	      0.00000000	      0.00000000	      0.02885069	      0.02218249	      0.01059810	     24.19975174	    138.13283774	    116.25355852	     18.20837135	      0.00000000	      0.00000000	      0.00000000	      0.00000000	    165.72897617	     64.22511735	    100.94678405	     46.02729440	      0.00000000	      0.00000000	      0.00000000	      0.00000000	      4.52804505	     -5.45047492	     -8.67481467	     -2.46398975	     -7.88585998	     -1.23275417	      0.00000000	     -2.46707150	      5.77982975	      0.00000000	      1.94727001	     -7.79535518	    -15.20989508	     -3.01757624	     14.72981755	     -1.79092460	      0.00000000	      7.43710633	      7.82345074	      0.00000000
     13.63333333	      5.72829597	     -5.05693905	    120.26412070	      0.02815772	      0.27363974	      1.83013897	      7.00554558	     -2.12903469	     -6.27416626	      0.00848196	      3.08507319	    -14.47613961	     -0.03189748	     -0.01253125	     -0.01478436	      0.00000000	      0.00000000	      0.00000000	      0.00553949	      0.07246383	     -0.01723334	      0.00000000	      0.00000000	      0.00000000	      0.03203964	      0.02484884	      0.01604468	     26.32153497	    140.93640861	    124.69042140	     21.02658741	      0.00000000	      0.00000000	      0.00000000	      0.00000000	    163.68790782	     65.26386309	    100.36767881	     48.21412084	      0.00000000	      0.00000000	      0.00000000	      0.00000000	      3.36160897	     -5.71360203	     -8.49475031	     -2.06655468	     -7.97735578	     -0.45922433	      0.00000000	     -1.02680604	      6.03737459	      0.00000000	      0.25514510	     -7.70618718	    -16.62506731	     -1.56981606	     14.82461603	     -1.96626237	      0.00000000	      7.72954858	      9.15309636	      0.00000000
     13.66666667	      5.93293946	     -4.57365146	    120.70213870	      0.02994617	      0.27156448	      1.83232798	      7.03261636	     -2.17081023	     -5.94205230	      0.40046394	      2.98081735	    -14.12596316	     -0.02561755	     -0.01390267	     -0.01424050	      0.00000000	      0.00000000	      0.00000000	      0.00409140	      0.07030965	     -0.02216914	      0.00000000	      0.00000000	      0.00000000	      0.03498308	      0.02387287	      0.01801453	     28.30339789	    140.86083562	    125.25546811	     18.87204090	      0.00000000	      0.00000000	      0.00000000	      0.00000000	    164.34008830	     65.67963937	     99.14609566	     49.11857953	      0.00000000	      0.00000000	      0.00000000	      0.00000000	      2.94917997	     -5.37918593	     -8.28061123	     -2.01467708	     -7.97739795	     -0.25291995	      0.00000000	      0.13274052	      5.75211697	      0.00000000	     -0.32462089	     -8.07209901	    -16.64562044	     -0.70124324	     14.89690267	     -1.93100661	      0.00000000	      7.68874284	      9.45157986	      0.00000000
     13.70000000	      5.15879811	     -2.52842929	    120.57601724	      0.03028640	      0.27038862	      1.83265583	      5.18663449	     -2.02810998	     -4.99890910	      0.76498611	      2.99089763	    -14.17144654	     -0.01826507	     -0.01460804	     -0.01573662	      0.00000000	      0.00000000	      0.00000000	      0.00209137	      0.06865136	     -0.03120313	      0.00000000	      0.00000000	      0.00000000	      0.03718199	      0.02569121	      0.02043719	     28.91949855	    139.91601757	    124.75414701	     12.51566333	      0.00000000	      0.00000000	      0.00000000	      0.00000000	    162.60661159	     67.23127624	     95.77143961	     52.56977525	      0.00000000	      0.00000000	      0.00000000	      0.00000000	      0.33547878	     -4.94039697	     -6.95763198	     -1.43455041	     -7.50965290	     -0.30135992	      0.00000000	     -0.23711861	      4.25399257	      0.00000000	     -3.34221669	     -8.25897103	    -17.13994653	      0.73990079	     14.89690267	     -1.83287880	      0.00000000	      7.23249663	      9.92417128	      0.00000000
     13.73333333	      4.42180888	     -0.76113011	    121.31823935	      0.02961272	      0.26990797	      1.83307871	      3.49575637	     -1.80654680	     -6.85240696	      0.98711997	      2.29164320	    -10.92722255	     -0.01297223	     -0.01571946	     -0.01203917	      0.00000000	      0.00000000	      0.00000000	      0.00617159	      0.06887302	     -0.03661569	      0.00000000	      0.00000000	      0.00000000	      0.03083342	      0.02008548	      0.02387377	     27.63189375	    137.50744142	    117.99457662	      7.06984688	      0.00000000	      0.00000000	      0.00000000	      0.00000000	    153.03666366	     66.89917290	     84.31674485	     56.23300166	      0.00000000	      0.00000000	      0.00000000	      0.00000000	     -2.19576342	     -4.54629657	     -6.96094724	     -0.69679270	     -6.23644132	     -0.55531749	      0.00000000	     -1.65487968	      1.85650557	      0.00000000	     -5.42950580	     -8.47556957	    -16.43960012	      1.24344431	     14.89690267	     -1.64840418	      0.00000000	      7.22205643	      9.94338567	      0.00000000
     13.76666667	      4.61179367	     -0.76890093	    122.79940426	      0.02888019	      0.26989014	      1.83357558	      3.99243047	     -1.64709869	     -8.72046274	      0.38824053	      1.66258335	    -10.58708201	     -0.01000358	     -0.01582161	     -0.01216679	      0.00000000	      0.00000000	      0.00000000	      0.01205541	      0.06642349	     -0.03264509	      0.00000000	      0.00000000	      0.00000000	      0.02162575	      0.00857377	      0.02810353	     26.41243247	    136.90535955	    121.51441959	      4.45669451	      0.00000000	      0.00000000	      0.00000000	      0.00000000	    142.29583732	     66.57420229	     74.38006445	     59.63967518	      0.00000000	      0.00000000	      0.00000000	      0.00000000	     -2.57708888	     -4.33848346	     -9.11988289	     -0.20106299	     -6.24515898	     -0.68610018	      0.00000000	     -2.39131678	      3.18070692	      0.00000000	     -4.78051108	     -8.68680877	    -14.91058366	      0.85353586	     14.89690267	     -1.65824660	      0.00000000	      8.02384525	     10.07418224	      0.00000000
     13.80000000	      4.66856289	     -0.35729104	    123.86312627	      0.02743343	      0.26998969	      1.83346625	      3.97546817	     -1.18567647	    -10.01508398	     -0.67877344	      0.65649068	    -11.07463473	     -0.01010959	     -0.01481357	     -0.01229279	      0.00000000	      0.00000000	      0.00000000	      0.01725355	      0.06779563	     -0.02594965	      0.00000000	      0.00000000	      0.00000000	      0.01141006	     -0.00189936	      0.03607005	     27.51662219	    137.11827483	    122.48061209	      7.15013776	      0.00000000	      0.00000000	      0.00000000	      0.00000000	    127.44929654	     65.50368948	     62.65745754	     64.73094623	      0.00000000	      0.00000000	      0.00000000	      0.00000000	     -3.23693760	     -4.20205038	    -11.08022676	     -0.01966297	     -6.07284566	     -0.37061803	      0.00000000	     -2.87341540	      3.39465861	      0.00000000	     -4.75158687	     -8.99688159	    -14.25460293	      0.62422907	     14.89690267	     -1.61660232	      0.00000000	      8.84346356	     10.33707592	      0.00000000
     13.83333333	      5.26137963	     -0.48302637	    124.55990107	      0.02640767	      0.27035066	      1.83415679	      4.57737497	     -0.57471999	    -11.07323959	     -1.95216819	     -1.66981563	    -11.57948304	     -0.01233000	     -0.01336425	     -0.00742701	      0.00000000	      0.00000000	      0.00000000	      0.01747675	      0.07113602	     -0.00999977	      0.00000000	      0.00000000	      0.00000000	      0.00396867	     -0.01066077	      0.03938734	     26.55586575	    135.51373833	    114.60665151	      7.40785902	      0.00000000	      0.00000000	      0.00000000	      0.00000000	    113.25925247	     63.60720736	     51.02072147	     70.85565687	      0.00000000	      0.00000000	      0.00000000	      0.00000000	     -2.92186059	     -3.97689018	    -12.27517767	     -0.07613860	     -4.78783118	     -0.04117253	      0.00000000	     -3.22409587	      1.78147357	      0.00000000	     -3.85136028	     -9.46928263	    -13.45389117	      0.10896996	     14.89690267	     -1.62667834	      0.00000000	      9.09142656	      9.89556356	      0.00000000
     13.86666667	      5.97712443	     -0.61822977	    124.86899119	      0.02711880	      0.27059918	      1.83575794	      4.91140791	     -0.25842945	    -10.57982954	     -2.89943996	     -2.41874302	    -14.21490837	     -0.01362361	     -0.01117639	     -0.00741171	      0.00000000	      0.00000000	      0.00000000	      0.00782839	      0.07427330	      0.01591101	      0.00000000	      0.00000000	      0.00000000	      0.00257046	     -0.01863031	      0.03215956	     23.00614918	    132.06188087	     84.67401908	      4.64351378	      0.00000000	      0.00000000	      0.00000000	      0.00000000	    103.38611483	     63.42626398	     41.92140456	     76.78072363	      0.00000000	      0.00000000	      0.00000000	      0.00000000	     -2.16311960	     -3.46765807	    -12.62553181	     -0.47361297	     -2.80236866	     -0.10115723	      0.00000000	     -3.81724908	     -1.34554782	      0.00000000	     -2.90083960	    -10.09942042	    -11.86346247	     -0.40769238	     14.89690267	     -1.58544737	      0.00000000	      8.86774187	      8.07849718	      0.00000000
     13.90000000	      6.16752040	     -0.44608920	    124.00630321	      0.02831073	      0.27033179	      1.83811032	      4.40300209	     -0.38645050	     -8.69144774	     -3.24297084	     -2.66657390	    -16.59605947	     -0.01350050	     -0.00884683	     -0.00677474	      0.00000000	      0.00000000	      0.00000000	      0.00591180	      0.06509292	      0.04038361	      0.00000000	      0.00000000	      0.00000000	     -0.00481275	     -0.02899411	      0.02165096	     15.38570267	    132.92637792	     36.38490721	      0.00000000	      0.00000000	      0.00000000	      0.00000000	      0.00000000	     95.68201886	     64.04923186	     33.35347218	     80.03354084	      0.00000000	      0.00000000	      0.00000000	      0.00000000	     -1.51705683	     -3.12277914	    -10.83066615	     -1.29269022	     -2.83464015	     -0.47606249	      0.00000000	     -3.89479441	     -2.75435532	      0.00000000	     -3.05994882	    -10.45040896	    -10.97791341	     -0.41905924	     14.89690267	     -1.34400893	      0.00000000	      8.33398919	      5.99447661	      0.00000000
     13.93333333	      6.13542521	     -0.02222744	    122.82642669	      0.02869622	      0.26929356	      1.83970647	      3.98983713	     -0.70746524	     -6.19045676	     -3.95888066	     -3.22005441	    -18.32452687	     -0.01044397	     -0.00606979	     -0.00281492	      0.00000000	      0.00000000	      0.00000000	      0.00418122	      0.06035166	      0.04273394	      0.00000000	      0.00000000	      0.00000000	     -0.02441985	     -0.02794984	      0.01985035	     16.74669871	    134.23515530	     12.64878723	      0.00000000	      0.00000000	      0.00000000	      0.00000000	      0.00000000	     77.49636177	     63.75937393	     16.11864959	     82.21078697	      0.00000000	      0.00000000	      0.00000000	      0.00000000	     -1.27139827	     -2.79169569	     -7.97694968	     -1.98926412	     -4.24498282	     -0.83939878	      0.00000000	     -3.76023106	     -3.13179806	      0.00000000	     -3.86708782	    -10.76956485	    -10.80253295	     -0.15022767	     14.89690267	     -0.89548034	      0.00000000	      8.43951704	      4.40854766	      0.00000000
     13.96666667	      4.66895381	      2.40759890	    121.84080918	      0.02668505	      0.26776898	      1.84026786	      0.93329393	     -0.92860751	     -4.67373709	     -3.82452435	     -3.89482826	    -18.36235365	     -0.00726246	     -0.00405763	      0.00203344	      0.00000000	      0.00000000	      0.00000000	      0.00885117	      0.07375113	     -0.00587978	      0.00000000	      0.00000000	      0.00000000	     -0.05365585	     -0.01570169	      0.02983541	     37.79430189	    142.00460543	    144.64506315	      8.95914663	      0.00000000	      0.00000000	      0.00000000	      0.00000000	     55.42904990	     56.58346885	     -2.32439841	     84.69937093	      0.00000000	      0.00000000	      0.00000000	      0.00000000	     -4.08190967	     -2.81227626	     -4.95564667	     -1.98555785	     -7.62769865	     -0.87025792	      0.00000000	     -2.93046431	     -0.85019907	      0.00000000	     -7.57259522	    -10.76428692	    -11.21509834	      0.64794873	     14.89690267	     -0.45256934	      0.00000000	      8.68172986	      3.67435001	      0.00000000
     14.00000000	      3.35061533	      4.19431405	    121.69057865	      0.02188540	      0.26584059	      1.84013815	     -0.91088977	     -0.92938295	     -4.45962554	     -4.50195594	     -5.45650744	    -17.78950811	     -0.00498391	     -0.00212662	      0.00723684	      0.00000000	      0.00000000	      0.00000000	      0.01123456	      0.07272156	     -0.01075364	      0.00000000	      0.00000000	      0.00000000	     -0.05782834	      0.00284310	      0.03809067	     39.56609650	    141.44630219	    144.86444608	      5.20864930	      0.00000000	      0.00000000	      0.00000000	      0.00000000	     38.69387828	     40.89147855	    -13.52623689	     91.05911218	      0.00000000	      0.00000000	      0.00000000	      0.00000000	     -6.63715885	     -3.28855849	     -5.50936201	     -1.72369496	     -6.74750981	     -0.78126887	      0.00000000	     -2.15609106	     -0.15130129	      0.00000000	    -10.30570291	    -10.27313904	    -11.79529112	      1.03244812	     14.89690267	     -0.55137491	      0.00000000	      9.62693311	      4.72140207	      0.00000000
     14.03333333	      0.88569318	      7.32723924	    122.08975079	      0.01433998	      0.26404065	      1.83829977	     -4.50602271	     -0.76522681	     -4.80121422	     -4.48931106	     -6.36290497	    -18.07606492	     -0.00189022	     -0.00112417	      0.00683626	      0.00000000	      0.00000000	      0.00000000	      0.00743570	      0.07339762	     -0.00917636	      0.00000000	      0.00000000	      0.00000000	     -0.03805873	     -0.00007881	      0.03205573	     40.83183885	    139.71554035	    123.02119388	      2.48594987	      0.00000000	      0.00000000	      0.00000000	      0.00000000	     31.75404110	     25.84208475	    -17.80568196	     95.35507955	      0.00000000	      0.00000000	      0.00000000	      0.00000000	    -11.65735020	     -4.06312345	     -8.57829188	     -0.72556893	     -5.11956547	     -0.62992422	      0.00000000	     -1.48739788	      2.78487218	      0.00000000	    -14.99802421	     -9.24790417	    -13.33754143	      1.69918972	     14.89690267	     -1.11497194	      0.00000000	     10.04794427	      7.28164328	      0.00000000
     14.06666667	     -0.85685506	      8.68225821	    123.45792390	      0.00610812	      0.26258373	      1.83643870	     -5.86337909	     -0.60930009	     -6.75324533	     -5.76213559	     -7.29199651	    -18.24620681	     -0.00264080	      0.00056240	      0.00465674	      0.00000000	      0.00000000	      0.00000000	      0.00188448	      0.07074871	      0.00261092	      0.00000000	      0.00000000	      0.00000000	     -0.02078312	     -0.01821843	      0.01796140	     38.82679467	    136.73681522	     73.11631787	      3.71396357	      0.00000000	      0.00000000	      0.00000000	      0.00000000	     29.65898593	     15.81636716	    -21.36371193	     92.29989504	      0.00000000	      0.00000000	      0.00000000	      0.00000000	    -14.89024010	     -4.83634563	    -12.26852892	      0.07934975	     -3.90578783	     -0.51672698	      0.00000000	     -1.00783772	      4.62964627	      0.00000000	    -17.21842738	     -8.20206933	    -12.17832665	      1.88268126	     14.89690267	     -1.74449931	      0.00000000	      9.70218757	      7.31277139	      0.00000000
     14.10000000	     -2.35912963	      9.26089919	    124.97360571	     -0.00088003	      0.26142742	      1.83444664	     -6.59417340	     -0.89948685	     -8.74022098	     -7.11693431	     -7.25058125	    -19.24157655	     -0.00477948	      0.00199511	      0.00023812	      0.00000000	      0.00000000	      0.00000000	      0.00141923	      0.05940955	      0.01672737	      0.00000000	      0.00000000	      0.00000000	     -0.01644304	     -0.02722423	      0.00952174	     32.68270215	    137.75346636	     26.35574873	      1.89567123	      0.00000000	      0.00000000	      0.00000000	      0.00000000	     28.98489424	      9.82024182	    -27.77677076	     81.24594968	      0.00000000	      0.00000000	      0.00000000	      0.00000000	    -17.42595633	     -5.54113998	    -16.54604635	      1.09203394	     -3.27194709	     -0.44573745	      0.00000000	     -0.82002103	      6.83629420	      0.00000000	    -18.35584098	     -7.24279811	    -11.31708920	      1.63450216	     14.89690267	     -2.13148289	      0.00000000	      9.80574192	      8.29631112	      0.00000000
     14.13333333	     -3.04811491	      8.85303695	    125.59452371	     -0.00520441	      0.26074395	      1.83270210	     -6.20439710	     -1.55800095	     -9.61229331	     -8.63604302	     -6.94337656	    -21.31871441	     -0.00667779	      0.00299633	     -0.00393105	      0.00000000	      0.00000000	      0.00000000	      0.00389265	      0.05298715	      0.01742088	      0.00000000	      0.00000000	      0.00000000	     -0.01984223	     -0.02671790	      0.01037044	     32.34887642	    140.54591197	      8.73481233	      0.00000000	      0.00000000	      0.00000000	      0.00000000	      0.00000000	     27.25837290	      4.41900933	    -35.40421163	     66.91549148	      0.00000000	      0.00000000	      0.00000000	      0.00000000	    -18.20182250	     -6.20891341	    -18.17467028	      1.85678319	     -3.21993743	     -0.38520630	      0.00000000	     -0.81492165	      6.65006259	      0.00000000	    -18.21620404	     -6.43315204	    -10.47278256	      1.18251891	     14.89690267	     -2.19902458	      0.00000000	      9.88505377	      8.28598538	      0.00000000
     14.16666667	     -3.34792019	      8.59903924	    125.67128508	     -0.00762322	      0.26038843	      1.83197746	     -6.16858422	     -2.00782968	    -10.43750604	    -10.10195259	     -7.34768780	    -21.85591035	     -0.01116714	      0.00455916	     -0.00340318	      0.00000000	      0.00000000	      0.00000000	      0.00700886	      0.05190257	      0.01348901	      0.00000000	      0.00000000	      0.00000000	     -0.02553144	     -0.02814728	      0.01092500	     34.01235605	    141.33071431	     11.36675032	      0.00000000	      0.00000000	      0.00000000	      0.00000000	      0.00000000	     24.00192015	     -2.91434120	    -38.62879157	     54.00766851	      0.00000000	      0.00000000	      0.00000000	      0.00000000	    -18.41807681	     -6.78002652	    -18.12465747	      2.18143212	     -3.45698596	     -0.06033250	      0.00000000	     -0.78045502	      5.93869307	      0.00000000	    -18.06295528	     -5.82027362	    -10.32899928	      0.73236174	     14.89690267	     -2.48840281	      0.00000000	     10.18965039	      8.24021072	      0.00000000
     14.20000000	     -2.81537783	      7.66727684	    124.79848350	     -0.00749560	      0.26064466	      1.83135937	     -5.01483456	     -2.58016016	     -9.07318251	    -11.04954566	     -7.30596031	    -24.10306359	     -0.01070323	      0.00338033	     -0.00410036	      0.00000000	      0.00000000	      0.00000000	     -0.00263494	      0.06670765	      0.00074571	      0.00000000	      0.00000000	      0.00000000	     -0.02558009	     -0.03384340	      0.00846613	     44.93428210	    141.57695730	     96.86955032	      0.00000000	      0.00000000	      0.00000000	      0.00000000	      0.00000000	     22.70420322	     -8.04726860	    -42.51206566	     38.86547483	      0.00000000	      0.00000000	      0.00000000	      0.00000000	    -17.10910615	     -7.19688639	    -14.98225934	      2.21152345	     -3.18530688	      0.09363115	      0.00000000	     -1.54126465	      1.81676630	      0.00000000	    -16.87796173	     -5.60808024	    -10.08575904	      0.08052796	     14.89690267	     -2.44617249	      0.00000000	     10.55448261	      7.08995710	      0.00000000
     14.23333333	     -2.20276253	      7.69909189	    123.81317112	     -0.00691078	      0.26139104	      1.83112902	     -4.90660412	     -2.40212519	     -7.64578240	    -11.74993791	     -7.43655726	    -24.86951555	     -0.01193507	      0.00259036	     -0.00323334	      0.00000000	      0.00000000	      0.00000000	     -0.00237425	      0.06621811	     -0.00525660	      0.00000000	      0.00000000	      0.00000000	     -0.03038426	     -0.03842338	     -0.00171906	     48.25241926	    145.10839057	    125.64660191	      1.92247079	      0.00000000	      0.00000000	      0.00000000	      0.00000000	     21.57104355	     -5.27469094	    -58.99463114	     14.28930858	      0.00000000	      0.00000000	      0.00000000	      0.00000000	    -16.19670377	     -6.93825230	    -12.12595436	      1.54933567	     -4.60159931	     -0.08760982	      0.00000000	     -1.68719808	      1.81217211	      0.00000000	    -16.54405390	     -5.87138582	    -10.85787224	     -0.42537007	     14.89690267	     -2.71260557	      0.00000000	     10.82497648	      6.67477484	      0.00000000
     14.26666667	     -1.72299770	      8.09066882	    123.15243092	     -0.00697121	      0.26198447	      1.83125946	     -5.27031513	     -1.97923424	     -7.32767587	    -11.96200412	     -7.82035510	    -24.32936513	     -0.01295699	      0.00181981	     -0.00147827	      0.00000000	      0.00000000	      0.00000000	     -0.00550603	      0.06379832	     -0.00267960	      0.00000000	      0.00000000	      0.00000000	     -0.01607927	     -0.04667625	     -0.02175575	     48.50781226	    145.96292046	    126.60109169	      4.53840857	      0.00000000	      0.00000000	      0.00000000	      0.00000000	     18.77601012	     -7.23218167	    -61.42998913	      0.00000000	      0.00000000	      0.00000000	      0.00000000	      0.00000000	    -15.74833112	     -6.56770152	    -11.14439389	      0.71581180	     -4.68355451	     -0.20890322	      0.00000000	     -1.46943554	      1.84035860	      0.00000000	    -16.51208242	     -6.38260179	    -11.74687658	     -0.96915755	     14.89690267	     -2.60954618	      0.00000000	     11.27764829	      6.11685117	      0.00000000
     14.30000000	     -0.69819539	      8.11992532	    121.21550875	     -0.00723519	      0.26314456	      1.83345368	     -5.20660329	     -0.84048739	     -4.41918374	    -11.97258504	     -8.81495292	    -24.56936974	     -0.01533780	      0.00007972	     -0.00025012	      0.00000000	      0.00000000	      0.00000000	     -0.01121762	      0.06505532	     -0.00940457	      0.00000000	      0.00000000	      0.00000000	     -0.04644032	     -0.04574498	     -0.04182329	     49.91275851	    149.19030963	    130.04320950	      8.96566165	      0.00000000	      0.00000000	      0.00000000	      0.00000000	     16.19510417	      1.90112285	     92.98035822	      0.00000000	      0.00000000	      0.00000000	      0.00000000	      0.00000000	    -13.94245682	     -6.35167024	     -7.65166089	     -0.79403058	     -7.48366935	     -0.08212072	      0.00000000	     -1.61450394	      2.10968390	      0.00000000	    -16.08733462	     -6.70707213	    -14.59914236	     -1.39480949	     14.83778338	     -2.65502828	      0.00000000	     11.37649109	      7.24163912	      0.00000000
     14.33333333	     -0.47586393	      8.60929423	    120.58878210	     -0.00843319	      0.26370927	      1.83586146	     -6.09637085	     -0.09914601	     -3.65749011	    -11.56766782	     -9.35894968	    -24.64262540	     -0.01728481	     -0.00082299	     -0.00016269	      0.00000000	      0.00000000	      0.00000000	     -0.01298313	      0.06814364	     -0.01511162	      0.00000000	      0.00000000	      0.00000000	     -0.05034706	     -0.03702657	     -0.04258469	     51.49939448	    151.04697319	    127.65412070	     13.39490974	      0.00000000	      0.00000000	      0.00000000	      0.00000000	     14.44497017	      0.46409339	     91.01298839	      0.00000000	      0.00000000	      0.00000000	      0.00000000	      0.00000000	    -13.68077545	     -6.25975922	     -6.96551220	     -1.43863543	     -8.45829763	      0.02920221	      0.00000000	     -1.39539859	      3.04972453	      0.00000000	    -16.28900305	     -6.91418759	    -15.38260230	     -1.85701718	     14.89690267	     -2.58652365	      0.00000000	     11.48785943	      7.34250723	      0.00000000
     14.36666667	     -0.67899640	      8.63673400	    119.84661930	     -0.01014495	      0.26386574	      1.83837026	     -6.59902253	     -0.25941969	     -3.26740399	    -12.06017479	     -8.94231921	    -24.49054791	     -0.02086040	      0.00089257	      0.00009247	      0.00000000	      0.00000000	      0.00000000	     -0.00464331	      0.06951589	     -0.01899040	      0.00000000	      0.00000000	      0.00000000	     -0.06049600	     -0.02466198	     -0.04297609	     54.80185494	    153.82975403	    127.46132793	     20.87415708	      0.00000000	      0.00000000	      0.00000000	      0.00000000	     11.68834401	     -0.90027885	     90.01881808	      0.00000000	      0.00000000	      0.00000000	      0.00000000	      0.00000000	    -13.45195609	     -6.92310780	     -6.26730732	     -1.73696552	     -8.46179226	      0.36602458	      0.00000000	     -1.00874919	      3.78196052	      0.00000000	    -16.58687832	     -6.51318051	    -16.19811888	     -1.68231956	     14.89690267	     -2.31080663	      0.00000000	     11.28207122	      8.01026886	      0.00000000
     14.40000000	     -0.90109334	      8.44514020	    119.27649718	     -0.01162109	      0.26359917	      1.84083096	     -6.66612562	     -0.67770863	     -2.93654082	    -12.98461569	     -8.00941604	    -25.25665129	     -0.02346833	      0.00339515	     -0.00101387	      0.00000000	      0.00000000	      0.00000000	      0.01048131	      0.06933599	     -0.02022534	      0.00000000	      0.00000000	      0.00000000	     -0.06516943	     -0.01692021	     -0.04696596	     59.35481256	    157.60245173	    127.71702863	     30.93187637	      0.00000000	      0.00000000	      0.00000000	      0.00000000	      9.48807793	     -1.83208884	     91.55103357	      0.00000000	      0.00000000	      0.00000000	      0.00000000	      0.00000000	    -13.13823521	     -7.50783804	     -5.63412692	     -1.95442968	     -7.76409349	      0.29409915	      0.00000000	     -0.56829327	      4.39719502	      0.00000000	    -16.67085042	     -6.03884169	    -16.67821957	     -1.36406530	     14.89690267	     -2.18198447	      0.00000000	     11.17349630	      9.10321212	      0.00000000
     14.43333333	     -1.04955017	      8.01040644	    118.95088382	     -0.01291657	      0.26296600	      1.84325707	     -6.15141348	     -1.30774880	     -3.24803551	    -13.87274795	     -6.36682582	    -26.47607504	     -0.02295592	      0.00552668	     -0.00443935	      0.00000000	      0.00000000	      0.00000000	      0.02280444	      0.06620913	     -0.01353066	      0.00000000	      0.00000000	      0.00000000	     -0.02356101	     -0.03391143	     -0.00724894	     63.43847343	    158.39399550	    123.01568839	     39.40154412	      0.00000000	      0.00000000	      0.00000000	      0.00000000	     21.70192834	    -13.99152428	    273.89260742	     11.23059024	      0.00000000	      0.00000000	      0.00000000	      0.00000000	    -12.58076423	     -7.97853884	     -5.31291170	     -2.29047650	     -7.81020138	     -0.04643874	      0.00000000	      0.05241677	      5.69699208	      0.00000000	    -16.31451778	     -5.45913013	    -17.85079965	     -1.26082072	     14.89690267	     -2.46365087	      0.00000000	     11.47452576	     11.58262379	      0.00000000
     14.46666667	     -1.40999170	      7.66459118	    119.18839112	     -0.01433818	      0.26223423	      1.84546503	     -5.62132125	     -2.12045594	     -3.60777528	    -14.42543218	     -4.72670905	    -27.86642595	     -0.01996460	      0.00691180	     -0.00751384	      0.00000000	      0.00000000	      0.00000000	      0.02597048	      0.05976338	     -0.00107743	      0.00000000	      0.00000000	      0.00000000	     -0.01634187	     -0.03556408	     -0.00787848	     65.43594960	    156.71018029	    116.43205395	     44.12649957	      0.00000000	      0.00000000	      0.00000000	      0.00000000	     21.48281662	    -13.66736489	    275.04277747	     11.24799577	      0.00000000	      0.00000000	      0.00000000	      0.00000000	    -12.57639670	     -8.46062112	     -5.84114375	     -2.08959701	     -8.06182283	     -0.33072091	      0.00000000	      0.16499260	      6.19965349	      0.00000000	    -16.02631508	     -4.78387102	    -17.89781135	     -1.34121099	     14.89690267	     -2.74249467	      0.00000000	     11.60027803	     12.08360106	      0.00000000
     14.50000000	     -1.90578190	      7.64446861	    120.63855315	     -0.01677958	      0.26175703	      1.84839245	     -5.46468872	     -2.53282784	     -5.42436092	    -13.63967910	     -3.38389028	    -28.11077724	     -0.01347438	      0.00559988	     -0.01177371	      0.00000000	      0.00000000	      0.00000000	      0.02705862	      0.05113751	      0.01117786	      0.00000000	      0.00000000	      0.00000000	     -0.01040758	     -0.03647075	     -0.00707178	     63.85014035	    152.88357054	    109.40750487	     44.08855475	      0.00000000	      0.00000000	      0.00000000	      0.00000000	     20.78532355	    -12.75306318	    279.09429629	     10.20835906	      0.00000000	      0.00000000	      0.00000000	      0.00000000	    -13.29765145	     -8.91705382	     -7.68393755	     -1.74099682	     -9.28752743	     -0.06432823	      0.00000000	      0.13623193	      7.71731738	      0.00000000	    -15.84952724	     -4.19452963	    -17.58080235	     -1.57872927	     14.89690267	     -3.34600029	      0.00000000	     11.80668487	     13.28685968	      0.00000000
     14.53333333	     -2.86944076	      8.35166323	    122.59682040	     -0.01943576	      0.26124501	      1.85173575	     -6.41715287	     -2.81839805	     -7.00124278	    -12.87453619	     -2.80750785	    -27.54609139	     -0.00895197	      0.00547048	     -0.01324651	      0.00000000	      0.00000000	      0.00000000	      0.02766008	      0.04572054	      0.01748877	      0.00000000	      0.00000000	      0.00000000	     -0.00140515	     -0.03380741	     -0.00518865	     61.57855383	    149.16640936	    103.94276365	     42.25467145	      0.00000000	      0.00000000	      0.00000000	      0.00000000	     20.48903394	    -11.30192633	    285.09608943	      9.00910059	      0.00000000	      0.00000000	      0.00000000	      0.00000000	    -15.21350121	     -9.27386466	    -10.06919219	     -1.02860880	    -10.45076917	      0.36337626	      0.00000000	     -0.17510383	      9.15083959	      0.00000000	    -16.53938164	     -3.62381083	    -16.48121738	     -1.76455575	     14.89690267	     -4.02483548	      0.00000000	     12.21072200	     13.88059096	      0.00000000
     14.56666667	     -3.88508570	      8.94412119	    124.52440692	     -0.02183944	      0.26041652	      1.85545561	     -7.34007214	     -3.04787633	     -7.93407754	    -12.46938856	     -2.05815360	    -26.90299719	     -0.00468317	      0.00696586	     -0.01711666	      0.00000000	      0.00000000	      0.00000000	      0.02829897	      0.04836407	      0.01294282	      0.00000000	      0.00000000	      0.00000000	      0.01312692	     -0.02924903	     -0.00603365	     64.19660116	    145.44603793	    101.25957095	     45.75820908	      0.00000000	      0.00000000	      0.00000000	      0.00000000	     19.84491605	     -9.65347479	    288.89787154	      6.87346421	      0.00000000	      0.00000000	      0.00000000	      0.00000000	    -17.13816076	     -9.78889401	    -11.41997807	     -0.34234989	    -10.80356908	      1.04735167	      0.00000000	     -0.38574991	      8.79140651	      0.00000000	    -17.24651819	     -3.19174772	    -14.96714479	     -1.65138053	     14.89690267	     -4.36414901	      0.00000000	     12.45406901	     14.31673919	      0.00000000
     14.60000000	     -4.89669232	      9.57958774	    125.87003937	     -0.02286966	      0.25943323	      1.85968212	     -8.79175195	     -3.48717619	     -8.36455275	    -12.69451884	     -1.93924181	    -25.06878599	     -0.00593825	      0.01023882	     -0.01590219	      0.00000000	      0.00000000	      0.00000000	      0.02439071	      0.04790732	      0.00501107	      0.00000000	      0.00000000	      0.00000000	      0.02668212	     -0.02592010	     -0.00881217	     72.51673222	    141.88328535	    101.96428775	     56.49076078	      0.00000000	      0.00000000	      0.00000000	      0.00000000	     18.11474473	     -7.78362245	    292.39373948	      3.65327531	      0.00000000	      0.00000000	      0.00000000	      0.00000000	    -18.88518026	    -10.26941258	    -12.14451999	      0.33808707	    -10.58866890	      1.52924281	      0.00000000	     -1.21581821	      7.78815888	      0.00000000	    -18.02150174	     -2.86645990	    -14.10923499	     -1.41621026	     14.89690267	     -4.42041615	      0.00000000	     12.72389027	     14.36629188	      0.00000000
     14.63333333	     -5.78663766	     10.68725903	    126.12334462	     -0.02221288	      0.25822014	      1.86362398	    -10.90961289	     -3.97752523	     -7.92993964	    -12.58573966	     -1.52578066	    -24.08152630	     -0.00699961	      0.01279365	     -0.01568377	      0.00000000	      0.00000000	      0.00000000	      0.01021212	      0.03190654	     -0.00011509	      0.00000000	      0.00000000	      0.00000000	      0.03290268	     -0.02439874	     -0.01775949	     83.31170054	    139.97276820	    107.10271989	     70.30851389	      0.00000000	      0.00000000	      0.00000000	      0.00000000	     13.91564276	     -5.14187335	    306.67284482	      0.00000000	      0.00000000	      0.00000000	      0.00000000	      0.00000000	    -20.39039375	    -10.51013572	    -12.35418848	      0.63198331	     -8.39975924	      1.67135933	      0.00000000	     -1.77610074	      5.44918711	      0.00000000	    -19.29313235	     -2.76161809	    -13.94653549	     -1.20204904	     14.89690267	     -4.40319677	      0.00000000	     13.09842859	     14.19260639	      0.00000000
     14.66666667	     -5.79103131	     11.95177792	    125.07265388	     -0.02088529	      0.25699328	      1.86808546	    -13.00526133	     -3.88445101	     -7.51811321	    -12.05322361	     -2.00925594	    -20.29862924	     -0.01227408	      0.01355797	     -0.01019850	      0.00000000	      0.00000000	      0.00000000	     -0.01252656	     -0.00424416	     -0.00773647	      0.00000000	      0.00000000	      0.00000000	      0.02618589	     -0.02896169	     -0.01443138	     92.09517367	    140.28126442	    114.45956464	     82.27873506	      0.00000000	      0.00000000	      0.00000000	      0.00000000	     12.76622691	     -2.00660368	    306.52137164	      0.00000000	      0.00000000	      0.00000000	      0.00000000	      0.00000000	    -20.68979243	    -10.24127484	    -11.55134198	      0.18138689	     -7.92172036	      1.58283265	      0.00000000	     -1.41214530	      5.56349147	      0.00000000	    -20.10668770	     -2.99199048	    -14.44833093	     -1.63273340	     14.89690267	     -4.63769906	      0.00000000	     13.80969781	     13.67127321	      0.00000000
     14.70000000	     -5.87630521	     13.15011858	    123.47305209	     -0.01985471	      0.25620154	      1.86929625	    -14.56991620	     -4.75399069	     -6.50616329	    -11.63868494	     -1.78195791	    -18.26384354	     -0.01343381	      0.01250470	     -0.00503076	      0.00000000	      0.00000000	      0.00000000	     -0.03472561	     -0.03149423	     -0.02108570	      0.00000000	      0.00000000	      0.00000000	      0.01557794	     -0.02814537	     -0.01027363	    104.61485323	    144.81994897	    127.17006324	     93.93374166	      0.00000000	      0.00000000	      0.00000000	      0.00000000	     12.29274282	      2.25933547	    305.65352188	      0.00000000	      0.00000000	      0.00000000	      0.00000000	      0.00000000	    -21.26973015	     -9.80718896	    -10.61186474	      0.46747978	     -7.48379381	      0.88364115	      0.00000000	     -1.52783603	      5.48700816	      0.00000000	    -21.65938338	     -3.43296338	    -15.70156180	     -1.01222430	     14.89690267	     -3.48629059	      0.00000000	     13.42776415	     12.93269699	      0.00000000
     14.73333333	     -5.72026130	     14.25998295	    121.23041719	     -0.02041159	      0.25529218	      1.87134571	    -16.00747427	     -5.44441782	     -5.21674228	    -10.21151110	     -0.71237225	    -17.09295860	     -0.01410582	      0.00982980	     -0.00567745	      0.00000000	      0.00000000	      0.00000000	     -0.04228924	     -0.03523581	     -0.03196987	      0.00000000	      0.00000000	      0.00000000	      0.00527811	     -0.02410003	     -0.00254282	    119.62699166	    150.79949383	    142.68002903	    102.98960186	      0.00000000	      0.00000000	      0.00000000	      0.00000000	     13.87939115	      6.38488818	    303.92551385	      3.09600775	      0.00000000	      0.00000000	      0.00000000	      0.00000000	    -21.38985883	     -9.58956283	     -9.73933985	      0.54495303	     -6.78072030	      0.25086695	      0.00000000	     -1.50527072	      5.34091620	      0.00000000	    -23.05470427	     -3.41998596	    -16.50832831	     -0.61696163	     14.89690267	     -3.02152370	      0.00000000	     13.41598567	     12.18470978	      0.00000000
     14.76666667	     -5.68399166	     14.81844483	    119.46320117	     -0.02304841	      0.25452613	      1.87422244	    -16.91371845	     -6.25470765	     -4.27291615	     -8.16924517	      0.35525985	    -16.42025808	     -0.01300607	      0.00614044	     -0.00732244	      0.00000000	      0.00000000	      0.00000000	     -0.03219764	     -0.02254477	     -0.02650918	      0.00000000	      0.00000000	      0.00000000	     -0.00338232	     -0.01911258	      0.00580920	    137.30051378	    155.88915740	    159.04706581	    105.21272044	      0.00000000	      0.00000000	      0.00000000	      0.00000000	     16.14345345	      9.85068796	    303.48390824	      7.04921803	      0.00000000	      0.00000000	      0.00000000	      0.00000000	    -21.17475017	     -9.84218282	     -9.42538991	      0.50689889	     -6.01799411	     -0.25770579	      0.00000000	     -1.78762287	      5.50543968	      0.00000000	    -23.89539830	     -2.98130829	    -16.87169757	     -0.32210488	     14.89690267	     -2.77862963	      0.00000000	     13.48265465	     11.30065047	      0.00000000
     14.80000000	     -5.83365140	     14.95633336	    118.59034664	     -0.02797657	      0.25390819	      1.87809999	    -17.37954330	     -6.87782648	     -3.95804965	     -6.80423935	      0.66170485	    -16.19827720	     -0.01223526	      0.00426029	     -0.00784986	      0.00000000	      0.00000000	      0.00000000	     -0.01610578	     -0.01851267	     -0.01276863	      0.00000000	      0.00000000	      0.00000000	     -0.01244753	     -0.01570626	      0.01284266	    152.29660235	    159.90337783	    170.15200103	     98.02207928	      0.00000000	      0.00000000	      0.00000000	      0.00000000	     17.82058450	     12.58178081	    304.69436736	     10.82169786	      0.00000000	      0.00000000	      0.00000000	      0.00000000	    -20.80316691	    -10.48787281	     -9.55489134	      0.22534972	     -5.44583071	     -0.46688390	      0.00000000	     -2.24943958	      5.92923754	      0.00000000	    -24.26098531	     -2.27295538	    -16.94448636	     -0.12402079	     14.89690267	     -2.73725292	      0.00000000	     13.44765683	     10.44139700	      0.00000000
     14.83333333	     -6.42874275	     14.62215710	    119.27854551	     -0.03581775	      0.25290753	      1.88197676	    -17.45373290	     -7.24076175	     -5.43476049	     -6.36377402	      0.69996351	    -14.09181755	     -0.01255682	      0.00436187	     -0.00719033	      0.00000000	      0.00000000	      0.00000000	     -0.00324027	     -0.02044376	     -0.00981939	      0.00000000	      0.00000000	      0.00000000	     -0.01742744	     -0.01485535	      0.01733758	    160.97787689	    165.06460593	    175.10534604	     84.05184385	      0.00000000	      0.00000000	      0.00000000	      0.00000000	     19.04583389	     12.30654093	    313.62864050	     19.53021471	      0.00000000	      0.00000000	      0.00000000	      0.00000000	    -20.92066967	    -11.54916773	    -11.28624882	      0.13673559	     -4.68377688	     -0.20995252	      0.00000000	     -2.23557510	      6.13673008	      0.00000000	    -24.24607239	     -1.32538280	    -15.62565958	     -0.01626202	     14.89690267	     -2.67758859	      0.00000000	     13.44941541	      8.97850684	      0.00000000
     14.86666667	     -7.11512666	     14.73523505	    119.68976558	     -0.04406845	      0.25206411	      1.88552211	    -17.93587341	     -7.45403013	     -5.64836958	     -6.56175875	      0.65429363	    -13.90649678	     -0.01367195	      0.00616510	     -0.00735248	      0.00000000	      0.00000000	      0.00000000	     -0.00174003	     -0.01692382	     -0.01117564	      0.00000000	      0.00000000	      0.00000000	     -0.02432961	     -0.01681678	      0.01699539	    165.46893004	    170.18366104	    176.64942597	     63.75134175	      0.00000000	      0.00000000	      0.00000000	      0.00000000	     19.66912174	     14.35965033	    315.52249793	     26.90163921	      0.00000000	      0.00000000	      0.00000000	      0.00000000	    -21.02474006	    -12.58073365	    -11.35652079	     -0.85702602	     -4.32642992	     -0.02787209	      0.00000000	     -1.52337972	      5.54431089	      0.00000000	    -24.71974934	     -0.50494482	    -15.65903425	      0.08180422	     14.89690267	     -2.33654441	      0.00000000	     13.45248231	      9.25731172	      0.00000000
     14.90000000	     -8.35780878	     14.81652029	    120.27736765	     -0.05330784	      0.25126029	      1.88821263	    -18.61902925	     -8.04571416	     -6.03808952	     -6.55263629	      0.81822253	    -14.07866901	     -0.01321956	      0.00733894	     -0.00859705	      0.00000000	      0.00000000	      0.00000000	     -0.00212191	     -0.01366583	     -0.01012651	      0.00000000	      0.00000000	      0.00000000	     -0.02229415	     -0.01904689	      0.01225854	    168.18806589	    173.70390431	    179.29631472	     40.60354283	      0.00000000	      0.00000000	      0.00000000	      0.00000000	     19.61559849	     14.98322901	    318.35617134	     35.30634865	      0.00000000	      0.00000000	      0.00000000	      0.00000000	    -21.16030514	    -14.23171281	    -11.30900508	     -2.66068744	     -3.71001305	      0.33147641	      0.00000000	     -0.62121185	      4.46859278	      0.00000000	    -25.49686994	      0.55050197	    -15.76317111	      0.26631916	     14.89690267	     -1.67423062	      0.00000000	     13.25706159	     11.16758729	      0.00000000
     14.93333333	     -9.72738070	     15.10129049	    120.16624652	     -0.06248641	      0.25065822	      1.89009062	    -19.50753885	     -8.97745514	     -5.42980610	     -6.70413924	      1.23185185	    -14.79008772	     -0.01325846	      0.00850496	     -0.00893536	      0.00000000	      0.00000000	      0.00000000	      0.00004556	     -0.01786014	     -0.00134851	      0.00000000	      0.00000000	      0.00000000	     -0.01472128	     -0.01888954	      0.00881265	    171.78175788	    177.98377986	    182.06068399	     22.43218803	      0.00000000	      0.00000000	      0.00000000	      0.00000000	     19.40716609	     14.61149602	    319.62523990	     41.72347973	      0.00000000	      0.00000000	      0.00000000	      0.00000000	    -20.81197289	    -16.31898139	    -11.30124672	     -5.43756070	     -3.33849266	      1.06977211	      0.00000000	      0.23769156	      4.04038031	      0.00000000	    -26.50571281	      1.97423106	    -16.24836175	      0.21041623	     14.89690267	     -1.51718193	      0.00000000	     12.96107423	     13.41083014	      0.00000000
     14.96666667	    -10.56921382	     16.14664556	    119.51869181	     -0.07043017	      0.25052258	      1.89204955	    -21.13508497	     -9.25754415	     -4.62462340	     -5.57989303	      2.28875494	    -15.35617957	     -0.01205588	      0.00755775	     -0.01146655	      0.00000000	      0.00000000	      0.00000000	      0.00298858	     -0.02669377	      0.00674892	      0.00000000	      0.00000000	      0.00000000	     -0.00558033	     -0.01516082	      0.00535172	    175.24486955	    184.28872721	    185.72342504	     12.95470131	      0.00000000	      0.00000000	      0.00000000	      0.00000000	     18.49308591	     12.65051702	    321.41101115	     46.30483594	      0.00000000	      0.00000000	      0.00000000	      0.00000000	    -19.66314390	    -17.64321497	    -11.01011266	     -9.63464894	     -2.95709070	      1.43763593	      0.00000000	      0.72586646	      4.97966802	      0.00000000	    -27.72896903	      2.53189462	    -17.85564382	     -0.36340094	     14.89690267	     -1.21527057	      0.00000000	     13.49437490	     16.14014966	      0.00000000
     15.00000000	    -10.55632388	     18.18063388	    118.19860510	     -0.07717001	      0.25116150	      1.89460024	    -23.45481084	     -8.41608662	     -2.95588556	     -4.37254010	      3.20588918	    -15.53990064	     -0.01184050	      0.00660560	     -0.01523770	      0.00000000	      0.00000000	      0.00000000	      0.00313984	     -0.03462939	      0.00758234	      0.00000000	      0.00000000	      0.00000000	      0.00262008	     -0.01173976	      0.00222902	    176.86442448	    192.42323255	    189.90642378	     12.41615758	      0.00000000	      0.00000000	      0.00000000	      0.00000000	     17.50947111	     10.98146447	    321.43159188	     49.07162953	      0.00000000	      0.00000000	      0.00000000	      0.00000000	    -17.53545881	    -17.38286232	    -10.65374423	    -15.33823370	     -3.66097938	      0.75369835	      0.00000000	      0.53718642	      6.36620041	      0.00000000	    -29.31082982	      2.11803185	    -19.52603438	     -1.32532076	     14.89690267	     -0.87543292	      0.00000000	     14.50048518	     16.84336477	      0.00000000
     15.03333333	     -9.14162189	     20.96762141	    116.52282605	     -0.08151178	      0.25278278	      1.89803439	    -26.39246635	     -6.32122043	     -1.29669814	     -2.67334510	      3.63763591	    -14.61932586	     -0.01288407	      0.00463714	     -0.01679482	      0.00000000	      0.00000000	      0.00000000	     -0.00214610	     -0.03801410	      0.00373657	      0.00000000	      0.00000000	      0.00000000	      0.00501413	     -0.00971782	     -0.00038518	    176.26512944	    199.43597138	    194.52947837	     17.10829755	      0.00000000	      0.00000000	      0.00000000	      0.00000000	     17.40848844	     10.88857749	    319.91638925	     50.56103432	      0.00000000	      0.00000000	      0.00000000	      0.00000000	    -14.39629329	    -14.48783745	     -9.93585398	    -22.04036022	     -5.32912294	     -1.70385877	      0.00000000	     -0.66014043	      6.47305413	      0.00000000	    -30.78408244	     -0.09331232	    -21.48298053	     -2.73879726	     14.89690267	      0.07118440	      0.00000000	     15.68357087	     16.58121564	      0.00000000
     15.06666667	     -6.24836016	     23.73621053	    112.80413827	     -0.08478721	      0.25400714	      1.90143652	    -28.85519480	     -3.79122607	      1.30787971	     -1.83565575	      3.05496385	    -12.63397488	     -0.01552487	      0.00424898	     -0.01753310	      0.00000000	      0.00000000	      0.00000000	     -0.00765915	     -0.03307665	     -0.00125130	      0.00000000	      0.00000000	      0.00000000	      0.00340105	     -0.00974355	     -0.00419035	    173.40465827	    203.95127041	    200.80847982	     22.57599758	      0.00000000	      0.00000000	      0.00000000	      0.00000000	     17.95517743	     10.89745505	    318.80704650	     52.54176344	      0.00000000	      0.00000000	      0.00000000	      0.00000000	     -9.85926898	     -9.57418099	     -5.61312564	    -29.09622822	     -9.44985841	     -4.55290891	      0.00000000	     -2.79468259	      4.11646340	      0.00000000	    -32.42374727	     -2.84019056	    -25.61623166	     -3.52320419	     14.89690267	      1.86764185	      0.00000000	     16.61527035	     16.47154121	      0.00000000
     15.10000000	     -3.66229058	     25.15031376	    110.05143379	     -0.08805159	      0.25495206	      1.90385898	    -30.31967610	     -2.18008802	      2.65124047	     -0.91044986	      2.22414481	    -10.85309686	     -0.01473752	      0.00318052	     -0.01501999	      0.00000000	      0.00000000	      0.00000000	     -0.01169400	     -0.02760471	      0.00019344	      0.00000000	      0.00000000	      0.00000000	      0.00367330	     -0.01084229	     -0.00184898	    171.34314162	    206.42478304	    204.88033034	     26.89424771	      0.00000000	      0.00000000	      0.00000000	      0.00000000	     20.45827708	      9.29520343	    318.16887811	     56.36285218	      0.00000000	      0.00000000	      0.00000000	      0.00000000	     -5.58520007	     -5.03059499	     -0.49188257	    -35.02811492	    -14.89690267	     -4.98473282	      0.00000000	     -5.13763472	     -0.67764041	      0.00000000	    -33.17453598	     -5.28209819	    -26.66673451	     -4.17807483	     14.08882808	      3.92232881	      0.00000000	     16.72520139	     15.92019880	      0.00000000
     15.13333333	     -0.41622715	     24.75851765	    104.94798177	     -0.09309565	      0.25536661	      1.90551754	    -29.73142465	     -1.14257766	      4.73519530	     -2.11749267	      0.44755489	     -9.65645103	     -0.01809881	      0.00416401	     -0.01449954	      0.00000000	      0.00000000	      0.00000000	     -0.01919771	     -0.02271758	      0.00117141	      0.00000000	      0.00000000	      0.00000000	      0.00261454	     -0.01397315	     -0.00106225	    168.17029375	    204.96562989	    211.68114625	     27.37658124	      0.00000000	      0.00000000	      0.00000000	      0.00000000	     22.33729920	      5.80565979	    318.57307989	     59.80694836	      0.00000000	      0.00000000	      0.00000000	      0.00000000	     -0.01045258	     -0.83337607	      3.96533480	    -39.86787493	    -14.89690267	     -4.98473282	      0.00000000	     -6.88381561	     -7.47714592	      0.00000000	    -32.83219961	     -5.92627120	    -31.15166595	     -4.25447770	     14.89690267	      4.98473282	      0.00000000	     15.95111777	     15.65295061	      0.00000000
     15.16666667	      2.06634299	     23.13509846	    100.42968614	     -0.09915718	      0.25596564	      1.90573487	    -28.12199488	     -0.68535004	      6.26370387	     -3.35594718	     -1.19780895	     -9.48828820	     -0.02027838	      0.00396189	     -0.01449289	      0.00000000	      0.00000000	      0.00000000	     -0.02932255	     -0.02408584	      0.00403090	      0.00000000	      0.00000000	      0.00000000	      0.00212135	     -0.01980905	      0.00398662	    166.97414737	    200.77683146	    214.19380636	     23.91308191	      0.00000000	      0.00000000	      0.00000000	      0.00000000	     26.74291920	      3.41174936	    313.48106079	     62.48299414	      0.00000000	      0.00000000	      0.00000000	      0.00000000	      5.08930611	      2.42191381	      6.57722510	    -42.50520198	    -14.06745736	     -4.98473282	      0.00000000	     -4.04907242	     -5.41970883	      0.00000000	    -31.63358412	     -5.42970485	    -34.73802678	     -3.93555175	     14.89690267	      4.98473282	      0.00000000	     15.45307281	     16.92258869	      0.00000000
     15.20000000	      4.30622036	     20.38968343	     96.39531615	     -0.10543932	      0.25708474	      1.90483958	    -25.42234513	     -0.08082362	      7.63020975	     -4.83610469	     -2.14255976	    -10.30876950	     -0.02305678	      0.00277437	     -0.01687713	      0.00000000	      0.00000000	      0.00000000	     -0.03502752	     -0.03227367	      0.00630557	      0.00000000	      0.00000000	      0.00000000	     -0.00094796	     -0.02724906	      0.00573262	    167.11398922	    196.36955090	    211.31098927	     19.28010450	      0.00000000	      0.00000000	      0.00000000	      0.00000000	     31.36072112	      4.75409668	    302.93755792	     62.94160137	      0.00000000	      0.00000000	      0.00000000	      0.00000000	     10.11937689	      5.30134567	      8.11535524	    -43.60950393	     -7.47204534	     -4.98473282	      0.00000000	     -0.63645924	     -1.85675688	      0.00000000	    -29.55085485	     -4.78111971	    -38.04093845	     -3.25229934	     13.71112390	      4.98473282	      0.00000000	     14.96323967	     17.38606639	      0.00000000
     15.23333333	      6.13626577	     16.38293453	     92.97895375	     -0.10976096	      0.25837076	      1.90299686	    -21.43460326	      0.28964853	      9.37081270	     -6.15868279	     -1.88717712	    -11.34929166	     -0.02584246	      0.00087451	     -0.01913933	      0.00000000	      0.00000000	      0.00000000	     -0.03725126	     -0.04231413	      0.00493801	      0.00000000	      0.00000000	      0.00000000	     -0.00088944	     -0.03098977	      0.00287360	    167.84704841	    192.75965148	    206.15299543	     14.63936590	      0.00000000	      0.00000000	      0.00000000	      0.00000000	     31.94118576	      7.35552626	    293.84392523	     60.44878166	      0.00000000	      0.00000000	      0.00000000	      0.00000000	     15.50229795	      8.44003322	     10.28536993	    -43.30692051	      1.18733210	     -4.98473282	      0.00000000	      1.34246658	      3.38719567	      0.00000000	    -26.19568473	     -4.29088644	    -40.84856369	     -3.25159839	      8.33902286	      4.98473282	      0.00000000	     14.71267829	     22.44071022	      0.00000000
     15.26666667	      8.06599498	     14.92886972	     92.07627057	     -0.11298753	      0.26041232	      1.89850426	    -20.16204986	      1.82825429	      9.44246320	     -6.97391756	     -1.32165189	    -11.02697029	     -0.02852728	     -0.00025987	     -0.01825523	      0.00000000	      0.00000000	      0.00000000	     -0.03719774	     -0.04707823	      0.00000874	      0.00000000	      0.00000000	      0.00000000	      0.00656256	     -0.02909728	      0.00428471	    167.94450707	    189.70499476	    203.99978530	     10.53387023	      0.00000000	      0.00000000	      0.00000000	      0.00000000	     28.18124835	      6.64554234	    292.13195924	     54.94969271	      0.00000000	      0.00000000	      0.00000000	      0.00000000	     16.94808835	     11.80665068	     10.54391030	    -40.43738087	      9.38603386	     -4.98473282	      0.00000000	      0.86716512	      8.12760595	      0.00000000	    -25.26085582	     -5.35857506	    -41.66314531	     -3.56338254	      6.52827094	      4.98473282	      0.00000000	     14.02427178	     24.98095987	      0.00000000
     15.30000000	      9.31189739	     13.71554906	     93.33550628	     -0.11407495	      0.26180256	      1.89244241	    -19.04376229	      2.73017704	      9.01893698	     -6.96900305	      0.64776557	    -10.92995645	     -0.02963606	     -0.00145530	     -0.01651912	      0.00000000	      0.00000000	      0.00000000	     -0.04059996	     -0.04952268	     -0.00363731	      0.00000000	      0.00000000	      0.00000000	      0.01568582	     -0.02442277	      0.00954909	    168.49429311	    187.30220326	    203.13290134	      8.22767358	      0.00000000	      0.00000000	      0.00000000	      0.00000000	     22.91222567	      4.67923978	    295.23939618	     47.33044937	      0.00000000	      0.00000000	      0.00000000	      0.00000000	     17.51297787	     14.60042172	     10.90782938	    -35.77850774	     14.89690267	     -4.30453701	      0.00000000	     -0.69510142	     11.00019108	      0.00000000	    -24.18055945	     -6.76393024	    -40.29217099	     -3.94073923	      8.66516862	      4.98473282	      0.00000000	     13.92825478	     24.98095987	      0.00000000
     15.33333333	      9.98754409	     14.11335296	     96.55481254	     -0.11735149	      0.26251876	      1.88434205	    -19.50345053	      3.90096121	      6.73504740	     -6.33229157	      1.84282448	     -9.40764006	     -0.02885680	     -0.00259791	     -0.01122444	      0.00000000	      0.00000000	      0.00000000	     -0.04228801	     -0.04988789	     -0.00401660	      0.00000000	      0.00000000	      0.00000000	      0.01725766	     -0.02211074	      0.00938106	    168.44351216	    184.50890308	    204.59640467	      7.57030626	      0.00000000	      0.00000000	      0.00000000	      0.00000000	     19.02511507	      4.00158492	    297.17902420	     41.18299038	      0.00000000	      0.00000000	      0.00000000	      0.00000000	     15.90588857	     15.89042503	     13.66794087	    -28.26995053	     14.89690267	     -0.91964264	      0.00000000	     -1.98255108	     11.49899469	      0.00000000	    -24.33752204	     -8.11345334	    -38.25777581	     -3.73560147	     11.91971547	      4.34614061	      0.00000000	     14.53514025	     24.98095987	      0.00000000
     15.36666667	      9.55794411	     16.70258523	    100.31464877	     -0.12326907	      0.26217425	      1.87420809	    -22.50459298	      4.77479763	      4.34683711	     -5.35978860	      2.25363910	     -7.75407834	     -0.02861258	     -0.00242184	     -0.00451647	      0.00000000	      0.00000000	      0.00000000	     -0.04345556	     -0.05088778	     -0.00095049	      0.00000000	      0.00000000	      0.00000000	      0.01084810	     -0.02369325	      0.00371482	    167.97892875	    181.73600232	    203.57124384	      9.47539305	      0.00000000	      0.00000000	      0.00000000	      0.00000000	     19.64207305	      7.59415954	    287.24503722	     39.67393531	      0.00000000	      0.00000000	      0.00000000	      0.00000000	     11.51519667	     16.29568185	     15.12462636	    -20.06367762	     11.65315986	      0.61090412	      0.00000000	     -2.93953975	      9.25609142	      0.00000000	    -26.83825103	     -8.45747020	    -36.30953985	     -2.62987096	     12.18664611	      2.98883044	      0.00000000	     15.69260538	     24.98095987	      0.00000000
     15.40000000	      8.81918977	     18.67018542	    103.12488198	     -0.13044899	      0.26068318	      1.86256810	    -24.80459055	      5.38296325	      2.32339077	     -4.38080170	      2.27182930	     -5.86257690	     -0.02611820	     -0.00216649	      0.00169491	      0.00000000	      0.00000000	      0.00000000	     -0.03829236	     -0.05477811	      0.00372041	      0.00000000	      0.00000000	      0.00000000	      0.00112348	     -0.02569470	     -0.01025074	    167.53342866	    180.45926875	    199.38066303	     13.84407551	      0.00000000	      0.00000000	      0.00000000	      0.00000000	     19.72257670	     12.82408401	    273.83809456	     38.81501810	      0.00000000	      0.00000000	      0.00000000	      0.00000000	      7.59860938	     16.77411896	     15.73732651	    -12.36700243	      3.36133036	      0.00722606	      0.00000000	     -4.87659669	      8.59990490	      0.00000000	    -29.19114364	     -8.58320450	    -35.03873699	     -1.25659193	      9.83346804	      2.45190933	      0.00000000	     16.41538883	     24.14343123	      0.00000000
     15.43333333	      8.39830451	     19.31353869	    104.00081826	     -0.13843491	      0.25766826	      1.84958359	    -25.72830742	      5.67105639	      1.65659116	     -3.58313235	      1.97726770	     -5.13376205	     -0.02324158	     -0.00154937	      0.00443438	      0.00000000	      0.00000000	      0.00000000	     -0.03541012	     -0.05957132	      0.00494555	      0.00000000	      0.00000000	      0.00000000	     -0.00192010	     -0.02490625	     -0.01888422	    166.65712724	    179.33555040	    198.17250565	     17.45495032	      0.00000000	      0.00000000	      0.00000000	      0.00000000	     17.81099363	     15.21665076	    265.48442985	     35.81648791	      0.00000000	      0.00000000	      0.00000000	      0.00000000	      4.83544492	     17.50970144	     16.75358031	     -5.06364432	     -4.56890179	     -1.98682398	      0.00000000	     -8.42825444	      7.32688770	      0.00000000	    -30.78119885	     -8.39552041	    -33.11547796	     -0.05490205	      9.17766131	      2.78242843	      0.00000000	     16.46495194	     19.29336896	      0.00000000
     15.46666667	      8.52936476	     18.00714494	    103.01504336	     -0.14685081	      0.25324806	      1.83544549	    -24.52687424	      5.63037468	      2.32076095	     -2.79816296	      2.09308554	     -5.68404773	     -0.01948055	     -0.00157534	      0.00106028	      0.00000000	      0.00000000	      0.00000000	     -0.03785386	     -0.06263851	      0.00049310	      0.00000000	      0.00000000	      0.00000000	      0.00430123	     -0.02107100	     -0.01374680	    165.37724955	    177.86804085	    200.14754295	     19.00707933	      0.00000000	      0.00000000	      0.00000000	      0.00000000	     15.60172872	     13.52762359	    263.80459519	     30.45389792	      0.00000000	      0.00000000	      0.00000000	      0.00000000	      4.12633050	     18.25984477	     16.61093938	      0.89310651	     -8.07964267	     -4.08618785	      0.00000000	    -12.21754769	      5.01192981	      0.00000000	    -30.69322997	     -7.58299780	    -32.91035652	      0.39652394	      8.89123215	      3.26004834	      0.00000000	     16.89995490	     18.10725141	      0.00000000
     15.50000000	      8.53666682	     15.73935999	    100.80592049	     -0.15611833	      0.24802391	      1.82094337	    -22.49354928	      5.20394011	      3.85518039	     -2.71686837	      1.58199327	     -7.21268144	     -0.01825516	     -0.00107488	     -0.00476112	      0.00000000	      0.00000000	      0.00000000	     -0.04185573	     -0.06075789	     -0.00851869	      0.00000000	      0.00000000	      0.00000000	      0.01235998	     -0.01601138	     -0.00558548	    163.81057219	    176.84419522	    204.19156232	     19.96320241	      0.00000000	      0.00000000	      0.00000000	      0.00000000	     12.68975437	     10.67419959	    265.44067662	     22.55404298	      0.00000000	      0.00000000	      0.00000000	      0.00000000	      4.48611985	     18.40597205	     18.51585828	      4.55621087	     -8.60754910	     -4.98473282	      0.00000000	    -15.20523896	     -0.61598295	      0.00000000	    -29.80314205	     -5.59807540	    -33.87704251	      0.42143293	      5.35602642	      3.46846305	      0.00000000	     18.02652083	     22.70309989	      0.00000000
     15.53333333	      8.20718372	     13.58627860	     99.09952886	     -0.16669996	      0.24312572	      1.80502162	    -20.53027392	      4.67005576	      5.24596902	     -3.08680105	      1.64638245	    -10.62505298	     -0.01729316	     -0.00096792	     -0.01296154	      0.00000000	      0.00000000	      0.00000000	     -0.04391498	     -0.05381810	     -0.01335773	      0.00000000	      0.00000000	      0.00000000	      0.02405944	     -0.01404961	      0.00028520	    163.32228574	    177.76819475	    207.17143095	     22.36050821	      0.00000000	      0.00000000	      0.00000000	      0.00000000	     10.64104898	      7.18511253	    272.86486726	     17.63924626	      0.00000000	      0.00000000	      0.00000000	      0.00000000	      4.97001832	     17.91712038	     19.01362720	      6.31179203	     -6.37976024	     -4.98473282	      0.00000000	    -16.39297418	     -5.92159180	      0.00000000	    -28.81420026	     -3.12262920	    -33.12689914	      0.80602898	      2.05119590	      2.71153495	      0.00000000	     18.44590901	     24.98095987	      0.00000000
     15.56666667	      7.14234401	     13.09497938	     98.83778853	     -0.17795128	      0.23846119	      1.78722165	    -20.40589313	      3.81924078	      5.39920450	     -3.60038732	      2.59496466	    -14.53326145	     -0.01744801	     -0.00012580	     -0.02048137	      0.00000000	      0.00000000	      0.00000000	     -0.04116429	     -0.04594908	     -0.01550039	      0.00000000	      0.00000000	      0.00000000	      0.02756937	     -0.01424784	     -0.00245050	    162.88962018	    180.49734513	    211.28278609	     27.56296128	      0.00000000	      0.00000000	      0.00000000	      0.00000000	      9.18209959	      6.47173342	    274.60534354	     14.87466157	      0.00000000	      0.00000000	      0.00000000	      0.00000000	      4.05222318	     16.80116281	     19.53516899	      6.83457045	     -5.81314216	     -4.98473282	      0.00000000	    -15.15879796	     -6.74469198	      0.00000000	    -28.89531137	     -1.04464196	    -32.86302274	      0.43710621	      3.07869698	      1.10341088	      0.00000000	     19.02822079	     24.98095987	      0.00000000
     15.60000000	      5.83884115	     13.09003049	     99.67111831	     -0.19032640	      0.23385813	      1.76786075	    -20.77216334	      2.92302438	      4.43194040	     -3.94208268	      3.84787608	    -17.45532432	     -0.01698761	      0.00029226	     -0.02372534	      0.00000000	      0.00000000	      0.00000000	     -0.03673583	     -0.04135461	     -0.01809666	      0.00000000	      0.00000000	      0.00000000	      0.02517790	     -0.01644358	     -0.00935674	    162.20599928	    182.43783340	    216.39859844	     32.26067143	      0.00000000	      0.00000000	      0.00000000	      0.00000000	      8.41746231	      7.09028965	    273.94077954	     13.95513021	      0.00000000	      0.00000000	      0.00000000	      0.00000000	      3.00715473	     15.42976999	     20.84009662	      6.44347088	     -6.01941817	     -4.98473282	      0.00000000	    -14.11280319	     -5.93021939	      0.00000000	    -28.97013013	      0.30082492	    -32.00669993	     -1.17610294	      7.83779582	     -1.14638325	      0.00000000	     19.85088672	     23.42466968	      0.00000000
     15.63333333	      4.56482914	     13.71327508	    101.34492341	     -0.20415950	      0.22934129	      1.74807788	    -21.97733648	      2.53586769	      3.29794638	     -3.91709917	      4.50515423	    -18.39737353	     -0.01744721	      0.00057770	     -0.02083073	      0.00000000	      0.00000000	      0.00000000	     -0.03630522	     -0.03566538	     -0.01804792	      0.00000000	      0.00000000	      0.00000000	      0.01736001	     -0.01894952	     -0.01636251	    163.76811439	    181.02434777	    217.32880617	     30.47789704	      0.00000000	      0.00000000	      0.00000000	      0.00000000	      7.78727207	      9.30541976	    271.63599997	     12.89188153	      0.00000000	      0.00000000	      0.00000000	      0.00000000	      1.95781681	     13.93098963	     22.51052699	      5.57190071	    -10.06492785	     -3.95664336	      0.00000000	    -13.86587268	     -0.73588490	      0.00000000	    -29.22150302	      0.73252730	    -28.68333622	     -4.66848690	     14.89690267	     -2.94334601	      0.00000000	     20.62887469	     15.24537164	      0.00000000
     15.66666667	      3.12534782	     13.54239659	    104.45900610	     -0.21856910	      0.22575687	      1.72812041	    -22.50779363	      2.39244185	      1.40610405	     -2.96525054	      4.71799427	    -18.23525568	     -0.01684929	     -0.00122912	     -0.01507793	      0.00000000	      0.00000000	      0.00000000	     -0.03912964	     -0.03309435	     -0.01628432	      0.00000000	      0.00000000	      0.00000000	      0.00935731	     -0.02123809	     -0.01924863	    166.67001464	    177.35824701	    213.24383144	     24.65887481	      0.00000000	      0.00000000	      0.00000000	      0.00000000	      8.02118500	     11.45275546	    273.15348187	     12.81070051	      0.00000000	      0.00000000	      0.00000000	      0.00000000	      1.89944029	     12.12530257	     22.49560044	      4.75109129	    -11.74020264	     -2.45723925	      0.00000000	    -16.55004829	      0.31159973	      0.00000000	    -28.14618004	      0.87310824	    -26.20207163	     -9.00952976	     14.89690267	     -4.94835277	      0.00000000	     22.08362193	     18.09209447	      0.00000000
     15.70000000	      1.87312525	     13.36714500	    107.74823095	     -0.23104102	      0.22360800	      1.70611179	    -22.87760533	      2.27301512	      0.03687296	     -2.41723066	      5.21369682	    -17.56718291	     -0.01709314	     -0.00152593	     -0.00958821	      0.00000000	      0.00000000	      0.00000000	     -0.04112540	     -0.03497232	     -0.01481988	      0.00000000	      0.00000000	      0.00000000	      0.00394453	     -0.02197975	     -0.01463148	    168.55660602	    174.65324143	    205.48383417	     21.02356236	      0.00000000	      0.00000000	      0.00000000	      0.00000000	     10.06990171	     13.01387391	    276.94579045	     14.73401065	      0.00000000	      0.00000000	      0.00000000	      0.00000000	      1.63772983	     10.93413169	     22.41486439	      4.14005654	    -13.23848374	     -1.63158890	      0.00000000	    -19.27799847	      0.29291771	      0.00000000	    -27.45075230	      0.05012362	    -25.39363735	    -12.78421303	     14.89690267	     -4.98473282	      0.00000000	     22.46477724	     19.60368546	      0.00000000
     15.73333333	      1.03508041	     13.49428791	    111.04819145	     -0.24233495	      0.22396397	      1.68376868	    -23.51318950	      2.89177465	     -0.94576363	     -0.66314083	      4.45574237	    -16.46307498	     -0.01381014	     -0.00469476	     -0.00337074	      0.00000000	      0.00000000	      0.00000000	     -0.03626838	     -0.03703292	     -0.01620473	      0.00000000	      0.00000000	      0.00000000	      0.00215905	     -0.02285876	     -0.00827132	    167.41978467	    176.02594341	    200.15085972	     24.29530539	      0.00000000	      0.00000000	      0.00000000	      0.00000000	     12.55322237	     14.39399506	    278.84785832	     17.16787669	      0.00000000	      0.00000000	      0.00000000	      0.00000000	      0.97678348	     10.25256825	     22.33738143	      3.44228480	    -13.02492362	     -1.02310974	      0.00000000	    -21.07109217	     -3.48889083	      0.00000000	    -26.97892479	     -1.44022254	    -27.15105921	    -16.26202408	     14.89690267	     -4.98473282	      0.00000000	     22.05391411	     20.90677286	      0.00000000
     15.76666667	      0.66380985	     13.84876808	    113.14987743	     -0.25079671	      0.22691322	      1.66328343	    -24.63653061	      3.55120234	     -0.73862496	      0.59293644	      4.03912800	    -16.06670413	     -0.01322697	     -0.00616455	     -0.00053647	      0.00000000	      0.00000000	      0.00000000	     -0.03487616	     -0.03763397	     -0.01410040	      0.00000000	      0.00000000	      0.00000000	      0.00325083	     -0.02180751	     -0.00519766	    165.85806195	    177.74138061	    199.69297083	     27.67688300	      0.00000000	      0.00000000	      0.00000000	      0.00000000	     14.07729905	     16.04204189	    279.07719506	     17.60261706	      0.00000000	      0.00000000	      0.00000000	      0.00000000	      0.76869111	     10.08498781	     21.77443206	      1.25421604	    -13.38694689	      0.16971639	      0.00000000	    -19.98303568	     -5.61404044	      0.00000000	    -26.54393456	     -3.20695034	    -29.12493989	    -19.77117005	     14.89690267	     -4.98473282	      0.00000000	     20.55478481	     21.41310983	      0.00000000
     15.80000000	      0.85712123	     15.11389961	    114.79145832	     -0.25828125	      0.23157547	      1.64318498	    -26.15618277	      4.98594568	     -0.33846393	      2.00020335	      3.43872673	    -15.57669523	     -0.00798567	     -0.00838797	      0.00257303	      0.00000000	      0.00000000	      0.00000000	     -0.01883352	     -0.04002818	     -0.01365934	      0.00000000	      0.00000000	      0.00000000	      0.00789001	     -0.02124321	     -0.00170779	    164.67928457	    183.21825063	    198.35941569	     35.27215421	      0.00000000	      0.00000000	      0.00000000	      0.00000000	     15.71469721	     16.95326511	    279.51417593	     17.91725269	      0.00000000	      0.00000000	      0.00000000	      0.00000000	     -0.46059650	     10.66605521	     20.93355033	     -0.31950234	    -11.97216352	      1.29268349	      0.00000000	    -19.35081120	     -9.43048683	      0.00000000	    -27.14944972	     -5.49111745	    -30.22217781	    -22.20775167	     11.22785424	     -4.98473282	      0.00000000	     18.67732177	     24.98095987	      0.00000000
     15.83333333	      1.22431506	     16.26195342	    115.71403312	     -0.26449665	      0.23661472	      1.62758851	    -28.00720074	      6.41128793	      0.20528243	      3.00645275	      3.33434673	    -15.64362314	     -0.00587410	     -0.00847241	      0.00187353	      0.00000000	      0.00000000	      0.00000000	     -0.01386416	     -0.03996161	     -0.01138616	      0.00000000	      0.00000000	      0.00000000	      0.01160732	     -0.02045549	     -0.00465393	    164.96095874	    184.17406054	    198.43468534	     36.88286824	      0.00000000	      0.00000000	      0.00000000	      0.00000000	     15.69819820	     17.59969766	    283.97134938	     16.72561918	      0.00000000	      0.00000000	      0.00000000	      0.00000000	     -0.86645101	     11.30798233	     18.20909397	     -2.67189565	    -10.40444622	      2.55938457	      0.00000000	    -17.57893979	     -9.32686406	      0.00000000	    -27.42241563	     -7.33668817	    -29.07235050	    -24.82566498	      9.19058836	     -4.98473282	      0.00000000	     16.56692233	     24.98095987	      0.00000000
     15.86666667	      1.73440212	     16.71507230	    115.64871626	     -0.26969430	      0.24078070	      1.61466554	    -29.20980829	      7.06751842	      0.63781116	      3.03206925	      4.06594677	    -15.11144585	     -0.00596726	     -0.00665007	      0.00018701	      0.00000000	      0.00000000	      0.00000000	     -0.01677009	     -0.03880985	     -0.00725794	      0.00000000	      0.00000000	      0.00000000	      0.01405867	     -0.02095546	     -0.00728009	    165.75925289	    181.83055155	    200.68254940	     34.86394668	      0.00000000	      0.00000000	      0.00000000	      0.00000000	     16.25669512	     17.43242033	    291.11191483	     16.75406412	      0.00000000	      0.00000000	      0.00000000	      0.00000000	     -0.33845783	     12.01757014	     14.47678476	     -5.32566356	     -8.58704417	      3.02242816	      0.00000000	    -15.18800330	     -6.05415748	      0.00000000	    -27.28710339	     -8.62634745	    -28.19601406	    -27.01344739	      8.98211860	     -4.98473282	      0.00000000	     14.86149581	     24.98095987	      0.00000000
     15.90000000	      1.67524027	     16.44863798	    114.96813303	     -0.27536660	      0.24356378	      1.60435865	    -29.98212608	      6.68845015	      0.76321721	      2.64742757	      4.90195827	    -14.04085852	     -0.00684796	     -0.00361259	     -0.00256503	      0.00000000	      0.00000000	      0.00000000	     -0.01962207	     -0.03711317	     -0.00061139	      0.00000000	      0.00000000	      0.00000000	      0.01334578	     -0.02356001	     -0.01038562	    166.33999690	    179.45423441	    203.04456498	     33.95150506	      0.00000000	      0.00000000	      0.00000000	      0.00000000	     17.18602442	     17.48178972	    296.50827201	     17.05230941	      0.00000000	      0.00000000	      0.00000000	      0.00000000	      0.56125504	     12.15067006	     11.47803793	     -7.92103665	     -5.13758564	      2.74737112	      0.00000000	    -13.52452829	     -5.79430096	      0.00000000	    -26.68293877	     -8.53730240	    -26.00576316	    -28.86777344	      9.25571555	     -4.98473282	      0.00000000	     13.92090284	     24.98095987	      0.00000000
     15.93333333	      1.29416442	     15.12565459	    114.36099838	     -0.28110352	      0.24533499	      1.59590308	    -29.83685503	      5.59495050	      0.39971465	      2.14869085	      5.65375935	    -12.93637139	     -0.00768401	     -0.00041344	     -0.00512626	      0.00000000	      0.00000000	      0.00000000	     -0.02618496	     -0.03514945	      0.00889474	      0.00000000	      0.00000000	      0.00000000	      0.00953828	     -0.02708844	     -0.01355124	    166.82416652	    176.51159764	    205.71464769	     32.81538023	      0.00000000	      0.00000000	      0.00000000	      0.00000000	     18.21202219	     18.37176459	    298.74704118	     16.19702560	      0.00000000	      0.00000000	      0.00000000	      0.00000000	      2.25538001	     11.74503326	      7.71852367	    -10.36727070	      2.41259508	      1.77508322	      0.00000000	    -13.46338599	    -11.76560141	      0.00000000	    -24.83618480	     -7.59598126	    -22.34500547	    -31.03119477	     11.45387555	     -4.98473282	      0.00000000	     13.62138457	     22.40944270	      0.00000000
