Coordinates
version=1
nRows=339
nColumns=64
inDegrees=yes

Units are S.I. units (second, meters, Newtons, ...)
If the header above contains a line with 'inDegrees', this indicates whether rotational values are in degrees (yes) or radians (no).

endheader
time	pelvic_tilt	pelvic_list	pelvic_rotation	pelvic_tx	pelvic_ty	pelvic_tz	lumbar_extension	lumbar_bending	lumbar_rotation	neck_flex	neck_tilt	neck_rot	neck_tx1	neck_ty1	neck_tz1	SternumRRotZ	SternumRRotX	SternumRRotY	SternumRX	SternumRY	SternumRZ	SternumLRotZ	SternumLRotX	SternumLRotY	SternumLX	SternumLY	SternumLZ	shoulder_add_r	shoulder_flex_r	shoulder_rot_r	elbow_flexion_r	elbow_varus_valg_r	pro_sup_r	wrist_dev_r	wrist_flex_r	shoulder_add_l	shoulder_flex_l	shoulder_rot_l	elbow_flexion_l	elbow_varus_valg_l	pro_sup_l	wrist_dev_l	wrist_flex_l	hip_flexion_r	hip_adduction_r	hip_rotation_r	knee_angle_r	knee_rotation_r	knee_adduction_r	knee_tz_r	ankle_angle_r	subtalar_angle_r	mtp_angle_r	hip_flexion_l	hip_adduction_l	hip_rotation_l	knee_angle_l	knee_rotation_l	knee_adduction_l	knee_tz_l	ankle_angle_l	subtalar_angle_l	mtp_angle_l
      0.03333333	    -22.43844422	     -1.26075837	   -178.66256240	      0.34080688	      0.05283843	     -0.54589342	    -20.48153033	     -0.47414487	      1.55577636	     -9.39322483	      4.95295711	     -0.74216420	      0.01241308	     -0.01282756	      0.00479646	      0.00000000	      0.00000000	      0.00000000	      0.01838441	      0.00488212	      0.00351081	      0.00000000	      0.00000000	      0.00000000	      0.01589073	     -0.00653078	     -0.01456970	    221.16532741	     32.17325015	    -88.42280699	     26.54072646	      0.00000000	      0.00000000	      0.00000000	      0.00000000	   -213.61089128	     30.80391796	     49.86658915	     11.47087158	      0.00000000	      0.00000000	      0.00000000	      0.00000000	    -30.70131665	     -4.87325452	    -31.01251332	      5.58748872	     14.89684071	     -4.98473282	      0.00000000	     -4.57663969	      1.68291250	      0.00000000	    -30.11274471	     -4.11843187	    -29.12200128	      6.56907457	     14.89690267	     -4.98473282	      0.00000000	     -0.81791667	      7.22780627	      0.00000000
      0.06666667	    -23.85243474	     -1.81575189	   -177.48130237	      0.34189537	      0.05500376	     -0.54556430	    -22.30930148	     -1.08296177	      0.88051101	     -7.71880579	      3.88159627	     -0.26801789	      0.00775920	     -0.01063245	      0.01308080	      0.00000000	      0.00000000	      0.00000000	     -0.00072628	      0.00079638	      0.01170420	      0.00000000	      0.00000000	      0.00000000	      0.02290271	     -0.00585787	     -0.01853068	    221.60256423	     31.04588359	    -83.14672460	     26.19141607	      0.00000000	      0.00000000	      0.00000000	      0.00000000	   -209.35440944	     31.33426853	     50.26960039	      7.61123667	      0.00000000	      0.00000000	      0.00000000	      0.00000000	    -32.55344405	     -5.02220858	    -27.96317687	      4.99872922	     13.33150879	     -4.98473282	      0.00000000	     -7.43296056	     -2.72629879	      0.00000000	    -31.23377583	     -4.57846901	    -28.01893427	      5.59550504	     14.89690267	     -4.98473282	      0.00000000	     -1.47113830	      7.75482165	      0.00000000
      0.10000000	    -24.37977278	     -2.21601111	   -176.56422019	      0.34343598	      0.05625273	     -0.54499929	    -23.10102910	     -1.44692320	      0.25563696	     -6.63836640	      3.15508827	     -0.56463654	      0.00480977	     -0.00893211	      0.01789994	      0.00000000	      0.00000000	      0.00000000	     -0.00983074	     -0.00167868	      0.01539457	      0.00000000	      0.00000000	      0.00000000	      0.02944386	     -0.00618043	     -0.02073764	    221.85355073	     29.68211030	    -78.89448437	     25.84403079	      0.00000000	      0.00000000	      0.00000000	      0.00000000	   -206.61715087	     31.28078990	     48.28544011	      5.11997723	      0.00000000	      0.00000000	      0.00000000	      0.00000000	    -33.28368078	     -5.20710481	    -24.24953241	      4.40424542	     11.27441575	     -4.98473282	      0.00000000	     -9.36814203	     -6.10957513	      0.00000000	    -31.45403582	     -4.80874631	    -26.99120024	      4.97504558	     14.89690267	     -4.98473282	      0.00000000	     -1.76790091	      7.57328411	      0.00000000
      0.13333333	    -24.58574469	     -2.14145624	   -176.54374906	      0.34442750	      0.05656084	     -0.54487558	    -23.30207857	     -1.45300303	      0.32242931	     -5.53660345	      2.81655103	     -1.30014624	      0.00562258	     -0.00944785	      0.01886219	      0.00000000	      0.00000000	      0.00000000	     -0.00627643	     -0.00271210	      0.01378874	      0.00000000	      0.00000000	      0.00000000	      0.03337205	     -0.00810878	     -0.02217387	    221.88401165	     28.20450444	    -76.19248194	     25.36542520	      0.00000000	      0.00000000	      0.00000000	      0.00000000	   -205.10648802	     31.10389072	     41.71181417	      2.73309942	      0.00000000	      0.00000000	      0.00000000	      0.00000000	    -33.48261633	     -5.27477059	    -20.89595167	      4.37457240	      8.84854844	     -4.98473282	      0.00000000	     -9.77070479	     -6.50277777	      0.00000000	    -31.67282662	     -4.87131005	    -25.81196945	      4.76872531	     14.89690267	     -4.98473282	      0.00000000	     -1.95467435	      5.52243146	      0.00000000
      0.16666667	    -24.73726152	     -2.07215904	   -176.63190562	      0.34531294	      0.05654411	     -0.54513591	    -23.41562938	     -1.47948396	      0.30370047	     -4.57651195	      2.64839867	     -2.04239539	      0.00838991	     -0.01177416	      0.01915203	      0.00000000	      0.00000000	      0.00000000	      0.00227156	     -0.00409498	      0.01257356	      0.00000000	      0.00000000	      0.00000000	      0.03376070	     -0.01051258	     -0.02376138	    221.81516673	     27.40275916	    -76.44572334	     25.11609293	      0.00000000	      0.00000000	      0.00000000	      0.00000000	   -203.91440863	     31.19665332	     33.06683220	      0.05360603	      0.00000000	      0.00000000	      0.00000000	      0.00000000	    -33.46816882	     -5.25919206	    -20.93692196	      4.48235249	      7.35373712	     -4.98473282	      0.00000000	     -8.73531479	     -3.26723305	      0.00000000	    -31.81547625	     -4.89855292	    -23.89400987	      4.64333147	     14.89690267	     -4.98473282	      0.00000000	     -2.42395932	      2.47576118	      0.00000000
      0.20000000	    -24.85602267	     -1.99008610	   -176.91093049	      0.34585386	      0.05650965	     -0.54619888	    -23.36713631	     -1.56047222	      0.53078894	     -4.51226993	      2.69478992	     -2.03897917	      0.01005774	     -0.01329952	      0.01846954	      0.00000000	      0.00000000	      0.00000000	      0.01031318	     -0.00622676	      0.01117663	      0.00000000	      0.00000000	      0.00000000	      0.03318778	     -0.01112826	     -0.02288013	    221.96580250	     26.97390560	    -76.70720491	     25.04151982	      0.00000000	      0.00000000	      0.00000000	      0.00000000	   -204.13746197	     31.32469037	     32.99776100	      0.00000000	      0.00000000	      0.00000000	      0.00000000	      0.00000000	    -33.47338638	     -5.12444639	    -21.15766584	      4.70433467	      7.16567192	     -4.98473282	      0.00000000	     -8.42917565	     -3.45637179	      0.00000000	    -31.93662792	     -4.92779326	    -23.99520287	      4.62226206	     14.89690267	     -4.98473282	      0.00000000	     -2.22304153	      2.28842851	      0.00000000
      0.23333333	    -25.26848316	     -2.09805297	   -177.30944791	      0.34676481	      0.05669207	     -0.54705034	    -23.75151279	     -1.78256811	      1.16333865	     -3.97934584	      3.26755689	     -2.73683223	      0.01075421	     -0.01483492	      0.01444050	      0.00000000	      0.00000000	      0.00000000	      0.01081684	     -0.00526955	      0.01144406	      0.00000000	      0.00000000	      0.00000000	      0.03369026	     -0.01216566	     -0.02257833	    222.84014070	     27.77392335	    -79.82212979	     26.33851123	      0.00000000	      0.00000000	      0.00000000	      0.00000000	   -204.06139738	     31.38503483	     33.12982369	      0.00000000	      0.00000000	      0.00000000	      0.00000000	      0.00000000	    -33.54695925	     -5.35265526	    -21.41720707	      4.28987977	      6.98940733	     -4.98473282	      0.00000000	     -7.84068113	     -3.81054459	      0.00000000	    -32.42980299	     -4.69763363	    -24.30769628	      4.75901073	     14.89690267	     -4.98473282	      0.00000000	     -2.76951934	      1.93872042	      0.00000000
      0.26666667	    -24.73069874	     -2.44939628	   -176.71406155	      0.34827112	      0.05658225	     -0.54770303	    -23.17621319	     -2.00108749	      0.75481565	     -4.77414695	      3.25171087	     -2.24508334	      0.00673224	     -0.01447361	      0.01341781	      0.00000000	      0.00000000	      0.00000000	      0.00708112	     -0.00451519	      0.01401295	      0.00000000	      0.00000000	      0.00000000	      0.03337032	     -0.01302702	     -0.02218023	    223.33685667	     29.09628128	    -82.51352804	     27.22807102	      0.00000000	      0.00000000	      0.00000000	      0.00000000	   -203.93458752	     31.51886633	     33.21895117	      0.00000000	      0.00000000	      0.00000000	      0.00000000	      0.00000000	    -32.90006406	     -5.39114154	    -21.52785336	      3.83883321	      6.44237016	     -4.98473282	      0.00000000	     -7.65875587	     -5.13350480	      0.00000000	    -31.57418771	     -4.63191754	    -25.53335401	      4.90820401	     14.89690267	     -4.98473282	      0.00000000	     -2.81664541	      4.42288827	      0.00000000
      0.30000000	    -23.92113485	     -2.95668727	   -175.93664928	      0.35008284	      0.05596313	     -0.54770851	    -22.39384634	     -2.25821034	      0.14360839	     -5.54134627	      2.67645999	     -1.74830390	      0.00153033	     -0.01301038	      0.01287292	      0.00000000	      0.00000000	      0.00000000	      0.00425946	     -0.00442847	      0.01505853	      0.00000000	      0.00000000	      0.00000000	      0.03338902	     -0.01267601	     -0.02029034	    223.14800155	     29.26771900	    -82.30462601	     26.97421351	      0.00000000	      0.00000000	      0.00000000	      0.00000000	   -204.15959915	     31.51024525	     32.47488030	      0.00000000	      0.00000000	      0.00000000	      0.00000000	      0.00000000	    -32.03182256	     -5.68253385	    -21.17209744	      3.11976049	      6.29040506	     -4.98473282	      0.00000000	     -7.13434415	     -6.08769558	      0.00000000	    -30.39722048	     -4.35328559	    -26.34391967	      5.12679967	     14.89690267	     -4.98473282	      0.00000000	     -3.06636696	      6.71051381	      0.00000000
      0.33333333	    -22.93671525	     -2.88266518	   -175.46410729	      0.35222972	      0.05525704	     -0.54773726	    -21.44764904	     -1.98367917	     -0.19354959	     -6.25715231	      1.59230871	     -0.78969601	     -0.00404017	     -0.01140852	      0.01358777	      0.00000000	      0.00000000	      0.00000000	      0.00400314	     -0.00465607	      0.01411706	      0.00000000	      0.00000000	      0.00000000	      0.03302730	     -0.01222394	     -0.01888407	    222.61745334	     28.72781507	    -80.42820736	     26.23886967	      0.00000000	      0.00000000	      0.00000000	      0.00000000	   -204.56149086	     31.38403072	     31.27654383	      0.00000000	      0.00000000	      0.00000000	      0.00000000	      0.00000000	    -30.80798695	     -5.62631289	    -20.29215459	      2.46751883	      6.45655594	     -4.98473282	      0.00000000	     -6.93895004	     -6.53173011	      0.00000000	    -29.01109833	     -4.44705202	    -27.10190390	      5.01868123	     14.89690267	     -4.98473282	      0.00000000	     -2.46863657	      8.12816287	      0.00000000
      0.36666667	    -22.90221994	     -2.93755353	   -175.32848088	      0.35367814	      0.05492719	     -0.54812714	    -21.59433120	     -2.03752238	     -0.24861038	     -6.22898820	      1.49525618	     -0.79452804	     -0.00763991	     -0.01025371	      0.01285017	      0.00000000	      0.00000000	      0.00000000	      0.00262907	     -0.00345290	      0.01370902	      0.00000000	      0.00000000	      0.00000000	      0.03324431	     -0.00982915	     -0.01625672	    222.76145208	     28.67526164	    -80.36953361	     26.10765922	      0.00000000	      0.00000000	      0.00000000	      0.00000000	   -204.79772286	     31.35235466	     31.28503370	      0.00000000	      0.00000000	      0.00000000	      0.00000000	      0.00000000	    -30.74267521	     -5.59891894	    -20.09694298	      2.41926598	      6.62988287	     -4.98473282	      0.00000000	     -7.06216941	     -6.37912129	      0.00000000	    -28.88029437	     -4.32473304	    -27.10254191	      5.14441674	     14.89690267	     -4.98473282	      0.00000000	     -2.32462365	      8.05819627	      0.00000000
      0.40000000	    -22.89481298	     -2.88152511	   -175.72458965	      0.35519219	      0.05506652	     -0.54787269	    -21.65333910	     -1.88141996	     -0.09425125	     -5.73344839	     -0.83089795	     -0.27849924	     -0.00668114	     -0.01072112	      0.01640882	      0.00000000	      0.00000000	      0.00000000	      0.00355013	     -0.00113152	      0.01146432	      0.00000000	      0.00000000	      0.00000000	      0.03390376	     -0.00969658	     -0.01626165	    222.98044342	     28.59835663	    -78.66955379	     26.55193378	      0.00000000	      0.00000000	      0.00000000	      0.00000000	   -205.34614808	     31.42413421	     33.34680191	      0.00000000	      0.00000000	      0.00000000	      0.00000000	      0.00000000	    -30.56938887	     -5.83880683	    -20.24820639	      2.50177363	      6.61076579	     -4.98473282	      0.00000000	     -7.04502531	     -4.84006777	      0.00000000	    -28.82600409	     -4.16221781	    -25.92823729	      4.80719585	     14.89690267	     -4.98473282	      0.00000000	     -2.14990915	      5.47969844	      0.00000000
      0.43333333	    -23.17760545	     -2.71364540	   -175.98413400	      0.35621212	      0.05546774	     -0.54797705	    -21.98295936	     -1.70606526	      0.14975905	     -4.97448553	     -1.41015637	     -1.49558993	     -0.00352074	     -0.01204470	      0.01569184	      0.00000000	      0.00000000	      0.00000000	      0.00004622	      0.00129424	      0.01249806	      0.00000000	      0.00000000	      0.00000000	      0.03478432	     -0.00972470	     -0.01569790	    223.64312695	     29.44817768	    -78.88490242	     27.66132556	      0.00000000	      0.00000000	      0.00000000	      0.00000000	   -205.53264303	     31.49339995	     34.06735658	      0.00000000	      0.00000000	      0.00000000	      0.00000000	      0.00000000	    -30.82673102	     -5.77191464	    -20.91175133	      2.99093079	      6.64648628	     -4.98473282	      0.00000000	     -7.81219418	     -4.12387379	      0.00000000	    -29.37998250	     -4.11499866	    -26.25051607	      5.46755436	     14.89690267	     -4.98473282	      0.00000000	     -2.59890760	      5.38118950	      0.00000000
      0.46666667	    -23.65068040	     -2.64533098	   -176.32519772	      0.35682127	      0.05564049	     -0.54804719	    -22.49835912	     -1.63741633	      0.74859021	     -4.60270287	     -1.12863909	     -2.82618152	     -0.00034591	     -0.01267234	      0.01336352	      0.00000000	      0.00000000	      0.00000000	     -0.00295864	      0.00335548	      0.01091166	      0.00000000	      0.00000000	      0.00000000	      0.03622703	     -0.00989266	     -0.01564004	    224.89230034	     29.41876685	    -78.32646284	     29.42976615	      0.00000000	      0.00000000	      0.00000000	      0.00000000	   -205.47914854	     31.53007345	     33.79359253	      0.00000000	      0.00000000	      0.00000000	      0.00000000	      0.00000000	    -31.41751048	     -5.78799063	    -22.14510244	      3.62171521	      7.83931578	     -4.98473282	      0.00000000	     -8.20135794	     -3.81740639	      0.00000000	    -30.28782725	     -3.94411606	    -28.40238544	      6.63478259	     14.89690267	     -4.98473282	      0.00000000	     -2.84413693	      8.71888625	      0.00000000
      0.50000000	    -23.29061937	     -2.56247903	   -176.38225824	      0.35767820	      0.05557125	     -0.54801396	    -22.08784197	     -1.53308903	      1.02418206	     -5.07524097	     -0.11905044	     -3.36459107	      0.00152543	     -0.01269704	      0.01094134	      0.00000000	      0.00000000	      0.00000000	     -0.00065601	      0.00050336	      0.00776509	      0.00000000	      0.00000000	      0.00000000	      0.03661611	     -0.01009972	     -0.01546862	    224.99073035	     28.44073114	    -77.23678732	     29.38789186	      0.00000000	      0.00000000	      0.00000000	      0.00000000	   -205.57134220	     31.64688995	     33.19690001	      0.00000000	      0.00000000	      0.00000000	      0.00000000	      0.00000000	    -31.16615743	     -5.69592244	    -22.98553891	      4.03748047	      9.79382552	     -4.98473282	      0.00000000	     -8.44540968	     -5.19593162	      0.00000000	    -30.18520687	     -3.89167979	    -31.15333081	      7.71051708	     14.89690267	     -4.98473282	      0.00000000	     -2.52996893	     13.82129447	      0.00000000
      0.53333333	    -23.01650396	     -2.64335261	   -176.07075647	      0.35890189	      0.05552411	     -0.54810700	    -21.94115672	     -1.51154241	      0.73148075	     -5.85783146	      1.33437449	     -3.25524040	      0.00158599	     -0.01170739	      0.00901100	      0.00000000	      0.00000000	      0.00000000	      0.00511796	     -0.00183727	      0.00404974	      0.00000000	      0.00000000	      0.00000000	      0.03542035	     -0.00863032	     -0.01585677	    225.17961807	     27.54101663	    -77.74111885	     29.49185627	      0.00000000	      0.00000000	      0.00000000	      0.00000000	   -205.60604399	     31.87974548	     33.98726725	      0.00000000	      0.00000000	      0.00000000	      0.00000000	      0.00000000	    -31.01129946	     -5.53695462	    -23.28630675	      4.24749193	     10.42987327	     -4.98473282	      0.00000000	     -7.99317996	     -6.13754668	      0.00000000	    -29.87881960	     -3.95990254	    -31.87454300	      8.06458070	     14.89690267	     -4.98473282	      0.00000000	     -2.51904304	     15.97147192	      0.00000000
      0.56666667	    -22.42991026	     -2.74423618	   -175.91627143	      0.36017307	      0.05553451	     -0.54763752	    -21.53602502	     -1.53250786	      0.50484355	     -6.56659007	      2.40243783	     -3.13657622	      0.00072958	     -0.01068386	      0.00821196	      0.00000000	      0.00000000	      0.00000000	      0.00874056	     -0.00109220	      0.00172020	      0.00000000	      0.00000000	      0.00000000	      0.03406213	     -0.00708638	     -0.01574623	    225.68260251	     27.72096694	    -80.20516475	     30.02065729	      0.00000000	      0.00000000	      0.00000000	      0.00000000	   -205.74272803	     32.16729651	     37.24420219	      0.00000000	      0.00000000	      0.00000000	      0.00000000	      0.00000000	    -30.46229803	     -5.57135254	    -23.75641113	      4.42149124	     10.99578646	     -4.98473282	      0.00000000	     -7.89021017	     -6.33635596	      0.00000000	    -29.26946036	     -3.74336254	    -33.08558412	      8.44599420	     14.89690267	     -4.98473282	      0.00000000	     -2.34860170	     18.84939415	      0.00000000
      0.60000000	    -22.40547882	     -2.74552452	   -175.88161767	      0.36104564	      0.05548530	     -0.54726853	    -21.60297102	     -1.45019719	      0.50763023	     -6.59026768	      2.42880156	     -3.12852680	      0.00210636	     -0.00974973	      0.00972219	      0.00000000	      0.00000000	      0.00000000	      0.01006656	      0.00067246	      0.00198808	      0.00000000	      0.00000000	      0.00000000	      0.03481462	     -0.00576909	     -0.01543183	    225.69308983	     27.67734920	    -80.25453635	     30.00950800	      0.00000000	      0.00000000	      0.00000000	      0.00000000	   -205.74796123	     32.14074172	     37.26231056	      0.00000000	      0.00000000	      0.00000000	      0.00000000	      0.00000000	    -30.44944837	     -5.56821502	    -23.76256373	      4.42716351	     10.98935694	     -4.98473282	      0.00000000	     -7.88230726	     -6.33483665	      0.00000000	    -29.21198431	     -3.65779938	    -33.07986079	      8.43110736	     14.89690267	     -4.98473282	      0.00000000	     -2.37777144	     18.86517827	      0.00000000
      0.63333333	    -22.40731973	     -3.08580885	   -175.49581407	      0.36208394	      0.05586240	     -0.54627273	    -21.94105413	     -1.64196507	     -0.59845190	     -7.24998297	      2.43951180	     -1.33407734	     -0.00139026	     -0.00820544	      0.01200726	      0.00000000	      0.00000000	      0.00000000	      0.00803290	      0.00265871	      0.00408330	      0.00000000	      0.00000000	      0.00000000	      0.03072589	     -0.00495197	     -0.01456643	    225.67277206	     29.52899931	    -85.78578478	     31.09620941	      0.00000000	      0.00000000	      0.00000000	      0.00000000	   -205.99199904	     31.69330378	     40.37035655	      0.00000000	      0.00000000	      0.00000000	      0.00000000	      0.00000000	    -30.51855904	     -5.77836558	    -24.09248675	      4.27174188	      9.94086853	     -4.98473282	      0.00000000	     -7.78048637	     -4.77903582	      0.00000000	    -29.06059434	     -3.27677989	    -33.76064292	      8.68433543	     14.89690267	     -4.98473282	      0.00000000	     -3.14261965	     20.01764430	      0.00000000
      0.66666667	    -22.46986453	     -3.06652358	   -175.31109056	      0.36242635	      0.05609825	     -0.54518789	    -21.96845161	     -1.48285351	     -1.17059230	     -6.99119622	      1.83513110	     -1.40982701	     -0.00081047	     -0.00826522	      0.01212696	      0.00000000	      0.00000000	      0.00000000	      0.00981249	      0.00177340	      0.00358885	      0.00000000	      0.00000000	      0.00000000	      0.02880713	     -0.00533500	     -0.01395009	    225.29774979	     29.27776552	    -85.69469942	     31.45387904	      0.00000000	      0.00000000	      0.00000000	      0.00000000	   -206.18052886	     31.44854676	     40.94700395	      0.00000000	      0.00000000	      0.00000000	      0.00000000	      0.00000000	    -30.62897794	     -5.70351639	    -24.01778279	      4.18094691	      9.83767681	     -4.98473282	      0.00000000	     -7.91322015	     -4.77278335	      0.00000000	    -29.19342853	     -3.17367814	    -33.99536638	      9.04299439	     14.89690267	     -4.98473282	      0.00000000	     -3.64872293	     19.74867634	      0.00000000
      0.70000000	    -23.43059053	     -2.94006201	   -175.68876902	      0.36201251	      0.05632867	     -0.54462257	    -22.78943360	     -1.43252529	     -0.93287187	     -6.24863849	      0.00483566	     -0.49678111	      0.00155697	     -0.00894108	      0.01715586	      0.00000000	      0.00000000	      0.00000000	      0.01274988	     -0.00053496	      0.00310236	      0.00000000	      0.00000000	      0.00000000	      0.02608028	     -0.00317405	     -0.01512653	    224.70665497	     28.18196054	    -83.22102421	     30.95965914	      0.00000000	      0.00000000	      0.00000000	      0.00000000	   -205.86225320	     32.53145451	     48.46819531	      0.00000000	      0.00000000	      0.00000000	      0.00000000	      0.00000000	    -31.57929224	     -5.61262406	    -22.48168926	      4.30667752	      9.12151214	     -4.98473282	      0.00000000	     -8.36984896	     -6.18625016	      0.00000000	    -30.45493365	     -3.17035055	    -33.74621080	      9.16413932	     14.89690267	     -4.98473282	      0.00000000	     -3.79074203	     18.44119495	      0.00000000
      0.73333333	    -23.35186904	     -2.90932480	   -175.84780004	      0.36233422	      0.05656975	     -0.54446087	    -22.59971224	     -1.52913161	     -0.53488196	     -5.40922547	     -0.45784097	     -2.33135025	      0.00356582	     -0.01121191	      0.01569259	      0.00000000	      0.00000000	      0.00000000	      0.01168004	     -0.00284677	      0.00330754	      0.00000000	      0.00000000	      0.00000000	      0.02650128	     -0.00174770	     -0.01456984	    224.56667112	     27.36336755	    -80.41821419	     30.43287341	      0.00000000	      0.00000000	      0.00000000	      0.00000000	   -206.03317774	     33.33915800	     54.63033470	      1.14957355	      0.00000000	      0.00000000	      0.00000000	      0.00000000	    -31.33196786	     -5.62267098	    -21.59726527	      4.41602305	      8.23580352	     -4.98473282	      0.00000000	     -8.30835280	     -7.13514147	      0.00000000	    -30.37886412	     -3.16995788	    -33.45410178	      8.93323900	     14.89690267	     -4.98473282	      0.00000000	     -3.39316605	     17.50247025	      0.00000000
      0.76666667	    -23.46257747	     -3.12146225	   -175.88015728	      0.36224773	      0.05680678	     -0.54401733	    -22.59333137	     -1.75155208	     -0.59759388	     -4.99696548	     -0.88331289	     -2.52474047	      0.00585465	     -0.01328791	      0.01631629	      0.00000000	      0.00000000	      0.00000000	      0.00857654	     -0.00222687	      0.00458516	      0.00000000	      0.00000000	      0.00000000	      0.02797005	     -0.00131390	     -0.01473678	    224.79218864	     28.01589795	    -80.07816483	     30.18787144	      0.00000000	      0.00000000	      0.00000000	      0.00000000	   -206.10446795	     33.69891717	     54.63991389	      1.41858193	      0.00000000	      0.00000000	      0.00000000	      0.00000000	    -31.40024542	     -5.89856337	    -21.71776439	      4.47425251	      8.00187433	     -4.98473282	      0.00000000	     -8.35604780	     -7.20989744	      0.00000000	    -30.49840454	     -2.92068981	    -33.45022658	      8.88305968	     14.89690267	     -4.98473282	      0.00000000	     -3.28461538	     17.51706908	      0.00000000
      0.80000000	    -23.55778503	     -3.63581888	   -175.74714565	      0.36261853	      0.05701087	     -0.54359552	    -22.80362400	     -2.17517390	     -0.49183466	     -3.99328480	     -1.55023932	     -3.14186951	      0.00893141	     -0.01608273	      0.01783506	      0.00000000	      0.00000000	      0.00000000	      0.00446213	     -0.00116275	      0.00520015	      0.00000000	      0.00000000	      0.00000000	      0.03078446	     -0.00170822	     -0.01529486	    225.00527747	     28.02585157	    -79.30999776	     29.72733803	      0.00000000	      0.00000000	      0.00000000	      0.00000000	   -205.87902438	     33.68115760	     53.95708990	      1.80226414	      0.00000000	      0.00000000	      0.00000000	      0.00000000	    -31.60919396	     -6.48271165	    -21.49013735	      4.33893618	      7.80346199	     -4.98473282	      0.00000000	     -8.23807929	     -7.17813704	      0.00000000	    -30.43683480	     -2.56224717	    -33.05021732	      8.61608858	     14.89690267	     -4.98473282	      0.00000000	     -3.42812148	     18.05296323	      0.00000000
      0.83333333	    -23.71292760	     -3.61196445	   -175.89398716	      0.36261174	      0.05728914	     -0.54297790	    -23.01912212	     -1.99573937	     -0.08109749	     -3.43125380	     -1.06500737	     -3.86522271	      0.01160797	     -0.01770968	      0.01565820	      0.00000000	      0.00000000	      0.00000000	      0.00685082	     -0.00181951	      0.00405861	      0.00000000	      0.00000000	      0.00000000	      0.03351446	     -0.00475821	     -0.01758651	    224.24474487	     26.59289878	    -75.46252432	     28.72459832	      0.00000000	      0.00000000	      0.00000000	      0.00000000	   -205.01099199	     33.33963639	     46.17259837	      0.28789600	      0.00000000	      0.00000000	      0.00000000	      0.00000000	    -31.75610549	     -6.68125795	    -19.95987187	      4.21305889	      6.27813039	     -4.98473282	      0.00000000	     -8.39633843	     -6.46083022	      0.00000000	    -30.66427322	     -2.49741930	    -33.81438359	      8.83942561	     14.89690267	     -4.98473282	      0.00000000	     -3.78557723	     20.01487442	      0.00000000
      0.86666667	    -23.36625285	     -3.66779028	   -175.70642725	      0.36299606	      0.05721989	     -0.54257917	    -22.78203743	     -1.91739147	     -0.46246763	     -3.38573828	     -1.33923833	     -2.87258195	      0.01251610	     -0.01820712	      0.01803964	      0.00000000	      0.00000000	      0.00000000	      0.00645574	      0.00016662	      0.00390399	      0.00000000	      0.00000000	      0.00000000	      0.03328406	     -0.00707498	     -0.01861783	    224.59721548	     27.90724017	    -78.29116264	     29.59374066	      0.00000000	      0.00000000	      0.00000000	      0.00000000	   -204.95047348	     32.95121639	     42.75174201	      0.00000000	      0.00000000	      0.00000000	      0.00000000	      0.00000000	    -31.37386612	     -6.70586707	    -19.59567737	      3.99649835	      5.52461519	     -4.98473282	      0.00000000	     -8.06926309	     -6.20594930	      0.00000000	    -30.18876219	     -2.59255730	    -33.82313830	      8.75870078	     14.89690267	     -4.98473282	      0.00000000	     -3.84778953	     20.74865272	      0.00000000
      0.90000000	    -23.14750062	     -3.31736927	   -175.81515549	      0.36265792	      0.05684980	     -0.54223428	    -22.51748163	     -1.48995521	     -0.16306144	     -3.87369725	     -0.97186428	     -2.21933436	      0.01247906	     -0.01666037	      0.01850507	      0.00000000	      0.00000000	      0.00000000	      0.00585015	      0.00110095	      0.00407057	      0.00000000	      0.00000000	      0.00000000	      0.03344515	     -0.00888656	     -0.01896725	    225.11142558	     28.75223655	    -80.71298427	     31.09638550	      0.00000000	      0.00000000	      0.00000000	      0.00000000	   -205.04305212	     32.94691271	     41.77074105	      0.00000000	      0.00000000	      0.00000000	      0.00000000	      0.00000000	    -31.08953673	     -6.34029242	    -19.46029764	      4.16012174	      4.95233517	     -4.98473282	      0.00000000	     -8.00951708	     -5.87038814	      0.00000000	    -30.03750242	     -2.87882243	    -33.88013241	      8.90006410	     14.89690267	     -4.98473282	      0.00000000	     -3.30490085	     20.58007346	      0.00000000
      0.93333333	    -22.88537299	     -3.01176959	   -176.00138594	      0.36243346	      0.05657594	     -0.54166833	    -22.20099647	     -1.14508727	      0.11229833	     -4.31323881	     -0.92378147	     -1.44207465	      0.01174934	     -0.01480867	      0.01972154	      0.00000000	      0.00000000	      0.00000000	      0.00220539	      0.00326606	      0.00447776	      0.00000000	      0.00000000	      0.00000000	      0.03195229	     -0.01007735	     -0.01955161	    226.37131624	     30.30662045	    -85.13511537	     33.76038154	      0.00000000	      0.00000000	      0.00000000	      0.00000000	   -205.14143736	     33.13192559	     41.20024681	      0.00000000	      0.00000000	      0.00000000	      0.00000000	      0.00000000	    -30.75101955	     -6.11507055	    -19.29161053	      4.26116009	      4.74247181	     -4.98473282	      0.00000000	     -8.00615644	     -5.54800880	      0.00000000	    -29.94728417	     -2.95355937	    -33.11330998	      9.23601431	     14.89690267	     -4.98473282	      0.00000000	     -2.97299843	     19.20670422	      0.00000000
      0.96666667	    -23.06592081	     -2.84938568	   -176.30273840	      0.36214807	      0.05668726	     -0.54092374	    -22.38158187	     -0.92885506	      0.48919887	     -4.62079819	     -0.91332707	     -1.05366075	      0.01000655	     -0.01321149	      0.01968537	      0.00000000	      0.00000000	      0.00000000	     -0.00153982	      0.00510894	      0.00337585	      0.00000000	      0.00000000	      0.00000000	      0.02962378	     -0.00989473	     -0.01963364	    227.12353227	     31.05363577	    -88.02656782	     35.02217456	      0.00000000	      0.00000000	      0.00000000	      0.00000000	   -205.41685302	     33.40178381	     40.78388671	      0.21184720	      0.00000000	      0.00000000	      0.00000000	      0.00000000	    -30.99512521	     -6.09252494	    -19.32461464	      4.45189079	      5.47695628	     -4.98473282	      0.00000000	     -8.39185664	     -5.67491671	      0.00000000	    -30.34777640	     -2.75599695	    -31.89003364	      9.52324268	     14.89690267	     -4.98473282	      0.00000000	     -3.12020050	     16.79101201	      0.00000000
      1.00000000	    -23.47608245	     -2.97967359	   -176.52938983	      0.36159729	      0.05710888	     -0.54065709	    -22.84672477	     -1.20850198	      0.68809556	     -4.53297609	     -1.09214892	     -1.23799479	      0.00790939	     -0.01308201	      0.02072689	      0.00000000	      0.00000000	      0.00000000	     -0.00298937	      0.00375492	      0.00345700	      0.00000000	      0.00000000	      0.00000000	      0.02683792	     -0.00746183	     -0.01662172	    226.66383638	     30.60575748	    -87.55604151	     33.37142677	      0.00000000	      0.00000000	      0.00000000	      0.00000000	   -206.02957962	     33.48734457	     40.40105553	      1.10650257	      0.00000000	      0.00000000	      0.00000000	      0.00000000	    -31.71189153	     -6.26384098	    -19.75313590	      4.90486048	      6.77640027	     -4.98473282	      0.00000000	     -8.81962113	     -6.13547070	      0.00000000	    -30.94251116	     -2.37752636	    -31.12564428	      9.71227049	     14.89690267	     -4.98473282	      0.00000000	     -3.76107255	     15.35873821	      0.00000000
      1.03333333	    -23.93101737	     -2.96171037	   -176.58796196	      0.36139143	      0.05731321	     -0.54054304	    -23.40025575	     -1.16355507	      0.60019340	     -4.44813099	     -1.18853058	     -1.69996339	      0.00523718	     -0.01343094	      0.01902081	      0.00000000	      0.00000000	      0.00000000	     -0.00219320	      0.00302962	      0.00376919	      0.00000000	      0.00000000	      0.00000000	      0.02435587	     -0.00636524	     -0.01490321	    225.36733022	     29.97359175	    -84.15146820	     30.28161687	      0.00000000	      0.00000000	      0.00000000	      0.00000000	   -206.35896851	     33.66350003	     40.18537394	      0.62418935	      0.00000000	      0.00000000	      0.00000000	      0.00000000	    -32.39619007	     -6.20684467	    -20.81074915	      5.38376506	      8.17072114	     -4.98473282	      0.00000000	     -8.99169285	     -6.43520015	      0.00000000	    -31.43508325	     -2.34938470	    -31.55062476	      9.73391261	     14.89690267	     -4.98473282	      0.00000000	     -3.96145791	     15.86722277	      0.00000000
      1.06666667	    -23.91533644	     -2.83969432	   -176.52169176	      0.36123943	      0.05695190	     -0.54112075	    -23.41765183	     -1.12166392	      0.45319712	     -4.61907581	     -1.06524379	     -2.28078271	      0.00256317	     -0.01386797	      0.01727505	      0.00000000	      0.00000000	      0.00000000	     -0.00020234	      0.00243968	      0.00574367	      0.00000000	      0.00000000	      0.00000000	      0.02530034	     -0.00709815	     -0.01280454	    224.51986068	     29.57261635	    -79.80360045	     28.10129586	      0.00000000	      0.00000000	      0.00000000	      0.00000000	   -206.51494999	     33.44675402	     40.19228645	      0.00000000	      0.00000000	      0.00000000	      0.00000000	      0.00000000	    -32.45244860	     -5.95400635	    -22.34160242	      5.78638719	      8.83161818	     -4.98473282	      0.00000000	     -8.86944470	     -5.86526075	      0.00000000	    -31.31303217	     -2.58116310	    -33.43665159	      9.66689746	     14.89690267	     -4.98473282	      0.00000000	     -3.57954855	     18.24798944	      0.00000000
      1.10000000	    -23.75050631	     -2.69527005	   -176.30308146	      0.36109122	      0.05625422	     -0.54181134	    -23.21676020	     -0.95415403	      0.05698795	     -5.11815595	     -0.73567527	     -2.51766464	      0.00091582	     -0.01342264	      0.01506502	      0.00000000	      0.00000000	      0.00000000	      0.00121706	      0.00236784	      0.00775174	      0.00000000	      0.00000000	      0.00000000	      0.02946477	     -0.00925304	     -0.01235308	    224.15367106	     29.81435950	    -77.54332584	     27.56749125	      0.00000000	      0.00000000	      0.00000000	      0.00000000	   -206.85704492	     32.76064407	     40.81125948	      0.00000000	      0.00000000	      0.00000000	      0.00000000	      0.00000000	    -32.27855850	     -5.67121094	    -23.21290597	      5.87014849	      8.61261232	     -4.98473282	      0.00000000	     -8.86334250	     -4.85342612	      0.00000000	    -30.91964997	     -3.01525552	    -34.65982875	      9.27299938	     14.89690267	     -4.98473282	      0.00000000	     -2.84884464	     19.47111669	      0.00000000
      1.13333333	    -23.76023837	     -2.82418885	   -176.28308722	      0.36081522	      0.05565182	     -0.54240719	    -23.26676968	     -1.10024639	     -0.10015341	     -5.31835649	     -0.64334978	     -2.55738260	      0.00131967	     -0.01279061	      0.01451164	      0.00000000	      0.00000000	      0.00000000	      0.00133793	      0.00127416	      0.00879975	      0.00000000	      0.00000000	      0.00000000	      0.03273617	     -0.01052377	     -0.01505701	    223.94685345	     29.93293574	    -77.41860119	     27.75185173	      0.00000000	      0.00000000	      0.00000000	      0.00000000	   -206.66564906	     32.40219130	     40.83312148	      0.00000000	      0.00000000	      0.00000000	      0.00000000	      0.00000000	    -32.25743130	     -5.75995822	    -23.34282285	      5.62259893	      8.50540423	     -4.98473282	      0.00000000	     -9.09951404	     -4.78220952	      0.00000000	    -30.83746870	     -2.99386622	    -34.97611027	      9.03528804	     14.89690267	     -4.98473282	      0.00000000	     -2.69498564	     19.28297738	      0.00000000
      1.16666667	    -23.71780388	     -3.11041087	   -176.02618850	      0.36064184	      0.05557300	     -0.54362604	    -23.30482249	     -1.41816497	     -0.30184043	     -6.58754221	      0.54525827	     -2.82372281	      0.00116493	     -0.01050832	      0.01263338	      0.00000000	      0.00000000	      0.00000000	      0.00163972	      0.00052864	      0.00779223	      0.00000000	      0.00000000	      0.00000000	      0.03339330	     -0.01083778	     -0.01621129	    224.62066682	     29.97538379	    -78.54357213	     28.57305046	      0.00000000	      0.00000000	      0.00000000	      0.00000000	   -206.82044569	     32.08107540	     38.72168772	      0.98057196	      0.00000000	      0.00000000	      0.00000000	      0.00000000	    -32.20111024	     -5.87259614	    -23.05310167	      5.14612883	      8.62953305	     -4.98473282	      0.00000000	     -9.42832496	     -5.60063643	      0.00000000	    -30.52812168	     -3.07869289	    -33.51449987	      8.31558418	     14.89690267	     -4.98473282	      0.00000000	     -2.55102723	     17.30482941	      0.00000000
      1.20000000	    -24.07949146	     -3.31276317	   -176.14858289	      0.36030872	      0.05576175	     -0.54495359	    -23.77170257	     -1.69394644	      0.08621214	     -7.28133953	      1.19683930	     -2.58940287	      0.00411272	     -0.00893045	      0.01352885	      0.00000000	      0.00000000	      0.00000000	      0.00151238	      0.00334765	      0.00723501	      0.00000000	      0.00000000	      0.00000000	      0.03128908	     -0.01142152	     -0.01542642	    225.73262359	     30.51676900	    -79.56999273	     29.38953891	      0.00000000	      0.00000000	      0.00000000	      0.00000000	   -207.71338892	     31.65134875	     37.47244602	      3.49326352	      0.00000000	      0.00000000	      0.00000000	      0.00000000	    -32.24962998	     -6.14631176	    -22.25640933	      4.23373295	      9.00010962	     -4.98473282	      0.00000000	     -9.41510633	     -7.16594797	      0.00000000	    -30.86664005	     -2.95792559	    -32.94749049	      8.12793678	     14.89690267	     -4.98473282	      0.00000000	     -2.93436553	     16.55816992	      0.00000000
      1.23333333	    -24.36920021	     -3.36194624	   -176.35980730	      0.36076330	      0.05614722	     -0.54657015	    -24.29823951	     -1.85355951	      0.75195941	     -7.80366121	      1.79462129	     -2.30722049	      0.00706348	     -0.00781178	      0.01533984	      0.00000000	      0.00000000	      0.00000000	      0.00212624	      0.00741860	      0.00815489	      0.00000000	      0.00000000	      0.00000000	      0.02764131	     -0.01266230	     -0.01373907	    226.84419226	     31.10485882	    -79.90443171	     29.99897237	      0.00000000	      0.00000000	      0.00000000	      0.00000000	   -208.53619232	     31.57452031	     37.68279785	      5.37948986	      0.00000000	      0.00000000	      0.00000000	      0.00000000	    -31.92777945	     -6.35221129	    -21.35235648	      3.15495609	      8.81969718	     -4.98473282	      0.00000000	     -9.44222162	     -8.45740235	      0.00000000	    -31.03358191	     -2.95547581	    -32.89246509	      7.83728157	     14.89690267	     -4.98473282	      0.00000000	     -3.35069149	     16.24553962	      0.00000000
      1.26666667	    -24.69242961	     -3.31396499	   -176.56112718	      0.36225949	      0.05645244	     -0.54826433	    -25.02160532	     -1.81341783	      1.58628628	     -8.03011401	      2.13939742	     -1.92245384	      0.00947661	     -0.00707472	      0.01700412	      0.00000000	      0.00000000	      0.00000000	      0.00289804	      0.01011006	      0.00893380	      0.00000000	      0.00000000	      0.00000000	      0.02572490	     -0.01336199	     -0.01342628	    227.07425288	     31.27666827	    -79.78192640	     29.86343641	      0.00000000	      0.00000000	      0.00000000	      0.00000000	   -208.85374264	     31.92372533	     38.34639383	      6.05733971	      0.00000000	      0.00000000	      0.00000000	      0.00000000	    -31.44611473	     -6.48870036	    -20.95575512	      1.93101300	      8.45395439	     -4.98473282	      0.00000000	     -9.11987354	     -8.55073308	      0.00000000	    -31.02067626	     -3.13498100	    -32.86729160	      7.10779952	     14.89690267	     -4.98473282	      0.00000000	     -3.25499703	     15.79454253	      0.00000000
      1.30000000	    -24.39907029	     -3.24306061	   -176.58833982	      0.36543338	      0.05670108	     -0.54950656	    -25.28069394	     -1.60389269	      2.16653971	     -7.73632416	      1.88915564	     -1.58403212	      0.01134623	     -0.00814760	      0.01851124	      0.00000000	      0.00000000	      0.00000000	      0.00261359	      0.00928703	      0.00864303	      0.00000000	      0.00000000	      0.00000000	      0.02773635	     -0.01093053	     -0.00894679	    226.20993704	     31.58845548	    -80.81392447	     29.12722026	      0.00000000	      0.00000000	      0.00000000	      0.00000000	   -210.55271188	     31.77556990	     42.36497678	      8.29670524	      0.00000000	      0.00000000	      0.00000000	      0.00000000	    -30.04532595	     -6.66776928	    -18.69767879	      0.23768184	      5.53018000	     -4.98473282	      0.00000000	     -8.04763499	     -7.51737818	      0.00000000	    -30.05199865	     -3.40830846	    -30.98875774	      5.76398486	     14.89690267	     -4.98473282	      0.00000000	     -3.04052264	     11.71432873	      0.00000000
      1.33333333	    -24.29936050	     -3.29266675	   -176.43649776	      0.36889090	      0.05631614	     -0.55107267	    -25.83017589	     -1.44167195	      2.52941776	     -7.44295847	      1.71297509	     -1.65137884	      0.01250396	     -0.00776357	      0.01832590	      0.00000000	      0.00000000	      0.00000000	      0.00238651	      0.00931880	      0.00610786	      0.00000000	      0.00000000	      0.00000000	      0.03193073	     -0.00606558	     -0.00616998	    226.03112680	     32.05258409	    -83.81125838	     30.06847556	      0.00000000	      0.00000000	      0.00000000	      0.00000000	   -211.43721947	     31.61087567	     44.90513462	      9.81035886	      0.00000000	      0.00000000	      0.00000000	      0.00000000	    -28.93497897	     -6.77546716	    -17.35648781	     -1.51747925	      4.12220626	     -4.98473282	      0.00000000	     -6.67835924	     -7.35919982	      0.00000000	    -29.21209275	     -3.77840208	    -29.81001156	      4.51454055	     14.89690267	     -4.98473282	      0.00000000	     -2.04982608	      9.99673310	      0.00000000
      1.36666667	    -23.75210797	     -3.35862897	   -176.15581402	      0.37296480	      0.05557097	     -0.55265777	    -26.00714932	     -1.17199008	      2.58536162	     -7.08157623	      1.09019003	     -1.81223879	      0.01342852	     -0.00672346	      0.01728892	      0.00000000	      0.00000000	      0.00000000	      0.00463086	      0.01045376	      0.00211686	      0.00000000	      0.00000000	      0.00000000	      0.03471702	     -0.00247628	     -0.00487951	    225.75239878	     32.33656503	    -87.10714796	     31.50481767	      0.00000000	      0.00000000	      0.00000000	      0.00000000	   -212.28012924	     31.28174072	     47.76495783	     11.09023086	      0.00000000	      0.00000000	      0.00000000	      0.00000000	    -27.34223066	     -6.85920691	    -15.76923861	     -3.38411833	      3.28637934	     -4.98473282	      0.00000000	     -5.17525606	     -8.30221938	      0.00000000	    -27.94121075	     -4.19822423	    -28.84586625	      3.56351284	     14.89690267	     -4.98473282	      0.00000000	     -1.06292664	      9.01494983	      0.00000000
      1.40000000	    -23.08412332	     -3.46794677	   -175.99390691	      0.37719941	      0.05476852	     -0.55488419	    -26.19492072	     -1.10044707	      2.60055626	     -6.32130709	      0.65935935	     -2.43633805	      0.01500130	     -0.00500389	      0.01549103	      0.00000000	      0.00000000	      0.00000000	      0.00821202	      0.01281844	      0.00150020	      0.00000000	      0.00000000	      0.00000000	      0.03447137	     -0.00155938	     -0.00557328	    224.81113296	     32.00019223	    -88.11862477	     32.31295081	      0.00000000	      0.00000000	      0.00000000	      0.00000000	   -212.88038273	     30.76928342	     50.62388141	     12.20709535	      0.00000000	      0.00000000	      0.00000000	      0.00000000	    -25.69032655	     -6.94373259	    -13.98891450	     -4.99600979	      2.58579153	     -4.98473282	      0.00000000	     -4.04321314	     -9.83593799	      0.00000000	    -26.59435072	     -4.63117998	    -28.03988997	      2.59706850	     14.89690267	     -4.98473282	      0.00000000	      0.15102295	      8.58485867	      0.00000000
      1.43333333	    -22.80886092	     -3.68780497	   -176.25648340	      0.38094354	      0.05450932	     -0.55753625	    -26.85426105	     -1.47047032	      2.65561376	     -5.53602802	      0.43929623	     -3.02141792	      0.01679740	     -0.00234857	      0.01469403	      0.00000000	      0.00000000	      0.00000000	      0.01183255	      0.01572841	      0.00425492	      0.00000000	      0.00000000	      0.00000000	      0.03407091	     -0.00277364	     -0.00592164	    223.12387915	     31.14295274	    -86.42636556	     31.50176665	      0.00000000	      0.00000000	      0.00000000	      0.00000000	   -213.27041024	     29.56812879	     51.30289911	     13.03513308	      0.00000000	      0.00000000	      0.00000000	      0.00000000	    -24.52999659	     -7.26164746	    -12.84517645	     -6.27633636	      2.36161612	     -4.98473282	      0.00000000	     -3.30235365	    -10.64346192	      0.00000000	    -25.81321409	     -4.83517475	    -27.23272306	      1.57704903	     14.89690267	     -4.98473282	      0.00000000	      1.34833473	      8.13404379	      0.00000000
      1.46666667	    -22.27562081	     -3.84304362	   -176.77310247	      0.38546634	      0.05523125	     -0.55983559	    -27.47217760	     -1.82909168	      2.93699025	     -4.24743516	      0.27666639	     -3.72113498	      0.01833343	     -0.00145357	      0.01253527	      0.00000000	      0.00000000	      0.00000000	      0.01248416	      0.01719778	      0.00748148	      0.00000000	      0.00000000	      0.00000000	      0.03522278	     -0.00407793	     -0.00604643	    220.69897093	     30.02352238	    -83.95366367	     29.50790714	      0.00000000	      0.00000000	      0.00000000	      0.00000000	   -213.41818914	     28.10797936	     50.46772622	     13.41633270	      0.00000000	      0.00000000	      0.00000000	      0.00000000	    -22.93386886	     -7.72834677	    -11.49662507	     -7.63135102	      2.25675073	     -4.98473282	      0.00000000	     -2.98904075	    -10.89878519	      0.00000000	    -24.37345149	     -4.99947511	    -26.46962059	     -0.20731326	     14.89690267	     -4.98473282	      0.00000000	      2.51302451	      6.36673592	      0.00000000
      1.50000000	    -21.75501339	     -3.74796745	   -177.58648783	      0.39043536	      0.05608997	     -0.56137187	    -28.23617125	     -2.18991188	      3.49386023	     -2.91414853	     -0.15943310	     -3.95103429	      0.01880744	     -0.00165052	      0.01284172	      0.00000000	      0.00000000	      0.00000000	      0.01131376	      0.01836900	      0.00989716	      0.00000000	      0.00000000	      0.00000000	      0.03765167	     -0.00292965	     -0.00654367	    219.10786775	     29.64753032	    -85.15599802	     28.28407564	      0.00000000	      0.00000000	      0.00000000	      0.00000000	   -211.68597799	     27.39872085	     48.76712901	     11.18549681	      0.00000000	      0.00000000	      0.00000000	      0.00000000	    -20.99715746	     -8.21917657	    -10.41553735	     -9.39197182	      2.66964848	     -4.98473282	      0.00000000	     -2.40211183	    -10.13843792	      0.00000000	    -22.62270266	     -5.37526434	    -25.74249977	     -2.60438193	     14.45972054	     -4.98473282	      0.00000000	      4.35150917	      3.71832584	      0.00000000
      1.53333333	    -20.80888124	     -3.38104256	   -178.34841518	      0.39645235	      0.05622249	     -0.56154590	    -28.73716106	     -2.22352250	      4.05990971	     -1.66121584	     -1.05317364	     -3.62252217	      0.01753091	     -0.00350043	      0.01415346	      0.00000000	      0.00000000	      0.00000000	      0.00937600	      0.02013883	      0.01026403	      0.00000000	      0.00000000	      0.00000000	      0.04019868	     -0.00049015	     -0.00919412	    218.13611549	     30.04876165	    -90.77255058	     27.98496115	      0.00000000	      0.00000000	      0.00000000	      0.00000000	   -208.63330772	     27.43708656	     47.38140144	      6.93340800	      0.00000000	      0.00000000	      0.00000000	      0.00000000	    -18.11119082	     -8.60333004	     -9.83648243	    -11.89765175	      3.40382741	     -4.98473282	      0.00000000	     -1.25412105	     -9.07655329	      0.00000000	    -19.82959062	     -6.16630844	    -24.05823926	     -5.82772451	     11.76057301	     -4.98473282	      0.00000000	      6.79896367	      1.86619682	      0.00000000
      1.56666667	    -18.29377197	     -3.13938215	   -178.15146631	      0.40445891	      0.05418619	     -0.56060841	    -27.79991938	     -2.27366241	      3.34994363	     -0.92902175	     -1.92806866	     -2.49451592	      0.01363474	     -0.00641975	      0.01847161	      0.00000000	      0.00000000	      0.00000000	      0.00786347	      0.02018672	      0.01240902	      0.00000000	      0.00000000	      0.00000000	      0.04128754	      0.00084674	     -0.01087507	    217.41522221	     30.99435578	    -99.00278283	     28.08346701	      0.00000000	      0.00000000	      0.00000000	      0.00000000	   -205.84139754	     26.73347917	     45.20005196	      3.38019454	      0.00000000	      0.00000000	      0.00000000	      0.00000000	    -12.90663641	     -8.99470242	     -9.37668410	    -16.00631556	      3.37915768	     -4.98473282	      0.00000000	      1.27885152	     -8.31154919	      0.00000000	    -13.95166315	     -7.26782129	    -19.27704106	    -11.27113246	      7.16569775	     -4.98473282	      0.00000000	      9.86272080	      0.60215020	      0.00000000
      1.60000000	    -16.20609511	     -2.24956316	   -178.42736121	      0.41149797	      0.05010778	     -0.55748540	    -27.35773389	     -1.37044998	      3.37713117	      1.52455813	     -3.69941076	     -1.56422263	      0.01263893	     -0.01157671	      0.02064656	      0.00000000	      0.00000000	      0.00000000	      0.00720140	      0.02097959	      0.00986818	      0.00000000	      0.00000000	      0.00000000	      0.04033823	     -0.00481138	     -0.01593795	    217.48340593	     29.97154467	   -100.99344472	     29.01371524	      0.00000000	      0.00000000	      0.00000000	      0.00000000	   -204.48658050	     25.03778123	     44.68825004	      1.57649781	      0.00000000	      0.00000000	      0.00000000	      0.00000000	     -7.40500951	     -9.23964116	     -9.95957323	    -21.19872316	      4.12143472	     -4.98473282	      0.00000000	      3.46459545	     -6.95342752	      0.00000000	     -8.90579857	     -8.88488324	    -18.32620498	    -16.46570589	      5.38990824	     -4.98473282	      0.00000000	     12.27045747	      0.77462604	      0.00000000
      1.63333333	    -11.09989609	     -1.84101561	   -178.11951675	      0.42081150	      0.04118457	     -0.55397913	    -23.63538165	     -0.99092929	      2.67256260	      2.36570708	     -4.34977346	     -0.25985346	      0.00857290	     -0.01543512	      0.02224861	      0.00000000	      0.00000000	      0.00000000	      0.00924333	      0.01791809	      0.00594896	      0.00000000	      0.00000000	      0.00000000	      0.03844567	     -0.01282651	     -0.01700966	    218.72891589	     28.23364023	   -100.01161864	     30.56047205	      0.00000000	      0.00000000	      0.00000000	      0.00000000	   -204.65110668	     22.39955350	     42.56782512	      2.20694286	      0.00000000	      0.00000000	      0.00000000	      0.00000000	      2.51337181	    -10.05099292	     -9.45559394	    -28.81740812	      2.67340232	     -4.98473282	      0.00000000	      7.19950713	     -5.13220944	      0.00000000	      0.93498249	    -10.08176152	    -15.06977752	    -24.58754959	      3.44810221	     -4.98473282	      0.00000000	     14.66746930	      2.17634204	      0.00000000
      1.66666667	     -5.52131611	     -1.73115059	   -177.04495555	      0.42939600	      0.02784456	     -0.54923084	    -19.30745961	     -0.65176222	      1.09861370	      4.58412972	     -4.38596214	      0.41260241	      0.00778052	     -0.01962064	      0.02173195	      0.00000000	      0.00000000	      0.00000000	      0.01380094	      0.01448492	      0.00280544	      0.00000000	      0.00000000	      0.00000000	      0.03526574	     -0.01765055	     -0.01677609	    218.60054840	     26.09089798	    -97.76186065	     30.30803761	      0.00000000	      0.00000000	      0.00000000	      0.00000000	   -205.56243963	     19.57319615	     42.63485997	      5.24274756	      0.00000000	      0.00000000	      0.00000000	      0.00000000	     12.92002061	    -11.99911753	    -10.71243003	    -36.95360879	      2.07143490	     -4.98473282	      0.00000000	     10.33050679	     -2.19525521	      0.00000000	     11.76045755	    -10.69067557	    -12.39878950	    -33.22130668	      1.76363278	     -4.98473282	      0.00000000	     16.85958111	      5.81680643	      0.00000000
      1.70000000	     -0.31018346	     -1.71064304	   -175.27316544	      0.43582060	      0.01069862	     -0.54521477	    -15.03773622	     -0.49529972	     -0.82004829	      5.73834940	     -4.15575389	      0.49334804	      0.00602798	     -0.02164118	      0.02112615	      0.00000000	      0.00000000	      0.00000000	      0.02047925	      0.01489093	      0.00169021	      0.00000000	      0.00000000	      0.00000000	      0.03017484	     -0.01463677	     -0.01664608	    216.82401187	     24.18060614	    -95.63169455	     27.87193113	      0.00000000	      0.00000000	      0.00000000	      0.00000000	   -206.01031051	     18.81079278	     46.10620499	      8.27959704	      0.00000000	      0.00000000	      0.00000000	      0.00000000	     22.12488259	    -14.70006568	    -12.76699310	    -44.38314233	      2.88090972	     -4.98473282	      0.00000000	     12.87304144	     -0.91669849	      0.00000000	     22.02969315	    -11.17992243	    -11.34277234	    -41.33796054	      1.49796203	     -4.98473282	      0.00000000	     18.61785459	      9.99555310	      0.00000000
      1.73333333	      0.50900443	     -2.10206945	   -173.40710092	      0.43842815	     -0.00698720	     -0.54141855	    -15.73545329	     -0.47703680	     -2.94247421	      7.95279925	     -2.59991756	      1.06988928	      0.00565000	     -0.02333156	      0.01871545	      0.00000000	      0.00000000	      0.00000000	      0.02675536	      0.02151404	      0.00428053	      0.00000000	      0.00000000	      0.00000000	      0.02559625	     -0.00728139	     -0.01616232	    213.26280623	     22.00574683	    -93.26368861	     23.75364835	      0.00000000	      0.00000000	      0.00000000	      0.00000000	   -205.51280603	     18.09103813	     46.38940279	      9.93134922	      0.00000000	      0.00000000	      0.00000000	      0.00000000	     25.18454640	    -17.90110131	    -12.22230476	    -49.94567470	      3.81688702	     -2.63055156	      0.00000000	     15.42273996	     -1.60668574	      0.00000000	     26.29020855	    -11.25440924	    -11.17480564	    -47.25644730	      3.01256340	     -4.98473282	      0.00000000	     20.57350067	     11.21730439	      0.00000000
      1.76666667	      4.25766626	     -1.50576093	   -171.59915355	      0.44293273	     -0.02791813	     -0.53915976	    -12.87494979	      0.14256259	     -4.00021773	      7.70301988	     -2.44081274	      1.50726380	      0.00383524	     -0.02388361	      0.01996479	      0.00000000	      0.00000000	      0.00000000	      0.03238987	      0.02930566	      0.00789268	      0.00000000	      0.00000000	      0.00000000	      0.02543666	     -0.00149829	     -0.01526242	    210.03361718	     19.37121767	    -86.51327773	     19.53360552	      0.00000000	      0.00000000	      0.00000000	      0.00000000	   -204.49656397	     18.80605691	     46.24341095	      9.65981164	      0.00000000	      0.00000000	      0.00000000	      0.00000000	     31.54241107	    -20.43361330	     -9.82643709	    -55.10064814	      5.12051156	      1.13220168	      0.00000000	     17.49875742	     -4.29574560	      0.00000000	     34.27478786	    -11.96482541	     -9.76051402	    -53.62619943	      4.74692659	     -4.03539007	      0.00000000	     23.23085726	     10.09004747	      0.00000000
      1.80000000	      6.51586425	     -0.92323154	   -170.13421885	      0.44692117	     -0.04842609	     -0.53755673	    -11.86678041	      0.96364646	     -4.92618083	      8.11836849	     -1.95004846	      1.98004546	      0.00413942	     -0.02568613	      0.01933709	      0.00000000	      0.00000000	      0.00000000	      0.03161879	      0.03640933	      0.00879256	      0.00000000	      0.00000000	      0.00000000	      0.02380088	      0.00229692	     -0.01604054	    208.94583960	     18.46709264	    -85.77459281	     19.49220314	      0.00000000	      0.00000000	      0.00000000	      0.00000000	   -203.05303915	     19.93724948	     46.91969313	      7.32998894	      0.00000000	      0.00000000	      0.00000000	      0.00000000	     36.26589994	    -22.61747729	     -8.97394016	    -59.81247359	      6.00946625	      3.22960069	      0.00000000	     19.22515041	     -5.46915288	      0.00000000	     40.18282913	    -12.68292686	     -9.45308730	    -59.03986504	      7.69652868	     -3.88606491	      0.00000000	     26.41350701	      8.51662159	      0.00000000
      1.83333333	      7.72352784	     -0.33351506	   -169.19736230	      0.45101747	     -0.06787278	     -0.53678553	    -12.42332660	      1.90371601	     -5.57210991	      9.60912346	     -1.59602237	      2.75165424	      0.00558826	     -0.02914435	      0.01949252	      0.00000000	      0.00000000	      0.00000000	      0.02845400	      0.03607128	      0.00751350	      0.00000000	      0.00000000	      0.00000000	      0.01987585	      0.00485972	     -0.01755181	    209.06573546	     17.85427398	    -88.68470098	     21.37037376	      0.00000000	      0.00000000	      0.00000000	      0.00000000	   -201.44454228	     21.01184684	     50.45250084	      4.21291869	      0.00000000	      0.00000000	      0.00000000	      0.00000000	     39.84272792	    -24.19910623	     -9.08965873	    -64.05024048	      6.33393090	      3.87157975	      0.00000000	     20.96188118	     -5.62797418	      0.00000000	     44.93119944	    -13.64162498	     -9.07913260	    -64.24670884	      9.54477970	     -3.65960902	      0.00000000	     29.19849365	      7.51925087	      0.00000000
      1.86666667	     10.26244171	      0.47581502	   -168.96881097	      0.45546596	     -0.08808109	     -0.53664150	    -11.34836280	      2.76618984	     -5.76876022	     10.55884021	     -1.84506150	      3.16467443	      0.00796808	     -0.03275889	      0.01891106	      0.00000000	      0.00000000	      0.00000000	      0.02192757	      0.03340614	      0.00523567	      0.00000000	      0.00000000	      0.00000000	      0.01646077	      0.00752361	     -0.01614700	    209.79426276	     19.42133097	    -96.12049133	     24.64179325	      0.00000000	      0.00000000	      0.00000000	      0.00000000	   -202.67327587	     21.89938894	     64.23192051	      5.87747369	      0.00000000	      0.00000000	      0.00000000	      0.00000000	     45.59551893	    -25.25267297	     -9.47194134	    -68.89353056	      6.16006584	      3.17788686	      0.00000000	     22.38542085	     -5.11494385	      0.00000000	     51.30632426	    -15.07573297	     -8.15898270	    -69.84054546	     12.60664595	     -2.74199694	      0.00000000	     30.28758716	      4.67223043	      0.00000000
      1.90000000	     11.36517583	      1.23970242	   -169.14711584	      0.45918233	     -0.10706015	     -0.53733970	    -12.16541242	      3.72427316	     -5.38990037	     12.10433109	     -2.38903912	      3.73365083	      0.00800940	     -0.03732163	      0.01923189	      0.00000000	      0.00000000	      0.00000000	      0.01688966	      0.03122630	      0.00138697	      0.00000000	      0.00000000	      0.00000000	      0.01441809	      0.00456542	     -0.01894571	    210.49591167	     19.14513905	    -99.23673369	     26.77426377	      0.00000000	      0.00000000	      0.00000000	      0.00000000	   -202.33066396	     21.55306859	     72.50266921	      5.28669653	      0.00000000	      0.00000000	      0.00000000	      0.00000000	     49.66092897	    -25.53731093	     -9.87357261	    -73.25380262	      6.24614225	      2.29973071	      0.00000000	     23.08318097	     -5.68829272	      0.00000000	     56.13512619	    -16.88816203	     -8.16013198	    -75.32318491	     14.36126887	     -3.02244336	      0.00000000	     30.48339303	      3.99171065	      0.00000000
      1.93333333	     12.09756422	      1.70410743	   -169.42147867	      0.46274996	     -0.12602806	     -0.53788687	    -13.60484910	      4.35776634	     -5.10607359	     15.32519127	     -2.61337585	      3.87285089	      0.00944147	     -0.04356591	      0.01816083	      0.00000000	      0.00000000	      0.00000000	      0.01817737	      0.02881882	     -0.00120127	      0.00000000	      0.00000000	      0.00000000	      0.01152710	      0.00079645	     -0.01666110	    209.55546852	     16.13151971	    -96.52529253	     25.03561704	      0.00000000	      0.00000000	      0.00000000	      0.00000000	   -203.97047537	     19.60667331	     74.91097787	      6.89327681	      0.00000000	      0.00000000	      0.00000000	      0.00000000	     53.44071061	    -25.79229909	     -9.54157979	    -77.63867039	      6.99577198	      1.65237301	      0.00000000	     23.35958934	     -6.06386062	      0.00000000	     60.36114741	    -18.35602943	     -7.37321547	    -80.01156530	     14.89690267	     -2.63249259	      0.00000000	     30.22070384	      3.96846901	      0.00000000
      1.96666667	     13.39525368	      2.44587990	   -170.27390554	      0.46623151	     -0.14657847	     -0.53934178	    -14.17172264	      4.75946407	     -4.23554707	     18.08096373	     -2.95247934	      3.85685039	      0.01013548	     -0.04972100	      0.01877986	      0.00000000	      0.00000000	      0.00000000	      0.01972382	      0.02809036	     -0.00160646	      0.00000000	      0.00000000	      0.00000000	      0.01001274	     -0.00318173	     -0.01289432	    208.30403046	     13.23637689	    -91.59810333	     22.32187668	      0.00000000	      0.00000000	      0.00000000	      0.00000000	   -205.31311003	     17.39914104	     73.86854594	      8.06066869	      0.00000000	      0.00000000	      0.00000000	      0.00000000	     58.04556949	    -25.08771127	     -8.76128772	    -81.94742062	      7.86392033	      0.95661617	      0.00000000	     23.14654657	     -5.95837342	      0.00000000	     65.51054484	    -20.33231348	     -6.00485798	    -84.86059164	     14.86299049	     -2.17861503	      0.00000000	     30.32488288	      5.25034135	      0.00000000
      2.00000000	     15.25579958	      3.27724262	   -171.43430070	      0.46985235	     -0.16922142	     -0.54131257	    -13.84175902	      4.86821918	     -3.15387090	     20.17734669	     -3.21828070	      3.76665709	      0.01030703	     -0.05516098	      0.02061768	      0.00000000	      0.00000000	      0.00000000	      0.01798772	      0.02593079	      0.00049143	      0.00000000	      0.00000000	      0.00000000	      0.01117866	     -0.00642270	     -0.00827096	    206.77268326	     11.94489709	    -88.83539303	     19.69396314	      0.00000000	      0.00000000	      0.00000000	      0.00000000	   -205.84498736	     15.15435937	     70.81265189	      8.50539617	      0.00000000	      0.00000000	      0.00000000	      0.00000000	     63.47592806	    -24.06328267	     -7.65179528	    -86.36757696	      8.28027066	      0.50157151	      0.00000000	     22.73309936	     -5.25121023	      0.00000000	     71.57008894	    -22.42649564	     -4.07727056	    -89.81956262	     14.29573708	     -1.60856005	      0.00000000	     30.71959237	      7.04687263	      0.00000000
      2.03333333	     17.20590267	      3.93585961	   -172.81939331	      0.47335505	     -0.19374722	     -0.54352641	    -13.12227472	      4.54315498	     -2.07413292	     21.47606607	     -3.27783062	      3.76269264	      0.01080713	     -0.05941686	      0.02359532	      0.00000000	      0.00000000	      0.00000000	      0.01461510	      0.02043503	      0.00335996	      0.00000000	      0.00000000	      0.00000000	      0.01498448	     -0.00902475	     -0.00417025	    205.52438984	     12.05111408	    -89.68946866	     17.70894045	      0.00000000	      0.00000000	      0.00000000	      0.00000000	   -205.22770457	     13.38683298	     69.24692027	      8.00061503	      0.00000000	      0.00000000	      0.00000000	      0.00000000	     69.21953262	    -23.15273545	     -6.52741554	    -90.87930454	      7.98589419	      0.28920221	      0.00000000	     22.74095075	     -4.45273943	      0.00000000	     77.91940555	    -24.48362735	     -2.10025212	    -95.07279760	     13.76756396	     -1.35731068	      0.00000000	     30.79717888	      8.30222742	      0.00000000
      2.06666667	     19.38486508	      4.29110824	   -174.25408153	      0.47700649	     -0.21971848	     -0.54553850	    -11.91071065	      3.77760085	     -1.19611746	     21.81128073	     -2.89536619	      3.89139813	      0.01122596	     -0.06236666	      0.02660020	      0.00000000	      0.00000000	      0.00000000	      0.01326776	      0.01265621	      0.00496906	      0.00000000	      0.00000000	      0.00000000	      0.02009707	     -0.01070705	     -0.00080015	    205.15839699	     12.39254636	    -92.14292631	     16.77162894	      0.00000000	      0.00000000	      0.00000000	      0.00000000	   -204.13168617	     12.05308623	     69.46141648	      7.32497464	      0.00000000	      0.00000000	      0.00000000	      0.00000000	     75.63512675	    -22.65758885	     -5.54906216	    -95.66275070	      6.87924814	      0.09302525	      0.00000000	     23.19933889	     -3.84733278	      0.00000000	     84.52963993	    -26.19367653	     -0.52107841	   -100.39907035	     12.70453186	     -1.72118597	      0.00000000	     30.42001036	      9.41619897	      0.00000000
      2.10000000	     21.26227827	      4.20418822	   -175.47060975	      0.48041155	     -0.24603511	     -0.54730841	    -10.96836138	      2.58282422	     -0.66948921	     21.75937898	     -1.93943808	      3.93974037	      0.01186697	     -0.06419173	      0.02787463	      0.00000000	      0.00000000	      0.00000000	      0.01513653	      0.00640798	      0.00452753	      0.00000000	      0.00000000	      0.00000000	      0.02412082	     -0.00986114	      0.00215511	    206.29912180	     12.23119519	    -94.08486556	     17.53870757	      0.00000000	      0.00000000	      0.00000000	      0.00000000	   -203.27273111	     10.60153692	     69.12936887	      7.42891704	      0.00000000	      0.00000000	      0.00000000	      0.00000000	     82.09015437	    -22.60157556	     -4.75155000	   -100.63923001	      5.29202426	     -0.33513262	      0.00000000	     23.76687557	     -3.53878706	      0.00000000	     90.39369998	    -27.30979243	      0.36200506	   -105.24772796	     11.24590839	     -2.73772397	      0.00000000	     30.09752468	     10.42741781	      0.00000000
      2.13333333	     22.77553474	      3.70849758	   -175.88524164	      0.48361518	     -0.27153832	     -0.54820917	    -10.41440989	      1.26275830	     -0.85989338	     20.83433923	     -0.96329896	      3.58423250	      0.01008021	     -0.06532110	      0.02731054	      0.00000000	      0.00000000	      0.00000000	      0.01719399	      0.00340229	      0.00357937	      0.00000000	      0.00000000	      0.00000000	      0.02769350	     -0.00844111	      0.00353363	    208.31475715	     11.92098336	    -95.82927798	     19.69099124	      0.00000000	      0.00000000	      0.00000000	      0.00000000	   -201.84616820	      8.52791674	     61.41858393	      5.89165518	      0.00000000	      0.00000000	      0.00000000	      0.00000000	     88.32930695	    -23.34165238	     -4.07859831	   -105.66554302	      2.79378552	     -1.18185375	      0.00000000	     24.21452614	     -2.17511442	      0.00000000	     95.37998245	    -27.26785856	     -0.54783545	   -109.37896003	      7.11827364	     -4.98473282	      0.00000000	     30.19825826	     14.11425332	      0.00000000
      2.16666667	     23.92328754	      3.21195277	   -176.36795302	      0.48661735	     -0.29539925	     -0.55007663	    -10.45397182	     -0.16335724	     -0.64427804	     21.50455367	      1.17317595	      3.14289020	      0.01082676	     -0.06709657	      0.02412847	      0.00000000	      0.00000000	      0.00000000	      0.01704751	      0.00025496	      0.00704187	      0.00000000	      0.00000000	      0.00000000	      0.02864579	     -0.00493381	      0.00564859	    209.33535206	     10.86282404	    -95.06421688	     20.10660406	      0.00000000	      0.00000000	      0.00000000	      0.00000000	   -200.86250664	      6.63219939	     57.58881909	      6.06672817	      0.00000000	      0.00000000	      0.00000000	      0.00000000	     93.81023206	    -23.25775629	     -3.20030298	   -110.14801040	      1.71132364	     -2.02287692	      0.00000000	     23.79922809	     -2.85438409	      0.00000000	     99.63498189	    -27.71134691	      0.56185040	   -112.76974156	      6.69351739	     -4.98473282	      0.00000000	     30.53540493	     14.64834053	      0.00000000
      2.20000000	     24.52409510	      2.66317480	   -176.04210533	      0.48985098	     -0.31726312	     -0.55067584	    -11.16753834	     -1.07704698	     -0.93313112	     21.08364649	      1.84687760	      2.28536810	      0.00724433	     -0.06823948	      0.02135920	      0.00000000	      0.00000000	      0.00000000	      0.01466208	     -0.00087425	      0.01030351	      0.00000000	      0.00000000	      0.00000000	      0.03260060	     -0.00500725	      0.00214188	    208.73141580	      9.99808225	    -95.45358490	     18.90231092	      0.00000000	      0.00000000	      0.00000000	      0.00000000	   -197.64725215	      4.94862973	     38.21086846	      0.00000000	      0.00000000	      0.00000000	      0.00000000	      0.00000000	     98.21356448	    -23.87370526	     -1.52778289	   -114.16068395	      2.18996066	     -2.32290924	      0.00000000	     23.22250108	     -4.49011796	      0.00000000	    102.92879567	    -27.12709818	      1.28842426	   -115.78371910	      7.22409913	     -4.98473282	      0.00000000	     30.39006956	     13.80095809	      0.00000000
      2.23333333	     24.99512305	      2.20943663	   -175.65479278	      0.49360747	     -0.33635070	     -0.55098765	    -12.06970318	     -1.61937118	     -1.08104624	     21.73422073	      2.32070830	      1.40659904	      0.00537952	     -0.07031690	      0.01745871	      0.00000000	      0.00000000	      0.00000000	      0.01162261	     -0.00151758	      0.01260088	      0.00000000	      0.00000000	      0.00000000	      0.03385394	     -0.00362987	      0.00397185	    206.36010730	      9.61870898	    -99.09416498	     15.80463310	      0.00000000	      0.00000000	      0.00000000	      0.00000000	   -197.69949217	      3.99849703	     42.19906496	      0.00000000	      0.00000000	      0.00000000	      0.00000000	      0.00000000	    101.79730769	    -24.20433233	     -0.15176913	   -117.30940026	      1.74008885	     -2.85646538	      0.00000000	     23.29284592	     -4.42838538	      0.00000000	    105.64241520	    -26.56900385	      1.69245315	   -118.30136101	      8.04027344	     -4.98473282	      0.00000000	     30.22878350	     12.35352593	      0.00000000
      2.26666667	     25.10901665	      1.87365497	   -175.31987037	      0.49793077	     -0.35264007	     -0.55097230	    -13.23849627	     -1.73617330	     -1.10111131	     22.68298699	      1.87620297	      1.08354563	      0.00486740	     -0.07214242	      0.01509544	      0.00000000	      0.00000000	      0.00000000	      0.01002524	      0.00087475	      0.01190375	      0.00000000	      0.00000000	      0.00000000	      0.03266726	     -0.00352861	      0.00538284	    204.17044396	      9.72485319	   -104.87487250	     14.00815106	      0.00000000	      0.00000000	      0.00000000	      0.00000000	   -198.17222081	      4.34880314	     55.76753210	      0.00000000	      0.00000000	      0.00000000	      0.00000000	      0.00000000	    104.55098878	    -24.34870378	      1.99029398	   -119.63238213	      0.60414949	     -2.36771482	      0.00000000	     23.38933367	     -3.06288464	      0.00000000	    107.70620690	    -25.97265073	      1.99201330	   -120.58023446	     10.28950684	     -4.98473282	      0.00000000	     29.45467307	      8.27407443	      0.00000000
      2.30000000	     25.39088487	      1.81943484	   -175.22065911	      0.50238555	     -0.36599590	     -0.55047978	    -14.01059333	     -1.42669008	     -0.85339011	     24.69187208	      0.22914623	      1.27146593	      0.00769223	     -0.07445012	      0.01557416	      0.00000000	      0.00000000	      0.00000000	      0.00746768	      0.00376365	      0.00754496	      0.00000000	      0.00000000	      0.00000000	      0.03141854	     -0.00435839	      0.00630072	    203.68690815	      9.98996869	   -106.53508393	     14.11985438	      0.00000000	      0.00000000	      0.00000000	      0.00000000	   -198.97369194	      5.02222317	     67.35556887	      0.00000000	      0.00000000	      0.00000000	      0.00000000	      0.00000000	    106.83769060	    -24.19057634	      2.85401569	   -121.17965520	     -1.29043541	     -2.54556907	      0.00000000	     23.85716290	     -0.94544476	      0.00000000	    109.77998717	    -25.50943725	      2.32661168	   -122.28817780	     11.23820044	     -4.98473282	      0.00000000	     28.95068872	      5.30043316	      0.00000000
      2.33333333	     25.42671194	      1.94387190	   -175.24864620	      0.50630109	     -0.37645813	     -0.54968233	    -14.60916793	     -0.89424205	     -1.05389096	     26.81084206	     -0.67654492	      1.48236127	      0.01358901	     -0.07584257	      0.01479458	      0.00000000	      0.00000000	      0.00000000	      0.00630021	      0.00382365	      0.00677707	      0.00000000	      0.00000000	      0.00000000	      0.03177600	     -0.00483233	      0.00869473	    203.48514869	     11.01463477	   -106.00717213	     14.14511779	      0.00000000	      0.00000000	      0.00000000	      0.00000000	   -200.47494480	      5.43376539	     68.28441721	      0.00000000	      0.00000000	      0.00000000	      0.00000000	      0.00000000	    108.33663572	    -24.12253554	      2.98282647	   -122.24771047	     -2.30976004	     -2.70249490	      0.00000000	     24.10255486	     -0.81672615	      0.00000000	    111.54010141	    -24.98523821	      2.87121519	   -123.50743452	     10.29539779	     -4.98473282	      0.00000000	     28.54232325	      4.77982650	      0.00000000
      2.36666667	     26.08871945	      2.32239247	   -175.51547519	      0.50957426	     -0.38408912	     -0.54884039	    -14.10880857	     -0.11994852	     -1.28407503	     27.94814644	     -1.65236159	      3.10324394	      0.01879794	     -0.07629363	      0.01620754	      0.00000000	      0.00000000	      0.00000000	      0.00562426	      0.00211372	      0.00900661	      0.00000000	      0.00000000	      0.00000000	      0.03265365	     -0.00595256	      0.00897259	    203.06681497	     12.43159677	   -104.61654843	     13.63237390	      0.00000000	      0.00000000	      0.00000000	      0.00000000	   -201.93163731	      6.34334353	     68.16584669	      0.00000000	      0.00000000	      0.00000000	      0.00000000	      0.00000000	    109.97788360	    -23.97589654	      2.43865065	   -122.82055010	     -3.52014378	     -3.01502436	      0.00000000	     24.34844049	     -0.30282190	      0.00000000	    113.86801739	    -24.46810080	      3.70003466	   -124.33932323	      8.99436473	     -4.98473282	      0.00000000	     28.03939311	      4.93470587	      0.00000000
      2.40000000	     26.79096823	      2.73694849	   -175.98056082	      0.51207245	     -0.38822551	     -0.54848871	    -13.37293307	      0.55347537	     -1.54946743	     27.74928495	     -2.34534839	      5.05096149	      0.02085349	     -0.07561240	      0.01910885	      0.00000000	      0.00000000	      0.00000000	      0.00942972	     -0.00007217	      0.01302239	      0.00000000	      0.00000000	      0.00000000	      0.03315338	     -0.00684370	      0.00948679	    202.11689812	     13.10242844	   -102.42790810	     12.24820604	      0.00000000	      0.00000000	      0.00000000	      0.00000000	   -203.22673775	      7.24743339	     66.10760158	      0.00000000	      0.00000000	      0.00000000	      0.00000000	      0.00000000	    111.21145673	    -23.71679466	      0.50148996	   -122.88472887	     -5.56174274	     -4.32879129	      0.00000000	     24.39702050	      1.13073330	      0.00000000	    115.79855760	    -24.20693211	      4.58749029	   -124.67352164	      6.74659835	     -4.98473282	      0.00000000	     27.94054590	      7.07687137	      0.00000000
      2.43333333	     27.24139147	      3.06990461	   -175.92430750	      0.51421301	     -0.38831325	     -0.54796778	    -12.99993934	      1.22642976	     -2.40207023	     27.85677803	     -1.34028068	      6.12053847	      0.02235284	     -0.07434719	      0.01841049	      0.00000000	      0.00000000	      0.00000000	      0.01351456	      0.00042817	      0.01425903	      0.00000000	      0.00000000	      0.00000000	      0.03124224	     -0.00766010	      0.01072771	    201.79640548	     13.41659317	   -102.46424475	     12.28673949	      0.00000000	      0.00000000	      0.00000000	      0.00000000	   -204.08936306	      7.85449665	     66.35899068	      0.00000000	      0.00000000	      0.00000000	      0.00000000	      0.00000000	    111.80064086	    -24.09291665	      0.14705342	   -122.75878494	     -5.94887664	     -4.36384796	      0.00000000	     24.23456775	      1.49767794	      0.00000000	    116.55934624	    -23.43240221	      4.97296858	   -124.59922214	      6.21379742	     -4.98473282	      0.00000000	     27.92639330	      7.44951418	      0.00000000
      2.46666667	     28.24879643	      3.10980666	   -176.01152730	      0.51632811	     -0.38456283	     -0.54753550	    -11.97695440	      1.48630034	     -3.01559674	     27.00847638	     -1.11643034	      7.61607982	      0.02044895	     -0.07258130	      0.02148697	      0.00000000	      0.00000000	      0.00000000	      0.01758983	      0.00112916	      0.01342542	      0.00000000	      0.00000000	      0.00000000	      0.02657492	     -0.00781490	      0.01239481	    201.95663444	     13.40714222	   -104.47778058	     13.33407658	      0.00000000	      0.00000000	      0.00000000	      0.00000000	   -204.57853065	      8.46069192	     69.08531107	      0.00000000	      0.00000000	      0.00000000	      0.00000000	      0.00000000	    112.56261095	    -24.11172815	     -0.66004444	   -121.86433984	     -7.13734358	     -4.98002331	      0.00000000	     24.27844873	      2.82723629	      0.00000000	    117.02465067	    -22.99689918	      4.73733444	   -123.85204260	      4.87272442	     -4.98473282	      0.00000000	     28.29986235	      8.88522061	      0.00000000
      2.50000000	     28.70241506	      3.10901281	   -176.03065088	      0.51863489	     -0.37638517	     -0.54661251	    -11.72869415	      1.89167125	     -3.20260039	     26.62097398	     -0.54401569	      7.73435143	      0.01703007	     -0.07074772	      0.02149626	      0.00000000	      0.00000000	      0.00000000	      0.01871071	      0.00179605	      0.01046465	      0.00000000	      0.00000000	      0.00000000	      0.02137066	     -0.00592246	      0.01401096	    202.36339979	     12.39825469	   -104.78831811	     14.21226670	      0.00000000	      0.00000000	      0.00000000	      0.00000000	   -205.11451189	      8.33858338	     69.31759284	      0.00000000	      0.00000000	      0.00000000	      0.00000000	      0.00000000	    112.17805341	    -24.02335784	     -0.62199691	   -120.41664772	     -7.52016004	     -4.62627349	      0.00000000	     23.58696215	      2.79980228	      0.00000000	    116.26830747	    -22.41162384	      4.29341053	   -122.61545656	      4.71409049	     -4.98473282	      0.00000000	     28.55435922	      8.77878331	      0.00000000
      2.53333333	     29.30370555	      2.55739804	   -175.84147317	      0.52111633	     -0.36425598	     -0.54514294	    -11.35840100	      1.67689226	     -3.42769619	     26.58921481	      0.23226293	      7.44595140	      0.01293227	     -0.06966306	      0.02126425	      0.00000000	      0.00000000	      0.00000000	      0.01560308	      0.00252396	      0.00559679	      0.00000000	      0.00000000	      0.00000000	      0.01874881	     -0.00184407	      0.01559564	    203.91111560	     11.41772392	   -104.50428567	     16.39048077	      0.00000000	      0.00000000	      0.00000000	      0.00000000	   -205.39550234	      7.60842699	     68.42422859	      0.00000000	      0.00000000	      0.00000000	      0.00000000	      0.00000000	    111.80801005	    -23.92140017	     -0.36136092	   -118.47678408	     -7.33474361	     -4.63089288	      0.00000000	     22.97511228	      2.65414256	      0.00000000	    114.80371616	    -21.62643704	      2.95136050	   -120.65367675	      4.56127765	     -4.98473282	      0.00000000	     28.04636605	      8.52155449	      0.00000000
      2.56666667	     30.24195808	      2.38795353	   -176.11857164	      0.52332914	     -0.34862012	     -0.54391618	    -10.45818683	      1.87952039	     -3.20100759	     26.71929740	      0.26949006	      7.27576112	      0.00885910	     -0.06957165	      0.02117766	      0.00000000	      0.00000000	      0.00000000	      0.01045695	      0.00170116	      0.00396173	      0.00000000	      0.00000000	      0.00000000	      0.02001412	      0.00131806	      0.01550446	    203.89987979	     10.80494870	   -104.23767631	     16.84151041	      0.00000000	      0.00000000	      0.00000000	      0.00000000	   -205.53253056	      6.47257145	     68.14196306	      0.00000000	      0.00000000	      0.00000000	      0.00000000	      0.00000000	    111.05380386	    -23.19647077	     -0.48634685	   -115.96425461	     -6.81092629	     -4.34938176	      0.00000000	     22.24196406	      2.79587654	      0.00000000	    113.58607944	    -21.08549142	      2.21624402	   -118.20111118	      4.62547431	     -4.98473282	      0.00000000	     27.40827123	      8.38243040	      0.00000000
      2.60000000	     30.27704935	      1.33394362	   -176.26294793	      0.52488249	     -0.33005664	     -0.54313602	    -10.37064644	      0.91363360	     -2.67030071	     28.76625715	      0.38608287	      5.89542636	      0.01166301	     -0.06994009	      0.02074322	      0.00000000	      0.00000000	      0.00000000	      0.00291957	      0.00191686	      0.00173240	      0.00000000	      0.00000000	      0.00000000	      0.02826078	      0.00590397	      0.02164684	    205.26521340	     10.21985474	   -100.39249323	     18.45001332	      0.00000000	      0.00000000	      0.00000000	      0.00000000	   -206.47548184	      4.84923801	     65.07615580	      1.76090330	      0.00000000	      0.00000000	      0.00000000	      0.00000000	    109.73706241	    -22.02755503	     -0.49389762	   -113.50691132	     -5.73629815	     -4.98473282	      0.00000000	     20.32748002	      1.21581476	      0.00000000	    110.50410283	    -20.63220224	      0.28160937	   -115.23493358	      4.46180720	     -4.98473282	      0.00000000	     25.97886056	      6.89674011	      0.00000000
      2.63333333	     30.71059174	      1.17064591	   -176.91421181	      0.52557199	     -0.30962040	     -0.54237149	     -9.43085900	      1.14555587	     -2.24920325	     28.91727827	      0.34988655	      5.73689748	      0.01106275	     -0.07081433	      0.01844836	      0.00000000	      0.00000000	      0.00000000	      0.00417438	      0.00301571	     -0.00041735	      0.00000000	      0.00000000	      0.00000000	      0.02950024	      0.00363575	      0.02152307	    205.16600208	     10.18883919	    -99.24455056	     19.15121143	      0.00000000	      0.00000000	      0.00000000	      0.00000000	   -206.62461525	      4.26878703	     64.23368650	      2.06689966	      0.00000000	      0.00000000	      0.00000000	      0.00000000	    107.70768303	    -20.44901606	     -0.81328136	   -110.44432218	     -4.70513577	     -4.98473282	      0.00000000	     19.35677131	      0.81038829	      0.00000000	    108.06580895	    -20.29955600	     -0.39825388	   -112.03698160	      3.97247869	     -4.98473282	      0.00000000	     25.68042718	      5.84441086	      0.00000000
      2.66666667	     29.04340453	      1.03817324	   -177.61773356	      0.52508305	     -0.28712688	     -0.54223479	    -10.78917451	      1.43080421	     -1.33252005	     30.19361251	      0.12598232	      5.46611101	      0.01368246	     -0.07119715	      0.01659210	      0.00000000	      0.00000000	      0.00000000	      0.00793061	      0.00648679	     -0.00554359	      0.00000000	      0.00000000	      0.00000000	      0.02824410	     -0.00026754	      0.02134852	    206.30030889	      9.49731933	    -96.81443924	     20.99824284	      0.00000000	      0.00000000	      0.00000000	      0.00000000	   -206.67654104	      3.62297717	     59.03177467	      2.00735326	      0.00000000	      0.00000000	      0.00000000	      0.00000000	    102.85578795	    -18.91170874	     -1.55542363	   -107.18081835	     -1.69694083	     -4.98473282	      0.00000000	     18.30398438	     -4.18906208	      0.00000000	    103.26052949	    -20.21295555	     -0.75483125	   -108.85600668	      4.35307108	     -4.98473282	      0.00000000	     25.46263076	      4.18984476	      0.00000000
      2.70000000	     27.65493122	      0.86171143	   -178.58971148	      0.52347737	     -0.26481415	     -0.54229175	    -11.35003739	      1.59611014	     -0.11359486	     29.02053995	     -0.51365935	      6.16276892	      0.01255475	     -0.07125881	      0.01700195	      0.00000000	      0.00000000	      0.00000000	      0.01342799	      0.00829970	     -0.00805374	      0.00000000	      0.00000000	      0.00000000	      0.02286660	     -0.00525796	      0.01747243	    206.53998409	      9.80201986	    -97.79707173	     21.92857559	      0.00000000	      0.00000000	      0.00000000	      0.00000000	   -206.70680038	      4.21045523	     57.99001848	      2.40232743	      0.00000000	      0.00000000	      0.00000000	      0.00000000	     98.04271150	    -16.94321139	     -1.93702978	   -103.16598813	     -2.11356232	     -4.98473282	      0.00000000	     18.34605298	     -4.84066944	      0.00000000	     98.46624548	    -20.57023712	     -1.29546110	   -105.52711797	      3.54769785	     -4.98473282	      0.00000000	     26.77325840	      4.57701804	      0.00000000
      2.73333333	     24.98980502	      1.24002729	   -178.75358652	      0.52071699	     -0.24207321	     -0.54180877	    -13.20143713	      2.59931686	      0.22642220	     28.84917721	     -1.01849372	      6.99049038	      0.01423713	     -0.07013143	      0.01779260	      0.00000000	      0.00000000	      0.00000000	      0.01723206	      0.00990838	     -0.01006436	      0.00000000	      0.00000000	      0.00000000	      0.01748151	     -0.00866883	      0.01283448	    206.63016511	     10.21231126	    -98.84438474	     22.93521527	      0.00000000	      0.00000000	      0.00000000	      0.00000000	   -206.89290969	      4.54314558	     55.98297353	      2.56882475	      0.00000000	      0.00000000	      0.00000000	      0.00000000	     91.31073156	    -16.06783054	     -2.70298004	    -98.89574324	     -2.33385452	     -4.92825239	      0.00000000	     19.17238232	     -4.81182395	      0.00000000	     92.57388380	    -20.10502095	     -1.42845219	   -102.00284932	      1.43510548	     -4.98473282	      0.00000000	     28.23494480	      7.07466370	      0.00000000
      2.76666667	     22.70607446	      1.38599247	   -178.34073532	      0.51730499	     -0.22052202	     -0.54096604	    -14.21926187	      3.40721914	      0.20613083	     26.43121299	     -1.44618078	      7.60834448	      0.01114322	     -0.06782272	      0.01896180	      0.00000000	      0.00000000	      0.00000000	      0.01769097	      0.00942598	     -0.00776481	      0.00000000	      0.00000000	      0.00000000	      0.01893441	     -0.01087438	      0.00670827	    205.84409840	     10.66549641	    -97.95587879	     22.56707930	      0.00000000	      0.00000000	      0.00000000	      0.00000000	   -206.07767374	      5.00192349	     48.82603334	      0.89733473	      0.00000000	      0.00000000	      0.00000000	      0.00000000	     85.33070821	    -15.95887659	     -3.28841817	    -94.95542330	     -2.13511592	     -4.98473282	      0.00000000	     19.47337067	     -4.13835219	      0.00000000	     87.04902912	    -18.90128090	     -1.58516197	    -98.03090597	     -3.33135717	     -4.98473282	      0.00000000	     29.71831827	     13.64697628	      0.00000000
      2.80000000	     21.27160905	      1.36632767	   -177.43178944	      0.51347201	     -0.20044717	     -0.53985930	    -13.94491754	      4.03678204	     -0.23677818	     23.36840855	     -1.99833840	      7.36951812	      0.00687389	     -0.06424045	      0.01996002	      0.00000000	      0.00000000	      0.00000000	      0.01527999	      0.00979029	     -0.00460353	      0.00000000	      0.00000000	      0.00000000	      0.02104384	     -0.00992431	      0.00158626	    205.39108001	     11.75750445	    -97.32100710	     22.56257738	      0.00000000	      0.00000000	      0.00000000	      0.00000000	   -205.36898360	      6.34394617	     48.32057686	      0.26745891	      0.00000000	      0.00000000	      0.00000000	      0.00000000	     80.59648636	    -16.72077245	     -3.80869783	    -91.57197793	     -0.25074656	     -4.98473282	      0.00000000	     19.34026386	     -3.66264796	      0.00000000	     82.51037296	    -17.13779368	     -1.79898303	    -94.28890512	     -2.99079696	     -4.98473282	      0.00000000	     29.95380298	     13.35534101	      0.00000000
      2.83333333	     18.53263126	      1.01031002	   -176.49428866	      0.50897929	     -0.18031615	     -0.53986535	    -15.21732580	      4.04400250	     -0.43075694	     22.18419780	     -2.14778882	      6.38308119	      0.00565638	     -0.05996183	      0.02027454	      0.00000000	      0.00000000	      0.00000000	      0.01067032	      0.01028614	     -0.00128206	      0.00000000	      0.00000000	      0.00000000	      0.02222867	     -0.00547678	     -0.00320756	    205.40503173	     12.58157142	    -97.29793209	     22.37423382	      0.00000000	      0.00000000	      0.00000000	      0.00000000	   -204.12189446	      7.85432892	     48.16723818	      0.00000000	      0.00000000	      0.00000000	      0.00000000	      0.00000000	     74.62621868	    -17.77465342	     -4.57167452	    -88.32888526	      2.08053682	     -4.84020295	      0.00000000	     19.00413814	     -4.14420550	      0.00000000	     76.53842390	    -15.76094030	     -2.47557162	    -90.38117204	     -2.21051362	     -4.98473282	      0.00000000	     29.53312398	     12.37878648	      0.00000000
      2.86666667	     17.36733385	      0.79928593	   -175.62685156	      0.50457168	     -0.16157980	     -0.54044469	    -14.45804445	      3.88462189	     -0.88791402	     20.65979539	     -2.16652445	      5.06627332	      0.00478595	     -0.05560706	      0.02040592	      0.00000000	      0.00000000	      0.00000000	      0.00868830	      0.01094291	     -0.00183646	      0.00000000	      0.00000000	      0.00000000	      0.02019239	     -0.00020387	     -0.00488183	    206.79748470	     13.78169250	    -98.42440868	     23.39395413	      0.00000000	      0.00000000	      0.00000000	      0.00000000	   -203.25251219	     10.11354015	     51.18931663	      0.00000000	      0.00000000	      0.00000000	      0.00000000	      0.00000000	     70.32691001	    -18.85191129	     -5.10522563	    -84.83264068	      3.65261502	     -3.87249060	      0.00000000	     19.21113585	     -5.00445664	      0.00000000	     72.36361671	    -14.57906044	     -3.09759882	    -86.30703728	     -1.38091712	     -4.98473282	      0.00000000	     29.04275622	     10.40443487	      0.00000000
      2.90000000	     16.42935290	      0.59086988	   -175.00938432	      0.50006402	     -0.14306922	     -0.54157063	    -13.52371220	      3.54364119	     -1.32232947	     19.93092896	     -2.01827607	      3.77068429	      0.00476565	     -0.05161555	      0.01933026	      0.00000000	      0.00000000	      0.00000000	      0.00394642	      0.01284682	     -0.00673486	      0.00000000	      0.00000000	      0.00000000	      0.01553012	      0.00124525	     -0.00770556	    209.06393469	     15.46968342	   -100.75642343	     25.33693350	      0.00000000	      0.00000000	      0.00000000	      0.00000000	   -202.28467125	     12.42421773	     58.45581922	      0.00000000	      0.00000000	      0.00000000	      0.00000000	      0.00000000	     66.12216290	    -19.47762329	     -5.12445579	    -80.72970585	      3.79466727	     -2.30207367	      0.00000000	     19.93305625	     -5.88882438	      0.00000000	     68.45124248	    -14.01254862	     -3.82440279	    -82.30949020	      0.32004434	     -4.79559980	      0.00000000	     28.28861506	      7.52117650	      0.00000000
      2.93333333	     15.47926280	      0.51550905	   -174.38040389	      0.49503189	     -0.12502056	     -0.54295698	    -12.46448328	      3.16524733	     -2.19676889	     19.43918283	     -2.02545131	      3.18761982	      0.00644173	     -0.04767125	      0.02075455	      0.00000000	      0.00000000	      0.00000000	      0.00148601	      0.01347660	     -0.00718831	      0.00000000	      0.00000000	      0.00000000	      0.01205588	     -0.00014367	     -0.00614731	    210.02542230	     17.29358282	   -102.49135625	     26.04842329	      0.00000000	      0.00000000	      0.00000000	      0.00000000	   -203.03399199	     13.64138024	     65.48335077	      2.77157823	      0.00000000	      0.00000000	      0.00000000	      0.00000000	     61.77988518	    -19.90269505	     -5.53823292	    -76.44757982	      2.31445211	     -0.86001111	      0.00000000	     20.86970104	     -5.43589199	      0.00000000	     64.80727059	    -13.98111074	     -4.39529216	    -78.55661035	      2.28021654	     -4.25574032	      0.00000000	     27.15882761	      5.27917768	      0.00000000
      2.96666667	     15.20627645	      0.49948585	   -173.44015548	      0.48997797	     -0.10734221	     -0.54337658	    -10.46642958	      3.03307530	     -3.60383561	     17.41615495	     -2.09547452	      2.93496466	      0.00546934	     -0.04341955	      0.02098665	      0.00000000	      0.00000000	      0.00000000	      0.00071979	      0.01578262	     -0.00560635	      0.00000000	      0.00000000	      0.00000000	      0.01213612	     -0.00426140	     -0.00470794	    209.66135426	     19.33215388	   -101.79053399	     25.63697901	      0.00000000	      0.00000000	      0.00000000	      0.00000000	   -204.49617184	     13.99303102	     65.90508879	      5.46148329	      0.00000000	      0.00000000	      0.00000000	      0.00000000	     58.25942874	    -20.27468111	     -6.51661250	    -72.41641705	      1.05744765	     -0.35196970	      0.00000000	     20.52609515	     -5.33658665	      0.00000000	     62.03665548	    -13.51341342	     -5.05831413	    -74.57023021	      2.58957089	     -4.19036277	      0.00000000	     26.19489046	      5.71583089	      0.00000000
      3.00000000	     13.59072170	      0.42529377	   -172.17942866	      0.48435136	     -0.08844318	     -0.54312582	    -10.19061625	      3.15355706	     -5.33496013	     15.89606179	     -2.14450538	      3.36850121	      0.00360863	     -0.04001127	      0.02183477	      0.00000000	      0.00000000	      0.00000000	      0.00136185	      0.01849678	     -0.00180239	      0.00000000	      0.00000000	      0.00000000	      0.01141063	     -0.00542974	     -0.00188406	    208.51524431	     21.08817469	   -100.42200052	     24.74988864	      0.00000000	      0.00000000	      0.00000000	      0.00000000	   -206.61707585	     13.75344492	     65.41458162	      8.95132517	      0.00000000	      0.00000000	      0.00000000	      0.00000000	     52.93611295	    -20.44283961	     -7.73640834	    -68.12668181	      0.09766633	     -0.17970145	      0.00000000	     19.88261104	     -4.91365118	      0.00000000	     57.75238199	    -13.00399421	     -5.96783935	    -70.20609627	      2.21657556	     -4.36774119	      0.00000000	     25.60189783	      7.92676631	      0.00000000
      3.03333333	     11.37784917	      0.16043024	   -171.03000174	      0.47862415	     -0.06864487	     -0.54276083	    -10.74792707	      3.18231975	     -6.89203112	     14.22653043	     -2.37300948	      4.03020259	      0.00077629	     -0.03758951	      0.02395504	      0.00000000	      0.00000000	      0.00000000	      0.00571860	      0.01932443	      0.00088011	      0.00000000	      0.00000000	      0.00000000	      0.00974061	     -0.00426043	     -0.00090586	    207.87038254	     21.99287313	    -98.01036630	     24.18947012	      0.00000000	      0.00000000	      0.00000000	      0.00000000	   -207.63924862	     13.73007049	     63.00582330	     10.70647875	      0.00000000	      0.00000000	      0.00000000	      0.00000000	     47.04040397	    -20.30099977	     -9.26337413	    -63.76657415	      0.01810080	     -0.50654974	      0.00000000	     18.16908095	     -5.35936622	      0.00000000	     52.46401943	    -12.54215238	     -6.85076788	    -65.20521196	      0.82923052	     -4.42221288	      0.00000000	     25.16941808	     11.63848093	      0.00000000
      3.06666667	      9.22758350	     -0.21115953	   -170.39428415	      0.47375158	     -0.04853911	     -0.54268991	    -11.50942162	      3.17385161	     -7.43170411	     12.45390121	     -2.46271378	      4.31369070	     -0.00326840	     -0.03580347	      0.02362853	      0.00000000	      0.00000000	      0.00000000	      0.00699837	      0.02001447	     -0.00186918	      0.00000000	      0.00000000	      0.00000000	      0.00970193	     -0.00350784	     -0.00224518	    208.98205667	     22.59077391	    -96.59605054	     25.48202400	      0.00000000	      0.00000000	      0.00000000	      0.00000000	   -207.31552033	     13.64975120	     56.60957179	     10.19363649	      0.00000000	      0.00000000	      0.00000000	      0.00000000	     41.56372578	    -19.46595853	    -10.10651480	    -59.27172406	      1.03658788	     -1.17248255	      0.00000000	     15.40788130	     -7.42758484	      0.00000000	     46.97342473	    -12.25098401	     -7.05845556	    -59.99082076	      0.06178824	     -3.69207011	      0.00000000	     23.90769693	     13.58910015	      0.00000000
      3.10000000	      7.55903067	     -0.49014599	   -170.71481579	      0.46900309	     -0.02901679	     -0.54363505	    -11.72164732	      2.97992128	     -6.76204694	      9.78723238	     -2.55963621	      4.35717643	     -0.00754973	     -0.03414991	      0.02191158	      0.00000000	      0.00000000	      0.00000000	      0.00623517	      0.02098961	     -0.00676221	      0.00000000	      0.00000000	      0.00000000	      0.01229127	     -0.00353711	     -0.00566491	    211.18386156	     23.70483443	    -97.82493639	     28.42726894	      0.00000000	      0.00000000	      0.00000000	      0.00000000	   -206.49894330	     13.90235712	     49.66170054	      9.27718803	      0.00000000	      0.00000000	      0.00000000	      0.00000000	     36.78868762	    -17.62236457	     -9.68566178	    -54.10822214	      1.48980746	     -1.87328576	      0.00000000	     13.17602089	     -9.16846589	      0.00000000	     41.57152360	    -12.25165327	     -6.67598555	    -54.60043100	      1.36862449	     -2.46581894	      0.00000000	     22.25675494	     11.58301535	      0.00000000
      3.13333333	      4.36971167	     -1.01168654	   -171.59308456	      0.46345529	     -0.00893428	     -0.54536021	    -13.95603005	      2.59238849	     -5.38601092	      8.27095981	     -2.56833262	      3.92389697	     -0.00973355	     -0.03354058	      0.01861146	      0.00000000	      0.00000000	      0.00000000	      0.00297939	      0.02311174	     -0.01164958	      0.00000000	      0.00000000	      0.00000000	      0.01606631	     -0.00385884	     -0.01013117	    213.11920914	     24.72293765	   -100.90634175	     31.38164067	      0.00000000	      0.00000000	      0.00000000	      0.00000000	   -205.33964497	     14.31659080	     46.37485285	      8.02409029	      0.00000000	      0.00000000	      0.00000000	      0.00000000	     30.10829669	    -15.57820124	     -9.34340235	    -47.95827295	      0.88772038	     -2.62971852	      0.00000000	     10.45070665	     -9.70494389	      0.00000000	     33.80704309	    -12.09227108	     -7.26171326	    -48.02264753	      3.66401075	     -1.96624140	      0.00000000	     19.55559895	      7.47542869	      0.00000000
      3.16666667	     -1.71616640	     -1.89656467	   -173.45347882	      0.45404365	      0.01117418	     -0.54819285	    -19.24137887	      1.71215418	     -2.85669590	      6.09499755	     -2.73142881	      2.91571596	     -0.01193774	     -0.03098553	      0.01475180	      0.00000000	      0.00000000	      0.00000000	     -0.00089754	      0.02415778	     -0.01095049	      0.00000000	      0.00000000	      0.00000000	      0.01991351	     -0.00091173	     -0.01218936	    213.13748954	     25.23229333	   -102.68087514	     32.17414259	      0.00000000	      0.00000000	      0.00000000	      0.00000000	   -205.46883686	     15.65057213	     54.11931998	      9.38033617	      0.00000000	      0.00000000	      0.00000000	      0.00000000	     19.83917890	    -12.96441329	     -9.89414966	    -40.58869087	     -0.18565663	     -4.77920022	      0.00000000	      8.22871195	     -8.42164596	      0.00000000	     21.65503773	    -11.60586264	    -11.06702431	    -39.69868286	      5.94688701	     -3.72578917	      0.00000000	     16.40208629	      4.83726305	      0.00000000
      3.20000000	     -6.68503453	     -2.16055633	   -175.77523217	      0.44406723	      0.02849845	     -0.55146141	    -22.82763767	      0.87606784	     -0.09986721	      3.31685390	     -3.14831887	      1.76046641	     -0.01126798	     -0.02602791	      0.01120385	      0.00000000	      0.00000000	      0.00000000	     -0.00187342	      0.02385372	     -0.00748549	      0.00000000	      0.00000000	      0.00000000	      0.02177992	      0.00241919	     -0.01236207	    211.84458229	     25.42241047	   -101.12106399	     30.64490847	      0.00000000	      0.00000000	      0.00000000	      0.00000000	   -206.13880255	     17.79483866	     62.51193403	     11.38104012	      0.00000000	      0.00000000	      0.00000000	      0.00000000	     11.12538314	    -10.31927067	     -6.98124666	    -33.49312372	     -3.21712049	     -4.98473282	      0.00000000	      4.52947342	     -8.66405403	      0.00000000	     10.78151388	    -11.04330842	    -14.94042441	    -31.03623018	      5.65868779	     -4.98473282	      0.00000000	     13.30190118	      4.90306016	      0.00000000
      3.23333333	     -9.64237478	     -1.95849187	   -176.72494874	      0.43611948	      0.04284124	     -0.55405074	    -24.17950204	      0.76205063	      1.48545443	      0.64444789	     -3.05327629	      0.20746706	     -0.00860263	     -0.01993869	      0.00660896	      0.00000000	      0.00000000	      0.00000000	     -0.00355289	      0.02483457	     -0.00591962	      0.00000000	      0.00000000	      0.00000000	      0.02143618	      0.00318177	     -0.01223505	    211.51604405	     26.03124370	    -98.50831963	     29.92435720	      0.00000000	      0.00000000	      0.00000000	      0.00000000	   -206.10565065	     19.62037015	     63.07760865	     11.75291363	      0.00000000	      0.00000000	      0.00000000	      0.00000000	      4.61147754	     -8.36070980	     -4.94224250	    -27.01365301	     -6.32447159	     -4.98473282	      0.00000000	      0.24995173	    -10.30753367	      0.00000000	      3.70962278	    -10.00760514	    -13.65442426	    -24.10383164	      2.78724822	     -4.98473282	      0.00000000	     10.02668613	      4.11610136	      0.00000000
      3.26666667	    -11.19077089	     -2.03607175	   -177.39507712	      0.43006050	      0.05482559	     -0.55644662	    -24.15380675	      0.21519629	      2.65449650	     -1.86408792	     -2.65379209	     -0.87682855	     -0.00556794	     -0.01378991	      0.00516959	      0.00000000	      0.00000000	      0.00000000	     -0.00392159	      0.02577954	     -0.00619278	      0.00000000	      0.00000000	      0.00000000	      0.02144598	      0.00225855	     -0.01121510	    212.81520536	     26.93835960	    -96.20028735	     30.41161367	      0.00000000	      0.00000000	      0.00000000	      0.00000000	   -205.82377651	     20.56730007	     57.76073598	     11.85470585	      0.00000000	      0.00000000	      0.00000000	      0.00000000	      0.21578938	     -7.25465383	     -2.88269770	    -21.91253339	     -8.48102508	     -4.98473282	      0.00000000	     -3.29692451	    -12.70374027	      0.00000000	     -1.25560686	     -8.81801426	    -12.41588768	    -18.33990670	      0.50485995	     -4.98473282	      0.00000000	      7.20456570	      4.20569078	      0.00000000
      3.30000000	    -11.76298525	     -2.45620553	   -177.52856557	      0.42556311	      0.06409283	     -0.55810813	    -23.19035973	     -0.55163271	      3.12085341	     -4.63510339	     -1.78400091	     -1.22958010	     -0.00323959	     -0.00739232	      0.00529923	      0.00000000	      0.00000000	      0.00000000	     -0.00089179	      0.02732219	     -0.00680103	      0.00000000	      0.00000000	      0.00000000	      0.02581525	      0.00045641	     -0.01078721	    214.95703749	     28.27033021	    -95.19053764	     31.42882714	      0.00000000	      0.00000000	      0.00000000	      0.00000000	   -205.47894830	     21.03131966	     52.28069215	     11.78528672	      0.00000000	      0.00000000	      0.00000000	      0.00000000	     -2.77810520	     -6.87406461	     -1.38682299	    -18.09597148	     -9.61296525	     -4.98473282	      0.00000000	     -5.09008679	    -14.13838193	      0.00000000	     -4.47328068	     -7.48859222	    -10.75022252	    -14.04283002	     -0.37484893	     -4.98473282	      0.00000000	      4.93467144	      4.75939956	      0.00000000
      3.33333333	    -13.31351734	     -2.20078734	   -177.83237213	      0.42077813	      0.07124283	     -0.55871620	    -23.52540730	     -0.41539423	      3.24751873	     -4.03595375	     -1.49260539	     -0.89218672	      0.00400270	     -0.00631835	      0.00616745	      0.00000000	      0.00000000	      0.00000000	      0.00614940	      0.02909965	     -0.00619458	      0.00000000	      0.00000000	      0.00000000	      0.03058151	     -0.00429575	     -0.01489328	    215.91583462	     29.80579146	    -96.14596586	     32.04367246	      0.00000000	      0.00000000	      0.00000000	      0.00000000	   -203.69525916	     21.25372738	     44.73331495	      8.14999957	      0.00000000	      0.00000000	      0.00000000	      0.00000000	     -6.77462791	     -6.00136767	     -0.19130842	    -14.24640984	    -10.11133006	     -4.98473282	      0.00000000	     -7.36011379	    -13.44893023	      0.00000000	     -8.90194346	     -7.13521379	    -11.84888306	     -9.53401250	      0.38259770	     -4.98473282	      0.00000000	      2.64349325	      6.34813530	      0.00000000
      3.36666667	    -13.25056586	     -2.19743196	   -177.63907781	      0.41702683	      0.07494585	     -0.55869823	    -22.03502361	     -0.58355328	      2.63225483	     -4.36557971	     -0.66009364	      0.92864874	      0.00992534	     -0.00678441	      0.00890848	      0.00000000	      0.00000000	      0.00000000	      0.01303932	      0.02591488	     -0.00131396	      0.00000000	      0.00000000	      0.00000000	      0.03578162	     -0.00731181	     -0.01571610	    215.60181506	     31.25111264	    -96.58028086	     30.97140421	      0.00000000	      0.00000000	      0.00000000	      0.00000000	   -202.71056838	     22.46487716	     45.61166086	      5.84991740	      0.00000000	      0.00000000	      0.00000000	      0.00000000	     -8.57581442	     -5.62174096	      0.84915918	    -11.39693337	    -10.78779910	     -4.98473282	      0.00000000	     -9.01414743	    -12.34830803	      0.00000000	    -10.92682431	     -6.60523675	    -12.27685440	     -5.91378500	      2.07666612	     -4.98473282	      0.00000000	     -0.43688213	      5.90194026	      0.00000000
      3.40000000	    -15.38543835	     -1.76262999	   -178.50560009	      0.40927780	      0.07595597	     -0.55667246	    -22.64627151	     -0.10231154	      2.87766140	     -3.88451590	     -1.22952215	      1.90212231	      0.01743692	     -0.00868885	      0.00923507	      0.00000000	      0.00000000	      0.00000000	      0.01655996	      0.02491326	      0.00169549	      0.00000000	      0.00000000	      0.00000000	      0.04036869	     -0.00944116	     -0.01322631	    214.09803319	     32.51707108	    -96.27835122	     29.27779500	      0.00000000	      0.00000000	      0.00000000	      0.00000000	   -203.93215068	     23.01679802	     50.04961825	      6.88482998	      0.00000000	      0.00000000	      0.00000000	      0.00000000	    -12.94120571	     -5.39340558	      0.98017413	     -7.28851155	    -12.04347379	     -4.98473282	      0.00000000	    -10.81900764	     -9.98912138	      0.00000000	    -16.74522920	     -6.05952996	    -21.64359545	      0.09920288	     11.88640478	     -4.98473282	      0.00000000	     -5.17480103	      2.76534537	      0.00000000
      3.43333333	    -15.46545021	     -1.79369068	   -178.17264170	      0.40331175	      0.07430412	     -0.55392698	    -21.09741862	      0.15408126	      1.77476945	     -5.18714196	     -1.97739048	      4.14917380	      0.02082557	     -0.01043407	      0.01165109	      0.00000000	      0.00000000	      0.00000000	      0.01846364	      0.02110520	      0.00380247	      0.00000000	      0.00000000	      0.00000000	      0.03892467	     -0.01145811	     -0.01395825	    212.23890591	     33.23872946	    -94.31863176	     26.57811417	      0.00000000	      0.00000000	      0.00000000	      0.00000000	   -204.47787293	     24.47394135	     53.51534564	      7.48521173	      0.00000000	      0.00000000	      0.00000000	      0.00000000	    -14.92868052	     -5.73960747	     -1.06713036	     -3.79751888	    -12.13912176	     -4.98473282	      0.00000000	    -11.73934977	    -10.11857087	      0.00000000	    -18.70531317	     -5.19416568	    -24.63570940	      3.97093738	     14.89690267	     -4.98473282	      0.00000000	     -8.06073108	      2.10720408	      0.00000000
      3.46666667	    -15.94881762	     -1.95866021	   -177.74182771	      0.39669310	      0.07131511	     -0.55086748	    -20.00589359	      0.25794819	      1.15699084	     -6.24970239	     -2.57372961	      3.62557166	      0.02427673	     -0.01255023	      0.01124238	      0.00000000	      0.00000000	      0.00000000	      0.01968661	      0.01892671	      0.00344501	      0.00000000	      0.00000000	      0.00000000	      0.03796168	     -0.00964759	     -0.01166761	    211.59394820	     33.50769735	    -92.10168513	     25.11080471	      0.00000000	      0.00000000	      0.00000000	      0.00000000	   -206.37902820	     25.79067246	     56.37152204	     10.32245871	      0.00000000	      0.00000000	      0.00000000	      0.00000000	    -17.23751874	     -6.24008904	     -5.79507082	     -0.90189048	     -9.34867595	     -4.98473282	      0.00000000	    -11.39389039	     -9.90961448	      0.00000000	    -20.87548831	     -4.18983006	    -26.95967138	      7.54104552	     14.89690267	     -4.98473282	      0.00000000	     -9.33492089	      4.53696250	      0.00000000
      3.50000000	    -16.13772497	     -2.13378160	   -176.68977216	      0.39047194	      0.06817993	     -0.54823510	    -18.92713952	      0.50009206	      0.20728793	     -7.03418047	     -2.27699683	      2.85366569	      0.02592737	     -0.01409142	      0.00832065	      0.00000000	      0.00000000	      0.00000000	      0.02047953	      0.01826333	      0.00093734	      0.00000000	      0.00000000	      0.00000000	      0.03478654	     -0.00867680	     -0.01557303	    212.15225184	     34.00863084	    -91.93694497	     25.62083361	      0.00000000	      0.00000000	      0.00000000	      0.00000000	   -206.19402856	     27.58542845	     56.65125135	      9.67328402	      0.00000000	      0.00000000	      0.00000000	      0.00000000	    -19.39491874	     -6.23151616	    -12.54861096	      1.69175715	     -3.69007811	     -4.98473282	      0.00000000	    -10.97090807	    -10.05280259	      0.00000000	    -22.17199531	     -3.70335318	    -28.72562586	      9.78675068	     14.89690267	     -4.98473282	      0.00000000	     -8.68682485	      9.08443840	      0.00000000
      3.53333333	    -16.24522091	     -2.51188814	   -175.43118917	      0.38600025	      0.06561931	     -0.54627207	    -18.22155498	      0.32424157	     -0.76811668	     -8.54740133	     -1.84882517	      1.51139573	      0.02349464	     -0.01276524	      0.00732465	      0.00000000	      0.00000000	      0.00000000	      0.02045198	      0.01614401	     -0.00012303	      0.00000000	      0.00000000	      0.00000000	      0.03506150	     -0.00743023	     -0.01603977	    213.19159994	     34.38029247	    -93.98319982	     26.67697682	      0.00000000	      0.00000000	      0.00000000	      0.00000000	   -205.85062803	     28.44129388	     55.51957781	      9.21381976	      0.00000000	      0.00000000	      0.00000000	      0.00000000	    -21.19775768	     -6.04955785	    -15.93793472	      3.67957995	     -1.50474095	     -4.98473282	      0.00000000	    -10.78664784	     -9.64341195	      0.00000000	    -22.56533897	     -3.56682352	    -28.55891632	     10.00000028	     14.89690267	     -4.98473282	      0.00000000	     -7.07453769	     11.01577034	      0.00000000
      3.56666667	    -16.57956902	     -2.84279838	   -174.37286798	      0.38232317	      0.06378050	     -0.54463030	    -18.06800530	      0.18783350	     -1.65539982	     -9.25088110	     -1.31398416	      0.27805352	      0.02161715	     -0.01111229	      0.00627403	      0.00000000	      0.00000000	      0.00000000	      0.01929730	      0.01471456	     -0.00012243	      0.00000000	      0.00000000	      0.00000000	      0.03497152	     -0.00730062	     -0.01670264	    214.29298213	     34.98218691	    -97.41544716	     28.66106573	      0.00000000	      0.00000000	      0.00000000	      0.00000000	   -205.12622734	     29.15949609	     55.26826724	      8.21973540	      0.00000000	      0.00000000	      0.00000000	      0.00000000	    -22.96667699	     -5.72374921	    -19.07942508	      5.38250266	     -0.02883211	     -4.98473282	      0.00000000	    -10.72642772	     -7.90714135	      0.00000000	    -23.06082572	     -3.56175314	    -28.28749018	     10.00000028	     14.89690267	     -4.98473282	      0.00000000	     -5.93044071	     13.02384810	      0.00000000
      3.60000000	    -16.97694883	     -3.04485926	   -173.80677717	      0.37939764	      0.06261744	     -0.54321388	    -18.13962854	      0.10191678	     -2.29106279	     -9.44750933	     -0.72514687	     -0.31789451	      0.02033928	     -0.00963880	      0.00566607	      0.00000000	      0.00000000	      0.00000000	      0.01751828	      0.01382904	     -0.00020002	      0.00000000	      0.00000000	      0.00000000	      0.03340844	     -0.00785340	     -0.01777060	    215.01256128	     35.70306537	   -100.62411343	     30.35644687	      0.00000000	      0.00000000	      0.00000000	      0.00000000	   -204.42671420	     29.70259929	     55.61181004	      7.29700737	      0.00000000	      0.00000000	      0.00000000	      0.00000000	    -24.28178713	     -5.48084801	    -21.22270498	      6.55244713	      0.27590218	     -4.98473282	      0.00000000	    -10.67860036	     -6.04491496	      0.00000000	    -23.57745997	     -3.52812124	    -27.84688931	     10.00000028	     14.89690267	     -4.98473282	      0.00000000	     -5.46534245	     13.43746391	      0.00000000
      3.63333333	    -17.02100191	     -3.03674221	   -173.96120466	      0.37713005	      0.06209432	     -0.54172192	    -17.86341089	      0.15218056	     -2.28952893	     -9.39472478	     -0.59169960	     -0.24132800	      0.01940687	     -0.00971578	      0.00561032	      0.00000000	      0.00000000	      0.00000000	      0.01808809	      0.01155453	     -0.00208311	      0.00000000	      0.00000000	      0.00000000	      0.03142034	     -0.00902824	     -0.01856527	    215.02993820	     35.46098660	   -100.93051969	     30.60149147	      0.00000000	      0.00000000	      0.00000000	      0.00000000	   -204.47084714	     29.91187323	     55.60748281	      7.12318429	      0.00000000	      0.00000000	      0.00000000	      0.00000000	    -24.57836419	     -5.60774560	    -21.38737138	      6.83789450	      0.15210485	     -4.98473282	      0.00000000	    -10.74077747	     -6.00437641	      0.00000000	    -23.73129409	     -3.35778034	    -27.98210613	     10.00000028	     14.89690267	     -4.98473282	      0.00000000	     -5.37936580	     13.21007969	      0.00000000
      3.66666667	    -17.95509393	     -3.06555042	   -174.36134079	      0.37428353	      0.06185849	     -0.54072509	    -18.55539831	      0.07460717	     -2.27579584	     -9.08252166	      0.06338405	      0.87885942	      0.01891434	     -0.01025309	      0.00604111	      0.00000000	      0.00000000	      0.00000000	      0.01732867	      0.01375294	     -0.00367957	      0.00000000	      0.00000000	      0.00000000	      0.02937675	     -0.00950075	     -0.02143832	    215.83622985	     36.43667293	   -102.36206654	     31.95544569	      0.00000000	      0.00000000	      0.00000000	      0.00000000	   -203.54500504	     30.12531729	     54.56439827	      5.55882415	      0.00000000	      0.00000000	      0.00000000	      0.00000000	    -25.72954721	     -5.82851338	    -21.02953323	      7.00487740	     -0.17039824	     -4.98473282	      0.00000000	    -10.92387323	     -5.72205975	      0.00000000	    -25.00814738	     -3.28771490	    -27.09117859	     10.00000028	     14.89690267	     -4.98473282	      0.00000000	     -5.77714204	     11.40840717	      0.00000000
      3.70000000	    -18.02613381	     -2.93872202	   -174.85264367	      0.37152578	      0.06143213	     -0.53966414	    -18.18352921	      0.16166020	     -1.99706057	     -9.08647606	      0.27707142	      1.17802434	      0.01881373	     -0.01203734	      0.00466212	      0.00000000	      0.00000000	      0.00000000	      0.01766475	      0.01404940	     -0.00566595	      0.00000000	      0.00000000	      0.00000000	      0.03029940	     -0.01001863	     -0.02181038	    215.99537822	     36.73102175	   -102.17060139	     31.83760336	      0.00000000	      0.00000000	      0.00000000	      0.00000000	   -203.85180699	     30.13888644	     54.33708676	      5.39335246	      0.00000000	      0.00000000	      0.00000000	      0.00000000	    -25.91178775	     -5.99025519	    -20.71402207	      7.13950786	      0.03609211	     -4.98473282	      0.00000000	    -11.05778271	     -5.62650504	      0.00000000	    -25.43674984	     -3.24439997	    -26.97942696	     10.00000028	     14.89690267	     -4.98473282	      0.00000000	     -5.48535011	     11.25768927	      0.00000000
      3.73333333	    -18.27917363	     -2.48436750	   -175.69755714	      0.36888451	      0.06067794	     -0.53893870	    -18.00334242	      0.54040471	     -1.26812631	     -9.48815571	      0.48138556	      2.91920730	      0.01824934	     -0.01277511	      0.00462648	      0.00000000	      0.00000000	      0.00000000	      0.01923609	      0.01499890	     -0.00882840	      0.00000000	      0.00000000	      0.00000000	      0.03223737	     -0.00942959	     -0.02034028	    216.40054065	     36.50474381	   -101.13729019	     32.07332121	      0.00000000	      0.00000000	      0.00000000	      0.00000000	   -204.71583134	     29.90980118	     52.73193745	      5.85763185	      0.00000000	      0.00000000	      0.00000000	      0.00000000	    -26.14123009	     -5.87766816	    -19.17979719	      7.17991583	      0.01158463	     -4.98473282	      0.00000000	    -11.36793868	     -6.27961859	      0.00000000	    -26.20806817	     -3.37626696	    -27.03793883	     10.00000028	     14.89690267	     -4.98473282	      0.00000000	     -5.04000599	     10.18141428	      0.00000000
      3.76666667	    -18.05699360	     -2.23374730	   -176.11309789	      0.36684544	      0.05983917	     -0.53839796	    -17.47573754	      0.75580397	     -0.66492856	     -9.59085999	      0.59804852	      2.97015259	      0.01809179	     -0.01362217	      0.00327350	      0.00000000	      0.00000000	      0.00000000	      0.01833301	      0.01489158	     -0.01042888	      0.00000000	      0.00000000	      0.00000000	      0.03278052	     -0.00807008	     -0.01908315	    216.04065145	     36.39199693	   -101.23206498	     31.26655930	      0.00000000	      0.00000000	      0.00000000	      0.00000000	   -205.16604353	     30.26527340	     53.11957423	      5.85448234	      0.00000000	      0.00000000	      0.00000000	      0.00000000	    -26.15393822	     -5.65304650	    -18.96443255	      7.73897854	     -0.02451035	     -4.98473282	      0.00000000	    -11.80249360	     -5.97633627	      0.00000000	    -26.33862853	     -3.41569839	    -27.08262833	     10.00000028	     14.89690267	     -4.98473282	      0.00000000	     -4.64246503	      9.62171732	      0.00000000
      3.80000000	    -17.87388534	     -2.29480479	   -176.33320050	      0.36607195	      0.05935874	     -0.53734141	    -17.30980300	      0.82115929	     -0.43227708	     -9.29190161	     -0.05086411	      2.37321222	      0.01794471	     -0.01359007	      0.00225816	      0.00000000	      0.00000000	      0.00000000	      0.01969174	      0.01377336	     -0.00949778	      0.00000000	      0.00000000	      0.00000000	      0.03097890	     -0.00684733	     -0.01964397	    213.86753400	     35.70711367	   -100.28198272	     28.45581676	      0.00000000	      0.00000000	      0.00000000	      0.00000000	   -205.59486561	     30.44617457	     54.54521616	      5.91292180	      0.00000000	      0.00000000	      0.00000000	      0.00000000	    -26.03256606	     -5.78190022	    -19.41209552	      7.86670914	      0.17210275	     -4.98473282	      0.00000000	    -11.55094616	     -5.31152527	      0.00000000	    -26.35772829	     -3.16458294	    -26.42303808	     10.00000028	     14.89690267	     -4.98473282	      0.00000000	     -4.73720025	      7.97862141	      0.00000000
      3.83333333	    -18.17080818	     -2.50603072	   -176.22710404	      0.36596634	      0.05943470	     -0.53652564	    -17.92517639	      0.72864036	     -0.53926283	     -8.58843684	     -0.41503424	      1.80252559	      0.01791545	     -0.01284334	      0.00214952	      0.00000000	      0.00000000	      0.00000000	      0.02252342	      0.01498371	     -0.00669768	      0.00000000	      0.00000000	      0.00000000	      0.02960272	     -0.00598320	     -0.02079373	    212.05351369	     34.69531769	    -96.76934184	     25.63838992	      0.00000000	      0.00000000	      0.00000000	      0.00000000	   -205.38335399	     30.08180933	     54.58518761	      5.50870221	      0.00000000	      0.00000000	      0.00000000	      0.00000000	    -26.44000276	     -5.88249925	    -21.22475458	      8.01497029	      1.35731176	     -4.98473282	      0.00000000	    -11.35345860	     -4.68760328	      0.00000000	    -26.68160764	     -2.94333491	    -25.38407286	     10.00000028	     14.89690267	     -4.98473282	      0.00000000	     -5.19196291	      6.07997266	      0.00000000
      3.86666667	    -18.88040255	     -2.74722726	   -176.10468483	      0.36675132	      0.06023883	     -0.53629786	    -19.20630124	      0.55468439	     -0.62877737	     -7.38777968	     -1.11034872	      0.79657644	      0.01883805	     -0.01231560	      0.00294163	      0.00000000	      0.00000000	      0.00000000	      0.02480366	      0.01763570	     -0.00376964	      0.00000000	      0.00000000	      0.00000000	      0.03114045	     -0.00762180	     -0.02346882	    210.99930244	     33.57654814	    -91.84832921	     23.17797874	      0.00000000	      0.00000000	      0.00000000	      0.00000000	   -203.93790937	     29.00351420	     49.70760310	      3.69005046	      0.00000000	      0.00000000	      0.00000000	      0.00000000	    -27.13550903	     -5.88056259	    -24.59461420	      8.08397333	      4.34268032	     -4.98473282	      0.00000000	    -11.57680972	     -4.53361931	      0.00000000	    -27.24953392	     -2.81450237	    -24.75850471	     10.00000028	     14.89690267	     -4.98473282	      0.00000000	     -6.05240517	      5.47407767	      0.00000000
      3.90000000	    -19.26548616	     -3.13203717	   -175.93676026	      0.36781124	      0.06096442	     -0.53626613	    -20.07144340	      0.07837159	     -1.16823952	     -7.01458895	     -1.23555966	      0.27632322	      0.01955335	     -0.01093991	      0.00389484	      0.00000000	      0.00000000	      0.00000000	      0.02426870	      0.02041311	     -0.00188833	      0.00000000	      0.00000000	      0.00000000	      0.03575614	     -0.01125634	     -0.02541707	    211.42350652	     33.97150680	    -91.21322971	     22.58361589	      0.00000000	      0.00000000	      0.00000000	      0.00000000	   -201.83754294	     27.60614078	     35.49181571	      0.00000000	      0.00000000	      0.00000000	      0.00000000	      0.00000000	    -27.52215467	     -5.93247886	    -29.19740467	      8.18691197	      9.19218769	     -4.98473282	      0.00000000	    -12.02449485	     -5.12584358	      0.00000000	    -27.31969231	     -2.52273405	    -25.63231741	     10.00000028	     14.89690267	     -4.98473282	      0.00000000	     -6.10905297	      7.64455188	      0.00000000
      3.93333333	    -19.23152007	     -3.14116041	   -175.93185837	      0.36953956	      0.06167564	     -0.53628064	    -20.43703568	     -0.07473570	     -1.27333172	     -6.79667902	     -1.45106187	      0.22188954	      0.02113669	     -0.01049433	      0.00560601	      0.00000000	      0.00000000	      0.00000000	      0.02192292	      0.01986514	     -0.00120547	      0.00000000	      0.00000000	      0.00000000	      0.03985266	     -0.01368300	     -0.02409017	    211.96479603	     34.39477187	    -91.53291204	     21.85865293	      0.00000000	      0.00000000	      0.00000000	      0.00000000	   -201.45049478	     26.61648373	     35.58382179	      0.00000000	      0.00000000	      0.00000000	      0.00000000	      0.00000000	    -27.25559131	     -5.93314317	    -29.31041957	      8.10404785	      9.07932026	     -4.98473282	      0.00000000	    -12.42980781	     -5.08150595	      0.00000000	    -27.05103961	     -2.52195829	    -25.79103776	     10.00000028	     14.89690267	     -4.98473282	      0.00000000	     -6.42293786	      7.86575986	      0.00000000
      3.96666667	    -19.00547694	     -2.99812719	   -176.09903935	      0.37113535	      0.06200368	     -0.53602913	    -20.50980340	     -0.06845396	     -1.25242796	     -6.09651224	     -1.41553341	      0.69841652	      0.02474670	     -0.01112635	      0.00639003	      0.00000000	      0.00000000	      0.00000000	      0.01849510	      0.01937467	      0.00258358	      0.00000000	      0.00000000	      0.00000000	      0.04225892	     -0.01555231	     -0.02203587	    211.32562301	     36.02548141	    -95.08636619	     20.76494590	      0.00000000	      0.00000000	      0.00000000	      0.00000000	   -201.54205903	     26.15115879	     38.90138286	      0.00000000	      0.00000000	      0.00000000	      0.00000000	      0.00000000	    -26.70435493	     -5.94316296	    -28.91469495	      8.02215669	      8.91208078	     -4.98473282	      0.00000000	    -12.81481155	     -4.79443486	      0.00000000	    -26.59522550	     -2.47077623	    -27.62810953	     10.00000028	     14.89690267	     -4.98473282	      0.00000000	     -5.80027922	     10.13919383	      0.00000000
      4.00000000	    -18.63554246	     -2.70790106	   -176.45314343	      0.37248372	      0.06239203	     -0.53554530	    -20.34072864	      0.01173233	     -0.90586336	     -6.48574420	     -1.75602156	      1.56941101	      0.02669504	     -0.01081779	      0.00920972	      0.00000000	      0.00000000	      0.00000000	      0.01857341	      0.02221132	      0.00506798	      0.00000000	      0.00000000	      0.00000000	      0.04297872	     -0.01577637	     -0.02012260	    212.10765809	     36.95256022	    -94.39754277	     21.56488289	      0.00000000	      0.00000000	      0.00000000	      0.00000000	   -201.82414597	     26.42401201	     44.41019803	      0.00000000	      0.00000000	      0.00000000	      0.00000000	      0.00000000	    -25.73673305	     -6.07295512	    -27.07079179	      7.40016338	      7.63875852	     -4.98473282	      0.00000000	    -12.68006910	     -5.11997509	      0.00000000	    -26.05536496	     -2.38129608	    -29.22531696	     10.00000028	     14.89690267	     -4.98473282	      0.00000000	     -5.55839637	     10.55455831	      0.00000000
      4.03333333	    -18.80562251	     -2.57921913	   -176.45029638	      0.37353821	      0.06338205	     -0.53384265	    -20.92147526	      0.35644164	     -1.10606863	     -6.39745071	     -1.61256011	      1.72383637	      0.02819678	     -0.01097432	      0.00743584	      0.00000000	      0.00000000	      0.00000000	      0.02082174	      0.02645008	      0.00837110	      0.00000000	      0.00000000	      0.00000000	      0.04167261	     -0.01537809	     -0.01996828	    211.88468285	     37.15277500	    -93.43593434	     22.29541971	      0.00000000	      0.00000000	      0.00000000	      0.00000000	   -202.53063192	     26.45262767	     44.58832430	      0.00000000	      0.00000000	      0.00000000	      0.00000000	      0.00000000	    -25.40353060	     -6.30051858	    -26.74976970	      6.54817630	      7.43727601	     -4.98473282	      0.00000000	    -12.76572138	     -5.15269542	      0.00000000	    -25.99117501	     -2.25092534	    -30.00346886	     10.00000028	     14.89690267	     -4.98473282	      0.00000000	     -5.72132630	     10.20952926	      0.00000000
      4.06666667	    -18.89498226	     -2.26312546	   -176.96477585	      0.37497642	      0.06483458	     -0.53256587	    -21.61389458	      0.72784631	     -0.08116322	     -5.63556142	     -2.68360121	      2.95547581	      0.02954113	     -0.01191992	      0.01070771	      0.00000000	      0.00000000	      0.00000000	      0.02377685	      0.03033142	      0.00344550	      0.00000000	      0.00000000	      0.00000000	      0.03993431	     -0.01468054	     -0.02246439	    214.23199609	     34.65219347	    -87.50024598	     25.28048311	      0.00000000	      0.00000000	      0.00000000	      0.00000000	   -202.54299504	     26.79027484	     41.80429028	      0.00000000	      0.00000000	      0.00000000	      0.00000000	      0.00000000	    -24.52189799	     -6.74946755	    -22.91396576	      4.72919535	      4.75514288	     -4.98473282	      0.00000000	    -12.39367917	     -7.02877357	      0.00000000	    -25.57902086	     -2.40305794	    -30.73145522	      9.20856793	     14.89690267	     -4.98473282	      0.00000000	     -5.53793989	      9.78774382	      0.00000000
      4.10000000	    -18.76685068	     -1.98222856	   -177.11577070	      0.37773855	      0.06637361	     -0.53188480	    -22.37869063	      1.12978139	      0.37356130	     -4.69250291	     -2.91940349	      2.36868055	      0.02902084	     -0.01301751	      0.00877091	      0.00000000	      0.00000000	      0.00000000	      0.02460788	      0.03020904	     -0.00059256	      0.00000000	      0.00000000	      0.00000000	      0.03698639	     -0.01428251	     -0.02530458	    214.59672748	     32.76615767	    -86.97853089	     26.49896360	      0.00000000	      0.00000000	      0.00000000	      0.00000000	   -202.40437426	     26.32346345	     35.68759165	      0.09895394	      0.00000000	      0.00000000	      0.00000000	      0.00000000	    -22.91492227	     -7.08483392	    -17.12003001	      1.90688479	      0.07371813	     -4.98473282	      0.00000000	    -12.29771303	    -10.31725354	      0.00000000	    -24.09936988	     -3.38398043	    -29.30169465	      6.28700570	     14.89690267	     -4.98473282	      0.00000000	     -4.02544373	      8.16435631	      0.00000000
      4.13333333	    -18.26455063	     -1.81918234	   -177.61652751	      0.38117990	      0.06678276	     -0.53272651	    -22.90549264	      1.00826554	      0.92122232	     -4.42669942	     -3.27577595	      2.53487199	      0.02547909	     -0.01212099	      0.00944102	      0.00000000	      0.00000000	      0.00000000	      0.02199132	      0.02755828	     -0.00175663	      0.00000000	      0.00000000	      0.00000000	      0.03233798	     -0.01183111	     -0.02849348	    213.55145066	     32.18103667	    -90.30339885	     25.93983890	      0.00000000	      0.00000000	      0.00000000	      0.00000000	   -201.68937415	     25.91049788	     33.91155878	      0.06742537	      0.00000000	      0.00000000	      0.00000000	      0.00000000	    -20.38632366	     -7.41417265	    -12.10149342	     -1.53568085	     -3.55039310	     -4.98473282	      0.00000000	    -11.11214619	    -12.54876128	      0.00000000	    -21.96555528	     -4.48962859	    -27.20940053	      2.44139964	     14.89690267	     -4.98473282	      0.00000000	     -2.51456022	      6.40047748	      0.00000000
      4.16666667	    -17.30170566	     -2.05763436	   -177.84492070	      0.38525070	      0.06565691	     -0.53467709	    -22.94800088	      0.27303620	      1.66112586	     -4.22384646	     -2.99373683	      1.72507721	      0.02166721	     -0.01078097	      0.01025798	      0.00000000	      0.00000000	      0.00000000	      0.01457030	      0.02498590	     -0.00254070	      0.00000000	      0.00000000	      0.00000000	      0.03270137	     -0.00664849	     -0.02905164	    213.16400607	     31.41142830	    -91.25588867	     24.43468455	      0.00000000	      0.00000000	      0.00000000	      0.00000000	   -200.48831694	     25.62603205	     37.38349133	      0.36449420	      0.00000000	      0.00000000	      0.00000000	      0.00000000	    -17.28864118	     -7.77762058	     -6.88321087	     -5.08674079	     -7.26038281	     -4.98473282	      0.00000000	    -10.18780609	    -14.22435828	      0.00000000	    -18.77492438	     -5.37912884	    -23.07658215	     -2.55008139	     14.71071173	     -4.98473282	      0.00000000	     -0.77340990	      2.36089983	      0.00000000
      4.20000000	    -15.28977669	     -2.60793538	   -176.91478287	      0.39154055	      0.06313844	     -0.53648455	    -22.12353648	     -0.49646136	      1.08332409	     -3.00021400	     -2.45919397	     -0.34015914	      0.01903126	     -0.01098206	      0.00964930	      0.00000000	      0.00000000	      0.00000000	      0.00545844	      0.02057637	     -0.00042346	      0.00000000	      0.00000000	      0.00000000	      0.03283324	      0.00053467	     -0.02654752	    212.13333609	     30.33425390	    -90.92514469	     21.84670316	      0.00000000	      0.00000000	      0.00000000	      0.00000000	   -199.69731387	     25.39386987	     47.99554368	      1.24430082	      0.00000000	      0.00000000	      0.00000000	      0.00000000	    -13.27473926	     -8.22838080	     -5.32396998	     -8.51919002	     -9.28066134	     -4.98473282	      0.00000000	     -8.34823452	    -13.73900694	      0.00000000	    -13.05478824	     -5.58949439	    -11.73256789	     -8.92857832	      6.92547033	     -4.98473282	      0.00000000	      1.77969610	      0.59846729	      0.00000000
      4.23333333	    -14.60299151	     -2.77739756	   -176.15624826	      0.39497690	      0.05984178	     -0.53657649	    -22.37443004	     -0.39291941	      0.56353499	     -1.95029677	     -2.76050028	     -1.02245021	      0.01768538	     -0.01034533	      0.00924182	      0.00000000	      0.00000000	      0.00000000	     -0.00456323	      0.02248200	     -0.00273512	      0.00000000	      0.00000000	      0.00000000	      0.03574896	      0.00568760	     -0.02264551	    212.62245586	     30.13521221	    -91.21990955	     22.12951161	      0.00000000	      0.00000000	      0.00000000	      0.00000000	   -200.57002867	     24.50688938	     57.70677979	      3.78762627	      0.00000000	      0.00000000	      0.00000000	      0.00000000	    -11.26460231	     -8.75409052	     -7.66925423	    -11.00291026	     -8.30013722	     -4.98473282	      0.00000000	     -6.07542691	    -11.05073672	      0.00000000	     -9.68159286	     -5.37255250	     -5.50035931	    -13.31366743	      1.57592523	     -4.98473282	      0.00000000	      4.50785299	      1.58138463	      0.00000000
      4.26666667	    -14.94845667	     -2.63339550	   -176.53327617	      0.39709017	      0.05650029	     -0.53723042	    -23.71872323	     -0.24465522	      1.04240792	     -0.46447546	     -2.80660419	     -3.09043897	      0.01662927	     -0.01057017	      0.00527688	      0.00000000	      0.00000000	      0.00000000	     -0.01094691	      0.02367413	     -0.00369082	      0.00000000	      0.00000000	      0.00000000	      0.03770648	      0.00880208	     -0.02081251	    212.30019436	     29.88183534	    -93.49488271	     22.89259859	      0.00000000	      0.00000000	      0.00000000	      0.00000000	   -200.89525565	     23.33458379	     60.75506422	      4.92230278	      0.00000000	      0.00000000	      0.00000000	      0.00000000	    -10.05172129	     -9.02093989	     -7.98214027	    -13.65948699	     -7.68409983	     -4.98473282	      0.00000000	     -4.15370192	     -9.83339914	      0.00000000	     -8.66681393	     -5.79872819	     -6.76893407	    -15.85054369	      3.00530724	     -4.98473282	      0.00000000	      6.15365002	      1.56145391	      0.00000000
      4.30000000	    -14.76961985	     -2.21054978	   -176.91761184	      0.39964369	      0.05240448	     -0.53799418	    -24.44948690	      0.11538167	      1.12669875	     -0.03855176	     -3.12257624	     -3.40144048	      0.01342301	     -0.01008593	      0.00387091	      0.00000000	      0.00000000	      0.00000000	     -0.01101087	      0.02638781	     -0.00228334	      0.00000000	      0.00000000	      0.00000000	      0.03576014	      0.01519993	     -0.01526270	    211.38750646	     30.51006076	    -98.40470351	     24.50103461	      0.00000000	      0.00000000	      0.00000000	      0.00000000	   -203.88234877	     22.48094736	     67.37725668	     10.28673267	      0.00000000	      0.00000000	      0.00000000	      0.00000000	     -7.98645351	     -8.94536194	     -7.19505694	    -16.79112822	     -8.66397710	     -4.98473282	      0.00000000	     -1.76875444	     -7.66672173	      0.00000000	     -7.14289149	     -6.80030645	     -8.94871002	    -18.64966302	      5.68190858	     -4.98473282	      0.00000000	      8.25460586	      2.03824474	      0.00000000
      4.33333333	    -14.17859331	     -1.40428823	   -177.14213977	      0.40363562	      0.04800964	     -0.53852727	    -25.06675515	      1.09676544	      1.39890580	      1.53043679	     -3.67423004	     -4.26673998	      0.01021394	     -0.01168891	      0.00044205	      0.00000000	      0.00000000	      0.00000000	     -0.00744067	      0.03042172	     -0.00098509	      0.00000000	      0.00000000	      0.00000000	      0.03516031	      0.01860912	     -0.01290229	    209.83262179	     29.98445659	   -100.98017183	     25.39234757	      0.00000000	      0.00000000	      0.00000000	      0.00000000	   -205.70083607	     21.27197153	     69.21591240	     13.29308084	      0.00000000	      0.00000000	      0.00000000	      0.00000000	     -5.30919068	     -8.41401428	     -6.41764864	    -20.10229829	     -9.11393895	     -4.98473282	      0.00000000	     -0.53538675	     -6.40870319	      0.00000000	     -5.00558036	     -8.49989192	    -11.24485496	    -21.85891749	      8.23036595	     -4.98473282	      0.00000000	     10.62708728	      3.69316593	      0.00000000
      4.36666667	    -12.87469116	     -0.81862144	   -177.68896560	      0.40887282	      0.04284232	     -0.53953857	    -25.15402208	      1.44563829	      1.31455247	      3.10424705	     -3.73734022	     -4.11741393	      0.00528831	     -0.01384752	     -0.00112342	      0.00000000	      0.00000000	      0.00000000	     -0.00213390	      0.03323945	      0.00257733	      0.00000000	      0.00000000	      0.00000000	      0.03489777	      0.01906806	     -0.01029710	    208.18038032	     29.05682072	   -101.62031211	     24.91161668	      0.00000000	      0.00000000	      0.00000000	      0.00000000	   -206.49071287	     19.38995923	     70.21169025	     14.48111205	      0.00000000	      0.00000000	      0.00000000	      0.00000000	     -1.44512324	     -8.15565862	     -5.74225557	    -24.05752293	     -8.69160175	     -4.98473282	      0.00000000	      0.69637527	     -5.56819606	      0.00000000	     -1.90580600	    -10.14381181	    -13.36093348	    -25.60810732	     10.59971862	     -4.98473282	      0.00000000	     12.88938859	      5.16418813	      0.00000000
      4.40000000	     -9.06274875	     -0.89776658	   -178.11604301	      0.41723023	      0.03553318	     -0.54082430	    -22.73215364	      0.78536874	      1.03714763	      3.74654092	     -3.65341946	     -3.34885570	     -0.00174060	     -0.01649177	      0.00103158	      0.00000000	      0.00000000	      0.00000000	      0.00216035	      0.03095206	      0.00626627	      0.00000000	      0.00000000	      0.00000000	      0.03597525	      0.01542221	     -0.00973534	    207.41013215	     26.99887334	    -98.03555604	     23.31837143	      0.00000000	      0.00000000	      0.00000000	      0.00000000	   -205.00022669	     17.89685162	     72.75536008	     12.89876871	      0.00000000	      0.00000000	      0.00000000	      0.00000000	      5.91154633	     -8.63085201	     -4.63360658	    -29.56361788	     -7.68856513	     -4.98473282	      0.00000000	      2.75684477	     -5.25663926	      0.00000000	      4.97962799	    -10.97249589	    -13.67938045	    -30.86557805	     11.89165860	     -4.98473282	      0.00000000	     14.49890262	      5.56829980	      0.00000000
      4.43333333	     -5.07461261	     -1.02420657	   -177.65710294	      0.42556863	      0.02616988	     -0.54051865	    -20.16151797	      0.64047595	      0.21885370	      4.73550330	     -3.07380334	     -2.95144235	     -0.00723459	     -0.01986116	      0.00018026	      0.00000000	      0.00000000	      0.00000000	      0.00389702	      0.02940166	      0.00364802	      0.00000000	      0.00000000	      0.00000000	      0.03773025	      0.00994754	     -0.01290570	    208.21945970	     24.64855138	    -92.40479933	     23.40064808	      0.00000000	      0.00000000	      0.00000000	      0.00000000	   -202.01183239	     16.57973673	     73.92432405	      8.87898398	      0.00000000	      0.00000000	      0.00000000	      0.00000000	     13.00554786	     -9.94731768	     -5.20973467	    -34.63061933	     -6.18943919	     -4.27683096	      0.00000000	      5.11474046	     -4.73168846	      0.00000000	     12.67201242	    -11.62287989	    -13.16535073	    -36.67356315	     12.34248008	     -4.98473282	      0.00000000	     16.36112863	      7.29480136	      0.00000000
      4.46666667	     -1.07671949	     -1.02647923	   -176.96213832	      0.43373299	      0.01436260	     -0.53983671	    -17.57923523	      0.53887155	     -0.56001763	      5.94294165	     -2.74521821	     -2.04948843	     -0.01004478	     -0.02325924	      0.00276620	      0.00000000	      0.00000000	      0.00000000	      0.00563365	      0.02795717	     -0.00118587	      0.00000000	      0.00000000	      0.00000000	      0.03619900	      0.00782765	     -0.01817311	    209.71773086	     22.39303921	    -88.10488209	     24.29743578	      0.00000000	      0.00000000	      0.00000000	      0.00000000	   -197.99344815	     16.22670965	     71.37775211	      3.60975059	      0.00000000	      0.00000000	      0.00000000	      0.00000000	     20.08928498	    -11.85379435	     -3.39416059	    -40.00437399	     -6.14202262	     -1.13982267	      0.00000000	      7.60764075	     -5.00001466	      0.00000000	     20.25183595	    -12.34816521	    -13.02974785	    -42.22485738	     11.97130631	     -4.98473282	      0.00000000	     17.61548127	     10.43511445	      0.00000000
      4.50000000	      2.44184751	     -0.68604815	   -175.99300683	      0.44092370	      0.00048433	     -0.53826381	    -15.42214424	      0.97496815	     -1.63006885	      7.72477229	     -2.24473458	     -0.75813399	     -0.00841549	     -0.02697941	      0.00534426	      0.00000000	      0.00000000	      0.00000000	      0.00730625	      0.02897700	     -0.00534336	      0.00000000	      0.00000000	      0.00000000	      0.02984583	      0.00902991	     -0.01933772	    210.34429655	     21.04051059	    -86.53075302	     24.61312806	      0.00000000	      0.00000000	      0.00000000	      0.00000000	   -197.10297163	     16.23287326	     66.84415992	      2.90287547	      0.00000000	      0.00000000	      0.00000000	      0.00000000	     26.35595467	    -13.90805931	     -2.44094627	    -44.99345225	     -5.13367135	      2.00991250	      0.00000000	     10.00677888	     -5.11128810	      0.00000000	     27.21969063	    -13.17414726	    -12.59921158	    -47.68122216	     11.81374241	     -4.98473282	      0.00000000	     18.06531128	     12.86562181	      0.00000000
      4.53333333	      2.51603719	     -0.42955829	   -175.07221418	      0.44483436	     -0.01321246	     -0.53641211	    -17.05329459	      1.54987179	     -2.01930306	      9.24518285	     -1.96413307	     -0.68813035	     -0.00638952	     -0.02991246	      0.00823773	      0.00000000	      0.00000000	      0.00000000	      0.00689981	      0.03141789	     -0.00653262	      0.00000000	      0.00000000	      0.00000000	      0.02342379	      0.00944709	     -0.01851573	    209.97354903	     19.51850925	    -87.08722169	     23.88177750	      0.00000000	      0.00000000	      0.00000000	      0.00000000	   -197.82348099	     15.86024721	     65.60260946	      5.32138931	      0.00000000	      0.00000000	      0.00000000	      0.00000000	     28.14823248	    -15.86887853	     -2.83005040	    -48.80742010	     -2.90537098	      4.17655782	      0.00000000	     12.65630611	     -4.92086016	      0.00000000	     29.67287020	    -14.03410419	    -12.49028084	    -51.92848221	     12.92797484	     -4.98473282	      0.00000000	     18.95012000	     13.58940239	      0.00000000
      4.56666667	      7.36581519	      0.37610963	   -173.42796085	      0.45226226	     -0.03058142	     -0.53269278	    -13.13425413	      2.76972378	     -3.71103376	      9.09285876	     -2.14828801	      0.77816542	     -0.00464809	     -0.03167566	      0.01219618	      0.00000000	      0.00000000	      0.00000000	      0.00869721	      0.03294112	     -0.00392165	      0.00000000	      0.00000000	      0.00000000	      0.02019667	      0.00644548	     -0.01429763	    207.40077846	     18.85558571	    -87.70113828	     21.20199416	      0.00000000	      0.00000000	      0.00000000	      0.00000000	   -200.98064065	     14.27459043	     62.15939354	     10.11183732	      0.00000000	      0.00000000	      0.00000000	      0.00000000	     35.85841879	    -18.25916233	     -5.78823245	    -53.70956259	      1.78716203	      3.97253120	      0.00000000	     13.46664425	     -7.00029543	      0.00000000	     38.85896488	    -13.87825752	    -10.12643272	    -57.45308084	     13.90343068	     -4.54240704	      0.00000000	     19.79722249	     11.43686682	      0.00000000
      4.60000000	      7.85721159	      0.39604336	   -172.30372258	      0.45562256	     -0.04529259	     -0.52941433	    -14.18763039	      3.22473755	     -4.39928006	     10.70480841	     -2.02299492	      0.82691534	     -0.00064892	     -0.03511200	      0.01649495	      0.00000000	      0.00000000	      0.00000000	      0.01053137	      0.03177678	     -0.00249242	      0.00000000	      0.00000000	      0.00000000	      0.01795463	      0.00461521	     -0.01418451	    206.52095961	     16.74991876	    -88.46816732	     20.91737943	      0.00000000	      0.00000000	      0.00000000	      0.00000000	   -200.92865641	     13.50220615	     62.14760272	     10.78288314	      0.00000000	      0.00000000	      0.00000000	      0.00000000	     38.08734849	    -20.54374307	     -6.18582082	    -57.16515916	      3.97007888	      4.98473282	      0.00000000	     15.42343564	     -7.26355194	      0.00000000	     42.09677070	    -13.52685206	     -9.71986531	    -61.34784899	     14.79799780	     -4.98473282	      0.00000000	     22.51167463	     11.42074759	      0.00000000
      4.63333333	     13.00899010	      1.31847842	   -170.91657950	      0.46122049	     -0.06227018	     -0.52595601	     -9.52217674	      4.18636311	     -6.15711860	     10.42630734	     -2.34537281	      2.15970849	      0.00114947	     -0.03721277	      0.02076196	      0.00000000	      0.00000000	      0.00000000	      0.01399894	      0.02860330	     -0.00250044	      0.00000000	      0.00000000	      0.00000000	      0.01459761	      0.00559395	     -0.01465943	    205.77250845	     16.21835869	    -89.63601351	     20.99794742	      0.00000000	      0.00000000	      0.00000000	      0.00000000	   -200.37314659	     14.53796330	     65.53751438	      9.03679330	      0.00000000	      0.00000000	      0.00000000	      0.00000000	     46.07583738	    -22.57879787	     -9.82552498	    -61.72480319	      7.28467240	      2.42608444	      0.00000000	     15.78011237	     -9.72587047	      0.00000000	     51.54958490	    -12.78052963	     -7.98523473	    -66.25695321	     14.89690267	     -4.88022196	      0.00000000	     23.74621556	     10.23204435	      0.00000000
      4.66666667	     14.53754919	      1.75067236	   -169.78563426	      0.46418229	     -0.07642199	     -0.52312945	     -9.12053965	      4.93352467	     -7.31869793	     11.85141841	     -2.31981227	      3.01969334	      0.00286810	     -0.04005363	      0.02401239	      0.00000000	      0.00000000	      0.00000000	      0.01558218	      0.02492697	     -0.00325732	      0.00000000	      0.00000000	      0.00000000	      0.01128040	      0.00954315	     -0.01692627	    206.45727123	     15.27168134	    -91.84398814	     22.79345413	      0.00000000	      0.00000000	      0.00000000	      0.00000000	   -197.97074336	     15.63922771	     70.42817984	      5.10985834	      0.00000000	      0.00000000	      0.00000000	      0.00000000	     49.37199694	    -24.38104535	    -11.80419599	    -65.09541302	      8.15625294	      1.27468891	      0.00000000	     16.77478349	    -10.22679978	      0.00000000	     56.34414223	    -12.30412774	     -7.30313521	    -70.53559489	     14.65432486	     -4.98473282	      0.00000000	     24.95109724	      9.25518788	      0.00000000
      4.70000000	     16.64121171	      2.50272598	   -169.58316054	      0.46639992	     -0.09053444	     -0.52083475	     -7.90224627	      5.96908938	     -7.72969581	     12.82469316	     -2.50195460	      3.63234720	      0.00350388	     -0.04268661	      0.02391484	      0.00000000	      0.00000000	      0.00000000	      0.01186250	      0.02472279	     -0.00277794	      0.00000000	      0.00000000	      0.00000000	      0.00812226	      0.01167593	     -0.01673796	    206.92026228	     16.34271146	    -96.75744549	     25.11042670	      0.00000000	      0.00000000	      0.00000000	      0.00000000	   -197.92148139	     16.26571184	     76.78589076	      4.40017800	      0.00000000	      0.00000000	      0.00000000	      0.00000000	     53.58910844	    -25.20441910	    -14.40352517	    -68.79241340	      8.96086621	     -1.34988579	      0.00000000	     17.57876796	     -9.37597778	      0.00000000	     61.44339972	    -12.89839763	     -6.74330913	    -74.62378013	     14.89690267	     -4.48666113	      0.00000000	     25.57628238	      7.34091615	      0.00000000
      4.73333333	     17.34572835	      2.87736744	   -169.81478707	      0.46826161	     -0.10341562	     -0.51996312	     -8.69174150	      6.53018078	     -7.39912580	     15.47875325	     -2.66426825	      3.69873554	      0.00556501	     -0.04608154	      0.02425923	      0.00000000	      0.00000000	      0.00000000	      0.00732090	      0.02394142	      0.00008887	      0.00000000	      0.00000000	      0.00000000	      0.00604915	      0.00992337	     -0.01371628	    206.61867401	     16.04376829	    -99.54935615	     25.28679410	      0.00000000	      0.00000000	      0.00000000	      0.00000000	   -198.85517270	     15.38668043	     78.09667684	      5.39094740	      0.00000000	      0.00000000	      0.00000000	      0.00000000	     56.26402787	    -25.37694751	    -15.06687578	    -72.01573330	      9.01403349	     -2.76164915	      0.00000000	     18.61696556	     -8.68712140	      0.00000000	     64.23152628	    -13.74105225	     -5.48440389	    -77.37233604	     14.29105342	     -2.97185697	      0.00000000	     26.49327618	      6.27070699	      0.00000000
      4.76666667	     18.66096990	      3.54497670	   -170.57048842	      0.47046317	     -0.11715072	     -0.51934876	     -8.63799880	      7.36298046	     -6.61923982	     16.36679800	     -2.77727220	      4.13185235	      0.00554223	     -0.04833370	      0.02206571	      0.00000000	      0.00000000	      0.00000000	      0.00491107	      0.02558018	      0.00180804	      0.00000000	      0.00000000	      0.00000000	      0.00666723	      0.00398597	     -0.01096872	    205.69263545	     15.62033561	   -100.83740510	     24.80431997	      0.00000000	      0.00000000	      0.00000000	      0.00000000	   -200.72510783	     13.92165249	     74.19268882	      6.60423550	      0.00000000	      0.00000000	      0.00000000	      0.00000000	     59.98233344	    -24.74348645	    -15.78501323	    -75.35390539	      8.08797060	     -4.88535711	      0.00000000	     19.42474985	     -7.11587504	      0.00000000	     67.61977623	    -14.85793357	     -3.26366076	    -79.84193124	     12.87324718	     -0.98543719	      0.00000000	     27.17548182	      7.02029874	      0.00000000
      4.80000000	     19.36128423	      3.36246222	   -171.63199519	      0.47283907	     -0.13136964	     -0.51947007	     -9.64899129	      7.03533705	     -5.31588355	     17.63567485	     -2.85727215	      4.35963624	      0.00641855	     -0.05101652	      0.02137069	      0.00000000	      0.00000000	      0.00000000	      0.00787715	      0.02526585	      0.00200781	      0.00000000	      0.00000000	      0.00000000	      0.01344267	     -0.00169115	     -0.00855708	    205.16488793	     12.85078871	    -96.51227294	     23.14651007	      0.00000000	      0.00000000	      0.00000000	      0.00000000	   -201.30819603	     11.01234856	     62.70902412	      6.49031468	      0.00000000	      0.00000000	      0.00000000	      0.00000000	     63.50800086	    -23.97069358	    -13.42373205	    -78.21669016	      5.62287534	     -4.98473282	      0.00000000	     20.24241059	     -5.55684144	      0.00000000	     69.75802928	    -15.90583187	     -1.92139767	    -82.20953216	     11.27602259	      0.57452767	      0.00000000	     28.35639947	      9.70829449	      0.00000000
      4.83333333	     19.42686796	      3.25832798	   -172.56699636	      0.47507335	     -0.14593167	     -0.51990841	    -11.48866415	      6.71423819	     -4.12323157	     20.63758189	     -2.90724265	      4.45934107	      0.01166364	     -0.05507603	      0.02164819	      0.00000000	      0.00000000	      0.00000000	      0.00849885	      0.02473573	      0.00154730	      0.00000000	      0.00000000	      0.00000000	      0.01589742	     -0.00401726	     -0.00673196	    205.20635811	     11.04934628	    -94.73572033	     22.40048048	      0.00000000	      0.00000000	      0.00000000	      0.00000000	   -201.04468349	      9.21728752	     58.83127320	      6.09467391	      0.00000000	      0.00000000	      0.00000000	      0.00000000	     65.97285395	    -23.09706937	    -11.54985335	    -80.70312567	      4.03027519	     -4.98473282	      0.00000000	     21.01332083	     -5.22658874	      0.00000000	     71.54491813	    -16.74631055	     -1.28903763	    -85.12624557	     11.46655642	      0.73189506	      0.00000000	     29.39482064	     10.11659659	      0.00000000
      4.86666667	     19.96851072	      2.91219220	   -173.11085555	      0.47762827	     -0.16195931	     -0.52008974	    -12.57026905	      6.02089230	     -3.30102182	     22.18027495	     -2.80201044	      4.63950297	      0.01449362	     -0.05825615	      0.02216985	      0.00000000	      0.00000000	      0.00000000	      0.01196978	      0.02042971	      0.00157402	      0.00000000	      0.00000000	      0.00000000	      0.01856532	     -0.00545240	     -0.00661672	    205.15545331	      8.85938945	    -91.34753432	     21.22349475	      0.00000000	      0.00000000	      0.00000000	      0.00000000	   -199.78924671	      8.16395039	     55.23820463	      4.72214543	      0.00000000	      0.00000000	      0.00000000	      0.00000000	     68.97611822	    -23.19964491	     -9.90581613	    -83.49241885	      2.78699911	     -4.73931149	      0.00000000	     21.94740521	     -3.34849488	      0.00000000	     74.35156098	    -17.22165697	     -0.81821276	    -88.54492899	     12.43634793	      0.86024573	      0.00000000	     29.57633291	      9.79245836	      0.00000000
      4.90000000	     20.15510978	      2.89538848	   -173.07226264	      0.48046272	     -0.17845705	     -0.51998162	    -13.92751537	      5.88112663	     -2.87695842	     23.15898991	     -2.95521277	      4.40664335	      0.01499581	     -0.06078654	      0.02263068	      0.00000000	      0.00000000	      0.00000000	      0.01025265	      0.01522876	      0.00096212	      0.00000000	      0.00000000	      0.00000000	      0.01817826	     -0.00720823	     -0.00420532	    205.36264111	      7.91653850	    -91.29175596	     21.17447767	      0.00000000	      0.00000000	      0.00000000	      0.00000000	   -199.08788660	      7.80737220	     55.37152665	      3.80318996	      0.00000000	      0.00000000	      0.00000000	      0.00000000	     71.27674249	    -23.87098597	     -9.17479081	    -86.52644478	      2.68734124	     -4.66458264	      0.00000000	     22.90691077	     -1.52144629	      0.00000000	     77.37801535	    -17.32906187	     -0.41573235	    -92.22936012	     12.89761705	      0.42597702	      0.00000000	     29.69164553	      9.38239869	      0.00000000
      4.93333333	     21.22335136	      2.91445439	   -173.23221367	      0.48421853	     -0.19536263	     -0.52030702	    -14.25851272	      5.57802958	     -2.25518305	     24.15797175	     -3.11843229	      4.30115085	      0.01505818	     -0.06301748	      0.02341304	      0.00000000	      0.00000000	      0.00000000	      0.00603072	      0.00988925	     -0.00048412	      0.00000000	      0.00000000	      0.00000000	      0.01699814	     -0.01053556	     -0.00007423	    205.83900825	      7.40756191	    -92.29696597	     21.89365761	      0.00000000	      0.00000000	      0.00000000	      0.00000000	   -199.06644852	      7.62317943	     56.38709384	      3.82906889	      0.00000000	      0.00000000	      0.00000000	      0.00000000	     75.06029426	    -24.44023455	     -8.39854920	    -89.96530214	      2.31147344	     -4.82539319	      0.00000000	     22.96755260	      0.68223864	      0.00000000	     81.40092115	    -17.70376698	     -0.64934868	    -95.94614335	     12.41485708	     -0.48724367	      0.00000000	     29.82323094	     10.12345228	      0.00000000
      4.96666667	     22.79119216	      3.11947615	   -173.35589460	      0.48839055	     -0.21225094	     -0.52142616	    -13.99619429	      5.31253331	     -1.66937518	     25.20729336	     -3.36425502	      4.17177135	      0.01422398	     -0.06490177	      0.02488342	      0.00000000	      0.00000000	      0.00000000	      0.00123396	      0.00673482	     -0.00176411	      0.00000000	      0.00000000	      0.00000000	      0.01530668	     -0.01430230	      0.00485726	    206.26121400	      7.05185387	    -93.91520016	     22.77155181	      0.00000000	      0.00000000	      0.00000000	      0.00000000	   -199.35392555	      7.31186380	     56.64718066	      4.34126269	      0.00000000	      0.00000000	      0.00000000	      0.00000000	     79.66742923	    -25.01671024	     -7.68463513	    -93.57970570	      2.02176102	     -4.98473282	      0.00000000	     22.57401164	      2.03892380	      0.00000000	     86.00935826	    -18.13295445	     -1.04605224	    -99.51085268	     11.07702072	     -1.73913927	      0.00000000	     29.73722933	     12.03332264	      0.00000000
      5.00000000	     24.84021330	      3.29367626	   -173.58995515	      0.49240543	     -0.22924223	     -0.52282186	    -12.98144615	      4.95258198	     -1.47989745	     25.54085232	     -3.41331860	      4.34463726	      0.01266112	     -0.06635718	      0.02575904	      0.00000000	      0.00000000	      0.00000000	      0.00146011	      0.00698826	     -0.00266916	      0.00000000	      0.00000000	      0.00000000	      0.01248033	     -0.01682931	      0.00799656	    206.62159024	      6.92227829	    -95.83868273	     23.76072843	      0.00000000	      0.00000000	      0.00000000	      0.00000000	   -199.35215454	      7.19812588	     56.67322206	      4.31726329	      0.00000000	      0.00000000	      0.00000000	      0.00000000	     85.08952180	    -25.41277877	     -6.57392913	    -97.13096162	      1.62598640	     -4.98473282	      0.00000000	     21.79630763	      2.24632301	      0.00000000	     91.05564347	    -18.63843243	     -1.70025019	   -102.96239184	      9.74827347	     -3.14824092	      0.00000000	     29.03943684	     14.18502866	      0.00000000
      5.03333333	     26.69684368	      3.29995070	   -173.91219658	      0.49580319	     -0.24536043	     -0.52479665	    -12.30458939	      4.29943136	     -1.49684564	     26.79474430	     -3.27609037	      4.65065999	      0.01196096	     -0.06780901	      0.02702157	      0.00000000	      0.00000000	      0.00000000	      0.00328791	      0.00792616	     -0.00194662	      0.00000000	      0.00000000	      0.00000000	      0.01095665	     -0.01684081	      0.00821743	    207.12433962	      6.53185351	    -96.97674131	     24.46919576	      0.00000000	      0.00000000	      0.00000000	      0.00000000	   -198.30148328	      6.63415783	     57.89132217	      3.50879482	      0.00000000	      0.00000000	      0.00000000	      0.00000000	     90.24445396	    -25.62088964	     -5.58710338	   -100.30003121	      0.96580652	     -4.98473282	      0.00000000	     21.21932666	      1.49271988	      0.00000000	     95.56678621	    -19.29443117	     -2.12828999	   -105.89656666	      9.42138692	     -3.93451853	      0.00000000	     28.05898966	     14.38297356	      0.00000000
      5.06666667	     28.83175441	      2.87347267	   -174.35319165	      0.49839917	     -0.26156381	     -0.52629947	    -11.05194896	      3.16079442	     -2.00459846	     27.22011004	     -2.86538850	      4.93442422	      0.01099256	     -0.06916530	      0.02747264	      0.00000000	      0.00000000	      0.00000000	      0.00670336	      0.00792472	     -0.00223726	      0.00000000	      0.00000000	      0.00000000	      0.01085358	     -0.01443441	      0.00567880	    208.18502708	      6.62760349	    -96.91942740	     25.15910987	      0.00000000	      0.00000000	      0.00000000	      0.00000000	   -196.70952156	      6.17225757	     60.70245965	      2.07437335	      0.00000000	      0.00000000	      0.00000000	      0.00000000	     95.82017832	    -25.59144971	     -4.09455810	   -103.31917936	      0.19694302	     -4.98473282	      0.00000000	     21.15236362	      0.59534128	      0.00000000	     99.89274851	    -20.06709097	     -2.92555079	   -108.50183518	      9.73169373	     -4.50814146	      0.00000000	     27.31669246	     13.16270583	      0.00000000
      5.10000000	     30.45718719	      2.13200650	   -174.62687162	      0.50019469	     -0.27721596	     -0.52734801	    -10.25872713	      1.73677888	     -2.60908615	     27.70152392	     -2.32745975	      4.70900333	      0.01071964	     -0.07052601	      0.02768431	      0.00000000	      0.00000000	      0.00000000	      0.00938413	      0.00515113	     -0.00303223	      0.00000000	      0.00000000	      0.00000000	      0.01293180	     -0.01071329	      0.00285968	    209.39785532	      6.36506501	    -95.09057503	     25.38045463	      0.00000000	      0.00000000	      0.00000000	      0.00000000	   -195.25233777	      5.39557284	     63.45510886	      0.85527489	      0.00000000	      0.00000000	      0.00000000	      0.00000000	    100.71540025	    -25.53708842	     -2.25941151	   -106.15150929	     -1.00710893	     -4.98473282	      0.00000000	     21.53154897	      0.42871522	      0.00000000	    103.22743341	    -20.80159698	     -3.94168912	   -110.73218711	     10.15359891	     -4.98473282	      0.00000000	     26.99260311	     11.46139772	      0.00000000
      5.13333333	     30.90012996	      1.61297086	   -174.51533110	      0.50122937	     -0.29197159	     -0.52774014	    -10.59292491	      0.78345771	     -3.20024485	     27.93762838	     -1.89085424	      4.29184969	      0.01100719	     -0.07160010	      0.02847536	      0.00000000	      0.00000000	      0.00000000	      0.01167451	      0.00090027	     -0.00346805	      0.00000000	      0.00000000	      0.00000000	      0.01624947	     -0.00773089	      0.00144981	    209.98150693	      5.89843982	    -93.27584968	     24.92839479	      0.00000000	      0.00000000	      0.00000000	      0.00000000	   -194.43222384	      4.42401255	     64.18462243	      0.06050991	      0.00000000	      0.00000000	      0.00000000	      0.00000000	    103.77082905	    -25.90064635	     -0.76364681	   -108.74346267	     -2.15511663	     -4.98473282	      0.00000000	     22.10901518	      0.84488745	      0.00000000	    105.35850303	    -21.38258648	     -3.91482592	   -112.74687332	     10.61922149	     -4.81855384	      0.00000000	     26.64750202	     11.27518262	      0.00000000
      5.16666667	     31.86157913	      0.95476305	   -174.15580420	      0.50214856	     -0.30669855	     -0.52729872	    -10.08069928	     -0.21793803	     -3.87902180	     27.53944176	     -0.78277384	      3.20174950	      0.01131314	     -0.07242374	      0.02665498	      0.00000000	      0.00000000	      0.00000000	      0.01662402	     -0.00329392	     -0.00312340	      0.00000000	      0.00000000	      0.00000000	      0.01417384	     -0.00625298	     -0.00013063	    209.70113342	      4.76227636	    -89.36020715	     23.47620603	      0.00000000	      0.00000000	      0.00000000	      0.00000000	   -194.07834014	      4.51224590	     64.13741737	      0.00000000	      0.00000000	      0.00000000	      0.00000000	      0.00000000	    107.36759561	    -26.33965460	      1.61642800	   -111.14073569	     -3.63956362	     -4.72414049	      0.00000000	     22.65642125	      3.05651363	      0.00000000	    107.53149836	    -21.39207897	     -4.62918874	   -114.54876339	     10.29555540	     -4.98473282	      0.00000000	     26.91128211	     10.94324429	      0.00000000
      5.20000000	     31.20280244	      1.01556447	   -173.87723843	      0.50270836	     -0.31971637	     -0.52714251	    -11.30242182	     -0.06583159	     -3.80704568	     27.39795777	     -0.59527683	      3.17520851	      0.01239316	     -0.07267463	      0.02708084	      0.00000000	      0.00000000	      0.00000000	      0.01837285	     -0.00275958	     -0.00385256	      0.00000000	      0.00000000	      0.00000000	      0.01144204	     -0.00498571	     -0.00123482	    209.49957003	      4.30731021	    -89.40016309	     23.14634168	      0.00000000	      0.00000000	      0.00000000	      0.00000000	   -193.97774838	      4.80174835	     64.10349508	      0.00000000	      0.00000000	      0.00000000	      0.00000000	      0.00000000	    108.29073861	    -26.70233718	      2.22069675	   -113.16148681	     -3.79340482	     -4.98473282	      0.00000000	     22.84585623	      3.32557168	      0.00000000	    108.57114508	    -21.45029490	     -4.00987534	   -116.54953588	     10.45663884	     -4.98473282	      0.00000000	     26.63373806	     11.34416571	      0.00000000
      5.23333333	     30.54912266	      1.37307089	   -173.48616071	      0.50319894	     -0.33125974	     -0.52670152	    -12.31403295	      0.59592406	     -3.90714778	     26.46954478	      0.58198929	      3.20699894	      0.01245729	     -0.07273039	      0.02391662	      0.00000000	      0.00000000	      0.00000000	      0.02100590	     -0.00147932	     -0.00184660	      0.00000000	      0.00000000	      0.00000000	      0.00900735	     -0.00330794	     -0.00160638	    208.23172262	      4.31922721	    -90.93598095	     21.73484810	      0.00000000	      0.00000000	      0.00000000	      0.00000000	   -194.02286516	      5.17890911	     64.81405231	      0.00000000	      0.00000000	      0.00000000	      0.00000000	      0.00000000	    108.71552152	    -27.15893115	      2.66670778	   -114.75453226	     -3.80292164	     -4.98473282	      0.00000000	     23.46905200	      3.83164092	      0.00000000	    109.65256409	    -21.09760630	     -3.22641765	   -118.30225946	     10.00895626	     -4.98473282	      0.00000000	     26.44094576	     11.94556382	      0.00000000
      5.26666667	     29.77454661	      2.02200931	   -173.52453424	      0.50358186	     -0.34068966	     -0.52720228	    -13.29127348	      1.47931318	     -3.37823756	     25.70153602	      1.59798854	      4.08349281	      0.01332847	     -0.07240196	      0.02157427	      0.00000000	      0.00000000	      0.00000000	      0.01899325	      0.00109616	      0.00079127	      0.00000000	      0.00000000	      0.00000000	      0.00922271	     -0.00049305	     -0.00135832	    207.16242239	      6.01024658	    -97.71844272	     21.33635094	      0.00000000	      0.00000000	      0.00000000	      0.00000000	   -194.07596564	      5.66137269	     68.23027717	      0.09478096	      0.00000000	      0.00000000	      0.00000000	      0.00000000	    108.48030982	    -26.85164626	      2.28354503	   -115.84314653	     -4.30765669	     -4.98473282	      0.00000000	     23.74976636	      3.43214587	      0.00000000	    110.68429733	    -21.06600564	     -1.97142242	   -119.73341191	      8.81969903	     -4.98473282	      0.00000000	     26.52610699	     13.44367415	      0.00000000
      5.30000000	     29.33330777	      2.25087982	   -173.43494734	      0.50372537	     -0.34802682	     -0.52782892	    -13.75035970	      1.75079861	     -3.14100814	     25.81139422	      1.47047277	      4.72311408	      0.01700840	     -0.07178853	      0.02234018	      0.00000000	      0.00000000	      0.00000000	      0.01277305	      0.00618049	      0.00068731	      0.00000000	      0.00000000	      0.00000000	      0.01208891	      0.00348879	      0.00209217	    208.10528076	      9.18384387	   -106.35605944	     24.25056055	      0.00000000	      0.00000000	      0.00000000	      0.00000000	   -194.88781792	      6.18157753	     75.01083807	      1.65194756	      0.00000000	      0.00000000	      0.00000000	      0.00000000	    108.68862805	    -26.61222393	      2.36529514	   -116.84107244	     -4.49444006	     -4.98473282	      0.00000000	     24.15301726	      2.91655269	      0.00000000	    111.38953992	    -20.90080883	     -1.35983924	   -120.59086820	      7.09340352	     -4.98473282	      0.00000000	     27.14696705	     15.78806400	      0.00000000
      5.33333333	     29.10886609	      2.24119036	   -173.50393423	      0.50410624	     -0.35241275	     -0.52866998	    -14.02350421	      1.60100438	     -3.03226252	     25.96385168	      1.90253486	      5.07737127	      0.01862964	     -0.07075193	      0.02140199	      0.00000000	      0.00000000	      0.00000000	      0.01403262	      0.00691824	      0.00174969	      0.00000000	      0.00000000	      0.00000000	      0.01513619	      0.00628284	      0.00468727	    208.10269155	      9.58585058	   -107.28922481	     23.36562726	      0.00000000	      0.00000000	      0.00000000	      0.00000000	   -195.13019815	      6.46742035	     76.85080046	      1.69046345	      0.00000000	      0.00000000	      0.00000000	      0.00000000	    108.98247328	    -25.99548382	      2.59749825	   -117.28175849	     -5.44149553	     -4.98473282	      0.00000000	     23.74926621	      2.40327006	      0.00000000	    111.88242893	    -20.87830317	     -1.10154709	   -121.09663976	      6.48942865	     -4.98473282	      0.00000000	     26.93191182	     15.72263416	      0.00000000
      5.36666667	     29.40922649	      2.10719523	   -173.38439056	      0.50402623	     -0.35465794	     -0.52977743	    -13.48219998	      1.21758187	     -3.32858234	     26.18207145	      1.95245579	      4.74422790	      0.02012696	     -0.06927927	      0.02059972	      0.00000000	      0.00000000	      0.00000000	      0.01656912	      0.00511009	      0.00458695	      0.00000000	      0.00000000	      0.00000000	      0.01439600	      0.00733911	      0.00616655	    207.66272922	     10.16300650	   -108.75793582	     21.74685844	      0.00000000	      0.00000000	      0.00000000	      0.00000000	   -195.69072625	      7.65948259	     83.26223505	      3.16443827	      0.00000000	      0.00000000	      0.00000000	      0.00000000	    109.63724312	    -25.64689798	      3.10252068	   -117.74976453	     -5.46688228	     -4.98473282	      0.00000000	     23.83092443	      1.91358017	      0.00000000	    112.30877846	    -20.81127273	     -1.15576118	   -121.25657776	      7.00049480	     -4.98473282	      0.00000000	     27.01970527	     15.17224193	      0.00000000
      5.40000000	     29.61545642	      1.84994425	   -173.26272227	      0.50376074	     -0.35402980	     -0.53120427	    -13.15299251	      0.54801306	     -3.76512345	     26.55376335	      1.86600181	      4.38553000	      0.01940533	     -0.06782610	      0.02175773	      0.00000000	      0.00000000	      0.00000000	      0.02076493	      0.00248119	      0.00475261	      0.00000000	      0.00000000	      0.00000000	      0.01174359	      0.00706277	      0.00909268	    208.35705030	      9.65289165	   -106.90735823	     20.95224249	      0.00000000	      0.00000000	      0.00000000	      0.00000000	   -196.19715477	      8.17900236	     82.77078289	      4.28214060	      0.00000000	      0.00000000	      0.00000000	      0.00000000	    109.93350887	    -25.49133325	      3.40683623	   -117.85175306	     -5.25703807	     -4.98473282	      0.00000000	     23.82508356	      1.32682084	      0.00000000	    112.04206261	    -20.88987591	     -1.34915812	   -121.03128341	      7.93263733	     -4.98473282	      0.00000000	     27.38052763	     14.64614614	      0.00000000
      5.43333333	     30.37527552	      1.48048716	   -173.14120817	      0.50331398	     -0.35133616	     -0.53253984	    -12.17461012	     -0.21526622	     -4.26956207	     26.68250884	      1.70944418	      3.89062786	      0.01675164	     -0.06673987	      0.02222343	      0.00000000	      0.00000000	      0.00000000	      0.02368622	     -0.00222299	      0.00497930	      0.00000000	      0.00000000	      0.00000000	      0.00719980	      0.00508254	      0.00983855	    208.23337025	      9.19929549	   -105.14916411	     19.72067519	      0.00000000	      0.00000000	      0.00000000	      0.00000000	   -196.48127518	      8.48571721	     80.56737660	      5.40357666	      0.00000000	      0.00000000	      0.00000000	      0.00000000	    110.64325174	    -25.28437627	      3.81487598	   -117.62697141	     -4.92228912	     -4.96099501	      0.00000000	     23.64799814	      0.80624313	      0.00000000	    111.91660929	    -21.08999045	     -1.96517130	   -120.45837647	      8.67335308	     -4.98473282	      0.00000000	     27.55155611	     14.34686562	      0.00000000
      5.46666667	     31.16593835	      1.21227386	   -173.15580719	      0.50256684	     -0.34604828	     -0.53383684	    -11.19870423	     -0.80562977	     -4.44025611	     26.62899928	      1.48959829	      3.90716444	      0.01264316	     -0.06703489	      0.02325602	      0.00000000	      0.00000000	      0.00000000	      0.02155510	     -0.00615110	      0.00320739	      0.00000000	      0.00000000	      0.00000000	      0.00218229	      0.00349658	      0.01156842	    208.63652345	      9.19327769	   -103.56799205	     20.09113103	      0.00000000	      0.00000000	      0.00000000	      0.00000000	   -196.95239310	      8.39451357	     77.86955110	      6.73798158	      0.00000000	      0.00000000	      0.00000000	      0.00000000	    110.87696300	    -24.97097153	      3.77559378	   -116.91278312	     -4.72590255	     -4.98473282	      0.00000000	     23.67711421	      0.72398707	      0.00000000	    111.61635996	    -21.43503211	     -2.58907366	   -119.54020938	      9.04583370	     -4.98473282	      0.00000000	     27.49833818	     14.56045102	      0.00000000
      5.50000000	     31.97663409	      1.17618336	   -173.32248067	      0.50164996	     -0.33834119	     -0.53477065	    -10.24547494	     -0.94340738	     -4.57244416	     26.43221955	      1.26301922	      4.36125287	      0.00740251	     -0.06814280	      0.02347537	      0.00000000	      0.00000000	      0.00000000	      0.01836541	     -0.00754088	     -0.00087685	      0.00000000	      0.00000000	      0.00000000	     -0.00040908	      0.00163201	      0.01163362	    209.69182517	      9.02479599	   -101.12352193	     22.13534612	      0.00000000	      0.00000000	      0.00000000	      0.00000000	   -197.08637418	      7.32887418	     73.38230076	      7.04781281	      0.00000000	      0.00000000	      0.00000000	      0.00000000	    110.70281833	    -24.51623889	      3.44300979	   -115.78894591	     -4.78370361	     -4.98473282	      0.00000000	     23.37969995	      1.39818595	      0.00000000	    111.34559758	    -21.72391488	     -2.93295718	   -118.35274917	      9.06853211	     -4.98473282	      0.00000000	     27.20255946	     15.14276652	      0.00000000
      5.53333333	     32.52565758	      1.17743556	   -173.45460364	      0.50045279	     -0.32800187	     -0.53555482	     -9.60852099	     -0.90580205	     -4.48616711	     26.37125986	      1.26253093	      4.58936664	      0.00264623	     -0.07002485	      0.02234155	      0.00000000	      0.00000000	      0.00000000	      0.01258091	     -0.00885205	     -0.00178597	      0.00000000	      0.00000000	      0.00000000	     -0.00166625	      0.00020860	      0.01053106	    209.57802198	      8.97662496	   -100.66749923	     22.81221167	      0.00000000	      0.00000000	      0.00000000	      0.00000000	   -196.91980466	      6.53264222	     73.15130870	      6.90043948	      0.00000000	      0.00000000	      0.00000000	      0.00000000	    109.86958760	    -23.95579422	      3.05902000	   -114.33238125	     -4.70896080	     -4.98473282	      0.00000000	     23.11383544	      1.51923551	      0.00000000	    110.55345336	    -21.79944903	     -3.42908277	   -116.83450723	      8.91644071	     -4.98473282	      0.00000000	     26.90589505	     15.00388375	      0.00000000
      5.56666667	     32.72143995	      1.20544228	   -173.62128482	      0.49882786	     -0.31544015	     -0.53596507	     -9.19038691	     -0.75146889	     -4.24546696	     26.30033906	      1.20356692	      5.13848636	     -0.00028523	     -0.07205830	      0.02193187	      0.00000000	      0.00000000	      0.00000000	      0.00949129	     -0.00646759	     -0.00478954	      0.00000000	      0.00000000	      0.00000000	     -0.00137726	     -0.00164880	      0.00951137	    210.14046154	      8.40930065	    -99.61146541	     23.92714488	      0.00000000	      0.00000000	      0.00000000	      0.00000000	   -196.88994675	      5.88314633	     72.84522509	      6.49597567	      0.00000000	      0.00000000	      0.00000000	      0.00000000	    108.46305179	    -23.34110402	      2.51623270	   -112.57818972	     -5.13575732	     -4.98473282	      0.00000000	     22.33462109	      1.31462367	      0.00000000	    109.03222158	    -21.66863159	     -3.71641438	   -114.94129420	      8.66994291	     -4.82409096	      0.00000000	     27.21285379	     14.63329458	      0.00000000
      5.60000000	     31.01796743	      1.15290370	   -173.72341786	      0.49671725	     -0.30052178	     -0.53660491	    -10.82911794	     -0.54495959	     -3.69766006	     26.80391351	      0.40513024	      5.92564571	     -0.00074141	     -0.07330066	      0.02446278	      0.00000000	      0.00000000	      0.00000000	      0.00852682	     -0.00003938	     -0.01092523	      0.00000000	      0.00000000	      0.00000000	     -0.00166185	     -0.00339826	      0.00890813	    211.70052202	      6.72795580	    -95.98053815	     25.39230701	      0.00000000	      0.00000000	      0.00000000	      0.00000000	   -196.83632311	      5.35616563	     71.32375933	      6.06431457	      0.00000000	      0.00000000	      0.00000000	      0.00000000	    104.60618459	    -22.92888897	      1.52579779	   -110.55435618	     -5.25828455	     -4.98473282	      0.00000000	     21.71696391	      0.57431669	      0.00000000	    105.31112743	    -21.42835378	     -3.78209400	   -112.94232942	      8.94369441	     -4.69725273	      0.00000000	     27.58897628	     14.18952410	      0.00000000
      5.63333333	     30.97605264	      1.02970341	   -173.57274379	      0.49504190	     -0.28543703	     -0.53658105	    -10.01347571	     -0.52814524	     -3.27580622	     26.82701522	     -0.00882287	      5.65748613	      0.00169736	     -0.07395686	      0.02422757	      0.00000000	      0.00000000	      0.00000000	      0.00864664	      0.00367434	     -0.01226838	      0.00000000	      0.00000000	      0.00000000	     -0.00096630	     -0.00558732	      0.00859518	    211.40189368	      6.60984178	    -95.83569981	     25.11409897	      0.00000000	      0.00000000	      0.00000000	      0.00000000	   -197.21401891	      5.77620237	     70.48654738	      6.38469293	      0.00000000	      0.00000000	      0.00000000	      0.00000000	    102.38741885	    -22.64478314	      1.03176454	   -108.15261595	     -5.40950535	     -4.98473282	      0.00000000	     21.56559979	      0.03173867	      0.00000000	    102.91778776	    -20.52148263	     -4.11599301	   -110.38896830	      8.40193259	     -4.23188579	      0.00000000	     28.41469165	     13.24302732	      0.00000000
      5.66666667	     28.33453628	      1.01288134	   -173.33612150	      0.49301546	     -0.26782207	     -0.53622962	    -12.17067841	      0.07210630	     -3.08532130	     27.38192725	     -1.24966543	      5.52705647	      0.00385970	     -0.07362551	      0.02515157	      0.00000000	      0.00000000	      0.00000000	      0.00602727	      0.00635047	     -0.01112761	      0.00000000	      0.00000000	      0.00000000	      0.00441778	     -0.00800816	      0.00935068	    210.27496758	      7.67883919	   -100.11566065	     25.49965603	      0.00000000	      0.00000000	      0.00000000	      0.00000000	   -197.25014380	      4.21197772	     57.46451019	      4.81197807	      0.00000000	      0.00000000	      0.00000000	      0.00000000	     96.59165107	    -22.92072492	     -0.31482788	   -105.34784453	     -2.82435507	     -4.98473282	      0.00000000	     21.65079885	     -3.07855429	      0.00000000	     97.87303442	    -19.67951403	     -4.02337914	   -108.02749104	     11.66428919	     -3.94755514	      0.00000000	     28.62490063	      8.78639880	      0.00000000
      5.70000000	     26.49636432	      0.98732673	   -173.03964619	      0.49087649	     -0.25030902	     -0.53615344	    -12.90717750	      0.45850878	     -2.56293863	     26.88055057	     -2.40713201	      4.61419523	      0.00578223	     -0.07261349	      0.02565259	      0.00000000	      0.00000000	      0.00000000	      0.00547821	      0.00748716	     -0.01058951	      0.00000000	      0.00000000	      0.00000000	      0.00941152	     -0.00845679	      0.01084463	    210.15223183	      8.08372573	   -101.46703880	     26.97889895	      0.00000000	      0.00000000	      0.00000000	      0.00000000	   -197.57122003	      4.85614148	     55.76993648	      4.34001896	      0.00000000	      0.00000000	      0.00000000	      0.00000000	     91.46295559	    -23.16615881	     -1.42235638	   -101.98805599	     -1.93376798	     -4.92811442	      0.00000000	     22.70218822	     -3.23150185	      0.00000000	     93.73069704	    -18.74763025	     -4.08930994	   -105.37610370	     12.27140958	     -3.95686428	      0.00000000	     28.83107533	      8.14006415	      0.00000000
      5.73333333	     24.88061891	      1.56945924	   -172.85810460	      0.48816726	     -0.23283578	     -0.53677690	    -12.99123917	      1.45902061	     -2.33464245	     26.00450281	     -2.88497232	      4.61282679	      0.00811366	     -0.07069881	      0.02510626	      0.00000000	      0.00000000	      0.00000000	      0.00624776	      0.00831075	     -0.01076127	      0.00000000	      0.00000000	      0.00000000	      0.01328664	     -0.00945174	      0.00905527	    210.23142853	      8.53953612	   -100.95529595	     28.23902510	      0.00000000	      0.00000000	      0.00000000	      0.00000000	   -197.09693928	      6.33969410	     54.99854592	      2.29823589	      0.00000000	      0.00000000	      0.00000000	      0.00000000	     86.06735447	    -23.17250692	     -3.01530924	    -98.35258400	     -0.38793388	     -4.50100942	      0.00000000	     23.88942619	     -3.21946667	      0.00000000	     90.25544791	    -18.26635294	     -3.59442427	   -102.80222022	     12.81454730	     -4.11582898	      0.00000000	     28.83172111	      8.07267659	      0.00000000
      5.76666667	     23.09831584	      2.50220736	   -172.62626301	      0.48441444	     -0.21494071	     -0.53822970	    -13.09572602	      2.74573403	     -2.29074753	     24.66028510	     -2.99547691	      4.68498464	      0.00899817	     -0.06842590	      0.02447670	      0.00000000	      0.00000000	      0.00000000	      0.00917581	      0.00942065	     -0.01213645	      0.00000000	      0.00000000	      0.00000000	      0.01482905	     -0.00966158	      0.00573101	    210.38144414	      8.26596500	    -97.73317638	     28.13680681	      0.00000000	      0.00000000	      0.00000000	      0.00000000	   -196.44402030	      7.94160335	     55.25614072	      0.72381430	      0.00000000	      0.00000000	      0.00000000	      0.00000000	     80.28189734	    -22.89235188	     -4.97260519	    -94.68398875	      1.53607337	     -3.85820521	      0.00000000	     24.31865537	     -3.19457611	      0.00000000	     86.71221197	    -18.18941941	     -2.47681121	    -99.97518648	     12.68705352	     -3.85209178	      0.00000000	     28.51626933	      9.14653581	      0.00000000
      5.80000000	     21.09995353	      3.41220121	   -172.45112619	      0.47960919	     -0.19664625	     -0.54024569	    -13.48633069	      3.94612424	     -2.20102247	     23.49512421	     -2.79812079	      4.58212854	      0.00901172	     -0.06609163	      0.02323070	      0.00000000	      0.00000000	      0.00000000	      0.01235341	      0.01170436	     -0.01476207	      0.00000000	      0.00000000	      0.00000000	      0.01443895	     -0.00785572	      0.00243037	    210.37232974	      7.81532706	    -93.74992179	     27.08263842	      0.00000000	      0.00000000	      0.00000000	      0.00000000	   -196.61088218	      8.75165141	     56.02217305	      1.89210798	      0.00000000	      0.00000000	      0.00000000	      0.00000000	     74.41741078	    -22.16017752	     -7.15547935	    -91.02969858	      3.45940930	     -3.45090509	      0.00000000	     23.76930552	     -3.59435858	      0.00000000	     82.63285832	    -18.56346900	     -0.97548148	    -96.63312857	     11.90929848	     -2.78537871	      0.00000000	     28.25207436	     10.87733694	      0.00000000
      5.83333333	     19.36055589	      3.88133927	   -172.37348213	      0.47414777	     -0.17855188	     -0.54197799	    -13.68222338	      4.51801716	     -2.19594285	     22.60461954	     -2.44651050	      4.33387837	      0.00870246	     -0.06379880	      0.02292476	      0.00000000	      0.00000000	      0.00000000	      0.01213840	      0.01407814	     -0.01460653	      0.00000000	      0.00000000	      0.00000000	      0.01311613	     -0.00364758	      0.00004136	    210.12383219	      8.50884761	    -92.13064077	     26.51414290	      0.00000000	      0.00000000	      0.00000000	      0.00000000	   -197.22799960	      8.84702111	     56.04834296	      4.61217835	      0.00000000	      0.00000000	      0.00000000	      0.00000000	     69.40257091	    -21.41700262	     -8.87186064	    -87.49632623	      4.81528088	     -3.23120766	      0.00000000	     22.80090058	     -4.05952776	      0.00000000	     78.29840672	    -19.04496151	     -0.13230275	    -93.03003248	     11.82913220	     -1.61164241	      0.00000000	     27.97219486	     11.19933869	      0.00000000
      5.86666667	     17.79162668	      3.81431033	   -172.41140929	      0.46819661	     -0.16110126	     -0.54312432	    -13.71861725	      4.39410685	     -2.21603646	     20.84954731	     -2.11328395	      3.98022343	      0.00511817	     -0.06103957	      0.02355619	      0.00000000	      0.00000000	      0.00000000	      0.00761148	      0.01541177	     -0.01098413	      0.00000000	      0.00000000	      0.00000000	      0.01245835	      0.00143022	     -0.00269471	    209.73307504	     10.00319224	    -92.18632663	     26.54654416	      0.00000000	      0.00000000	      0.00000000	      0.00000000	   -197.20066686	      8.83296576	     54.68475879	      6.09253647	      0.00000000	      0.00000000	      0.00000000	      0.00000000	     65.25341761	    -20.89766732	     -9.83220789	    -84.19929112	      4.62597475	     -2.97706362	      0.00000000	     21.73558845	     -4.20104317	      0.00000000	     73.77852743	    -19.45897266	     -0.26849629	    -89.47803952	     12.76050111	     -0.82351412	      0.00000000	     27.83391138	     10.11080041	      0.00000000
      5.90000000	     15.66329613	      3.42548440	   -172.04468588	      0.46212176	     -0.14346241	     -0.54339388	    -14.58427885	      4.18905705	     -2.59505497	     20.67869423	     -2.05753401	      3.12264982	      0.00333033	     -0.05896126	      0.02352600	      0.00000000	      0.00000000	      0.00000000	     -0.00010570	      0.01525687	     -0.00563562	      0.00000000	      0.00000000	      0.00000000	      0.01115751	      0.00497505	     -0.00678774	    208.99695639	     11.47432640	    -93.68182922	     26.88999861	      0.00000000	      0.00000000	      0.00000000	      0.00000000	   -196.21584213	      9.10337094	     53.54155893	      5.04985799	      0.00000000	      0.00000000	      0.00000000	      0.00000000	     60.55364158	    -20.92846442	    -10.73671157	    -80.89615523	      3.30343097	     -2.71363560	      0.00000000	     21.41203089	     -3.87409926	      0.00000000	     68.61519993	    -19.24939537	     -0.69164926	    -85.83636295	     14.10480262	     -0.21060791	      0.00000000	     27.61397363	      8.09555653	      0.00000000
      5.93333333	     14.58649284	      3.06099952	   -171.56647728	      0.45652535	     -0.12717752	     -0.54306821	    -14.10537357	      3.87385866	     -3.30597039	     20.11905861	     -2.14062673	      2.32918950	      0.00102750	     -0.05612902	      0.02406082	      0.00000000	      0.00000000	      0.00000000	     -0.00386309	      0.01396460	     -0.00125388	      0.00000000	      0.00000000	      0.00000000	      0.00881055	      0.00678277	     -0.00989105	    208.38679732	     12.62736979	    -95.24027383	     27.23338287	      0.00000000	      0.00000000	      0.00000000	      0.00000000	   -195.47577939	     10.15837836	     54.95327835	      4.07917130	      0.00000000	      0.00000000	      0.00000000	      0.00000000	     57.05473459	    -21.18908478	    -11.57736350	    -77.74782499	      1.93004306	     -2.38463751	      0.00000000	     21.39209314	     -3.29051588	      0.00000000	     64.90466301	    -18.50429091	     -1.33875260	    -82.57461393	     14.26921022	     -0.17392924	      0.00000000	     27.12194045	      7.46013310	      0.00000000
      5.96666667	     12.67027596	      2.50605611	   -171.06453905	      0.45072919	     -0.11065524	     -0.54290326	    -14.60987483	      3.44972488	     -3.91783149	     20.29858382	     -2.03323350	      1.41412632	      0.00042761	     -0.05344752	      0.02313152	      0.00000000	      0.00000000	      0.00000000	     -0.00465072	      0.01310697	     -0.00234907	      0.00000000	      0.00000000	      0.00000000	      0.00468484	      0.00791695	     -0.00927049	    208.38691627	     13.45528688	    -97.62224142	     27.48069468	      0.00000000	      0.00000000	      0.00000000	      0.00000000	   -197.01281555	     11.45782866	     64.97277910	      7.63892112	      0.00000000	      0.00000000	      0.00000000	      0.00000000	     52.30807042	    -21.12749935	    -12.25908237	    -74.22680941	      0.71745144	     -2.09621807	      0.00000000	     21.63549265	     -2.22160240	      0.00000000	     60.21151858	    -17.60145740	     -1.90973729	    -79.09951445	     12.63522118	     -0.19579043	      0.00000000	     27.00803063	      9.55863602	      0.00000000
      6.00000000	     12.22141860	      2.14196600	   -170.59930368	      0.44580785	     -0.09560254	     -0.54235253	    -13.15499769	      3.08171282	     -4.46694361	     18.72712729	     -2.06164571	     -0.08934034	     -0.00170605	     -0.04975173	      0.02012215	      0.00000000	      0.00000000	      0.00000000	     -0.00103822	      0.01261154	     -0.00674421	      0.00000000	      0.00000000	      0.00000000	      0.00202075	      0.00739948	     -0.00839378	    208.30543827	     13.68777700	    -96.30541525	     26.24288853	      0.00000000	      0.00000000	      0.00000000	      0.00000000	   -199.05068888	     13.14338145	     70.43359353	     11.27935264	      0.00000000	      0.00000000	      0.00000000	      0.00000000	     49.13375581	    -21.00396940	    -12.17140222	    -70.76526782	      1.85445951	     -1.31919794	      0.00000000	     21.33715568	     -3.50090649	      0.00000000	     57.32669766	    -16.28319502	     -1.39278156	    -75.52264316	     10.73239959	      0.35195099	      0.00000000	     26.45610238	     11.02811344	      0.00000000
      6.03333333	     11.65365273	      1.83567013	   -170.69136530	      0.44096238	     -0.08072127	     -0.54251249	    -11.81227193	      2.57758592	     -4.36536303	     16.65332190	     -2.22774391	     -0.96563538	     -0.00336529	     -0.04595460	      0.01813235	      0.00000000	      0.00000000	      0.00000000	      0.00031397	      0.01385719	     -0.01046827	      0.00000000	      0.00000000	      0.00000000	      0.00351710	      0.00803338	     -0.00747800	    208.43261942	     14.29013869	    -92.79516246	     24.60482504	      0.00000000	      0.00000000	      0.00000000	      0.00000000	   -199.85272619	     13.94251817	     70.02946305	     12.59602967	      0.00000000	      0.00000000	      0.00000000	      0.00000000	     46.03984043	    -20.11108723	    -11.50119212	    -67.15981635	      3.28911457	     -0.65160108	      0.00000000	     20.27512735	     -5.65071996	      0.00000000	     54.13403966	    -15.63584795	     -0.42656673	    -71.66633612	     10.34613760	      1.37806486	      0.00000000	     25.64822031	     10.60616944	      0.00000000
      6.06666667	     10.61181727	      1.34558008	   -171.36037322	      0.43615428	     -0.06575685	     -0.54291225	    -11.06531079	      1.82148605	     -3.65088629	     14.69535634	     -2.14928955	     -1.27218921	     -0.00356235	     -0.04263973	      0.01636438	      0.00000000	      0.00000000	      0.00000000	      0.00005954	      0.01659479	     -0.01047484	      0.00000000	      0.00000000	      0.00000000	      0.01127332	      0.01235876	     -0.00736379	    208.56391455	     15.12317393	    -87.39909929	     23.21184204	      0.00000000	      0.00000000	      0.00000000	      0.00000000	   -198.48592940	     13.84918073	     65.15988671	     10.30137647	      0.00000000	      0.00000000	      0.00000000	      0.00000000	     42.75497591	    -18.80318461	     -9.87500819	    -63.47257933	      4.92767887	      0.14530307	      0.00000000	     18.52772902	     -9.02206900	      0.00000000	     50.07045851	    -15.49820014	      0.93015771	    -67.38646509	     11.89334200	      3.25818895	      0.00000000	     24.12003207	      6.93301314	      0.00000000
      6.10000000	      9.44497936	      0.89848992	   -172.34373301	      0.43211574	     -0.05068637	     -0.54342161	    -10.71082264	      1.09746671	     -2.67570203	     13.02349532	     -2.06650611	     -0.61788894	     -0.00377484	     -0.04030030	      0.01593868	      0.00000000	      0.00000000	      0.00000000	     -0.00166944	      0.02006590	     -0.00807087	      0.00000000	      0.00000000	      0.00000000	      0.01925022	      0.02048516	     -0.00960719	    209.29665263	     16.65343180	    -85.60776503	     24.05945912	      0.00000000	      0.00000000	      0.00000000	      0.00000000	   -195.38321227	     14.08937177	     57.32950031	      5.03465229	      0.00000000	      0.00000000	      0.00000000	      0.00000000	     39.69344118	    -17.41273212	     -8.17264137	    -59.80428015	      5.24973777	      0.94330980	      0.00000000	     15.89588763	    -12.20679163	      0.00000000	     45.81815616	    -15.60189011	      0.41134968	    -63.16762197	     14.89690267	      3.80195962	      0.00000000	     20.85642457	      0.93459767	      0.00000000
      6.13333333	      8.31074019	      0.44224236	   -173.44599003	      0.42815232	     -0.03634775	     -0.54349318	    -10.23130671	      0.41994757	     -1.99615796	     10.34502272	     -1.72519801	      1.02859893	     -0.00495714	     -0.03765901	      0.01583228	      0.00000000	      0.00000000	      0.00000000	      0.00141410	      0.02074394	     -0.00632716	      0.00000000	      0.00000000	      0.00000000	      0.02224131	      0.02926161	     -0.01040871	    210.18600356	     18.39650388	    -87.12222145	     26.15186575	      0.00000000	      0.00000000	      0.00000000	      0.00000000	   -193.79995873	     15.56316476	     54.32518464	      1.89747928	      0.00000000	      0.00000000	      0.00000000	      0.00000000	     36.85761576	    -16.04507439	     -6.89522950	    -56.27055260	      4.52121509	      0.86361422	      0.00000000	     13.90902416	    -13.30572425	      0.00000000	     41.67943854	    -15.66130295	     -1.36089459	    -59.48951421	     14.89690267	      3.37160194	      0.00000000	     18.05868411	      0.74045714	      0.00000000
      6.16666667	      6.61743137	      0.42959595	   -174.27898708	      0.42415755	     -0.02188324	     -0.54305094	    -10.54855908	      0.40517951	     -1.74301012	      7.76987220	     -1.13737822	      2.62602428	     -0.00753225	     -0.03547646	      0.01479707	      0.00000000	      0.00000000	      0.00000000	      0.00365863	      0.01934754	     -0.00630101	      0.00000000	      0.00000000	      0.00000000	      0.02312683	      0.03028443	     -0.01060350	    210.98311547	     19.96762666	    -89.77527979	     28.80715985	      0.00000000	      0.00000000	      0.00000000	      0.00000000	   -193.60425833	     16.39743331	     56.16554037	      1.56784074	      0.00000000	      0.00000000	      0.00000000	      0.00000000	     33.07712968	    -14.50395935	     -6.17940403	    -52.11046938	      2.92735550	      0.76040677	      0.00000000	     11.31332171	    -14.05894944	      0.00000000	     37.29941007	    -15.76302444	     -4.69681559	    -56.27946341	     14.89690267	      1.16605795	      0.00000000	     15.81331584	      2.62309977	      0.00000000
      6.20000000	      2.44988335	     -0.47740804	   -175.11642453	      0.41861633	     -0.00605301	     -0.54151579	    -14.06260768	     -0.31049453	     -1.17428764	      6.90971701	     -0.58379891	      2.89034554	     -0.00937114	     -0.03473428	      0.01304046	      0.00000000	      0.00000000	      0.00000000	      0.00125495	      0.01640700	     -0.00594861	      0.00000000	      0.00000000	      0.00000000	      0.02113111	      0.02710528	     -0.00853612	    210.68569566	     20.68642537	    -92.01753883	     29.60469727	      0.00000000	      0.00000000	      0.00000000	      0.00000000	   -195.76420276	     17.23513363	     73.24246294	      7.53238994	      0.00000000	      0.00000000	      0.00000000	      0.00000000	     26.41416206	    -13.80958889	     -6.04526677	    -47.69200633	      1.80590347	     -0.08293518	      0.00000000	      8.19784373	    -14.12301206	      0.00000000	     29.34684735	    -14.62154337	    -12.87374503	    -52.50486402	     14.89690267	     -4.96057038	      0.00000000	     14.51504972	      8.30290925	      0.00000000
      6.23333333	     -0.52186536	      0.04121227	   -175.08290963	      0.41312716	      0.00801440	     -0.54045349	    -15.99830424	      0.74559117	     -1.24703042	      5.37128764	     -0.49441198	      2.28674515	     -0.01066695	     -0.03214445	      0.00886170	      0.00000000	      0.00000000	      0.00000000	     -0.00188907	      0.01602827	     -0.00432676	      0.00000000	      0.00000000	      0.00000000	      0.02104041	      0.02210831	     -0.00954253	    208.77133240	     21.74769729	    -92.17901181	     27.79176819	      0.00000000	      0.00000000	      0.00000000	      0.00000000	   -198.08470949	     18.47748123	     82.30821224	     12.49386594	      0.00000000	      0.00000000	      0.00000000	      0.00000000	     20.57022555	    -11.79191041	     -7.65792165	    -43.07193236	      0.70855712	     -2.02607930	      0.00000000	      5.20209962	    -13.02353860	      0.00000000	     23.69553250	    -14.43677645	    -12.36402106	    -47.87283784	     13.36113496	     -4.98473282	      0.00000000	     13.24516296	      9.99986651	      0.00000000
      6.26666667	     -3.42156742	      0.28589482	   -174.90636177	      0.40686685	      0.02122051	     -0.53913806	    -17.85846134	      1.50780493	     -1.33846916	      3.76712908	     -0.03312327	     -0.12998859	     -0.01076078	     -0.02811223	      0.00290632	      0.00000000	      0.00000000	      0.00000000	     -0.00341238	      0.01637959	     -0.00179922	      0.00000000	      0.00000000	      0.00000000	      0.02605546	      0.01869622	     -0.01029301	    207.12983747	     22.81737876	    -92.52346577	     26.02070222	      0.00000000	      0.00000000	      0.00000000	      0.00000000	   -199.53372071	     18.82770936	     83.13141737	     14.62612219	      0.00000000	      0.00000000	      0.00000000	      0.00000000	     14.69830729	     -9.99576629	     -9.66861535	    -38.30175530	     -0.23435017	     -4.29392284	      0.00000000	      2.48852537	    -11.40789671	      0.00000000	     17.79176269	    -13.83407705	    -11.64238879	    -42.89572815	     11.67696013	     -4.98473282	      0.00000000	     12.47457219	     10.49241711	      0.00000000
      6.30000000	     -6.11147950	      0.12316059	   -175.03790612	      0.40010538	      0.03292875	     -0.53808745	    -19.53811223	      1.65672541	     -0.94105541	      2.76670592	     -0.11661572	     -3.21299598	     -0.00721772	     -0.02308592	     -0.00107192	      0.00000000	      0.00000000	      0.00000000	     -0.00388332	      0.01844862	     -0.00173248	      0.00000000	      0.00000000	      0.00000000	      0.03191323	      0.01859802	     -0.01073342	    207.68050301	     24.26639210	    -95.83400471	     27.83881355	      0.00000000	      0.00000000	      0.00000000	      0.00000000	   -199.89671391	     18.89090938	     78.52442847	     13.78106114	      0.00000000	      0.00000000	      0.00000000	      0.00000000	      8.92393339	     -8.94203464	    -10.03515958	    -33.22173033	     -1.84384927	     -4.98473282	      0.00000000	      0.69921659	     -9.95309462	      0.00000000	     11.75844952	    -12.64431598	    -10.85953729	    -37.58619966	     10.74343415	     -4.98473282	      0.00000000	     11.27710738	      8.12695593	      0.00000000
      6.33333333	     -7.36897841	     -0.31316953	   -175.44060977	      0.39523877	      0.04248020	     -0.53726304	    -19.88442939	      1.33583580	     -0.30267750	      2.60770005	     -0.49551582	     -5.19313771	     -0.00070842	     -0.01853875	     -0.00284544	      0.00000000	      0.00000000	      0.00000000	     -0.00459797	      0.02243814	     -0.00202032	      0.00000000	      0.00000000	      0.00000000	      0.03659801	      0.02110513	     -0.00947089	    209.04012658	     26.29954878	   -101.56980828	     31.93435452	      0.00000000	      0.00000000	      0.00000000	      0.00000000	   -200.15840224	     19.13927433	     72.63343518	     12.30719635	      0.00000000	      0.00000000	      0.00000000	      0.00000000	      5.02381386	     -8.55335071	     -9.18001969	    -28.47106852	     -3.98994210	     -4.98473282	      0.00000000	     -1.00665008	     -9.01246911	      0.00000000	      7.48453765	    -11.02408513	    -10.05181037	    -32.61784514	     11.14599450	     -4.98473282	      0.00000000	      9.03817719	      3.68352085	      0.00000000
      6.36666667	     -6.90092220	     -0.66841621	   -175.69948137	      0.39269747	      0.04963452	     -0.53707649	    -18.48620443	      0.95727785	      0.57095942	      1.65028684	     -1.60125522	     -6.57781457	      0.00409634	     -0.01402592	     -0.00161791	      0.00000000	      0.00000000	      0.00000000	     -0.00516618	      0.02547590	     -0.00092308	      0.00000000	      0.00000000	      0.00000000	      0.04044802	      0.02435250	     -0.00700245	    209.46417852	     27.46550062	   -104.32949226	     33.82534915	      0.00000000	      0.00000000	      0.00000000	      0.00000000	   -200.41254016	     20.05483508	     69.77656226	     11.72820734	      0.00000000	      0.00000000	      0.00000000	      0.00000000	      3.41077043	     -8.40952627	     -8.30844998	    -24.58236767	     -4.96710295	     -4.98473282	      0.00000000	     -2.70739418	     -8.89993456	      0.00000000	      5.68019003	     -9.38880610	     -8.32039200	    -28.27307177	     10.52944717	     -4.98473282	      0.00000000	      6.30065153	      0.34795108	      0.00000000
      6.40000000	     -6.81958051	     -0.80671236	   -175.63472353	      0.39115450	      0.05566168	     -0.53686843	    -17.77902008	      1.01375522	      0.88300061	      0.48540529	     -1.80880470	     -6.08148005	      0.00550523	     -0.01017722	     -0.00201701	      0.00000000	      0.00000000	      0.00000000	     -0.00727733	      0.02977580	     -0.00130643	      0.00000000	      0.00000000	      0.00000000	      0.04271331	      0.02362242	     -0.00731477	    209.22509790	     28.59358553	   -105.11497304	     33.70996074	      0.00000000	      0.00000000	      0.00000000	      0.00000000	   -199.82512260	     19.88547621	     64.73503551	     10.11490968	      0.00000000	      0.00000000	      0.00000000	      0.00000000	      1.27916991	     -8.17751322	     -8.31506432	    -20.53094381	     -5.08658381	     -4.98473282	      0.00000000	     -4.84235925	     -8.73957281	      0.00000000	      3.75025578	     -8.43324496	     -7.49028288	    -24.33691030	     10.76827802	     -4.98473282	      0.00000000	      3.86097713	     -3.12746599	      0.00000000
      6.43333333	     -6.64199866	     -0.85908674	   -175.28351169	      0.39085503	      0.06033997	     -0.53648702	    -17.01547534	      1.06934653	      0.99381220	     -1.89597582	     -2.08852567	     -4.53408596	      0.00363786	     -0.00692146	      0.00051206	      0.00000000	      0.00000000	      0.00000000	     -0.00764914	      0.02874352	     -0.00248124	      0.00000000	      0.00000000	      0.00000000	      0.04257019	      0.02059350	     -0.00877381	    208.78433552	     27.89619487	   -100.29010930	     30.82810669	      0.00000000	      0.00000000	      0.00000000	      0.00000000	   -199.02824882	     19.65509954	     59.99552237	      8.99896703	      0.00000000	      0.00000000	      0.00000000	      0.00000000	     -0.43859221	     -7.84030095	     -7.85186262	    -17.19590128	     -4.70695423	     -4.98473282	      0.00000000	     -6.90376251	     -8.87587668	      0.00000000	      2.40433961	     -7.89857808	     -6.63758455	    -20.98684072	      9.45395269	     -4.98473282	      0.00000000	      2.66853699	     -3.78977934	      0.00000000
      6.46666667	     -7.43943400	     -1.08689346	   -174.82714949	      0.39021286	      0.06452408	     -0.53560652	    -17.57130772	      1.11161900	      0.70532517	     -2.99745406	     -2.42765739	     -3.05423089	      0.00155625	     -0.00630325	      0.00180478	      0.00000000	      0.00000000	      0.00000000	     -0.00470731	      0.02488880	     -0.00779484	      0.00000000	      0.00000000	      0.00000000	      0.03944812	      0.01572472	     -0.01287187	    208.52062153	     25.19646110	    -91.88903743	     28.17601864	      0.00000000	      0.00000000	      0.00000000	      0.00000000	   -197.91264585	     18.69453291	     51.42032127	      7.06514288	      0.00000000	      0.00000000	      0.00000000	      0.00000000	     -3.30812095	     -7.66031771	     -7.96719851	    -13.59042293	     -4.42942698	     -4.98473282	      0.00000000	     -9.03510866	     -9.18234921	      0.00000000	     -0.09645388	     -7.28944411	     -5.86492278	    -17.21156400	      6.63670880	     -4.98473282	      0.00000000	      2.42304695	     -2.53651369	      0.00000000
      6.50000000	     -8.20066427	     -1.51192970	   -174.62506851	      0.38855253	      0.06755332	     -0.53425271	    -17.83081897	      0.75558974	      0.06062711	     -5.47835026	     -2.69197636	     -0.68059788	     -0.00216909	     -0.00474892	      0.00521796	      0.00000000	      0.00000000	      0.00000000	      0.00101012	      0.02182769	     -0.00830235	      0.00000000	      0.00000000	      0.00000000	      0.03543739	      0.01319109	     -0.01493405	    207.80125233	     23.76651925	    -87.86381883	     27.13664153	      0.00000000	      0.00000000	      0.00000000	      0.00000000	   -197.95435368	     18.35338130	     48.37056225	      7.14188000	      0.00000000	      0.00000000	      0.00000000	      0.00000000	     -5.85518754	     -7.74646398	     -7.43306053	    -10.62802302	     -4.52764869	     -4.98473282	      0.00000000	    -10.74809274	     -9.54402600	      0.00000000	     -2.54526483	     -6.44324709	     -5.20960133	    -13.77473820	      4.24639570	     -4.98473282	      0.00000000	      1.91929392	     -2.02740107	      0.00000000
      6.53333333	     -8.45897866	     -2.03932039	   -174.84325602	      0.38705278	      0.07004641	     -0.53257746	    -17.65166158	      0.17089245	     -0.24567170	     -6.98280356	     -2.89181832	      0.86313014	     -0.00533992	     -0.00519437	      0.00738639	      0.00000000	      0.00000000	      0.00000000	      0.00685066	      0.02213785	     -0.00667305	      0.00000000	      0.00000000	      0.00000000	      0.03315361	      0.01136100	     -0.01583044	    207.00968158	     23.04026900	    -88.04073117	     27.27723413	      0.00000000	      0.00000000	      0.00000000	      0.00000000	   -197.96257432	     18.24345433	     48.61851028	      7.00328267	      0.00000000	      0.00000000	      0.00000000	      0.00000000	     -7.23350711	     -8.18081508	     -6.81495220	     -8.67845596	     -4.70615341	     -4.98473282	      0.00000000	    -12.50840465	     -9.98977041	      0.00000000	     -4.38297893	     -5.37581830	     -4.90513349	    -10.78538423	      2.86550275	     -4.98473282	      0.00000000	      0.33924838	     -2.48774514	      0.00000000
      6.56666667	     -9.27952609	     -2.36278640	   -175.48508864	      0.38454848	      0.07227230	     -0.53121951	    -17.99888947	     -0.22133677	     -0.27020968	     -6.70682825	     -3.36289866	      1.82029969	     -0.00557974	     -0.00783967	      0.00901684	      0.00000000	      0.00000000	      0.00000000	      0.01270608	      0.02597758	     -0.00420133	      0.00000000	      0.00000000	      0.00000000	      0.03050229	      0.01006187	     -0.01711318	    206.36730114	     23.24507404	    -90.84499451	     28.11106569	      0.00000000	      0.00000000	      0.00000000	      0.00000000	   -197.64142339	     18.41502909	     48.96643113	      6.27968329	      0.00000000	      0.00000000	      0.00000000	      0.00000000	     -8.95854727	     -8.42201666	     -5.74594248	     -7.10939440	     -4.89129584	     -4.98473282	      0.00000000	    -14.22996237	    -11.06172880	      0.00000000	     -6.85585806	     -4.55395493	     -4.87716083	     -8.11408279	      2.25999387	     -4.98473282	      0.00000000	     -2.12970266	     -4.00689036	      0.00000000
      6.60000000	    -10.39691978	     -2.42583175	   -176.40076852	      0.38052559	      0.07408283	     -0.53071967	    -18.39686271	     -0.52146531	      0.07044598	     -6.04056168	     -3.32018222	      2.17602829	     -0.00475090	     -0.01112708	      0.00970666	      0.00000000	      0.00000000	      0.00000000	      0.01432678	      0.02980877	     -0.00253487	      0.00000000	      0.00000000	      0.00000000	      0.02910431	      0.00761083	     -0.01792727	    206.33415822	     24.24387208	    -92.72851051	     28.55005882	      0.00000000	      0.00000000	      0.00000000	      0.00000000	   -196.84329692	     18.51673940	     44.40551743	      4.97211580	      0.00000000	      0.00000000	      0.00000000	      0.00000000	    -11.01434348	     -8.40298828	     -5.03420126	     -5.41239318	     -5.33815164	     -4.98473282	      0.00000000	    -15.11092330	    -11.60826466	      0.00000000	     -9.99267614	     -4.17690328	     -6.95992861	     -5.21965374	      5.00884279	     -4.98473282	      0.00000000	     -4.99087893	     -7.20399621	      0.00000000
      6.63333333	    -11.43246417	     -2.55647947	   -177.36954364	      0.37615514	      0.07526914	     -0.53104567	    -18.55513928	     -1.16246204	      0.64465901	     -5.81134723	     -2.64515333	      2.31005753	     -0.00455126	     -0.01392890	      0.01089254	      0.00000000	      0.00000000	      0.00000000	      0.01600309	      0.02614764	     -0.00174464	      0.00000000	      0.00000000	      0.00000000	      0.02629154	      0.00579845	     -0.01706795	    205.95440491	     23.41206156	    -88.29638969	     26.06426710	      0.00000000	      0.00000000	      0.00000000	      0.00000000	   -196.20255790	     19.14620653	     39.25400197	      4.28688945	      0.00000000	      0.00000000	      0.00000000	      0.00000000	    -12.89436538	     -8.53456268	     -5.91447981	     -3.87702014	     -5.45885911	     -4.98473282	      0.00000000	    -14.14500218	    -10.06929630	      0.00000000	    -13.14322019	     -3.65123805	    -11.11502283	     -1.98822427	      8.18890342	     -4.98473282	      0.00000000	     -7.56421602	     -8.87248960	      0.00000000
      6.66666667	    -13.55889497	     -2.14239283	   -178.23787780	      0.36957039	      0.07542069	     -0.53090937	    -19.49825077	     -0.94716197	      0.83929522	     -6.09553360	     -2.32458108	      1.90001775	     -0.00286119	     -0.01507040	      0.01007710	      0.00000000	      0.00000000	      0.00000000	      0.01523603	      0.02314791	     -0.00434993	      0.00000000	      0.00000000	      0.00000000	      0.02034878	      0.00433974	     -0.01915773	    205.88254926	     23.81158854	    -83.77913913	     24.22017941	      0.00000000	      0.00000000	      0.00000000	      0.00000000	   -196.03597488	     20.89866458	     38.52912607	      3.15808886	      0.00000000	      0.00000000	      0.00000000	      0.00000000	    -16.61975402	     -8.04490842	     -8.30749345	     -1.00280150	     -4.10361320	     -4.98473282	      0.00000000	    -14.64487373	     -8.34151298	      0.00000000	    -18.05630453	     -3.36770432	    -19.84659327	      2.29752418	     14.89690267	     -4.98473282	      0.00000000	     -8.97056686	     -7.91503756	      0.00000000
      6.70000000	    -14.59355326	     -1.90885000	   -178.62074250	      0.36511633	      0.07437838	     -0.53139349	    -19.38911721	     -0.98720641	      0.75229906	     -6.66199617	     -2.02711277	      1.68993320	     -0.00039961	     -0.01634347	      0.01027464	      0.00000000	      0.00000000	      0.00000000	      0.01077454	      0.01952679	     -0.00589957	      0.00000000	      0.00000000	      0.00000000	      0.01667358	      0.00507233	     -0.01848533	    206.67609356	     25.67588119	    -83.32816850	     23.95072134	      0.00000000	      0.00000000	      0.00000000	      0.00000000	   -196.97290088	     22.45845502	     46.36206744	      4.44968758	      0.00000000	      0.00000000	      0.00000000	      0.00000000	    -18.92856231	     -7.62560290	    -11.10070513	      1.22238496	     -0.89649251	     -4.98473282	      0.00000000	    -15.94610398	     -9.14245725	      0.00000000	    -20.89502465	     -2.80883246	    -24.16724889	      5.47755721	     14.89690267	     -4.98473282	      0.00000000	     -8.37599952	     -2.86654323	      0.00000000
      6.73333333	    -15.38157691	     -1.77654404	   -178.65585872	      0.36193785	      0.07260754	     -0.53219616	    -19.13119843	     -1.15467229	      0.25559557	     -8.03321931	     -1.54816026	      1.27125477	      0.00183709	     -0.01609565	      0.01065506	      0.00000000	      0.00000000	      0.00000000	      0.00907569	      0.01683596	     -0.00691322	      0.00000000	      0.00000000	      0.00000000	      0.01296539	      0.00839908	     -0.01733361	    208.51164878	     27.88891670	    -85.33211039	     25.77102838	      0.00000000	      0.00000000	      0.00000000	      0.00000000	   -198.50495425	     24.33552888	     60.41723577	      7.51527319	      0.00000000	      0.00000000	      0.00000000	      0.00000000	    -20.69625317	     -7.26259358	    -13.27777961	      2.83942266	      2.20125500	     -4.98473282	      0.00000000	    -17.73637224	    -10.67178169	      0.00000000	    -22.76676893	     -2.55758042	    -25.67371379	      7.18202291	     14.89690267	     -4.98473282	      0.00000000	     -8.05385623	     -0.42918499	      0.00000000
      6.76666667	    -15.79336193	     -1.72234630	   -178.68661052	      0.36037655	      0.07080169	     -0.53289324	    -18.63658459	     -1.32322949	     -0.20694362	    -10.10292550	     -1.51356170	      0.95407450	      0.00359055	     -0.01440926	      0.01123361	      0.00000000	      0.00000000	      0.00000000	      0.00974817	      0.01516448	     -0.00630791	      0.00000000	      0.00000000	      0.00000000	      0.01491798	      0.00882196	     -0.01634051	    209.94272735	     29.85053915	    -87.30150039	     27.67250303	      0.00000000	      0.00000000	      0.00000000	      0.00000000	   -199.59766530	     24.85859363	     65.31658454	      9.90426123	      0.00000000	      0.00000000	      0.00000000	      0.00000000	    -21.53999798	     -7.15779779	    -13.35800768	      3.53050402	      3.02020132	     -4.98473282	      0.00000000	    -18.33192888	    -11.58576946	      0.00000000	    -23.54911367	     -2.66332651	    -24.95593876	      7.37290405	     14.89690267	     -4.98473282	      0.00000000	     -7.79648518	     -0.46588510	      0.00000000
      6.80000000	    -16.07701542	     -1.59690690	   -178.83141614	      0.35954865	      0.06946693	     -0.53372834	    -18.17027680	     -1.41015891	     -0.31950747	    -11.09577057	     -1.83270844	      0.31277346	      0.00720875	     -0.01432253	      0.01206893	      0.00000000	      0.00000000	      0.00000000	      0.01127263	      0.01396832	     -0.00404151	      0.00000000	      0.00000000	      0.00000000	      0.01729248	      0.00664962	     -0.01715273	    210.48316207	     31.22679146	    -88.66601264	     28.42934211	      0.00000000	      0.00000000	      0.00000000	      0.00000000	   -199.71667094	     25.03704520	     65.30027596	     11.05265795	      0.00000000	      0.00000000	      0.00000000	      0.00000000	    -21.94872932	     -7.01278141	    -13.32075035	      3.94942003	      3.01534371	     -4.98473282	      0.00000000	    -18.25540215	    -11.86846881	      0.00000000	    -23.94483219	     -2.91139213	    -24.31678419	      7.25579921	     14.89690267	     -4.98473282	      0.00000000	     -7.67880933	     -0.75410920	      0.00000000
      6.83333333	    -16.40581592	     -1.46147292	   -178.95147709	      0.35950149	      0.06850015	     -0.53444259	    -17.89524135	     -1.45208710	     -0.19597455	    -10.98946543	     -1.87357850	      0.28389729	      0.01193835	     -0.01532735	      0.01333871	      0.00000000	      0.00000000	      0.00000000	      0.01238096	      0.01433620	     -0.00117109	      0.00000000	      0.00000000	      0.00000000	      0.01988620	      0.00389982	     -0.01764722	    210.53749572	     32.21810859	    -88.91937535	     28.19857541	      0.00000000	      0.00000000	      0.00000000	      0.00000000	   -199.51476309	     25.45908879	     65.02244078	     11.47223467	      0.00000000	      0.00000000	      0.00000000	      0.00000000	    -22.11164626	     -6.85667914	    -13.31805030	      3.85010010	      2.98285771	     -4.98473282	      0.00000000	    -17.46908820	    -12.08137726	      0.00000000	    -24.16385362	     -3.23829023	    -24.03763064	      6.85601815	     14.89690267	     -4.98473282	      0.00000000	     -7.29330846	     -0.79416119	      0.00000000
      6.86666667	    -16.19014300	     -1.38216901	   -178.74983632	      0.36120354	      0.06788719	     -0.53465763	    -17.39567875	     -1.43194207	     -0.71637410	    -10.32061604	     -1.89364075	      0.70703699	      0.01448606	     -0.01689694	      0.01454990	      0.00000000	      0.00000000	      0.00000000	      0.01239563	      0.01460972	      0.00607931	      0.00000000	      0.00000000	      0.00000000	      0.01974271	      0.00197650	     -0.01854955	    208.63805799	     33.96444676	    -91.96142175	     26.46118712	      0.00000000	      0.00000000	      0.00000000	      0.00000000	   -199.39629294	     26.07772794	     66.31850925	     11.49453364	      0.00000000	      0.00000000	      0.00000000	      0.00000000	    -21.49027594	     -6.72287961	    -13.53635400	      3.31896165	      2.66083895	     -4.98473282	      0.00000000	    -16.45774056	    -11.32904933	      0.00000000	    -23.35249191	     -3.64298057	    -23.81494287	      5.83559939	     14.89690267	     -4.98473282	      0.00000000	     -6.21625137	     -0.75257505	      0.00000000
      6.90000000	    -16.08528288	     -1.45656695	   -178.53544326	      0.36285076	      0.06774333	     -0.53439143	    -17.06319800	     -1.48168140	     -0.88356225	     -9.59961967	     -1.95607497	      1.73257992	      0.01596235	     -0.01831890	      0.01644829	      0.00000000	      0.00000000	      0.00000000	      0.01208755	      0.01489173	      0.01108607	      0.00000000	      0.00000000	      0.00000000	      0.01987654	      0.00369173	     -0.02040082	    206.65285818	     34.76224673	    -92.58929994	     23.74257552	      0.00000000	      0.00000000	      0.00000000	      0.00000000	   -199.34908154	     27.75936904	     72.51760966	     11.74198399	      0.00000000	      0.00000000	      0.00000000	      0.00000000	    -21.17798546	     -6.78069753	    -13.52946541	      2.86978600	      2.58161855	     -4.98473282	      0.00000000	    -16.00000616	    -10.74323830	      0.00000000	    -22.87312282	     -3.62269731	    -24.91014969	      5.54563578	     14.89690267	     -4.98473282	      0.00000000	     -5.69245469	      0.39319031	      0.00000000
      6.93333333	    -16.27371115	     -1.66190685	   -178.32969752	      0.36461698	      0.06800135	     -0.53388334	    -17.18581142	     -1.66780901	     -0.98945228	     -8.52712822	     -1.30827703	      2.49252599	      0.01735911	     -0.02051007	      0.01651193	      0.00000000	      0.00000000	      0.00000000	      0.01352818	      0.01439411	      0.00974608	      0.00000000	      0.00000000	      0.00000000	      0.02055313	      0.00812726	     -0.02081876	    206.10896374	     34.52501106	    -92.47415886	     22.26174022	      0.00000000	      0.00000000	      0.00000000	      0.00000000	   -199.62686519	     28.84782097	     76.49184662	     12.45364870	      0.00000000	      0.00000000	      0.00000000	      0.00000000	    -21.23025850	     -7.02978570	    -13.13796396	      2.30208142	      2.92468628	     -4.98473282	      0.00000000	    -16.02337590	    -11.36720746	      0.00000000	    -22.78442738	     -3.42331830	    -25.83455012	      5.49157345	     14.89690267	     -4.98473282	      0.00000000	     -5.68721241	      1.44448990	      0.00000000
      6.96666667	    -16.43404293	     -1.90412896	   -178.23389141	      0.36649165	      0.06842070	     -0.53336423	    -17.46941468	     -1.93312022	     -0.69393246	     -8.24626433	     -1.06469682	      2.65019363	      0.01567259	     -0.02152246	      0.01761183	      0.00000000	      0.00000000	      0.00000000	      0.01333496	      0.01231938	      0.00272991	      0.00000000	      0.00000000	      0.00000000	      0.02105215	      0.01302116	     -0.02039082	    206.98543943	     33.49590725	    -93.25022276	     21.95214825	      0.00000000	      0.00000000	      0.00000000	      0.00000000	   -199.68573738	     28.93433510	     75.76301968	     12.85313088	      0.00000000	      0.00000000	      0.00000000	      0.00000000	    -21.32869977	     -7.35252513	    -13.07956821	      2.13430370	      2.92535921	     -4.98473282	      0.00000000	    -15.64046723	    -11.69519989	      0.00000000	    -22.73218369	     -3.18561627	    -25.82038637	      5.46630119	     14.89690267	     -4.98473282	      0.00000000	     -5.86923772	      1.33492816	      0.00000000
      7.00000000	    -16.73692938	     -1.81595743	   -178.43563663	      0.36782993	      0.06875298	     -0.53255819	    -17.94140596	     -1.80940575	     -0.87624275	     -7.57007054	     -0.42609184	      2.54140044	      0.01540124	     -0.02282197	      0.01550340	      0.00000000	      0.00000000	      0.00000000	      0.01359654	      0.01358254	     -0.00764485	      0.00000000	      0.00000000	      0.00000000	      0.02070078	      0.01480450	     -0.01654049	    209.17158441	     33.72831732	    -98.47895878	     24.88704004	      0.00000000	      0.00000000	      0.00000000	      0.00000000	   -200.65944651	     26.78594851	     66.47490577	     12.90443146	      0.00000000	      0.00000000	      0.00000000	      0.00000000	    -21.51891164	     -7.40699040	    -12.64026378	      2.33324732	      2.16786633	     -4.98473282	      0.00000000	    -15.52306582	    -11.91051672	      0.00000000	    -23.07287358	     -3.24282421	    -24.21780600	      5.45491480	     14.89690267	     -4.98473282	      0.00000000	     -6.55932092	     -1.32619944	      0.00000000
      7.03333333	    -16.33671346	     -1.52508081	   -178.96790712	      0.36933042	      0.06850003	     -0.53161955	    -17.66142109	     -1.45235988	     -0.45407868	     -7.44253985	     -0.52261410	      2.40189277	      0.01460380	     -0.02292790	      0.01464452	      0.00000000	      0.00000000	      0.00000000	      0.01233017	      0.01460514	     -0.01330937	      0.00000000	      0.00000000	      0.00000000	      0.01925548	      0.01410780	     -0.01451895	    210.24554692	     34.03206199	   -102.82274785	     26.87392381	      0.00000000	      0.00000000	      0.00000000	      0.00000000	   -201.35953310	     25.54413333	     62.84517046	     12.84218534	      0.00000000	      0.00000000	      0.00000000	      0.00000000	    -20.65010304	     -7.42200154	    -12.23857221	      2.20948027	      1.38950837	     -4.98473282	      0.00000000	    -14.97394531	    -10.55309409	      0.00000000	    -22.65811984	     -3.46513604	    -22.92900075	      4.96706591	     14.89690267	     -4.98473282	      0.00000000	     -6.29950667	     -3.43176539	      0.00000000
      7.06666667	    -15.72959530	     -1.26191004	   -179.40385666	      0.37059891	      0.06771553	     -0.53034511	    -17.09654361	     -1.04296347	     -0.27210718	     -7.67479133	     -1.05421659	      1.95844654	      0.01398087	     -0.02172419	      0.01419421	      0.00000000	      0.00000000	      0.00000000	      0.01367884	      0.01597497	     -0.01354192	      0.00000000	      0.00000000	      0.00000000	      0.01550596	      0.01293058	     -0.01395003	    210.41864824	     34.20689372	   -104.17135222	     28.00377984	      0.00000000	      0.00000000	      0.00000000	      0.00000000	   -202.26999503	     25.50461618	     65.43804576	     13.09168386	      0.00000000	      0.00000000	      0.00000000	      0.00000000	    -19.57214735	     -7.39261234	    -11.56568611	      1.87488465	      0.84690097	     -4.98473282	      0.00000000	    -15.02971349	     -9.41234450	      0.00000000	    -22.13226345	     -3.62504911	    -22.14558516	      4.65893611	     14.89690267	     -4.98473282	      0.00000000	     -5.85912412	     -4.66616569	      0.00000000
      7.10000000	    -15.02277045	     -1.04951181	   -179.68010246	      0.37196864	      0.06687131	     -0.52875848	    -16.46901163	     -0.52486549	     -0.15837703	     -7.92114633	     -1.96075264	      1.22619306	      0.01288421	     -0.02000012	      0.01323714	      0.00000000	      0.00000000	      0.00000000	      0.01802365	      0.01746750	     -0.01168425	      0.00000000	      0.00000000	      0.00000000	      0.01196599	      0.01113664	     -0.01543225	    210.31571738	     33.67402759	   -102.14789893	     29.12206073	      0.00000000	      0.00000000	      0.00000000	      0.00000000	   -202.96807635	     25.84813171	     68.96393158	     13.14947961	      0.00000000	      0.00000000	      0.00000000	      0.00000000	    -18.47508239	     -7.36754574	    -10.99791645	      1.41244277	      1.11814575	     -4.98473282	      0.00000000	    -15.53626424	     -9.19112609	      0.00000000	    -21.53093223	     -3.68828534	    -21.98291337	      4.67841764	     14.89690267	     -4.98473282	      0.00000000	     -5.34090375	     -4.74015243	      0.00000000
      7.13333333	    -14.78850757	     -1.30904476	   -179.39412181	      0.37379029	      0.06640541	     -0.52657288	    -16.45192151	     -0.35611780	     -1.12336022	     -8.01181266	     -2.30864865	      0.78939914	      0.01140799	     -0.01876648	      0.01068144	      0.00000000	      0.00000000	      0.00000000	      0.02608766	      0.01846250	     -0.00869498	      0.00000000	      0.00000000	      0.00000000	      0.00921286	      0.00976758	     -0.01756056	    209.64052843	     33.25204879	   -101.17815820	     30.54035466	      0.00000000	      0.00000000	      0.00000000	      0.00000000	   -203.32180577	     25.62406737	     69.47765795	     12.75895768	      0.00000000	      0.00000000	      0.00000000	      0.00000000	    -18.17999245	     -7.68942636	    -11.04394001	      1.16680027	      1.11529764	     -4.98473282	      0.00000000	    -15.50078236	     -9.44143997	      0.00000000	    -21.22987405	     -3.26306919	    -21.92987107	      5.08665224	     14.89690267	     -4.98473282	      0.00000000	     -5.29313817	     -4.52069650	      0.00000000
      7.16666667	    -14.13112856	     -1.72417150	   -178.76576003	      0.37621721	      0.06633376	     -0.52533915	    -15.92674575	     -0.46937140	     -1.44435296	     -8.27374704	     -3.12560787	      0.23965949	      0.01011026	     -0.01830632	      0.01088651	      0.00000000	      0.00000000	      0.00000000	      0.03053977	      0.01931963	     -0.00870471	      0.00000000	      0.00000000	      0.00000000	      0.01257659	      0.00906163	     -0.01903750	    211.02429655	     32.38857825	    -98.71493423	     33.36022750	      0.00000000	      0.00000000	      0.00000000	      0.00000000	   -203.07015472	     25.75972157	     69.36810425	     12.45192816	      0.00000000	      0.00000000	      0.00000000	      0.00000000	    -17.67418610	     -8.01144802	    -11.70931909	      1.35946763	      1.08150027	     -4.98473282	      0.00000000	    -15.19742461	    -10.50994593	      0.00000000	    -20.18619157	     -2.92648991	    -21.69658001	      5.17849196	     14.89690267	     -4.98473282	      0.00000000	     -4.65237059	     -3.32861833	      0.00000000
      7.20000000	    -14.17502409	     -2.11327122	   -178.09705381	      0.37935740	      0.06673113	     -0.52437164	    -16.31545804	     -0.52997810	     -1.89966059	     -8.29766529	     -3.21278584	      0.12895385	      0.00870345	     -0.01900608	      0.00866907	      0.00000000	      0.00000000	      0.00000000	      0.03000503	      0.01922431	     -0.00732149	      0.00000000	      0.00000000	      0.00000000	      0.01614874	      0.00888293	     -0.01998934	    210.74709508	     32.34423189	    -98.59674370	     33.71324492	      0.00000000	      0.00000000	      0.00000000	      0.00000000	   -202.92585437	     25.66445779	     69.25167275	     12.29126384	      0.00000000	      0.00000000	      0.00000000	      0.00000000	    -17.72298708	     -8.33056281	    -12.03485284	      1.19236551	      0.86621571	     -4.98473282	      0.00000000	    -14.47719697	    -11.03053900	      0.00000000	    -19.77390606	     -2.61743881	    -21.40363891	      5.15166201	     14.89690267	     -4.98473282	      0.00000000	     -4.62281068	     -2.76112571	      0.00000000
      7.23333333	    -14.38902143	     -2.55553078	   -177.48076590	      0.38289671	      0.06725876	     -0.52464532	    -16.96674141	     -0.95763667	     -2.10293074	     -8.31899724	     -2.80610721	      0.36773446	      0.00803827	     -0.02042684	      0.00775390	      0.00000000	      0.00000000	      0.00000000	      0.02305653	      0.01810715	     -0.00473154	      0.00000000	      0.00000000	      0.00000000	      0.02049249	      0.00921587	     -0.01966749	    210.49785691	     32.84912816	    -98.17113246	     32.31544969	      0.00000000	      0.00000000	      0.00000000	      0.00000000	   -202.30249111	     25.60756512	     69.20312584	     11.98023844	      0.00000000	      0.00000000	      0.00000000	      0.00000000	    -17.91638435	     -8.60326960	    -12.13514307	      1.04406568	      0.84923946	     -4.98473282	      0.00000000	    -14.04569069	    -11.15717576	      0.00000000	    -19.33316758	     -2.46105358	    -21.11955190	      4.47219163	     14.89690267	     -4.98473282	      0.00000000	     -4.31016888	     -1.94638099	      0.00000000
      7.26666667	    -15.04927320	     -2.78020495	   -177.24964361	      0.38647796	      0.06789245	     -0.52541848	    -18.18890440	     -1.24330276	     -1.79322109	     -8.48278238	     -1.90987110	      0.66832848	      0.00781158	     -0.02146790	      0.00554823	      0.00000000	      0.00000000	      0.00000000	      0.01571819	      0.01455263	     -0.00102791	      0.00000000	      0.00000000	      0.00000000	      0.02260438	      0.00966835	     -0.02037529	    209.12410301	     32.38689467	    -95.55465305	     28.25882996	      0.00000000	      0.00000000	      0.00000000	      0.00000000	   -201.19884533	     25.95590200	     68.97834656	     10.86981202	      0.00000000	      0.00000000	      0.00000000	      0.00000000	    -18.22780697	     -8.73073809	    -11.75256765	      0.46338537	      0.83718989	     -4.98473282	      0.00000000	    -13.87764847	    -10.62585303	      0.00000000	    -19.46364290	     -2.42899880	    -21.45213395	      3.86531526	     14.89690267	     -4.98473282	      0.00000000	     -4.43762097	     -1.57360315	      0.00000000
      7.30000000	    -15.74390668	     -2.81362246	   -177.41096157	      0.38945056	      0.06809682	     -0.52663253	    -19.44315473	     -1.47059474	     -0.85561332	     -8.90336885	     -1.62248203	      0.52168594	      0.00841165	     -0.02123777	      0.00504037	      0.00000000	      0.00000000	      0.00000000	      0.00914363	      0.01288241	      0.00202285	      0.00000000	      0.00000000	      0.00000000	      0.02532836	      0.01059780	     -0.02007471	    208.62935151	     31.34375754	    -90.59513714	     25.20646180	      0.00000000	      0.00000000	      0.00000000	      0.00000000	   -199.95230542	     26.43366376	     68.23619516	      9.52539721	      0.00000000	      0.00000000	      0.00000000	      0.00000000	    -18.49245841	     -8.73670281	    -10.59617471	     -0.05942486	      0.12157485	     -4.98473282	      0.00000000	    -13.99280466	    -10.39379311	      0.00000000	    -19.84084719	     -2.52166855	    -21.71629917	      3.42433523	     14.89690267	     -4.98473282	      0.00000000	     -4.68507027	     -1.73210028	      0.00000000
      7.33333333	    -15.89266788	     -2.64570379	   -177.53991540	      0.39265375	      0.06774197	     -0.52781956	    -20.22450689	     -1.42433867	     -0.01002203	     -9.86371751	     -1.60877110	      0.42156705	      0.00798926	     -0.01885094	      0.00486842	      0.00000000	      0.00000000	      0.00000000	      0.00680470	      0.01429556	      0.00263052	      0.00000000	      0.00000000	      0.00000000	      0.02671030	      0.01140888	     -0.01979132	    209.18010861	     30.19496313	    -87.19829952	     24.90018083	      0.00000000	      0.00000000	      0.00000000	      0.00000000	   -198.87681226	     26.87157168	     68.69933970	      8.22361390	      0.00000000	      0.00000000	      0.00000000	      0.00000000	    -17.99184906	     -8.62265420	     -8.68557109	     -0.95656880	     -1.12797695	     -4.98473282	      0.00000000	    -14.73984672	    -11.28546390	      0.00000000	    -19.45490569	     -2.94271339	    -21.38459920	      2.51308817	     14.89690267	     -4.98473282	      0.00000000	     -4.54484929	     -2.28197575	      0.00000000
      7.36666667	    -15.01996409	     -2.22245753	   -177.45536329	      0.39613431	      0.06659775	     -0.52898732	    -19.96540692	     -1.01966704	      0.46778068	    -10.97334316	     -2.17385719	      0.31044056	      0.00724349	     -0.01515140	      0.00567001	      0.00000000	      0.00000000	      0.00000000	      0.00822260	      0.01827441	      0.00245424	      0.00000000	      0.00000000	      0.00000000	      0.02640017	      0.01232627	     -0.01947431	    209.73575122	     29.74686156	    -87.66130796	     25.89228740	      0.00000000	      0.00000000	      0.00000000	      0.00000000	   -198.56967599	     27.03434601	     70.68671695	      7.80696851	      0.00000000	      0.00000000	      0.00000000	      0.00000000	    -16.28995457	     -8.23242554	     -6.01451900	     -2.18520269	     -2.92313228	     -4.98473282	      0.00000000	    -15.95825000	    -13.55564704	      0.00000000	    -17.75060159	     -3.76160724	    -20.09654796	      1.01195809	     14.72484718	     -4.98473282	      0.00000000	     -3.87943017	     -3.40846271	      0.00000000
      7.40000000	    -14.01735483	     -1.73672910	   -177.23261450	      0.39931072	      0.06504729	     -0.52976627	    -19.59395666	     -0.37173521	      0.57929499	    -11.72612847	     -2.88742781	      0.39522665	      0.00672630	     -0.01068290	      0.00609785	      0.00000000	      0.00000000	      0.00000000	      0.01119433	      0.02444843	      0.00169375	      0.00000000	      0.00000000	      0.00000000	      0.02537101	      0.01338590	     -0.01956912	    209.46460410	     30.03871086	    -90.41060641	     26.28162008	      0.00000000	      0.00000000	      0.00000000	      0.00000000	   -198.96959817	     26.55421500	     70.41468958	      7.80329961	      0.00000000	      0.00000000	      0.00000000	      0.00000000	    -14.44866417	     -7.76191949	     -4.26201731	     -3.43595480	     -4.44679324	     -4.98473282	      0.00000000	    -16.33541081	    -15.10055667	      0.00000000	    -15.87911263	     -4.65184601	    -18.54809081	     -0.52983274	     13.97141832	     -4.98473282	      0.00000000	     -2.83405381	     -3.90642725	      0.00000000
      7.43333333	    -12.92031906	     -1.44332856	   -176.87463521	      0.40271032	      0.06379575	     -0.53053605	    -19.23267567	      0.07035399	      0.27978231	    -11.67657299	     -3.48859963	      0.66999819	      0.00632301	     -0.00728097	      0.00688941	      0.00000000	      0.00000000	      0.00000000	      0.01202006	      0.02970894	      0.00138464	      0.00000000	      0.00000000	      0.00000000	      0.02539772	      0.01364120	     -0.02065411	    208.51195767	     30.45249898	    -91.91491439	     25.17796326	      0.00000000	      0.00000000	      0.00000000	      0.00000000	   -198.77019429	     25.24897389	     63.15829715	      6.39023380	      0.00000000	      0.00000000	      0.00000000	      0.00000000	    -12.46688500	     -7.44067655	     -3.29173593	     -4.64053647	     -6.16305411	     -4.98473282	      0.00000000	    -15.22455336	    -15.49768016	      0.00000000	    -13.72542629	     -5.34677544	    -17.01056275	     -2.21447367	     12.64545315	     -4.98473282	      0.00000000	     -1.25589835	     -3.17790950	      0.00000000
      7.46666667	    -13.23379377	     -1.66091138	   -176.93247370	      0.40537482	      0.06342476	     -0.53161602	    -20.50422462	     -0.26227169	      0.19030581	    -10.51697316	     -3.26245976	      0.74919676	      0.00674200	     -0.00531685	      0.00737732	      0.00000000	      0.00000000	      0.00000000	      0.00990531	      0.03145042	      0.00136170	      0.00000000	      0.00000000	      0.00000000	      0.02746961	      0.01455710	     -0.02197499	    207.79113128	     29.75282326	    -88.68630846	     22.97559049	      0.00000000	      0.00000000	      0.00000000	      0.00000000	   -197.49448041	     23.76536488	     49.74258283	      3.61309695	      0.00000000	      0.00000000	      0.00000000	      0.00000000	    -11.86377528	     -7.71530600	     -4.02928565	     -5.81613650	     -7.14670573	     -4.98473282	      0.00000000	    -12.50550869	    -13.67015820	      0.00000000	    -13.35237823	     -5.38395349	    -16.69201729	     -3.23483283	     11.51338196	     -4.98473282	      0.00000000	     -0.48634601	     -1.87769956	      0.00000000
      7.50000000	    -12.90205630	     -1.65401315	   -176.99116521	      0.40978852	      0.06350829	     -0.53324951	    -21.28230428	     -0.45451453	     -0.04503215	     -9.38201386	     -3.17908506	      0.28178356	      0.00534976	     -0.00485771	      0.00752462	      0.00000000	      0.00000000	      0.00000000	      0.00323241	      0.03125847	      0.00067791	      0.00000000	      0.00000000	      0.00000000	      0.02898291	      0.01450005	     -0.02322038	    208.28330665	     29.98130466	    -87.97082082	     22.80799789	      0.00000000	      0.00000000	      0.00000000	      0.00000000	   -196.31658049	     22.58729877	     36.20612162	      0.96407023	      0.00000000	      0.00000000	      0.00000000	      0.00000000	     -9.96064807	     -7.83771010	     -4.93106510	     -7.87990099	     -7.40479626	     -4.98473282	      0.00000000	    -10.47644537	    -12.28037874	      0.00000000	    -11.46199986	     -5.80494572	    -16.42311569	     -5.65136571	     11.13300751	     -4.98473282	      0.00000000	      0.79518303	     -1.38673172	      0.00000000
      7.53333333	    -12.28935677	     -1.75472496	   -176.83796313	      0.41518607	      0.06288259	     -0.53513189	    -21.85956792	     -0.86888701	     -0.62425909	     -8.77901388	     -2.99961844	      0.04548959	      0.00229159	     -0.00473580	      0.00942077	      0.00000000	      0.00000000	      0.00000000	     -0.00351678	      0.02856286	      0.00136706	      0.00000000	      0.00000000	      0.00000000	      0.02999260	      0.01536559	     -0.02203968	    209.11857359	     30.68242342	    -90.88221649	     23.62964045	      0.00000000	      0.00000000	      0.00000000	      0.00000000	   -195.79154471	     21.38112285	     27.75142534	      0.00000000	      0.00000000	      0.00000000	      0.00000000	      0.00000000	     -7.42454927	     -8.05295345	     -4.11705814	    -10.95375502	     -7.88226074	     -4.98473282	      0.00000000	     -9.00492960	    -11.86756203	      0.00000000	     -8.35870370	     -6.12034195	    -13.58955879	     -9.61042823	      9.31978139	     -4.98473282	      0.00000000	      1.95909093	     -2.22597412	      0.00000000
      7.56666667	    -10.85600943	     -1.14590722	   -177.09887585	      0.42146982	      0.06083304	     -0.53679906	    -21.67105591	     -0.46862380	     -0.62633427	     -7.44248868	     -2.71371023	     -0.81498217	     -0.00099116	     -0.00723580	      0.00730327	      0.00000000	      0.00000000	      0.00000000	     -0.00761470	      0.02765348	     -0.00004907	      0.00000000	      0.00000000	      0.00000000	      0.03020261	      0.01491471	     -0.01990936	    209.52371258	     31.24703208	    -95.80415262	     25.84488282	      0.00000000	      0.00000000	      0.00000000	      0.00000000	   -196.35078827	     19.82366881	     25.33587804	      0.57222690	      0.00000000	      0.00000000	      0.00000000	      0.00000000	     -3.20851002	     -7.80828159	     -4.07645599	    -15.25339975	     -7.28813097	     -4.98473282	      0.00000000	     -7.67702104	    -10.73866335	      0.00000000	     -3.99908198	     -7.23278257	    -12.10584929	    -14.59196180	      8.49498854	     -4.98473282	      0.00000000	      4.06517982	     -1.94191194	      0.00000000
      7.60000000	     -9.11184612	     -0.10517275	   -177.32086952	      0.42695351	      0.05725063	     -0.53844556	    -21.13211003	      0.45591055	     -0.72654358	     -5.53339076	     -2.68500533	     -1.85329846	     -0.00442175	     -0.01210331	      0.00460787	      0.00000000	      0.00000000	      0.00000000	     -0.00875922	      0.02824078	     -0.00087834	      0.00000000	      0.00000000	      0.00000000	      0.02907266	      0.01458570	     -0.01895617	    208.49783138	     31.79753651	   -102.08720353	     27.75806619	      0.00000000	      0.00000000	      0.00000000	      0.00000000	   -196.67219105	     19.11891712	     26.87178588	      0.00000000	      0.00000000	      0.00000000	      0.00000000	      0.00000000	      1.39237501	     -7.17350334	     -4.49420903	    -19.80614984	     -6.54794367	     -4.98473282	      0.00000000	     -6.05036732	     -9.40539865	      0.00000000	      0.57729994	     -9.02974978	    -11.93407088	    -19.54123031	      8.59891398	     -4.98473282	      0.00000000	      6.59363314	     -0.88061428	      0.00000000
      7.63333333	     -5.45761190	      0.22848221	   -177.29329443	      0.43277527	      0.05082769	     -0.53968628	    -18.31561903	      0.57056159	     -1.28453972	     -5.20577680	     -2.68472903	     -1.91968996	     -0.01021989	     -0.01593784	      0.00424945	      0.00000000	      0.00000000	      0.00000000	     -0.00950378	      0.02675559	      0.00369784	      0.00000000	      0.00000000	      0.00000000	      0.02919498	      0.01603079	     -0.02046137	    205.72958696	     32.68559328	   -108.91115736	     28.01082789	      0.00000000	      0.00000000	      0.00000000	      0.00000000	   -196.34929491	     19.70722342	     40.35373117	      0.00000000	      0.00000000	      0.00000000	      0.00000000	      0.00000000	      8.39679606	     -7.41390131	     -4.54193342	    -25.35867285	     -6.70966034	     -4.98473282	      0.00000000	     -2.76594075	     -7.75803966	      0.00000000	      7.51645760	    -10.04824271	    -10.79201569	    -25.07945311	      7.96261832	     -4.98473282	      0.00000000	      9.60806863	      1.45434925	      0.00000000
      7.66666667	     -2.76437979	      0.48768326	   -176.94341262	      0.43671076	      0.04286286	     -0.54079298	    -16.44401186	      0.71568095	     -1.40310639	     -3.06739679	     -2.43691967	     -2.77242607	     -0.01228770	     -0.02243630	      0.00322306	      0.00000000	      0.00000000	      0.00000000	     -0.00828628	      0.02134747	      0.00268997	      0.00000000	      0.00000000	      0.00000000	      0.03205762	      0.01813309	     -0.02340035	    204.89278276	     30.53618501	   -107.17755405	     27.25620043	      0.00000000	      0.00000000	      0.00000000	      0.00000000	   -195.22786187	     20.42965916	     57.70773006	      0.59191304	      0.00000000	      0.00000000	      0.00000000	      0.00000000	     13.92182531	     -8.08243068	     -6.45740458	    -30.16470504	     -6.50831293	     -4.98473282	      0.00000000	      0.42334533	     -5.71431304	      0.00000000	     13.18177788	    -11.16876370	    -10.01352061	    -30.14314396	      7.76626086	     -4.98473282	      0.00000000	     12.31438996	      5.63914511	      0.00000000
      7.70000000	     -0.62454049	      0.47625703	   -177.01565999	      0.43911944	      0.03219612	     -0.54160898	    -14.92614819	      0.41620718	     -1.04923986	     -0.80464569	     -1.99272393	     -2.95979702	     -0.01214151	     -0.02764215	      0.00351048	      0.00000000	      0.00000000	      0.00000000	     -0.00736498	      0.01467924	      0.00081651	      0.00000000	      0.00000000	      0.00000000	      0.03665778	      0.01792839	     -0.02436672	    204.94984620	     28.34670858	   -103.35139864	     25.46572914	      0.00000000	      0.00000000	      0.00000000	      0.00000000	   -194.56983708	     19.91736205	     62.61472624	      1.63608805	      0.00000000	      0.00000000	      0.00000000	      0.00000000	     18.75576909	     -9.26518312	     -7.21274619	    -34.91705240	     -6.15232461	     -4.18241906	      0.00000000	      3.99424046	     -4.27995562	      0.00000000	     17.97954994	    -12.24833221	    -10.61261494	    -35.10734567	      7.96785535	     -4.98473282	      0.00000000	     14.46070072	      9.54419421	      0.00000000
      7.73333333	      2.34421558	      0.56463279	   -176.21393361	      0.44181846	      0.01836322	     -0.54102967	    -12.26967840	      0.50838387	     -1.52700108	      0.36195029	     -1.91010237	     -2.79209241	     -0.01179062	     -0.02997828	      0.00461589	      0.00000000	      0.00000000	      0.00000000	     -0.00393612	      0.01038294	     -0.00342251	      0.00000000	      0.00000000	      0.00000000	      0.03552790	      0.01435568	     -0.02147274	    206.09517923	     26.26921055	    -97.27972572	     23.97926114	      0.00000000	      0.00000000	      0.00000000	      0.00000000	   -195.83530999	     19.54686519	     65.14405357	      4.40993763	      0.00000000	      0.00000000	      0.00000000	      0.00000000	     24.21720352	    -11.32714336	     -5.73503791	    -40.06411963	     -7.26945509	     -0.79148394	      0.00000000	      7.15126756	     -3.48148556	      0.00000000	     24.36715465	    -12.85157896	     -9.99040631	    -40.56744709	      7.14974108	     -4.98473282	      0.00000000	     16.08937865	     13.66040194	      0.00000000
      7.76666667	      2.59839440	      0.49461579	   -176.34291065	      0.44222120	      0.00342103	     -0.54089406	    -12.67472531	      0.24654392	     -0.98292917	      2.68271318	     -1.30908377	     -1.89742058	     -0.00819278	     -0.03167341	      0.00674169	      0.00000000	      0.00000000	      0.00000000	     -0.00383253	      0.01142322	     -0.00389585	      0.00000000	      0.00000000	      0.00000000	      0.03017244	      0.00983348	     -0.01525591	    207.58466756	     25.55292366	    -94.99421545	     23.98456363	      0.00000000	      0.00000000	      0.00000000	      0.00000000	   -197.56961422	     18.92205348	     62.84948387	      6.91713505	      0.00000000	      0.00000000	      0.00000000	      0.00000000	     26.60295479	    -12.76320338	     -5.10710241	    -44.33073842	     -5.76133916	      0.96253146	      0.00000000	      9.88345295	     -3.21072182	      0.00000000	     26.92333676	    -14.01835630	    -11.31441696	    -45.39486918	      7.63076033	     -4.98473282	      0.00000000	     18.27175916	     15.52900046	      0.00000000
      7.80000000	      5.25236609	      0.54399702	   -176.44920211	      0.44434818	     -0.01429897	     -0.53985237	    -10.19321670	      0.18003152	     -0.45792147	      2.11834649	     -1.50579256	     -1.00474361	     -0.00667058	     -0.02982426	      0.00944374	      0.00000000	      0.00000000	      0.00000000	     -0.00019849	      0.01586982	     -0.00355206	      0.00000000	      0.00000000	      0.00000000	      0.02755356	      0.00397780	     -0.01184606	    209.18452714	     24.97296864	    -91.20475926	     25.03813456	      0.00000000	      0.00000000	      0.00000000	      0.00000000	   -198.28337358	     18.78917731	     53.98408474	      6.92258979	      0.00000000	      0.00000000	      0.00000000	      0.00000000	     32.07171296	    -14.13674918	     -2.86643352	    -49.08736951	     -2.87263236	      3.17095587	      0.00000000	     11.65376264	     -5.75230423	      0.00000000	     32.66089849	    -14.73631972	    -11.26037589	    -50.97209211	      6.01351985	     -4.98473282	      0.00000000	     20.95265665	     18.03379763	      0.00000000
      7.83333333	      5.23114452	      0.18906353	   -176.47407609	      0.44556710	     -0.03063032	     -0.53899862	    -11.16402568	     -0.21753659	     -0.39127187	      2.85709703	     -1.46356586	      0.96698744	     -0.00410320	     -0.02979313	      0.01349518	      0.00000000	      0.00000000	      0.00000000	      0.00480747	      0.02112002	     -0.00187022	      0.00000000	      0.00000000	      0.00000000	      0.02321605	      0.00420350	     -0.00791989	    210.31229372	     24.42781932	    -91.73445245	     26.96815195	      0.00000000	      0.00000000	      0.00000000	      0.00000000	   -198.89399090	     18.46814960	     50.19750910	      7.81630383	      0.00000000	      0.00000000	      0.00000000	      0.00000000	     34.63415318	    -15.41855077	     -2.25376934	    -53.51744724	      0.14394714	      3.63634109	      0.00000000	     12.77657409	     -7.50859177	      0.00000000	     34.97729816	    -15.41726570	    -11.71941288	    -55.78046447	      6.50386781	     -4.98473282	      0.00000000	     23.20686999	     18.88663014	      0.00000000
      7.86666667	      5.89446809	     -0.12611849	   -175.54130552	      0.44769923	     -0.04703398	     -0.53738888	    -11.51801252	     -0.30638759	     -1.52361045	      2.65596462	     -1.82179951	      2.20298866	     -0.00328743	     -0.02972573	      0.01659983	      0.00000000	      0.00000000	      0.00000000	      0.01384888	      0.02312214	     -0.00065459	      0.00000000	      0.00000000	      0.00000000	      0.01718861	      0.00664686	     -0.01181982	    209.80415923	     22.98452986	    -91.68070637	     26.63230504	      0.00000000	      0.00000000	      0.00000000	      0.00000000	   -197.10841611	     19.37526925	     49.59508027	      5.21659480	      0.00000000	      0.00000000	      0.00000000	      0.00000000	     37.56034844	    -17.33558597	     -2.47309199	    -57.74966494	      3.16132571	      4.15743049	      0.00000000	     13.97986011	    -10.12959076	      0.00000000	     38.72439777	    -15.17123380	    -10.43198669	    -60.75023049	      6.85292820	     -4.74800699	      0.00000000	     24.75508307	     18.19059973	      0.00000000
      7.90000000	      5.71353025	     -0.13548335	   -174.39223497	      0.44915707	     -0.06253714	     -0.53688144	    -13.05611414	     -0.06515189	     -2.44880503	      3.17960950	     -1.80890186	      2.68232662	     -0.00284400	     -0.03144593	      0.01895489	      0.00000000	      0.00000000	      0.00000000	      0.01804068	      0.02401458	     -0.00192367	      0.00000000	      0.00000000	      0.00000000	      0.01490845	      0.01121883	     -0.01196174	    209.58909650	     21.23223107	    -91.82447088	     25.71112630	      0.00000000	      0.00000000	      0.00000000	      0.00000000	   -195.83877046	     19.05561882	     50.40448129	      4.25329831	      0.00000000	      0.00000000	      0.00000000	      0.00000000	     39.12894358	    -19.12038056	     -2.96321055	    -61.59309892	      4.84645211	      4.98473282	      0.00000000	     15.81112871	    -10.88649016	      0.00000000	     41.73815702	    -15.57439572	    -10.04940069	    -65.53942270	      7.74393693	     -4.97845065	      0.00000000	     26.03809408	     17.98811118	      0.00000000
      7.93333333	      9.97596758	      1.38494689	   -172.07008068	      0.45261436	     -0.08091521	     -0.53636509	     -9.07604307	      1.73672084	     -4.78511506	      3.83703412	     -2.22589240	      3.34928046	      0.00209823	     -0.03433796	      0.01942165	      0.00000000	      0.00000000	      0.00000000	      0.02155553	      0.02258313	     -0.00312519	      0.00000000	      0.00000000	      0.00000000	      0.01259706	      0.01404581	     -0.01390297	    208.14481397	     20.43632250	    -89.74866159	     23.10453145	      0.00000000	      0.00000000	      0.00000000	      0.00000000	   -195.65225593	     19.92121847	     57.65063331	      3.93977233	      0.00000000	      0.00000000	      0.00000000	      0.00000000	     45.27100734	    -20.80773152	     -7.78914638	    -66.08053486	      8.22797598	      2.83923572	      0.00000000	     16.55028907	    -14.46334796	      0.00000000	     51.25067498	    -15.56760218	     -6.48067965	    -71.51282078	     12.30554588	     -4.14962196	      0.00000000	     25.93628390	     10.61031619	      0.00000000
      7.96666667	     10.26408574	      1.98411472	   -170.10612005	      0.45333929	     -0.09692331	     -0.53580289	     -9.90155807	      2.81379833	     -6.43727105	      5.92190115	     -2.19411172	      3.36282684	      0.00569552	     -0.03857882	      0.01921443	      0.00000000	      0.00000000	      0.00000000	      0.01655620	      0.02162717	     -0.00301415	      0.00000000	      0.00000000	      0.00000000	      0.01230683	      0.01528460	     -0.01550761	    207.63584885	     20.24897084	    -91.22422266	     22.24102265	      0.00000000	      0.00000000	      0.00000000	      0.00000000	   -194.66048336	     19.97105179	     60.47329354	      2.31919558	      0.00000000	      0.00000000	      0.00000000	      0.00000000	     46.45193813	    -23.01579060	     -8.91216680	    -69.30146872	      9.09759149	      3.80712385	      0.00000000	     19.28155558	    -14.35369214	      0.00000000	     55.10632808	    -15.26177089	     -5.92695928	    -75.96684621	     13.10168332	     -4.98473282	      0.00000000	     27.17263526	      9.80543459	      0.00000000
      8.00000000	     13.63807226	      4.19528855	   -168.99614641	      0.45551534	     -0.11493466	     -0.53614710	     -6.92457085	      4.98978208	     -7.49473966	      7.04623260	     -2.54340555	      3.88901807	      0.00734027	     -0.04161091	      0.01934460	      0.00000000	      0.00000000	      0.00000000	      0.01219603	      0.02229591	     -0.00230097	      0.00000000	      0.00000000	      0.00000000	      0.01151261	      0.01342720	     -0.01528713	    207.39972418	     21.39603595	    -96.26658763	     23.09177773	      0.00000000	      0.00000000	      0.00000000	      0.00000000	   -195.75711397	     20.58484733	     71.01241755	      4.08931101	      0.00000000	      0.00000000	      0.00000000	      0.00000000	     51.31162225	    -23.63711609	    -12.41501224	    -72.94122968	      8.31132546	      2.06046376	      0.00000000	     22.09077751	    -10.63956795	      0.00000000	     62.95537674	    -16.12058060	     -2.81003450	    -80.37745304	     14.42779224	     -3.70280623	      0.00000000	     27.78529133	      8.53755571	      0.00000000
      8.03333333	     14.40744879	      4.92736374	   -168.59054903	      0.45728559	     -0.13132803	     -0.53523558	     -7.56421381	      6.00687904	     -7.62141446	     10.66226567	     -2.30445816	      3.60252784	      0.01189680	     -0.04624008	      0.01783431	      0.00000000	      0.00000000	      0.00000000	      0.01387486	      0.02071269	     -0.00272562	      0.00000000	      0.00000000	      0.00000000	      0.01358490	      0.00684939	     -0.01447045	    207.12122396	     19.62441152	    -96.38657851	     23.27372158	      0.00000000	      0.00000000	      0.00000000	      0.00000000	   -196.25282761	     19.78871434	     74.61008866	      4.70423327	      0.00000000	      0.00000000	      0.00000000	      0.00000000	     53.60160907	    -24.59278983	    -12.83537829	    -75.93902728	      7.90556924	      2.16740613	      0.00000000	     23.79367360	     -8.77548065	      0.00000000	     66.49497552	    -16.63946946	     -2.19696105	    -83.89422545	     13.98201560	     -3.53003731	      0.00000000	     28.71861818	      9.41593676	      0.00000000
      8.06666667	     16.59710881	      5.19182297	   -169.53654016	      0.46016853	     -0.14893663	     -0.53391525	     -6.76737346	      6.10073124	     -6.82558980	     11.82574502	     -2.34917692	      3.79219132	      0.01149664	     -0.04817170	      0.01782909	      0.00000000	      0.00000000	      0.00000000	      0.01905210	      0.01877688	     -0.00294723	      0.00000000	      0.00000000	      0.00000000	      0.01419412	      0.00041416	     -0.01165974	    205.97417121	     17.59127482	    -94.50507734	     21.71752946	      0.00000000	      0.00000000	      0.00000000	      0.00000000	   -197.62802318	     19.24308382	     78.20295836	      6.51769371	      0.00000000	      0.00000000	      0.00000000	      0.00000000	     58.41633100	    -24.86249814	    -11.96034751	    -79.23305408	      6.97374048	      1.58758917	      0.00000000	     25.34592189	     -5.87504207	      0.00000000	     70.98227694	    -17.84012682	     -0.86315112	    -86.94472330	     12.85288443	     -1.64976014	      0.00000000	     29.33727326	     11.34098016	      0.00000000
      8.10000000	     17.29469810	      4.49442624	   -170.70583921	      0.46394981	     -0.16530436	     -0.53232728	     -8.31727585	      5.33695028	     -5.72480674	     14.88234663	     -2.36815580	      3.77585545	      0.01282255	     -0.05142329	      0.01885835	      0.00000000	      0.00000000	      0.00000000	      0.02168685	      0.01809276	     -0.00230351	      0.00000000	      0.00000000	      0.00000000	      0.01469671	     -0.00270957	     -0.00942846	    204.81871061	     15.49740581	    -94.13115923	     20.55075053	      0.00000000	      0.00000000	      0.00000000	      0.00000000	   -198.05246971	     17.34671878	     77.55704748	      7.48473491	      0.00000000	      0.00000000	      0.00000000	      0.00000000	     62.04769079	    -25.08714934	    -10.61572770	    -82.43565206	      6.86729493	      0.74297240	      0.00000000	     25.82079356	     -5.71382256	      0.00000000	     73.24775055	    -19.03604657	     -0.43675692	    -89.65942385	     13.38289084	     -0.18351480	      0.00000000	     29.89238566	     11.51031140	      0.00000000
      8.13333333	     19.28582424	      3.40222402	   -172.08620749	      0.46892305	     -0.18259461	     -0.53074346	     -8.25271708	      3.84271391	     -4.66618388	     16.09840201	     -2.18161200	      3.71673367	      0.01157699	     -0.05389556	      0.01949945	      0.00000000	      0.00000000	      0.00000000	      0.02347126	      0.01784379	      0.00048646	      0.00000000	      0.00000000	      0.00000000	      0.01655304	     -0.00030616	     -0.00829569	    203.01951668	     14.07848089	    -93.09289056	     18.08830686	      0.00000000	      0.00000000	      0.00000000	      0.00000000	   -197.90917850	     15.32900958	     73.74949512	      7.67250550	      0.00000000	      0.00000000	      0.00000000	      0.00000000	     67.98781024	    -25.27472028	     -8.53725387	    -86.25248253	      6.79049536	     -0.49041736	      0.00000000	     25.66650276	     -5.71071562	      0.00000000	     76.90270342	    -20.01326151	      0.60490113	    -92.27037770	     14.89690267	      2.10206209	      0.00000000	     29.72993853	     10.35234528	      0.00000000
      8.16666667	     20.64990291	      2.53335620	   -173.30709261	      0.47412211	     -0.19927432	     -0.53013213	     -8.98184501	      2.65138888	     -3.56882730	     18.11624140	     -2.25677552	      3.68166197	      0.01028237	     -0.05744006	      0.02057117	      0.00000000	      0.00000000	      0.00000000	      0.02050315	      0.01872956	      0.00199092	      0.00000000	      0.00000000	      0.00000000	      0.01548830	      0.00414541	     -0.00800155	    201.92112946	     13.17083575	    -94.26118104	     16.87720528	      0.00000000	      0.00000000	      0.00000000	      0.00000000	   -197.39250125	     13.32536458	     70.72291386	      7.26296657	      0.00000000	      0.00000000	      0.00000000	      0.00000000	     73.23432831	    -24.90832539	     -7.19656859	    -90.06789610	      6.69204757	     -2.23557495	      0.00000000	     25.59627996	     -5.82593755	      0.00000000	     80.27125514	    -21.16787357	      1.63507714	    -95.15459260	     14.89690267	      3.68811597	      0.00000000	     29.87751525	     11.71319390	      0.00000000
      8.20000000	     21.42438326	      2.16720095	   -174.04814864	      0.47891821	     -0.21587496	     -0.53022157	    -10.22488386	      2.06089816	     -2.86444587	     20.70462143	     -2.52572999	      3.47189022	      0.00993603	     -0.06161400	      0.02197445	      0.00000000	      0.00000000	      0.00000000	      0.01875613	      0.01810606	      0.00018041	      0.00000000	      0.00000000	      0.00000000	      0.01169027	      0.00521309	     -0.00540857	    201.52299289	     11.92833291	    -95.82762504	     16.46686264	      0.00000000	      0.00000000	      0.00000000	      0.00000000	   -197.76137791	     11.87545622	     70.24684865	      7.13400328	      0.00000000	      0.00000000	      0.00000000	      0.00000000	     77.63131736	    -24.54125849	     -6.45689340	    -93.95702512	      6.41174302	     -3.79389861	      0.00000000	     25.25264326	     -5.69627514	      0.00000000	     83.59727826	    -22.16755733	      2.56755155	    -98.47065970	     14.89690267	      4.18812872	      0.00000000	     29.79647470	     12.98433156	      0.00000000
      8.23333333	     22.15398943	      2.16697935	   -174.45200737	      0.48313946	     -0.23343716	     -0.52999741	    -11.07406570	      1.98027654	     -2.27058585	     22.51351711	     -2.54171462	      3.12138547	      0.01000500	     -0.06507242	      0.02191483	      0.00000000	      0.00000000	      0.00000000	      0.01964946	      0.01619176	     -0.00297050	      0.00000000	      0.00000000	      0.00000000	      0.00927212	      0.00047279	     -0.00030475	    201.38976445	     10.72388028	    -97.63866878	     16.98397250	      0.00000000	      0.00000000	      0.00000000	      0.00000000	   -199.27810668	     11.11974671	     69.76354788	      7.23008696	      0.00000000	      0.00000000	      0.00000000	      0.00000000	     82.14120876	    -24.52656831	     -6.02809705	    -98.04362938	      5.34471427	     -4.98473282	      0.00000000	     23.61629407	     -5.50885741	      0.00000000	     87.36218319	    -22.88397755	      3.48447025	   -102.05203374	     14.89690267	      3.93460490	      0.00000000	     29.22919197	     13.70638793	      0.00000000
      8.26666667	     23.85856342	      2.50295476	   -174.80057148	      0.48685321	     -0.25219921	     -0.52891710	    -10.47634890	      2.24998731	     -1.63338268	     23.92260693	     -2.38526211	      2.46389622	      0.01104715	     -0.06801259	      0.02080924	      0.00000000	      0.00000000	      0.00000000	      0.02291115	      0.01527999	     -0.00740759	      0.00000000	      0.00000000	      0.00000000	      0.01024355	     -0.00664364	      0.00679671	    201.90912430	      9.71536279	   -100.78600563	     19.14729471	      0.00000000	      0.00000000	      0.00000000	      0.00000000	   -201.62537326	     10.17324786	     67.11477098	      8.15596774	      0.00000000	      0.00000000	      0.00000000	      0.00000000	     87.46269888	    -24.70150231	     -5.00097883	   -101.54531105	      3.72781849	     -4.98473282	      0.00000000	     21.99393341	     -5.16070693	      0.00000000	     92.39690566	    -23.24673164	      3.79255468	   -105.82423838	     14.44481356	      2.66378294	      0.00000000	     29.07088558	     13.80468237	      0.00000000
      8.30000000	     24.83718982	      2.46090599	   -174.79623293	      0.48931964	     -0.27099226	     -0.52757539	    -10.59365369	      2.08070177	     -1.70740099	     23.82463807	     -1.68421757	      2.42482827	      0.00821664	     -0.07009648	      0.02033466	      0.00000000	      0.00000000	      0.00000000	      0.02301869	      0.01683851	     -0.00955565	      0.00000000	      0.00000000	      0.00000000	      0.01804398	     -0.01489505	      0.00577469	    202.93390023	     10.08738881	   -106.87775062	     23.11087127	      0.00000000	      0.00000000	      0.00000000	      0.00000000	   -199.75410783	      7.34501353	     44.10976672	      3.11247825	      0.00000000	      0.00000000	      0.00000000	      0.00000000	     91.76620667	    -25.59188451	     -4.05416527	   -104.76498246	      0.77444650	     -4.98473282	      0.00000000	     22.30513871	     -2.22135452	      0.00000000	     96.12163786	    -23.27835261	      0.71282265	   -109.63670833	     10.83746641	     -1.16779887	      0.00000000	     29.55748042	     16.40523274	      0.00000000
      8.33333333	     24.30667993	      2.40693675	   -174.78372428	      0.49080998	     -0.28951397	     -0.52617913	    -12.33146470	      2.05140869	     -1.53438960	     23.99172869	     -1.66241331	      2.36317463	      0.00636643	     -0.07095395	      0.02094314	      0.00000000	      0.00000000	      0.00000000	      0.02214204	      0.01784281	     -0.00772076	      0.00000000	      0.00000000	      0.00000000	      0.01983243	     -0.01393580	      0.00524145	    202.56732803	      9.09868674	   -106.96406430	     23.77192848	      0.00000000	      0.00000000	      0.00000000	      0.00000000	   -199.14902158	      6.29255318	     44.02848904	      2.64786862	      0.00000000	      0.00000000	      0.00000000	      0.00000000	     93.80104163	    -26.32868118	     -3.42978331	   -107.70773996	     -0.10995420	     -4.98473282	      0.00000000	     23.07277293	     -2.69443491	      0.00000000	     98.17458512	    -23.58655424	      1.14484792	   -112.66890932	     10.47824698	     -1.36690861	      0.00000000	     29.76455580	     16.14671474	      0.00000000
      8.36666667	     26.90738153	      1.52535089	   -174.87852594	      0.49246956	     -0.30955103	     -0.52578965	    -10.05565350	      0.44121376	     -1.46618355	     23.65242470	     -1.10018907	      1.36009011	      0.00773690	     -0.07217769	      0.02106808	      0.00000000	      0.00000000	      0.00000000	      0.01875546	      0.01643972	     -0.00745378	      0.00000000	      0.00000000	      0.00000000	      0.02258798	     -0.00954121	      0.00311998	    203.65668948	      8.89716344	   -103.55263857	     24.56683415	      0.00000000	      0.00000000	      0.00000000	      0.00000000	   -196.89210149	      6.85185445	     40.93121092	      0.00000000	      0.00000000	      0.00000000	      0.00000000	      0.00000000	    100.07241914	    -26.62686402	     -1.07666672	   -110.82458947	     -1.57814267	     -4.98473282	      0.00000000	     23.58182394	     -1.30014876	      0.00000000	    102.85245289	    -23.84767134	     -3.10100143	   -115.92380148	      8.78377853	     -4.67289272	      0.00000000	     28.33496046	     14.46798031	      0.00000000
      8.40000000	     26.89676730	      0.93741004	   -174.83485822	      0.49297252	     -0.32786508	     -0.52618120	    -10.80717348	     -0.59428329	     -1.51150717	     24.07759978	     -0.83214443	      1.21983948	      0.00879273	     -0.07309781	      0.02227221	      0.00000000	      0.00000000	      0.00000000	      0.01286637	      0.01234910	     -0.00454157	      0.00000000	      0.00000000	      0.00000000	      0.02628181	     -0.00346377	      0.00440487	    203.22681850	      8.95306441	   -102.13152570	     23.56672518	      0.00000000	      0.00000000	      0.00000000	      0.00000000	   -195.87582052	      6.28355062	     42.52321948	      0.00000000	      0.00000000	      0.00000000	      0.00000000	      0.00000000	    102.79958154	    -26.77844443	      0.93557869	   -113.83748895	     -1.90686900	     -4.87591744	      0.00000000	     24.56646568	      0.25632043	      0.00000000	    104.75695962	    -24.18665289	     -3.45703338	   -118.57482352	      8.31922242	     -4.98473282	      0.00000000	     27.98378597	     13.86952027	      0.00000000
      8.43333333	     26.82451629	      0.77140786	   -174.88505756	      0.49289737	     -0.34550558	     -0.52758721	    -11.38650839	     -1.16776940	     -1.19647354	     24.11728073	     -0.83946293	      0.96785187	      0.00891298	     -0.07413036	      0.02302833	      0.00000000	      0.00000000	      0.00000000	      0.00809731	      0.00756794	     -0.00255587	      0.00000000	      0.00000000	      0.00000000	      0.02759855	      0.00000582	      0.00461158	    202.60649201	      9.48617198	   -103.66744648	     22.54403250	      0.00000000	      0.00000000	      0.00000000	      0.00000000	   -194.99212100	      6.53111513	     45.90221618	      0.00000000	      0.00000000	      0.00000000	      0.00000000	      0.00000000	    105.22637898	    -26.63842765	      2.29663539	   -116.73694788	     -2.44888317	     -4.96718852	      0.00000000	     24.99022033	      1.76948994	      0.00000000	    106.88902433	    -24.60382885	     -2.66977573	   -121.16015502	      8.81903748	     -4.98473282	      0.00000000	     27.96765840	     13.24423649	      0.00000000
      8.46666667	     26.13195622	      0.88116691	   -174.89855838	      0.49215469	     -0.36170569	     -0.52909414	    -12.54249157	     -1.28673808	     -0.97518858	     24.61777221	     -0.85970863	      1.08601634	      0.00971651	     -0.07553054	      0.02350649	      0.00000000	      0.00000000	      0.00000000	      0.00970373	      0.00423216	     -0.00329012	      0.00000000	      0.00000000	      0.00000000	      0.02774006	      0.00040510	      0.00416024	    202.64631412	      9.18743373	   -104.98231679	     22.30329391	      0.00000000	      0.00000000	      0.00000000	      0.00000000	   -194.36937690	      6.59977575	     46.57361973	      0.00000000	      0.00000000	      0.00000000	      0.00000000	      0.00000000	    106.65298139	    -26.56178549	      3.39474667	   -119.47284401	     -2.15317533	     -4.98473282	      0.00000000	     25.39843120	      2.12968256	      0.00000000	    108.52858431	    -24.88800273	     -1.27003047	   -123.66872021	      9.62352379	     -4.98473282	      0.00000000	     28.48992611	     13.62502791	      0.00000000
      8.50000000	     26.42160749	      1.39257103	   -175.42583829	      0.49150232	     -0.37701322	     -0.53086069	    -12.35188521	     -1.09330613	     -0.46496619	     25.75383570	     -0.45961828	      2.03411263	      0.01355275	     -0.07753843	      0.02366522	      0.00000000	      0.00000000	      0.00000000	      0.01290295	      0.00181247	     -0.00269636	      0.00000000	      0.00000000	      0.00000000	      0.02610269	     -0.00155651	      0.00210305	    202.31206425	      9.81846594	   -109.41820204	     22.16623449	      0.00000000	      0.00000000	      0.00000000	      0.00000000	   -193.73748638	      7.25083841	     50.54850522	      0.12937008	      0.00000000	      0.00000000	      0.00000000	      0.00000000	    108.69701098	    -25.85320487	      3.64383420	   -121.76327968	     -2.21170955	     -4.98473282	      0.00000000	     25.47664329	      1.25965501	      0.00000000	    111.45456707	    -25.43569908	      0.67887171	   -126.10337841	     10.68978141	     -4.98473282	      0.00000000	     29.03492477	     13.14627785	      0.00000000
      8.53333333	     26.81411238	      2.06927821	   -175.73650412	      0.49126861	     -0.39050861	     -0.53136406	    -12.02488044	     -0.43849395	     -0.51498468	     25.83150327	      0.11825847	      3.57671506	      0.01492323	     -0.07933563	      0.02362963	      0.00000000	      0.00000000	      0.00000000	      0.01656851	      0.00188553	     -0.00437759	      0.00000000	      0.00000000	      0.00000000	      0.02527489	     -0.00442033	      0.00080574	    202.82153884	      9.98437355	   -108.93577890	     22.69777397	      0.00000000	      0.00000000	      0.00000000	      0.00000000	   -193.59697090	      7.79184850	     58.55739589	      0.75278804	      0.00000000	      0.00000000	      0.00000000	      0.00000000	    110.56528292	    -25.82517194	      3.58076258	   -123.87187322	     -1.20312634	     -4.93654881	      0.00000000	     25.32145972	     -0.55698355	      0.00000000	    114.27956491	    -25.43135068	      2.67542741	   -128.17775479	     11.78167652	     -4.98473282	      0.00000000	     28.96068419	     12.50805329	      0.00000000
      8.56666667	     26.63294325	      2.04538079	   -175.85008499	      0.49185835	     -0.40127110	     -0.53102678	    -12.65751672	     -0.37144833	     -0.68612826	     26.19574036	      0.31188359	      3.79792038	      0.01526104	     -0.08080022	      0.02303889	      0.00000000	      0.00000000	      0.00000000	      0.01695816	      0.00090091	     -0.00243619	      0.00000000	      0.00000000	      0.00000000	      0.02661190	     -0.00597313	      0.00210369	    202.36594662	      9.74786677	   -107.88199700	     22.14147167	      0.00000000	      0.00000000	      0.00000000	      0.00000000	   -193.59734745	      7.66317138	     59.69301032	      0.51530561	      0.00000000	      0.00000000	      0.00000000	      0.00000000	    112.04628421	    -25.93722883	      4.16138202	   -125.60755254	     -1.14107812	     -4.98473282	      0.00000000	     25.03934202	     -0.63380845	      0.00000000	    115.46596001	    -25.60031495	      3.45953869	   -129.65003048	     12.08141844	     -4.98473282	      0.00000000	     28.83232651	     12.87527861	      0.00000000
      8.60000000	     26.91481623	      2.25480562	   -176.00663873	      0.49287257	     -0.41004893	     -0.53044023	    -12.51417276	     -0.04717532	     -1.04638649	     26.40514935	      0.79054575	      4.53313462	      0.01718913	     -0.08195207	      0.02271576	      0.00000000	      0.00000000	      0.00000000	      0.01694917	     -0.00036971	      0.00071052	      0.00000000	      0.00000000	      0.00000000	      0.02744748	     -0.00696720	      0.00375782	    201.59041935	     10.07173633	   -106.29107152	     21.34815191	      0.00000000	      0.00000000	      0.00000000	      0.00000000	   -193.83395835	      7.96903130	     59.98024600	      0.00000000	      0.00000000	      0.00000000	      0.00000000	      0.00000000	    113.54503002	    -26.07015862	      4.30020900	   -126.80490849	     -1.36335382	     -4.89226258	      0.00000000	     25.06569568	     -0.62415388	      0.00000000	    116.92338469	    -25.59973711	      4.09929224	   -130.74655561	     11.50179496	     -4.98473282	      0.00000000	     29.37861088	     12.94582342	      0.00000000
      8.63333333	     27.58619417	      2.65221832	   -175.93310761	      0.49436811	     -0.41608367	     -0.53026068	    -11.82587096	      0.50334575	     -1.55995674	     26.08090409	      0.65293954	      5.46888570	      0.01726733	     -0.08234913	      0.02379101	      0.00000000	      0.00000000	      0.00000000	      0.01985295	     -0.00205461	      0.00303980	      0.00000000	      0.00000000	      0.00000000	      0.02908835	     -0.00794674	      0.00514364	    200.39434237	      9.98086634	   -104.96760877	     19.85681599	      0.00000000	      0.00000000	      0.00000000	      0.00000000	   -194.51785371	      8.02908449	     58.91232458	      0.00000000	      0.00000000	      0.00000000	      0.00000000	      0.00000000	    115.08012324	    -26.26948171	      3.98623690	   -127.48524533	     -2.27356703	     -4.98473282	      0.00000000	     24.98056654	     -0.40999182	      0.00000000	    118.69014778	    -25.28865259	      4.65181109	   -131.16355206	     10.22607383	     -4.98473282	      0.00000000	     30.09066391	     14.21347893	      0.00000000
      8.66666667	     27.16304549	      2.69274518	   -175.94324307	      0.49517791	     -0.41911579	     -0.53013020	    -12.18000903	      0.59886159	     -1.88500483	     26.05150281	      0.53131654	      5.40907637	      0.01804643	     -0.08160414	      0.02450235	      0.00000000	      0.00000000	      0.00000000	      0.02292314	     -0.00110090	      0.00291650	      0.00000000	      0.00000000	      0.00000000	      0.02906149	     -0.00827589	      0.00730264	    200.20093275	     10.29615391	   -104.98114358	     19.89054680	      0.00000000	      0.00000000	      0.00000000	      0.00000000	   -195.19360266	      8.27312525	     58.76031609	      0.00000000	      0.00000000	      0.00000000	      0.00000000	      0.00000000	    115.12787837	    -26.16548046	      4.02975874	   -127.84348542	     -2.69465319	     -4.98473282	      0.00000000	     24.97416638	     -0.60921181	      0.00000000	    118.98184420	    -25.45245393	      4.61668269	   -131.55618297	      9.93322350	     -4.98473282	      0.00000000	     30.52161816	     14.36767431	      0.00000000
      8.70000000	     26.24880947	      3.34816400	   -175.98460373	      0.49591767	     -0.41837521	     -0.53004628	    -13.07240940	      1.43587127	     -2.30215715	     26.17575862	     -0.07781204	      6.00968398	      0.01776345	     -0.07976685	      0.02669736	      0.00000000	      0.00000000	      0.00000000	      0.02558958	      0.00140113	      0.00277281	      0.00000000	      0.00000000	      0.00000000	      0.02674011	     -0.00915125	      0.00962040	    199.55261389	     11.03101944	   -107.79504754	     19.89957845	      0.00000000	      0.00000000	      0.00000000	      0.00000000	   -196.07685108	      7.86819384	     55.04645674	      0.00000000	      0.00000000	      0.00000000	      0.00000000	      0.00000000	    113.66563084	    -26.12844051	      2.93105120	   -127.57988544	     -3.04197051	     -4.98473282	      0.00000000	     24.30716461	     -2.05151102	      0.00000000	    118.74331955	    -25.27956862	      5.21258658	   -131.09064924	      4.90534091	     -4.98473282	      0.00000000	     31.52454487	     21.44318182	      0.00000000
      8.73333333	     25.83850964	      3.71312386	   -175.67287108	      0.49640288	     -0.41471638	     -0.52957110	    -13.25009772	      1.94627698	     -2.83151923	     25.34431478	     -0.26914909	      5.35071812	      0.01508889	     -0.07726810	      0.02701116	      0.00000000	      0.00000000	      0.00000000	      0.02875485	      0.00299765	      0.00093817	      0.00000000	      0.00000000	      0.00000000	      0.02329375	     -0.00865314	      0.00992180	    199.69039146	     10.74057492	   -106.98169441	     19.57370248	      0.00000000	      0.00000000	      0.00000000	      0.00000000	   -196.24622857	      8.08718254	     54.72240886	      0.00000000	      0.00000000	      0.00000000	      0.00000000	      0.00000000	    112.50082347	    -26.35306560	      2.59825222	   -127.05068332	     -2.73496440	     -4.98473282	      0.00000000	     24.08986388	     -2.85716511	      0.00000000	    118.01955432	    -24.72535571	      5.07751089	   -130.63339481	      4.74050474	     -4.98473282	      0.00000000	     31.68493094	     21.27224812	      0.00000000
      8.76666667	     26.13504242	      3.91143963	   -175.61266954	      0.49664576	     -0.40794100	     -0.52968224	    -12.66124376	      2.00562104	     -3.03611094	     25.08972342	     -0.17890366	      5.13642404	      0.01381209	     -0.07510888	      0.02849332	      0.00000000	      0.00000000	      0.00000000	      0.03045307	      0.00161052	      0.00116360	      0.00000000	      0.00000000	      0.00000000	      0.02190231	     -0.00568502	      0.00973664	    200.01935295	     10.30776089	   -106.83452476	     19.38150236	      0.00000000	      0.00000000	      0.00000000	      0.00000000	   -195.95215120	      8.17871377	     54.63623825	      0.28367857	      0.00000000	      0.00000000	      0.00000000	      0.00000000	    111.61631779	    -26.19657405	      2.16537153	   -125.97296911	     -2.49851013	     -4.98473282	      0.00000000	     24.24411473	     -3.16255749	      0.00000000	    117.35032029	    -24.47154653	      4.81100328	   -129.71916719	      4.64363197	     -4.98473282	      0.00000000	     31.99333132	     20.76372955	      0.00000000
      8.80000000	     25.92644863	      3.99083469	   -175.39072842	      0.49644745	     -0.39789184	     -0.52900731	    -12.74380694	      2.15963409	     -3.14224559	     23.89277258	      0.88997722	      3.64148913	      0.00888211	     -0.07307463	      0.02467639	      0.00000000	      0.00000000	      0.00000000	      0.03020315	      0.00077819	      0.00074053	      0.00000000	      0.00000000	      0.00000000	      0.02208840	     -0.00162140	      0.00944409	    200.77804328	      9.42772623	   -105.45246638	     20.12636402	      0.00000000	      0.00000000	      0.00000000	      0.00000000	   -195.66849604	      8.06225296	     55.53477942	      0.50943033	      0.00000000	      0.00000000	      0.00000000	      0.00000000	    109.83282442	    -26.30165793	      1.82856739	   -124.55892384	     -1.08589074	     -4.98473282	      0.00000000	     24.37496855	     -4.14580166	      0.00000000	    115.67145448	    -24.01130197	      4.35703177	   -128.63459460	      6.50124661	     -4.98473282	      0.00000000	     31.70806210	     17.62060034	      0.00000000
      8.83333333	     26.80830980	      3.52158493	   -175.47533404	      0.49568627	     -0.38577455	     -0.52863747	    -11.58574964	      1.50774790	     -2.94975035	     23.80144957	      1.12415386	      2.99803374	      0.00728443	     -0.07259916	      0.02436461	      0.00000000	      0.00000000	      0.00000000	      0.02806729	     -0.00022820	     -0.00021581	      0.00000000	      0.00000000	      0.00000000	      0.02122718	      0.00167841	      0.00986488	    201.81772360	      9.03074089	   -104.62948076	     21.39757196	      0.00000000	      0.00000000	      0.00000000	      0.00000000	   -195.85221122	      8.25777479	     62.59039952	      1.83430405	      0.00000000	      0.00000000	      0.00000000	      0.00000000	    109.15935729	    -25.88298893	      1.77086037	   -122.54730116	     -1.20334990	     -4.98473282	      0.00000000	     24.61838401	     -3.50603838	      0.00000000	    114.49487932	    -23.98855945	      3.08872436	   -127.38650762	     11.44121112	     -4.98473282	      0.00000000	     30.44209697	      9.84208775	      0.00000000
      8.86666667	     27.41015716	      2.76726364	   -175.63703505	      0.49478874	     -0.37112644	     -0.52843376	    -10.93714141	      0.55287986	     -2.79515710	     24.24923214	      1.31393807	      3.03005864	      0.00539622	     -0.07343624	      0.02484020	      0.00000000	      0.00000000	      0.00000000	      0.02397086	     -0.00022677	     -0.00354062	      0.00000000	      0.00000000	      0.00000000	      0.01871253	      0.00204240	      0.01002677	    203.43408033	      8.39862460	   -102.27758743	     23.10453902	      0.00000000	      0.00000000	      0.00000000	      0.00000000	   -196.01945106	      7.70177162	     65.36056953	      2.58726714	      0.00000000	      0.00000000	      0.00000000	      0.00000000	    108.02005068	    -25.26160296	      1.67508131	   -120.02678645	     -2.29932025	     -4.98473282	      0.00000000	     24.60747155	     -1.90882773	      0.00000000	    112.54861699	    -24.12213574	      1.46833599	   -125.19735333	     11.09207322	     -4.98473282	      0.00000000	     29.57440769	      9.91432960	      0.00000000
      8.90000000	     28.36328386	      2.48311488	   -175.75305343	      0.49394495	     -0.35555181	     -0.52754792	     -9.73069393	      0.45137721	     -2.86318521	     24.32288540	      1.18472782	      2.98499046	      0.00298618	     -0.07446813	      0.02301144	      0.00000000	      0.00000000	      0.00000000	      0.01890872	     -0.00074123	     -0.00469735	      0.00000000	      0.00000000	      0.00000000	      0.01320191	     -0.00152736	      0.00688071	    203.38559783	      8.52333515	   -101.89133334	     23.26815978	      0.00000000	      0.00000000	      0.00000000	      0.00000000	   -196.22493217	      7.17959530	     65.52505456	      2.62974037	      0.00000000	      0.00000000	      0.00000000	      0.00000000	    106.87757059	    -24.79249676	      1.14362343	   -117.35060136	     -2.25599192	     -4.98473282	      0.00000000	     24.02335385	     -1.69654708	      0.00000000	    111.15272290	    -24.01767566	      0.43853168	   -122.92001887	     11.14667446	     -4.83455325	      0.00000000	     28.45120840	     10.06769514	      0.00000000
      8.93333333	     28.52692668	      0.89342603	   -175.54641276	      0.49411065	     -0.33850954	     -0.52704231	     -9.70755804	     -1.18819159	     -2.95389050	     26.27195179	     -0.29288899	      2.73824680	      0.00544972	     -0.07514323	      0.02585485	      0.00000000	      0.00000000	      0.00000000	      0.01735585	     -0.00077179	     -0.01000509	      0.00000000	      0.00000000	      0.00000000	      0.01024865	     -0.00282378	      0.00708807	    205.00274419	      6.91608032	    -99.08415809	     24.00279156	      0.00000000	      0.00000000	      0.00000000	      0.00000000	   -197.28586086	      5.94062552	     65.38239116	      5.27306237	      0.00000000	      0.00000000	      0.00000000	      0.00000000	    105.96805643	    -24.29722326	      2.07057538	   -114.88813528	     -3.65573061	     -4.98473282	      0.00000000	     23.16771355	     -0.33597571	      0.00000000	    107.54010464	    -23.83488249	     -2.76520858	   -119.97858617	      9.81554543	     -4.98473282	      0.00000000	     28.00186080	     10.85571824	      0.00000000
      8.96666667	     28.78547445	      0.08920953	   -175.33097012	      0.49452813	     -0.32165778	     -0.52634609	     -9.36701548	     -1.82415162	     -3.05804080	     27.42416401	     -1.45170948	      2.64081464	      0.00749972	     -0.07474473	      0.02712108	      0.00000000	      0.00000000	      0.00000000	      0.01663215	      0.00051454	     -0.01227341	      0.00000000	      0.00000000	      0.00000000	      0.00703012	     -0.00523520	      0.00444771	    205.31827704	      6.48658761	   -100.30657561	     23.88835160	      0.00000000	      0.00000000	      0.00000000	      0.00000000	   -197.59443490	      5.31702659	     63.83570927	      6.14220637	      0.00000000	      0.00000000	      0.00000000	      0.00000000	    104.68334094	    -24.11167429	      2.20284668	   -112.46469526	     -3.85942900	     -4.98473282	      0.00000000	     22.59534750	     -0.08635940	      0.00000000	    104.70066978	    -23.40658946	     -4.72643832	   -117.08476721	      9.25703065	     -4.98473282	      0.00000000	     28.26692699	     11.62582577	      0.00000000
      9.00000000	     28.51173722	     -0.37389417	   -175.27279667	      0.49533975	     -0.30490251	     -0.52532136	     -9.56902617	     -1.94930110	     -3.03722095	     28.66835481	     -2.83436847	      3.11021525	      0.01088272	     -0.07322563	      0.02943981	      0.00000000	      0.00000000	      0.00000000	      0.01560381	      0.00537886	     -0.01325806	      0.00000000	      0.00000000	      0.00000000	      0.00576233	     -0.00690026	      0.00485957	    205.43283089	      7.11881744	   -104.64000511	     25.19903711	      0.00000000	      0.00000000	      0.00000000	      0.00000000	   -198.24391991	      4.61029876	     59.71851296	      6.19979487	      0.00000000	      0.00000000	      0.00000000	      0.00000000	    102.60399493	    -24.01105253	      1.98571139	   -110.06964754	     -2.85587639	     -4.98473282	      0.00000000	     22.41528473	     -0.70029237	      0.00000000	    101.75837204	    -22.88509785	     -6.08282383	   -114.22142397	      8.56987975	     -4.98473282	      0.00000000	     29.02428439	     12.55813428	      0.00000000
      9.03333333	     28.50033847	      0.29190980	   -175.61820719	      0.49619761	     -0.28916356	     -0.52507063	     -9.01047539	     -0.83693011	     -2.63104750	     28.77879337	     -3.02090595	      4.10224784	      0.01440813	     -0.07120002	      0.02857543	      0.00000000	      0.00000000	      0.00000000	      0.01419531	      0.01221135	     -0.01427425	      0.00000000	      0.00000000	      0.00000000	      0.00745364	     -0.00903153	      0.00546207	    205.45522835	      8.48500516	   -107.58663498	     27.26833152	      0.00000000	      0.00000000	      0.00000000	      0.00000000	   -198.47650168	      4.32849997	     50.87607448	      4.15034338	      0.00000000	      0.00000000	      0.00000000	      0.00000000	    100.10536748	    -23.46966320	      0.45336855	   -107.52126929	     -1.51363453	     -4.98473282	      0.00000000	     22.06267657	     -2.16661373	      0.00000000	    100.35014207	    -22.71061653	     -5.22187478	   -111.58166132	      6.75636951	     -4.22999279	      0.00000000	     29.09259167	     14.64871386	      0.00000000
      9.06666667	     28.63185509	      0.73918616	   -175.68509180	      0.49666923	     -0.27401023	     -0.52488941	     -8.10774528	      0.03333102	     -2.09693507	     27.72208405	     -3.15509580	      4.00715874	      0.01522575	     -0.06974724	      0.02633045	      0.00000000	      0.00000000	      0.00000000	      0.01491010	      0.01434395	     -0.01211432	      0.00000000	      0.00000000	      0.00000000	      0.01137216	     -0.00928547	      0.00881823	    204.28641212	      7.79270864	   -104.15554707	     26.04696477	      0.00000000	      0.00000000	      0.00000000	      0.00000000	   -199.17151119	      4.89764328	     48.06101231	      2.81331809	      0.00000000	      0.00000000	      0.00000000	      0.00000000	     97.96431733	    -23.22768060	     -0.70531065	   -104.82571550	     -1.68675334	     -4.98473282	      0.00000000	     21.87897237	     -2.01648713	      0.00000000	     98.89337218	    -22.20518064	     -4.31058184	   -109.07021376	      6.81781515	     -3.36247567	      0.00000000	     29.18873201	     15.41481503	      0.00000000
      9.10000000	     28.60884640	      1.35473880	   -175.98165653	      0.49662930	     -0.25884768	     -0.52598999	     -7.32751214	      0.93662080	     -1.23688112	     26.50299062	     -2.92619360	      3.81583756	      0.01346442	     -0.06912670	      0.02355017	      0.00000000	      0.00000000	      0.00000000	      0.01226941	      0.01451132	     -0.00934759	      0.00000000	      0.00000000	      0.00000000	      0.01508543	     -0.00949655	      0.01003824	    203.08297958	      7.69333806	   -102.19291593	     24.62605750	      0.00000000	      0.00000000	      0.00000000	      0.00000000	   -199.13649421	      5.76097944	     47.06609544	      1.06960573	      0.00000000	      0.00000000	      0.00000000	      0.00000000	     95.41089738	    -22.53407494	     -2.03452287	   -101.98433976	     -1.75274890	     -4.98473282	      0.00000000	     21.67065836	     -1.85613685	      0.00000000	     97.37846698	    -22.17394137	     -3.17682525	   -106.65141039	      8.03141650	     -2.68175492	      0.00000000	     29.31232729	     15.81896555	      0.00000000
      9.13333333	     28.87530098	      1.49930248	   -176.04124955	      0.49548116	     -0.24419326	     -0.52727967	     -5.87722994	      1.22556919	     -0.79026616	     25.69444360	     -2.78185482	      3.57115332	      0.01370772	     -0.06887194	      0.02140117	      0.00000000	      0.00000000	      0.00000000	      0.01100414	      0.01412736	     -0.00826563	      0.00000000	      0.00000000	      0.00000000	      0.01990146	     -0.00941193	      0.00941358	    202.61093277	      8.45982798	   -101.69763149	     23.76590129	      0.00000000	      0.00000000	      0.00000000	      0.00000000	   -198.96840014	      6.78985457	     47.13158446	      0.20021798	      0.00000000	      0.00000000	      0.00000000	      0.00000000	     93.22544600	    -22.07279172	     -2.64734704	    -99.16451653	     -0.93030351	     -4.98473282	      0.00000000	     22.26196937	     -1.74064711	      0.00000000	     95.69109980	    -22.00142187	     -3.10217605	   -104.09540505	      9.23932187	     -2.33449568	      0.00000000	     29.77498739	     15.89652153	      0.00000000
      9.16666667	     27.48429246	      2.23961605	   -176.38519631	      0.49304803	     -0.22873392	     -0.52967788	     -6.34910746	      2.08305318	     -0.14609595	     24.35067077	     -2.51316672	      2.79145171	      0.00945423	     -0.06866722	      0.01932319	      0.00000000	      0.00000000	      0.00000000	      0.01346125	      0.01237965	     -0.00423717	      0.00000000	      0.00000000	      0.00000000	      0.01952715	     -0.00823944	      0.00533029	    201.29404489	      8.27615223	   -100.31440791	     21.42966022	      0.00000000	      0.00000000	      0.00000000	      0.00000000	   -198.29120646	      8.14156630	     51.98215958	      0.00000000	      0.00000000	      0.00000000	      0.00000000	      0.00000000	     88.65193697	    -21.29902890	     -3.74947371	    -96.20329749	      1.75565989	     -4.28084730	      0.00000000	     22.45939150	     -3.24989691	      0.00000000	     92.73373446	    -22.53707057	      0.49576235	   -101.14447205	     14.89690267	      0.86924369	      0.00000000	     28.69302922	     10.06669905	      0.00000000
      9.20000000	     26.05828485	      2.47398755	   -176.35815797	      0.48935272	     -0.21320072	     -0.53169301	     -6.61416269	      2.39869583	     -0.25553069	     22.77812426	     -2.29986397	      2.40635711	      0.00615138	     -0.06757136	      0.01768486	      0.00000000	      0.00000000	      0.00000000	      0.01523008	      0.01244728	     -0.00183937	      0.00000000	      0.00000000	      0.00000000	      0.01855228	     -0.00601938	     -0.00064794	    200.98582115	      9.15477395	    -99.67641196	     21.30923955	      0.00000000	      0.00000000	      0.00000000	      0.00000000	   -197.58460807	      9.33963478	     52.63925633	      0.00000000	      0.00000000	      0.00000000	      0.00000000	      0.00000000	     84.17518004	    -21.01485365	     -3.70923435	    -93.06146577	      3.41567251	     -2.76705396	      0.00000000	     23.15607300	     -3.24152581	      0.00000000	     89.15323278	    -22.44367376	      0.16883898	    -98.55707159	     14.89690267	      0.80247056	      0.00000000	     28.13127698	      9.29154359	      0.00000000
      9.23333333	     23.58112313	      2.59406159	   -176.05495909	      0.48457474	     -0.19710366	     -0.53387780	     -7.97263996	      2.54185237	     -0.73607773	     22.34429443	     -2.42738071	      3.06635201	      0.00686110	     -0.06576284	      0.01925605	      0.00000000	      0.00000000	      0.00000000	      0.01675828	      0.01280674	     -0.00010838	      0.00000000	      0.00000000	      0.00000000	      0.01736109	     -0.00190796	     -0.00499144	    201.15199417	      9.82414447	    -97.64415899	     21.62893488	      0.00000000	      0.00000000	      0.00000000	      0.00000000	   -197.23807282	      9.84585596	     52.22691388	      1.15647074	      0.00000000	      0.00000000	      0.00000000	      0.00000000	     78.50169836	    -21.00237708	     -3.35023656	    -89.75815471	      4.20856049	     -0.53824995	      0.00000000	     23.41778677	     -3.44500000	      0.00000000	     84.10116072	    -22.17575346	     -0.27862902	    -95.68790126	     14.67663614	      0.76152395	      0.00000000	     28.09187625	      8.68768297	      0.00000000
      9.26666667	     20.84984547	      2.68743226	   -175.53044968	      0.47949630	     -0.18055297	     -0.53571556	     -9.56103630	      2.81406320	     -1.39151288	     22.09358733	     -2.94504359	      3.97321073	      0.00869105	     -0.06327798	      0.02112980	      0.00000000	      0.00000000	      0.00000000	      0.01644492	      0.01399519	     -0.00100343	      0.00000000	      0.00000000	      0.00000000	      0.01805258	      0.00173775	     -0.00758509	    201.56305923	     10.64184604	    -95.91716139	     22.07885124	      0.00000000	      0.00000000	      0.00000000	      0.00000000	   -197.31856079	      9.52177210	     50.80178067	      2.94038532	      0.00000000	      0.00000000	      0.00000000	      0.00000000	     72.55505816	    -21.08081605	     -3.29854131	    -86.35805653	      3.84102010	      1.50004047	      0.00000000	     23.08534442	     -3.72745443	      0.00000000	     78.52936082	    -21.63698661	     -0.88995718	    -92.49961895	     13.59404454	      0.59393155	      0.00000000	     28.86321035	      9.06866713	      0.00000000
      9.30000000	     17.87972608	      2.80921579	   -174.68962066	      0.47438305	     -0.16384124	     -0.53721720	    -11.31726796	      3.28424031	     -2.09659042	     21.68273013	     -3.68385732	      4.52907372	      0.00974688	     -0.06029490	      0.02251568	      0.00000000	      0.00000000	      0.00000000	      0.01416992	      0.01617847	     -0.00381372	      0.00000000	      0.00000000	      0.00000000	      0.01785978	      0.00440382	     -0.01095629	    202.35640038	     11.90295874	    -96.00281667	     22.83680916	      0.00000000	      0.00000000	      0.00000000	      0.00000000	   -196.49710391	     10.00189294	     49.80928995	      2.58496147	      0.00000000	      0.00000000	      0.00000000	      0.00000000	     66.32298400	    -21.21278954	     -4.00765164	    -83.02944573	      3.08581339	      2.67595061	      0.00000000	     22.78443908	     -4.05153956	      0.00000000	     72.68895659	    -20.83436195	     -1.34722090	    -89.00427498	     12.24715174	      0.44978037	      0.00000000	     30.24637790	     10.25737910	      0.00000000
      9.33333333	     14.99409070	      2.78086620	   -173.74685616	      0.46973543	     -0.14709925	     -0.53828336	    -13.07147659	      3.72083860	     -2.77718218	     21.63546513	     -4.20403719	      4.07793250	      0.00931795	     -0.05806413	      0.02139256	      0.00000000	      0.00000000	      0.00000000	      0.01163013	      0.01916953	     -0.00854274	      0.00000000	      0.00000000	      0.00000000	      0.01715707	      0.00582707	     -0.01330156	    203.48840785	     13.17779098	    -97.76513026	     24.02211056	      0.00000000	      0.00000000	      0.00000000	      0.00000000	   -195.52341418	     10.94344169	     49.76126397	      1.26379687	      0.00000000	      0.00000000	      0.00000000	      0.00000000	     60.30240547	    -21.20493479	     -5.78079386	    -79.70771766	      2.67797452	      2.24443955	      0.00000000	     23.11027612	     -4.24135443	      0.00000000	     67.06291788	    -19.81131798	     -1.63339594	    -85.35485893	     10.57202171	      0.45342931	      0.00000000	     31.28904189	     11.73241405	      0.00000000
      9.36666667	     12.49846926	      2.57322639	   -172.44837176	      0.46519831	     -0.13122098	     -0.53899874	    -14.15842979	      4.06646742	     -3.76910264	     20.56672467	     -4.63065042	      2.63143489	      0.00625066	     -0.05593916	      0.01902757	      0.00000000	      0.00000000	      0.00000000	      0.01195139	      0.02229593	     -0.01205978	      0.00000000	      0.00000000	      0.00000000	      0.01697073	      0.00598257	     -0.01390008	    204.47855356	     14.26587425	    -98.88434651	     25.10456900	      0.00000000	      0.00000000	      0.00000000	      0.00000000	   -195.23539918	     12.27916040	     51.46051719	      0.81419220	      0.00000000	      0.00000000	      0.00000000	      0.00000000	     54.88250367	    -21.61340358	     -8.38448253	    -76.71658429	      2.87267964	      0.92182550	      0.00000000	     23.52825187	     -3.85621707	      0.00000000	     62.25910739	    -18.24435097	     -1.41086273	    -81.90463441	      9.47005858	      0.53566806	      0.00000000	     30.74925688	     12.32597769	      0.00000000
      9.40000000	     10.09553018	      2.09457882	   -171.10610358	      0.46088912	     -0.11540826	     -0.54003096	    -15.20684654	      4.08788928	     -4.74775541	     19.33342878	     -4.61498427	      0.41770332	      0.00148427	     -0.05408900	      0.01538293	      0.00000000	      0.00000000	      0.00000000	      0.01472133	      0.02344184	     -0.01260044	      0.00000000	      0.00000000	      0.00000000	      0.01687698	      0.00493133	     -0.01321247	    204.69826847	     14.51278710	    -98.80439765	     24.94800587	      0.00000000	      0.00000000	      0.00000000	      0.00000000	   -195.97546586	     13.08569888	     56.79118696	      2.61829499	      0.00000000	      0.00000000	      0.00000000	      0.00000000	     49.59246960	    -22.08947740	    -11.62411301	    -73.65737072	      2.93940375	     -0.82015656	      0.00000000	     23.71933615	     -2.92750916	      0.00000000	     57.76969510	    -16.50209947	     -0.56476580	    -78.51811103	      9.32674404	      0.97345772	      0.00000000	     28.66748774	     11.18845809	      0.00000000
      9.43333333	      8.84441309	      1.64939905	   -170.25311089	      0.45720858	     -0.09998998	     -0.54162433	    -14.99906237	      3.87685665	     -5.23566102	     17.80929657	     -4.40915694	     -1.92446918	     -0.00401856	     -0.05192834	      0.01086409	      0.00000000	      0.00000000	      0.00000000	      0.01408869	      0.02225687	     -0.00989214	      0.00000000	      0.00000000	      0.00000000	      0.01400448	      0.00539302	     -0.01009364	    204.01635478	     14.97032552	    -97.11786989	     23.03281553	      0.00000000	      0.00000000	      0.00000000	      0.00000000	   -198.48240104	     14.41838469	     70.38140802	      7.19435288	      0.00000000	      0.00000000	      0.00000000	      0.00000000	     45.81193650	    -22.07386302	    -13.14452760	    -70.47920171	      2.59371424	     -1.14856217	      0.00000000	     22.93800432	     -2.28208543	      0.00000000	     54.54768173	    -15.08764625	      1.19770928	    -74.98964858	     10.97277775	      2.02468478	      0.00000000	     25.83542402	      7.78580349	      0.00000000
      9.46666667	      9.08252000	      1.32530138	   -170.35196908	      0.45401312	     -0.08466226	     -0.54420398	    -13.10145163	      3.17168778	     -5.00049694	     15.74349619	     -4.32452967	     -3.30542325	     -0.00903862	     -0.04884997	      0.00916368	      0.00000000	      0.00000000	      0.00000000	      0.01030954	      0.02023505	     -0.00701776	      0.00000000	      0.00000000	      0.00000000	      0.00952107	      0.00822599	     -0.00833783	    204.06485158	     16.65539422	    -96.36595620	     21.71246733	      0.00000000	      0.00000000	      0.00000000	      0.00000000	   -200.46608963	     16.80155620	     82.72620216	     10.81260774	      0.00000000	      0.00000000	      0.00000000	      0.00000000	     43.96527090	    -21.14306853	    -11.61116870	    -66.88174615	      2.30799269	      0.52242637	      0.00000000	     21.26864249	     -4.30120508	      0.00000000	     52.55264686	    -14.44886206	      2.38540536	    -71.31712709	     11.48473108	      2.84370141	      0.00000000	     23.96828089	      6.36304190	      0.00000000
      9.50000000	      8.88600777	      0.95091594	   -171.09562089	      0.45033059	     -0.06799392	     -0.54741080	    -11.84249881	      2.28156511	     -4.06861370	     14.09067504	     -3.79244242	     -3.37235391	     -0.01295206	     -0.04538920	      0.00926314	      0.00000000	      0.00000000	      0.00000000	      0.00551037	      0.01832711	     -0.00568459	      0.00000000	      0.00000000	      0.00000000	      0.00762198	      0.01224599	     -0.00662570	    205.03119926	     18.33678610	    -95.34673350	     21.33754485	      0.00000000	      0.00000000	      0.00000000	      0.00000000	   -201.33572908	     18.77113667	     89.72132999	     12.49065152	      0.00000000	      0.00000000	      0.00000000	      0.00000000	     41.65237178	    -19.36791699	     -9.43348685	    -62.75129268	      2.51240280	      1.68240482	      0.00000000	     18.76739955	     -8.11006731	      0.00000000	     49.49631192	    -14.59439207	      3.02378757	    -67.11357368	     11.15414176	      3.82866249	      0.00000000	     22.66461744	      6.48279894	      0.00000000
      9.53333333	      9.08665237	      0.77988134	   -172.20654947	      0.44657440	     -0.05087762	     -0.55055425	    -10.10330652	      1.51222418	     -2.95217978	     12.13516572	     -2.80700252	     -2.02458234	     -0.01623016	     -0.04119962	      0.01107714	      0.00000000	      0.00000000	      0.00000000	      0.00392633	      0.01789602	     -0.00553853	      0.00000000	      0.00000000	      0.00000000	      0.01077695	      0.01532307	     -0.00411478	    206.46050735	     19.98743534	    -94.63510496	     22.28981158	      0.00000000	      0.00000000	      0.00000000	      0.00000000	   -201.53423612	     19.59918804	     90.41097429	     12.37757886	      0.00000000	      0.00000000	      0.00000000	      0.00000000	     39.90747857	    -17.07237828	     -8.18284803	    -58.59101666	      2.21950576	      1.07583182	      0.00000000	     16.28450707	    -10.25869354	      0.00000000	     46.54064219	    -15.19665618	      2.42040333	    -62.65643396	     11.05830905	      4.16983453	      0.00000000	     21.03724286	      6.99515941	      0.00000000
      9.56666667	      8.55931037	      0.51954974	   -173.17114513	      0.44235788	     -0.03284346	     -0.55302645	     -9.27804032	      0.80077458	     -1.81187454	     10.35751417	     -2.13016180	     -0.55936134	     -0.01835839	     -0.03786760	      0.01494801	      0.00000000	      0.00000000	      0.00000000	      0.00437855	      0.01936558	     -0.00808225	      0.00000000	      0.00000000	      0.00000000	      0.01901117	      0.01756011	     -0.00129580	    208.89418314	     20.94769538	    -94.04393896	     25.40730320	      0.00000000	      0.00000000	      0.00000000	      0.00000000	   -201.41818674	     19.41426608	     89.54023634	     12.25664380	      0.00000000	      0.00000000	      0.00000000	      0.00000000	     37.21741082	    -14.89855694	     -6.84367193	    -54.16443074	      1.91443848	      0.42223190	      0.00000000	     12.95559049	    -13.38406928	      0.00000000	     42.40898184	    -15.62537742	      0.69001292	    -57.58319260	     11.36325592	      3.83772840	      0.00000000	     18.67623439	      7.45913100	      0.00000000
      9.60000000	      6.62878094	     -0.21039560	   -173.62996370	      0.43786672	     -0.01376426	     -0.55338599	    -10.40163738	      0.05156872	     -1.14258423	      9.47403819	     -1.80608774	     -0.16226016	     -0.01939154	     -0.03656275	      0.01745649	      0.00000000	      0.00000000	      0.00000000	      0.00185639	      0.02061823	     -0.00981610	      0.00000000	      0.00000000	      0.00000000	      0.02856479	      0.01812957	      0.00026285	    210.76502262	     21.53310322	    -94.48494586	     29.00700327	      0.00000000	      0.00000000	      0.00000000	      0.00000000	   -201.34978737	     17.67107385	     85.18013072	     12.11518414	      0.00000000	      0.00000000	      0.00000000	      0.00000000	     32.68294328	    -13.77629560	     -6.61602313	    -49.45953489	      1.73114299	     -0.51246004	      0.00000000	      9.02576102	    -16.30185923	      0.00000000	     36.27661332	    -14.82305462	     -4.99180794	    -52.16358730	     13.42094952	     -0.03328748	      0.00000000	     15.71326690	      7.71830552	      0.00000000
      9.63333333	      5.53858239	     -0.74190502	   -173.96256662	      0.43367951	      0.00399278	     -0.55269639	    -10.49192205	     -0.45514659	     -0.75447174	      7.27815268	     -1.35796732	     -0.64667236	     -0.02091983	     -0.03514670	      0.01693610	      0.00000000	      0.00000000	      0.00000000	     -0.00366982	      0.01900150	     -0.00893487	      0.00000000	      0.00000000	      0.00000000	      0.03319454	      0.01807173	      0.00171176	    211.32091664	     22.64914206	    -94.58837318	     30.67668593	      0.00000000	      0.00000000	      0.00000000	      0.00000000	   -202.43859051	     16.59885557	     80.95989674	     13.43157128	      0.00000000	      0.00000000	      0.00000000	      0.00000000	     28.92492952	    -12.67181085	     -7.95433018	    -44.55195359	     -0.14375685	     -2.71512463	      0.00000000	      6.43862898	    -14.53171331	      0.00000000	     31.18564000	    -13.48163845	    -10.47499439	    -46.63335677	     14.89690267	     -3.86860854	      0.00000000	     12.75740177	      7.86884213	      0.00000000
      9.66666667	      5.68579358	     -1.14287432	   -173.98514683	      0.43079589	      0.02005415	     -0.55178344	     -9.27620034	     -0.84730394	     -0.52720047	      4.04492850	     -1.55450046	     -2.58774401	     -0.02299228	     -0.03285390	      0.01408687	      0.00000000	      0.00000000	      0.00000000	     -0.01121515	      0.01575693	     -0.00694101	      0.00000000	      0.00000000	      0.00000000	      0.02970322	      0.01640341	      0.00134364	    211.27377463	     24.23363484	    -94.93379370	     30.93401467	      0.00000000	      0.00000000	      0.00000000	      0.00000000	   -203.89000519	     17.12186087	     78.02951667	     15.37468519	      0.00000000	      0.00000000	      0.00000000	      0.00000000	     26.43449800	    -11.81019007	     -8.80626412	    -39.51353735	     -2.09399059	     -4.38000900	      0.00000000	      3.40885274	    -13.08085243	      0.00000000	     27.73671737	    -11.86767057	    -12.42693952	    -40.44910366	     14.89690267	     -4.98473282	      0.00000000	      9.47465244	      6.99649994	      0.00000000
      9.70000000	      2.61581856	     -2.27022655	   -174.65122896	      0.42538800	      0.03614416	     -0.54961336	    -11.87785592	     -1.57431947	      0.00507053	      3.35247760	     -0.72515452	     -5.49930396	     -0.02035316	     -0.03244880	      0.00448458	      0.00000000	      0.00000000	      0.00000000	     -0.02093993	      0.01568734	     -0.00605641	      0.00000000	      0.00000000	      0.00000000	      0.02478151	      0.01337472	      0.00330248	    210.98881511	     26.65284570	    -97.61759936	     30.72559244	      0.00000000	      0.00000000	      0.00000000	      0.00000000	   -205.74714523	     16.15320276	     69.23349032	     16.99979265	      0.00000000	      0.00000000	      0.00000000	      0.00000000	     19.70922149	    -11.35952966	     -7.57319554	    -33.01656807	     -5.58018843	     -4.98473282	      0.00000000	      1.43499736	     -9.08157944	      0.00000000	     19.87310096	     -9.88890806	    -14.38261141	    -32.98618261	     14.89690267	     -4.98473282	      0.00000000	      6.63455859	      3.38606036	      0.00000000
      9.73333333	     -1.63897727	     -3.10009588	   -176.01109610	      0.41939397	      0.05076382	     -0.54867289	    -15.65951587	     -2.17291739	      1.31971327	      2.61759237	     -1.06919092	     -6.70665751	     -0.01763705	     -0.03062173	     -0.00062872	      0.00000000	      0.00000000	      0.00000000	     -0.02430586	      0.01624052	     -0.00485497	      0.00000000	      0.00000000	      0.00000000	      0.02236038	      0.01097812	      0.00122167	    210.57875133	     28.31236028	    -99.83763483	     30.15893424	      0.00000000	      0.00000000	      0.00000000	      0.00000000	   -205.65655129	     15.97823536	     64.43406757	     16.48751709	      0.00000000	      0.00000000	      0.00000000	      0.00000000	     11.84045336	    -10.57926119	     -4.87917748	    -26.43906564	     -9.02371758	     -4.98473282	      0.00000000	     -1.28327377	     -6.30805888	      0.00000000	     10.70028002	     -8.30413655	    -16.58943454	    -25.23039748	     14.28331873	     -4.98473282	      0.00000000	      3.85775031	      1.23658935	      0.00000000
      9.76666667	     -4.92587351	     -3.16075781	   -177.65880696	      0.41463899	      0.06276760	     -0.54802133	    -18.29943954	     -2.12140648	      2.98912603	      2.81485423	     -0.90274767	     -7.03845903	     -0.01331442	     -0.02883560	     -0.00728234	      0.00000000	      0.00000000	      0.00000000	     -0.02340447	      0.01796607	     -0.00577620	      0.00000000	      0.00000000	      0.00000000	      0.02508479	      0.00750294	     -0.00420204	    210.41825923	     29.27986565	   -100.35046702	     29.88170365	      0.00000000	      0.00000000	      0.00000000	      0.00000000	   -204.06334448	     15.90723062	     62.19281054	     12.95643400	      0.00000000	      0.00000000	      0.00000000	      0.00000000	      5.49249923	     -9.37302507	     -1.43900816	    -20.34839012	    -11.03124245	     -4.98473282	      0.00000000	     -5.27132296	     -6.96049644	      0.00000000	      3.12212947	     -7.09486527	    -17.72126826	    -17.87539633	     11.56386041	     -4.98473282	      0.00000000	      1.74287067	      1.18189014	      0.00000000
      9.80000000	     -8.97555115	     -3.03907022	   -179.46148092	      0.40798552	      0.07209158	     -0.54765214	    -21.40167578	     -2.19877217	      4.51649614	      2.45892439	     -1.32208112	     -5.97719176	     -0.00981910	     -0.02563733	     -0.00818833	      0.00000000	      0.00000000	      0.00000000	     -0.01829793	      0.01849470	     -0.00657149	      0.00000000	      0.00000000	      0.00000000	      0.03359536	      0.00291484	     -0.01044961	    210.21649239	     29.61160146	    -99.54770793	     28.95286105	      0.00000000	      0.00000000	      0.00000000	      0.00000000	   -201.27070640	     15.23127702	     55.55878954	      7.21586965	      0.00000000	      0.00000000	      0.00000000	      0.00000000	     -1.70257643	     -8.64148099	      0.66621478	    -14.24373500	    -11.90833897	     -4.98473282	      0.00000000	     -8.86935515	     -8.40323283	      0.00000000	     -5.52432634	     -6.02372689	    -21.49091219	     -9.91050618	     10.29193743	     -4.98473282	      0.00000000	     -0.96910345	      3.38415698	      0.00000000
      9.83333333	    -11.54696473	     -2.08464844	   -180.24635581	      0.40261390	      0.07751806	     -0.54727375	    -22.94792659	     -1.21813936	      5.35496846	      3.24638923	     -1.89903144	     -4.34282556	     -0.00432372	     -0.02376653	     -0.00682988	      0.00000000	      0.00000000	      0.00000000	     -0.01210433	      0.01874373	     -0.00638186	      0.00000000	      0.00000000	      0.00000000	      0.03635756	     -0.00276696	     -0.01911682	    209.15659304	     29.23705562	    -97.36065520	     27.00115854	      0.00000000	      0.00000000	      0.00000000	      0.00000000	   -198.26747565	     15.87438062	     46.34590262	      0.51370956	      0.00000000	      0.00000000	      0.00000000	      0.00000000	     -7.16226393	     -7.48962194	      0.92649181	     -8.73296463	    -12.52809146	     -4.98473282	      0.00000000	    -12.26415756	     -9.82825496	      0.00000000	    -11.15978678	     -5.84887328	    -23.78859005	     -4.31961832	     10.44173809	     -4.98473282	      0.00000000	     -3.74943532	      3.96673844	      0.00000000
      9.86666667	    -11.32574072	     -2.07630675	   -179.46249370	      0.39813559	      0.07915562	     -0.54649916	    -21.21719719	     -1.23003664	      4.08933206	      2.07753338	     -1.78769937	     -1.53804318	     -0.00156105	     -0.02135683	      0.00107943	      0.00000000	      0.00000000	      0.00000000	     -0.00294624	      0.01734889	     -0.00201781	      0.00000000	      0.00000000	      0.00000000	      0.03463529	     -0.00610626	     -0.01972463	    207.84843069	     29.64600978	    -95.86719888	     24.13424996	      0.00000000	      0.00000000	      0.00000000	      0.00000000	   -197.73462964	     16.35822955	     44.67375231	      0.46055968	      0.00000000	      0.00000000	      0.00000000	      0.00000000	     -9.50552103	     -7.40947813	     -1.44570331	     -4.66040785	    -12.48735425	     -4.98473282	      0.00000000	    -13.49198162	     -9.77657501	      0.00000000	    -12.49325233	     -5.18982291	    -24.77078694	     -0.69250832	     11.96820518	     -4.98473282	      0.00000000	     -6.37555475	      3.87982400	      0.00000000
      9.90000000	    -12.03257990	     -1.77516258	   -178.92816248	      0.39176627	      0.07854527	     -0.54439137	    -20.47043044	     -0.77342020	      3.05443003	      1.83174426	     -2.37455143	     -0.40075226	      0.00313249	     -0.01978037	      0.00706872	      0.00000000	      0.00000000	      0.00000000	      0.01007995	      0.01767229	      0.00185163	      0.00000000	      0.00000000	      0.00000000	      0.03287670	     -0.00615918	     -0.01464086	    205.10426468	     29.37364680	    -91.98246272	     19.78380579	      0.00000000	      0.00000000	      0.00000000	      0.00000000	   -199.59854327	     15.86736172	     48.19490621	      4.47143155	      0.00000000	      0.00000000	      0.00000000	      0.00000000	    -13.04925117	     -7.09463663	     -8.84716081	     -0.36766981	     -7.34447572	     -4.98473282	      0.00000000	    -15.05326114	     -8.14690935	      0.00000000	    -14.80183440	     -4.77099712	    -26.69873792	      2.34711412	     14.89690267	     -4.98473282	      0.00000000	     -8.22934921	      2.73883408	      0.00000000
      9.93333333	    -11.77566853	     -1.78041434	   -177.39996421	      0.38540421	      0.07641853	     -0.54344662	    -18.57394813	     -0.79402299	      1.71795076	      0.83281448	     -2.21785873	     -0.53290343	      0.00786508	     -0.01888858	      0.01290749	      0.00000000	      0.00000000	      0.00000000	      0.01990957	      0.01750859	      0.00363615	      0.00000000	      0.00000000	      0.00000000	      0.03220005	     -0.00097268	     -0.01034507	    205.17677824	     29.44254193	    -87.21866284	     18.44671299	      0.00000000	      0.00000000	      0.00000000	      0.00000000	   -200.26960783	     18.15624035	     62.83781739	      7.48268945	      0.00000000	      0.00000000	      0.00000000	      0.00000000	    -15.56956299	     -6.34541970	    -20.67266151	      3.19425062	      3.34766350	     -4.98473282	      0.00000000	    -16.45642531	     -7.72736265	      0.00000000	    -15.36316424	     -4.68419496	    -25.25195786	      4.04375333	     14.89690267	     -4.98473282	      0.00000000	     -8.23959290	      2.96827888	      0.00000000
      9.96666667	    -12.00051483	     -1.74227111	   -177.29850637	      0.37963778	      0.07414215	     -0.54210763	    -17.33154832	     -0.94482607	      1.71059937	     -0.53203997	     -2.18617807	     -0.45012779	      0.01120434	     -0.01808580	      0.01624129	      0.00000000	      0.00000000	      0.00000000	      0.02362975	      0.01725976	      0.00232845	      0.00000000	      0.00000000	      0.00000000	      0.03484352	      0.00452695	     -0.00810731	    206.57185019	     30.17339887	    -86.66038033	     19.96209173	      0.00000000	      0.00000000	      0.00000000	      0.00000000	   -200.49582615	     20.99688532	     75.17144254	      9.17320304	      0.00000000	      0.00000000	      0.00000000	      0.00000000	    -17.55382612	     -5.77582978	    -25.78287746	      5.65798771	      9.45324191	     -4.98473282	      0.00000000	    -16.71378930	     -7.85874558	      0.00000000	    -16.67875596	     -4.31347513	    -24.86498417	      5.51091766	     14.89690267	     -4.98473282	      0.00000000	     -8.16090406	      2.18950220	      0.00000000
     10.00000000	    -12.40574657	     -1.60687591	   -177.84466927	      0.37470492	      0.07225151	     -0.53996611	    -16.35649507	     -0.72557909	      2.33704937	     -2.58144907	     -1.91054646	     -0.07068604	      0.01271859	     -0.01708952	      0.01486817	      0.00000000	      0.00000000	      0.00000000	      0.01945322	      0.01656401	     -0.00184280	      0.00000000	      0.00000000	      0.00000000	      0.03744477	      0.00759936	     -0.00795095	    208.74216343	     31.27318042	    -87.73003682	     23.17559124	      0.00000000	      0.00000000	      0.00000000	      0.00000000	   -201.45931579	     23.99203491	     82.76792779	     10.99097828	      0.00000000	      0.00000000	      0.00000000	      0.00000000	    -18.85129711	     -5.58403627	    -27.45219332	      7.03946857	     11.45258152	     -4.98473282	      0.00000000	    -15.86017878	     -7.06840990	      0.00000000	    -18.21968822	     -3.71817058	    -25.71341439	      6.88337720	     14.89690267	     -4.98473282	      0.00000000	     -7.88654695	      1.56483626	      0.00000000
     10.03333333	    -13.07700058	     -1.26292581	   -178.44830509	      0.37089244	      0.07108390	     -0.53872196	    -15.80114980	     -0.26315654	      3.05991229	     -4.00059401	     -1.32621429	      0.00360843	      0.01525619	     -0.01723399	      0.01147378	      0.00000000	      0.00000000	      0.00000000	      0.01182385	      0.01346030	     -0.00324249	      0.00000000	      0.00000000	      0.00000000	      0.03604397	      0.00808635	     -0.00991774	    210.07841303	     32.41881495	    -88.55923246	     25.32336266	      0.00000000	      0.00000000	      0.00000000	      0.00000000	   -202.41730230	     26.58559602	     83.50097129	     11.82725338	      0.00000000	      0.00000000	      0.00000000	      0.00000000	    -19.99128827	     -5.28301556	    -27.67122283	      7.90922586	     11.65130541	     -4.98473282	      0.00000000	    -15.69395419	     -6.10445954	      0.00000000	    -19.81331339	     -3.51141649	    -26.29138187	      7.79445075	     14.89690267	     -4.98473282	      0.00000000	     -7.90451064	      0.87934989	      0.00000000
     10.06666667	    -14.19916721	     -1.30186970	   -178.53437864	      0.36810042	      0.07031798	     -0.53776633	    -15.97891773	      0.00985546	      3.40454924	     -5.15196675	     -0.88735581	     -0.56833935	      0.01687558	     -0.01678443	      0.00696742	      0.00000000	      0.00000000	      0.00000000	      0.00437420	      0.01326053	     -0.00590355	      0.00000000	      0.00000000	      0.00000000	      0.03508201	      0.00624756	     -0.01165834	    211.73949992	     33.93409036	    -89.15123687	     27.21539091	      0.00000000	      0.00000000	      0.00000000	      0.00000000	   -203.28194368	     27.53862284	     76.10423013	     11.23468400	      0.00000000	      0.00000000	      0.00000000	      0.00000000	    -21.51175543	     -5.38028579	    -27.43378301	      8.12511604	     11.29012939	     -4.98473282	      0.00000000	    -15.46683645	     -4.62082267	      0.00000000	    -21.44042805	     -3.39303746	    -25.73973883	      8.02006972	     14.89690267	     -4.98473282	      0.00000000	     -8.18162708	      0.36490591	      0.00000000
     10.10000000	    -14.82566968	     -1.42641306	   -178.17395965	      0.36711897	      0.07001270	     -0.53725960	    -15.90370705	      0.12169449	      3.24836390	     -5.99549113	     -0.77381488	     -1.06938006	      0.01771075	     -0.01653003	      0.00524400	      0.00000000	      0.00000000	      0.00000000	      0.00338543	      0.01018348	     -0.00633650	      0.00000000	      0.00000000	      0.00000000	      0.03919483	      0.00075091	     -0.01197179	    211.64565981	     34.77685830	    -88.84821274	     25.81995191	      0.00000000	      0.00000000	      0.00000000	      0.00000000	   -202.62003457	     26.38161893	     58.88923732	      8.10410998	      0.00000000	      0.00000000	      0.00000000	      0.00000000	    -22.28513754	     -5.57843755	    -26.16340232	      7.65173005	     10.83228118	     -4.98473282	      0.00000000	    -15.93633513	     -4.87796561	      0.00000000	    -21.98463463	     -3.66371776	    -23.79173635	      7.34256681	     14.89690267	     -4.98473282	      0.00000000	     -8.12936612	     -1.43543204	      0.00000000
     10.13333333	    -15.35163480	     -1.70057983	   -177.19999692	      0.36660601	      0.06972107	     -0.53667127	    -15.87136611	      0.15141581	      2.34212864	     -6.84856410	     -1.32842950	     -2.69370622	      0.01784334	     -0.01548267	      0.00443036	      0.00000000	      0.00000000	      0.00000000	      0.00604575	      0.00880975	     -0.00777526	      0.00000000	      0.00000000	      0.00000000	      0.04063075	     -0.00019024	     -0.01240658	    212.06097066	     35.48422423	    -89.36715463	     25.25448051	      0.00000000	      0.00000000	      0.00000000	      0.00000000	   -202.56951165	     27.04202410	     55.26967037	      6.99006457	      0.00000000	      0.00000000	      0.00000000	      0.00000000	    -23.16787848	     -5.61768253	    -25.24379606	      7.42095856	      9.95574349	     -4.98473282	      0.00000000	    -16.38514358	     -6.02557409	      0.00000000	    -22.02712800	     -4.05305253	    -21.97183948	      6.36330112	     14.89690267	     -4.98473282	      0.00000000	     -7.33502276	     -2.14465064	      0.00000000
     10.16666667	    -15.47264948	     -1.87246656	   -176.22532309	      0.36744995	      0.06944735	     -0.53568656	    -15.79313007	      0.18913837	      0.98634925	     -6.30031063	     -2.12399169	     -3.66387863	      0.01865226	     -0.01625812	      0.00558658	      0.00000000	      0.00000000	      0.00000000	      0.00841311	      0.00776014	     -0.00913201	      0.00000000	      0.00000000	      0.00000000	      0.03997280	      0.00030797	     -0.01353693	    212.44473091	     35.67044574	    -90.67706944	     25.59561169	      0.00000000	      0.00000000	      0.00000000	      0.00000000	   -202.35749835	     27.65907717	     55.63406716	      5.89492677	      0.00000000	      0.00000000	      0.00000000	      0.00000000	    -23.19786686	     -5.70642414	    -24.00080911	      6.56492743	      8.13166240	     -4.98473282	      0.00000000	    -15.78303901	     -7.39950408	      0.00000000	    -21.40701786	     -4.39704243	    -20.58250946	      5.26695724	     14.89690267	     -4.98473282	      0.00000000	     -6.30187294	     -3.04648036	      0.00000000
     10.20000000	    -15.12603535	     -1.88060203	   -175.53211951	      0.36894113	      0.06916379	     -0.53433788	    -15.38636968	      0.27772522	     -0.14754350	     -5.43350482	     -2.61503548	     -4.43114070	      0.01909666	     -0.01763838	      0.00649420	      0.00000000	      0.00000000	      0.00000000	      0.00720344	      0.00851188	     -0.00882612	      0.00000000	      0.00000000	      0.00000000	      0.03745404	      0.00208772	     -0.01408396	    213.16561778	     36.26653130	    -94.07901481	     27.32267193	      0.00000000	      0.00000000	      0.00000000	      0.00000000	   -202.74445301	     28.12057312	     58.04316423	      6.02942194	      0.00000000	      0.00000000	      0.00000000	      0.00000000	    -22.51818306	     -5.78423133	    -21.55751740	      5.82434458	      4.30494706	     -4.98473282	      0.00000000	    -15.32802390	     -8.45109939	      0.00000000	    -20.30534669	     -4.66303355	    -19.50337544	      4.19374447	     14.89690267	     -4.98473282	      0.00000000	     -5.34804489	     -4.05838873	      0.00000000
     10.23333333	    -14.97025527	     -1.87223424	   -175.27520559	      0.36969613	      0.06861464	     -0.53308385	    -15.15501433	      0.20425233	     -0.70854027	     -3.85625348	     -3.07429660	     -4.56276341	      0.02159345	     -0.01971793	      0.00916493	      0.00000000	      0.00000000	      0.00000000	      0.00515255	      0.00979651	     -0.00736055	      0.00000000	      0.00000000	      0.00000000	      0.03597709	      0.00366542	     -0.01398445	    213.96015977	     36.72303785	    -97.27451912	     28.50566922	      0.00000000	      0.00000000	      0.00000000	      0.00000000	   -203.02823617	     28.06292669	     57.29685912	      6.44970008	      0.00000000	      0.00000000	      0.00000000	      0.00000000	    -22.04151874	     -5.94226759	    -19.75696411	      5.29497751	      1.59223980	     -4.98473282	      0.00000000	    -14.65100604	     -8.64751349	      0.00000000	    -19.75669851	     -4.69596461	    -19.79721455	      3.65633092	     14.89690267	     -4.98473282	      0.00000000	     -4.42025032	     -3.71561905	      0.00000000
     10.26666667	    -14.93109025	     -1.92047353	   -175.56886563	      0.37012275	      0.06803860	     -0.53190965	    -15.13125030	      0.01310508	     -0.70978087	     -2.36231364	     -2.80395038	     -4.10731883	      0.02331600	     -0.02154607	      0.00988537	      0.00000000	      0.00000000	      0.00000000	      0.00382794	      0.01236996	     -0.00648042	      0.00000000	      0.00000000	      0.00000000	      0.03474267	      0.00319963	     -0.01412935	    215.15626707	     37.44200625	   -101.32789455	     30.09918281	      0.00000000	      0.00000000	      0.00000000	      0.00000000	   -202.69669922	     27.59448000	     53.43466015	      5.86583471	      0.00000000	      0.00000000	      0.00000000	      0.00000000	    -21.60043822	     -6.30063942	    -17.76754410	      4.84032821	     -0.58110913	     -4.98473282	      0.00000000	    -13.98492945	     -8.90640021	      0.00000000	    -19.77377785	     -4.44316482	    -20.67496095	      3.78944190	     14.89690267	     -4.98473282	      0.00000000	     -4.21910473	     -2.91379718	      0.00000000
     10.30000000	    -15.01448594	     -2.22421298	   -176.09410542	      0.36971343	      0.06752417	     -0.53148519	    -15.13597498	     -0.61661846	     -0.18184830	     -1.87408299	     -2.61789748	     -3.69805943	      0.02376486	     -0.02236041	      0.01184295	      0.00000000	      0.00000000	      0.00000000	      0.00523448	      0.01065977	     -0.00534328	      0.00000000	      0.00000000	      0.00000000	      0.03515477	      0.00284204	     -0.01224072	    216.12814459	     36.76456228	   -102.38459740	     30.11863023	      0.00000000	      0.00000000	      0.00000000	      0.00000000	   -202.40790685	     27.51343768	     52.77057459	      5.95695831	      0.00000000	      0.00000000	      0.00000000	      0.00000000	    -21.60586832	     -6.77805346	    -17.62936047	      5.03987909	     -0.82258046	     -4.98473282	      0.00000000	    -13.67767885	     -9.06278019	      0.00000000	    -19.96860339	     -4.02298511	    -20.67987259	      3.69591338	     14.89690267	     -4.98473282	      0.00000000	     -4.39379593	     -2.88659266	      0.00000000
     10.33333333	    -15.81356784	     -2.37363950	   -176.74321435	      0.36877727	      0.06702122	     -0.53071689	    -15.93965780	     -0.78382973	      0.04098663	     -0.98196668	     -2.00468574	     -3.09240023	      0.02546459	     -0.02354801	      0.00959889	      0.00000000	      0.00000000	      0.00000000	      0.00517157	      0.01380066	     -0.00644150	      0.00000000	      0.00000000	      0.00000000	      0.03292396	      0.00145080	     -0.01281248	    217.75850731	     37.54543600	   -104.62835998	     32.25542414	      0.00000000	      0.00000000	      0.00000000	      0.00000000	   -202.00475120	     27.52320941	     50.74001239	      4.77561275	      0.00000000	      0.00000000	      0.00000000	      0.00000000	    -22.41878101	     -7.12786263	    -17.02426026	      5.23412173	     -1.38752195	     -4.98473282	      0.00000000	    -13.28441521	     -9.01780597	      0.00000000	    -21.16886253	     -3.61890519	    -20.17929293	      4.04965051	     14.89690267	     -4.98473282	      0.00000000	     -5.44837953	     -4.44748543	      0.00000000
     10.36666667	    -16.56242544	     -2.56296515	   -177.04059061	      0.36741237	      0.06672958	     -0.53103188	    -16.66810374	     -1.11652730	      0.19353652	     -1.01913004	     -1.96343957	     -3.04959426	      0.02542883	     -0.02390459	      0.00970854	      0.00000000	      0.00000000	      0.00000000	      0.00419206	      0.01269382	     -0.00689171	      0.00000000	      0.00000000	      0.00000000	      0.03111191	      0.00131513	     -0.01281640	    219.10194720	     37.12691666	   -103.38608839	     32.80567507	      0.00000000	      0.00000000	      0.00000000	      0.00000000	   -201.22127631	     27.92176647	     47.65891459	      2.96894216	      0.00000000	      0.00000000	      0.00000000	      0.00000000	    -23.53994211	     -7.23048146	    -17.65204109	      5.91899762	     -1.56900899	     -4.98473282	      0.00000000	    -13.07399445	     -7.90910328	      0.00000000	    -21.98162381	     -3.49404331	    -18.14412230	      3.56587998	     14.89690267	     -4.98473282	      0.00000000	     -6.58633071	     -7.73747593	      0.00000000
     10.40000000	    -17.39898893	     -2.57068381	   -177.49314539	      0.36606286	      0.06655697	     -0.53128410	    -17.51136462	     -1.15761975	      0.66202887	     -1.87598316	     -2.24003775	     -3.13162389	      0.02369296	     -0.02290417	      0.00933177	      0.00000000	      0.00000000	      0.00000000	      0.00293334	      0.01180892	     -0.00881088	      0.00000000	      0.00000000	      0.00000000	      0.03067772	      0.00071185	     -0.01464871	    220.44095681	     36.16145007	   -100.08752295	     33.23148656	      0.00000000	      0.00000000	      0.00000000	      0.00000000	   -200.51925222	     28.36978920	     43.12531896	      0.75866154	      0.00000000	      0.00000000	      0.00000000	      0.00000000	    -24.72147337	     -7.20160826	    -18.83944096	      6.61432831	     -0.80814366	     -4.98473282	      0.00000000	    -13.01985623	     -6.37677737	      0.00000000	    -23.11425964	     -3.46361668	    -16.60532092	      3.44611536	     14.89690267	     -4.98473282	      0.00000000	     -7.63828797	    -10.34401256	      0.00000000
     10.43333333	    -17.87169376	     -2.24320595	   -177.83381424	      0.36551871	      0.06659861	     -0.53159356	    -18.02378785	     -0.75998013	      1.12909571	     -3.05677072	     -2.82610397	     -3.21968482	      0.02081567	     -0.02106574	      0.00900766	      0.00000000	      0.00000000	      0.00000000	      0.00147246	      0.01070001	     -0.00995205	      0.00000000	      0.00000000	      0.00000000	      0.03224170	     -0.00040101	     -0.01583234	    221.08722553	     35.24575557	    -97.47713618	     33.28471066	      0.00000000	      0.00000000	      0.00000000	      0.00000000	   -200.71767139	     28.20894673	     39.07534820	      0.00000000	      0.00000000	      0.00000000	      0.00000000	      0.00000000	    -25.38957101	     -6.83541332	    -19.74547058	      7.17848199	      0.37919486	     -4.98473282	      0.00000000	    -13.48038804	     -5.63183151	      0.00000000	    -23.87643909	     -3.76699501	    -16.07124833	      3.53116376	     14.89690267	     -4.98473282	      0.00000000	     -7.86636550	    -11.33425162	      0.00000000
     10.46666667	    -18.10070483	     -1.89381340	   -178.12388607	      0.36580443	      0.06691337	     -0.53153978	    -18.34174311	     -0.28083688	      1.35552866	     -3.62105397	     -3.27464678	     -2.73337068	      0.01890541	     -0.01943719	      0.00851991	      0.00000000	      0.00000000	      0.00000000	      0.00089305	      0.00964831	     -0.00977643	      0.00000000	      0.00000000	      0.00000000	      0.03320754	     -0.00184127	     -0.01763617	    220.86644789	     34.29444939	    -95.30844860	     32.56272280	      0.00000000	      0.00000000	      0.00000000	      0.00000000	   -201.19405679	     27.98130921	     38.42184989	      0.00000000	      0.00000000	      0.00000000	      0.00000000	      0.00000000	    -25.67953194	     -6.48104064	    -20.15645845	      7.57535878	      1.41159752	     -4.98473282	      0.00000000	    -13.94813565	     -5.90209407	      0.00000000	    -24.39009468	     -3.97923676	    -16.37028671	      3.99097140	     14.89690267	     -4.98473282	      0.00000000	     -8.17105551	    -11.58049763	      0.00000000
     10.50000000	    -18.33337958	     -1.73742805	   -178.46815904	      0.36696631	      0.06760681	     -0.53164304	    -18.72108274	     -0.06649157	      1.47696026	     -3.79971784	     -3.56930270	     -1.85159780	      0.01725619	     -0.01825324	      0.00815682	      0.00000000	      0.00000000	      0.00000000	      0.00218324	      0.00800784	     -0.00973855	      0.00000000	      0.00000000	      0.00000000	      0.03363517	     -0.00335489	     -0.01903828	    220.09228977	     32.64261102	    -91.75134896	     30.52292156	      0.00000000	      0.00000000	      0.00000000	      0.00000000	   -201.52639184	     27.81072749	     38.67245731	      0.00000000	      0.00000000	      0.00000000	      0.00000000	      0.00000000	    -25.83322668	     -6.29620242	    -20.96634693	      7.83452229	      2.90725032	     -4.98473282	      0.00000000	    -14.48694444	     -7.25671723	      0.00000000	    -24.78452860	     -3.90588557	    -17.27966658	      4.54784843	     14.89690267	     -4.98473282	      0.00000000	     -8.66119589	    -11.14769584	      0.00000000
     10.53333333	    -18.32632667	     -1.51579089	   -178.83538463	      0.36861145	      0.06844838	     -0.53197240	    -18.82588227	      0.16658296	      1.51082384	     -3.61304167	     -3.08507350	     -0.60043184	      0.01628315	     -0.01813822	      0.00631406	      0.00000000	      0.00000000	      0.00000000	      0.00413825	      0.00751734	     -0.00868377	      0.00000000	      0.00000000	      0.00000000	      0.03275862	     -0.00502377	     -0.01994689	    219.29724837	     31.97676688	    -89.88538094	     28.61570318	      0.00000000	      0.00000000	      0.00000000	      0.00000000	   -201.78649748	     27.75916662	     38.93392039	      0.00000000	      0.00000000	      0.00000000	      0.00000000	      0.00000000	    -25.63219312	     -6.04885962	    -22.08447662	      8.08299726	      4.44126845	     -4.98473282	      0.00000000	    -15.05373714	     -8.37608390	      0.00000000	    -24.84826011	     -3.88169302	    -18.54825430	      5.01462010	     14.89690267	     -4.98473282	      0.00000000	     -8.86964574	    -10.18786991	      0.00000000
     10.56666667	    -18.03775081	     -1.30212100	   -179.13170252	      0.37080000	      0.06916407	     -0.53278670	    -18.64994802	      0.28144196	      1.31813596	     -3.35756859	     -2.10422410	      0.74193295	      0.01536491	     -0.01887531	      0.00442162	      0.00000000	      0.00000000	      0.00000000	      0.00694282	      0.00815919	     -0.00701951	      0.00000000	      0.00000000	      0.00000000	      0.03106580	     -0.00640389	     -0.02043866	    219.30086601	     32.92789993	    -92.36250639	     28.47401445	      0.00000000	      0.00000000	      0.00000000	      0.00000000	   -201.91850802	     27.60552573	     38.84743598	      0.00000000	      0.00000000	      0.00000000	      0.00000000	      0.00000000	    -25.03842460	     -5.75423205	    -23.79742206	      8.30080883	      5.98654306	     -4.98473282	      0.00000000	    -15.42651395	     -8.20516534	      0.00000000	    -24.52506376	     -3.93784360	    -19.84539514	      5.28247080	     14.89690267	     -4.98473282	      0.00000000	     -8.67707350	     -8.93678836	      0.00000000
     10.60000000	    -17.49608726	     -1.18910831	   -179.37100185	      0.37244596	      0.06927682	     -0.53372065	    -18.05233912	      0.17142755	      1.00751387	     -3.20424128	     -0.76681398	      2.08864102	      0.01573101	     -0.01992472	      0.00342807	      0.00000000	      0.00000000	      0.00000000	      0.00961276	      0.01019409	     -0.00479425	      0.00000000	      0.00000000	      0.00000000	      0.02993516	     -0.00696194	     -0.02048506	    220.65300484	     35.02491919	    -96.73628350	     30.67658681	      0.00000000	      0.00000000	      0.00000000	      0.00000000	   -201.90242849	     27.50153544	     39.36749391	      0.00000000	      0.00000000	      0.00000000	      0.00000000	      0.00000000	    -24.27770404	     -5.52988282	    -25.35026165	      8.65063466	      7.09243766	     -4.98473282	      0.00000000	    -15.51511393	     -7.02565783	      0.00000000	    -24.01687147	     -3.97497777	    -20.67635017	      5.50306775	     14.89690267	     -4.98473282	      0.00000000	     -8.30958437	     -7.94906898	      0.00000000
     10.63333333	    -17.09688561	     -1.30033648	   -179.38257129	      0.37379964	      0.06912746	     -0.53389533	    -17.73690240	     -0.05442973	      0.36778709	     -3.37944986	     -0.39712220	      2.83841926	      0.01416484	     -0.02037527	      0.00450315	      0.00000000	      0.00000000	      0.00000000	      0.00962054	      0.01328863	     -0.00320013	      0.00000000	      0.00000000	      0.00000000	      0.02761576	     -0.00684431	     -0.01905528	    222.52103962	     36.94731239	    -99.68705496	     33.69133006	      0.00000000	      0.00000000	      0.00000000	      0.00000000	   -202.53966983	     26.88680226	     41.64401172	      1.19257683	      0.00000000	      0.00000000	      0.00000000	      0.00000000	    -23.69414295	     -5.51288359	    -27.24287681	      8.81644619	      8.40408164	     -4.98473282	      0.00000000	    -15.13195136	     -5.85789364	      0.00000000	    -23.53423564	     -3.88511972	    -21.41686901	      5.57413791	     14.89690267	     -4.98473282	      0.00000000	     -7.79732331	     -6.22660294	      0.00000000
     10.66666667	    -16.92018379	     -1.67401354	   -179.21980104	      0.37350434	      0.06871390	     -0.53365985	    -17.45600438	     -0.56938570	     -0.14100627	     -3.54298388	     -0.16757720	      3.04813205	      0.01409238	     -0.02026978	      0.00711031	      0.00000000	      0.00000000	      0.00000000	      0.00959952	      0.01224850	     -0.00219354	      0.00000000	      0.00000000	      0.00000000	      0.02737784	     -0.00539473	     -0.01452394	    223.51472532	     36.25369038	    -96.69209308	     33.68026974	      0.00000000	      0.00000000	      0.00000000	      0.00000000	   -203.82456357	     26.26607449	     46.09542922	      3.95651398	      0.00000000	      0.00000000	      0.00000000	      0.00000000	    -23.70365265	     -5.74605706	    -28.56719684	      9.13298349	      9.93377673	     -4.98473282	      0.00000000	    -14.93190578	     -6.32850459	      0.00000000	    -23.41633648	     -3.50628774	    -22.46975358	      5.93489172	     14.89690267	     -4.98473282	      0.00000000	     -7.18226801	     -3.30267638	      0.00000000
     10.70000000	    -17.13209203	     -2.05185328	   -179.08412114	      0.37255918	      0.06849416	     -0.53259613	    -17.59906628	     -0.95429877	     -0.33842116	     -3.57307421	     -1.17339022	      1.94972207	      0.01384057	     -0.01956110	      0.01073447	      0.00000000	      0.00000000	      0.00000000	      0.00777010	      0.00972324	     -0.00033755	      0.00000000	      0.00000000	      0.00000000	      0.02596510	     -0.00471840	     -0.01361717	    222.63802840	     35.11881663	    -94.16314416	     31.79737277	      0.00000000	      0.00000000	      0.00000000	      0.00000000	   -203.70445911	     26.43521733	     47.11675008	      4.36102617	      0.00000000	      0.00000000	      0.00000000	      0.00000000	    -24.08252923	     -6.24492855	    -28.39736763	      9.00765237	     10.27095521	     -4.98473282	      0.00000000	    -14.99410260	     -7.47618922	      0.00000000	    -23.79658309	     -3.07524621	    -22.39505122	      6.26631614	     14.89690267	     -4.98473282	      0.00000000	     -7.33555888	     -2.31699805	      0.00000000
     10.73333333	    -17.25144882	     -2.16488299	   -178.97956008	      0.37092487	      0.06793511	     -0.53142773	    -17.49371893	     -0.90105342	     -0.17744182	     -3.61395708	     -2.28171818	      0.69096521	      0.01407345	     -0.01829300	      0.01244326	      0.00000000	      0.00000000	      0.00000000	      0.00697114	      0.00823740	     -0.00152340	      0.00000000	      0.00000000	      0.00000000	      0.02603636	     -0.00446000	     -0.01379969	    221.40020326	     33.62734738	    -90.82408591	     29.72124016	      0.00000000	      0.00000000	      0.00000000	      0.00000000	   -203.50392269	     26.59414287	     45.96523022	      4.60140741	      0.00000000	      0.00000000	      0.00000000	      0.00000000	    -24.46390897	     -6.52928485	    -27.60565662	      8.86479675	     10.28797848	     -4.98473282	      0.00000000	    -15.09577082	     -8.33860906	      0.00000000	    -24.08394920	     -2.95635254	    -21.88514750	      6.31247916	     14.89690267	     -4.98473282	      0.00000000	     -7.24962621	     -2.29604358	      0.00000000
     10.76666667	    -17.08815869	     -2.09801211	   -178.90320451	      0.36974113	      0.06720479	     -0.53059668	    -17.05871471	     -0.73097348	      0.20762121	     -3.58898867	     -3.09691635	     -0.48126002	      0.01470849	     -0.01735508	      0.01359506	      0.00000000	      0.00000000	      0.00000000	      0.00775740	      0.00728211	     -0.00314474	      0.00000000	      0.00000000	      0.00000000	      0.02661421	     -0.00319019	     -0.01462437	    220.82729945	     32.13517211	    -87.36300868	     28.86393564	      0.00000000	      0.00000000	      0.00000000	      0.00000000	   -202.86835677	     26.91905745	     43.22825120	      4.28085197	      0.00000000	      0.00000000	      0.00000000	      0.00000000	    -24.48395181	     -6.66359714	    -25.82899092	      8.58476151	      8.97377547	     -4.98473282	      0.00000000	    -14.97611529	     -8.14622522	      0.00000000	    -23.95939194	     -3.07004534	    -20.24231315	      6.00797522	     14.89690267	     -4.98473282	      0.00000000	     -7.78273825	     -5.01277507	      0.00000000
     10.80000000	    -17.10588697	     -2.06816243	   -178.81930986	      0.36894035	      0.06639217	     -0.53028063	    -16.84030959	     -0.61420266	      0.17480613	     -3.55657998	     -3.18552091	     -0.54851291	      0.01590434	     -0.01678464	      0.01315762	      0.00000000	      0.00000000	      0.00000000	      0.00938161	      0.00752022	     -0.00253088	      0.00000000	      0.00000000	      0.00000000	      0.02784467	     -0.00142595	     -0.01634431	    220.55133019	     32.03744383	    -87.33913446	     29.19664268	      0.00000000	      0.00000000	      0.00000000	      0.00000000	   -202.60025729	     27.01740355	     43.20744719	      4.46982466	      0.00000000	      0.00000000	      0.00000000	      0.00000000	    -24.64876342	     -6.62055472	    -25.56463500	      8.42726484	      9.11684400	     -4.98473282	      0.00000000	    -14.99158541	     -7.97957974	      0.00000000	    -23.95398358	     -3.12231769	    -20.15958225	      5.94192474	     14.89690267	     -4.98473282	      0.00000000	     -7.87558887	     -5.04902160	      0.00000000
     10.83333333	    -16.98912210	     -1.97164946	   -178.95082023	      0.36977221	      0.06630131	     -0.52996782	    -16.84927701	     -0.39969458	      0.46931942	     -2.97222911	     -3.92410925	     -1.26509101	      0.01612596	     -0.01791366	      0.01269759	      0.00000000	      0.00000000	      0.00000000	      0.00946053	      0.01153297	     -0.00632218	      0.00000000	      0.00000000	      0.00000000	      0.02900410	     -0.00081056	     -0.01648721	    222.42730067	     31.78142277	    -87.30102947	     32.36356064	      0.00000000	      0.00000000	      0.00000000	      0.00000000	   -202.83901930	     26.99550745	     47.40936335	      4.93692338	      0.00000000	      0.00000000	      0.00000000	      0.00000000	    -24.43187517	     -6.78255313	    -22.52520291	      8.21611202	      5.05692461	     -4.98473282	      0.00000000	    -14.29946307	     -6.12322904	      0.00000000	    -23.72855679	     -3.19767873	    -18.55835595	      5.63206943	     14.89690267	     -4.98473282	      0.00000000	     -9.04027710	     -8.24714212	      0.00000000
     10.86666667	    -17.57610039	     -1.93574327	   -179.22981395	      0.36988700	      0.06663856	     -0.52968538	    -17.60627691	     -0.24763178	      0.55606241	     -1.99969685	     -3.74015355	     -0.85223569	      0.01805726	     -0.01996273	      0.01096101	      0.00000000	      0.00000000	      0.00000000	      0.00904013	      0.01132312	     -0.00408253	      0.00000000	      0.00000000	      0.00000000	      0.02889171	     -0.00082161	     -0.01597569	    220.95046102	     32.98431551	    -91.66998748	     32.15962229	      0.00000000	      0.00000000	      0.00000000	      0.00000000	   -203.60228208	     26.92040962	     53.57949816	      5.74639371	      0.00000000	      0.00000000	      0.00000000	      0.00000000	    -24.99949209	     -6.91485307	    -21.55237200	      8.37135885	      3.95401172	     -4.98473282	      0.00000000	    -14.56358286	     -6.04883105	      0.00000000	    -24.56233248	     -3.08305497	    -19.86615869	      6.10643610	     14.89690267	     -4.98473282	      0.00000000	     -8.47212949	     -5.76897129	      0.00000000
     10.90000000	    -18.32177991	     -1.81460264	   -179.35611879	      0.36983043	      0.06717499	     -0.52974029	    -18.57057815	     -0.10266554	      0.52231529	     -1.19719441	     -3.21074142	     -0.31893713	      0.01964350	     -0.02187757	      0.01012596	      0.00000000	      0.00000000	      0.00000000	      0.01114434	      0.01224065	     -0.00445995	      0.00000000	      0.00000000	      0.00000000	      0.02682190	     -0.00089697	     -0.01348860	    220.35615024	     33.92334186	    -96.10666035	     33.25053675	      0.00000000	      0.00000000	      0.00000000	      0.00000000	   -204.41671512	     26.73242298	     57.30984148	      6.52247352	      0.00000000	      0.00000000	      0.00000000	      0.00000000	    -25.66099306	     -6.83983528	    -21.46334592	      8.40243740	      4.08752440	     -4.98473282	      0.00000000	    -14.90547046	     -6.91128908	      0.00000000	    -25.47318028	     -3.11536386	    -21.41219401	      6.42915847	     14.89690267	     -4.98473282	      0.00000000	     -7.62602302	     -3.75077628	      0.00000000
     10.93333333	    -18.85612678	     -1.70782556	   -179.30701985	      0.36944450	      0.06745646	     -0.52991741	    -19.25520686	      0.00177254	      0.51913463	     -0.75543031	     -2.80330461	      0.11561211	      0.02040478	     -0.02268495	      0.01043705	      0.00000000	      0.00000000	      0.00000000	      0.01288469	      0.01297461	     -0.00345815	      0.00000000	      0.00000000	      0.00000000	      0.02501598	     -0.00094721	     -0.01163857	    219.90958118	     34.37722426	    -98.65649706	     34.17596430	      0.00000000	      0.00000000	      0.00000000	      0.00000000	   -204.78926986	     26.47422685	     57.28073658	      6.86444173	      0.00000000	      0.00000000	      0.00000000	      0.00000000	    -26.18010646	     -6.65539665	    -21.59623531	      8.34939226	      4.67377001	     -4.98473282	      0.00000000	    -14.95426391	     -7.74908171	      0.00000000	    -26.04634938	     -3.26434831	    -21.94694685	      6.44371359	     14.89690267	     -4.98473282	      0.00000000	     -7.11510451	     -3.22925633	      0.00000000
     10.96666667	    -18.96809699	     -1.65909664	   -179.00352561	      0.36892322	      0.06747377	     -0.53000412	    -19.40620365	      0.05130759	      0.38680206	     -0.66925471	     -2.66015496	      0.24213091	      0.02012497	     -0.02261044	      0.01146329	      0.00000000	      0.00000000	      0.00000000	      0.01392283	      0.01335646	     -0.00209768	      0.00000000	      0.00000000	      0.00000000	      0.02457839	     -0.00102635	     -0.01087562	    220.00538693	     34.15266043	    -98.68066332	     34.31680894	      0.00000000	      0.00000000	      0.00000000	      0.00000000	   -204.82013535	     26.40222257	     56.70990499	      6.98691037	      0.00000000	      0.00000000	      0.00000000	      0.00000000	    -26.34595106	     -6.39173587	    -21.68794273	      8.24156489	      4.67611786	     -4.98473282	      0.00000000	    -14.59057027	     -8.02360978	      0.00000000	    -26.05414103	     -3.39955423	    -22.03505437	      6.38850938	     14.89690267	     -4.98473282	      0.00000000	     -7.14404418	     -3.43150937	      0.00000000
     11.00000000	    -18.90403796	     -1.78243412	   -178.53526007	      0.36837456	      0.06711166	     -0.52995678	    -19.30073072	     -0.05246544	      0.00058577	     -0.48175237	     -2.38979286	      0.45125321	      0.02003667	     -0.02187351	      0.01175761	      0.00000000	      0.00000000	      0.00000000	      0.01492695	      0.01338502	     -0.00156286	      0.00000000	      0.00000000	      0.00000000	      0.02840930	     -0.00260677	     -0.01236990	    220.43131807	     33.03475453	    -95.59313067	     33.42879541	      0.00000000	      0.00000000	      0.00000000	      0.00000000	   -204.15580622	     25.58659522	     50.54680993	      6.35716674	      0.00000000	      0.00000000	      0.00000000	      0.00000000	    -26.51915369	     -6.23879704	    -21.81220632	      8.40705326	      4.28067624	     -4.98473282	      0.00000000	    -14.49828339	     -8.09206342	      0.00000000	    -25.73644480	     -3.53095315	    -20.09706834	      5.88029171	     14.89690267	     -4.98473282	      0.00000000	     -7.63557162	     -6.06350331	      0.00000000
     11.03333333	    -18.65902817	     -2.24299393	   -178.38607344	      0.36776673	      0.06657641	     -0.52992971	    -18.93141901	     -0.70575567	     -0.15766669	     -0.36231077	     -2.62609514	      0.33328090	      0.01968678	     -0.02069442	      0.01313277	      0.00000000	      0.00000000	      0.00000000	      0.01402451	      0.01369640	      0.00004389	      0.00000000	      0.00000000	      0.00000000	      0.03156906	     -0.00245407	     -0.01436420	    220.67684054	     33.19573616	    -95.63259365	     32.33776590	      0.00000000	      0.00000000	      0.00000000	      0.00000000	   -203.61182182	     25.60060053	     50.50247341	      6.17415119	      0.00000000	      0.00000000	      0.00000000	      0.00000000	    -26.50492058	     -6.58590403	    -22.06210082	      8.70968499	      3.72102250	     -4.98473282	      0.00000000	    -14.28563327	     -8.13009685	      0.00000000	    -25.37122433	     -3.10572600	    -19.78128111	      5.75930535	     14.89690267	     -4.98473282	      0.00000000	     -7.87687614	     -6.07353206	      0.00000000
     11.06666667	    -18.64765211	     -2.22908855	   -178.62488781	      0.36761010	      0.06629341	     -0.52991303	    -18.84609296	     -0.79733522	     -0.19902107	     -0.31218200	     -2.69881686	      0.29725571	      0.01814987	     -0.01964100	      0.01122353	      0.00000000	      0.00000000	      0.00000000	      0.01642638	      0.01507568	     -0.00217543	      0.00000000	      0.00000000	      0.00000000	      0.03225360	     -0.00239168	     -0.01674572	    220.88503223	     33.28901731	    -95.68280178	     32.01563641	      0.00000000	      0.00000000	      0.00000000	      0.00000000	   -203.61108504	     25.45968639	     50.57140892	      6.03976077	      0.00000000	      0.00000000	      0.00000000	      0.00000000	    -26.40955794	     -6.69077563	    -22.17990562	      8.71942741	      3.57053654	     -4.98473282	      0.00000000	    -14.37149671	     -8.13531916	      0.00000000	    -25.42629903	     -3.05938784	    -19.67616871	      5.69049207	     14.89690267	     -4.98473282	      0.00000000	     -7.80288883	     -6.07741343	      0.00000000
     11.10000000	    -18.08923353	     -2.44053296	   -178.58209894	      0.36773974	      0.06626650	     -0.53025845	    -18.18467300	     -1.19547924	     -0.16728541	      0.64694052	     -4.13355683	     -0.38223022	      0.01870025	     -0.02030051	      0.01321779	      0.00000000	      0.00000000	      0.00000000	      0.01633326	      0.01210909	     -0.00004411	      0.00000000	      0.00000000	      0.00000000	      0.03137069	     -0.00212978	     -0.01832300	    219.98747042	     33.48401197	    -96.53698563	     30.69028060	      0.00000000	      0.00000000	      0.00000000	      0.00000000	   -202.80993860	     26.18026987	     51.31431290	      4.44556893	      0.00000000	      0.00000000	      0.00000000	      0.00000000	    -25.91713270	     -6.88251241	    -22.13098726	      8.97758011	      2.48218852	     -4.98473282	      0.00000000	    -14.68086636	     -7.43506454	      0.00000000	    -24.52726308	     -3.03071078	    -19.02187473	      4.87024725	     14.89690267	     -4.98473282	      0.00000000	     -7.20365522	     -6.61129637	      0.00000000
     11.13333333	    -18.15150369	     -2.11137330	   -179.05584031	      0.36758469	      0.06647309	     -0.53053595	    -18.12811476	     -0.93424685	     -0.00672615	      1.24802676	     -4.93015824	     -0.10850583	      0.01863477	     -0.02088640	      0.01207322	      0.00000000	      0.00000000	      0.00000000	      0.01799427	      0.01274082	      0.00035562	      0.00000000	      0.00000000	      0.00000000	      0.02842480	     -0.00286587	     -0.01953282	    220.55915355	     33.66564408	    -94.69705358	     31.98087260	      0.00000000	      0.00000000	      0.00000000	      0.00000000	   -202.98765356	     26.41074369	     49.90028480	      3.30062932	      0.00000000	      0.00000000	      0.00000000	      0.00000000	    -25.82271685	     -6.76301121	    -21.49537607	      8.93688394	      1.97973758	     -4.98473282	      0.00000000	    -14.52228345	     -6.73533558	      0.00000000	    -24.65393855	     -3.18802752	    -19.46481262	      4.64222560	     14.89690267	     -4.98473282	      0.00000000	     -6.98538704	     -7.42753953	      0.00000000
     11.16666667	    -18.28730475	     -1.65784382	   -179.29207960	      0.36753355	      0.06687640	     -0.53098401	    -18.15885755	     -0.43935812	      0.00891320	      1.57866483	     -5.39319711	     -0.22186596	      0.01907369	     -0.02149547	      0.00963352	      0.00000000	      0.00000000	      0.00000000	      0.01936372	      0.01413396	      0.00135228	      0.00000000	      0.00000000	      0.00000000	      0.02570767	     -0.00501428	     -0.02136495	    222.14615555	     33.37437615	    -90.68520665	     34.27160742	      0.00000000	      0.00000000	      0.00000000	      0.00000000	   -203.17279981	     26.49888738	     45.78652706	      1.97905011	      0.00000000	      0.00000000	      0.00000000	      0.00000000	    -25.78446434	     -6.40473620	    -21.07184822	      8.84307137	      2.07491921	     -4.98473282	      0.00000000	    -14.52323130	     -6.67733365	      0.00000000	    -24.89842184	     -3.55322823	    -20.27112743	      4.74062195	     14.89690267	     -4.98473282	      0.00000000	     -6.88390110	     -7.07131156	      0.00000000
     11.20000000	    -18.09351380	     -1.10789296	   -179.72787428	      0.36805716	      0.06724895	     -0.53183496	    -17.97085181	      0.01144279	      0.36778627	      1.57387184	     -4.99494753	     -0.45968174	      0.01967306	     -0.02204968	      0.00646732	      0.00000000	      0.00000000	      0.00000000	      0.01904169	      0.01488771	      0.00510042	      0.00000000	      0.00000000	      0.00000000	      0.02320394	     -0.00760527	     -0.02386218	    223.36930824	     33.75869328	    -89.33951874	     36.07629009	      0.00000000	      0.00000000	      0.00000000	      0.00000000	   -203.38210690	     26.51706129	     43.27373730	      1.31617818	      0.00000000	      0.00000000	      0.00000000	      0.00000000	    -25.24733813	     -5.93575997	    -20.86773847	      8.87320982	      2.26069951	     -4.98473282	      0.00000000	    -14.44608651	     -6.62542157	      0.00000000	    -24.73349632	     -3.99273808	    -20.99280164	      4.71441981	     14.89690267	     -4.98473282	      0.00000000	     -6.85525416	     -7.15421621	      0.00000000
     11.23333333	    -18.09441698	     -0.99175801	   -179.88047506	      0.36908788	      0.06787794	     -0.53225052	    -18.16724114	      0.01644073	      0.48030394	      1.43121084	     -4.77713550	     -0.45139783	      0.02159737	     -0.02168498	      0.00648249	      0.00000000	      0.00000000	      0.00000000	      0.01988654	      0.01325399	      0.00779111	      0.00000000	      0.00000000	      0.00000000	      0.02156575	     -0.00780748	     -0.02457509	    223.59427449	     33.72406301	    -89.42271561	     35.97141333	      0.00000000	      0.00000000	      0.00000000	      0.00000000	   -203.76982073	     26.59473912	     43.23982438	      1.09046162	      0.00000000	      0.00000000	      0.00000000	      0.00000000	    -25.02108934	     -5.83340293	    -20.82603031	      8.85595696	      2.27079205	     -4.98473282	      0.00000000	    -14.57209581	     -6.56374222	      0.00000000	    -24.59048759	     -4.20064698	    -20.81456462	      4.50700946	     14.89690267	     -4.98473282	      0.00000000	     -7.26017466	     -6.89431445	      0.00000000
     11.26666667	    -17.06574531	     -0.81582747	   -180.16277571	      0.37076364	      0.06897645	     -0.53268840	    -17.17746042	     -0.09141106	      1.19834740	     -0.89511565	     -0.51082975	     -1.28325023	      0.02172139	     -0.02009195	     -0.00200318	      0.00000000	      0.00000000	      0.00000000	      0.01879560	      0.01158344	      0.00826813	      0.00000000	      0.00000000	      0.00000000	      0.02413607	     -0.00685023	     -0.02473194	    224.16746635	     33.86705164	    -90.40495623	     35.18967923	      0.00000000	      0.00000000	      0.00000000	      0.00000000	   -203.46391167	     27.24293294	     42.19097291	      0.00000000	      0.00000000	      0.00000000	      0.00000000	      0.00000000	    -23.51910140	     -5.78139384	    -20.51494466	      8.45667796	      1.73666329	     -4.98473282	      0.00000000	    -15.16879379	     -6.23078458	      0.00000000	    -23.35541663	     -4.40426768	    -20.99299010	      4.31540328	     14.70845923	     -4.98473282	      0.00000000	     -7.55623662	     -5.88108086	      0.00000000
     11.30000000	    -15.88583779	     -0.91612587	   -180.29825053	      0.37346104	      0.07043365	     -0.53258334	    -16.27305943	     -0.47754009	      1.58349595	     -3.13547297	      3.42336176	     -2.78041428	      0.02210898	     -0.01716450	     -0.00922823	      0.00000000	      0.00000000	      0.00000000	      0.01921538	      0.00803830	      0.00485675	      0.00000000	      0.00000000	      0.00000000	      0.02839404	     -0.00331810	     -0.02027435	    223.99766630	     32.70745811	    -90.14763091	     32.62524513	      0.00000000	      0.00000000	      0.00000000	      0.00000000	   -204.00244197	     27.02423680	     39.76812861	      0.00000000	      0.00000000	      0.00000000	      0.00000000	      0.00000000	    -21.74965862	     -6.01557907	    -20.02400284	      7.64074768	      0.52230486	     -4.98473282	      0.00000000	    -15.85697814	     -6.09438736	      0.00000000	    -21.65476511	     -4.36822758	    -20.87949076	      3.81614719	     13.15183128	     -4.98473282	      0.00000000	     -7.33818079	     -3.31180639	      0.00000000
