Coordinates
version=1
nRows=275
nColumns=64
inDegrees=yes

Units are S.I. units (second, meters, Newtons, ...)
If the header above contains a line with 'inDegrees', this indicates whether rotational values are in degrees (yes) or radians (no).

endheader
time	pelvic_tilt	pelvic_list	pelvic_rotation	pelvic_tx	pelvic_ty	pelvic_tz	lumbar_extension	lumbar_bending	lumbar_rotation	neck_flex	neck_tilt	neck_rot	neck_tx1	neck_ty1	neck_tz1	SternumRRotZ	SternumRRotX	SternumRRotY	SternumRX	SternumRY	SternumRZ	SternumLRotZ	SternumLRotX	SternumLRotY	SternumLX	SternumLY	SternumLZ	shoulder_add_r	shoulder_flex_r	shoulder_rot_r	elbow_flexion_r	elbow_varus_valg_r	pro_sup_r	wrist_dev_r	wrist_flex_r	shoulder_add_l	shoulder_flex_l	shoulder_rot_l	elbow_flexion_l	elbow_varus_valg_l	pro_sup_l	wrist_dev_l	wrist_flex_l	hip_flexion_r	hip_adduction_r	hip_rotation_r	knee_angle_r	knee_rotation_r	knee_adduction_r	knee_tz_r	ankle_angle_r	subtalar_angle_r	mtp_angle_r	hip_flexion_l	hip_adduction_l	hip_rotation_l	knee_angle_l	knee_rotation_l	knee_adduction_l	knee_tz_l	ankle_angle_l	subtalar_angle_l	mtp_angle_l
      0.03333333	     -0.54049322	     -1.03375902	    181.14812560	     -0.36220631	      0.00332288	     -0.45507966	     -3.37476236	     -0.40552209	     -3.07740054	     -7.50334684	      0.16649399	     -1.48570687	      0.00613206	     -0.00460668	      0.00574881	      0.00000000	      0.00000000	      0.00000000	     -0.00380580	     -0.00894933	      0.01509345	      0.00000000	      0.00000000	      0.00000000	     -0.01120713	     -0.01312521	     -0.01847224	    263.08010865	      2.10616738	    -78.85410162	     99.13560729	      0.00000000	      0.00000000	      0.00000000	      0.00000000	   -260.50595677	     -9.15657302	     67.32777481	     91.00103508	      0.00000000	      0.00000000	      0.00000000	      0.00000000	     -3.37319100	     -7.80129953	    -10.81032737	      1.65278717	     -4.97792792	     -2.41516546	      0.00000000	     -7.37967771	      1.49719164	      0.00000000	     -7.40338361	     -3.18396367	    -24.42066924	      7.51501884	     11.33002600	     -3.42499407	      0.00000000	      2.17055687	     11.49217365	      0.00000000
      0.06666667	      0.94268514	     -0.96387517	    181.42620083	     -0.36110487	      0.00174624	     -0.45471596	     -1.59873745	     -0.38908598	     -2.50340017	    -11.43047148	      0.06304761	     -1.24186328	      0.00070587	      0.00026202	      0.00393988	      0.00000000	      0.00000000	      0.00000000	     -0.00099628	     -0.00115962	      0.00958601	      0.00000000	      0.00000000	      0.00000000	     -0.00495980	     -0.01121644	     -0.01349456	    265.24588543	      1.09863617	    -78.77866308	     99.96790492	      0.00000000	      0.00000000	      0.00000000	      0.00000000	   -262.59184767	     -9.04816774	     67.63549868	     91.98193517	      0.00000000	      0.00000000	      0.00000000	      0.00000000	     -1.65089360	     -7.84306391	     -9.68028062	      1.79317621	     -6.97052785	     -2.45274910	      0.00000000	     -7.41911675	      1.92362709	      0.00000000	     -5.67455903	     -3.39881694	    -24.77253680	      7.10013096	      9.33769742	     -3.47461304	      0.00000000	      2.66213050	     13.45335271	      0.00000000
      0.10000000	      1.11472277	     -0.92922349	    181.60005310	     -0.36048327	      0.00076730	     -0.45435285	     -1.45254886	     -0.33212006	     -2.28017687	    -14.40586290	      0.54711392	     -0.46030509	     -0.00469673	      0.00483864	      0.00142799	      0.00000000	      0.00000000	      0.00000000	      0.00119424	      0.00270041	      0.00629301	      0.00000000	      0.00000000	      0.00000000	     -0.00299781	     -0.01041837	     -0.01086981	    266.03232689	      0.40368647	    -79.05722384	     99.91933927	      0.00000000	      0.00000000	      0.00000000	      0.00000000	   -263.65789307	     -8.78520765	     68.22252540	     92.16140169	      0.00000000	      0.00000000	      0.00000000	      0.00000000	     -1.31847114	     -7.80928448	     -9.28242946	      1.79215662	     -7.33557236	     -2.74060882	      0.00000000	     -7.46637258	      1.77267375	      0.00000000	     -5.30009446	     -3.50770144	    -24.92581629	      6.65708228	      9.33238189	     -3.60705916	      0.00000000	      3.18160798	     13.85159405	      0.00000000
      0.13333333	      1.38128782	     -0.81305391	    181.62438818	     -0.36087174	      0.00043439	     -0.45429416	     -1.04592820	     -0.20751487	     -2.18963746	    -16.17878213	      0.36485530	     -0.13057148	     -0.00740611	      0.00728492	      0.00111865	      0.00000000	      0.00000000	      0.00000000	      0.00246154	      0.00262264	      0.00570650	      0.00000000	      0.00000000	      0.00000000	     -0.00404080	     -0.01078136	     -0.01004741	    265.75382130	     -0.02694337	    -79.01687391	     99.45665325	      0.00000000	      0.00000000	      0.00000000	      0.00000000	   -263.74146117	     -7.95810805	     68.81222082	     91.52984614	      0.00000000	      0.00000000	      0.00000000	      0.00000000	     -0.94798745	     -7.69425280	     -8.80990025	      1.60611242	     -7.54675922	     -2.92085767	      0.00000000	     -7.33701087	      1.32654015	      0.00000000	     -5.05303809	     -3.65605469	    -25.13404387	      6.73645219	      9.62847828	     -3.40882669	      0.00000000	      3.33340148	     14.09247063	      0.00000000
      0.16666667	      1.37839550	     -0.81528012	    181.45240891	     -0.36201327	      0.00038854	     -0.45436228	     -0.83741250	     -0.28273436	     -2.17812296	    -16.22789919	      0.30711743	     -0.16174040	     -0.00661294	      0.00722506	      0.00178838	      0.00000000	      0.00000000	      0.00000000	      0.00365129	      0.00215201	      0.00692271	      0.00000000	      0.00000000	      0.00000000	     -0.00434890	     -0.00958997	     -0.00965150	    265.61276268	     -0.08562064	    -79.03947470	     99.48389399	      0.00000000	      0.00000000	      0.00000000	      0.00000000	   -263.71098671	     -7.97404011	     68.89306690	     91.44289147	      0.00000000	      0.00000000	      0.00000000	      0.00000000	     -0.95187944	     -7.69680677	     -8.78853060	      1.48930386	     -7.56688198	     -2.97345837	      0.00000000	     -7.39124197	      1.29361190	      0.00000000	     -5.16661655	     -3.64708038	    -24.98929373	      6.81891336	      9.78329496	     -3.29231939	      0.00000000	      3.39445896	     14.17400055	      0.00000000
      0.20000000	      1.47194568	     -0.84415248	    181.15474988	     -0.36358287	      0.00032055	     -0.45418792	     -0.50396638	     -0.30885467	     -1.96668524	    -16.34314703	     -0.44553735	     -0.70902444	     -0.00622795	      0.00736712	      0.00389611	      0.00000000	      0.00000000	      0.00000000	      0.00590032	      0.00077652	      0.00768970	      0.00000000	      0.00000000	      0.00000000	     -0.00382465	     -0.00977692	     -0.00927862	    265.21486095	     -0.75395136	    -79.09462381	     99.34326981	      0.00000000	      0.00000000	      0.00000000	      0.00000000	   -263.47334272	     -8.54345874	     68.26012746	     91.28943121	      0.00000000	      0.00000000	      0.00000000	      0.00000000	     -0.84155077	     -7.74505082	     -8.42324523	      1.29239660	     -7.45518371	     -3.00574802	      0.00000000	     -7.40820283	      1.32766635	      0.00000000	     -5.38295410	     -3.60161824	    -25.03883115	      7.10369238	      9.74811556	     -3.06181067	      0.00000000	      3.37882412	     14.11368092	      0.00000000
      0.23333333	      1.50116128	     -0.86615071	    181.06716520	     -0.36505883	      0.00029727	     -0.45432967	     -0.38680049	     -0.32567068	     -1.98464732	    -16.32499942	     -0.46203551	     -0.74277228	     -0.00677731	      0.00746146	      0.00468628	      0.00000000	      0.00000000	      0.00000000	      0.00555170	      0.00017814	      0.00790750	      0.00000000	      0.00000000	      0.00000000	     -0.00520551	     -0.00995524	     -0.00908095	    265.22225982	     -0.77225463	    -79.11842946	     99.35698147	      0.00000000	      0.00000000	      0.00000000	      0.00000000	   -263.47210129	     -8.58310872	     68.25954798	     91.31028431	      0.00000000	      0.00000000	      0.00000000	      0.00000000	     -0.88632101	     -7.72578744	     -8.43337420	      1.26491180	     -7.47065504	     -2.99848999	      0.00000000	     -7.40299720	      1.33127343	      0.00000000	     -5.48627377	     -3.59733612	    -25.03135235	      7.03618757	      9.74063284	     -3.07785308	      0.00000000	      3.36810708	     14.12050490	      0.00000000
      0.26666667	      1.23637687	     -1.14130261	    180.18203256	     -0.36639327	      0.00012979	     -0.45377803	     -0.48388819	     -0.62393604	     -1.70010341	    -15.58161493	     -0.95674034	     -2.10597027	     -0.00381793	      0.00637090	      0.00480608	      0.00000000	      0.00000000	      0.00000000	      0.00841391	      0.00203922	      0.00817493	      0.00000000	      0.00000000	      0.00000000	     -0.00431869	     -0.00821522	     -0.00911700	    266.03415255	     -0.23717850	    -79.28857687	    100.01793487	      0.00000000	      0.00000000	      0.00000000	      0.00000000	   -263.85796504	    -10.05571819	     68.16059328	     92.12926718	      0.00000000	      0.00000000	      0.00000000	      0.00000000	     -0.89475777	     -8.07678449	     -8.02481223	      1.01163010	     -7.62061258	     -2.90502229	      0.00000000	     -6.71585325	      2.43625470	      0.00000000	     -6.10925784	     -3.16552616	    -24.79458651	      7.22993127	      8.48030419	     -3.23488129	      0.00000000	      3.37171963	     14.33225680	      0.00000000
      0.30000000	      1.18039205	     -1.16008704	    180.05491221	     -0.36773333	     -0.00011486	     -0.45351491	     -0.38361963	     -0.62089144	     -1.65431679	    -15.50988004	     -0.77493067	     -2.06543855	     -0.00271720	      0.00609782	      0.00466922	      0.00000000	      0.00000000	      0.00000000	      0.00823237	      0.00232737	      0.00815112	      0.00000000	      0.00000000	      0.00000000	     -0.00477277	     -0.00828669	     -0.00978958	    266.25159296	     -0.03389624	    -79.08371916	     99.82111326	      0.00000000	      0.00000000	      0.00000000	      0.00000000	   -263.79196422	     -9.89957408	     68.53364784	     92.12047959	      0.00000000	      0.00000000	      0.00000000	      0.00000000	     -0.97489679	     -8.07732940	     -8.01485668	      1.00603660	     -7.71908925	     -2.94287995	      0.00000000	     -6.62443213	      2.46289114	      0.00000000	     -6.30858006	     -3.08090974	    -24.62712343	      7.34722304	      8.37560010	     -3.36214549	      0.00000000	      3.65310511	     14.36128031	      0.00000000
      0.33333333	      0.85996260	     -1.13274783	    179.92323270	     -0.36851741	     -0.00042422	     -0.45329341	     -0.69488577	     -0.53550891	     -1.34326406	    -15.14463123	      0.44713011	     -1.61246255	     -0.00155219	      0.00554929	      0.00240410	      0.00000000	      0.00000000	      0.00000000	      0.00493440	      0.00287826	      0.00828052	      0.00000000	      0.00000000	      0.00000000	     -0.00632107	     -0.00815711	     -0.01056571	    266.31192808	      0.48891423	    -78.79885097	     99.64219014	      0.00000000	      0.00000000	      0.00000000	      0.00000000	   -263.77164016	     -8.91508656	     68.72447208	     92.09691108	      0.00000000	      0.00000000	      0.00000000	      0.00000000	     -1.25525981	     -8.05669823	     -7.59852409	      0.85131553	     -7.84503932	     -3.00801063	      0.00000000	     -6.52855994	      2.32278854	      0.00000000	     -6.64874920	     -3.10888237	    -23.99520029	      7.25638062	      7.64614858	     -3.41784120	      0.00000000	      3.84789235	     14.18048234	      0.00000000
      0.36666667	      0.74635832	     -1.11760613	    179.92413783	     -0.36871798	     -0.00062396	     -0.45305546	     -0.88552700	     -0.48521302	     -1.30954956	    -15.07220669	      0.64805380	     -1.50537726	     -0.00151350	      0.00536575	      0.00183451	      0.00000000	      0.00000000	      0.00000000	      0.00419977	      0.00294700	      0.00815834	      0.00000000	      0.00000000	      0.00000000	     -0.00719297	     -0.00812984	     -0.01105012	    266.31543132	      0.38745894	    -78.53560678	     99.65326316	      0.00000000	      0.00000000	      0.00000000	      0.00000000	   -263.65551024	     -8.76604147	     68.27547312	     92.35183976	      0.00000000	      0.00000000	      0.00000000	      0.00000000	     -1.24975692	     -8.02703568	     -7.57309487	      0.61557878	     -7.93046878	     -3.08776086	      0.00000000	     -6.66896771	      2.24345455	      0.00000000	     -6.68358368	     -3.09402688	    -24.01280668	      7.11691374	      7.38974215	     -3.46494016	      0.00000000	      3.73894359	     14.06039115	      0.00000000
      0.40000000	      0.64883723	     -1.11699701	    179.86844500	     -0.36916998	     -0.00086669	     -0.45297880	     -1.00401417	     -0.44796130	     -1.02413039	    -14.91853300	      1.00667248	     -1.21740296	     -0.00115911	      0.00527780	      0.00125811	      0.00000000	      0.00000000	      0.00000000	      0.00263943	      0.00300645	      0.00784412	      0.00000000	      0.00000000	      0.00000000	     -0.00765653	     -0.00771394	     -0.01132468	    266.35906658	      0.27215395	    -78.30952435	     99.72575194	      0.00000000	      0.00000000	      0.00000000	      0.00000000	   -263.60165026	     -8.55019187	     67.41235981	     92.72563704	      0.00000000	      0.00000000	      0.00000000	      0.00000000	     -1.37527056	     -7.99365044	     -7.39078503	      0.64010474	     -7.88566192	     -3.17074449	      0.00000000	     -6.61617129	      2.21957975	      0.00000000	     -6.78809746	     -3.13239202	    -23.88593488	      6.94484847	      7.16684592	     -3.45587732	      0.00000000	      3.67233798	     13.97792664	      0.00000000
      0.43333333	      0.58992192	     -1.17144789	    179.62068424	     -0.37005206	     -0.00115522	     -0.45321265	     -1.01899292	     -0.58527803	     -0.70509885	    -14.72133312	      1.37042218	     -0.81114742	     -0.00042775	      0.00530469	      0.00140014	      0.00000000	      0.00000000	      0.00000000	      0.00235948	      0.00282545	      0.00815355	      0.00000000	      0.00000000	      0.00000000	     -0.00809897	     -0.00666522	     -0.01086747	    266.57289249	      0.21260574	    -78.27652978	     99.79774723	      0.00000000	      0.00000000	      0.00000000	      0.00000000	   -263.51654286	     -8.35829483	     67.02782207	     92.91004517	      0.00000000	      0.00000000	      0.00000000	      0.00000000	     -1.53729385	     -7.92717322	     -7.12462741	      0.90439608	     -7.75791836	     -3.39185721	      0.00000000	     -6.39526383	      2.25379018	      0.00000000	     -7.06022622	     -3.15280606	    -23.58751243	      6.95118449	      7.07523326	     -3.42753255	      0.00000000	      3.89401191	     13.98430390	      0.00000000
      0.46666667	      0.61745965	     -1.18928927	    179.60394125	     -0.37092700	     -0.00108187	     -0.45310044	     -0.99392337	     -0.55655486	     -0.71497758	    -14.70645582	      1.37373419	     -0.78990460	     -0.00030302	      0.00568020	      0.00092405	      0.00000000	      0.00000000	      0.00000000	      0.00208071	      0.00284086	      0.00811625	      0.00000000	      0.00000000	      0.00000000	     -0.00825883	     -0.00670728	     -0.01126140	    266.59880765	      0.20894113	    -78.30560164	     99.79114137	      0.00000000	      0.00000000	      0.00000000	      0.00000000	   -263.48756276	     -8.34729706	     67.05837160	     92.91144434	      0.00000000	      0.00000000	      0.00000000	      0.00000000	     -1.54589504	     -7.95416592	     -7.11795319	      0.91237763	     -7.75517295	     -3.41945168	      0.00000000	     -6.38877689	      2.25333814	      0.00000000	     -7.12654225	     -3.16376225	    -23.57674472	      6.90993034	      7.07527423	     -3.42298989	      0.00000000	      3.89894534	     13.99178820	      0.00000000
      0.50000000	      0.65809037	     -1.22097563	    179.64467374	     -0.37187086	     -0.00104647	     -0.45329055	     -0.95721161	     -0.58698502	     -0.89014698	    -14.44167806	      1.29356596	     -0.59409603	      0.00057680	      0.00567362	      0.00091558	      0.00000000	      0.00000000	      0.00000000	      0.00349055	      0.00305616	      0.00736135	      0.00000000	      0.00000000	      0.00000000	     -0.00855111	     -0.00736714	     -0.01205890	    266.77123735	      0.18921180	    -78.87101460	     99.78604221	      0.00000000	      0.00000000	      0.00000000	      0.00000000	   -263.31758902	     -8.28334195	     67.35481266	     92.74360814	      0.00000000	      0.00000000	      0.00000000	      0.00000000	     -1.70858252	     -7.97542470	     -6.98222770	      1.23969894	     -7.60081590	     -3.47029359	      0.00000000	     -6.27698434	      2.29258799	      0.00000000	     -7.20816772	     -3.31484297	    -23.53762067	      6.85939701	      7.10047372	     -3.14702422	      0.00000000	      4.06745560	     14.07920813	      0.00000000
      0.53333333	      0.50410377	     -1.08521773	    180.20589717	     -0.37247209	     -0.00077561	     -0.45359248	     -1.26155081	     -0.45051156	     -1.61602219	    -13.02206980	      0.65091119	     -0.02314988	      0.00321450	      0.00403656	      0.00270103	      0.00000000	      0.00000000	      0.00000000	      0.00516358	      0.00390073	      0.00605516	      0.00000000	      0.00000000	      0.00000000	     -0.00861168	     -0.00866769	     -0.01258228	    267.11613009	     -0.17544720	    -79.37151413	     99.99571058	      0.00000000	      0.00000000	      0.00000000	      0.00000000	   -263.03318991	     -8.75184130	     67.39864363	     92.63203797	      0.00000000	      0.00000000	      0.00000000	      0.00000000	     -2.10365937	     -7.76386575	     -7.44434948	      1.45122685	     -7.65386795	     -3.52910051	      0.00000000	     -6.42786917	      2.20568748	      0.00000000	     -7.25953848	     -3.68079010	    -23.89644872	      6.65460978	      7.09418627	     -2.74705280	      0.00000000	      4.01199042	     14.56198330	      0.00000000
      0.56666667	      0.59223475	     -1.12242229	    180.49463315	     -0.37290784	     -0.00054039	     -0.45336447	     -1.26559254	     -0.36177354	     -1.88745560	    -12.89695801	      0.56695573	     -0.04215130	      0.00382749	      0.00426172	      0.00209709	      0.00000000	      0.00000000	      0.00000000	      0.00564543	      0.00420653	      0.00491200	      0.00000000	      0.00000000	      0.00000000	     -0.00909180	     -0.00935129	     -0.01256633	    267.04171671	     -0.40971830	    -79.75811121	    100.07340113	      0.00000000	      0.00000000	      0.00000000	      0.00000000	   -263.18085596	     -8.85378842	     67.19355363	     92.72921571	      0.00000000	      0.00000000	      0.00000000	      0.00000000	     -2.20561764	     -7.82822982	     -7.40186441	      1.59220306	     -7.53882094	     -3.55820798	      0.00000000	     -6.32939550	      2.30331519	      0.00000000	     -7.10844189	     -3.69116241	    -24.19537638	      6.54296973	      6.93347201	     -2.43614860	      0.00000000	      3.77226404	     14.56649415	      0.00000000
      0.60000000	      0.85422122	     -1.22168828	    180.79402399	     -0.37261686	     -0.00019731	     -0.45298687	     -1.24929540	     -0.34277768	     -2.33783992	    -12.38532501	      0.37337433	     -0.10321621	      0.00425801	      0.00363791	      0.00171459	      0.00000000	      0.00000000	      0.00000000	      0.00732881	      0.00483209	      0.00438167	      0.00000000	      0.00000000	      0.00000000	     -0.01009040	     -0.00936199	     -0.01220989	    267.00544907	     -1.01845200	    -79.81143543	    100.31736012	      0.00000000	      0.00000000	      0.00000000	      0.00000000	   -263.45585369	     -9.16023292	     67.24979261	     93.04317870	      0.00000000	      0.00000000	      0.00000000	      0.00000000	     -1.99136552	     -7.91211766	     -7.54340915	      1.54388101	     -7.54689574	     -3.71747211	      0.00000000	     -6.26873378	      2.65094522	      0.00000000	     -6.75629890	     -3.55111278	    -24.55098870	      6.62424549	      7.29633980	     -2.32070984	      0.00000000	      3.27166692	     14.98388117	      0.00000000
      0.63333333	      0.95170944	     -1.28122517	    180.84116530	     -0.37203025	     -0.00002320	     -0.45254371	     -1.37959716	     -0.30005822	     -2.18420941	    -12.33770096	      0.40415380	     -0.03448013	      0.00448175	      0.00374940	      0.00185845	      0.00000000	      0.00000000	      0.00000000	      0.00534356	      0.00548089	      0.00543119	      0.00000000	      0.00000000	      0.00000000	     -0.00897405	     -0.00993133	     -0.01212912	    266.87133980	     -0.90456320	    -79.52982602	    100.53692935	      0.00000000	      0.00000000	      0.00000000	      0.00000000	   -263.37865666	     -9.06030831	     67.29400409	     93.12303231	      0.00000000	      0.00000000	      0.00000000	      0.00000000	     -1.85870943	     -8.08534795	     -7.41832317	      1.37954167	     -7.45879718	     -3.63038281	      0.00000000	     -6.41275524	      2.91491354	      0.00000000	     -6.54616003	     -3.37412461	    -24.46303283	      6.63532801	      7.69111214	     -2.53323404	      0.00000000	      3.33973865	     15.19342095	      0.00000000
      0.66666667	      1.06710381	     -1.40872134	    180.68657801	     -0.37126523	     -0.00003165	     -0.45184542	     -1.55368962	     -0.36685549	     -2.00049379	    -12.39177325	      0.47769406	      0.09021949	      0.00400225	      0.00414423	      0.00220286	      0.00000000	      0.00000000	      0.00000000	      0.00357216	      0.00640272	      0.00660319	      0.00000000	      0.00000000	      0.00000000	     -0.00937740	     -0.01003682	     -0.01130355	    266.88385845	     -0.62597014	    -79.16728425	    100.61665658	      0.00000000	      0.00000000	      0.00000000	      0.00000000	   -263.39340565	     -8.95415705	     67.29337834	     93.05111270	      0.00000000	      0.00000000	      0.00000000	      0.00000000	     -1.56755507	     -8.37547638	     -7.23657545	      1.13108228	     -7.42225553	     -3.48596776	      0.00000000	     -6.61044034	      3.20399117	      0.00000000	     -6.32680237	     -3.02910511	    -24.36091491	      6.64164748	      8.22497896	     -3.02075158	      0.00000000	      3.61214238	     15.38422023	      0.00000000
      0.70000000	      1.19409542	     -1.59154466	    180.52333533	     -0.37063946	     -0.00022882	     -0.45115976	     -1.66663434	     -0.47647687	     -1.67969114	    -12.63453056	      0.53820137	      0.24102292	      0.00341236	      0.00505812	      0.00241665	      0.00000000	      0.00000000	      0.00000000	      0.00099645	      0.00737777	      0.00689033	      0.00000000	      0.00000000	      0.00000000	     -0.00881201	     -0.01022477	     -0.01069189	    266.96049819	     -0.12024534	    -79.12285920	    100.51612973	      0.00000000	      0.00000000	      0.00000000	      0.00000000	   -263.49224008	     -9.07578536	     66.97581590	     92.98082945	      0.00000000	      0.00000000	      0.00000000	      0.00000000	     -1.29576784	     -8.74862940	     -7.12578196	      1.00381542	     -7.61144154	     -3.20852649	      0.00000000	     -6.43382996	      3.35612697	      0.00000000	     -5.97205146	     -2.60890956	    -24.61841260	      6.34527436	      8.48433731	     -3.50530192	      0.00000000	      4.01036301	     15.32044532	      0.00000000
      0.73333333	      1.26768577	     -1.58679776	    180.51152619	     -0.37043194	     -0.00034448	     -0.45120240	     -1.84485407	     -0.53317513	     -1.68358300	    -12.68961078	      0.53138411	      0.22888651	      0.00270189	      0.00564755	      0.00285877	      0.00000000	      0.00000000	      0.00000000	      0.00012614	      0.00685868	      0.00742833	      0.00000000	      0.00000000	      0.00000000	     -0.00954567	     -0.01020238	     -0.00989016	    266.91414906	     -0.06799165	    -79.08155848	    100.53540052	      0.00000000	      0.00000000	      0.00000000	      0.00000000	   -263.53133472	     -9.13808171	     66.92453877	     92.95887033	      0.00000000	      0.00000000	      0.00000000	      0.00000000	     -1.17106104	     -8.76593006	     -7.11761841	      1.03114794	     -7.66175206	     -3.16131179	      0.00000000	     -6.32450107	      3.35904591	      0.00000000	     -5.88702018	     -2.61758404	    -24.65715646	      6.33177274	      8.49782149	     -3.49408393	      0.00000000	      4.02905554	     15.30469123	      0.00000000
      0.76666667	      1.26102493	     -1.57600058	    180.56313603	     -0.37022400	     -0.00025337	     -0.45137592	     -2.07464250	     -0.50987298	     -1.66457592	    -12.84298746	      0.50158233	      0.11878253	      0.00232124	      0.00623307	      0.00237160	      0.00000000	      0.00000000	      0.00000000	     -0.00122155	      0.00611092	      0.00731279	      0.00000000	      0.00000000	      0.00000000	     -0.00845675	     -0.01023799	     -0.00950751	    266.71939285	     -0.00491493	    -78.93405717	    100.63758813	      0.00000000	      0.00000000	      0.00000000	      0.00000000	   -263.57891972	     -9.28583186	     67.01320585	     92.81501079	      0.00000000	      0.00000000	      0.00000000	      0.00000000	     -1.02831258	     -8.71542536	     -7.27456230	      0.82874924	     -7.93079967	     -3.15534588	      0.00000000	     -5.91008175	      3.25591811	      0.00000000	     -5.72378380	     -2.66866660	    -24.80846449	      5.98097003	      8.42707314	     -3.50109553	      0.00000000	      3.90384076	     15.26582229	      0.00000000
      0.80000000	      1.30069664	     -1.45108724	    180.98722919	     -0.36939744	     -0.00006050	     -0.45153352	     -2.43296788	     -0.27889979	     -2.09553844	    -13.22455298	      0.47832742	     -0.66616974	      0.00065241	      0.00709584	      0.00015189	      0.00000000	      0.00000000	      0.00000000	     -0.00131329	      0.00547156	      0.00591886	      0.00000000	      0.00000000	      0.00000000	     -0.00774825	     -0.01117052	     -0.00999150	    266.36396982	     -0.47630552	    -78.69468088	    100.55506821	      0.00000000	      0.00000000	      0.00000000	      0.00000000	   -263.26661273	     -9.20991490	     67.58348363	     92.18335577	      0.00000000	      0.00000000	      0.00000000	      0.00000000	     -0.65839156	     -8.69534313	     -7.40304103	     -0.01855248	     -8.37181028	     -2.93477163	      0.00000000	     -4.97689019	      3.42635539	      0.00000000	     -5.38843131	     -2.86065285	    -24.72892243	      5.57327568	      8.65581260	     -3.61356207	      0.00000000	      3.96214649	     15.52470519	      0.00000000
      0.83333333	      1.52384833	     -1.41849566	    181.87434424	     -0.36803318	      0.00062929	     -0.45193473	     -2.66308945	     -0.20737755	     -2.44739627	    -13.31901226	      1.00505100	     -2.22618080	      0.00051756	      0.00645652	     -0.00291691	      0.00000000	      0.00000000	      0.00000000	     -0.00193378	      0.00310120	      0.00564409	      0.00000000	      0.00000000	      0.00000000	     -0.00592926	     -0.01304849	     -0.01130441	    265.65502376	     -1.73856647	    -78.27840215	    100.36017634	      0.00000000	      0.00000000	      0.00000000	      0.00000000	   -262.44954307	     -8.28753585	     67.97393687	     91.23318669	      0.00000000	      0.00000000	      0.00000000	      0.00000000	     -0.29003764	     -8.60924275	     -8.01279020	     -0.44853820	     -9.12865860	     -3.00687539	      0.00000000	     -4.83330121	      3.91375422	      0.00000000	     -4.50651132	     -3.01207250	    -24.47316587	      4.73125042	      8.97602117	     -3.90390207	      0.00000000	      4.04882289	     16.22856147	      0.00000000
      0.86666667	      1.42043328	     -1.42737229	    182.14005232	     -0.36642730	      0.00186371	     -0.45231398	     -3.28232983	     -0.18611641	     -2.60931578	    -13.36552263	      1.12864948	     -2.39382888	      0.00185078	      0.00480834	     -0.00365036	      0.00000000	      0.00000000	      0.00000000	     -0.00199717	      0.00341450	      0.00503036	      0.00000000	      0.00000000	      0.00000000	     -0.00394850	     -0.01254381	     -0.01281971	    265.62770027	     -1.78124082	    -77.91852059	    100.26635974	      0.00000000	      0.00000000	      0.00000000	      0.00000000	   -262.43926296	     -8.15453542	     67.90055350	     91.25764782	      0.00000000	      0.00000000	      0.00000000	      0.00000000	      0.01951041	     -8.60727888	     -8.13330290	     -1.02277786	     -9.25989599	     -3.05306171	      0.00000000	     -5.23832307	      3.97808316	      0.00000000	     -4.10197714	     -3.14518580	    -24.64454809	      4.10995734	      8.85211717	     -3.83697660	      0.00000000	      3.65683543	     16.28257033	      0.00000000
      0.90000000	      1.66541721	     -1.24840289	    183.19201611	     -0.36312472	      0.00368264	     -0.45238935	     -4.03991168	      0.04462970	     -3.64886275	    -13.11698426	      2.07588762	     -3.40336530	      0.00223174	      0.00216300	     -0.00638798	      0.00000000	      0.00000000	      0.00000000	     -0.00121605	      0.00176888	      0.00497480	      0.00000000	      0.00000000	      0.00000000	     -0.00387393	     -0.01179068	     -0.01403451	    265.16306123	     -1.60530711	    -78.63040717	     99.30475448	      0.00000000	      0.00000000	      0.00000000	      0.00000000	   -262.72437947	     -7.62710505	     68.70872727	     91.90842824	      0.00000000	      0.00000000	      0.00000000	      0.00000000	      0.56233361	     -8.50055951	     -8.61367114	     -1.40394147	     -9.90088448	     -2.91806680	      0.00000000	     -6.09128019	      3.84593529	      0.00000000	     -2.68363696	     -3.39531056	    -24.50768435	      2.84521285	      9.42760763	     -4.31459784	      0.00000000	      3.73608793	     17.01040857	      0.00000000
      0.93333333	      1.78217606	     -1.25323649	    183.83577901	     -0.35921816	      0.00544451	     -0.45214379	     -5.11927306	      0.07707883	     -4.53173160	    -12.99983571	      2.22147884	     -3.47733441	      0.00308975	     -0.00049019	     -0.00586751	      0.00000000	      0.00000000	      0.00000000	      0.00055116	      0.00179756	      0.00542035	      0.00000000	      0.00000000	      0.00000000	     -0.00419806	     -0.01074246	     -0.01399938	    265.18367320	     -0.73188915	    -79.85658340	     98.65578081	      0.00000000	      0.00000000	      0.00000000	      0.00000000	   -263.06320752	     -7.14404463	     69.88147701	     92.83760821	      0.00000000	      0.00000000	      0.00000000	      0.00000000	      1.19242858	     -8.70568652	     -8.70014662	     -2.05888487	    -10.36936810	     -2.58389130	      0.00000000	     -6.58808918	      3.59082452	      0.00000000	     -1.38700531	     -3.34596851	    -24.52261994	      1.53159799	     10.21264701	     -4.95468487	      0.00000000	      3.66508362	     17.28214861	      0.00000000
      0.96666667	      2.44734854	     -1.20405755	    184.45052647	     -0.35471436	      0.00622608	     -0.45239534	     -5.80196099	      0.02204503	     -5.49279983	    -12.48750179	      2.03948217	     -2.68304233	      0.00456695	     -0.00349787	     -0.00283579	      0.00000000	      0.00000000	      0.00000000	      0.00222458	      0.00138785	      0.00679494	      0.00000000	      0.00000000	      0.00000000	     -0.00637512	     -0.00900307	     -0.01231871	    265.26274578	      0.53607675	    -81.36549488	     98.14766163	      0.00000000	      0.00000000	      0.00000000	      0.00000000	   -263.46192789	     -6.43607487	     71.45700607	     93.86949953	      0.00000000	      0.00000000	      0.00000000	      0.00000000	      2.55926747	     -8.98546297	     -8.26959466	     -3.05468858	    -11.11027610	     -2.01329842	      0.00000000	     -6.63835208	      2.95814938	      0.00000000	      0.57483713	     -3.64820481	    -25.01789098	     -0.24204615	     12.39524625	     -4.98473282	      0.00000000	      3.96643703	     15.89068518	      0.00000000
      1.00000000	      2.42631395	     -1.38082998	    184.55174490	     -0.34977394	      0.00521726	     -0.45275139	     -7.53888765	     -0.26328595	     -5.75162337	    -12.75915940	      1.99117866	     -2.50827561	      0.00282274	     -0.00318790	     -0.00006455	      0.00000000	      0.00000000	      0.00000000	      0.00454659	      0.00221880	      0.00873230	      0.00000000	      0.00000000	      0.00000000	     -0.00914148	     -0.00890826	     -0.00963699	    265.32198240	      0.91113301	    -83.31736626	     98.14531605	      0.00000000	      0.00000000	      0.00000000	      0.00000000	   -263.42316273	     -5.67678098	     73.40594741	     93.74755105	      0.00000000	      0.00000000	      0.00000000	      0.00000000	      3.57573626	     -9.49927873	     -7.91491416	     -4.62299658	    -10.85067530	     -1.60280342	      0.00000000	     -5.78163362	      2.87251285	      0.00000000	      1.83620557	     -3.83258383	    -25.26731641	     -2.31804790	     12.87854171	     -4.98473282	      0.00000000	      5.10974392	     15.55493783	      0.00000000
      1.03333333	      5.88911702	     -1.28840768	    184.35580602	     -0.34237717	      0.00199128	     -0.45379183	     -5.64437309	     -0.63681738	     -5.41206289	    -11.83455700	      1.98787558	     -1.67825458	      0.00305112	     -0.00491792	      0.00358657	      0.00000000	      0.00000000	      0.00000000	      0.00491887	      0.00310817	      0.01070147	      0.00000000	      0.00000000	      0.00000000	     -0.01266413	     -0.00783479	     -0.00790933	    265.52759591	      1.01234581	    -84.84105930	     98.45621065	      0.00000000	      0.00000000	      0.00000000	      0.00000000	   -264.02983601	     -4.63940692	     74.85390973	     94.16637977	      0.00000000	      0.00000000	      0.00000000	      0.00000000	      9.35295500	    -10.12574547	     -7.30259191	     -8.00816394	     -9.15115895	     -1.10366036	      0.00000000	     -3.93547545	      1.75826144	      0.00000000	      7.51037340	     -4.23713712	    -23.93067148	     -6.18556574	     14.73300881	     -4.98473282	      0.00000000	      6.67630724	      9.76205019	      0.00000000
      1.06666667	      5.51679731	     -1.35762565	    184.31417474	     -0.33718900	     -0.00213670	     -0.45477921	     -8.05104449	     -0.82403270	     -5.30942839	    -12.05996772	      2.15261673	     -1.59876694	     -0.00101973	     -0.00322340	      0.00579192	      0.00000000	      0.00000000	      0.00000000	      0.00246765	      0.00355868	      0.01263081	      0.00000000	      0.00000000	      0.00000000	     -0.01173031	     -0.00700022	     -0.00770516	    265.29799804	      0.83727097	    -85.78647352	     98.41520443	      0.00000000	      0.00000000	      0.00000000	      0.00000000	   -264.18498370	     -5.08303799	     76.25281604	     94.51801621	      0.00000000	      0.00000000	      0.00000000	      0.00000000	     10.68706236	    -10.74447506	     -7.35285434	    -11.04571891	     -8.79731059	     -0.16249554	      0.00000000	     -2.25214324	      1.54298018	      0.00000000	      8.82624654	     -4.81631698	    -23.71077492	     -9.27427816	     14.89690267	     -4.98473282	      0.00000000	      8.60834481	      9.61149191	      0.00000000
      1.10000000	     11.29448301	     -1.18412701	    185.55899961	     -0.32726052	     -0.00927061	     -0.45534498	     -4.01856508	     -0.95637659	     -6.10389418	    -11.16976228	      2.40827465	     -1.67992717	     -0.00306331	     -0.00415772	      0.00556561	      0.00000000	      0.00000000	      0.00000000	     -0.00063816	      0.00257583	      0.01180641	      0.00000000	      0.00000000	      0.00000000	     -0.00810489	     -0.00295989	     -0.01000492	    264.65963655	     -0.10633818	    -86.68496875	     97.54174612	      0.00000000	      0.00000000	      0.00000000	      0.00000000	   -265.23730027	     -5.60011022	     77.54562739	     96.33260658	      0.00000000	      0.00000000	      0.00000000	      0.00000000	     19.53659085	    -12.26788545	    -10.12107910	    -16.46337244	     -6.11007806	      0.16060572	      0.00000000	      1.44179805	      2.53074969	      0.00000000	     18.61999305	     -4.55043748	    -16.30638204	    -15.47181866	     10.98471630	     -4.98473282	      0.00000000	     11.69268447	      6.64008188	      0.00000000
      1.13333333	     11.40104122	     -1.65298109	    185.29568641	     -0.32165492	     -0.01719266	     -0.45638604	     -6.07651451	     -1.41291644	     -5.49650142	     -9.78194524	      2.51186106	     -1.14114161	     -0.00488862	     -0.00478004	      0.00594207	      0.00000000	      0.00000000	      0.00000000	     -0.00346909	      0.00128592	      0.01046135	      0.00000000	      0.00000000	      0.00000000	     -0.00263772	      0.00147014	     -0.01192807	    264.28005466	     -1.35409068	    -87.81920504	     96.62783021	      0.00000000	      0.00000000	      0.00000000	      0.00000000	   -265.68443120	     -6.79027512	     78.90341698	     97.46009142	      0.00000000	      0.00000000	      0.00000000	      0.00000000	     22.03271197	    -13.52197848	    -10.68357420	    -20.83277930	     -5.29621910	      0.87595906	      0.00000000	      4.79356401	      3.29531747	      0.00000000	     21.10438961	     -4.68864810	    -15.36070279	    -20.06332944	      9.74944224	     -4.98473282	      0.00000000	     15.21450587	      6.90131444	      0.00000000
      1.16666667	     12.68600002	     -2.17836105	    185.51357179	     -0.31479914	     -0.02776851	     -0.45707246	     -6.96314401	     -1.95349806	     -5.50263820	     -8.21529725	      1.62742777	     -1.42601283	     -0.00592094	     -0.00545426	      0.00657211	      0.00000000	      0.00000000	      0.00000000	     -0.00210067	      0.00126214	      0.00986599	      0.00000000	      0.00000000	      0.00000000	     -0.00201558	      0.00180501	     -0.01386668	    264.28370480	     -2.80246594	    -89.62980219	     96.34466431	      0.00000000	      0.00000000	      0.00000000	      0.00000000	   -264.92242971	     -7.02795799	     80.29132270	     96.94537865	      0.00000000	      0.00000000	      0.00000000	      0.00000000	     26.03190243	    -15.16726484	    -11.73211867	    -25.71794457	     -4.26642828	      0.94864147	      0.00000000	      9.02018933	      5.30523052	      0.00000000	     25.45477725	     -4.60227951	    -14.45139203	    -25.55424860	      7.89221992	     -4.98473282	      0.00000000	     19.04921861	      8.16943726	      0.00000000
      1.20000000	     11.85022388	     -2.26691062	    185.58206392	     -0.30917368	     -0.04017279	     -0.45815278	    -10.09207342	     -1.83402998	     -5.46717421	     -7.87223007	      1.30159621	     -1.51654835	     -0.00918482	     -0.00369421	      0.00557023	      0.00000000	      0.00000000	      0.00000000	      0.00002024	      0.00291258	      0.00928030	      0.00000000	      0.00000000	      0.00000000	     -0.00122146	      0.00260399	     -0.01384718	    264.50166922	     -3.35805539	    -92.11425833	     96.12119765	      0.00000000	      0.00000000	      0.00000000	      0.00000000	   -264.61762459	     -7.65719477	     81.68016568	     96.06637258	      0.00000000	      0.00000000	      0.00000000	      0.00000000	     27.61376781	    -16.05157354	    -11.18063168	    -30.31611519	     -3.09207082	      1.45579934	      0.00000000	     13.51221832	      5.39444041	      0.00000000	     27.68458468	     -5.44302123	    -14.38560441	    -31.30530885	      8.04088010	     -4.98473282	      0.00000000	     23.16747120	      8.31507504	      0.00000000
      1.23333333	     15.81572316	     -1.36449838	    185.88653405	     -0.30053034	     -0.05647174	     -0.45945350	     -7.78562553	     -1.14717825	     -5.58978982	     -5.97842631	      0.01219200	     -1.01471482	     -0.00672117	     -0.00471116	      0.00660283	      0.00000000	      0.00000000	      0.00000000	      0.00322628	      0.00651662	      0.00876218	      0.00000000	      0.00000000	      0.00000000	      0.00058842	      0.00031465	     -0.01374766	    264.67061984	     -3.34880215	    -94.17048492	     96.11881315	      0.00000000	      0.00000000	      0.00000000	      0.00000000	   -263.72311317	     -8.45168278	     82.05536171	     94.49978398	      0.00000000	      0.00000000	      0.00000000	      0.00000000	     35.22337630	    -16.27209211	    -12.87416797	    -36.10325737	     -1.72493996	     -0.08327981	      0.00000000	     18.12398127	      7.64883380	      0.00000000	     36.11927327	     -6.88068221	    -13.69054470	    -38.36302853	      6.11601812	     -4.98473282	      0.00000000	     27.64085208	     11.94412560	      0.00000000
      1.26666667	     17.88921574	     -0.16363823	    186.18874492	     -0.29213663	     -0.07407799	     -0.46067972	     -7.87405420	      0.04423550	     -5.92103819	     -3.59525476	     -0.69154987	     -0.71591340	     -0.00626979	     -0.00583098	      0.00664067	      0.00000000	      0.00000000	      0.00000000	      0.00478748	      0.00891254	      0.00726033	      0.00000000	      0.00000000	      0.00000000	      0.00329074	      0.00066716	     -0.01404019	    264.41538643	     -3.06147481	    -97.00278345	     95.10083866	      0.00000000	      0.00000000	      0.00000000	      0.00000000	   -263.50617966	     -9.40351399	     83.34672436	     94.08920779	      0.00000000	      0.00000000	      0.00000000	      0.00000000	     40.79715819	    -16.02576501	    -13.54624826	    -41.82495392	     -1.75293214	     -1.12004268	      0.00000000	     21.55062245	      8.68787532	      0.00000000	     42.54854706	     -8.60092361	    -12.73371887	    -45.07874276	      5.22878263	     -4.98473282	      0.00000000	     31.18821621	     14.79515113	      0.00000000
      1.30000000	     21.50329091	      1.20019955	    186.61770382	     -0.28370932	     -0.09432537	     -0.46138183	     -5.97864987	      1.22239130	     -6.22638909	     -2.26733212	     -0.89712094	     -0.11724116	     -0.00648614	     -0.00638706	      0.00665513	      0.00000000	      0.00000000	      0.00000000	      0.00514489	      0.00991726	      0.00561399	      0.00000000	      0.00000000	      0.00000000	      0.00804213	      0.00386940	     -0.01542375	    264.12396474	     -3.10352453	    -99.03202590	     93.97384984	      0.00000000	      0.00000000	      0.00000000	      0.00000000	   -264.09580292	     -9.88867323	     84.55008237	     95.02872230	      0.00000000	      0.00000000	      0.00000000	      0.00000000	     48.26891795	    -16.22775172	    -14.68852833	    -48.06593419	     -2.07517896	     -2.31979818	      0.00000000	     24.17528705	     10.05001369	      0.00000000	     50.79610273	     -9.93401725	    -11.33989270	    -51.99765057	      4.01305743	     -4.98473282	      0.00000000	     34.12094394	     17.93042641	      0.00000000
      1.33333333	     25.06323338	      2.38634860	    186.93290981	     -0.27604247	     -0.11601231	     -0.46164067	     -4.03189472	      2.13997929	     -6.46505904	     -1.17630381	     -0.71147926	      0.06525835	     -0.00741914	     -0.00776109	      0.00666390	      0.00000000	      0.00000000	      0.00000000	      0.00507133	      0.01031804	      0.00450991	      0.00000000	      0.00000000	      0.00000000	      0.01155012	      0.00653892	     -0.01586552	    264.41843175	     -3.33217182	   -100.40656484	     93.78733196	      0.00000000	      0.00000000	      0.00000000	      0.00000000	   -264.53199279	    -10.17812418	     85.44341332	     95.73529180	      0.00000000	      0.00000000	      0.00000000	      0.00000000	     55.79240809	    -16.86963912	    -15.46752616	    -54.49673893	     -2.01707522	     -3.24489930	      0.00000000	     26.03926573	     10.49115717	      0.00000000	     58.79446805	    -10.87370543	    -10.08182984	    -58.68497188	      2.96122947	     -4.98473282	      0.00000000	     36.24878596	     19.83512635	      0.00000000
      1.36666667	     28.58806794	      3.29208857	    187.02306737	     -0.26925766	     -0.13881180	     -0.46141633	     -2.00752250	      2.72235102	     -6.45432793	     -0.23512431	     -0.42507948	     -0.32631958	     -0.00880882	     -0.01045093	      0.00697735	      0.00000000	      0.00000000	      0.00000000	      0.00316905	      0.00966653	      0.00478051	      0.00000000	      0.00000000	      0.00000000	      0.01232497	      0.00747619	     -0.01331806	    264.89144024	     -3.09939830	   -100.81972236	     94.95965255	      0.00000000	      0.00000000	      0.00000000	      0.00000000	   -264.64748707	    -10.06375557	     85.94499127	     95.72100702	      0.00000000	      0.00000000	      0.00000000	      0.00000000	     63.27466146	    -17.85836063	    -15.86771463	    -60.82332100	     -1.16573221	     -3.97627061	      0.00000000	     27.69696611	     10.16846647	      0.00000000	     66.56988861	    -11.60873368	     -9.23843242	    -65.24599515	      2.07434970	     -4.98473282	      0.00000000	     37.92772325	     20.50413707	      0.00000000
      1.40000000	     31.95316915	      3.92329022	    186.82884103	     -0.26323997	     -0.16253967	     -0.46056343	     -0.07187571	      3.14112701	     -6.18091850	      0.75590999	     -0.20374442	     -1.26881257	     -0.01020844	     -0.01416847	      0.00661433	      0.00000000	      0.00000000	      0.00000000	     -0.00135427	      0.00855144	      0.00560961	      0.00000000	      0.00000000	      0.00000000	      0.00985633	      0.00620663	     -0.00918065	    265.03116407	     -1.99669949	   -100.30283018	     96.80037365	      0.00000000	      0.00000000	      0.00000000	      0.00000000	   -264.52154140	     -9.40481630	     86.37930890	     95.42841152	      0.00000000	      0.00000000	      0.00000000	      0.00000000	     70.47741617	    -19.04408867	    -15.95844637	    -66.75247336	     -0.20224524	     -4.45091987	      0.00000000	     29.60873139	      9.95549640	      0.00000000	     73.99017527	    -12.28380657	     -8.63626783	    -71.56256184	      1.09209113	     -4.98473282	      0.00000000	     39.57762334	     20.72130961	      0.00000000
      1.43333333	     34.44884590	      4.23336130	    186.52560295	     -0.25823809	     -0.18710595	     -0.45959903	      0.98956588	      3.29718919	     -5.68940585	      2.57931424	     -0.33039899	     -2.44013286	     -0.00944138	     -0.01932085	      0.00746696	      0.00000000	      0.00000000	      0.00000000	     -0.00890550	      0.00573062	      0.00773799	      0.00000000	      0.00000000	      0.00000000	      0.00622769	      0.00528435	     -0.00534015	    264.46288313	      0.05802482	    -99.71174348	     98.18750183	      0.00000000	      0.00000000	      0.00000000	      0.00000000	   -264.63066270	     -8.32777075	     87.12080250	     95.77021766	      0.00000000	      0.00000000	      0.00000000	      0.00000000	     76.60373459	    -20.13848379	    -15.59412144	    -72.24982857	     -0.02057281	     -4.80320774	      0.00000000	     32.12863093	     10.37059857	      0.00000000	     80.26287035	    -12.94658317	     -8.11584770	    -77.56411855	      0.18908651	     -4.98473282	      0.00000000	     41.61402186	     20.93941613	      0.00000000
      1.46666667	     38.07627874	      4.40648653	    185.78849880	     -0.25331990	     -0.21279035	     -0.45811183	      3.40998503	      3.32577659	     -5.09862617	      3.38404961	     -0.56704186	     -3.29915272	     -0.01005697	     -0.02289262	      0.00814471	      0.00000000	      0.00000000	      0.00000000	     -0.01070856	      0.00329675	      0.00766216	      0.00000000	      0.00000000	      0.00000000	      0.00726007	      0.00546442	     -0.00402455	    263.52288464	      0.93028349	   -100.07043362	     97.67143127	      0.00000000	      0.00000000	      0.00000000	      0.00000000	   -265.32981028	     -8.93748131	     88.04970575	     96.57144384	      0.00000000	      0.00000000	      0.00000000	      0.00000000	     83.94772051	    -21.04265171	    -14.35649516	    -77.43995001	     -0.48865651	     -4.51131343	      0.00000000	     34.15475610	     11.57194588	      0.00000000	     87.52305599	    -13.79686136	     -7.73489519	    -83.28721220	     -0.49245345	     -4.98473282	      0.00000000	     43.42297586	     21.31658706	      0.00000000
      1.50000000	     40.22713626	      4.06298753	    185.05512061	     -0.24932028	     -0.23887252	     -0.45678049	      4.21606301	      2.96220924	     -4.32757252	      5.06052735	     -1.15391470	     -3.59187754	     -0.00863626	     -0.02633293	      0.01008350	      0.00000000	      0.00000000	      0.00000000	     -0.01093201	     -0.00063204	      0.00652960	      0.00000000	      0.00000000	      0.00000000	      0.01101412	      0.00627092	     -0.00561534	    262.01001079	      1.66668531	   -101.90848580	     95.95519581	      0.00000000	      0.00000000	      0.00000000	      0.00000000	   -265.75939789	    -10.18070673	     88.72885898	     97.57505844	      0.00000000	      0.00000000	      0.00000000	      0.00000000	     89.77959852	    -21.58608953	    -12.74319195	    -82.56355746	     -0.57220997	     -4.43603885	      0.00000000	     36.42040833	     12.36544052	      0.00000000	     92.86215304	    -14.57438390	     -7.39249318	    -88.67720092	     -0.48470202	     -4.98473282	      0.00000000	     45.35284237	     21.21065250	      0.00000000
      1.53333333	     43.57467430	      3.48832757	    184.43054840	     -0.24540949	     -0.26568927	     -0.45538577	      6.59359528	      2.26441795	     -4.04477357	      5.56446379	     -1.64581650	     -3.13974453	     -0.00888000	     -0.02728491	      0.01206102	      0.00000000	      0.00000000	      0.00000000	     -0.00543019	     -0.00250106	      0.00353742	      0.00000000	      0.00000000	      0.00000000	      0.01314691	      0.00695259	     -0.00749668	    260.77376931	      1.57252176	   -104.09390464	     94.00932133	      0.00000000	      0.00000000	      0.00000000	      0.00000000	   -265.25795160	    -10.99903723	     88.84145608	     97.56413538	      0.00000000	      0.00000000	      0.00000000	      0.00000000	     97.18934762	    -21.82918347	    -10.91226707	    -87.70610570	     -0.77258992	     -4.90094455	      0.00000000	     38.03958517	     12.82228946	      0.00000000	     99.25716136	    -15.09258874	     -7.32944679	    -93.74003832	     -0.01341680	     -4.98473282	      0.00000000	     46.59410167	     20.49176093	      0.00000000
      1.56666667	     45.70615561	      2.94762587	    183.93607253	     -0.24221385	     -0.29261958	     -0.45433581	      7.73160453	      1.64154078	     -3.76829037	      7.35714816	     -2.05620941	     -2.71962959	     -0.00720308	     -0.02796214	      0.01434093	      0.00000000	      0.00000000	      0.00000000	     -0.00064241	     -0.00499159	      0.00192802	      0.00000000	      0.00000000	      0.00000000	      0.01247904	      0.00820722	     -0.00896540	    259.07967976	      1.56404834	   -106.24735582	     92.47097301	      0.00000000	      0.00000000	      0.00000000	      0.00000000	   -263.98610052	    -11.19211176	     88.47454638	     97.21583355	      0.00000000	      0.00000000	      0.00000000	      0.00000000	    103.25476086	    -21.76726291	     -8.89056730	    -92.69173841	     -1.09726237	     -4.98473282	      0.00000000	     39.79119018	     13.08910561	      0.00000000	    104.44931424	    -15.51079732	     -7.01624149	    -98.62617574	     -0.03833648	     -4.98473282	      0.00000000	     47.81476639	     19.95797127	      0.00000000
      1.60000000	     48.47589770	      2.72501068	    183.88636212	     -0.23938938	     -0.31938595	     -0.45361610	      9.92279997	      1.15698295	     -4.03024250	      8.49296208	     -1.97485007	     -2.03316225	     -0.00685148	     -0.02754951	      0.01611377	      0.00000000	      0.00000000	      0.00000000	      0.00398529	     -0.00322791	      0.00054015	      0.00000000	      0.00000000	      0.00000000	      0.00808916	      0.01063709	     -0.00905491	    258.41821578	      1.22542440	   -107.55957717	     92.38505733	      0.00000000	      0.00000000	      0.00000000	      0.00000000	   -262.83148607	    -10.40898893	     88.29304089	     96.73235844	      0.00000000	      0.00000000	      0.00000000	      0.00000000	    110.00063392	    -21.89450708	     -6.93490422	    -97.53017631	     -2.36692437	     -4.98473282	      0.00000000	     41.09339336	     13.70017062	      0.00000000	    110.43104612	    -15.37176221	     -6.56895500	   -103.14115841	     -0.65879402	     -4.98473282	      0.00000000	     48.42714566	     19.57224753	      0.00000000
      1.63333333	     50.63450413	      2.91004817	    183.98465498	     -0.23691758	     -0.34531578	     -0.45325624	     11.62159252	      1.01656796	     -4.46009313	      9.81376527	     -1.48890908	     -1.60610971	     -0.00652509	     -0.02726489	      0.01719840	      0.00000000	      0.00000000	      0.00000000	      0.00707935	      0.00017283	      0.00072770	      0.00000000	      0.00000000	      0.00000000	      0.00414238	      0.01450342	     -0.00774735	    258.10747913	      0.79082038	   -108.44778742	     92.88751093	      0.00000000	      0.00000000	      0.00000000	      0.00000000	   -262.57851173	    -10.27379948	     88.68101445	     96.71693490	      0.00000000	      0.00000000	      0.00000000	      0.00000000	    115.98277488	    -22.23144154	     -5.51857750	   -102.20793888	     -4.29119387	     -4.98473282	      0.00000000	     41.78206453	     14.63725108	      0.00000000	    116.04531440	    -15.00069921	     -5.75152897	   -107.54956283	     -1.77947904	     -4.98473282	      0.00000000	     48.68275114	     19.53052347	      0.00000000
      1.66666667	     52.51634332	      3.41905377	    184.07730248	     -0.23518336	     -0.37005265	     -0.45307475	     13.26337284	      1.26178013	     -4.66997408	     10.40617561	     -0.90034715	     -1.18775541	     -0.00753607	     -0.02682524	      0.01740507	      0.00000000	      0.00000000	      0.00000000	      0.00740571	      0.00307470	      0.00252783	      0.00000000	      0.00000000	      0.00000000	      0.00355532	      0.01630931	     -0.00624290	    257.56430261	      0.56848495	   -108.88861461	     93.43310280	      0.00000000	      0.00000000	      0.00000000	      0.00000000	   -262.59429598	    -11.03891493	     89.02090775	     96.52741680	      0.00000000	      0.00000000	      0.00000000	      0.00000000	    121.44497158	    -22.67105897	     -4.30683274	   -106.70225844	     -6.25050876	     -4.98473282	      0.00000000	     42.17754075	     16.12361571	      0.00000000	    121.41269125	    -14.75521415	     -4.80393000	   -111.69539624	     -2.97762617	     -4.98473282	      0.00000000	     48.97123183	     20.35075153	      0.00000000
      1.70000000	     52.91361607	      4.03972780	    184.11121147	     -0.23392009	     -0.39259250	     -0.45316706	     13.27217516	      1.64595778	     -4.67858636	     12.03014124	     -0.21163593	     -0.67341746	     -0.00594670	     -0.02827102	      0.01819919	      0.00000000	      0.00000000	      0.00000000	      0.00695386	      0.00390321	      0.00563643	      0.00000000	      0.00000000	      0.00000000	      0.00414204	      0.01634225	     -0.00412776	    257.24450695	      0.32985152	   -108.69949868	     93.73957772	      0.00000000	      0.00000000	      0.00000000	      0.00000000	   -262.34955655	    -12.07816233	     89.47107140	     96.24167149	      0.00000000	      0.00000000	      0.00000000	      0.00000000	    125.16547204	    -23.20047638	     -3.53950975	   -111.10446209	     -7.28425958	     -4.98473282	      0.00000000	     41.72460711	     16.37662132	      0.00000000	    125.32052898	    -14.64392331	     -3.55159692	   -115.67597034	     -3.85289454	     -4.98473282	      0.00000000	     48.87815161	     21.14246701	      0.00000000
      1.73333333	     53.32706475	      4.47917680	    183.80982578	     -0.23340306	     -0.41286736	     -0.45262448	     13.53095115	      2.11821801	     -4.19192806	     12.96667728	      0.22941853	      0.11950591	     -0.00358154	     -0.02985425	      0.01851569	      0.00000000	      0.00000000	      0.00000000	      0.00452567	      0.00368735	      0.00824071	      0.00000000	      0.00000000	      0.00000000	      0.00519743	      0.01440573	     -0.00320585	    257.00300658	      0.91714279	   -107.89793447	     94.17569058	      0.00000000	      0.00000000	      0.00000000	      0.00000000	   -261.86135525	    -12.52442844	     89.47222943	     95.72518425	      0.00000000	      0.00000000	      0.00000000	      0.00000000	    128.49893382	    -23.50839472	     -3.04641855	   -114.98874357	     -7.62626155	     -4.98473282	      0.00000000	     41.33841417	     16.25295253	      0.00000000	    128.91764471	    -15.13408439	     -2.56949499	   -119.28610912	     -4.43398201	     -4.98473282	      0.00000000	     48.77998888	     22.33746839	      0.00000000
      1.76666667	     52.81308324	      4.49718581	    183.43354324	     -0.23334613	     -0.42965656	     -0.45176061	     12.78199578	      2.38374943	     -3.44496086	     13.49836105	      0.25010469	      0.72786362	     -0.00193865	     -0.03196895	      0.01838762	      0.00000000	      0.00000000	      0.00000000	      0.00244434	      0.00211521	      0.00917706	      0.00000000	      0.00000000	      0.00000000	      0.00372830	      0.01291453	     -0.00356079	    256.87156024	      1.56997147	   -107.11954522	     94.66555963	      0.00000000	      0.00000000	      0.00000000	      0.00000000	   -261.55820845	    -11.71304161	     89.52497377	     95.67182022	      0.00000000	      0.00000000	      0.00000000	      0.00000000	    130.47544918	    -23.61607098	     -2.60386826	   -118.15242366	     -7.81508532	     -4.98473282	      0.00000000	     41.08675211	     16.22869508	      0.00000000	    131.02352945	    -16.04349704	     -2.08570892	   -122.42585303	     -4.48878418	     -4.98473282	      0.00000000	     48.53994379	     22.77289439	      0.00000000
      1.80000000	     52.44734493	      4.25622577	    182.86336607	     -0.23363698	     -0.44214074	     -0.45055626	     12.31293093	      2.56602973	     -2.52381864	     14.00768140	      0.06966950	      1.35588511	      0.00015987	     -0.03429568	      0.01791971	      0.00000000	      0.00000000	      0.00000000	     -0.00004931	      0.00071934	      0.00893051	      0.00000000	      0.00000000	      0.00000000	      0.00078800	      0.01110597	     -0.00533260	    256.66127337	      2.34640762	   -106.34489009	     95.18564132	      0.00000000	      0.00000000	      0.00000000	      0.00000000	   -261.37386437	    -10.13878557	     89.65625707	     95.86397895	      0.00000000	      0.00000000	      0.00000000	      0.00000000	    131.87670687	    -23.41611737	     -2.35109252	   -120.21049547	     -8.13005444	     -4.98473282	      0.00000000	     41.08548562	     16.38347911	      0.00000000	    132.51292269	    -17.33655604	     -2.18197724	   -124.77375390	     -4.30402453	     -4.98473282	      0.00000000	     48.33523646	     22.48473455	      0.00000000
      1.83333333	     52.87055859	      3.77988989	    181.94524410	     -0.23371575	     -0.44953092	     -0.45024257	     12.73276322	      2.52196977	     -0.97071748	     14.20853728	     -0.96295844	      1.84300383	      0.00062433	     -0.03579360	      0.01856407	      0.00000000	      0.00000000	      0.00000000	     -0.00227380	      0.00160064	      0.00720038	      0.00000000	      0.00000000	      0.00000000	     -0.00173700	      0.01010128	     -0.00693191	    256.81543222	      1.82298182	   -105.73533094	     95.52293069	      0.00000000	      0.00000000	      0.00000000	      0.00000000	   -261.64456454	     -8.30370106	     89.78127398	     96.11512579	      0.00000000	      0.00000000	      0.00000000	      0.00000000	    133.21182165	    -22.55297031	     -2.54251059	   -120.91677457	     -9.55336289	     -4.98473282	      0.00000000	     41.31072526	     17.44728823	      0.00000000	    133.99915384	    -18.94737859	     -2.23964765	   -126.34944331	     -1.18340627	     -4.98473282	      0.00000000	     48.02667449	     19.03314373	      0.00000000
      1.86666667	     52.83330881	      3.62624162	    181.80013599	     -0.23360788	     -0.45119791	     -0.44911224	     12.71191237	      2.72656712	     -0.94981934	     14.24934028	     -0.94787031	      1.80179294	     -0.00062933	     -0.03663027	      0.01711271	      0.00000000	      0.00000000	      0.00000000	     -0.00321209	      0.00374392	      0.00649473	      0.00000000	      0.00000000	      0.00000000	     -0.00559227	      0.00727655	     -0.00810704	    256.60479370	      1.79703882	   -106.28216550	     95.37437491	      0.00000000	      0.00000000	      0.00000000	      0.00000000	   -261.80885030	     -8.06531631	     89.47825267	     96.09541698	      0.00000000	      0.00000000	      0.00000000	      0.00000000	    133.40104552	    -22.53226185	     -2.40922742	   -121.04581185	     -9.29996625	     -4.98473282	      0.00000000	     41.37135443	     17.75777357	      0.00000000	    134.15537274	    -19.44655875	     -2.48373669	   -126.60361462	     -0.57444777	     -4.98473282	      0.00000000	     47.97589610	     18.89121812	      0.00000000
      1.90000000	     53.66495344	      3.48422491	    181.72154579	     -0.23315618	     -0.44723265	     -0.44924466	     13.88627670	      2.60279430	     -0.48707499	     13.73395499	     -0.85185761	      0.73675686	     -0.00240677	     -0.03630746	      0.01546341	      0.00000000	      0.00000000	      0.00000000	     -0.00335094	      0.00451697	      0.00633086	      0.00000000	      0.00000000	      0.00000000	     -0.00431048	      0.00494729	     -0.00896619	    256.16632067	      0.02189165	   -106.64845643	     94.12216003	      0.00000000	      0.00000000	      0.00000000	      0.00000000	   -261.72955606	     -8.25425524	     89.36978631	     95.87057146	      0.00000000	      0.00000000	      0.00000000	      0.00000000	    133.71651879	    -22.17321651	     -2.48837202	   -120.30078838	     -8.85535674	     -4.98473282	      0.00000000	     41.13925272	     17.02379661	      0.00000000	    134.39285496	    -19.80108405	     -2.65762223	   -126.10689762	      2.59054114	     -4.98473282	      0.00000000	     47.48684092	     15.97462168	      0.00000000
      1.93333333	     54.09208726	      3.80587068	    182.07499676	     -0.23206979	     -0.43768054	     -0.44994103	     14.60253747	      2.72453096	     -1.06671338	     13.16320940	     -0.76096401	      0.35816810	     -0.00512088	     -0.03522863	      0.01515679	      0.00000000	      0.00000000	      0.00000000	     -0.00352272	      0.00714282	      0.00596438	      0.00000000	      0.00000000	      0.00000000	     -0.00329936	      0.00490074	     -0.00884869	    256.37473160	     -1.37926544	   -107.16232034	     93.67208013	      0.00000000	      0.00000000	      0.00000000	      0.00000000	   -261.84080101	     -9.51220228	     89.39118305	     95.44378918	      0.00000000	      0.00000000	      0.00000000	      0.00000000	    132.89412312	    -22.02995812	     -2.78531629	   -118.80115521	     -9.07124374	     -4.98473282	      0.00000000	     40.82067674	     16.12866912	      0.00000000	    133.57104653	    -19.33406738	     -2.68029542	   -124.36222914	      3.19364238	     -4.98473282	      0.00000000	     47.65638340	     16.37661843	      0.00000000
      1.96666667	     54.45113657	      4.35384041	    182.50645540	     -0.23063817	     -0.42348937	     -0.45064570	     15.47513091	      2.91477743	     -1.78255447	     11.70485165	     -0.37628759	     -0.77281634	     -0.00784990	     -0.03313641	      0.01433649	      0.00000000	      0.00000000	      0.00000000	     -0.00283642	      0.00624979	      0.00683789	      0.00000000	      0.00000000	      0.00000000	     -0.00072017	      0.00598492	     -0.00715440	    255.79060509	     -2.80051786	   -107.11139012	     92.75555760	      0.00000000	      0.00000000	      0.00000000	      0.00000000	   -261.61144567	    -10.82616152	     89.20309617	     94.61921118	      0.00000000	      0.00000000	      0.00000000	      0.00000000	    131.30809818	    -21.86157355	     -3.28022197	   -116.48856886	     -8.95591005	     -4.98473282	      0.00000000	     40.28616042	     14.78472130	      0.00000000	    132.21107319	    -18.52053720	     -2.99214742	   -121.85979818	      2.58493156	     -4.98473282	      0.00000000	     47.60260759	     17.00473485	      0.00000000
      2.00000000	     54.37840965	      4.76515151	    182.98253239	     -0.22898062	     -0.40544662	     -0.45115209	     15.90925721	      3.01043114	     -2.47485800	     10.02051376	      0.22490986	     -2.44048303	     -0.01091553	     -0.03092446	      0.01183905	      0.00000000	      0.00000000	      0.00000000	     -0.00588829	      0.00435223	      0.00786739	      0.00000000	      0.00000000	      0.00000000	      0.00089048	      0.00775848	     -0.00560299	    254.89631805	     -2.79162592	   -106.76129004	     92.37839880	      0.00000000	      0.00000000	      0.00000000	      0.00000000	   -261.33602976	    -11.67694208	     89.10015195	     93.91705406	      0.00000000	      0.00000000	      0.00000000	      0.00000000	    128.77325319	    -21.56585917	     -3.81464864	   -113.42739610	     -8.41560093	     -4.98473282	      0.00000000	     39.99789419	     13.48571627	      0.00000000	    129.77391684	    -17.59787460	     -3.67677404	   -118.51891240	      0.73267840	     -4.98473282	      0.00000000	     47.84708238	     18.62834863	      0.00000000
      2.03333333	     54.69185001	      4.98216107	    183.25705455	     -0.22760493	     -0.38448804	     -0.45162575	     16.95053061	      2.79014248	     -2.89584442	      9.15359178	      0.08362494	     -2.99591698	     -0.01064775	     -0.02988647	      0.01339649	      0.00000000	      0.00000000	      0.00000000	     -0.00935359	      0.00296859	      0.00955229	      0.00000000	      0.00000000	      0.00000000	      0.00062507	      0.01023763	     -0.00510979	    254.62270593	     -2.22604467	   -105.93553644	     92.75639138	      0.00000000	      0.00000000	      0.00000000	      0.00000000	   -260.92682081	    -11.96737643	     88.39236332	     94.32527950	      0.00000000	      0.00000000	      0.00000000	      0.00000000	    126.10497690	    -20.99795431	     -4.51165760	   -109.45287381	     -8.48627206	     -4.98473282	      0.00000000	     39.84375016	     13.14838084	      0.00000000	    127.20359915	    -16.86514032	     -4.63798452	   -114.63690215	     -0.08465805	     -4.98473282	      0.00000000	     48.08505581	     18.40803980	      0.00000000
      2.06666667	     54.43997599	      5.11907315	    183.77581403	     -0.22685113	     -0.36146627	     -0.45092720	     17.48360416	      2.76989341	     -3.62764791	      7.79371067	     -0.23912926	     -3.81233380	     -0.01133336	     -0.02898399	      0.01303856	      0.00000000	      0.00000000	      0.00000000	     -0.01238875	      0.00326717	      0.00961808	      0.00000000	      0.00000000	      0.00000000	      0.00043385	      0.00956710	     -0.00815967	    254.46264422	     -1.23688745	   -104.97601079	     93.38516752	      0.00000000	      0.00000000	      0.00000000	      0.00000000	   -260.32832144	    -12.34697329	     88.15456878	     95.01559690	      0.00000000	      0.00000000	      0.00000000	      0.00000000	    122.52760630	    -20.91376924	     -5.16054083	   -104.92558376	     -8.29931754	     -4.98473282	      0.00000000	     39.81081494	     13.27987558	      0.00000000	    123.74659038	    -15.88280234	     -5.73802546	   -110.34461852	     -0.58445253	     -4.98473282	      0.00000000	     48.10386213	     18.49481400	      0.00000000
      2.10000000	     53.66504765	      5.14099184	    184.58309964	     -0.22670524	     -0.33668564	     -0.44978407	     17.30834732	      2.77696219	     -4.57026446	      6.87742495	     -0.67891781	     -4.33329432	     -0.01302770	     -0.02894387	      0.01186348	      0.00000000	      0.00000000	      0.00000000	     -0.01432229	      0.00428407	      0.00717169	      0.00000000	      0.00000000	      0.00000000	     -0.00004559	      0.00705758	     -0.01212349	    254.57953744	     -0.73214502	   -104.38124544	     93.75668433	      0.00000000	      0.00000000	      0.00000000	      0.00000000	   -260.06636730	    -12.46007607	     89.13626542	     95.69627388	      0.00000000	      0.00000000	      0.00000000	      0.00000000	    118.24436336	    -21.39309678	     -5.84124479	    -99.98288902	     -7.98372469	     -4.98473282	      0.00000000	     39.57052310	     13.80284908	      0.00000000	    119.62251155	    -14.58469458	     -6.65953062	   -105.69162763	     -0.80581632	     -4.98473282	      0.00000000	     47.49960176	     18.84534938	      0.00000000
      2.13333333	     51.18577787	      5.09399530	    185.67503171	     -0.22709496	     -0.31083021	     -0.44796508	     15.09778858	      3.02558486	     -5.44643451	      7.08802780	     -1.31328031	     -4.27603642	     -0.01427815	     -0.02993350	      0.01131191	      0.00000000	      0.00000000	      0.00000000	     -0.01426260	      0.00359994	      0.00328228	      0.00000000	      0.00000000	      0.00000000	     -0.00116043	      0.00353564	     -0.01381317	    254.20868614	     -1.29999378	   -104.17263161	     93.02314052	      0.00000000	      0.00000000	      0.00000000	      0.00000000	   -260.58284579	    -12.17737752	     90.33649276	     96.21365671	      0.00000000	      0.00000000	      0.00000000	      0.00000000	    112.26195559	    -22.59474012	     -6.93584439	    -95.09423867	     -7.65455133	     -4.98473282	      0.00000000	     39.00071984	     15.10408711	      0.00000000	    113.87823078	    -12.87970685	     -7.12828222	   -100.85339778	     -1.21613830	     -4.98473282	      0.00000000	     46.36763775	     19.59266982	      0.00000000
      2.16666667	     49.62893065	      5.14906267	    185.72945162	     -0.22805722	     -0.28470884	     -0.44740558	     14.10266004	      3.36240441	     -5.53753280	      7.47193190	     -1.51911950	     -3.87951189	     -0.01359137	     -0.03119516	      0.01118982	      0.00000000	      0.00000000	      0.00000000	     -0.01358330	      0.00073356	     -0.00009771	      0.00000000	      0.00000000	      0.00000000	     -0.00015196	     -0.00054536	     -0.01164318	    253.64041678	     -1.69351647	   -102.94169952	     91.65361773	      0.00000000	      0.00000000	      0.00000000	      0.00000000	   -261.03325961	    -11.99776954	     91.18670557	     95.44475731	      0.00000000	      0.00000000	      0.00000000	      0.00000000	    106.91107656	    -22.52027025	     -8.20269490	    -89.76283881	     -7.46758556	     -4.63849611	      0.00000000	     38.21114427	     16.13824846	      0.00000000	    109.30561255	    -12.11666011	     -6.91560946	    -96.04890284	     -1.50278340	     -4.98473282	      0.00000000	     45.31342230	     20.26656389	      0.00000000
      2.20000000	     48.23009824	      5.41275593	    185.46358871	     -0.22945011	     -0.25880702	     -0.44752842	     13.49704638	      3.82154824	     -5.38174081	      6.83000896	     -1.45335296	     -3.46006590	     -0.01426794	     -0.03134263	      0.01133596	      0.00000000	      0.00000000	      0.00000000	     -0.01193194	     -0.00190379	     -0.00104942	      0.00000000	      0.00000000	      0.00000000	     -0.00006792	     -0.00378260	     -0.00847305	    253.01522375	     -2.16067141	   -100.86696316	     90.82268701	      0.00000000	      0.00000000	      0.00000000	      0.00000000	   -261.32861982	    -11.50360923	     90.87553361	     94.22660341	      0.00000000	      0.00000000	      0.00000000	      0.00000000	    101.66649672	    -22.17519413	     -9.37261487	    -84.50055644	     -6.89140863	     -3.56005316	      0.00000000	     36.98137074	     16.51236298	      0.00000000	    105.04368141	    -11.48578889	     -6.23732923	    -91.25532199	     -1.83983188	     -4.98473282	      0.00000000	     44.04157556	     20.35422222	      0.00000000
      2.23333333	     45.81973101	      5.67058846	    184.79893369	     -0.23127478	     -0.23368997	     -0.44836126	     11.86422705	      4.35630746	     -4.91413222	      6.19395301	     -1.31384037	     -2.97373346	     -0.01436479	     -0.03132287	      0.01151733	      0.00000000	      0.00000000	      0.00000000	     -0.01096038	     -0.00352024	      0.00025584	      0.00000000	      0.00000000	      0.00000000	     -0.00185886	     -0.00445694	     -0.00764061	    252.53403652	     -2.16036453	    -98.15842085	     90.89596607	      0.00000000	      0.00000000	      0.00000000	      0.00000000	   -261.27222490	    -11.02922952	     89.82063210	     93.18949378	      0.00000000	      0.00000000	      0.00000000	      0.00000000	     95.43886046	    -21.22038977	    -10.77866619	    -79.36207362	     -5.73768169	     -2.44429848	      0.00000000	     35.25524575	     16.07445383	      0.00000000	     99.82177740	    -11.35790095	     -5.17601555	    -86.69950772	     -1.78671678	     -4.98473282	      0.00000000	     42.79414177	     20.05066090	      0.00000000
      2.26666667	     43.11610010	      5.82873283	    184.15407298	     -0.23358512	     -0.20981687	     -0.44950476	     10.12909546	      4.68898682	     -4.64978551	      4.59167324	     -0.90312894	     -2.32217461	     -0.01533537	     -0.03018802	      0.01078014	      0.00000000	      0.00000000	      0.00000000	     -0.00979197	     -0.00318895	      0.00246195	      0.00000000	      0.00000000	      0.00000000	     -0.00459462	     -0.00267807	     -0.00882826	    252.66086118	     -1.77944140	    -95.10390529	     91.76296384	      0.00000000	      0.00000000	      0.00000000	      0.00000000	   -260.90971633	    -10.80105393	     88.53452262	     92.36526520	      0.00000000	      0.00000000	      0.00000000	      0.00000000	     89.11639703	    -20.14624461	    -12.34912502	    -74.37260547	     -4.15258285	     -1.71190188	      0.00000000	     33.12969902	     15.23096425	      0.00000000	     94.20370545	    -11.51499640	     -4.53395887	    -82.13778356	     -1.37383713	     -4.98473282	      0.00000000	     41.19506174	     18.99192939	      0.00000000
      2.30000000	     40.29348317	      5.74519418	    183.74854626	     -0.23630734	     -0.18731487	     -0.45054167	      8.41966194	      4.72705096	     -4.70416597	      2.64961758	     -0.45599903	     -1.54042424	     -0.01641717	     -0.02856893	      0.00867229	      0.00000000	      0.00000000	      0.00000000	     -0.00987701	     -0.00114733	      0.00405958	      0.00000000	      0.00000000	      0.00000000	     -0.00698192	      0.00075145	     -0.01075839	    253.22325090	     -0.74564579	    -92.38992990	     92.92014345	      0.00000000	      0.00000000	      0.00000000	      0.00000000	   -260.79712677	    -11.20329780	     87.29298776	     92.10391797	      0.00000000	      0.00000000	      0.00000000	      0.00000000	     82.98376153	    -19.26130971	    -14.29654099	    -69.60582608	     -2.85174303	     -1.70551852	      0.00000000	     30.99081123	     14.90663670	      0.00000000	     88.28180436	    -11.73439668	     -4.58854527	    -77.37439459	     -0.94380929	     -4.98473282	      0.00000000	     39.39488380	     17.85891116	      0.00000000
      2.33333333	     38.26246552	      5.43920368	    183.54094030	     -0.23929415	     -0.16608866	     -0.45137278	      7.70849112	      4.47455135	     -5.10450649	     -0.00138336	     -0.12659909	     -0.81283498	     -0.01830209	     -0.02598803	      0.00534797	      0.00000000	      0.00000000	      0.00000000	     -0.01050334	      0.00194561	      0.00405408	      0.00000000	      0.00000000	      0.00000000	     -0.00889148	      0.00327976	     -0.01240920	    253.81131269	      0.78661663	    -90.43600208	     93.74338568	      0.00000000	      0.00000000	      0.00000000	      0.00000000	   -260.86899663	    -12.03750864	     86.00755883	     92.09938892	      0.00000000	      0.00000000	      0.00000000	      0.00000000	     77.94335245	    -18.57474642	    -16.02808240	    -64.98131138	     -2.40453234	     -1.91613866	      0.00000000	     28.90463671	     15.50840663	      0.00000000	     83.00355286	    -11.97845093	     -5.54670030	    -72.25170242	     -0.96985586	     -4.98473282	      0.00000000	     37.60924092	     17.63221078	      0.00000000
      2.36666667	     35.79800930	      4.95932859	    183.76613790	     -0.24273290	     -0.14594290	     -0.45206278	      6.43059639	      4.04886083	     -5.63325361	     -1.78638186	      0.18911720	      0.34079608	     -0.01955678	     -0.02401631	      0.00203057	      0.00000000	      0.00000000	      0.00000000	     -0.01319987	      0.00400238	      0.00494163	      0.00000000	      0.00000000	      0.00000000	     -0.01206937	      0.00203752	     -0.01451428	    253.59359768	      2.81223042	    -89.91227156	     94.47748375	      0.00000000	      0.00000000	      0.00000000	      0.00000000	   -260.39798549	    -12.19542235	     84.70356781	     91.80497660	      0.00000000	      0.00000000	      0.00000000	      0.00000000	     72.62495657	    -18.11769231	    -17.85788762	    -60.47070328	     -2.43279330	     -2.59590221	      0.00000000	     27.00140245	     16.41940407	      0.00000000	     77.20107797	    -11.92799377	     -6.86432883	    -66.94573447	     -1.11735416	     -4.98473282	      0.00000000	     36.24517397	     18.23152715	      0.00000000
      2.40000000	     32.84434951	      4.40589649	    184.33713149	     -0.24702234	     -0.12665298	     -0.45244011	      4.56975741	      3.63239113	     -6.20788819	     -1.75414771	      0.39949403	      1.63490070	     -0.01746651	     -0.02402545	     -0.00035547	      0.00000000	      0.00000000	      0.00000000	     -0.01392868	      0.00525599	      0.00588650	      0.00000000	      0.00000000	      0.00000000	     -0.01473666	     -0.00124291	     -0.01664396	    252.95554549	      3.59530854	    -89.87389716	     95.32866633	      0.00000000	      0.00000000	      0.00000000	      0.00000000	   -259.87822724	    -12.00911595	     83.37650936	     91.24317461	      0.00000000	      0.00000000	      0.00000000	      0.00000000	     66.62241708	    -17.81623003	    -19.70684980	    -55.65102459	     -2.40885683	     -3.34258784	      0.00000000	     25.43893049	     17.20922410	      0.00000000	     70.95547839	    -11.56740676	     -8.21985588	    -61.74458584	     -1.17872917	     -4.98473282	      0.00000000	     35.15148826	     19.44187052	      0.00000000
      2.43333333	     31.89312803	      4.11320624	    184.62557465	     -0.25116865	     -0.10861060	     -0.45343304	      5.03613750	      3.20925363	     -6.75171235	     -3.42005336	      0.80453174	      2.38743920	     -0.01789059	     -0.02170193	     -0.00166236	      0.00000000	      0.00000000	      0.00000000	     -0.01309472	      0.00553154	      0.00651538	      0.00000000	      0.00000000	      0.00000000	     -0.01630894	     -0.00500378	     -0.01752532	    253.01274785	      4.21640664	    -89.80847328	     96.08413682	      0.00000000	      0.00000000	      0.00000000	      0.00000000	   -258.78848265	    -11.65465228	     81.94643736	     90.10758807	      0.00000000	      0.00000000	      0.00000000	      0.00000000	     62.77340128	    -16.87181240	    -19.92556832	    -50.52101317	     -2.61818593	     -3.31151007	      0.00000000	     22.81872485	     16.51633617	      0.00000000	     67.01808364	    -11.29777048	     -9.38658002	    -56.74574057	     -0.49067798	     -4.98473282	      0.00000000	     33.47607119	     19.56047027	      0.00000000
      2.46666667	     29.24922156	      3.30146806	    184.88196352	     -0.25657059	     -0.09112318	     -0.45412554	      3.54718315	      2.36734401	     -6.74930637	     -4.06305566	      1.35951937	      3.10886620	     -0.01653972	     -0.02068590	     -0.00121426	      0.00000000	      0.00000000	      0.00000000	     -0.01330004	      0.00380745	      0.00747317	      0.00000000	      0.00000000	      0.00000000	     -0.01294113	     -0.00675155	     -0.01684226	    253.75011838	      3.76077071	    -89.04498792	     96.77520288	      0.00000000	      0.00000000	      0.00000000	      0.00000000	   -257.95446393	    -12.11337344	     80.50133039	     89.21305242	      0.00000000	      0.00000000	      0.00000000	      0.00000000	     57.06409371	    -16.01158097	    -18.92788284	    -45.27242616	     -2.01339242	     -2.65476608	      0.00000000	     20.53590151	     13.98236912	      0.00000000	     61.00952753	    -10.88086662	    -11.03013830	    -51.69207468	      1.39544818	     -4.98473282	      0.00000000	     31.60059110	     18.31607018	      0.00000000
      2.50000000	     27.35437563	      2.41842938	    185.01594902	     -0.26184508	     -0.07473667	     -0.45503118	      2.92473066	      1.17554249	     -6.55564410	     -5.53092290	      1.83339956	      2.57672858	     -0.01613428	     -0.01843148	      0.00079975	      0.00000000	      0.00000000	      0.00000000	     -0.01259344	      0.00030778	      0.00840652	      0.00000000	      0.00000000	      0.00000000	     -0.00849637	     -0.00556831	     -0.01410736	    254.92984444	      2.39863820	    -87.52071617	     96.49520672	      0.00000000	      0.00000000	      0.00000000	      0.00000000	   -257.31604001	    -12.14216443	     79.36588213	     88.90368847	      0.00000000	      0.00000000	      0.00000000	      0.00000000	     52.26875324	    -15.12021752	    -17.18259212	    -40.11308393	     -1.28473609	     -2.01673093	      0.00000000	     17.62399997	     10.53998787	      0.00000000	     55.73770245	    -10.25060399	    -12.67535667	    -46.47588322	      3.66517307	     -4.98473282	      0.00000000	     28.96220831	     16.56924267	      0.00000000
      2.53333333	     26.93468760	      2.00072979	    185.25395144	     -0.26668467	     -0.06011257	     -0.45557997	      4.09249757	      0.38779553	     -6.81543447	     -7.73864597	      1.75759984	      1.92260045	     -0.01584427	     -0.01515290	      0.00367527	      0.00000000	      0.00000000	      0.00000000	     -0.00827465	     -0.00204126	      0.00963045	      0.00000000	      0.00000000	      0.00000000	     -0.00504136	     -0.00320777	     -0.01189372	    255.53405871	      0.77671043	    -85.81273236	     95.81228907	      0.00000000	      0.00000000	      0.00000000	      0.00000000	   -257.11310529	    -12.11452252	     78.19547074	     89.27905171	      0.00000000	      0.00000000	      0.00000000	      0.00000000	     49.09849243	    -14.23821116	    -16.44068992	    -35.21736092	     -1.57864635	     -2.13141520	      0.00000000	     14.77670900	      8.99300457	      0.00000000	     52.18443868	     -9.42951413	    -13.64611450	    -40.97932438	      4.52312149	     -4.98473282	      0.00000000	     25.93059000	     16.11197163	      0.00000000
      2.56666667	     24.16120659	      0.94090260	    185.20224509	     -0.27301005	     -0.04659420	     -0.45510511	      2.68071085	     -0.64425013	     -6.03584146	     -9.57107813	      2.31928443	     -0.16964859	     -0.01425196	     -0.01266664	      0.00226165	      0.00000000	      0.00000000	      0.00000000	     -0.00818429	     -0.00231930	      0.01025920	      0.00000000	      0.00000000	      0.00000000	     -0.00401816	     -0.00172840	     -0.01191890	    255.63008764	     -0.04386046	    -84.24364439	     94.97262994	      0.00000000	      0.00000000	      0.00000000	      0.00000000	   -257.12815740	    -10.15513093	     77.24998686	     89.99849028	      0.00000000	      0.00000000	      0.00000000	      0.00000000	     43.34857169	    -13.77295639	    -13.88662055	    -30.28993931	     -1.99963570	     -1.21375056	      0.00000000	     12.24175355	      5.68519837	      0.00000000	     45.41242539	     -8.37086844	    -15.43093048	    -34.68947360	      6.10045862	     -4.98473282	      0.00000000	     23.37940130	     14.49906904	      0.00000000
      2.60000000	     21.89855397	      0.31782978	    185.45714086	     -0.27867281	     -0.03526625	     -0.45404894	      1.75543222	     -1.12741773	     -5.88507744	    -11.47018274	      2.34358082	     -1.75168966	     -0.01290340	     -0.01010905	      0.00127900	      0.00000000	      0.00000000	      0.00000000	     -0.00634722	     -0.00094872	      0.01066861	      0.00000000	      0.00000000	      0.00000000	     -0.00393795	     -0.00023369	     -0.01227539	    255.36247208	      0.06874852	    -83.38629275	     94.25209498	      0.00000000	      0.00000000	      0.00000000	      0.00000000	   -257.29966791	     -8.93221243	     75.83631918	     90.33051032	      0.00000000	      0.00000000	      0.00000000	      0.00000000	     37.86824405	    -13.26219377	    -12.11691613	    -24.78731757	     -3.76603309	     -0.87489082	      0.00000000	      9.16036670	      4.02302276	      0.00000000	     39.58983188	     -7.20665457	    -16.44088662	    -28.83095559	      7.86878221	     -4.98473282	      0.00000000	     20.54378884	     12.67458380	      0.00000000
      2.63333333	     19.70270609	     -0.22223219	    185.81345546	     -0.28398860	     -0.02622725	     -0.45228741	      0.81870994	     -1.41750957	     -5.89046988	    -13.27804482	      2.45200374	     -3.38611731	     -0.01120682	     -0.00767600	     -0.00077716	      0.00000000	      0.00000000	      0.00000000	     -0.00350445	      0.00056737	      0.01122620	      0.00000000	      0.00000000	      0.00000000	     -0.00389839	      0.00085674	     -0.01205320	    255.15484634	      0.30282073	    -82.73964956	     93.83361797	      0.00000000	      0.00000000	      0.00000000	      0.00000000	   -257.29480093	     -8.05963416	     74.15642159	     90.01841012	      0.00000000	      0.00000000	      0.00000000	      0.00000000	     32.54699960	    -12.88762466	    -10.47839795	    -19.43120059	     -6.17677690	     -0.70781990	      0.00000000	      6.15228357	      3.51183850	      0.00000000	     34.14460902	     -5.95862109	    -17.26421778	    -23.43045968	      9.45742090	     -4.98473282	      0.00000000	     17.65450820	     10.40998556	      0.00000000
      2.66666667	     18.51428049	     -0.75954023	    186.18144895	     -0.28790747	     -0.01923828	     -0.44992429	      0.73866716	     -1.68570221	     -6.11861475	    -15.19652298	      2.34702360	     -4.47066121	     -0.01060683	     -0.00508455	     -0.00264434	      0.00000000	      0.00000000	      0.00000000	      0.00049743	      0.00208734	      0.01083783	      0.00000000	      0.00000000	      0.00000000	     -0.00422060	      0.00165749	     -0.01120099	    255.25450777	      0.02599794	    -82.28730991	     93.68777852	      0.00000000	      0.00000000	      0.00000000	      0.00000000	   -257.27595053	     -7.42446013	     72.80205389	     89.28909955	      0.00000000	      0.00000000	      0.00000000	      0.00000000	     28.86171192	    -12.69015954	     -9.44244076	    -14.91685780	     -7.97901472	     -1.09090249	      0.00000000	      3.15840515	      3.37471156	      0.00000000	     30.34870463	     -4.60324326	    -17.87734291	    -18.86640908	     10.01967127	     -4.98473282	      0.00000000	     14.84833938	      8.80042315	      0.00000000
      2.70000000	     18.86289490	     -0.89632218	    186.36828034	     -0.29049759	     -0.01381285	     -0.44731531	      2.28637008	     -1.63563107	     -6.06072319	    -15.56409382	      2.40199114	     -4.55304679	     -0.00710760	     -0.00575871	     -0.00360916	      0.00000000	      0.00000000	      0.00000000	      0.00067061	      0.00367728	      0.01058846	      0.00000000	      0.00000000	      0.00000000	     -0.00257487	      0.00292221	     -0.00994770	    255.50203291	     -0.13569762	    -81.45723763	     93.69293096	      0.00000000	      0.00000000	      0.00000000	      0.00000000	   -257.64740204	     -6.81905662	     71.73049673	     89.02608080	      0.00000000	      0.00000000	      0.00000000	      0.00000000	     27.50438910	    -12.43024721	     -9.38225151	    -11.59132769	     -8.41826119	     -1.68004447	      0.00000000	      0.41604749	      3.56332037	      0.00000000	     28.91842183	     -3.69844596	    -18.20137841	    -15.43735957	      9.61713937	     -4.98473282	      0.00000000	     12.55098071	      8.42033786	      0.00000000
      2.73333333	     16.43735627	     -1.73925387	    186.01057664	     -0.29430928	     -0.00888268	     -0.44433897	      0.53001590	     -2.14802530	     -5.40487419	    -17.58279378	      2.85584596	     -5.42156516	     -0.00829801	     -0.00290887	     -0.00421056	      0.00000000	      0.00000000	      0.00000000	      0.00191874	      0.00471622	      0.01115761	      0.00000000	      0.00000000	      0.00000000	     -0.00259982	      0.00318036	     -0.00793626	    256.00807785	     -1.83182938	    -80.86578180	     94.06029595	      0.00000000	      0.00000000	      0.00000000	      0.00000000	   -257.55180198	     -5.26792053	     71.57248423	     88.34227244	      0.00000000	      0.00000000	      0.00000000	      0.00000000	     23.35667418	    -12.65307924	     -8.14281898	     -8.68326123	     -8.89329291	     -1.67901086	      0.00000000	     -1.70774331	      2.64918173	      0.00000000	     24.26445751	     -2.64548339	    -18.33564205	    -11.81851668	      9.22235303	     -4.76997327	      0.00000000	     10.08301454	      7.30404113	      0.00000000
      2.76666667	     16.74365819	     -1.79424203	    185.81800849	     -0.29658221	     -0.00521924	     -0.44150275	      1.74230402	     -2.04207936	     -5.25836615	    -18.12414033	      2.92438854	     -5.37485799	     -0.00692904	     -0.00295363	     -0.00407919	      0.00000000	      0.00000000	      0.00000000	      0.00194975	      0.00502589	      0.01150711	      0.00000000	      0.00000000	      0.00000000	     -0.00244694	      0.00307644	     -0.00736671	    256.09679277	     -2.34822982	    -80.56354696	     94.16561056	      0.00000000	      0.00000000	      0.00000000	      0.00000000	   -257.63756304	     -4.98054781	     70.88355341	     88.15427811	      0.00000000	      0.00000000	      0.00000000	      0.00000000	     22.61497391	    -12.36443537	     -8.63817860	     -6.44437934	     -9.28712335	     -2.33450808	      0.00000000	     -4.14464044	      2.85215222	      0.00000000	     23.20535848	     -2.11166999	    -18.67707774	     -9.35362274	      8.91133639	     -4.81832770	      0.00000000	      8.24783761	      7.20355242	      0.00000000
      2.80000000	     14.85442584	     -2.06554950	    184.95840576	     -0.30069468	     -0.00226501	     -0.43978648	      0.69077713	     -2.24125072	     -4.06319180	    -20.66065781	      3.53031092	     -5.93376772	     -0.00810156	      0.00128556	     -0.00326037	      0.00000000	      0.00000000	      0.00000000	      0.00339954	      0.00468410	      0.01230085	      0.00000000	      0.00000000	      0.00000000	     -0.00143489	      0.00250824	     -0.00623688	    256.50191026	     -4.11047855	    -79.60857553	     94.36565004	      0.00000000	      0.00000000	      0.00000000	      0.00000000	   -257.07323519	     -4.16229195	     70.13378990	     87.32400985	      0.00000000	      0.00000000	      0.00000000	      0.00000000	     19.52304875	    -11.89113113	     -9.88644250	     -4.07911113	     -9.37851453	     -2.78783798	      0.00000000	     -6.03765774	      4.07678197	      0.00000000	     19.45963410	     -2.05026201	    -18.69860066	     -6.81207686	      8.64191813	     -4.29692630	      0.00000000	      6.36109699	      6.30661185	      0.00000000
      2.83333333	     13.13962315	     -2.21513444	    184.33221470	     -0.30466329	     -0.00024666	     -0.43838202	     -0.27399485	     -2.30607133	     -3.43283135	    -21.83555002	      4.11483982	     -6.63454824	     -0.00744066	      0.00379492	     -0.00386165	      0.00000000	      0.00000000	      0.00000000	      0.00447329	      0.00436210	      0.01345619	      0.00000000	      0.00000000	      0.00000000	     -0.00089872	      0.00161731	     -0.00680876	    256.51801456	     -4.85252154	    -78.84225635	     94.46343117	      0.00000000	      0.00000000	      0.00000000	      0.00000000	   -256.58535742	     -4.12634890	     69.56002734	     87.02519757	      0.00000000	      0.00000000	      0.00000000	      0.00000000	     16.52661673	    -11.50364961	    -11.58537962	     -1.73035877	     -9.67114655	     -2.95026870	      0.00000000	     -7.67898622	      5.91657400	      0.00000000	     16.01075791	     -2.02494854	    -18.95790768	     -4.46017956	      8.70077633	     -3.71774817	      0.00000000	      4.48699159	      5.73101832	      0.00000000
      2.86666667	     13.18779704	     -2.23064593	    183.98991736	     -0.30757519	      0.00106689	     -0.43752018	      0.74320455	     -2.34537053	     -3.17299308	    -22.23025885	      4.16660151	     -6.71733818	     -0.00431100	      0.00399673	     -0.00378422	      0.00000000	      0.00000000	      0.00000000	      0.00532799	      0.00469136	      0.01417372	      0.00000000	      0.00000000	      0.00000000	     -0.00006487	      0.00125433	     -0.00683600	    256.57245112	     -4.75656701	    -78.04689226	     94.55823133	      0.00000000	      0.00000000	      0.00000000	      0.00000000	   -256.65102426	     -3.98572726	     69.01667571	     86.90149524	      0.00000000	      0.00000000	      0.00000000	      0.00000000	     15.69495264	    -11.24494015	    -12.17276680	     -0.11385645	     -9.92250122	     -2.92692735	      0.00000000	     -9.06674591	      6.20429685	      0.00000000	     14.85298056	     -1.92711357	    -19.16367312	     -2.61964811	      8.44317547	     -3.31419095	      0.00000000	      2.91165294	      5.92127224	      0.00000000
      2.90000000	     11.11619208	     -2.33729472	    183.20504969	     -0.31150292	      0.00203211	     -0.43742299	     -0.63433525	     -2.36289967	     -2.26087318	    -23.87572913	      4.28929477	     -6.77319387	     -0.00433609	      0.00735117	     -0.00380910	      0.00000000	      0.00000000	      0.00000000	      0.00368471	      0.00533569	      0.01428808	      0.00000000	      0.00000000	      0.00000000	      0.00193377	      0.00077510	     -0.00668949	    256.74123649	     -4.52138462	    -77.82386913	     94.28713546	      0.00000000	      0.00000000	      0.00000000	      0.00000000	   -256.58418535	     -3.79408655	     68.57851093	     86.47690058	      0.00000000	      0.00000000	      0.00000000	      0.00000000	     12.66314499	    -10.86499100	    -12.57142011	      1.40960245	     -9.34165096	     -2.99904299	      0.00000000	     -9.74761530	      7.04980833	      0.00000000	     11.16178697	     -1.92966623	    -19.79732600	     -0.07272668	      7.19819063	     -2.82636921	      0.00000000	      2.00371213	      7.82855598	      0.00000000
      2.93333333	      9.97744679	     -2.07312587	    182.94251628	     -0.31480232	      0.00294864	     -0.43767948	     -1.04471330	     -2.00211875	     -2.31001840	    -23.32768797	      3.63546572	     -5.92653207	     -0.00127379	      0.00567087	     -0.00272063	      0.00000000	      0.00000000	      0.00000000	      0.00249415	      0.00573132	      0.01368952	      0.00000000	      0.00000000	      0.00000000	      0.00165135	      0.00151013	     -0.00725232	    256.96792101	     -3.59657925	    -77.69199546	     94.00703301	      0.00000000	      0.00000000	      0.00000000	      0.00000000	   -257.00620261	     -4.08209025	     67.70904792	     86.55950477	      0.00000000	      0.00000000	      0.00000000	      0.00000000	     10.53596876	    -10.36199201	    -12.33664390	      2.87354234	     -8.81977599	     -2.94902709	      0.00000000	    -10.66372796	      6.19755334	      0.00000000	      8.94175026	     -2.06087003	    -20.42413454	      1.94892357	      6.44742156	     -2.74344508	      0.00000000	      1.44372984	     10.69273095	      0.00000000
      2.96666667	      9.99965328	     -1.83602138	    182.81092603	     -0.31776863	      0.00335919	     -0.43839673	     -0.10338496	     -1.78784981	     -2.12758288	    -23.02142934	      3.48269109	     -5.61450964	      0.00218786	      0.00378130	     -0.00300766	      0.00000000	      0.00000000	      0.00000000	      0.00150942	      0.00522680	      0.01293841	      0.00000000	      0.00000000	      0.00000000	      0.00174915	      0.00157634	     -0.00889558	    257.30119748	     -3.23739624	    -77.13055128	     93.84762875	      0.00000000	      0.00000000	      0.00000000	      0.00000000	   -257.24478035	     -3.91386414	     66.63775917	     86.70029898	      0.00000000	      0.00000000	      0.00000000	      0.00000000	      9.86562194	     -9.99496941	    -12.00533766	      3.81805743	     -8.48711015	     -3.02514294	      0.00000000	    -10.74324572	      6.16351705	      0.00000000	      8.24734215	     -2.13157415	    -19.93971795	      3.27084102	      6.71991829	     -2.84535026	      0.00000000	      1.16012258	     11.15472264	      0.00000000
      3.00000000	      9.00730076	     -1.20806233	    182.27776703	     -0.32120120	      0.00385556	     -0.43950837	     -0.43014596	     -1.03718669	     -2.40661602	    -22.51878060	      2.01944477	     -3.43588808	      0.00370974	      0.00171962	      0.00005153	      0.00000000	      0.00000000	      0.00000000	      0.00234650	      0.00529723	      0.01158032	      0.00000000	      0.00000000	      0.00000000	     -0.00089139	      0.00175828	     -0.01036872	    257.81573769	     -1.96757171	    -76.95641557	     93.80838850	      0.00000000	      0.00000000	      0.00000000	      0.00000000	   -257.82001030	     -5.11523292	     65.57272038	     87.16874620	      0.00000000	      0.00000000	      0.00000000	      0.00000000	      8.08211857	     -8.92778552	    -11.38148765	      5.15949202	     -8.07713820	     -3.24031963	      0.00000000	    -12.10644525	      4.98165897	      0.00000000	      6.29803548	     -2.84745179	    -19.78625997	      4.76715339	      6.23631356	     -2.59342251	      0.00000000	      0.80351693	     11.78572857	      0.00000000
      3.03333333	      8.92003967	     -0.96156763	    182.04924400	     -0.32478305	      0.00396060	     -0.44060790	      0.42125780	     -0.84045314	     -2.24167188	    -22.11113520	      1.82534937	     -3.11078385	      0.00709531	     -0.00064613	      0.00031776	      0.00000000	      0.00000000	      0.00000000	      0.00272297	      0.00401723	      0.01170332	      0.00000000	      0.00000000	      0.00000000	     -0.00174381	      0.00083975	     -0.01136704	    258.17958030	     -1.49670943	    -76.17568507	     93.89888481	      0.00000000	      0.00000000	      0.00000000	      0.00000000	   -258.03543064	     -5.09697836	     64.69484709	     87.37654234	      0.00000000	      0.00000000	      0.00000000	      0.00000000	      7.34232408	     -8.51326376	    -11.18125903	      5.91687771	     -7.83482774	     -3.19838602	      0.00000000	    -12.13918007	      4.99501139	      0.00000000	      5.60538542	     -2.93113089	    -19.44419520	      5.64716662	      6.32717980	     -2.95888888	      0.00000000	      0.74413471	     11.69489235	      0.00000000
      3.06666667	      8.23835924	     -0.42648925	    181.31702387	     -0.32813256	      0.00406945	     -0.44236697	      0.34181969	     -0.25726552	     -2.34824450	    -21.85829473	      0.82613769	     -1.89851475	      0.00826693	     -0.00253232	      0.00181475	      0.00000000	      0.00000000	      0.00000000	      0.00495613	      0.00440844	      0.01144630	      0.00000000	      0.00000000	      0.00000000	     -0.00526204	     -0.00017803	     -0.01196612	    258.87743896	     -0.38760198	    -75.90501475	     94.48187289	      0.00000000	      0.00000000	      0.00000000	      0.00000000	   -258.32471359	     -6.42417638	     63.70240436	     87.76637052	      0.00000000	      0.00000000	      0.00000000	      0.00000000	      6.13704024	     -7.52888578	    -11.23705461	      6.82656754	     -7.45409891	     -3.25492400	      0.00000000	    -12.73433175	      4.94208145	      0.00000000	      4.02997046	     -3.64789722	    -19.14525128	      6.86314954	      5.83020027	     -2.74700051	      0.00000000	      0.26010622	     10.52518830	      0.00000000
      3.10000000	      8.10841500	     -0.30318638	    181.12919956	     -0.33063231	      0.00375251	     -0.44389747	      0.76909904	     -0.11147941	     -2.16299181	    -21.83683869	      0.73122430	     -1.78401473	      0.00945881	     -0.00387319	      0.00146660	      0.00000000	      0.00000000	      0.00000000	      0.00398780	      0.00347221	      0.01136740	      0.00000000	      0.00000000	      0.00000000	     -0.00750619	     -0.00113467	     -0.01202686	    259.13415715	     -0.07668874	    -75.32768722	     94.43778538	      0.00000000	      0.00000000	      0.00000000	      0.00000000	   -258.58044892	     -6.57430358	     62.70730020	     87.76313695	      0.00000000	      0.00000000	      0.00000000	      0.00000000	      5.63589748	     -7.29545844	    -11.32449014	      7.12468446	     -7.36405074	     -3.02759313	      0.00000000	    -12.33890853	      4.88865761	      0.00000000	      3.43200169	     -3.59612998	    -19.01603331	      7.58122404	      5.81027354	     -3.29201131	      0.00000000	      0.36198225	     10.34532916	      0.00000000
      3.13333333	      7.55926033	     -0.39753118	    180.74393684	     -0.33272341	      0.00345542	     -0.44550023	      0.56365598	     -0.15666014	     -2.14187858	    -22.75779022	      0.50140775	     -1.78140882	      0.00852157	     -0.00318684	      0.00048362	      0.00000000	      0.00000000	      0.00000000	      0.00388787	      0.00272659	      0.01082389	      0.00000000	      0.00000000	      0.00000000	     -0.00856780	     -0.00216439	     -0.01153866	    259.37284650	      0.56958802	    -74.99187668	     94.27132083	      0.00000000	      0.00000000	      0.00000000	      0.00000000	   -258.89486604	     -7.75469617	     61.85151723	     87.62104577	      0.00000000	      0.00000000	      0.00000000	      0.00000000	      4.90452547	     -7.28134867	    -11.84213592	      7.18294247	     -6.82585771	     -2.78190219	      0.00000000	    -12.08772225	      4.99746864	      0.00000000	      2.19479628	     -3.45787052	    -19.33508791	      8.58534139	      5.12851396	     -3.27549648	      0.00000000	     -0.11102554	     10.19790407	      0.00000000
      3.16666667	      7.54099760	     -0.46253455	    180.89897399	     -0.33362485	      0.00307571	     -0.44711610	      0.67182207	     -0.16174716	     -2.05845622	    -22.85997951	      0.54516025	     -1.76143613	      0.00767133	     -0.00357298	     -0.00030644	      0.00000000	      0.00000000	      0.00000000	      0.00195333	      0.00245086	      0.00980934	      0.00000000	      0.00000000	      0.00000000	     -0.00867749	     -0.00356006	     -0.01145927	    259.55500042	      0.57211491	    -74.86607895	     94.04726716	      0.00000000	      0.00000000	      0.00000000	      0.00000000	   -259.34952055	     -7.91486479	     61.87715273	     87.30021623	      0.00000000	      0.00000000	      0.00000000	      0.00000000	      4.74467591	     -7.26014980	    -11.99095607	      7.18504336	     -6.82816890	     -2.79734906	      0.00000000	    -11.92129975	      4.93848768	      0.00000000	      1.95053328	     -3.34132493	    -19.42874664	      8.86168267	      5.00655439	     -3.33899569	      0.00000000	      0.03410248	     10.22000626	      0.00000000
      3.20000000	      5.82428474	     -0.66866505	    181.10371244	     -0.33537769	      0.00277996	     -0.44822886	     -1.03650751	     -0.26362747	     -2.22177468	    -24.11203080	      0.80941028	     -1.73943940	      0.00561418	     -0.00108550	     -0.00173103	      0.00000000	      0.00000000	      0.00000000	      0.00226611	      0.00119836	      0.00931297	      0.00000000	      0.00000000	      0.00000000	     -0.00788461	     -0.00358206	     -0.01160598	    259.10776960	      0.61664909	    -74.65404012	     93.40413256	      0.00000000	      0.00000000	      0.00000000	      0.00000000	   -260.13027093	     -8.26930500	     62.46494131	     87.48880694	      0.00000000	      0.00000000	      0.00000000	      0.00000000	      2.58960088	     -7.48520311	    -13.64085744	      7.46355767	     -5.24921274	     -2.44751312	      0.00000000	    -11.78846469	      5.24606203	      0.00000000	     -0.29847496	     -3.10033048	    -19.90870944	      9.59754921	      3.16997477	     -3.16483213	      0.00000000	     -0.00223474	     13.02268224	      0.00000000
      3.23333333	      5.79421651	     -0.57413292	    181.40809951	     -0.33587509	      0.00257947	     -0.44940166	     -1.04306374	     -0.12858690	     -2.52317760	    -24.11932212	      0.81455532	     -1.65053555	      0.00513174	     -0.00110080	     -0.00194347	      0.00000000	      0.00000000	      0.00000000	      0.00425072	      0.00103132	      0.00879596	      0.00000000	      0.00000000	      0.00000000	     -0.00780886	     -0.00530799	     -0.01173839	    259.19898767	      0.34943026	    -74.54499922	     93.45325083	      0.00000000	      0.00000000	      0.00000000	      0.00000000	   -260.23172741	     -8.46993486	     63.11715288	     87.23511962	      0.00000000	      0.00000000	      0.00000000	      0.00000000	      2.43484747	     -7.31314170	    -13.60209449	      7.55742786	     -5.06358868	     -2.54252507	      0.00000000	    -11.41852296	      5.14397920	      0.00000000	     -0.46023853	     -3.32730364	    -19.88721582	      9.75943665	      2.98745154	     -2.87019215	      0.00000000	     -0.07244998	     13.09539716	      0.00000000
      3.26666667	      5.75762034	     -0.54401100	    181.57136471	     -0.33639418	      0.00249515	     -0.44982591	     -1.03767162	     -0.00411661	     -2.58453909	    -24.12668943	      0.80368922	     -1.60900895	      0.00518027	     -0.00101444	     -0.00179910	      0.00000000	      0.00000000	      0.00000000	      0.00513598	      0.00109118	      0.00779058	      0.00000000	      0.00000000	      0.00000000	     -0.00713779	     -0.00620771	     -0.01137227	    259.43241442	      0.29623113	    -74.40071193	     93.32110012	      0.00000000	      0.00000000	      0.00000000	      0.00000000	   -260.30507794	     -8.60397410	     63.31844204	     87.08760167	      0.00000000	      0.00000000	      0.00000000	      0.00000000	      2.35058424	     -7.32837729	    -13.51870384	      7.59218204	     -4.95565440	     -2.52399311	      0.00000000	    -11.39095766	      5.14818266	      0.00000000	     -0.54176961	     -3.39448324	    -19.87149434	      9.77536150	      2.92325448	     -2.83125636	      0.00000000	     -0.02851197	     13.05896926	      0.00000000
      3.30000000	      4.32990387	     -0.25293208	    182.05761709	     -0.33756861	      0.00245709	     -0.45002188	     -2.62580158	      0.41136779	     -3.78718480	    -23.86478738	      0.08339231	     -0.46927797	      0.00503328	     -0.00068847	      0.00065117	      0.00000000	      0.00000000	      0.00000000	      0.00659685	      0.00241434	      0.00772396	      0.00000000	      0.00000000	      0.00000000	     -0.00796866	     -0.00699658	     -0.01002495	    259.96448368	      1.31519164	    -74.32754642	     93.69866703	      0.00000000	      0.00000000	      0.00000000	      0.00000000	   -259.83019894	     -9.76863887	     63.12780559	     86.34411043	      0.00000000	      0.00000000	      0.00000000	      0.00000000	      0.50825295	     -7.01064392	    -13.88430757	      7.93474982	     -4.18129008	     -2.43568757	      0.00000000	    -12.11943834	      3.69636811	      0.00000000	     -2.14257533	     -3.87371552	    -18.18929527	      9.87899302	      2.30463924	     -2.70882771	      0.00000000	      0.08302581	     11.67612430	      0.00000000
      3.33333333	      4.18371486	     -0.16011263	    181.85940473	     -0.33855348	      0.00243735	     -0.44955052	     -2.67182684	      0.62036500	     -3.85795709	    -23.61776667	      0.05989862	     -0.61931066	      0.00633191	     -0.00106531	      0.00082985	      0.00000000	      0.00000000	      0.00000000	      0.00585912	      0.00269923	      0.00846921	      0.00000000	      0.00000000	      0.00000000	     -0.00906106	     -0.00611420	     -0.00866744	    260.03382114	      2.17386589	    -73.82046252	     93.67140710	      0.00000000	      0.00000000	      0.00000000	      0.00000000	   -259.87949846	     -9.88141281	     62.53473939	     86.00637092	      0.00000000	      0.00000000	      0.00000000	      0.00000000	      0.47002411	     -7.20083450	    -14.10448261	      7.50514537	     -4.26663389	     -1.95786007	      0.00000000	    -12.34105121	      3.60586412	      0.00000000	     -2.43596299	     -3.89127048	    -18.21270990	      9.94140448	      2.15522835	     -2.80800287	      0.00000000	      0.24915164	     11.43838329	      0.00000000
      3.36666667	      4.02965722	     -0.07608343	    181.56966606	     -0.33958384	      0.00244751	     -0.44885570	     -2.79310542	      0.85852358	     -4.27469505	    -23.27513869	      0.00900714	     -0.93371780	      0.00735654	     -0.00164633	     -0.00005719	      0.00000000	      0.00000000	      0.00000000	      0.00520108	      0.00373600	      0.00906099	      0.00000000	      0.00000000	      0.00000000	     -0.01289485	     -0.00625947	     -0.00729157	    260.13991718	      4.00299518	    -73.82019222	     93.50693469	      0.00000000	      0.00000000	      0.00000000	      0.00000000	   -259.75815803	    -10.26515294	     61.76341104	     85.17228103	      0.00000000	      0.00000000	      0.00000000	      0.00000000	      0.34669732	     -7.42333412	    -14.44817616	      7.14753777	     -4.29471901	     -1.42417282	      0.00000000	    -12.60496839	      3.66000371	      0.00000000	     -2.72644875	     -3.84846091	    -18.42291717	     10.00000028	      1.81560841	     -2.89786343	      0.00000000	      0.25933602	     11.29654857	      0.00000000
      3.40000000	      4.00083237	     -0.02972608	    181.50627958	     -0.34004950	      0.00241524	     -0.44876239	     -2.94285181	      0.89029111	     -4.55827835	    -23.26833728	      0.04051998	     -0.96581368	      0.00725032	     -0.00147396	      0.00065292	      0.00000000	      0.00000000	      0.00000000	      0.00706543	      0.00390933	      0.00979339	      0.00000000	      0.00000000	      0.00000000	     -0.01761723	     -0.00545047	     -0.00721127	    260.15294420	      4.16410538	    -73.74026850	     93.52613539	      0.00000000	      0.00000000	      0.00000000	      0.00000000	   -259.71103482	    -10.03703680	     61.44203001	     85.18524953	      0.00000000	      0.00000000	      0.00000000	      0.00000000	      0.38692434	     -7.46727524	    -14.50917176	      6.76202942	     -4.32555355	     -1.37924419	      0.00000000	    -12.72786989	      3.67110274	      0.00000000	     -2.73996930	     -3.81509435	    -18.57151144	      9.94709154	      1.67983026	     -3.00331287	      0.00000000	      0.22784501	     11.28137190	      0.00000000
      3.43333333	      3.98566357	     -0.09160874	    181.58237705	     -0.34072209	      0.00216768	     -0.44837428	     -2.96873853	      0.96334760	     -4.99760807	    -23.56081005	      0.37408979	     -1.00198961	      0.00761696	     -0.00066970	     -0.00097236	      0.00000000	      0.00000000	      0.00000000	      0.00817332	      0.00627242	      0.00996950	      0.00000000	      0.00000000	      0.00000000	     -0.02343958	     -0.00785799	     -0.00775000	    260.43711350	      5.19650232	    -73.72181199	     93.92016251	      0.00000000	      0.00000000	      0.00000000	      0.00000000	   -259.26215793	     -9.12317551	     61.36231013	     84.24741856	      0.00000000	      0.00000000	      0.00000000	      0.00000000	      0.35223568	     -7.74791569	    -14.83440039	      6.33592855	     -4.20691199	     -0.98125025	      0.00000000	    -12.03419423	      3.57329788	      0.00000000	     -2.75403385	     -3.66979681	    -18.61968042	     10.00000028	      1.39450742	     -3.15826992	      0.00000000	      0.01379959	     12.11793915	      0.00000000
      3.46666667	      4.03332534	     -0.21690355	    181.72018227	     -0.34084148	      0.00194910	     -0.44888966	     -3.06709997	      0.79683729	     -4.90023626	    -24.10118070	      0.70070355	     -0.88893073	      0.00712844	      0.00074830	     -0.00091905	      0.00000000	      0.00000000	      0.00000000	      0.01078702	      0.00717540	      0.00966162	      0.00000000	      0.00000000	      0.00000000	     -0.02480098	     -0.00880272	     -0.00844686	    260.53337723	      4.37781529	    -73.54941489	     94.09422823	      0.00000000	      0.00000000	      0.00000000	      0.00000000	   -258.89110569	     -8.47666475	     61.36465297	     84.22281239	      0.00000000	      0.00000000	      0.00000000	      0.00000000	      0.43992298	     -7.75603256	    -14.91228015	      6.16993350	     -3.80884745	     -1.19461428	      0.00000000	    -11.57889408	      3.60571618	      0.00000000	     -2.63748827	     -3.59255187	    -18.15873982	      9.99850969	      1.18818548	     -3.30277572	      0.00000000	     -0.34359866	     12.65037419	      0.00000000
      3.50000000	      4.01591701	     -0.32533893	    181.77632813	     -0.34059117	      0.00187203	     -0.44945738	     -3.30602201	      0.67411267	     -4.38585734	    -24.51076072	      0.83775357	     -0.84656514	      0.00649569	      0.00170082	     -0.00030790	      0.00000000	      0.00000000	      0.00000000	      0.01098959	      0.00797819	      0.00919687	      0.00000000	      0.00000000	      0.00000000	     -0.02239818	     -0.00895055	     -0.00839660	    260.47770041	      3.68475239	    -73.51026324	     93.82557105	      0.00000000	      0.00000000	      0.00000000	      0.00000000	   -258.69050992	     -8.16456966	     61.31826594	     84.53858776	      0.00000000	      0.00000000	      0.00000000	      0.00000000	      0.52737762	     -7.72822784	    -14.88332503	      6.10324002	     -3.59283734	     -1.40368986	      0.00000000	    -11.42911956	      3.76503349	      0.00000000	     -2.52608947	     -3.64315140	    -17.52892302	      9.80934844	      1.22732450	     -3.32169082	      0.00000000	     -0.56282048	     12.73038245	      0.00000000
      3.53333333	      3.87492340	     -0.52847749	    181.84370758	     -0.34006616	      0.00192332	     -0.44951395	     -3.74974215	      0.62954056	     -3.39751841	    -25.23787683	      1.13438285	     -0.96923722	      0.00526912	      0.00334855	     -0.00063801	      0.00000000	      0.00000000	      0.00000000	      0.00929592	      0.00801564	      0.00841454	      0.00000000	      0.00000000	      0.00000000	     -0.01849875	     -0.00862870	     -0.00874592	    259.79919895	      2.40569593	    -73.30668689	     93.18917681	      0.00000000	      0.00000000	      0.00000000	      0.00000000	   -258.85306617	     -7.29863655	     61.57207634	     84.97232225	      0.00000000	      0.00000000	      0.00000000	      0.00000000	      0.46658906	     -7.84166490	    -14.94665554	      6.12038791	     -3.56317842	     -1.65115653	      0.00000000	    -11.29518140	      4.18767565	      0.00000000	     -2.53632307	     -3.57707082	    -16.65419137	      9.59122894	      0.77475915	     -3.18882855	      0.00000000	     -0.49622019	     12.15014025	      0.00000000
      3.56666667	      3.75503657	     -0.65378336	    181.95975929	     -0.33894386	      0.00243321	     -0.44925624	     -4.25937732	      0.63764430	     -2.86987161	    -25.39705718	      1.08896169	     -1.03679964	      0.00528829	      0.00348448	      0.00001316	      0.00000000	      0.00000000	      0.00000000	      0.00705896	      0.00891274	      0.00771195	      0.00000000	      0.00000000	      0.00000000	     -0.01648968	     -0.00873953	     -0.00953021	    259.70886983	      2.48189430	    -73.65146746	     92.86732864	      0.00000000	      0.00000000	      0.00000000	      0.00000000	   -258.76794957	     -6.79808108	     61.49353563	     85.40074524	      0.00000000	      0.00000000	      0.00000000	      0.00000000	      0.50716291	     -7.92481907	    -15.15446003	      6.02675069	     -3.83354565	     -1.80666390	      0.00000000	    -11.35908141	      4.05521826	      0.00000000	     -2.33372614	     -3.57631530	    -16.60367444	      9.07871368	      0.78965812	     -3.01197201	      0.00000000	     -0.49923362	     12.15290212	      0.00000000
      3.60000000	      3.61611389	     -0.81878839	    182.26106405	     -0.33685138	      0.00298326	     -0.44844010	     -5.03927567	      0.69315522	     -2.44588189	    -25.63954988	      1.04990521	     -1.32575294	      0.00462872	      0.00423531	      0.00068915	      0.00000000	      0.00000000	      0.00000000	      0.00335344	      0.00921315	      0.00698039	      0.00000000	      0.00000000	      0.00000000	     -0.01582289	     -0.00830628	     -0.01130185	    259.43722552	      2.85964690	    -74.39777972	     92.46858942	      0.00000000	      0.00000000	      0.00000000	      0.00000000	   -259.02730681	     -5.48469543	     62.29967975	     85.99046089	      0.00000000	      0.00000000	      0.00000000	      0.00000000	      0.53390965	     -8.22194908	    -15.22788606	      5.87222789	     -4.17136802	     -1.72472603	      0.00000000	    -11.38819771	      3.56041494	      0.00000000	     -1.90870399	     -3.50234265	    -17.08185045	      8.27203301	      1.22551583	     -2.72299784	      0.00000000	     -0.17520688	     12.33082126	      0.00000000
      3.63333333	      4.10776874	     -0.95496953	    182.46692300	     -0.33410146	      0.00342614	     -0.44731423	     -5.14576615	      0.76887171	     -2.27255223	    -25.33998717	      1.44947790	     -2.72857647	      0.00615905	      0.00385852	     -0.00088533	      0.00000000	      0.00000000	      0.00000000	      0.00201447	      0.00973359	      0.00700133	      0.00000000	      0.00000000	      0.00000000	     -0.01496522	     -0.00691290	     -0.01239655	    259.29708692	      3.38834576	    -75.02953616	     92.71662470	      0.00000000	      0.00000000	      0.00000000	      0.00000000	   -259.59463192	     -4.64292838	     62.64959522	     86.97894926	      0.00000000	      0.00000000	      0.00000000	      0.00000000	      1.41680652	     -8.59618200	    -14.66646585	      5.47342070	     -4.25215350	     -1.48187817	      0.00000000	    -11.61512321	      1.73997391	      0.00000000	     -0.67053203	     -3.24225950	    -20.56055991	      7.40348355	      5.06610928	     -2.60500081	      0.00000000	     -0.17176213	     13.12257188	      0.00000000
      3.66666667	      5.63600268	     -1.23732071	    182.75932483	     -0.32968514	      0.00351656	     -0.44662142	     -4.45471560	      0.55136542	     -2.53365387	    -25.00678830	      1.71060940	     -3.59837001	      0.00692867	      0.00387535	     -0.00148883	      0.00000000	      0.00000000	      0.00000000	      0.00120826	      0.01123162	      0.00747776	      0.00000000	      0.00000000	      0.00000000	     -0.01093920	     -0.00692722	     -0.01173175	    259.72858140	      4.20614887	    -75.71508489	     93.47675021	      0.00000000	      0.00000000	      0.00000000	      0.00000000	   -259.69888035	     -5.12616870	     63.17034638	     87.33067152	      0.00000000	      0.00000000	      0.00000000	      0.00000000	      3.79814803	     -9.19270430	    -14.32047047	      4.43396966	     -4.21432627	     -1.37338210	      0.00000000	    -11.24954516	      1.27900223	      0.00000000	      1.94069080	     -2.84082918	    -23.86985765	      6.23869090	      9.36791215	     -2.56957964	      0.00000000	     -0.31748928	     13.13629197	      0.00000000
      3.70000000	      7.53211794	     -1.57809286	    183.27367053	     -0.32449553	      0.00320709	     -0.44658810	     -3.59249816	      0.14231408	     -3.09185965	    -24.24632716	      1.94718436	     -4.76446551	      0.00734592	      0.00364850	     -0.00210541	      0.00000000	      0.00000000	      0.00000000	      0.00193988	      0.01245354	      0.00848867	      0.00000000	      0.00000000	      0.00000000	     -0.00640883	     -0.00611527	     -0.00952336	    260.19030580	      4.38057899	    -75.87701099	     94.08110413	      0.00000000	      0.00000000	      0.00000000	      0.00000000	   -260.03482800	     -5.85071367	     63.84592960	     87.28453744	      0.00000000	      0.00000000	      0.00000000	      0.00000000	      6.78656725	     -9.91679089	    -13.46591478	      2.86226153	     -4.56554420	     -1.42350235	      0.00000000	    -10.34469113	      1.61328554	      0.00000000	      5.12686940	     -2.28082701	    -26.01926829	      4.85447588	     12.91972916	     -3.10952265	      0.00000000	     -0.08644052	     13.39412504	      0.00000000
      3.73333333	      9.43426110	     -1.90827351	    183.75556625	     -0.31929277	      0.00286204	     -0.44747292	     -2.86369695	     -0.36524967	     -3.34563480	    -23.12907074	      2.04171243	     -5.64599950	      0.00674346	      0.00268644	     -0.00199493	      0.00000000	      0.00000000	      0.00000000	      0.00309592	      0.01294611	      0.00996130	      0.00000000	      0.00000000	      0.00000000	     -0.00158772	     -0.00600817	     -0.00851422	    260.46685701	      3.83497818	    -75.57038601	     94.36048399	      0.00000000	      0.00000000	      0.00000000	      0.00000000	   -260.34415234	     -6.10189507	     64.94499421	     87.00558153	      0.00000000	      0.00000000	      0.00000000	      0.00000000	     10.01834244	    -10.61716638	    -11.57586938	      0.81729649	     -5.47100125	     -1.57079603	      0.00000000	     -9.26072373	      1.61221423	      0.00000000	      8.29428901	     -1.78014927	    -27.18987317	      3.38608951	     14.88821146	     -3.81036362	      0.00000000	      0.43704971	     13.60065662	      0.00000000
      3.76666667	     10.71659046	     -2.09657050	    184.14527910	     -0.31408396	      0.00245157	     -0.44909367	     -3.00922190	     -0.74023094	     -3.34763116	    -21.83858070	      1.84431897	     -5.98444107	      0.00444730	      0.00147001	     -0.00122188	      0.00000000	      0.00000000	      0.00000000	      0.00418561	      0.01230420	      0.01065339	      0.00000000	      0.00000000	      0.00000000	      0.00060333	     -0.00582576	     -0.00949078	    260.36476267	      2.68812464	    -75.33049576	     94.02784235	      0.00000000	      0.00000000	      0.00000000	      0.00000000	   -260.97153512	     -5.52015189	     66.69587358	     87.12868562	      0.00000000	      0.00000000	      0.00000000	      0.00000000	     12.79362330	    -11.06763079	     -8.82918230	     -1.51908553	     -6.93058488	     -1.64577221	      0.00000000	     -8.44198114	      0.75471036	      0.00000000	     10.76539978	     -1.60418734	    -26.94194680	      1.85641214	     14.72052067	     -4.36988321	      0.00000000	      0.98065813	     13.47379768	      0.00000000
      3.80000000	     10.67728740	     -2.13980452	    184.47900519	     -0.30926042	      0.00160507	     -0.45090322	     -4.70469270	     -0.90624766	     -3.53803425	    -20.91546510	      1.64338399	     -5.78474705	      0.00022507	      0.00124875	     -0.00057848	      0.00000000	      0.00000000	      0.00000000	      0.00567536	      0.01129001	      0.01076132	      0.00000000	      0.00000000	      0.00000000	      0.00036632	     -0.00579223	     -0.01139050	    260.11099134	      1.73259312	    -75.97237074	     93.43415090	      0.00000000	      0.00000000	      0.00000000	      0.00000000	   -261.40630355	     -4.95983340	     68.43810999	     87.65396541	      0.00000000	      0.00000000	      0.00000000	      0.00000000	     14.25428897	    -11.29384990	     -7.71415580	     -4.05892212	     -7.47988359	     -1.59132551	      0.00000000	     -7.39826022	      0.23396926	      0.00000000	     11.87704428	     -1.69712697	    -26.77438424	      0.08029043	     14.61669129	     -4.98473282	      0.00000000	      2.04004445	     12.96309961	      0.00000000
      3.83333333	     11.27269196	     -2.21191239	    184.59960764	     -0.30361014	      0.00015778	     -0.45309490	     -5.84062206	     -1.19461059	     -2.94126913	    -18.64255042	      1.21789293	     -5.25804298	     -0.00217826	     -0.00245118	      0.00072862	      0.00000000	      0.00000000	      0.00000000	      0.00287507	      0.00777819	      0.00936371	      0.00000000	      0.00000000	      0.00000000	      0.00209974	     -0.00453349	     -0.01258217	    259.50647996	      0.50361505	    -76.88988542	     92.00265932	      0.00000000	      0.00000000	      0.00000000	      0.00000000	   -262.15381823	     -3.71682475	     70.61447581	     88.79274122	      0.00000000	      0.00000000	      0.00000000	      0.00000000	     16.52657036	    -11.58805543	     -6.11356167	     -6.71819369	     -9.00219388	     -1.16386190	      0.00000000	     -6.25706862	     -0.20445473	      0.00000000	     13.83171566	     -2.10346620	    -25.94723916	     -2.25837497	     14.24817271	     -4.98473282	      0.00000000	      2.80361364	     10.78028272	      0.00000000
      3.86666667	     12.17834342	     -2.34631713	    184.86850869	     -0.29687675	     -0.00262279	     -0.45481913	     -6.76769045	     -1.65672256	     -3.00313146	    -16.78244799	      1.46639759	     -4.60163952	     -0.00389542	     -0.00497051	      0.00102236	      0.00000000	      0.00000000	      0.00000000	      0.00032054	      0.00363032	      0.00872833	      0.00000000	      0.00000000	      0.00000000	      0.00254017	     -0.00447605	     -0.01140358	    259.02135603	      0.36832750	    -78.44486243	     90.37427737	      0.00000000	      0.00000000	      0.00000000	      0.00000000	   -261.73315889	     -2.84216269	     72.37960169	     88.84499654	      0.00000000	      0.00000000	      0.00000000	      0.00000000	     19.33926496	    -12.22974600	     -6.16753652	     -9.92097127	     -9.67418152	     -0.58181257	      0.00000000	     -3.90468290	      0.70913673	      0.00000000	     16.65076465	     -2.54632591	    -24.86313509	     -5.70315218	     14.77136438	     -4.98473282	      0.00000000	      4.55696986	      8.29864840	      0.00000000
      3.90000000	     14.55523170	     -2.38025876	    185.73692067	     -0.28861380	     -0.00736408	     -0.45634949	     -6.16063675	     -2.16212618	     -3.91777556	    -15.19533104	      2.35394241	     -4.00567483	     -0.00436985	     -0.00681553	      0.00013452	      0.00000000	      0.00000000	      0.00000000	     -0.00243731	     -0.00061346	      0.00899033	      0.00000000	      0.00000000	      0.00000000	      0.00306248	     -0.00585814	     -0.00917208	    258.88197926	      1.00723533	    -79.91532385	     88.86618369	      0.00000000	      0.00000000	      0.00000000	      0.00000000	   -260.31064142	     -2.37626833	     73.76666092	     87.84433468	      0.00000000	      0.00000000	      0.00000000	      0.00000000	     23.81505121	    -13.44359285	     -8.52795482	    -13.60865103	     -8.61317409	     -0.05637889	      0.00000000	     -0.74343306	      2.59856587	      0.00000000	     21.77186931	     -2.87467451	    -22.79378411	    -10.28106861	     14.63145396	     -4.98473282	      0.00000000	      7.07613767	      7.08354637	      0.00000000
      3.93333333	     18.54729146	     -1.85963767	    186.70516708	     -0.27930653	     -0.01456117	     -0.45749639	     -3.65604116	     -2.18433385	     -5.06848097	    -14.08718448	      3.49401349	     -3.20429952	     -0.00360941	     -0.00740335	     -0.00128489	      0.00000000	      0.00000000	      0.00000000	     -0.00457629	     -0.00295934	      0.01024375	      0.00000000	      0.00000000	      0.00000000	      0.00289075	     -0.00740781	     -0.00877038	    259.07509547	      2.19070847	    -80.94865315	     88.09255589	      0.00000000	      0.00000000	      0.00000000	      0.00000000	   -258.81619088	     -2.23569915	     74.64782942	     87.42538329	      0.00000000	      0.00000000	      0.00000000	      0.00000000	     30.32797011	    -14.68675862	    -12.09098606	    -17.82345825	     -5.58094622	      0.12468076	      0.00000000	      2.46799925	      3.85246033	      0.00000000	     29.36466377	     -3.36873053	    -19.65081272	    -15.95441360	     13.33471732	     -4.98473282	      0.00000000	     10.28775416	      6.85334170	      0.00000000
      3.96666667	     22.83842816	     -0.69793741	    187.45964333	     -0.27032337	     -0.02418069	     -0.45770064	     -0.55575023	     -1.30064702	     -6.26342294	    -13.59289526	      3.73802292	     -2.02293645	     -0.00310850	     -0.00647904	     -0.00219247	      0.00000000	      0.00000000	      0.00000000	     -0.00384620	     -0.00128254	      0.00846619	      0.00000000	      0.00000000	      0.00000000	      0.00190381	     -0.00595795	     -0.00883704	    259.78259583	      3.31603969	    -81.75479237	     87.63833004	      0.00000000	      0.00000000	      0.00000000	      0.00000000	   -258.95731129	     -2.64793208	     75.15519897	     88.23219429	      0.00000000	      0.00000000	      0.00000000	      0.00000000	     37.41014051	    -15.53731029	    -14.66412917	    -22.42655822	     -2.09434868	      0.04961955	      0.00000000	      5.19031939	      3.45135292	      0.00000000	     37.61481243	     -4.00428316	    -15.84327108	    -21.84247414	     11.03038309	     -4.98473282	      0.00000000	     13.64545955	      7.73778456	      0.00000000
      4.00000000	     24.75960743	     -0.21882906	    187.15241796	     -0.26356056	     -0.03507406	     -0.45732301	     -0.11736747	     -0.73122933	     -6.48336132	    -12.30478882	      3.66122200	     -0.50752304	     -0.00313100	     -0.00664189	     -0.00190635	      0.00000000	      0.00000000	      0.00000000	     -0.00283548	      0.00034114	      0.00602428	      0.00000000	      0.00000000	      0.00000000	     -0.00016189	     -0.00313730	     -0.00871702	    260.35630507	      4.69726153	    -83.04676464	     87.39967378	      0.00000000	      0.00000000	      0.00000000	      0.00000000	   -259.69942739	     -3.16949390	     75.78653465	     89.21659830	      0.00000000	      0.00000000	      0.00000000	      0.00000000	     42.21069016	    -16.22212856	    -15.17483791	    -27.13248490	      0.17278085	      0.22181852	      0.00000000	      8.28617046	      2.79088669	      0.00000000	     42.76349249	     -4.70818639	    -13.92973492	    -27.12625802	      9.52470327	     -4.98473282	      0.00000000	     16.97613091	      8.77295338	      0.00000000
      4.03333333	     26.04827044	      0.15094069	    186.86227607	     -0.25768004	     -0.04757696	     -0.45642865	     -0.48868036	     -0.09813032	     -6.65125312	    -10.73800487	      2.87091969	      1.14364403	     -0.00503520	     -0.00767683	      0.00027131	      0.00000000	      0.00000000	      0.00000000	     -0.00096009	      0.00160744	      0.00348341	      0.00000000	      0.00000000	      0.00000000	     -0.00083794	      0.00048159	     -0.00994338	    260.41227376	      5.95106658	    -84.89808056	     87.41934518	      0.00000000	      0.00000000	      0.00000000	      0.00000000	   -260.66320084	     -3.98874542	     76.83320247	     90.44244363	      0.00000000	      0.00000000	      0.00000000	      0.00000000	     46.56466807	    -16.90237556	    -14.97140206	    -32.43237824	      1.72492497	      0.23548525	      0.00000000	     11.59277874	      2.55646389	      0.00000000	     47.25648123	     -5.23378778	    -12.16473782	    -32.51501407	      8.39015863	     -4.98473282	      0.00000000	     20.27493797	      9.29532738	      0.00000000
      4.06666667	     26.75858617	      0.48321247	    186.72072606	     -0.25275066	     -0.06173064	     -0.45510116	     -1.54521823	      0.57336994	     -6.95390185	     -8.91793022	      1.68574720	      2.72054290	     -0.00837932	     -0.00975713	      0.00376121	      0.00000000	      0.00000000	      0.00000000	      0.00117863	      0.00146245	      0.00200241	      0.00000000	      0.00000000	      0.00000000	     -0.00046419	      0.00383928	     -0.01108683	    259.75426464	      7.12741086	    -87.00771216	     87.37905037	      0.00000000	      0.00000000	      0.00000000	      0.00000000	   -261.62330704	     -4.98106814	     78.01503821	     91.09430222	      0.00000000	      0.00000000	      0.00000000	      0.00000000	     50.25806765	    -17.63546614	    -14.82815012	    -37.81125416	      2.33060547	      0.18430158	      0.00000000	     15.13849158	      3.08940976	      0.00000000	     51.31421653	     -5.60951604	    -10.51123618	    -38.41796056	      7.33041165	     -4.98473282	      0.00000000	     23.73732239	      9.79451305	      0.00000000
      4.10000000	     26.67169392	      0.77936742	    186.76949908	     -0.24841428	     -0.07753443	     -0.45355450	     -3.47095970	      1.27685428	     -7.22625019	     -6.55449292	      0.60008639	      3.39764875	     -0.01128245	     -0.01305789	      0.00662493	      0.00000000	      0.00000000	      0.00000000	      0.00054304	      0.00076687	      0.00265867	      0.00000000	      0.00000000	      0.00000000	      0.00095743	      0.00586397	     -0.01286204	    258.77041471	      8.52131962	    -88.88076126	     87.26641458	      0.00000000	      0.00000000	      0.00000000	      0.00000000	   -262.41964121	     -5.88486731	     78.81461920	     91.86586178	      0.00000000	      0.00000000	      0.00000000	      0.00000000	     53.08601741	    -18.55955185	    -14.97826097	    -43.18554729	      2.35696775	      0.11807216	      0.00000000	     18.30423702	      4.33783928	      0.00000000	     54.78945186	     -5.91137860	     -9.03315515	    -44.96130127	      6.34760702	     -4.98473282	      0.00000000	     27.00533314	     10.33583334	      0.00000000
      4.13333333	     27.38351749	      2.02495643	    187.23552966	     -0.24365622	     -0.09531566	     -0.45199336	     -4.34298998	      2.81710014	     -8.18488942	     -4.76269505	     -0.63150139	      3.99729446	     -0.01483793	     -0.01562611	      0.01053561	      0.00000000	      0.00000000	      0.00000000	      0.00157907	      0.00112357	      0.00428045	      0.00000000	      0.00000000	      0.00000000	      0.00240059	      0.00610982	     -0.01285204	    258.25095192	      9.97316147	    -90.64593723	     87.14428460	      0.00000000	      0.00000000	      0.00000000	      0.00000000	   -263.19382906	     -7.64385481	     78.94838445	     92.86235602	      0.00000000	      0.00000000	      0.00000000	      0.00000000	     56.60946792	    -19.27783852	    -16.61576238	    -48.49538877	      0.97535929	     -0.63222541	      0.00000000	     21.07006777	      7.82271320	      0.00000000	     59.67733246	     -6.32196961	     -7.00788994	    -51.72044675	      3.96799204	     -4.98473282	      0.00000000	     29.90036587	     11.70785638	      0.00000000
      4.16666667	     28.46206736	      3.15609786	    187.25844815	     -0.23905573	     -0.11495075	     -0.45024653	     -4.51692462	      4.24978825	     -8.24036906	     -3.81309493	     -0.70543802	      3.51271263	     -0.01764653	     -0.01698204	      0.00950477	      0.00000000	      0.00000000	      0.00000000	      0.00211252	      0.00414957	      0.00524479	      0.00000000	      0.00000000	      0.00000000	      0.00624337	      0.00400517	     -0.01202291	    258.45983042	     10.90467363	    -91.83256876	     87.93152970	      0.00000000	      0.00000000	      0.00000000	      0.00000000	   -263.95722438	     -8.94627624	     78.78109180	     93.72668595	      0.00000000	      0.00000000	      0.00000000	      0.00000000	     60.75313794	    -19.94618106	    -18.31628347	    -53.75988587	     -0.76259873	     -1.85911804	      0.00000000	     23.83209597	     11.92572326	      0.00000000	     64.84961820	     -6.92064007	     -5.56424325	    -58.19408577	      1.42420063	     -4.98473282	      0.00000000	     32.28946464	     13.67555971	      0.00000000
      4.20000000	     28.78481370	      3.60909056	    186.98898052	     -0.23459520	     -0.13557197	     -0.44889677	     -5.62112094	      4.84988876	     -8.02012528	     -1.83609554	     -0.58242583	      2.65068644	     -0.01750280	     -0.01893457	      0.00844232	      0.00000000	      0.00000000	      0.00000000	      0.00266429	      0.00672871	      0.00557696	      0.00000000	      0.00000000	      0.00000000	      0.00939702	      0.00398270	     -0.01016410	    258.87718848	     11.62574606	    -93.29411386	     88.99122988	      0.00000000	      0.00000000	      0.00000000	      0.00000000	   -264.75252815	    -10.00755339	     79.46177164	     94.99088460	      0.00000000	      0.00000000	      0.00000000	      0.00000000	     64.41576531	    -20.65167917	    -18.21807241	    -59.11520123	     -1.03419402	     -2.50835194	      0.00000000	     26.10346968	     12.80858318	      0.00000000	     68.69876201	     -7.58590680	     -5.00946267	    -63.99103682	      0.78824789	     -4.98473282	      0.00000000	     34.42901466	     14.55878158	      0.00000000
      4.23333333	     30.71378290	      4.13216476	    186.16576284	     -0.22996458	     -0.15750635	     -0.44815598	     -4.84862818	      5.22284448	     -7.27049569	      0.30936048	      0.06099658	      2.11847935	     -0.01534105	     -0.02059233	      0.00662129	      0.00000000	      0.00000000	      0.00000000	      0.00342312	      0.00790168	      0.00469516	      0.00000000	      0.00000000	      0.00000000	      0.01004023	      0.00446267	     -0.00764072	    258.79546051	     11.87079332	    -94.99125032	     89.81711931	      0.00000000	      0.00000000	      0.00000000	      0.00000000	   -265.27187023	     -9.50402823	     81.28753710	     95.54738447	      0.00000000	      0.00000000	      0.00000000	      0.00000000	     69.82597098	    -20.87841245	    -17.59645319	    -64.20374332	     -0.94136780	     -3.03514233	      0.00000000	     28.21226268	     13.25667919	      0.00000000	     74.12974430	     -8.58761327	     -4.53960792	    -69.61203471	      0.34557000	     -4.98473282	      0.00000000	     36.31417632	     15.84329218	      0.00000000
      4.26666667	     33.50885911	      4.34340661	    184.98197677	     -0.22562503	     -0.18028239	     -0.44836603	     -3.09021072	      4.99861795	     -6.04457125	      2.12587025	      0.34547208	      1.85045691	     -0.01302874	     -0.02172104	      0.00713982	      0.00000000	      0.00000000	      0.00000000	      0.00345296	      0.00640460	      0.00379311	      0.00000000	      0.00000000	      0.00000000	      0.00972960	      0.00430692	     -0.00481358	    258.20638885	     11.31534944	    -96.43924109	     89.94054771	      0.00000000	      0.00000000	      0.00000000	      0.00000000	   -264.85138630	     -8.02731813	     83.52187616	     95.04540966	      0.00000000	      0.00000000	      0.00000000	      0.00000000	     76.25636549	    -20.66863555	    -15.92038143	    -69.17243755	     -0.76918294	     -3.14867928	      0.00000000	     29.94061130	     13.19285537	      0.00000000	     80.17857167	     -9.94214496	     -4.68406856	    -74.93164972	     -0.39709773	     -4.98473282	      0.00000000	     38.18772346	     17.12045924	      0.00000000
      4.30000000	     36.57225727	      4.00806951	    183.64577355	     -0.22211594	     -0.20388976	     -0.44838818	     -0.94686020	      4.26736921	     -4.95397477	      4.10602452	      0.50490239	      1.68304785	     -0.01005060	     -0.02307333	      0.00829945	      0.00000000	      0.00000000	      0.00000000	      0.00360046	      0.00517169	      0.00253732	      0.00000000	      0.00000000	      0.00000000	      0.00585651	      0.00293100	     -0.00249315	    257.92534198	     10.74378956	    -97.29988761	     89.77427133	      0.00000000	      0.00000000	      0.00000000	      0.00000000	   -263.94536872	     -6.20464054	     84.77258881	     93.96607920	      0.00000000	      0.00000000	      0.00000000	      0.00000000	     83.00962026	    -20.58210865	    -13.65233465	    -73.99926768	     -0.72630870	     -2.57939440	      0.00000000	     31.67445976	     13.54266971	      0.00000000	     86.28719962	    -11.38004077	     -5.14884476	    -80.22791960	     -1.62005945	     -4.98473282	      0.00000000	     40.25890947	     18.31474216	      0.00000000
      4.33333333	     39.88811636	      3.42863109	    182.65935889	     -0.21943390	     -0.22880461	     -0.44843504	      1.87003186	      3.28284557	     -4.17682977	      5.36547686	      0.67921226	      1.34549913	     -0.00709836	     -0.02374768	      0.01033312	      0.00000000	      0.00000000	      0.00000000	      0.00365785	      0.00315162	      0.00331500	      0.00000000	      0.00000000	      0.00000000	      0.00301601	      0.00015250	     -0.00202454	    257.92542563	     10.37113566	    -97.36468662	     89.79792262	      0.00000000	      0.00000000	      0.00000000	      0.00000000	   -262.31043641	     -4.82035708	     83.96281822	     92.77624986	      0.00000000	      0.00000000	      0.00000000	      0.00000000	     90.18810019	    -20.65974864	    -11.07610157	    -78.95618562	     -1.26787198	     -1.97500175	      0.00000000	     33.48591650	     14.91722608	      0.00000000	     92.72362797	    -12.62227100	     -5.59936402	    -85.46666809	     -3.28596997	     -4.98473282	      0.00000000	     42.43214906	     19.68814140	      0.00000000
      4.36666667	     42.94657592	      2.93851180	    182.07492818	     -0.21711338	     -0.25487397	     -0.44846459	      4.54594862	      2.41451480	     -3.80869353	      6.38332777	      0.87519472	      0.84421739	     -0.00548981	     -0.02366479	      0.01319246	      0.00000000	      0.00000000	      0.00000000	      0.00530509	      0.00027119	      0.00455436	      0.00000000	      0.00000000	      0.00000000	      0.00062118	     -0.00297496	     -0.00329652	    257.98223342	     10.11196483	    -97.78364675	     89.82335111	      0.00000000	      0.00000000	      0.00000000	      0.00000000	   -260.03456160	     -3.97507299	     82.20463971	     91.33511830	      0.00000000	      0.00000000	      0.00000000	      0.00000000	     97.21268026	    -21.00980731	     -9.38285537	    -84.01556072	     -2.24920968	     -1.93657117	      0.00000000	     34.94282627	     16.51183629	      0.00000000	     99.16150539	    -13.69410584	     -5.70633791	    -90.67907004	     -4.43603995	     -4.98473282	      0.00000000	     44.21829667	     21.00901097	      0.00000000
      4.40000000	     45.18303952	      2.74363710	    181.74874689	     -0.21510078	     -0.28182812	     -0.44809698	      6.42337493	      2.03354375	     -3.82032242	      7.27060614	      1.02675014	      0.25975227	     -0.00517857	     -0.02284847	      0.01537726	      0.00000000	      0.00000000	      0.00000000	      0.00928407	     -0.00354082	      0.00568175	      0.00000000	      0.00000000	      0.00000000	     -0.00070413	     -0.00564736	     -0.00602872	    257.34264477	     10.12134939	    -98.68619526	     89.59310110	      0.00000000	      0.00000000	      0.00000000	      0.00000000	   -257.64394048	     -3.53028303	     81.20041511	     89.80565218	      0.00000000	      0.00000000	      0.00000000	      0.00000000	    103.33527268	    -21.54747152	     -8.68872779	    -89.10774906	     -2.88562425	     -2.44143260	      0.00000000	     36.43926208	     17.07143998	      0.00000000	    104.92681965	    -14.50610171	     -5.33301038	    -95.79198991	     -4.73892252	     -4.98473282	      0.00000000	     45.89232261	     21.61671832	      0.00000000
      4.43333333	     47.77354589	      2.83785865	    181.53049573	     -0.21302303	     -0.30978831	     -0.44758727	      8.97023215	      2.01728915	     -4.08993807	      6.36100098	      1.41934760	     -0.09992052	     -0.00793847	     -0.01959432	      0.01593866	      0.00000000	      0.00000000	      0.00000000	      0.01523962	     -0.00560584	      0.00550480	      0.00000000	      0.00000000	      0.00000000	      0.00122946	     -0.00215598	     -0.00895850	    256.51759112	     10.22765609	    -99.08473735	     89.01917835	      0.00000000	      0.00000000	      0.00000000	      0.00000000	   -257.04493125	     -3.52296179	     81.65376813	     90.15418186	      0.00000000	      0.00000000	      0.00000000	      0.00000000	    109.87320534	    -22.12698176	     -8.26259479	    -94.28784562	     -3.26028025	     -3.21498963	      0.00000000	     37.47213055	     17.16965624	      0.00000000	    111.23645322	    -15.14854407	     -4.71718092	   -100.86066064	     -4.55647595	     -4.98473282	      0.00000000	     46.86429107	     21.77992166	      0.00000000
      4.46666667	     49.06132894	      3.30174845	    181.22603927	     -0.21093774	     -0.33726152	     -0.44691989	      9.93224081	      2.61726769	     -4.31451054	      6.25745263	      1.56112956	      0.20163880	     -0.01003683	     -0.01708831	      0.01579887	      0.00000000	      0.00000000	      0.00000000	      0.01943065	     -0.00459431	      0.00495788	      0.00000000	      0.00000000	      0.00000000	      0.00442701	      0.00174666	     -0.01099737	    255.49935492	     10.75687934	    -99.29587371	     88.36206333	      0.00000000	      0.00000000	      0.00000000	      0.00000000	   -257.31630788	     -3.91145894	     83.04559627	     90.74821942	      0.00000000	      0.00000000	      0.00000000	      0.00000000	    114.83746509	    -22.60587145	     -8.18950568	    -99.35909288	     -3.40153473	     -3.99912367	      0.00000000	     38.23381029	     16.84473707	      0.00000000	    116.34853175	    -15.60829328	     -3.66446384	   -105.88341201	     -4.48610820	     -4.98473282	      0.00000000	     47.32964339	     21.06953243	      0.00000000
      4.50000000	     49.72971617	      3.99551291	    180.74588333	     -0.20896365	     -0.36350835	     -0.44638022	     10.01136396	      3.55473328	     -4.24357368	      6.59904882	      1.41518509	      1.12705698	     -0.01151555	     -0.01597170	      0.01534712	      0.00000000	      0.00000000	      0.00000000	      0.01964294	     -0.00092546	      0.00545118	      0.00000000	      0.00000000	      0.00000000	      0.00831348	      0.00440904	     -0.01178158	    254.77989450	     11.44441525	    -98.98799340	     88.12698443	      0.00000000	      0.00000000	      0.00000000	      0.00000000	   -258.29558197	     -4.78407253	     84.04013549	     91.47005109	      0.00000000	      0.00000000	      0.00000000	      0.00000000	    118.89856679	    -22.95350565	     -8.38394442	   -104.14873281	     -3.62336752	     -4.67657529	      0.00000000	     38.62606641	     16.60973375	      0.00000000	    120.94182491	    -15.94782411	     -2.25311475	   -110.70379766	     -4.52778543	     -4.98473282	      0.00000000	     47.22409955	     19.89759395	      0.00000000
      4.53333333	     49.73551486	      4.64735470	    180.18850670	     -0.20770763	     -0.38802417	     -0.44549697	      9.23353089	      4.54459307	     -3.79094244	      7.57988155	      0.99723398	      2.36595892	     -0.01105118	     -0.01702704	      0.01467380	      0.00000000	      0.00000000	      0.00000000	      0.01658746	      0.00334762	      0.00672410	      0.00000000	      0.00000000	      0.00000000	      0.01025241	      0.00475871	     -0.01183561	    254.49079364	     12.12425227	    -98.63799276	     88.74140391	      0.00000000	      0.00000000	      0.00000000	      0.00000000	   -259.83277430	     -5.55601188	     84.08340596	     92.36987049	      0.00000000	      0.00000000	      0.00000000	      0.00000000	    122.02317146	    -23.24418378	     -8.23645113	   -108.49531076	     -4.18909509	     -4.85574804	      0.00000000	     38.85317084	     16.74722125	      0.00000000	    124.77797658	    -16.29565819	     -0.83114399	   -115.25936213	     -4.28189593	     -4.98473282	      0.00000000	     46.85699373	     19.02942706	      0.00000000
      4.56666667	     49.27480823	      5.04190323	    179.71572686	     -0.20734106	     -0.41043917	     -0.44440417	      7.86170350	      5.20976298	     -3.09826031	      8.83641964	      0.61625113	      3.33892779	     -0.00914379	     -0.02008645	      0.01374151	      0.00000000	      0.00000000	      0.00000000	      0.01284772	      0.00628471	      0.00769045	      0.00000000	      0.00000000	      0.00000000	      0.00939556	      0.00458642	     -0.01164169	    254.69893569	     12.58867044	    -98.68395478	     90.02946667	      0.00000000	      0.00000000	      0.00000000	      0.00000000	   -262.00748398	     -6.07217986	     83.57197003	     93.96341919	      0.00000000	      0.00000000	      0.00000000	      0.00000000	    124.56019471	    -23.45701967	     -7.90742990	   -112.36140473	     -5.31183244	     -4.98473282	      0.00000000	     38.82050422	     17.19689237	      0.00000000	    127.84121147	    -16.67809678	      0.34559236	   -119.35293700	     -3.85920277	     -4.98473282	      0.00000000	     46.37779410	     18.78785410	      0.00000000
      4.60000000	     48.53965666	      5.05200980	    179.36742341	     -0.20815024	     -0.43063201	     -0.44286638	      6.32243876	      5.42940708	     -2.40169237	      9.75330115	      0.41924986	      3.75736553	     -0.00659741	     -0.02426837	      0.01247363	      0.00000000	      0.00000000	      0.00000000	      0.01071322	      0.00600378	      0.00818758	      0.00000000	      0.00000000	      0.00000000	      0.00737194	      0.00348538	     -0.01141151	    254.91735944	     13.05572129	    -98.86320845	     91.27025064	      0.00000000	      0.00000000	      0.00000000	      0.00000000	   -264.16777419	     -6.33504631	     83.07980570	     95.56978202	      0.00000000	      0.00000000	      0.00000000	      0.00000000	    126.72780008	    -23.63005246	     -7.08486865	   -115.86385267	     -6.35713853	     -4.98473282	      0.00000000	     38.60456161	     17.72842352	      0.00000000	    130.13212531	    -17.13786894	      1.20244459	   -123.02987269	     -3.42766358	     -4.98473282	      0.00000000	     46.02582893	     19.03213102	      0.00000000
      4.63333333	     47.99108336	      4.66889263	    178.95131970	     -0.20992957	     -0.44792105	     -0.44120640	      5.15253741	      5.25576343	     -1.54486192	     10.52218879	      0.30598210	      3.95387348	     -0.00396537	     -0.02868209	      0.01128629	      0.00000000	      0.00000000	      0.00000000	      0.00910154	      0.00427268	      0.00822156	      0.00000000	      0.00000000	      0.00000000	      0.00844854	      0.00482576	     -0.01120146	    255.31984172	     13.91599523	    -99.02299900	     92.49023450	      0.00000000	      0.00000000	      0.00000000	      0.00000000	   -266.77774633	     -6.90946362	     83.13198631	     97.57424963	      0.00000000	      0.00000000	      0.00000000	      0.00000000	    128.81504236	    -23.45508588	     -5.91509179	   -118.77778061	     -7.37414354	     -4.98473282	      0.00000000	     38.42846106	     18.63995163	      0.00000000	    131.92423840	    -17.89311753	      1.61231649	   -126.18543917	     -3.33837365	     -4.98473282	      0.00000000	     46.08113721	     18.89318478	      0.00000000
      4.66666667	     47.93371619	      3.50388309	    179.33493600	     -0.21223176	     -0.46234177	     -0.43935428	      4.91916539	      4.03786304	     -1.48918291	     10.35135969	      1.00146443	      3.88932452	     -0.00297079	     -0.03183995	      0.01002549	      0.00000000	      0.00000000	      0.00000000	      0.00778489	      0.00144047	      0.00852454	      0.00000000	      0.00000000	      0.00000000	      0.01306384	      0.00577196	     -0.00992315	    256.02015820	     14.84524509	    -98.67800811	     92.93726362	      0.00000000	      0.00000000	      0.00000000	      0.00000000	   -268.18285769	     -7.76298442	     83.60975093	     98.52418425	      0.00000000	      0.00000000	      0.00000000	      0.00000000	    131.65266831	    -23.50416824	     -3.37120815	   -121.12158775	    -10.32223561	     -4.98473282	      0.00000000	     38.83631272	     22.68611163	      0.00000000	    133.03487520	    -18.24986295	      0.61266879	   -128.61064462	     -3.02962921	     -4.98473282	      0.00000000	     46.36453789	     17.38478932	      0.00000000
      4.70000000	     47.46460266	      2.59941775	    178.96371996	     -0.21468448	     -0.47257350	     -0.43821261	      4.36597889	      3.17372781	     -0.72017076	      9.85609899	      0.99523243	      3.44923445	     -0.00341609	     -0.03335566	      0.01027890	      0.00000000	      0.00000000	      0.00000000	      0.00673109	     -0.00291328	      0.00953609	      0.00000000	      0.00000000	      0.00000000	      0.02083470	      0.00448369	     -0.00939699	    255.98603731	     15.15192914	    -98.23339815	     92.19390249	      0.00000000	      0.00000000	      0.00000000	      0.00000000	   -268.20859718	     -9.49715852	     84.52975230	     98.31877910	      0.00000000	      0.00000000	      0.00000000	      0.00000000	    133.00459423	    -22.84060390	     -1.83137168	   -122.84291274	    -10.43277570	     -4.98473282	      0.00000000	     38.86147659	     23.27202432	      0.00000000	    133.59519186	    -19.22297402	      0.28434700	   -130.57335931	     -3.45652684	     -4.98473282	      0.00000000	     46.39769820	     17.03042437	      0.00000000
      4.73333333	     47.59262024	      1.39042357	    179.14601300	     -0.21705263	     -0.47838896	     -0.43728982	      4.79582368	      1.83215607	     -0.62874956	      8.82691197	      1.46956129	      3.04316063	     -0.00511165	     -0.03336194	      0.01037741	      0.00000000	      0.00000000	      0.00000000	      0.00514204	     -0.00628272	      0.01111989	      0.00000000	      0.00000000	      0.00000000	      0.02529593	      0.00213717	     -0.00897025	    256.36625292	     14.80673472	    -97.39465898	     91.59836313	      0.00000000	      0.00000000	      0.00000000	      0.00000000	   -267.19981165	    -10.64043567	     85.09945967	     97.43872979	      0.00000000	      0.00000000	      0.00000000	      0.00000000	    134.60037283	    -22.36390980	     -0.01870321	   -123.87193667	    -10.42096912	     -4.98473282	      0.00000000	     38.85037630	     23.50258819	      0.00000000	    133.77794078	    -19.85709713	     -0.91776604	   -131.64593154	     -3.68005223	     -4.98473282	      0.00000000	     46.37808768	     16.77861921	      0.00000000
      4.76666667	     47.86720912	      0.85149145	    179.24252106	     -0.21878922	     -0.47884621	     -0.43666940	      5.46006939	      1.31630258	     -0.47260691	      8.00711939	      1.41262885	      2.88702744	     -0.00670184	     -0.03237130	      0.01098759	      0.00000000	      0.00000000	      0.00000000	      0.00260940	     -0.00666597	      0.01222355	      0.00000000	      0.00000000	      0.00000000	      0.02651352	     -0.00030405	     -0.00944458	    256.94711217	     14.02393622	    -96.81790999	     91.62620483	      0.00000000	      0.00000000	      0.00000000	      0.00000000	   -266.18797336	    -11.38651256	     85.03567933	     96.45402588	      0.00000000	      0.00000000	      0.00000000	      0.00000000	    135.09846757	    -22.11216707	      0.69063015	   -123.98554225	    -10.29014906	     -4.98473282	      0.00000000	     39.01911820	     23.41757458	      0.00000000	    133.84122304	    -20.03295912	     -1.56548249	   -131.92153525	     -3.72486605	     -4.98473282	      0.00000000	     45.88051207	     16.67266087	      0.00000000
      4.80000000	     48.45987120	      0.69532193	    179.36437388	     -0.21969106	     -0.47341612	     -0.43649549	      6.43233223	      1.21807297	     -0.50955060	      7.41078700	      1.25822814	      2.93687993	     -0.00810703	     -0.03137281	      0.01128716	      0.00000000	      0.00000000	      0.00000000	     -0.00052309	     -0.00526041	      0.01298114	      0.00000000	      0.00000000	      0.00000000	      0.02436152	     -0.00307078	     -0.01017552	    257.47193962	     13.45252752	    -96.54336702	     91.95897926	      0.00000000	      0.00000000	      0.00000000	      0.00000000	   -265.28060829	    -11.60298785	     84.54054169	     95.47092570	      0.00000000	      0.00000000	      0.00000000	      0.00000000	    134.83459681	    -21.98515142	      0.49946306	   -123.12711855	    -10.42737927	     -4.98473282	      0.00000000	     39.20705013	     23.02804406	      0.00000000	    133.59026374	    -19.92045985	     -2.07022548	   -131.15650635	     -3.55037664	     -4.98473282	      0.00000000	     45.57268057	     16.47103932	      0.00000000
      4.83333333	     49.16936931	      0.75349010	    179.35899533	     -0.21982745	     -0.46293470	     -0.43641088	      7.47153105	      1.44382897	     -0.54211777	      7.19463388	      1.15750615	      3.10991197	     -0.00872384	     -0.03059217	      0.01049577	      0.00000000	      0.00000000	      0.00000000	     -0.00306248	     -0.00212407	      0.01215643	      0.00000000	      0.00000000	      0.00000000	      0.02124380	     -0.00498973	     -0.01113481	    257.67006398	     13.17360511	    -96.76781126	     91.99474121	      0.00000000	      0.00000000	      0.00000000	      0.00000000	   -265.07516320	    -11.87584469	     83.83021298	     95.02240075	      0.00000000	      0.00000000	      0.00000000	      0.00000000	    133.86208613	    -21.83591831	     -0.28043925	   -121.46137251	    -10.43984721	     -4.98473282	      0.00000000	     39.32031195	     22.76810557	      0.00000000	    132.89728084	    -19.73722548	     -2.47751170	   -129.53204047	     -3.32730745	     -4.98473282	      0.00000000	     45.45362787	     16.14075032	      0.00000000
      4.86666667	     50.03702039	      1.39761435	    178.85853457	     -0.21926196	     -0.44820168	     -0.43687456	      8.60755309	      2.31348756	     -0.68740369	      7.24165672	      1.10776009	      3.87867373	     -0.00850842	     -0.03005742	      0.01030909	      0.00000000	      0.00000000	      0.00000000	     -0.00322045	      0.00059892	      0.01026535	      0.00000000	      0.00000000	      0.00000000	      0.01597483	     -0.00572014	     -0.01105620	    257.38086095	     13.24905598	    -97.08049648	     91.03702456	      0.00000000	      0.00000000	      0.00000000	      0.00000000	   -265.30018499	    -12.33644616	     83.20011304	     94.74302243	      0.00000000	      0.00000000	      0.00000000	      0.00000000	    132.02265116	    -21.62358300	     -2.34332100	   -118.88816931	    -10.41384047	     -4.98473282	      0.00000000	     39.26612922	     22.52261758	      0.00000000	    132.21586950	    -19.59465465	     -2.02275866	   -127.24748578	     -2.29838717	     -4.98473282	      0.00000000	     45.30148609	     15.09612556	      0.00000000
      4.90000000	     50.65376217	      1.75341415	    178.51949599	     -0.21816141	     -0.43023997	     -0.43736888	      9.40645412	      2.73284452	     -0.88464749	      7.53224363	      1.34657503	      4.07835238	     -0.00770109	     -0.02975600	      0.00984436	      0.00000000	      0.00000000	      0.00000000	     -0.00334680	      0.00280882	      0.00818307	      0.00000000	      0.00000000	      0.00000000	      0.00939564	     -0.00344027	     -0.01023680	    257.24648890	     13.07607584	    -97.20230330	     89.86853656	      0.00000000	      0.00000000	      0.00000000	      0.00000000	   -265.67648313	    -11.80987116	     83.24144103	     94.75465169	      0.00000000	      0.00000000	      0.00000000	      0.00000000	    129.75386047	    -21.30239608	     -4.08176504	   -115.64944476	    -10.35308504	     -4.98473282	      0.00000000	     39.27683410	     22.62394135	      0.00000000	    130.53541864	    -19.40514782	     -2.04309491	   -124.23446657	     -1.42212900	     -4.98473282	      0.00000000	     45.59027342	     14.15237351	      0.00000000
      4.93333333	     51.39102262	      1.89013606	    178.32330087	     -0.21690278	     -0.41027655	     -0.43762010	     10.41553219	      2.85993596	     -1.40011595	      7.53985242	      1.57474257	      3.83124028	     -0.00717567	     -0.02935157	      0.00967214	      0.00000000	      0.00000000	      0.00000000	     -0.00115244	      0.00352630	      0.00764250	      0.00000000	      0.00000000	      0.00000000	      0.00231159	     -0.00058229	     -0.00952876	    257.25700784	     12.53493294	    -96.83518135	     89.48829456	      0.00000000	      0.00000000	      0.00000000	      0.00000000	   -265.19725257	    -11.10180043	     83.36886173	     94.08810544	      0.00000000	      0.00000000	      0.00000000	      0.00000000	    127.54242878	    -20.95636386	     -5.37409317	   -111.97263091	     -9.95539277	     -4.98473282	      0.00000000	     39.26471087	     22.82128675	      0.00000000	    128.47502459	    -19.05413171	     -2.32146717	   -120.72432403	     -0.94923358	     -4.98473282	      0.00000000	     46.04233851	     13.76405064	      0.00000000
      4.96666667	     51.76612146	      2.22515880	    178.33558813	     -0.21581054	     -0.38901360	     -0.43814476	     11.11534049	      3.08295142	     -1.79258406	      7.23838900	      1.72371217	      2.67118679	     -0.00704215	     -0.02872035	      0.00946291	      0.00000000	      0.00000000	      0.00000000	      0.00158210	      0.00210084	      0.00814179	      0.00000000	      0.00000000	      0.00000000	     -0.00146079	      0.00046918	     -0.00903715	    257.32469156	     11.35364110	    -96.22957082	     89.83527225	      0.00000000	      0.00000000	      0.00000000	      0.00000000	   -263.52490126	    -10.16102334	     83.80600753	     92.76484036	      0.00000000	      0.00000000	      0.00000000	      0.00000000	    124.76679476	    -20.73942621	     -6.71204842	   -108.13772802	     -9.79760391	     -4.98473282	      0.00000000	     39.14048434	     22.35170840	      0.00000000	    125.97988618	    -18.40678704	     -2.47257783	   -116.94657275	     -0.65329582	     -4.98473282	      0.00000000	     46.33128097	     13.77336227	      0.00000000
      5.00000000	     52.31405397	      2.51005397	    178.69457074	     -0.21531451	     -0.36701375	     -0.43862717	     12.15764638	      3.27902121	     -2.15651165	      6.53377007	      1.43113745	      1.34036603	     -0.00797008	     -0.02822937	      0.00979290	      0.00000000	      0.00000000	      0.00000000	      0.00299547	     -0.00058928	      0.00888495	      0.00000000	      0.00000000	      0.00000000	     -0.00107064	      0.00092457	     -0.00948242	    257.32704174	     10.52861366	    -95.91008901	     90.76871504	      0.00000000	      0.00000000	      0.00000000	      0.00000000	   -262.18990812	     -9.57574808	     84.46285180	     92.18827526	      0.00000000	      0.00000000	      0.00000000	      0.00000000	    122.11554896	    -20.55217234	     -7.63147624	   -104.15406106	     -9.54609741	     -4.98473282	      0.00000000	     38.93135012	     21.41318728	      0.00000000	    123.47412883	    -17.40209390	     -2.80009595	   -112.85439490	     -0.66288351	     -4.98473282	      0.00000000	     46.45584932	     13.97647457	      0.00000000
      5.03333333	     52.06607171	      3.28868528	    179.54296452	     -0.21551676	     -0.34471735	     -0.43935828	     12.44784824	      3.93503388	     -2.74767522	      5.36567164	      0.72698006	     -1.14387829	     -0.01035121	     -0.02758118	      0.00933998	      0.00000000	      0.00000000	      0.00000000	      0.00360985	     -0.00226756	      0.00896334	      0.00000000	      0.00000000	      0.00000000	     -0.00057022	     -0.00096675	     -0.00988258	    257.64938893	      9.54315082	    -95.36929977	     91.89213168	      0.00000000	      0.00000000	      0.00000000	      0.00000000	   -261.36305668	     -8.15994032	     85.45291452	     92.26785007	      0.00000000	      0.00000000	      0.00000000	      0.00000000	    118.48484361	    -20.88499970	     -8.77653692	   -100.35644743	     -8.45224938	     -4.98473282	      0.00000000	     38.46637492	     19.63571416	      0.00000000	    120.44332604	    -15.89329244	     -2.92041003	   -108.59163322	     -1.38786090	     -4.98473282	      0.00000000	     46.07171564	     14.83267241	      0.00000000
      5.06666667	     51.70269513	      4.16350167	    180.57833692	     -0.21605050	     -0.32180092	     -0.44028111	     12.59727460	      4.77378396	     -3.51758523	      4.60750389	      0.08405274	     -2.44607417	     -0.01281673	     -0.02773017	      0.00867060	      0.00000000	      0.00000000	      0.00000000	      0.00142671	     -0.00367728	      0.00827947	      0.00000000	      0.00000000	      0.00000000	      0.00008396	     -0.00340014	     -0.01008534	    257.97259137	      9.10648791	    -94.94834989	     92.46615834	      0.00000000	      0.00000000	      0.00000000	      0.00000000	   -261.83259077	     -7.19830543	     86.09165143	     92.93054591	      0.00000000	      0.00000000	      0.00000000	      0.00000000	    114.60149148	    -21.22785297	    -10.00806056	    -96.21473519	     -7.40469534	     -4.98473282	      0.00000000	     38.06118684	     18.03398774	      0.00000000	    117.33682666	    -14.30823157	     -3.09459143	   -103.97711257	     -2.53637028	     -4.98473282	      0.00000000	     45.71023697	     15.80137029	      0.00000000
      5.10000000	     51.27555065	      5.02099455	    181.78577447	     -0.21705693	     -0.29858172	     -0.44146923	     12.74513332	      5.57121921	     -4.57066660	      3.78179282	     -0.44559975	     -2.87640910	     -0.01574761	     -0.02770981	      0.00784849	      0.00000000	      0.00000000	      0.00000000	     -0.00256342	     -0.00416081	      0.00738896	      0.00000000	      0.00000000	      0.00000000	      0.00090729	     -0.00835932	     -0.01051567	    258.88804247	      8.85296230	    -94.18623736	     92.85422474	      0.00000000	      0.00000000	      0.00000000	      0.00000000	   -262.36124922	     -7.31223758	     85.37779149	     92.90932104	      0.00000000	      0.00000000	      0.00000000	      0.00000000	    110.69702543	    -21.67899486	    -11.16675612	    -91.84229395	     -7.06943659	     -4.98473282	      0.00000000	     37.55486579	     17.64750191	      0.00000000	    114.17049555	    -12.87725969	     -3.49929574	    -99.18070807	     -3.21608423	     -4.98473282	      0.00000000	     44.88191093	     16.23825353	      0.00000000
      5.13333333	     50.75337585	      5.41413947	    182.58948639	     -0.21803180	     -0.27557390	     -0.44255226	     12.85633599	      5.93286871	     -5.34326357	      3.33003372	     -0.54945860	     -2.86532573	     -0.01685094	     -0.02792147	      0.00653387	      0.00000000	      0.00000000	      0.00000000	     -0.00653061	     -0.00517067	      0.00719394	      0.00000000	      0.00000000	      0.00000000	      0.00268246	     -0.01149828	     -0.01013458	    259.86209734	      8.80029058	    -93.10561305	     92.95334067	      0.00000000	      0.00000000	      0.00000000	      0.00000000	   -263.30716574	     -8.63803338	     83.75800131	     92.76240925	      0.00000000	      0.00000000	      0.00000000	      0.00000000	    106.87487979	    -21.44530765	    -11.71625039	    -87.18054376	     -6.88356843	     -4.98473282	      0.00000000	     36.98334237	     17.70129328	      0.00000000	    110.81298930	    -11.90354649	     -3.83571653	    -94.45017836	     -3.32057880	     -4.98473282	      0.00000000	     43.95150040	     16.43660776	      0.00000000
      5.16666667	     47.83159749	      5.75421499	    183.50742500	     -0.21897762	     -0.25225297	     -0.44346125	      9.96091986	      6.42857407	     -6.59376304	      3.23446095	     -0.36000180	     -2.01579431	     -0.01981200	     -0.02784594	      0.00523426	      0.00000000	      0.00000000	      0.00000000	     -0.00882000	     -0.00648214	      0.00905658	      0.00000000	      0.00000000	      0.00000000	      0.00259187	     -0.01121850	     -0.00933599	    260.50142980	      9.37927341	    -93.09445640	     93.82211659	      0.00000000	      0.00000000	      0.00000000	      0.00000000	   -264.59943008	    -10.72187709	     83.65572670	     93.38387019	      0.00000000	      0.00000000	      0.00000000	      0.00000000	    100.49501704	    -21.54688290	    -12.50186249	    -82.61664511	     -6.12627546	     -4.64175939	      0.00000000	     36.24815917	     18.52965957	      0.00000000	    105.11969296	    -11.31953301	     -4.06688886	    -89.96126999	     -2.67830112	     -4.98473282	      0.00000000	     42.73301641	     17.45206277	      0.00000000
      5.20000000	     46.13809095	      5.44573649	    183.56536435	     -0.21994080	     -0.22989337	     -0.44431595	      8.71050148	      6.20805444	     -6.80037360	      2.46821049	     -0.16811548	     -1.73248920	     -0.02099851	     -0.02703252	      0.00416849	      0.00000000	      0.00000000	      0.00000000	     -0.00713808	     -0.00827430	      0.00954233	      0.00000000	      0.00000000	      0.00000000	      0.00519064	     -0.00642485	     -0.00732442	    261.01088136	      8.84598097	    -92.61438514	     94.06547275	      0.00000000	      0.00000000	      0.00000000	      0.00000000	   -265.96878747	    -11.87477699	     84.53155963	     94.68033140	      0.00000000	      0.00000000	      0.00000000	      0.00000000	     95.74180672	    -20.78674438	    -12.21539299	    -77.97088205	     -5.47979728	     -3.59726916	      0.00000000	     34.60807769	     18.46730611	      0.00000000	    100.49107243	    -11.59837227	     -4.92729100	    -85.60111259	     -1.92044967	     -4.98473282	      0.00000000	     41.11896405	     18.01173303	      0.00000000
      5.23333333	     44.20165494	      4.94487756	    183.56883027	     -0.22093357	     -0.20809644	     -0.44508345	      7.28855329	      5.77718653	     -6.65769397	      1.34766968	     -0.08356330	     -1.78311656	     -0.02240506	     -0.02562605	      0.00344627	      0.00000000	      0.00000000	      0.00000000	     -0.00582103	     -0.00999226	      0.00973231	      0.00000000	      0.00000000	      0.00000000	      0.00637557	     -0.00226983	     -0.00463988	    260.90832321	      8.13274244	    -92.32407311	     93.56909573	      0.00000000	      0.00000000	      0.00000000	      0.00000000	   -266.21310668	    -10.64041100	     86.58706253	     95.20215707	      0.00000000	      0.00000000	      0.00000000	      0.00000000	     90.96655663	    -20.00722785	    -11.55198972	    -73.43640964	     -4.74742032	     -2.21791268	      0.00000000	     32.49230996	     17.33612064	      0.00000000	     95.57520878	    -11.84397323	     -5.98621953	    -81.28422665	     -1.37617805	     -4.98473282	      0.00000000	     39.37785177	     18.53719657	      0.00000000
      5.26666667	     42.92778754	      4.52570029	    183.53327859	     -0.22217892	     -0.18700954	     -0.44598476	      6.85957488	      5.33155153	     -6.45701051	     -0.09987900	     -0.21213611	     -2.26063951	     -0.02313880	     -0.02410013	      0.00314722	      0.00000000	      0.00000000	      0.00000000	     -0.00496471	     -0.01076429	      0.00989983	      0.00000000	      0.00000000	      0.00000000	      0.00679181	     -0.00174742	     -0.00321122	    260.44621452	      7.55939487	    -91.91655270	     92.24531053	      0.00000000	      0.00000000	      0.00000000	      0.00000000	   -265.27997030	     -8.84527861	     87.55056672	     94.70493537	      0.00000000	      0.00000000	      0.00000000	      0.00000000	     86.96417177	    -19.19761504	    -11.16037735	    -68.86556445	     -4.11536614	     -1.17421793	      0.00000000	     30.15385567	     15.65003110	      0.00000000	     91.35005050	    -11.94333719	     -7.01140074	    -76.84871499	     -1.17484753	     -4.98473282	      0.00000000	     37.80924930	     19.14090357	      0.00000000
      5.30000000	     41.56694070	      4.18377453	    183.60098438	     -0.22406375	     -0.16666504	     -0.44709112	      6.54201431	      4.92743771	     -6.14386687	     -1.77228695	     -0.31360398	     -2.70840111	     -0.02376308	     -0.02267283	      0.00274485	      0.00000000	      0.00000000	      0.00000000	     -0.00736630	     -0.01034680	      0.01096578	      0.00000000	      0.00000000	      0.00000000	      0.00647203	     -0.00332477	     -0.00472086	    260.09282897	      7.55604080	    -91.17747946	     90.95588876	      0.00000000	      0.00000000	      0.00000000	      0.00000000	   -264.42372034	     -8.08042854	     86.12713162	     94.27193373	      0.00000000	      0.00000000	      0.00000000	      0.00000000	     82.87996029	    -18.42158462	    -11.23278503	    -64.34788730	     -3.65746985	     -0.64635974	      0.00000000	     27.79365627	     13.72471410	      0.00000000	     87.05544074	    -11.72875169	     -7.73240247	    -72.22219180	     -1.32593303	     -4.98473282	      0.00000000	     36.35155860	     19.78034129	      0.00000000
      5.33333333	     41.02634579	      4.03654784	    183.85957462	     -0.22617934	     -0.14679384	     -0.44817309	      7.24612805	      4.66621186	     -5.96236096	     -3.38260962	     -0.39944784	     -2.67129139	     -0.02347167	     -0.02141620	      0.00240924	      0.00000000	      0.00000000	      0.00000000	     -0.01219570	     -0.00878663	      0.01187236	      0.00000000	      0.00000000	      0.00000000	      0.00659575	     -0.00482252	     -0.00829733	    260.49714769	      7.69858546	    -89.83584803	     90.65225243	      0.00000000	      0.00000000	      0.00000000	      0.00000000	   -264.19428334	     -8.67792989	     83.62894031	     94.45656133	      0.00000000	      0.00000000	      0.00000000	      0.00000000	     79.61438636	    -17.76142230	    -11.67333804	    -59.75016709	     -4.16939994	     -0.62128909	      0.00000000	     25.06277693	     13.00402349	      0.00000000	     83.65395676	    -11.03128840	     -8.00019129	    -67.20381621	     -1.41866131	     -4.98473282	      0.00000000	     34.31780978	     19.93854205	      0.00000000
      5.36666667	     40.74612814	      3.97843342	    184.13920681	     -0.22922419	     -0.12844387	     -0.44956886	      8.55648472	      4.40352819	     -5.78693113	     -4.34363647	     -0.32475125	     -2.35393861	     -0.01994739	     -0.02061716	      0.00189086	      0.00000000	      0.00000000	      0.00000000	     -0.01690427	     -0.00730274	      0.01221617	      0.00000000	      0.00000000	      0.00000000	      0.00686810	     -0.00344095	     -0.01199920	    261.23540945	      7.65682574	    -87.77418466	     90.92054405	      0.00000000	      0.00000000	      0.00000000	      0.00000000	   -264.33141744	     -9.06111888	     81.42816904	     94.95244356	      0.00000000	      0.00000000	      0.00000000	      0.00000000	     76.56821585	    -17.17561393	    -12.10895734	    -55.27344783	     -4.78001737	     -0.48610504	      0.00000000	     22.34900371	     12.75987736	      0.00000000	     80.47851354	    -10.30102367	     -8.19053699	    -61.93640073	     -1.64887617	     -4.98473282	      0.00000000	     32.25188929	     19.68653069	      0.00000000
      5.40000000	     40.03404693	      3.80964921	    184.53651827	     -0.23260457	     -0.11051979	     -0.45020331	      9.24260866	      4.05947794	     -6.05057370	     -5.93436700	     -0.09143467	     -1.56199579	     -0.01864862	     -0.01894123	      0.00218697	      0.00000000	      0.00000000	      0.00000000	     -0.01583543	     -0.00427042	      0.01052428	      0.00000000	      0.00000000	      0.00000000	      0.00858106	     -0.00078971	     -0.01340409	    262.72226857	      6.52832114	    -86.01401069	     92.32059049	      0.00000000	      0.00000000	      0.00000000	      0.00000000	   -264.56028620	     -9.60477823	     81.14349387	     95.12315830	      0.00000000	      0.00000000	      0.00000000	      0.00000000	     73.01724994	    -16.75716431	    -12.58659696	    -50.59828747	     -5.49360666	     -0.36330598	      0.00000000	     19.24076201	     12.40026418	      0.00000000	     76.68404814	     -9.35403448	     -8.41967662	    -56.33481603	     -1.95153748	     -4.98473282	      0.00000000	     29.89762709	     19.23879374	      0.00000000
      5.43333333	     36.04984600	      2.87099721	    185.59157387	     -0.23710349	     -0.09319269	     -0.45063917	      5.94709410	      2.92230875	     -6.51060714	     -7.58605036	      0.17245036	      0.36252272	     -0.01993362	     -0.01670870	      0.00648072	      0.00000000	      0.00000000	      0.00000000	     -0.01092030	      0.00309436	      0.00766974	      0.00000000	      0.00000000	      0.00000000	      0.00929041	      0.00155392	     -0.01236435	    265.85088596	      4.20352939	    -85.94743767	     95.44658605	      0.00000000	      0.00000000	      0.00000000	      0.00000000	   -264.13260919	     -8.90917546	     82.30327025	     94.67245974	      0.00000000	      0.00000000	      0.00000000	      0.00000000	     65.78604711	    -17.23559135	    -12.50294013	    -45.83305836	     -4.64799723	      0.29290651	      0.00000000	     17.93347783	     11.41017389	      0.00000000	     69.06211721	     -7.93892400	     -9.18250285	    -50.42142415	     -1.18073366	     -4.98473282	      0.00000000	     28.21809550	     18.42222028	      0.00000000
      5.46666667	     33.39436510	      1.64926286	    186.02791279	     -0.24140042	     -0.07724535	     -0.45017335	      4.11361255	      1.74405786	     -7.02154167	     -8.03245347	      0.60732237	      0.60379971	     -0.01866372	     -0.01614746	      0.00687809	      0.00000000	      0.00000000	      0.00000000	     -0.00604871	      0.00180380	      0.00428450	      0.00000000	      0.00000000	      0.00000000	      0.00449967	     -0.00147498	     -0.01192370	    265.72327966	      3.37987844	    -86.72355889	     95.03638410	      0.00000000	      0.00000000	      0.00000000	      0.00000000	   -263.15123071	     -8.25428025	     82.20595058	     93.28414122	      0.00000000	      0.00000000	      0.00000000	      0.00000000	     60.25727600	    -17.42113052	    -12.46485103	    -41.07156041	     -4.57888134	      0.56477361	      0.00000000	     15.73036736	      9.81773245	      0.00000000	     62.60713917	     -6.89484676	    -11.15848495	    -44.35663592	      0.32394113	     -4.98473282	      0.00000000	     25.78270352	     16.91279906	      0.00000000
      5.50000000	     32.17162165	      0.93534688	    186.26090585	     -0.24599968	     -0.06323895	     -0.44965338	      4.26717633	      0.99735587	     -7.62663267	     -9.09145453	      0.91595331	      0.38318982	     -0.01670392	     -0.01517763	      0.00679770	      0.00000000	      0.00000000	      0.00000000	     -0.00104101	     -0.00025242	      0.00360863	      0.00000000	      0.00000000	      0.00000000	     -0.00127486	     -0.00608909	     -0.01245191	    265.07324929	      3.16407985	    -86.76272576	     94.89672886	      0.00000000	      0.00000000	      0.00000000	      0.00000000	   -262.56646428	     -8.33987046	     80.47356827	     92.61279472	      0.00000000	      0.00000000	      0.00000000	      0.00000000	     56.14480948	    -17.17597056	    -12.73644741	    -36.22052409	     -5.17816777	      0.46985447	      0.00000000	     13.92083813	      9.49854623	      0.00000000	     57.82934889	     -6.01391083	    -12.60960697	    -38.46325205	      2.36963565	     -4.98473282	      0.00000000	     23.38022688	     15.32107657	      0.00000000
      5.53333333	     31.92597895	      0.56646989	    186.65525440	     -0.25058120	     -0.05100127	     -0.44888066	      5.67422865	      0.55679580	     -8.56105365	    -10.39309164	      0.88908983	     -0.13384672	     -0.01502502	     -0.01420944	      0.00642593	      0.00000000	      0.00000000	      0.00000000	      0.00384720	     -0.00388863	      0.00503187	      0.00000000	      0.00000000	      0.00000000	     -0.00712294	     -0.01219072	     -0.01454972	    263.59381072	      3.01578044	    -85.73501320	     94.38072950	      0.00000000	      0.00000000	      0.00000000	      0.00000000	   -261.86503056	     -8.77550604	     78.44755037	     92.23058617	      0.00000000	      0.00000000	      0.00000000	      0.00000000	     53.08804144	    -16.83448439	    -13.31440730	    -31.43512651	     -6.24724299	      0.02203482	      0.00000000	     11.82383552	      9.68145538	      0.00000000	     54.39324137	     -5.14932378	    -14.08391129	    -32.95694623	      4.10484987	     -4.98473282	      0.00000000	     21.07742199	     14.76611309	      0.00000000
      5.56666667	     31.08553724	      0.13423799	    187.07467120	     -0.25594524	     -0.03997206	     -0.44784296	      6.52934944	      0.09608091	     -9.14298811	    -12.08054420	      0.80767877	     -0.91814404	     -0.01404365	     -0.01303246	      0.00618817	      0.00000000	      0.00000000	      0.00000000	      0.00513306	     -0.00720145	      0.00784397	      0.00000000	      0.00000000	      0.00000000	     -0.00739394	     -0.01643497	     -0.01628476	    262.20262155	      2.99323453	    -83.67614900	     93.97173674	      0.00000000	      0.00000000	      0.00000000	      0.00000000	   -261.53678542	     -9.28230329	     77.19150720	     92.16244640	      0.00000000	      0.00000000	      0.00000000	      0.00000000	     49.48480050	    -16.52342333	    -13.60172086	    -26.83346307	     -6.79952182	     -0.51537269	      0.00000000	      9.23679384	      9.61023963	      0.00000000	     50.28640456	     -4.14758095	    -15.44003809	    -27.43706422	      6.23082942	     -4.98473282	      0.00000000	     18.64698275	     13.49000481	      0.00000000
      5.60000000	     28.46291837	     -0.63829294	    187.03078851	     -0.26239874	     -0.03003321	     -0.44674414	      5.38304552	     -0.45374133	     -8.65586955	    -13.10389671	      0.81722265	     -1.93505810	     -0.01211125	     -0.01275951	      0.00594746	      0.00000000	      0.00000000	      0.00000000	      0.00421625	     -0.00722245	      0.00858671	      0.00000000	      0.00000000	      0.00000000	     -0.00355984	     -0.01747261	     -0.01674664	    261.98972702	      2.27819141	    -81.64467219	     94.02358391	      0.00000000	      0.00000000	      0.00000000	      0.00000000	   -261.89814248	     -8.89635985	     76.96417442	     92.35933579	      0.00000000	      0.00000000	      0.00000000	      0.00000000	     44.05221290	    -16.14590574	    -13.20689632	    -22.21752767	     -5.88508187	     -0.53644367	      0.00000000	      6.07701545	      7.03362089	      0.00000000	     44.29114642	     -3.33878587	    -17.02361487	    -22.37214721	     10.14242362	     -4.98473282	      0.00000000	     15.72138469	      9.27065466	      0.00000000
      5.63333333	     27.04405542	     -0.77686585	    187.24545003	     -0.26842273	     -0.02213616	     -0.44586397	      5.70351220	     -0.42539816	     -8.34056590	    -14.83267260	      0.64520020	     -2.61453018	     -0.01072060	     -0.01056602	      0.00546786	      0.00000000	      0.00000000	      0.00000000	      0.00598721	     -0.00456056	      0.00702948	      0.00000000	      0.00000000	      0.00000000	      0.00166467	     -0.01739930	     -0.01599957	    262.45598377	      0.54918008	    -80.23204922	     94.65467386	      0.00000000	      0.00000000	      0.00000000	      0.00000000	   -262.61257115	     -8.42442872	     76.61263065	     92.08889942	      0.00000000	      0.00000000	      0.00000000	      0.00000000	     40.21408800	    -15.31636399	    -12.57380213	    -18.16527166	     -5.26878021	     -1.24367864	      0.00000000	      2.89894192	      4.88516841	      0.00000000	     40.17917110	     -2.66639859	    -17.86287106	    -17.90986887	     11.94604338	     -4.98473282	      0.00000000	     12.79950307	      6.79895885	      0.00000000
      5.66666667	     23.46399238	     -1.17536876	    187.10917032	     -0.27545012	     -0.01558804	     -0.44545297	      3.48583563	     -0.45477032	     -7.10168441	    -15.72269614	      1.11921601	     -3.65686873	     -0.00850134	     -0.00867225	      0.00426442	      0.00000000	      0.00000000	      0.00000000	      0.00498239	     -0.00285117	      0.00607871	      0.00000000	      0.00000000	      0.00000000	      0.00545671	     -0.01594633	     -0.01401919	    263.08648367	     -1.44438215	    -79.69637880	     95.31230064	      0.00000000	      0.00000000	      0.00000000	      0.00000000	   -263.43624173	     -6.88490422	     76.12008315	     91.52617931	      0.00000000	      0.00000000	      0.00000000	      0.00000000	     34.08872988	    -14.44059671	    -11.80834828	    -14.14066679	     -4.86108583	     -1.43435295	      0.00000000	      0.37749378	      2.12783397	      0.00000000	     33.96934906	     -2.36546852	    -19.11743008	    -14.09956599	     14.44005049	     -4.98473282	      0.00000000	     10.32275229	      4.42714243	      0.00000000
      5.70000000	     20.70522506	     -1.41113484	    186.90907532	     -0.28142110	     -0.01067319	     -0.44547804	      1.89504631	     -0.53796236	     -6.55270928	    -17.24071974	      1.57110311	     -4.03432591	     -0.00847054	     -0.00461545	      0.00347050	      0.00000000	      0.00000000	      0.00000000	      0.00889695	     -0.00258133	      0.00621943	      0.00000000	      0.00000000	      0.00000000	      0.00431418	     -0.01385549	     -0.01210704	    263.32530869	     -3.34771692	    -79.71131017	     95.51247088	      0.00000000	      0.00000000	      0.00000000	      0.00000000	   -264.06827245	     -5.94627512	     75.74991527	     90.87269609	      0.00000000	      0.00000000	      0.00000000	      0.00000000	     29.33395736	    -13.54172175	    -11.67874504	    -10.83863403	     -5.31710475	     -1.96254875	      0.00000000	     -1.70029098	      1.70655553	      0.00000000	     29.12909750	     -2.17672884	    -20.72570302	    -10.85558983	     14.89690267	     -4.98473282	      0.00000000	      8.73077130	      4.70269259	      0.00000000
      5.73333333	     17.79723820	     -1.49951168	    186.60383537	     -0.28698392	     -0.00696732	     -0.44636624	     -0.10057580	     -0.56348541	     -5.96854789	    -18.13001341	      2.36116998	     -4.43929366	     -0.00833301	     -0.00140968	      0.00177398	      0.00000000	      0.00000000	      0.00000000	      0.00824344	     -0.00280860	      0.00740363	      0.00000000	      0.00000000	      0.00000000	      0.00412229	     -0.01110391	     -0.01124135	    263.31877289	     -4.08432384	    -79.23073144	     95.24026805	      0.00000000	      0.00000000	      0.00000000	      0.00000000	   -264.66219485	     -6.03085927	     75.78968385	     90.63233415	      0.00000000	      0.00000000	      0.00000000	      0.00000000	     24.72028760	    -12.52403505	    -11.73357828	     -8.06436422	     -6.27673231	     -2.46922306	      0.00000000	     -3.44419101	      2.14852196	      0.00000000	     24.32985466	     -2.37211746	    -21.77841227	     -7.89574190	     14.89690267	     -4.68940406	      0.00000000	      7.81252218	      6.00650234	      0.00000000
      5.76666667	     17.74753524	     -1.48337023	    186.48399386	     -0.29016560	     -0.00458625	     -0.44774444	      0.77295560	     -0.88737462	     -5.72707584	    -18.31797561	      2.50475729	     -4.42597899	     -0.00718081	      0.00011501	      0.00136634	      0.00000000	      0.00000000	      0.00000000	      0.00468328	     -0.00177161	      0.00794206	      0.00000000	      0.00000000	      0.00000000	      0.00333158	     -0.00873423	     -0.01147408	    263.76384207	     -4.05364746	    -78.02964790	     95.13539672	      0.00000000	      0.00000000	      0.00000000	      0.00000000	   -265.10128090	     -7.16695300	     75.54555384	     90.82814019	      0.00000000	      0.00000000	      0.00000000	      0.00000000	     23.74154264	    -11.96754933	    -12.22352098	     -6.32202990	     -6.78250748	     -2.84476186	      0.00000000	     -4.81534719	      2.30610825	      0.00000000	     23.18710586	     -2.47622423	    -22.15244314	     -6.00056185	     14.53524292	     -4.16973904	      0.00000000	      6.62779218	      5.99839501	      0.00000000
      5.80000000	     16.38124240	     -1.24808735	    185.91173646	     -0.29317024	     -0.00290851	     -0.44942333	     -0.16396247	     -0.78477738	     -5.57571853	    -19.58881281	      2.90329243	     -4.09705675	     -0.01048517	      0.00398642	      0.00011469	      0.00000000	      0.00000000	      0.00000000	     -0.00076234	      0.00029524	      0.00747432	      0.00000000	      0.00000000	      0.00000000	      0.00396825	     -0.00584393	     -0.01240784	    264.83602501	     -3.52650683	    -77.28837784	     95.59361088	      0.00000000	      0.00000000	      0.00000000	      0.00000000	   -265.84624167	    -10.77818170	     75.29101284	     91.98767469	      0.00000000	      0.00000000	      0.00000000	      0.00000000	     21.58930479	    -10.92581099	    -12.52988605	     -4.80250080	     -7.27031416	     -3.24135023	      0.00000000	     -5.73055743	      3.02286160	      0.00000000	     20.72177626	     -3.15923727	    -21.97684403	     -4.32888852	     13.36952641	     -3.46416791	      0.00000000	      6.20424324	      5.61516809	      0.00000000
      5.83333333	     15.67541829	     -1.12597446	    185.60564595	     -0.29569454	     -0.00172549	     -0.45080009	     -0.33759835	     -0.71845423	     -5.60282380	    -20.06889694	      2.75589347	     -3.70506330	     -0.01093459	      0.00530460	     -0.00099188	      0.00000000	      0.00000000	      0.00000000	     -0.00566632	      0.00248645	      0.00460202	      0.00000000	      0.00000000	      0.00000000	      0.00349845	     -0.00521901	     -0.01438988	    266.28701054	     -3.38355663	    -76.74164286	     96.40730922	      0.00000000	      0.00000000	      0.00000000	      0.00000000	   -266.50480603	    -14.07356023	     74.31210159	     93.30093694	      0.00000000	      0.00000000	      0.00000000	      0.00000000	     20.11089651	    -10.28023148	    -12.95254291	     -3.33451734	     -7.70823698	     -3.42596645	      0.00000000	     -6.45016811	      3.46905787	      0.00000000	     19.17082523	     -3.45626118	    -21.49151785	     -3.09246314	     12.11046479	     -3.12644328	      0.00000000	      5.60379012	      5.50047242	      0.00000000
      5.86666667	     15.55881198	     -1.04149375	    185.32090720	     -0.29806547	     -0.00093455	     -0.45144270	      0.14357312	     -0.65812203	     -5.59378950	    -20.62923936	      2.56169739	     -3.56831448	     -0.01071531	      0.00542371	     -0.00153525	      0.00000000	      0.00000000	      0.00000000	     -0.00944325	      0.00190401	      0.00318929	      0.00000000	      0.00000000	      0.00000000	      0.00122290	     -0.00629728	     -0.01553078	    267.02636738	     -3.72232754	    -76.19271676	     97.04606017	      0.00000000	      0.00000000	      0.00000000	      0.00000000	   -267.10940200	    -16.54818281	     73.20445880	     94.38121337	      0.00000000	      0.00000000	      0.00000000	      0.00000000	     19.27423087	     -9.86792216	    -13.15538406	     -1.99368926	     -7.81435925	     -3.49566307	      0.00000000	     -7.08300959	      3.74825750	      0.00000000	     18.37711825	     -3.61195843	    -21.27420163	     -2.10314556	     11.20472758	     -2.85914529	      0.00000000	      4.96831816	      5.67251704	      0.00000000
      5.90000000	     15.24861501	     -1.05808205	    185.05729035	     -0.30102701	     -0.00040488	     -0.45145143	      0.59931805	     -0.56714349	     -5.48126060	    -21.54935147	      2.24085074	     -3.30389024	     -0.00925273	      0.00506753	     -0.00155814	      0.00000000	      0.00000000	      0.00000000	     -0.01272592	      0.00046974	      0.00322180	      0.00000000	      0.00000000	      0.00000000	     -0.00050222	     -0.00741538	     -0.01656963	    267.23540568	     -3.93342944	    -75.48307432	     97.37869678	      0.00000000	      0.00000000	      0.00000000	      0.00000000	   -267.96105709	    -18.37822197	     72.33953810	     95.41986671	      0.00000000	      0.00000000	      0.00000000	      0.00000000	     18.25484079	     -9.65209034	    -13.35344231	     -0.81934498	     -7.83699430	     -3.49138679	      0.00000000	     -7.57472266	      4.11209033	      0.00000000	     17.36070004	     -3.70034464	    -20.93356954	     -1.15868118	     10.53062922	     -2.55168563	      0.00000000	      4.38582138	      6.22554880	      0.00000000
      5.93333333	     13.70460694	     -1.12842203	    184.87104544	     -0.30534672	     -0.00016091	     -0.45096126	     -0.15513024	     -0.40193946	     -5.28762543	    -22.91482036	      1.57847817	     -2.67110036	     -0.00791182	      0.00514616	      0.00029260	      0.00000000	      0.00000000	      0.00000000	     -0.01572324	     -0.00167558	      0.00449008	      0.00000000	      0.00000000	      0.00000000	     -0.00162267	     -0.00678134	     -0.01721232	    267.15615452	     -4.42933526	    -74.56559619	     97.32104159	      0.00000000	      0.00000000	      0.00000000	      0.00000000	   -269.23660422	    -19.58555126	     72.33982215	     96.52796262	      0.00000000	      0.00000000	      0.00000000	      0.00000000	     15.78832600	     -9.50190765	    -13.82634043	      0.34898908	     -7.72107035	     -3.39526125	      0.00000000	     -7.74107263	      5.07257853	      0.00000000	     14.74551663	     -3.66724167	    -21.04636010	      0.24409420	      9.88866889	     -2.37714864	      0.00000000	      4.20843661	      7.42037681	      0.00000000
      5.96666667	     11.61382557	     -1.27461395	    184.71912171	     -0.31076680	      0.00003106	     -0.45087768	     -1.33321419	     -0.44211802	     -4.65367775	    -23.52537291	      1.54154704	     -2.67817722	     -0.00425088	      0.00336773	      0.00141894	      0.00000000	      0.00000000	      0.00000000	     -0.01715075	     -0.00270074	      0.00544426	      0.00000000	      0.00000000	      0.00000000	     -0.00172679	     -0.00635163	     -0.01703419	    267.87862261	     -6.38090568	    -73.50899385	     98.10695378	      0.00000000	      0.00000000	      0.00000000	      0.00000000	   -269.99808079	    -19.87232980	     72.40057142	     97.18520215	      0.00000000	      0.00000000	      0.00000000	      0.00000000	     12.63891063	     -9.35869572	    -13.97023213	      1.57879741	     -7.41766916	     -3.26918912	      0.00000000	     -7.90503987	      5.75455694	      0.00000000	     11.32250227	     -3.78232215	    -22.63765117	      1.73593699	     10.75283695	     -1.73862024	      0.00000000	      3.90761025	      7.65443705	      0.00000000
      6.00000000	      9.47141827	     -1.23091883	    184.71272026	     -0.31647482	      0.00021267	     -0.45109345	     -2.54694692	     -0.35741194	     -3.95547529	    -23.79499001	      1.69896091	     -2.59153141	     -0.00007248	      0.00128113	      0.00257452	      0.00000000	      0.00000000	      0.00000000	     -0.01792116	     -0.00209885	      0.00415234	      0.00000000	      0.00000000	      0.00000000	     -0.00295952	     -0.00687451	     -0.01613855	    269.46304870	     -8.82903849	    -73.22390464	     99.27320021	      0.00000000	      0.00000000	      0.00000000	      0.00000000	   -270.36440686	    -19.57595248	     72.22192958	     97.64400279	      0.00000000	      0.00000000	      0.00000000	      0.00000000	      9.47796374	     -8.94336686	    -13.20579598	      2.65652845	     -7.40446568	     -3.29097054	      0.00000000	     -7.91916095	      5.38028786	      0.00000000	      7.84544590	     -4.04224455	    -24.47154696	      3.24685229	     12.46672563	     -1.11037817	      0.00000000	      3.71790453	      7.19266192	      0.00000000
      6.03333333	      7.48229679	     -0.95954535	    184.81170838	     -0.32174308	      0.00057315	     -0.45180066	     -3.71920252	     -0.20211982	     -3.47896408	    -23.67943351	      1.95755942	     -2.42372052	      0.00399019	     -0.00087589	      0.00429354	      0.00000000	      0.00000000	      0.00000000	     -0.01658953	     -0.00194647	      0.00252362	      0.00000000	      0.00000000	      0.00000000	     -0.00683606	     -0.00794622	     -0.01402214	    271.19798590	    -11.45470556	    -73.52712248	    100.30125226	      0.00000000	      0.00000000	      0.00000000	      0.00000000	   -270.56230309	    -18.70480767	     72.37057510	     98.10806223	      0.00000000	      0.00000000	      0.00000000	      0.00000000	      6.56658513	     -8.27742669	    -11.54913741	      3.54506566	     -7.94237906	     -3.40197678	      0.00000000	     -7.83164974	      4.28267550	      0.00000000	      4.76216379	     -4.42231415	    -25.96948218	      4.72953794	     14.03553026	     -0.65661766	      0.00000000	      3.22813364	      6.87626322	      0.00000000
      6.06666667	      5.50560074	     -0.69235167	    184.82259750	     -0.32638974	      0.00092698	     -0.45269657	     -5.06037317	     -0.06746713	     -3.10758032	    -23.14548456	      2.25981407	     -2.14875604	      0.00776570	     -0.00237031	      0.00568829	      0.00000000	      0.00000000	      0.00000000	     -0.01574386	     -0.00260193	      0.00157539	      0.00000000	      0.00000000	      0.00000000	     -0.01109707	     -0.00841570	     -0.01204465	    272.35320610	    -13.23798472	    -73.76778639	    100.64272517	      0.00000000	      0.00000000	      0.00000000	      0.00000000	   -271.06217870	    -17.78530596	     73.49740849	     98.73020852	      0.00000000	      0.00000000	      0.00000000	      0.00000000	      3.83926652	     -7.54181362	     -8.91304177	      4.13622383	     -9.26350245	     -3.79066041	      0.00000000	     -7.74625740	      2.73986237	      0.00000000	      1.81095380	     -4.65317181	    -26.85277363	      6.42848392	     14.89690267	     -0.33769582	      0.00000000	      1.95054376	      7.10980761	      0.00000000
      6.10000000	      5.36878560	     -0.36779409	    184.81620868	     -0.32911363	      0.00099380	     -0.45351969	     -4.53415823	      0.01685293	     -3.14092717	    -23.03317308	      2.26531162	     -2.10121138	      0.01116979	     -0.00269933	      0.00665793	      0.00000000	      0.00000000	      0.00000000	     -0.01505443	     -0.00505637	      0.00177397	      0.00000000	      0.00000000	      0.00000000	     -0.01243625	     -0.01002477	     -0.01088129	    272.75582060	    -13.63906842	    -73.53653189	    100.18889183	      0.00000000	      0.00000000	      0.00000000	      0.00000000	   -271.04464043	    -18.31246717	     74.69480155	     98.69219775	      0.00000000	      0.00000000	      0.00000000	      0.00000000	      3.53745233	     -7.00513656	     -8.29180179	      3.89471046	     -9.15693739	     -4.20775159	      0.00000000	     -7.50016282	      2.75029845	      0.00000000	      1.32668470	     -4.69842587	    -25.95576462	      7.33063525	     14.89690267	     -0.71508545	      0.00000000	      0.69133396	      8.00309414	      0.00000000
      6.13333333	      4.51602124	     -0.36090742	    184.63618890	     -0.33174407	      0.00064835	     -0.45388831	     -4.89473460	     -0.02287999	     -3.54994244	    -22.36698951	      1.95330072	     -1.11789817	      0.01485196	     -0.00265753	      0.00760753	      0.00000000	      0.00000000	      0.00000000	     -0.01129444	     -0.00684574	      0.00253993	      0.00000000	      0.00000000	      0.00000000	     -0.00920670	     -0.00695878	     -0.01218450	    272.88075923	    -14.10414268	    -72.91644695	     99.80494576	      0.00000000	      0.00000000	      0.00000000	      0.00000000	   -271.84816700	    -21.23905040	     75.80279893	     99.35997567	      0.00000000	      0.00000000	      0.00000000	      0.00000000	      2.37854840	     -6.79337459	     -6.38081956	      4.01233628	    -10.95535367	     -4.39179158	      0.00000000	     -8.02211765	      2.31109978	      0.00000000	      0.01058609	     -4.29016998	    -25.63704299	      8.27133186	     14.47308675	     -1.32089001	      0.00000000	     -0.59684115	      9.79280581	      0.00000000
      6.16666667	      4.52114822	     -0.36920946	    183.95068842	     -0.33382812	     -0.00027758	     -0.45426247	     -4.33476410	     -0.07089710	     -3.14509353	    -22.25425616	      1.80782849	     -0.92954834	      0.01756049	     -0.00153669	      0.00709212	      0.00000000	      0.00000000	      0.00000000	     -0.00803786	     -0.00761054	      0.00341833	      0.00000000	      0.00000000	      0.00000000	     -0.00388244	     -0.00533102	     -0.01506308	    273.13378481	    -14.97510593	    -72.67739543	    100.02125050	      0.00000000	      0.00000000	      0.00000000	      0.00000000	   -271.88566129	    -24.03185244	     75.76606929	     99.09909554	      0.00000000	      0.00000000	      0.00000000	      0.00000000	      2.31949792	     -6.55784324	     -6.09961189	      4.25217934	    -10.82020955	     -4.72095001	      0.00000000	     -8.57402891	      2.80244196	      0.00000000	     -0.41113417	     -3.90033526	    -25.20440930	      8.77829009	     14.34954805	     -2.09303248	      0.00000000	     -1.04057179	     10.34303838	      0.00000000
      6.20000000	      4.65855266	     -0.37442393	    183.03102810	     -0.33588087	     -0.00145339	     -0.45418505	     -3.53518779	      0.01241041	     -3.13789796	    -22.41123465	      0.71852050	      0.86034717	      0.02031372	     -0.00040699	      0.00866917	      0.00000000	      0.00000000	      0.00000000	     -0.00495750	     -0.00553422	      0.00323583	      0.00000000	      0.00000000	      0.00000000	     -0.00056241	     -0.00442009	     -0.01842624	    273.75373744	    -14.11146469	    -72.89960885	    100.57592017	      0.00000000	      0.00000000	      0.00000000	      0.00000000	   -272.10312166	    -27.18828329	     74.58963303	     98.70545849	      0.00000000	      0.00000000	      0.00000000	      0.00000000	      2.59060131	     -6.46261546	     -6.67809418	      4.31098883	    -10.32492314	     -4.75266695	      0.00000000	     -8.20368721	      4.12973922	      0.00000000	     -0.85933071	     -3.62073959	    -24.77431439	      9.48691725	     11.57126861	     -2.54730480	      0.00000000	     -0.36240021	     12.61605153	      0.00000000
      6.23333333	      4.57804953	     -0.24554723	    182.02536325	     -0.33779555	     -0.00254322	     -0.45437730	     -3.02883227	      0.22986070	     -2.55369575	    -22.63219115	      0.47545383	      1.04996216	      0.02233424	      0.00013395	      0.00747008	      0.00000000	      0.00000000	      0.00000000	     -0.00246472	     -0.00461168	      0.00286151	      0.00000000	      0.00000000	      0.00000000	      0.00036001	     -0.00356918	     -0.01975114	    273.74660088	    -13.77535643	    -73.19147048	    100.58593012	      0.00000000	      0.00000000	      0.00000000	      0.00000000	   -273.01490023	    -28.10865859	     73.54427579	     98.26002411	      0.00000000	      0.00000000	      0.00000000	      0.00000000	      2.52212826	     -6.15487381	     -7.23462098	      4.69991017	     -9.36316302	     -4.82593436	      0.00000000	     -7.96645231	      4.75676596	      0.00000000	     -1.44398122	     -3.59553559	    -24.64934246	     10.00000028	      9.95665573	     -2.94618887	      0.00000000	      0.50455978	     12.90857511	      0.00000000
      6.26666667	      4.48756228	     -0.05212980	    181.46315367	     -0.33935821	     -0.00315682	     -0.45448260	     -2.72484511	      0.45566302	     -2.24274944	    -22.85572297	      0.32800763	      1.30130993	      0.02264388	     -0.00005237	      0.00766435	      0.00000000	      0.00000000	      0.00000000	     -0.00334780	     -0.00506469	      0.00247496	      0.00000000	      0.00000000	      0.00000000	     -0.00376241	     -0.00380122	     -0.01813465	    273.60294476	    -12.46903661	    -73.54471250	     99.94012474	      0.00000000	      0.00000000	      0.00000000	      0.00000000	   -274.00742368	    -27.05273264	     72.92288844	     97.67355653	      0.00000000	      0.00000000	      0.00000000	      0.00000000	      2.43266851	     -5.88920429	     -7.84765718	      4.87845516	     -8.58001714	     -4.83308995	      0.00000000	     -7.63569414	      5.15390231	      0.00000000	     -1.69641730	     -3.78884027	    -24.53367942	     10.00000028	      8.88607638	     -3.11392244	      0.00000000	      1.09004913	     12.75169734	      0.00000000
      6.30000000	      4.31738991	      0.16724681	    180.78464283	     -0.34042072	     -0.00355319	     -0.45540377	     -2.63359815	      0.60436198	     -1.77628548	    -23.21353396	      0.04079029	      1.42064732	      0.02269264	     -0.00021797	      0.00795904	      0.00000000	      0.00000000	      0.00000000	     -0.00309000	     -0.00793437	      0.00267536	      0.00000000	      0.00000000	      0.00000000	     -0.00570092	     -0.00456954	     -0.01716177	    272.87834001	    -11.62297232	    -73.50131671	     98.91690096	      0.00000000	      0.00000000	      0.00000000	      0.00000000	   -274.41052067	    -26.54287087	     72.81809829	     97.20105403	      0.00000000	      0.00000000	      0.00000000	      0.00000000	      2.35736885	     -5.38910079	     -9.18811220	      4.92401526	     -7.14848454	     -4.98473282	      0.00000000	     -7.35891092	      5.92713842	      0.00000000	     -2.03760091	     -4.14907414	    -24.06701153	     10.00000028	      7.49018051	     -3.04972404	      0.00000000	      1.05429264	     12.38167804	      0.00000000
      6.33333333	      4.29762298	      0.17120391	    180.51595960	     -0.34119789	     -0.00377402	     -0.45574067	     -2.53727194	      0.54479687	     -1.87407838	    -23.22111172	      0.02905852	      1.40099307	      0.02250736	     -0.00098534	      0.00747630	      0.00000000	      0.00000000	      0.00000000	     -0.00115438	     -0.00886998	      0.00344756	      0.00000000	      0.00000000	      0.00000000	     -0.00813829	     -0.00465596	     -0.01620943	    272.96664144	    -11.71418611	    -73.21798858	     98.85327186	      0.00000000	      0.00000000	      0.00000000	      0.00000000	   -274.44998377	    -26.58882557	     72.81197697	     97.11194801	      0.00000000	      0.00000000	      0.00000000	      0.00000000	      2.33237600	     -5.31373216	     -9.27516491	      4.91063600	     -7.11232747	     -4.94244579	      0.00000000	     -7.36326364	      5.95020155	      0.00000000	     -2.17701423	     -4.19619878	    -24.00286182	     10.00000028	      7.47864907	     -3.01813021	      0.00000000	      0.84728180	     12.41964429	      0.00000000
      6.36666667	      4.13403254	      0.01792344	    180.11105069	     -0.34231079	     -0.00388371	     -0.45617899	     -2.53508019	      0.27028911	     -1.64561269	    -23.41339660	      0.00256548	      1.52058545	      0.02284026	     -0.00122940	      0.00784452	      0.00000000	      0.00000000	      0.00000000	      0.00199917	     -0.01072556	      0.00415245	      0.00000000	      0.00000000	      0.00000000	     -0.00588669	     -0.00552252	     -0.01713640	    272.80189074	    -13.16465928	    -72.32812086	     98.74242341	      0.00000000	      0.00000000	      0.00000000	      0.00000000	   -273.70578819	    -27.80443748	     72.31652746	     97.15786385	      0.00000000	      0.00000000	      0.00000000	      0.00000000	      2.13660404	     -5.38375488	     -9.67294566	      4.89259833	     -6.60872101	     -4.93763065	      0.00000000	     -7.37618945	      6.26083498	      0.00000000	     -2.57807489	     -4.14062571	    -23.81724075	     10.00000028	      7.15637568	     -2.85839122	      0.00000000	      0.51339866	     12.42591436	      0.00000000
      6.40000000	      4.16265310	     -0.05037464	    179.92272843	     -0.34295331	     -0.00388190	     -0.45603730	     -2.54263697	      0.33932982	     -1.72266891	    -23.42376509	     -0.00476830	      1.55103869	      0.02237899	     -0.00119581	      0.00605586	      0.00000000	      0.00000000	      0.00000000	      0.00225016	     -0.00994641	      0.00264816	      0.00000000	      0.00000000	      0.00000000	     -0.00739544	     -0.00650399	     -0.01819238	    272.99238744	    -13.32663952	    -72.32728351	     98.53352190	      0.00000000	      0.00000000	      0.00000000	      0.00000000	   -273.59705207	    -27.85123998	     72.27215299	     97.23441202	      0.00000000	      0.00000000	      0.00000000	      0.00000000	      2.17796820	     -5.43976503	     -9.72045399	      4.80055915	     -6.60757375	     -4.94431184	      0.00000000	     -7.44466764	      6.26803278	      0.00000000	     -2.70323109	     -4.09236949	    -23.69627828	     10.00000028	      7.23427306	     -2.80730937	      0.00000000	      0.53150244	     12.51102035	      0.00000000
      6.43333333	      4.08884802	     -0.11879120	    179.91792933	     -0.34355439	     -0.00381020	     -0.45623879	     -2.69989997	      0.16493965	     -1.54788380	    -23.48510826	      0.08185917	      1.87903832	      0.02167553	     -0.00115814	      0.00747188	      0.00000000	      0.00000000	      0.00000000	      0.00269266	     -0.01013010	      0.00114959	      0.00000000	      0.00000000	      0.00000000	     -0.00589600	     -0.00618991	     -0.01768026	    273.36919433	    -13.70292391	    -72.81194281	     97.67458584	      0.00000000	      0.00000000	      0.00000000	      0.00000000	   -273.46245675	    -27.97498935	     71.74547783	     97.17743659	      0.00000000	      0.00000000	      0.00000000	      0.00000000	      2.14806348	     -5.55882342	     -9.96239719	      4.61037443	     -6.60971757	     -4.79887841	      0.00000000	     -7.66965961	      6.19673864	      0.00000000	     -2.84336443	     -4.00446163	    -23.52216998	     10.00000028	      7.27939036	     -2.94172631	      0.00000000	      0.62410009	     12.83790699	      0.00000000
      6.46666667	      3.35868834	     -0.08472683	    180.34243994	     -0.34478198	     -0.00379875	     -0.45643615	     -3.51186497	      0.23131285	     -2.02300977	    -23.48445037	      0.25607803	      2.87578733	      0.02129631	     -0.00126441	      0.00796245	      0.00000000	      0.00000000	      0.00000000	      0.00168608	     -0.01071233	     -0.00157348	      0.00000000	      0.00000000	      0.00000000	     -0.00712285	     -0.00744568	     -0.01518510	    273.22816174	    -12.65397615	    -73.17742853	     96.13920851	      0.00000000	      0.00000000	      0.00000000	      0.00000000	   -272.90659335	    -27.28132932	     70.93152117	     95.87285634	      0.00000000	      0.00000000	      0.00000000	      0.00000000	      1.07572531	     -5.54431486	    -10.99355073	      4.89855067	     -5.55186702	     -4.56423645	      0.00000000	     -8.08246676	      5.05299107	      0.00000000	     -3.53247621	     -4.02477704	    -23.90783321	     10.00000028	      6.50914396	     -3.00802391	      0.00000000	      0.84666018	     15.38751386	      0.00000000
      6.50000000	      3.37506042	      0.18483753	    180.76077880	     -0.34506685	     -0.00375280	     -0.45666219	     -3.68492510	      0.67917380	     -2.03193983	    -23.67114972	      0.24269359	      2.70774075	      0.01922501	     -0.00143565	      0.00759795	      0.00000000	      0.00000000	      0.00000000	     -0.00275910	     -0.00868371	     -0.00368355	      0.00000000	      0.00000000	      0.00000000	     -0.00773275	     -0.00686452	     -0.01364859	    273.60981380	    -11.43069449	    -73.98722811	     95.57846824	      0.00000000	      0.00000000	      0.00000000	      0.00000000	   -273.22497172	    -25.93996534	     70.81816002	     95.33748616	      0.00000000	      0.00000000	      0.00000000	      0.00000000	      0.97732384	     -5.27757927	    -11.24562197	      4.99767897	     -5.38293641	     -4.48134150	      0.00000000	     -8.11611869	      4.68443769	      0.00000000	     -3.38196790	     -4.28484718	    -23.99983282	     10.00000028	      6.91514856	     -3.11540496	      0.00000000	      0.83265875	     16.03124272	      0.00000000
      6.53333333	      3.19257557	      0.47776260	    181.60252087	     -0.34563584	     -0.00358769	     -0.45718597	     -3.97047038	      1.17385715	     -2.45432800	    -24.23551402	      0.54500605	      1.79415731	      0.01691596	     -0.00149051	      0.00534567	      0.00000000	      0.00000000	      0.00000000	     -0.00598726	     -0.00649672	     -0.00467518	      0.00000000	      0.00000000	      0.00000000	     -0.00733124	     -0.00715005	     -0.01409077	    273.90707497	    -10.90879372	    -74.49875287	     95.68683771	      0.00000000	      0.00000000	      0.00000000	      0.00000000	   -273.16126836	    -24.92086708	     70.51172847	     95.00267237	      0.00000000	      0.00000000	      0.00000000	      0.00000000	      0.35840811	     -4.95801728	    -12.07441256	      5.48441236	     -4.45933331	     -4.39736198	      0.00000000	     -8.15718342	      3.88102845	      0.00000000	     -3.34516065	     -4.68501710	    -25.67817211	     10.00000028	      8.70817615	     -2.81716804	      0.00000000	      0.99493162	     17.49453081	      0.00000000
      6.56666667	      3.05762932	      0.61141594	    182.38713309	     -0.34563991	     -0.00334975	     -0.45822257	     -4.23849851	      1.27756535	     -2.51166970	    -25.01275814	      0.95340281	      0.76753290	      0.01470689	     -0.00120048	      0.00491680	      0.00000000	      0.00000000	      0.00000000	     -0.00830505	     -0.00462778	     -0.00376516	      0.00000000	      0.00000000	      0.00000000	     -0.00521134	     -0.00523737	     -0.01476375	    274.44350361	    -11.44434911	    -74.98405847	     96.39829813	      0.00000000	      0.00000000	      0.00000000	      0.00000000	   -273.43635306	    -23.65409180	     70.71253025	     95.42200905	      0.00000000	      0.00000000	      0.00000000	      0.00000000	      0.01660886	     -4.78324261	    -12.77206121	      5.57584783	     -3.84019786	     -4.45341880	      0.00000000	     -7.39274058	      4.01643222	      0.00000000	     -3.23770497	     -4.97039934	    -27.38772989	     10.00000028	     11.41445124	     -2.39427890	      0.00000000	      0.93039471	     17.09695018	      0.00000000
      6.60000000	      3.08552277	      0.65466971	    182.97496699	     -0.34481780	     -0.00309065	     -0.45953498	     -4.45833500	      1.13959253	     -2.88668259	    -25.35696062	      0.99316206	      0.48627078	      0.01324464	     -0.00118974	      0.00601943	      0.00000000	      0.00000000	      0.00000000	     -0.00867858	     -0.00507161	     -0.00244013	      0.00000000	      0.00000000	      0.00000000	     -0.00364280	     -0.00403530	     -0.01488291	    274.49448045	    -11.58206371	    -75.28519652	     96.47795336	      0.00000000	      0.00000000	      0.00000000	      0.00000000	   -273.30513150	    -23.26961723	     71.02191105	     95.64620885	      0.00000000	      0.00000000	      0.00000000	      0.00000000	      0.03915321	     -4.65517793	    -12.74490021	      5.53874851	     -3.90932962	     -4.66312699	      0.00000000	     -6.76403039	      4.06228366	      0.00000000	     -2.96946233	     -5.25665991	    -27.65495549	     10.00000028	     11.88365905	     -1.94395215	      0.00000000	      0.84769056	     16.80662524	      0.00000000
      6.63333333	      3.26027407	      0.58153093	    183.78442538	     -0.34379157	     -0.00285562	     -0.46025661	     -4.45677457	      0.93229291	     -3.14465504	    -26.47916977	      1.48428027	     -0.35604779	      0.01179448	      0.00067766	      0.00601005	      0.00000000	      0.00000000	      0.00000000	     -0.00987908	     -0.00432943	     -0.00154541	      0.00000000	      0.00000000	      0.00000000	     -0.00076315	     -0.00200741	     -0.01350559	    274.79020059	    -11.67988836	    -75.63876964	     96.67426509	      0.00000000	      0.00000000	      0.00000000	      0.00000000	   -273.30063692	    -22.32162287	     71.33714087	     95.76577285	      0.00000000	      0.00000000	      0.00000000	      0.00000000	      0.04973428	     -4.74340115	    -13.00091734	      5.84635235	     -4.90405541	     -4.65183452	      0.00000000	     -7.26335678	      4.43719610	      0.00000000	     -2.48851824	     -5.20634726	    -28.11051504	     10.00000028	     13.35153844	     -1.79106002	      0.00000000	      0.52499273	     15.90860736	      0.00000000
      6.66666667	      3.22629919	      0.54223365	    183.81205914	     -0.34277914	     -0.00287374	     -0.46037104	     -4.61114119	      0.83288358	     -3.13495630	    -26.53032251	      1.56330708	     -0.42342010	      0.01327046	      0.00083295	      0.00655328	      0.00000000	      0.00000000	      0.00000000	     -0.00759246	     -0.00420823	     -0.00008985	      0.00000000	      0.00000000	      0.00000000	      0.00181200	      0.00034736	     -0.01202080	    274.47750540	    -11.56762361	    -75.57604346	     96.84456722	      0.00000000	      0.00000000	      0.00000000	      0.00000000	   -273.08722926	    -22.22831581	     71.12735393	     95.78917189	      0.00000000	      0.00000000	      0.00000000	      0.00000000	      0.20181300	     -4.74541763	    -13.05067285	      5.63401055	     -5.10377929	     -4.77042266	      0.00000000	     -7.53845574	      4.44148147	      0.00000000	     -2.48763290	     -5.13802854	    -28.16129182	     10.00000028	     13.46009074	     -1.87525291	      0.00000000	      0.56326193	     15.77113236	      0.00000000
      6.70000000	      3.24520906	      0.45978617	    183.74103869	     -0.34184398	     -0.00275863	     -0.46013085	     -4.71919682	      0.72661921	     -3.01176820	    -26.90423952	      1.98639501	     -0.70625687	      0.01435370	      0.00178619	      0.00583217	      0.00000000	      0.00000000	      0.00000000	     -0.00656823	     -0.00575911	      0.00063952	      0.00000000	      0.00000000	      0.00000000	      0.00291189	     -0.00038244	     -0.01014471	    273.71545711	    -11.01979463	    -75.37228922	     96.29004185	      0.00000000	      0.00000000	      0.00000000	      0.00000000	   -271.73954986	    -21.57255630	     70.09054416	     94.43115792	      0.00000000	      0.00000000	      0.00000000	      0.00000000	      0.18191663	     -4.83170157	    -12.53633969	      5.84025604	     -5.61650670	     -4.74787165	      0.00000000	     -8.21221649	      4.12269064	      0.00000000	     -2.32668818	     -4.92695109	    -27.98987032	      9.61074771	     13.95017381	     -2.38696232	      0.00000000	      0.67372396	     15.21573493	      0.00000000
      6.73333333	      3.18475937	      0.43320723	    183.72537527	     -0.34061791	     -0.00240014	     -0.45967386	     -5.07246889	      0.83169927	     -3.12093505	    -26.89623436	      2.01316746	     -0.70865856	      0.01501446	      0.00242518	      0.00476260	      0.00000000	      0.00000000	      0.00000000	     -0.00432236	     -0.00543692	      0.00138876	      0.00000000	      0.00000000	      0.00000000	      0.00272287	      0.00077109	     -0.01135529	    273.42010297	    -10.87919318	    -75.19047883	     96.50497157	      0.00000000	      0.00000000	      0.00000000	      0.00000000	   -271.40142937	    -21.22552584	     69.47765146	     94.52461390	      0.00000000	      0.00000000	      0.00000000	      0.00000000	      0.29329409	     -4.87212669	    -12.48986120	      5.56839773	     -5.63439346	     -4.76346189	      0.00000000	     -8.17979133	      4.01120062	      0.00000000	     -2.23856796	     -4.88348283	    -28.07804804	      9.28668968	     13.77018915	     -2.48113209	      0.00000000	      0.71497957	     14.99671042	      0.00000000
      6.76666667	      3.20006580	      0.16414920	    183.57818320	     -0.33949050	     -0.00220677	     -0.45899050	     -5.40240423	      0.73902438	     -2.70239726	    -26.67848216	      2.17761359	     -0.91298429	      0.01565317	      0.00285628	      0.00318967	      0.00000000	      0.00000000	      0.00000000	     -0.00525284	     -0.00436811	      0.00100574	      0.00000000	      0.00000000	      0.00000000	      0.00168482	     -0.00335291	     -0.01206449	    273.34504627	    -10.94553230	    -74.70432067	     96.44281201	      0.00000000	      0.00000000	      0.00000000	      0.00000000	   -269.86183715	    -20.08769338	     68.41067292	     93.14138875	      0.00000000	      0.00000000	      0.00000000	      0.00000000	      0.46851228	     -5.28479647	    -13.16816395	      5.24146020	     -3.95250233	     -4.54469139	      0.00000000	     -7.75366601	      3.17943857	      0.00000000	     -2.15780437	     -4.64401788	    -25.75528869	      8.85885806	     12.65294262	     -2.73377129	      0.00000000	      0.89685131	     12.50980883	      0.00000000
      6.80000000	      3.25618335	     -0.24603603	    183.61554984	     -0.33729085	     -0.00189588	     -0.45787524	     -6.08029770	      0.65512893	     -2.50129343	    -26.41136470	      1.86750037	     -1.13490598	      0.01461435	      0.00374349	      0.00163563	      0.00000000	      0.00000000	      0.00000000	     -0.00764969	     -0.00077395	     -0.00039869	      0.00000000	      0.00000000	      0.00000000	      0.00108329	     -0.00240556	     -0.01358943	    273.83498329	    -10.86060568	    -74.72497519	     96.65265439	      0.00000000	      0.00000000	      0.00000000	      0.00000000	   -270.69238853	    -19.36930760	     69.09615112	     93.99326952	      0.00000000	      0.00000000	      0.00000000	      0.00000000	      0.94377726	     -5.97813622	    -14.86724302	      4.62414544	     -2.34334531	     -4.23985720	      0.00000000	     -7.17657672	      3.82389095	      0.00000000	     -1.74715672	     -4.23308363	    -24.55547141	      8.18159629	     12.31096441	     -3.05842947	      0.00000000	      1.34036789	     11.63014974	      0.00000000
      6.83333333	      3.68934764	     -0.83064261	    183.90758349	     -0.33477837	     -0.00146951	     -0.45663559	     -6.35155113	      0.39459552	     -2.46291425	    -25.89007476	      1.59266105	     -1.47104189	      0.01527207	      0.00373501	     -0.00021736	      0.00000000	      0.00000000	      0.00000000	     -0.00840222	      0.00223094	     -0.00193037	      0.00000000	      0.00000000	      0.00000000	      0.00278930	     -0.00162079	     -0.01534517	    274.25495140	    -11.49042415	    -74.26418315	     97.01327030	      0.00000000	      0.00000000	      0.00000000	      0.00000000	   -271.62745426	    -18.43070244	     70.39087809	     94.88116159	      0.00000000	      0.00000000	      0.00000000	      0.00000000	      1.72576140	     -6.97152706	    -17.79748184	      4.17313791	     -0.16451362	     -3.76994092	      0.00000000	     -7.04298805	      4.80956717	      0.00000000	     -0.86069828	     -3.67691528	    -23.11162128	      7.52563477	     11.67919852	     -3.22475813	      0.00000000	      1.19371007	     11.40594539	      0.00000000
      6.86666667	      3.77252528	     -1.10708865	    183.89177783	     -0.33177861	     -0.00110178	     -0.45581971	     -7.14774198	      0.39159242	     -2.48693151	    -25.92642850	      1.55588085	     -1.50364382	      0.01559582	      0.00517186	     -0.00211786	      0.00000000	      0.00000000	      0.00000000	     -0.00821998	      0.00412344	     -0.00290811	      0.00000000	      0.00000000	      0.00000000	      0.00507925	     -0.00216524	     -0.01601346	    274.14727264	    -11.48093939	    -73.84500939	     97.20797369	      0.00000000	      0.00000000	      0.00000000	      0.00000000	   -271.86855835	    -18.35725678	     70.86626274	     94.55344625	      0.00000000	      0.00000000	      0.00000000	      0.00000000	      2.21659961	     -7.46467068	    -17.86205488	      3.84132934	      0.02141631	     -3.65103352	      0.00000000	     -7.52914660	      4.97127893	      0.00000000	     -0.45115246	     -3.79914248	    -22.82772955	      7.08845026	     11.81040575	     -2.58069177	      0.00000000	      0.96993390	     11.71192379	      0.00000000
      6.90000000	      6.10589891	     -1.51755963	    184.39820945	     -0.32533613	     -0.00052348	     -0.45422119	     -6.07200219	      0.17568759	     -3.05797011	    -25.04674741	      0.99255047	     -2.27008085	      0.01588430	      0.00439528	     -0.00304356	      0.00000000	      0.00000000	      0.00000000	     -0.00655742	      0.00407084	     -0.00344398	      0.00000000	      0.00000000	      0.00000000	      0.00405976	     -0.00113943	     -0.01714496	    273.51905618	    -11.83333389	    -73.88346801	     97.17481736	      0.00000000	      0.00000000	      0.00000000	      0.00000000	   -272.88400009	    -17.19778083	     71.90710871	     94.96967419	      0.00000000	      0.00000000	      0.00000000	      0.00000000	      5.56209293	     -8.62313869	    -20.27366774	      2.47633174	      2.13503704	     -3.27841187	      0.00000000	     -7.36890350	      5.10446604	      0.00000000	      3.21805444	     -3.21675122	    -21.31533665	      5.77885157	      8.09797002	     -2.82300918	      0.00000000	      1.30206880	     15.66719343	      0.00000000
      6.93333333	      6.15168741	     -1.48778502	    184.56355099	     -0.31932024	      0.00002352	     -0.45350425	     -7.65812864	      0.36791484	     -3.36863499	    -25.17720652	      0.97140710	     -2.38476287	      0.01361313	      0.00685803	     -0.00249069	      0.00000000	      0.00000000	      0.00000000	     -0.00630798	      0.00326875	     -0.00265234	      0.00000000	      0.00000000	      0.00000000	      0.00369585	     -0.00210924	     -0.01743743	    272.92705859	    -10.86182802	    -74.82912595	     96.85358977	      0.00000000	      0.00000000	      0.00000000	      0.00000000	   -272.56979527	    -16.87193757	     71.88543885	     94.61931957	      0.00000000	      0.00000000	      0.00000000	      0.00000000	      6.57236709	     -8.89009378	    -20.04073147	      1.09499767	      1.81152815	     -3.35776708	      0.00000000	     -7.30108179	      4.84329133	      0.00000000	      4.33479129	     -3.28612930	    -21.36085246	      4.61843070	      7.68491407	     -2.72620900	      0.00000000	      1.56368801	     15.72048485	      0.00000000
      6.96666667	      8.32690564	     -1.35268121	    184.86260499	     -0.31182731	      0.00010359	     -0.45244934	     -6.93714435	      0.51114859	     -4.36746875	    -24.33000837	      1.00336051	     -2.84290583	      0.01369849	      0.00593851	     -0.00316432	      0.00000000	      0.00000000	      0.00000000	     -0.00509585	      0.00052572	     -0.00203088	      0.00000000	      0.00000000	      0.00000000	      0.00193191	     -0.00292641	     -0.01749546	    272.11183699	     -8.58429425	    -75.76809395	     95.88376651	      0.00000000	      0.00000000	      0.00000000	      0.00000000	   -272.52141960	    -17.58902412	     71.06017691	     94.91857477	      0.00000000	      0.00000000	      0.00000000	      0.00000000	     10.19253378	     -9.36283521	    -16.69745652	     -0.94772223	     -1.07061531	     -3.34245978	      0.00000000	     -7.06239086	      3.13225803	      0.00000000	      8.18976104	     -3.10727998	    -21.10885095	      2.52142788	      8.05041326	     -3.22938058	      0.00000000	      2.33426977	     14.20118285	      0.00000000
      7.00000000	     10.85140355	     -1.52601501	    185.10729400	     -0.30381140	     -0.00080963	     -0.45201675	     -6.07969497	      0.08053918	     -4.64709748	    -24.54098460	      1.38592026	     -3.34466233	      0.01028300	      0.00748883	     -0.00221308	      0.00000000	      0.00000000	      0.00000000	     -0.00258536	      0.00007418	     -0.00046944	      0.00000000	      0.00000000	      0.00000000	      0.00227336	     -0.00225495	     -0.01711325	    272.55871130	     -8.48089048	    -76.96770917	     96.20185866	      0.00000000	      0.00000000	      0.00000000	      0.00000000	   -272.39572687	    -17.52776340	     70.92235951	     95.56741074	      0.00000000	      0.00000000	      0.00000000	      0.00000000	     14.62452523	    -10.09096388	    -12.28284544	     -3.59668401	     -5.27495557	     -3.26131012	      0.00000000	     -6.33618125	      1.31365079	      0.00000000	     12.73822937	     -2.61505521	    -22.15608494	     -0.57817771	     11.34357798	     -4.08929979	      0.00000000	      3.33738616	      9.72739760	      0.00000000
      7.03333333	     10.85214674	     -1.93475098	    185.50537908	     -0.29796878	     -0.00274501	     -0.45190657	     -7.99417602	     -0.48427518	     -5.03596124	    -24.29584434	      1.49768156	     -3.55933881	      0.00619162	      0.00870240	      0.00045041	      0.00000000	      0.00000000	      0.00000000	     -0.00113442	     -0.00189613	      0.00105412	      0.00000000	      0.00000000	      0.00000000	      0.00192663	     -0.00020918	     -0.01662250	    272.85286800	     -8.26404628	    -78.58127609	     95.86546659	      0.00000000	      0.00000000	      0.00000000	      0.00000000	   -271.89084877	    -16.96847385	     70.91520200	     96.23943549	      0.00000000	      0.00000000	      0.00000000	      0.00000000	     16.03643884	    -11.10247619	    -11.97985310	     -5.92660820	     -6.05951758	     -2.75113349	      0.00000000	     -5.04209822	      0.71284453	      0.00000000	     14.41100597	     -2.19032221	    -22.76695136	     -3.41761215	     12.03133730	     -4.98473282	      0.00000000	      4.99986156	      9.01523491	      0.00000000
      7.06666667	     14.58067045	     -2.62068909	    186.07860714	     -0.29026407	     -0.00621986	     -0.45274551	     -5.93781591	     -1.92920423	     -4.99885685	    -22.39103647	      2.64219230	     -4.46066831	      0.00549874	      0.00501235	      0.00118678	      0.00000000	      0.00000000	      0.00000000	     -0.00397775	     -0.00359056	      0.00323270	      0.00000000	      0.00000000	      0.00000000	      0.00263621	      0.00223448	     -0.01608049	    273.65878673	     -7.72044463	    -80.13160753	     95.80932902	      0.00000000	      0.00000000	      0.00000000	      0.00000000	   -270.98717398	    -15.08938472	     70.85566894	     96.80517339	      0.00000000	      0.00000000	      0.00000000	      0.00000000	     22.04734543	    -13.02134895	     -9.85131372	     -9.48449867	     -8.01713879	     -1.51961765	      0.00000000	     -3.11942598	     -0.26424949	      0.00000000	     20.32405701	     -1.72724208	    -24.23155500	     -7.05836713	     14.89690267	     -4.98473282	      0.00000000	      5.77267476	      5.84616152	      0.00000000
      7.10000000	     14.61612092	     -2.88244118	    186.47884666	     -0.28461338	     -0.01064048	     -0.45373810	     -7.96205457	     -2.33966791	     -5.07820102	    -21.97213415	      2.45683474	     -4.39504864	      0.00104849	      0.00545335	      0.00326739	      0.00000000	      0.00000000	      0.00000000	     -0.00599162	     -0.00484864	      0.00425065	      0.00000000	      0.00000000	      0.00000000	      0.00531932	      0.00421101	     -0.01497412	    273.60393098	     -7.26065631	    -81.76910797	     94.57224434	      0.00000000	      0.00000000	      0.00000000	      0.00000000	   -270.22593533	    -13.90415611	     71.50486251	     96.50672279	      0.00000000	      0.00000000	      0.00000000	      0.00000000	     23.79177557	    -14.10619190	     -9.44007415	    -12.66817686	     -7.52395272	     -0.63907911	      0.00000000	     -0.77800862	     -0.33042633	      0.00000000	     22.32142977	     -1.97742796	    -23.84797723	    -10.50074034	     14.89690267	     -4.98473282	      0.00000000	      8.50939109	      5.66885190	      0.00000000
      7.13333333	     19.84630853	     -2.46858636	    187.11969372	     -0.27549671	     -0.01708845	     -0.45534516	     -4.34203379	     -2.86332107	     -5.07714374	    -17.99958116	      2.50908616	     -4.15821384	      0.00421453	     -0.00186484	      0.00621131	      0.00000000	      0.00000000	      0.00000000	     -0.00895816	     -0.00784469	      0.00665180	      0.00000000	      0.00000000	      0.00000000	      0.00341140	      0.00337048	     -0.01165227	    273.18848728	     -6.86902032	    -82.88891282	     92.85646516	      0.00000000	      0.00000000	      0.00000000	      0.00000000	   -268.89073391	    -11.09047685	     71.78705696	     95.00316764	      0.00000000	      0.00000000	      0.00000000	      0.00000000	     32.05920606	    -15.46904239	    -11.21127678	    -17.49019165	     -4.96683729	     -0.06373095	      0.00000000	      2.01928947	      0.68548868	      0.00000000	     30.71801399	     -2.19448560	    -21.13296978	    -15.09242868	     13.35366575	     -4.98473282	      0.00000000	     10.09485065	      4.82461302	      0.00000000
      7.16666667	     24.00887521	     -0.59716631	    188.26884154	     -0.26767024	     -0.02574022	     -0.45681770	     -1.31227315	     -1.43042636	     -6.06990206	    -16.94475239	      2.23027807	     -3.77395380	      0.00444872	     -0.00308832	      0.00640211	      0.00000000	      0.00000000	      0.00000000	     -0.00972090	     -0.00557415	      0.00889073	      0.00000000	      0.00000000	      0.00000000	      0.00375284	      0.00342455	     -0.01197475	    273.33833427	     -6.67046025	    -83.08037783	     92.92723211	      0.00000000	      0.00000000	      0.00000000	      0.00000000	   -268.72405850	     -9.80763864	     72.21899695	     95.03892456	      0.00000000	      0.00000000	      0.00000000	      0.00000000	     38.74432267	    -15.80279724	    -14.43231170	    -22.14449090	     -1.35175957	     -0.30281509	      0.00000000	      5.12432759	      1.13846038	      0.00000000	     38.85301600	     -3.21075289	    -15.95403803	    -20.90501806	     12.05671185	     -4.98473282	      0.00000000	     13.04976254	      4.36808424	      0.00000000
      7.20000000	     24.01483980	     -0.12537778	    187.91935900	     -0.26198395	     -0.03475452	     -0.45771770	     -3.43034637	     -0.92756952	     -5.84067974	    -13.81331673	      2.44115577	     -2.96602048	      0.00346373	     -0.00662056	      0.00677200	      0.00000000	      0.00000000	      0.00000000	     -0.01308451	     -0.00594215	      0.01071167	      0.00000000	      0.00000000	      0.00000000	     -0.00133111	      0.00336797	     -0.01280173	    273.66582261	     -6.03947859	    -84.23527691	     93.15316824	      0.00000000	      0.00000000	      0.00000000	      0.00000000	   -268.30953546	     -7.39646191	     74.32247359	     95.07639644	      0.00000000	      0.00000000	      0.00000000	      0.00000000	     41.18884469	    -16.26461698	    -14.98071786	    -26.49814503	     -0.05615763	      0.35475569	      0.00000000	      8.10906022	      1.36051680	      0.00000000	     41.65538858	     -4.32367415	    -14.82807502	    -25.81020303	     11.90337965	     -4.98473282	      0.00000000	     15.86920068	      4.66914880	      0.00000000
      7.23333333	     25.10796571	      1.12692166	    187.88669106	     -0.25578759	     -0.04622538	     -0.45817264	     -4.31320949	      0.40390827	     -6.11983122	    -10.47828630	      2.53042023	     -2.80996126	      0.00134371	     -0.00981388	      0.00586678	      0.00000000	      0.00000000	      0.00000000	     -0.01422402	     -0.00618639	      0.01131122	      0.00000000	      0.00000000	      0.00000000	     -0.00563643	      0.00399026	     -0.01450700	    274.04451806	     -5.47787567	    -85.68385495	     93.61980026	      0.00000000	      0.00000000	      0.00000000	      0.00000000	   -267.85866951	     -5.65582845	     76.84156986	     95.58503674	      0.00000000	      0.00000000	      0.00000000	      0.00000000	     45.05065975	    -16.37501938	    -17.05686635	    -31.56228519	      1.04320033	     -0.10652381	      0.00000000	     10.88908981	      2.74111429	      0.00000000	     46.41332111	     -5.59094687	    -12.45787547	    -31.74460022	     10.43270704	     -4.98473282	      0.00000000	     19.14016893	      6.11394671	      0.00000000
      7.26666667	     25.54637502	      1.88109947	    187.77596033	     -0.25084934	     -0.06049780	     -0.45741566	     -5.63085150	      1.48286361	     -6.60673374	     -8.35863574	      2.66787936	     -2.70024748	     -0.00186036	     -0.01098670	      0.00362727	      0.00000000	      0.00000000	      0.00000000	     -0.01731274	     -0.00807589	      0.01089334	      0.00000000	      0.00000000	      0.00000000	     -0.00873148	      0.00475507	     -0.01585150	    273.47701622	     -3.07694443	    -86.87542481	     93.69266093	      0.00000000	      0.00000000	      0.00000000	      0.00000000	   -267.55148674	     -4.75953822	     78.70291001	     95.88506788	      0.00000000	      0.00000000	      0.00000000	      0.00000000	     48.40223534	    -16.97490098	    -17.94208345	    -37.14388787	      1.89476373	     -0.37018219	      0.00000000	     14.12740101	      3.64591436	      0.00000000	     50.64735892	     -6.40704350	    -10.50301899	    -38.36811461	      8.73139738	     -4.98473282	      0.00000000	     22.96891379	      7.43517650	      0.00000000
      7.30000000	     26.31295675	      2.71898104	    187.69772232	     -0.24612965	     -0.07774050	     -0.45612790	     -6.29269128	      2.67591149	     -7.37008074	     -6.50458385	      2.37524374	     -2.53767318	     -0.00342950	     -0.01244100	      0.00245428	      0.00000000	      0.00000000	      0.00000000	     -0.01759419	     -0.00858922	      0.01009031	      0.00000000	      0.00000000	      0.00000000	     -0.00915188	      0.00477624	     -0.01607607	    272.50150939	     -0.45464929	    -87.82978677	     93.67950141	      0.00000000	      0.00000000	      0.00000000	      0.00000000	   -267.54564041	     -5.71942469	     79.47848399	     95.88869651	      0.00000000	      0.00000000	      0.00000000	      0.00000000	     52.30654408	    -17.77810656	    -18.31297577	    -43.15901474	      3.40692083	     -0.70064668	      0.00000000	     17.36280039	      4.08964278	      0.00000000	     55.57826585	     -7.02401278	     -8.64735553	    -45.55207706	      6.85198582	     -4.98473282	      0.00000000	     26.69161545	      8.49129148	      0.00000000
      7.33333333	     27.84391505	      3.62920787	    187.41030203	     -0.24163469	     -0.09767028	     -0.45480692	     -5.79040220	      3.83060711	     -8.20369464	     -5.07756565	      1.65967787	     -1.54265472	     -0.00277126	     -0.01402013	      0.00282140	      0.00000000	      0.00000000	      0.00000000	     -0.01376838	     -0.00736619	      0.00910897	      0.00000000	      0.00000000	      0.00000000	     -0.00932551	      0.00351032	     -0.01628648	    271.06503212	      1.70672561	    -88.16693996	     93.77438274	      0.00000000	      0.00000000	      0.00000000	      0.00000000	   -267.52308364	     -7.87831812	     79.07324225	     95.64303719	      0.00000000	      0.00000000	      0.00000000	      0.00000000	     57.22297754	    -18.58680953	    -18.66957670	    -49.27295920	      5.30760769	     -1.28850365	      0.00000000	     20.20178777	      4.04672824	      0.00000000	     61.50153798	     -7.68867875	     -7.01571762	    -52.96780070	      5.06243729	     -4.98473282	      0.00000000	     29.62027893	      9.57947142	      0.00000000
      7.36666667	     30.15090022	      4.61901855	    186.82577562	     -0.23714258	     -0.11969324	     -0.45407683	     -4.24729304	      4.83268949	     -8.58579933	     -3.95622588	      0.66050408	      0.25507929	     -0.00017966	     -0.01598912	      0.00567096	      0.00000000	      0.00000000	      0.00000000	     -0.00832755	     -0.00567331	      0.00862675	      0.00000000	      0.00000000	      0.00000000	     -0.00932397	      0.00280118	     -0.01624660	    269.40073693	      3.06237446	    -88.36287404	     94.01245412	      0.00000000	      0.00000000	      0.00000000	      0.00000000	   -267.10709233	     -9.83689590	     78.32926035	     95.46527965	      0.00000000	      0.00000000	      0.00000000	      0.00000000	     63.15897665	    -19.21395180	    -19.04204795	    -55.42022000	      6.71934485	     -2.10873460	      0.00000000	     22.48740524	      3.93187117	      0.00000000	     68.15465159	     -8.61806350	     -5.75311017	    -60.00912563	      3.04049033	     -4.98473282	      0.00000000	     31.87910653	     11.14492551	      0.00000000
      7.40000000	     32.46787016	      5.07160110	    185.91336532	     -0.23335317	     -0.14311075	     -0.45321602	     -2.71278763	      5.29521468	     -8.48318803	     -2.64813811	     -0.10762490	      1.69932145	      0.00365369	     -0.01914377	      0.00804163	      0.00000000	      0.00000000	      0.00000000	     -0.00251052	     -0.00458483	      0.00849945	      0.00000000	      0.00000000	      0.00000000	     -0.00824954	      0.00463105	     -0.01471266	    267.78421482	      3.79632437	    -88.92254240	     94.59909851	      0.00000000	      0.00000000	      0.00000000	      0.00000000	   -267.01147924	    -11.58791283	     77.93984144	     95.68802888	      0.00000000	      0.00000000	      0.00000000	      0.00000000	     69.19647228	    -19.99917748	    -19.05858311	    -61.30875014	      7.01269225	     -2.59811583	      0.00000000	     24.74380014	      4.19136443	      0.00000000	     74.35434435	     -9.72534989	     -5.25198708	    -66.52627582	      1.01806369	     -4.98473282	      0.00000000	     34.05572481	     13.48138326	      0.00000000
      7.43333333	     33.95831766	      5.05268827	    185.13285072	     -0.23053619	     -0.16721376	     -0.45256413	     -2.17487360	      5.39191613	     -7.98805069	     -0.61634122	     -0.38540139	      2.09158718	      0.00816434	     -0.02403686	      0.00857043	      0.00000000	      0.00000000	      0.00000000	      0.00113029	     -0.00404912	      0.00773817	      0.00000000	      0.00000000	      0.00000000	     -0.00352990	      0.00866433	     -0.01242482	    266.79912172	      3.79089651	    -89.80968734	     95.68743069	      0.00000000	      0.00000000	      0.00000000	      0.00000000	   -268.02216500	    -13.37644327	     78.17589687	     97.10509938	      0.00000000	      0.00000000	      0.00000000	      0.00000000	     74.40436561	    -20.82152032	    -18.38427084	    -67.07593398	      6.71577896	     -2.86296160	      0.00000000	     27.24167122	      4.58716518	      0.00000000	     79.18173766	    -10.82019723	     -5.35304099	    -72.41905473	     -0.20563544	     -4.98473282	      0.00000000	     36.68170552	     15.28047370	      0.00000000
      7.46666667	     36.41564311	      4.94980147	    184.40031319	     -0.22779257	     -0.19204700	     -0.45201928	     -0.70308865	      5.18506726	     -7.09425245	      0.28825418	     -0.20844936	      1.62101039	      0.00773816	     -0.02797383	      0.00975685	      0.00000000	      0.00000000	      0.00000000	      0.00170117	     -0.00347694	      0.00648375	      0.00000000	      0.00000000	      0.00000000	      0.00325892	      0.01149394	     -0.00857240	    266.86391722	      3.45885065	    -91.28209156	     96.97097807	      0.00000000	      0.00000000	      0.00000000	      0.00000000	   -269.68689925	    -14.26157718	     79.08928166	     98.98762938	      0.00000000	      0.00000000	      0.00000000	      0.00000000	     80.62126170	    -21.72084459	    -17.30872445	    -72.60164560	      6.24436582	     -2.89029001	      0.00000000	     29.25949194	      5.89304963	      0.00000000	     84.93307394	    -11.85618913	     -5.66209260	    -78.01454816	     -1.44943691	     -4.98473282	      0.00000000	     39.18168323	     17.23652244	      0.00000000
      7.50000000	     37.97873322	      4.77447297	    183.79005091	     -0.22577408	     -0.21729536	     -0.45121800	     -0.24194201	      5.05678264	     -5.88123741	      1.73182186	      0.37667612	      0.11274620	      0.00625361	     -0.03203897	      0.00903768	      0.00000000	      0.00000000	      0.00000000	     -0.00129560	     -0.00271479	      0.00477891	      0.00000000	      0.00000000	      0.00000000	      0.01034326	      0.01087942	     -0.00693951	    267.21186528	      3.22907826	    -92.21087285	     98.22490150	      0.00000000	      0.00000000	      0.00000000	      0.00000000	   -271.22827121	    -14.15833357	     80.01181565	    100.82637867	      0.00000000	      0.00000000	      0.00000000	      0.00000000	     85.72212994	    -22.49851139	    -16.15106806	    -77.86007784	      5.89850663	     -2.95169297	      0.00000000	     31.69882117	      7.51618326	      0.00000000	     89.70401951	    -12.90776705	     -5.78744075	    -83.52732640	     -1.52783910	     -4.98473282	      0.00000000	     41.86506470	     18.04658191	      0.00000000
      7.53333333	     39.65423431	      4.68903527	    183.22755101	     -0.22358928	     -0.24361336	     -0.45048256	      0.40782409	      4.96123211	     -4.46563204	      2.65489001	      1.14575512	     -1.58564276	      0.00261896	     -0.03383464	      0.00758303	      0.00000000	      0.00000000	      0.00000000	     -0.00681519	     -0.00279617	      0.00444834	      0.00000000	      0.00000000	      0.00000000	      0.01521658	      0.00600312	     -0.00727454	    267.30508050	      3.44641907	    -92.68794614	     99.14612429	      0.00000000	      0.00000000	      0.00000000	      0.00000000	   -270.78100702	    -12.46563042	     80.79224429	    100.75303869	      0.00000000	      0.00000000	      0.00000000	      0.00000000	     90.90966436	    -23.22240528	    -15.16797141	    -82.88973631	      4.94265151	     -3.13019404	      0.00000000	     34.12783655	      9.59343164	      0.00000000	     94.77859096	    -13.96825294	     -5.60986122	    -89.03189582	     -1.09731469	     -4.98473282	      0.00000000	     44.08243680	     18.00981801	      0.00000000
      7.56666667	     41.07294751	      4.67742282	    182.75159299	     -0.22125214	     -0.27116263	     -0.44960160	      0.91616173	      4.95057230	     -3.33930498	      3.15896595	      1.61472031	     -2.22854585	     -0.00179001	     -0.03301594	      0.00690216	      0.00000000	      0.00000000	      0.00000000	     -0.01084989	     -0.00292773	      0.00515285	      0.00000000	      0.00000000	      0.00000000	      0.01775091	      0.00026916	     -0.00892804	    267.15286672	      3.89783364	    -93.04574038	     99.66197339	      0.00000000	      0.00000000	      0.00000000	      0.00000000	   -268.93916461	    -10.64840519	     81.91455088	     98.98978608	      0.00000000	      0.00000000	      0.00000000	      0.00000000	     95.92895043	    -23.98518883	    -14.39846815	    -87.92264159	      3.60613752	     -3.45174338	      0.00000000	     36.44895906	     11.57287135	      0.00000000	     99.80284476	    -14.94422106	     -5.20376494	    -94.53503422	     -0.78088749	     -4.98473282	      0.00000000	     45.79737675	     17.67625168	      0.00000000
      7.60000000	     42.62902075	      4.69915764	    182.26173640	     -0.21863228	     -0.30016602	     -0.44903610	      1.78308931	      4.81355353	     -2.62589518	      3.73458478	      1.65137081	     -1.69793768	     -0.00421894	     -0.03012100	      0.00827181	      0.00000000	      0.00000000	      0.00000000	     -0.01186526	     -0.00285902	      0.00788978	      0.00000000	      0.00000000	      0.00000000	      0.01703117	     -0.00113975	     -0.00979912	    266.94447152	      4.39507794	    -93.48004037	    100.04909544	      0.00000000	      0.00000000	      0.00000000	      0.00000000	   -267.47154119	     -9.48785904	     83.18453325	     97.57296464	      0.00000000	      0.00000000	      0.00000000	      0.00000000	    101.46001991	    -24.49942435	    -13.56167317	    -93.15148279	      2.19681155	     -4.05701220	      0.00000000	     38.35502431	     12.95638126	      0.00000000	    105.23896311	    -15.84801975	     -4.63553148	   -100.00234812	     -1.03220849	     -4.98473282	      0.00000000	     46.96366211	     17.58740264	      0.00000000
      7.63333333	     44.32109871	      4.73235220	    181.69779293	     -0.21584232	     -0.33015824	     -0.44887053	      2.89472343	      4.66449382	     -2.47050802	      4.43455014	      1.29444995	     -0.39750641	     -0.00489934	     -0.02583469	      0.01018795	      0.00000000	      0.00000000	      0.00000000	     -0.00920442	     -0.00161296	      0.00992294	      0.00000000	      0.00000000	      0.00000000	      0.01297257	      0.00222839	     -0.01029456	    266.66510146	      4.75517657	    -94.00860404	    100.00943443	      0.00000000	      0.00000000	      0.00000000	      0.00000000	   -267.54412891	     -9.97566165	     83.95506622	     98.14140983	      0.00000000	      0.00000000	      0.00000000	      0.00000000	    107.58463646	    -24.42642431	    -12.40103391	    -98.61258128	      0.61754632	     -4.86674462	      0.00000000	     39.34264643	     13.57537817	      0.00000000	    111.13961130	    -16.72313514	     -3.91150757	   -105.47584878	     -1.62751524	     -4.98473282	      0.00000000	     47.29376788	     17.86789594	      0.00000000
      7.66666667	     46.01824436	      4.77069675	    181.15933103	     -0.21361788	     -0.36029536	     -0.44843072	      4.17931558	      4.62191471	     -2.61787858	      4.25257212	      0.60040362	      0.95099440	     -0.00556863	     -0.02105129	      0.01214349	      0.00000000	      0.00000000	      0.00000000	     -0.00604739	     -0.00010106	      0.01155090	      0.00000000	      0.00000000	      0.00000000	      0.00761197	      0.00586654	     -0.01006350	    266.05104412	      5.25734628	    -93.94793838	    100.09184209	      0.00000000	      0.00000000	      0.00000000	      0.00000000	   -268.33297034	    -11.21806920	     83.59278521	     99.51898558	      0.00000000	      0.00000000	      0.00000000	      0.00000000	    113.87092239	    -24.19981505	    -10.33055751	   -104.08014273	     -1.19615320	     -4.76120195	      0.00000000	     39.81109315	     14.35198891	      0.00000000	    117.18820729	    -17.22409746	     -2.74943003	   -110.91905338	     -1.94606301	     -4.98473282	      0.00000000	     47.17774286	     18.12170387	      0.00000000
      7.70000000	     47.00118417	      4.56585349	    180.32930924	     -0.21217553	     -0.38892785	     -0.44802969	      4.51241684	      4.41943406	     -2.37876661	      4.61854620	      0.05240313	      1.45141793	     -0.00522120	     -0.01848865	      0.01264752	      0.00000000	      0.00000000	      0.00000000	     -0.00403398	      0.00064285	      0.01104295	      0.00000000	      0.00000000	      0.00000000	      0.00423429	      0.01046798	     -0.00995566	    265.25581692	      5.97473227	    -93.80865815	    100.04435481	      0.00000000	      0.00000000	      0.00000000	      0.00000000	   -269.45933751	    -12.74961095	     82.99688856	    101.12157009	      0.00000000	      0.00000000	      0.00000000	      0.00000000	    119.29864148	    -23.27202873	     -8.60981772	   -109.21066029	     -3.45062879	     -4.87773697	      0.00000000	     39.51798608	     15.09166658	      0.00000000	    122.35190451	    -17.93610951	     -1.43956371	   -116.16251688	     -1.76111308	     -4.98473282	      0.00000000	     46.66348629	     17.62610441	      0.00000000
      7.73333333	     47.96361809	      4.13765736	    179.34886319	     -0.21185466	     -0.41526554	     -0.44732065	      4.96737296	      4.15606694	     -1.89741401	      3.91522850	     -0.25655387	      1.26057509	     -0.00603383	     -0.01788185	      0.01092794	      0.00000000	      0.00000000	      0.00000000	     -0.00147318	      0.00109655	      0.00879360	      0.00000000	      0.00000000	      0.00000000	      0.00242078	      0.01158115	     -0.01074789	    264.38019667	      6.87783430	    -93.16219402	    100.35434939	      0.00000000	      0.00000000	      0.00000000	      0.00000000	   -269.53260234	    -12.87064904	     82.42247088	    101.41163895	      0.00000000	      0.00000000	      0.00000000	      0.00000000	    124.17606586	    -22.15616124	     -7.14243852	   -113.57726765	     -6.03556995	     -4.93667590	      0.00000000	     39.04937462	     16.57417105	      0.00000000	    127.10584790	    -18.59879292	     -0.08081959	   -121.03318294	     -1.03153258	     -4.98473282	      0.00000000	     45.84632212	     15.95057629	      0.00000000
      7.76666667	     48.13552898	      3.54325728	    178.50598027	     -0.21236692	     -0.43822969	     -0.44636150	      4.63339708	      3.76007650	     -0.87751498	      2.70252849	      0.14992647	      0.36384037	     -0.00787859	     -0.01916930	      0.00701412	      0.00000000	      0.00000000	      0.00000000	     -0.00001028	      0.00127794	      0.00653553	      0.00000000	      0.00000000	      0.00000000	      0.00254410	      0.01096655	     -0.01202622	    263.55036507	      7.55432267	    -92.61123580	    100.90964551	      0.00000000	      0.00000000	      0.00000000	      0.00000000	   -269.44245391	    -11.39858032	     82.15550177	    101.33048819	      0.00000000	      0.00000000	      0.00000000	      0.00000000	    127.69722895	    -21.21108230	     -5.90439206	   -117.26361010	     -8.44704461	     -4.98473282	      0.00000000	     38.75911152	     18.28107341	      0.00000000	    130.48075070	    -19.15963168	      0.94247792	   -125.24477535	     -0.22277493	     -4.98473282	      0.00000000	     44.95494734	     13.46561116	      0.00000000
      7.80000000	     47.68220076	      2.79564218	    178.10469515	     -0.21369747	     -0.45745983	     -0.44504417	      3.91611948	      3.18809514	      0.11532441	      1.69895880	      0.85246143	     -0.55375385	     -0.00818930	     -0.02205171	      0.00228778	      0.00000000	      0.00000000	      0.00000000	      0.00173571	      0.00157291	      0.00510538	      0.00000000	      0.00000000	      0.00000000	      0.00514579	      0.01008103	     -0.01386569	    262.96785003	      8.01744597	    -92.16011619	    101.59353535	      0.00000000	      0.00000000	      0.00000000	      0.00000000	   -270.34996318	     -9.78021817	     81.86133129	    102.33779397	      0.00000000	      0.00000000	      0.00000000	      0.00000000	    130.13866152	    -20.83599764	     -4.45864521	   -120.37309756	     -9.58577237	     -4.98473282	      0.00000000	     38.81332272	     19.57685067	      0.00000000	    132.48000147	    -19.48041707	      1.31323218	   -128.66694036	     -0.06891941	     -4.98473282	      0.00000000	     44.28394570	     11.64348475	      0.00000000
      7.83333333	     47.17115339	      1.99073812	    178.08544968	     -0.21528523	     -0.47227027	     -0.44414158	      3.41411851	      2.41879475	      0.96987450	      0.83058022	      1.51808864	     -1.38389117	     -0.00735926	     -0.02464056	     -0.00048717	      0.00000000	      0.00000000	      0.00000000	      0.00080948	      0.00129560	      0.00556440	      0.00000000	      0.00000000	      0.00000000	      0.00855342	      0.00932865	     -0.01513026	    262.76342633	      8.42318238	    -91.53563937	    102.57044906	      0.00000000	      0.00000000	      0.00000000	      0.00000000	   -272.02741357	     -8.55251015	     81.05411994	    104.19620236	      0.00000000	      0.00000000	      0.00000000	      0.00000000	    132.08200623	    -20.83164569	     -2.96331300	   -122.88056870	     -9.85737364	     -4.98473282	      0.00000000	     39.05919250	     20.46302149	      0.00000000	    133.66539859	    -19.71388012	      1.22059458	   -131.14983835	     -0.60617206	     -4.98473282	      0.00000000	     43.78066459	     10.96002784	      0.00000000
      7.86666667	     46.84048095	      1.23269997	    178.48160080	     -0.21665761	     -0.48168179	     -0.44349096	      3.31043225	      1.61049206	      1.59029596	      0.05419661	      1.99858001	     -2.35518526	     -0.00615106	     -0.02671266	     -0.00171651	      0.00000000	      0.00000000	      0.00000000	     -0.00249302	      0.00073104	      0.00710420	      0.00000000	      0.00000000	      0.00000000	      0.01391888	      0.00987164	     -0.01523488	    263.14129204	      8.41020946	    -90.72017756	    103.94904164	      0.00000000	      0.00000000	      0.00000000	      0.00000000	   -274.02668708	     -7.79397814	     80.23473097	    106.44977966	      0.00000000	      0.00000000	      0.00000000	      0.00000000	    133.65192076	    -21.12450325	     -1.43271531	   -124.57123276	     -9.81406163	     -4.98473282	      0.00000000	     39.42375651	     21.20000775	      0.00000000	    134.15723931	    -19.84241548	      0.64176816	   -132.61219466	     -1.47419495	     -4.98473282	      0.00000000	     43.64094486	     11.29011900	      0.00000000
      7.90000000	     46.88259012	      0.46246000	    179.45166222	     -0.21773038	     -0.48532708	     -0.44282992	      3.66436217	      0.83108438	      1.35390455	     -0.50760849	      2.30455910	     -3.95595827	     -0.00497830	     -0.02733360	     -0.00338994	      0.00000000	      0.00000000	      0.00000000	     -0.00454041	      0.00081931	      0.00724193	      0.00000000	      0.00000000	      0.00000000	      0.01773244	      0.00980582	     -0.01468447	    263.91790569	      7.32622872	    -90.04315389	    105.45718520	      0.00000000	      0.00000000	      0.00000000	      0.00000000	   -275.06108442	     -7.26035584	     79.77651929	    107.36032805	      0.00000000	      0.00000000	      0.00000000	      0.00000000	    135.02864184	    -21.72275162	      0.23056306	   -125.42206342	    -10.15168890	     -4.98473282	      0.00000000	     39.58620449	     21.89313966	      0.00000000	    133.92389140	    -19.75982744	     -0.85107947	   -132.86437785	     -3.20048940	     -4.98473282	      0.00000000	     44.11902673	     13.12565168	      0.00000000
      7.93333333	     46.78137244	      0.26725831	    180.04274348	     -0.21833703	     -0.48265498	     -0.44291486	      3.71146299	      0.56595190	      1.17136109	     -0.80738992	      1.97595436	     -4.99681501	     -0.00448568	     -0.02721745	     -0.00145439	      0.00000000	      0.00000000	      0.00000000	     -0.00717278	     -0.00131163	      0.00850316	      0.00000000	      0.00000000	      0.00000000	      0.01976418	      0.00919914	     -0.01312546	    264.14660624	      5.97736337	    -89.81592125	    106.17111124	      0.00000000	      0.00000000	      0.00000000	      0.00000000	   -274.49275825	     -6.99683186	     80.17166878	    106.77037189	      0.00000000	      0.00000000	      0.00000000	      0.00000000	    134.88933161	    -22.10866727	      0.70471483	   -125.28454107	    -10.43200782	     -4.98473282	      0.00000000	     39.60171295	     22.40388979	      0.00000000	    133.09717144	    -19.73056489	     -1.74659184	   -132.12119617	     -5.36172885	     -4.98473282	      0.00000000	     44.77642784	     16.00555657	      0.00000000
      7.96666667	     47.19260806	      0.58522326	    180.05711043	     -0.21815115	     -0.47384890	     -0.44364893	      4.05518699	      0.95778332	      0.73026067	     -1.14891344	      1.51383802	     -5.13514695	     -0.00583145	     -0.02627152	      0.00034240	      0.00000000	      0.00000000	      0.00000000	     -0.00780693	     -0.00304896	      0.00944056	      0.00000000	      0.00000000	      0.00000000	      0.01767154	      0.01036131	     -0.01208896	    263.82626104	      4.87796190	    -90.33856269	    106.42967169	      0.00000000	      0.00000000	      0.00000000	      0.00000000	   -273.79647148	     -8.00769836	     81.10327935	    105.77111497	      0.00000000	      0.00000000	      0.00000000	      0.00000000	    133.85585607	    -21.94535019	     -0.22906276	   -124.00201633	    -10.80309245	     -4.98473282	      0.00000000	     39.44227268	     22.02853352	      0.00000000	    132.42768467	    -19.86805257	     -1.96377307	   -130.68237451	     -4.92514484	     -4.98473282	      0.00000000	     45.19703922	     16.37451921	      0.00000000
      8.00000000	     47.38250910	      1.22364256	    179.40061244	     -0.21737316	     -0.45979857	     -0.44465389	      4.07223344	      1.82952624	      0.76745187	     -1.47361702	      0.64862743	     -4.49732967	     -0.00740053	     -0.02485270	      0.00276242	      0.00000000	      0.00000000	      0.00000000	     -0.00900605	     -0.00275942	      0.01011867	      0.00000000	      0.00000000	      0.00000000	      0.01500534	      0.01005297	     -0.01148080	    263.32930998	      4.28402296	    -91.03224114	    106.61352281	      0.00000000	      0.00000000	      0.00000000	      0.00000000	   -272.77255455	     -9.65942028	     82.08035413	    104.31378112	      0.00000000	      0.00000000	      0.00000000	      0.00000000	    131.44444930	    -21.16015490	     -2.20585454	   -121.60265879	    -11.24543895	     -4.98473282	      0.00000000	     39.19307884	     21.46450060	      0.00000000	    131.24684915	    -20.29503839	     -1.45597645	   -128.73818735	     -3.82417071	     -4.98473282	      0.00000000	     45.00699659	     16.09090498	      0.00000000
      8.03333333	     48.00255238	      1.69641911	    178.72267162	     -0.21579941	     -0.44163337	     -0.44611141	      4.57961380	      2.38564020	      0.65566536	     -1.64563004	      0.08810769	     -3.42805304	     -0.00862872	     -0.02334601	      0.00499643	      0.00000000	      0.00000000	      0.00000000	     -0.00969710	     -0.00200424	      0.00955000	      0.00000000	      0.00000000	      0.00000000	      0.01294193	      0.01037669	     -0.01180774	    263.37733544	      4.00897197	    -91.89983815	    106.72535422	      0.00000000	      0.00000000	      0.00000000	      0.00000000	   -272.19428193	    -12.26237271	     82.57514239	    103.82159411	      0.00000000	      0.00000000	      0.00000000	      0.00000000	    129.05961047	    -19.90357471	     -3.87212319	   -118.35636398	    -11.47110267	     -4.98473282	      0.00000000	     38.72969675	     21.04292944	      0.00000000	    129.73351454	    -20.64103278	     -1.06880311	   -125.96107049	     -2.45933738	     -4.98473282	      0.00000000	     45.09402908	     15.49482247	      0.00000000
      8.06666667	     48.62760533	      2.31293710	    177.89225653	     -0.21404299	     -0.42041001	     -0.44695257	      5.26855070	      3.25541323	      0.60329446	     -1.47493197	     -0.65156986	     -1.10159926	     -0.00833516	     -0.02265418	      0.00818021	      0.00000000	      0.00000000	      0.00000000	     -0.01133948	     -0.00091922	      0.00765199	      0.00000000	      0.00000000	      0.00000000	      0.00956554	      0.00881349	     -0.01296414	    263.77707947	      4.53251349	    -92.44378693	    106.82630076	      0.00000000	      0.00000000	      0.00000000	      0.00000000	   -272.12671457	    -14.10324225	     82.79395652	    103.86661082	      0.00000000	      0.00000000	      0.00000000	      0.00000000	    126.20933682	    -18.66239686	     -5.83570913	   -114.27021456	    -11.81061888	     -4.98473282	      0.00000000	     38.22153846	     20.11302747	      0.00000000	    127.83010233	    -20.69878213	     -0.49193416	   -122.66790525	     -0.60216355	     -4.98473282	      0.00000000	     45.17774130	     14.02778406	      0.00000000
      8.10000000	     49.82845664	      2.31284436	    177.82210786	     -0.21257212	     -0.39724427	     -0.44698645	      6.93645234	      3.45732695	      0.36212227	     -1.43911876	     -0.81382958	     -0.84539909	     -0.00779057	     -0.02268301	      0.00816415	      0.00000000	      0.00000000	      0.00000000	     -0.01270640	     -0.00122624	      0.00404629	      0.00000000	      0.00000000	      0.00000000	      0.00781914	      0.00698203	     -0.01350706	    264.30218984	      4.10563912	    -92.28562342	    106.36980098	      0.00000000	      0.00000000	      0.00000000	      0.00000000	   -272.41779073	    -14.77791634	     82.87351964	    104.00201273	      0.00000000	      0.00000000	      0.00000000	      0.00000000	    124.17354786	    -17.70748091	     -6.32162070	   -109.93201111	    -11.55806731	     -4.98473282	      0.00000000	     38.00197302	     19.70039499	      0.00000000	    125.63384509	    -20.02355562	     -1.15175022	   -118.37415374	     -0.14056264	     -4.98473282	      0.00000000	     45.84911615	     13.55574397	      0.00000000
      8.13333333	     50.69142232	      2.29228682	    178.16936720	     -0.21182960	     -0.37281267	     -0.44652013	      8.45005082	      3.60320355	     -0.29165693	     -1.07737653	     -1.24613534	     -0.53357249	     -0.00651451	     -0.02416368	      0.00936107	      0.00000000	      0.00000000	      0.00000000	     -0.01105580	     -0.00151398	      0.00112247	      0.00000000	      0.00000000	      0.00000000	      0.00724247	      0.00684658	     -0.01358799	    264.35637675	      3.30062877	    -91.74910626	    105.74932963	      0.00000000	      0.00000000	      0.00000000	      0.00000000	   -273.12821291	    -15.43488850	     83.21066332	    104.44967469	      0.00000000	      0.00000000	      0.00000000	      0.00000000	    121.64994006	    -16.94481866	     -6.37442701	   -105.39933931	    -10.98088628	     -4.98473282	      0.00000000	     37.92221101	     18.53374245	      0.00000000	    122.96432089	    -18.73019394	     -1.99861618	   -113.70529025	     -0.01572762	     -4.98473282	      0.00000000	     46.02003800	     12.94265957	      0.00000000
      8.16666667	     51.20104412	      2.28946887	    178.92177924	     -0.21221810	     -0.34758222	     -0.44556387	      9.69692615	      3.75984695	     -1.10077448	     -0.95676362	     -1.65314370	     -1.30618162	     -0.00642307	     -0.02643696	      0.00960350	      0.00000000	      0.00000000	      0.00000000	     -0.01076731	     -0.00176582	      0.00049769	      0.00000000	      0.00000000	      0.00000000	      0.00595857	      0.00512162	     -0.01229027	    263.51643845	      2.79414927	    -91.02908633	    105.32640013	      0.00000000	      0.00000000	      0.00000000	      0.00000000	   -273.26712199	    -15.13489442	     83.53292211	    103.97794280	      0.00000000	      0.00000000	      0.00000000	      0.00000000	    118.63269047	    -16.66705246	     -6.23384566	   -100.68537400	    -10.12807401	     -4.98473282	      0.00000000	     38.05278811	     17.61541052	      0.00000000	    119.91336386	    -17.02142339	     -3.00811245	   -108.86542778	     -0.63832664	     -4.98473282	      0.00000000	     45.49741195	     12.54473808	      0.00000000
      8.20000000	     50.83904758	      2.30589843	    179.93110373	     -0.21364809	     -0.32200743	     -0.44448335	      9.93634852	      3.92560144	     -2.02426452	     -0.81991892	     -1.79130045	     -2.68777446	     -0.00768076	     -0.02892945	      0.00825167	      0.00000000	      0.00000000	      0.00000000	     -0.01209736	     -0.00186295	      0.00151245	      0.00000000	      0.00000000	      0.00000000	      0.00489884	      0.00148998	     -0.01120446	    262.32865061	      2.23701033	    -90.58085352	    105.25074417	      0.00000000	      0.00000000	      0.00000000	      0.00000000	   -272.70352759	    -14.81191536	     83.71251473	    102.47404282	      0.00000000	      0.00000000	      0.00000000	      0.00000000	    114.76607335	    -16.83654108	     -6.14760560	    -95.88187320	     -9.52917003	     -4.98473282	      0.00000000	     37.90197273	     17.13470531	      0.00000000	    115.99730725	    -15.32631792	     -4.01413297	   -104.00056466	     -1.45905757	     -4.98473282	      0.00000000	     44.61854449	     13.00139495	      0.00000000
      8.23333333	     49.60121706	      2.52492536	    180.75666091	     -0.21565949	     -0.29622143	     -0.44398245	      9.09920126	      4.18925770	     -2.88719001	     -0.66981987	     -1.62887043	     -3.66025337	     -0.00983081	     -0.03102203	      0.00772916	      0.00000000	      0.00000000	      0.00000000	     -0.01457640	     -0.00252754	      0.00358160	      0.00000000	      0.00000000	      0.00000000	      0.00298796	     -0.00357789	     -0.01145747	    261.75144634	      1.80947726	    -90.78836779	    105.58711679	      0.00000000	      0.00000000	      0.00000000	      0.00000000	   -271.32580797	    -14.59702069	     83.70108387	    100.70937155	      0.00000000	      0.00000000	      0.00000000	      0.00000000	    109.88741962	    -17.04998838	     -6.63762054	    -90.83737684	     -9.61372885	     -4.98473282	      0.00000000	     37.43135161	     17.46496794	      0.00000000	    111.37108858	    -14.11950853	     -4.70906479	    -99.07125866	     -2.37550125	     -4.98473282	      0.00000000	     43.80263123	     14.10543760	      0.00000000
      8.26666667	     47.99811650	      2.97528960	    181.31232308	     -0.21796008	     -0.27076162	     -0.44426307	      7.82769283	      4.57399162	     -3.74748279	     -0.78043221	     -1.31482638	     -3.49836006	     -0.01231346	     -0.03155969	      0.00828704	      0.00000000	      0.00000000	      0.00000000	     -0.01632076	     -0.00314013	      0.00515525	      0.00000000	      0.00000000	      0.00000000	      0.00095447	     -0.00710226	     -0.01333078	    262.13159775	      1.47540274	    -91.45211606	    105.92783721	      0.00000000	      0.00000000	      0.00000000	      0.00000000	   -270.13358887	    -14.89294602	     83.95423116	     99.93058632	      0.00000000	      0.00000000	      0.00000000	      0.00000000	    104.56226865	    -17.15573676	     -7.78844970	    -85.65960706	     -9.91711595	     -4.98473282	      0.00000000	     36.13740818	     17.94605837	      0.00000000	    106.60857549	    -13.45071327	     -5.07650881	    -94.07220433	     -2.95667871	     -4.98473282	      0.00000000	     43.00015572	     15.38530669	      0.00000000
      8.30000000	     46.29048579	      3.48095724	    181.61600623	     -0.22037823	     -0.24587420	     -0.44445690	      6.57318311	      5.11502889	     -4.49529743	     -1.06252842	     -0.98693277	     -2.36321678	     -0.01382701	     -0.03100466	      0.00867073	      0.00000000	      0.00000000	      0.00000000	     -0.01612680	     -0.00317698	      0.00509891	      0.00000000	      0.00000000	      0.00000000	     -0.00066536	     -0.00675536	     -0.01471782	    262.71780455	      1.33211335	    -92.13088949	    105.72681217	      0.00000000	      0.00000000	      0.00000000	      0.00000000	   -270.80175975	    -15.79304534	     84.56399090	    100.66776498	      0.00000000	      0.00000000	      0.00000000	      0.00000000	     99.09176820	    -17.09249934	     -9.30351243	    -80.51383544	     -9.49314571	     -4.98473282	      0.00000000	     34.61546968	     18.04982253	      0.00000000	    101.82014444	    -13.36930564	     -5.61540903	    -89.08564135	     -3.03600942	     -4.98473282	      0.00000000	     42.35729898	     16.86005456	      0.00000000
      8.33333333	     46.03160323	      3.75992650	    181.90780745	     -0.22263178	     -0.22194840	     -0.44463859	      7.29229203	      5.19256278	     -5.02339521	     -2.05195609	     -0.75668447	     -1.63896315	     -0.01370841	     -0.02968707	      0.00957728	      0.00000000	      0.00000000	      0.00000000	     -0.01395281	     -0.00317371	      0.00506610	      0.00000000	      0.00000000	      0.00000000	     -0.00065923	     -0.00558384	     -0.01282641	    263.22954248	      1.02047978	    -92.26068777	    105.07064181	      0.00000000	      0.00000000	      0.00000000	      0.00000000	   -271.90357694	    -16.49082540	     84.56683725	    101.35810696	      0.00000000	      0.00000000	      0.00000000	      0.00000000	     95.43630659	    -16.92613194	    -10.56728206	    -75.47805681	     -9.29741228	     -4.98473282	      0.00000000	     32.13395575	     17.57038898	      0.00000000	     98.50170833	    -13.17773537	     -6.46660044	    -84.12952688	     -2.64205703	     -4.98473282	      0.00000000	     41.20683943	     17.48182897	      0.00000000
      8.36666667	     44.03591587	      4.51458214	    182.23318308	     -0.22536271	     -0.19836022	     -0.44489220	      6.05599158	      6.05106137	     -5.75226745	     -3.71989380	     -0.60438837	     -0.47766846	     -0.01545795	     -0.02790619	      0.00898148	      0.00000000	      0.00000000	      0.00000000	     -0.01046474	     -0.00251658	      0.00480382	      0.00000000	      0.00000000	      0.00000000	     -0.00253167	     -0.00349155	     -0.01146694	    262.99556634	      1.06093642	    -92.25589467	    104.60923445	      0.00000000	      0.00000000	      0.00000000	      0.00000000	   -273.58499798	    -16.89239709	     84.68865553	    102.37778495	      0.00000000	      0.00000000	      0.00000000	      0.00000000	     89.72535388	    -16.85042684	    -12.31857680	    -70.69967407	     -7.25096417	     -4.56443198	      0.00000000	     30.57050021	     16.83658441	      0.00000000	     93.72322257	    -13.25917335	     -6.95962064	    -79.49826265	     -2.10650052	     -4.98473282	      0.00000000	     39.94194528	     18.58123651	      0.00000000
      8.40000000	     43.69110049	      4.87381711	    182.46968386	     -0.22808614	     -0.17568188	     -0.44518856	      6.95897763	      6.27153976	     -6.20385696	     -6.02889015	     -0.37575822	     -0.80570852	     -0.01619248	     -0.02655006	      0.00796482	      0.00000000	      0.00000000	      0.00000000	     -0.00646196	     -0.00218752	      0.00611783	      0.00000000	      0.00000000	      0.00000000	     -0.00276088	     -0.00299590	     -0.01060315	    262.78730823	      0.77894160	    -91.30215723	    104.64514913	      0.00000000	      0.00000000	      0.00000000	      0.00000000	   -273.61011766	    -16.34455989	     83.83339442	    102.28292204	      0.00000000	      0.00000000	      0.00000000	      0.00000000	     86.15514039	    -16.46086477	    -12.71631898	    -65.84546114	     -6.87413837	     -3.58326056	      0.00000000	     27.86638212	     16.23367676	      0.00000000	     90.54781091	    -12.89931418	     -7.35110515	    -74.73566073	     -1.60344383	     -4.98473282	      0.00000000	     37.99984162	     19.10907776	      0.00000000
      8.43333333	     43.13218535	      5.14172393	    182.84239376	     -0.23144106	     -0.15367095	     -0.44586165	      7.70243547	      6.38014581	     -6.60486427	     -8.49054233	     -0.04697149	     -1.83724084	     -0.01741543	     -0.02536255	      0.00621264	      0.00000000	      0.00000000	      0.00000000	     -0.00422831	     -0.00200437	      0.00765411	      0.00000000	      0.00000000	      0.00000000	     -0.00198838	     -0.00256891	     -0.01181335	    262.77716231	      0.75288074	    -90.10432868	    104.96812328	      0.00000000	      0.00000000	      0.00000000	      0.00000000	   -272.93582545	    -15.37314924	     83.06995071	    101.54945424	      0.00000000	      0.00000000	      0.00000000	      0.00000000	     82.28725036	    -16.01495229	    -12.76129783	    -60.77550418	     -6.85149695	     -2.43894932	      0.00000000	     25.32024708	     15.39884834	      0.00000000	     87.06215401	    -12.41854550	     -7.78565464	    -69.67354090	     -0.94589614	     -4.98473282	      0.00000000	     35.84330446	     19.77351284	      0.00000000
      8.46666667	     41.30590440	      4.94261698	    183.39046761	     -0.23570321	     -0.13236322	     -0.44720387	      7.01974762	      5.97934754	     -6.54325675	    -10.48059954	      0.94315485	     -3.65288415	     -0.01823649	     -0.02388813	      0.00252527	      0.00000000	      0.00000000	      0.00000000	     -0.00475732	     -0.00223164	      0.00812867	      0.00000000	      0.00000000	      0.00000000	      0.00159111	     -0.00325968	     -0.01492366	    263.29774207	      0.35633947	    -88.77151961	    105.03715411	      0.00000000	      0.00000000	      0.00000000	      0.00000000	   -271.76337747	    -14.47257900	     82.88975483	    100.56713605	      0.00000000	      0.00000000	      0.00000000	      0.00000000	     77.12047190	    -15.48709996	    -11.89543783	    -55.65887721	     -6.72160566	     -1.16671380	      0.00000000	     22.90611772	     13.28832586	      0.00000000	     81.86311037	    -11.94043006	     -6.80015407	    -64.06164619	     -0.82678981	     -3.22702937	      0.00000000	     33.74150336	     20.19653121	      0.00000000
      8.50000000	     39.75830403	      4.46961510	    183.90900203	     -0.24007604	     -0.11209271	     -0.44881253	      6.51669890	      5.21172277	     -6.60822004	    -11.66884070	      1.57459111	     -4.06636836	     -0.01854434	     -0.02161479	      0.00134603	      0.00000000	      0.00000000	      0.00000000	     -0.00499280	     -0.00384360	      0.00874445	      0.00000000	      0.00000000	      0.00000000	      0.00327741	     -0.00446628	     -0.01752931	    263.56575197	      0.07567426	    -88.11307914	    104.40011346	      0.00000000	      0.00000000	      0.00000000	      0.00000000	   -270.57661991	    -13.79560072	     83.14396652	     99.85389657	      0.00000000	      0.00000000	      0.00000000	      0.00000000	     72.23365255	    -15.00656259	    -11.18632644	    -50.27685722	     -6.97580125	     -0.35948060	      0.00000000	     19.84353430	     11.19989276	      0.00000000	     76.67428496	    -11.44337822	     -5.57759906	    -57.92403367	     -1.40174096	     -0.94527975	      0.00000000	     31.09239789	     19.84798318	      0.00000000
      8.53333333	     37.86882927	      3.88285514	    184.37837000	     -0.24517935	     -0.09308914	     -0.45029101	      5.73034204	      4.38516540	     -6.55847834	    -11.77678085	      1.93045788	     -3.21527126	     -0.01606729	     -0.01912187	      0.00170925	      0.00000000	      0.00000000	      0.00000000	     -0.00611390	     -0.00476695	      0.00761462	      0.00000000	      0.00000000	      0.00000000	      0.00408347	     -0.00604581	     -0.01768116	    263.86989847	     -0.26639990	    -87.40280380	    103.07340381	      0.00000000	      0.00000000	      0.00000000	      0.00000000	   -269.63655173	    -13.18647092	     82.75873497	     98.92137032	      0.00000000	      0.00000000	      0.00000000	      0.00000000	     66.82632924	    -14.56576749	    -10.98666922	    -44.60169229	     -7.40398917	      0.06329454	      0.00000000	     17.07475919	      9.57708478	      0.00000000	     70.90667546	    -10.87632041	     -5.43302910	    -51.57246622	     -1.91431039	      0.24198441	      0.00000000	     28.73565630	     19.08441296	      0.00000000
      8.56666667	     36.13801653	      3.23194041	    184.69103674	     -0.25073351	     -0.07555760	     -0.45123946	      5.17653906	      3.54545939	     -6.47668523	    -11.72160767	      2.04055472	     -1.59654510	     -0.01273100	     -0.01600065	      0.00300718	      0.00000000	      0.00000000	      0.00000000	     -0.00723202	     -0.00474764	      0.00558631	      0.00000000	      0.00000000	      0.00000000	      0.00288741	     -0.00800198	     -0.01631052	    264.28377645	     -0.48428841	    -86.95786439	    101.79849851	      0.00000000	      0.00000000	      0.00000000	      0.00000000	   -268.68356042	    -12.52514103	     81.54462355	     97.63629236	      0.00000000	      0.00000000	      0.00000000	      0.00000000	     61.61079143	    -14.10613516	    -11.46405702	    -38.79057922	     -7.71637475	     -0.09240696	      0.00000000	     14.46767837	      9.10498295	      0.00000000	     65.15737576	    -10.25192452	     -7.07227838	    -45.12764231	     -1.65434910	      0.02116778	      0.00000000	     26.42547053	     18.14236176	      0.00000000
      8.60000000	     33.88936290	      2.53140675	    184.82051179	     -0.25684480	     -0.05961321	     -0.45181516	      4.12991059	      2.68985086	     -6.29651326	    -11.64511514	      2.08979263	     -0.06384366	     -0.00857893	     -0.01342119	      0.00458478	      0.00000000	      0.00000000	      0.00000000	     -0.00759294	     -0.00481981	      0.00380734	      0.00000000	      0.00000000	      0.00000000	      0.00111016	     -0.00935533	     -0.01507641	    264.85928560	     -0.87662528	    -86.60327412	    100.88482578	      0.00000000	      0.00000000	      0.00000000	      0.00000000	   -267.69563951	    -12.09405002	     79.69477558	     96.48652368	      0.00000000	      0.00000000	      0.00000000	      0.00000000	     56.00339014	    -13.57736822	    -12.67549517	    -33.12245465	     -7.35537265	     -0.68555993	      0.00000000	     12.16040809	      9.25915001	      0.00000000	     58.62071362	     -9.54994218	    -10.57429671	    -38.28544195	      0.69817408	     -1.45551193	      0.00000000	     24.12767764	     16.64833076	      0.00000000
      8.63333333	     32.49141037	      2.04100266	    184.97011081	     -0.26308480	     -0.04574197	     -0.45153115	      4.17711690	      2.13405546	     -6.18639832	    -12.66843622	      2.39917280	     -0.15575900	     -0.00572435	     -0.01063233	      0.00321385	      0.00000000	      0.00000000	      0.00000000	     -0.00628166	     -0.00458108	      0.00250099	      0.00000000	      0.00000000	      0.00000000	      0.00057975	     -0.01006203	     -0.01480097	    265.24045799	     -1.64793774	    -86.26325896	    100.17178104	      0.00000000	      0.00000000	      0.00000000	      0.00000000	   -267.01171714	    -11.85392288	     77.74832519	     95.69881879	      0.00000000	      0.00000000	      0.00000000	      0.00000000	     51.35801387	    -13.07488295	    -14.17966698	    -27.51606374	     -6.36015052	     -1.40692277	      0.00000000	      9.30023543	      9.00428005	      0.00000000	     53.20921406	     -8.61665746	    -14.09905393	    -31.68097727	      4.50148497	     -2.84174008	      0.00000000	     21.25619076	     14.35218974	      0.00000000
      8.66666667	     31.05860956	      1.35858341	    185.14951253	     -0.26973682	     -0.03412431	     -0.45094313	      4.24347680	      1.37646551	     -5.90800422	    -13.83697776	      2.80508453	     -1.02423413	     -0.00288832	     -0.00936753	      0.00153307	      0.00000000	      0.00000000	      0.00000000	     -0.00635436	     -0.00463674	      0.00330641	      0.00000000	      0.00000000	      0.00000000	      0.00292690	     -0.00970779	     -0.01480963	    265.20576783	     -2.09324715	    -85.55420995	     99.57935429	      0.00000000	      0.00000000	      0.00000000	      0.00000000	   -266.58572261	    -11.72644216	     76.03486200	     95.51273858	      0.00000000	      0.00000000	      0.00000000	      0.00000000	     46.82104907	    -12.78707040	    -15.98983436	    -22.15023533	     -4.32369975	     -2.26807152	      0.00000000	      5.95671368	      7.84552514	      0.00000000	     47.95879601	     -7.32638751	    -17.19287805	    -25.38266596	      9.30897592	     -3.93065357	      0.00000000	     17.84713096	     10.95937163	      0.00000000
      8.70000000	     30.62663378	      1.14617462	    185.46551848	     -0.27593270	     -0.02535979	     -0.45022314	      5.51947023	      0.98762709	     -6.32046446	    -16.29759715	      2.91267221	     -2.10349446	     -0.00174356	     -0.00675674	      0.00081058	      0.00000000	      0.00000000	      0.00000000	     -0.00289914	     -0.00469692	      0.00597284	      0.00000000	      0.00000000	      0.00000000	      0.00535803	     -0.01004339	     -0.01399456	    264.56540686	     -2.44005693	    -84.09159975	     98.84982604	      0.00000000	      0.00000000	      0.00000000	      0.00000000	   -265.97346625	    -12.20429418	     74.37231061	     95.31545634	      0.00000000	      0.00000000	      0.00000000	      0.00000000	     43.76157642	    -12.28275556	    -17.07274941	    -17.64890410	     -3.27024012	     -3.14645506	      0.00000000	      2.52298926	      7.40411674	      0.00000000	     44.46352364	     -5.93830313	    -18.68565207	    -19.71761795	     11.10217447	     -4.82847643	      0.00000000	     14.81158362	      9.35664925	      0.00000000
      8.73333333	     28.78633386	      0.52220031	    185.55818049	     -0.28267882	     -0.01838687	     -0.44982420	      5.08158055	      0.22273356	     -6.28591341	    -18.80747146	      3.42472838	     -3.37970349	     -0.00124477	     -0.00394358	      0.00027034	      0.00000000	      0.00000000	      0.00000000	     -0.00224602	     -0.00630087	      0.00826900	      0.00000000	      0.00000000	      0.00000000	      0.00981506	     -0.01013575	     -0.01273730	    263.81506504	     -2.39807307	    -82.19299186	     97.52721199	      0.00000000	      0.00000000	      0.00000000	      0.00000000	   -265.39185823	    -12.94343911	     73.03444630	     95.32186338	      0.00000000	      0.00000000	      0.00000000	      0.00000000	     39.47653294	    -11.87817872	    -18.85247489	    -13.61567474	     -0.97642692	     -4.10128099	      0.00000000	     -0.19374595	      6.83417747	      0.00000000	     39.64800103	     -4.83302505	    -20.08188808	    -14.87456031	     13.24943394	     -4.98473282	      0.00000000	     11.82977751	      6.43402156	      0.00000000
      8.76666667	     27.18568479	      0.14785222	    185.57508479	     -0.28813468	     -0.01294645	     -0.44953342	      4.54820583	     -0.13566202	     -6.01515009	    -20.24285472	      3.47583357	     -3.58082868	     -0.00123422	     -0.00225006	      0.00147193	      0.00000000	      0.00000000	      0.00000000	     -0.00384394	     -0.00764045	      0.00965430	      0.00000000	      0.00000000	      0.00000000	      0.01438670	     -0.01078239	     -0.01249218	    263.19133006	     -2.81910320	    -80.39671835	     96.62584820	      0.00000000	      0.00000000	      0.00000000	      0.00000000	   -264.93546458	    -13.83597342	     72.30859620	     95.36931752	      0.00000000	      0.00000000	      0.00000000	      0.00000000	     35.86623388	    -11.18669949	    -20.20198507	    -10.12490920	      0.74871410	     -4.98473282	      0.00000000	     -2.82682124	      6.16256247	      0.00000000	     35.70682600	     -4.02227354	    -21.51313134	    -11.09404853	     14.32418532	     -4.98473282	      0.00000000	      9.20623196	      4.12758759	      0.00000000
      8.80000000	     23.48522193	     -0.71510080	    185.12534820	     -0.29431595	     -0.00874958	     -0.44900869	      1.73412961	     -0.79239558	     -5.69955515	    -21.15630689	      3.14880880	     -3.18415070	      0.00030044	     -0.00102488	      0.00347674	      0.00000000	      0.00000000	      0.00000000	     -0.00366278	     -0.00942221	      0.00899412	      0.00000000	      0.00000000	      0.00000000	      0.01353713	     -0.00954587	     -0.01095751	    263.10277363	     -3.16641289	    -78.42425546	     95.44488937	      0.00000000	      0.00000000	      0.00000000	      0.00000000	   -264.95657328	    -13.97927728	     71.23622993	     95.22247748	      0.00000000	      0.00000000	      0.00000000	      0.00000000	     30.27443143	    -10.90069452	    -20.85944256	     -7.37254120	      3.29267981	     -4.98473282	      0.00000000	     -4.24574893	      3.76409463	      0.00000000	     29.55507841	     -3.13632659	    -23.29687230	     -7.65719215	     14.89690267	     -4.98473282	      0.00000000	      7.08010482	      2.78843027	      0.00000000
      8.83333333	     20.11563744	     -1.10356419	    185.21789354	     -0.29937200	     -0.00541319	     -0.44897253	     -0.92716477	     -0.97569878	     -5.58374146	    -21.33985626	      2.53233637	     -2.59863699	      0.00086817	     -0.00052460	      0.00586121	      0.00000000	      0.00000000	      0.00000000	     -0.00467099	     -0.00901309	      0.00803662	      0.00000000	      0.00000000	      0.00000000	      0.01188555	     -0.00876003	     -0.01101236	    263.77450373	     -3.94323977	    -77.21631339	     95.48198849	      0.00000000	      0.00000000	      0.00000000	      0.00000000	   -264.95093624	    -13.37402603	     70.78794537	     95.30546536	      0.00000000	      0.00000000	      0.00000000	      0.00000000	     25.08122747	    -10.53833968	    -21.60688989	     -4.87748859	      5.54328084	     -4.98473282	      0.00000000	     -5.99253841	      1.16009225	      0.00000000	     24.18970418	     -2.46664761	    -25.37383447	     -4.33389134	     14.89690267	     -4.98473282	      0.00000000	      5.47166672	      5.41878939	      0.00000000
      8.86666667	     18.44723523	     -1.50804396	    185.07110318	     -0.30304077	     -0.00336407	     -0.44921065	     -1.60652669	     -1.34678029	     -5.39306530	    -21.86466319	      2.12455376	     -2.49496889	      0.00183323	      0.00039416	      0.00636733	      0.00000000	      0.00000000	      0.00000000	     -0.00499430	     -0.00683584	      0.00762098	      0.00000000	      0.00000000	      0.00000000	      0.00852988	     -0.00650705	     -0.01107044	    264.91042568	     -3.73089820	    -76.28617645	     96.36586920	      0.00000000	      0.00000000	      0.00000000	      0.00000000	   -265.56644226	    -12.34837096	     70.34733675	     95.76551127	      0.00000000	      0.00000000	      0.00000000	      0.00000000	     22.29575272	    -10.38303310	    -21.51911236	     -3.20022681	      6.30378927	     -4.96738815	      0.00000000	     -7.19641878	      0.03644705	      0.00000000	     20.95692749	     -2.00931875	    -25.95954047	     -1.65943995	     14.89690267	     -4.55576126	      0.00000000	      3.38684433	      6.40218243	      0.00000000
      8.90000000	     18.27120595	     -1.44705803	    185.07606710	     -0.30610398	     -0.00235596	     -0.45000135	     -0.40845029	     -1.39718160	     -5.53069871	    -22.01059760	      1.97576443	     -2.61015316	      0.00441475	     -0.00027994	      0.00555629	      0.00000000	      0.00000000	      0.00000000	     -0.00325133	     -0.00588697	      0.00848753	      0.00000000	      0.00000000	      0.00000000	      0.00407902	     -0.00445891	     -0.01159418	    265.58610612	     -2.93824395	    -75.49223853	     97.20530857	      0.00000000	      0.00000000	      0.00000000	      0.00000000	   -266.27418077	    -11.19501582	     69.62487041	     96.28186304	      0.00000000	      0.00000000	      0.00000000	      0.00000000	     21.35893670	    -10.08320102	    -21.44690817	     -1.99626448	      6.02748879	     -4.78886014	      0.00000000	     -7.86527371	     -0.21837591	      0.00000000	     19.71407577	     -2.03302037	    -25.56705700	      0.26706524	     14.80308195	     -4.10935978	      0.00000000	      1.96689623	      6.76657859	      0.00000000
      8.93333333	     17.39868064	     -1.45798618	    185.13552750	     -0.30920029	     -0.00194198	     -0.45072655	     -0.11992935	     -1.42211308	     -5.79886786	    -23.45685968	      1.71648540	     -3.26132206	      0.00317950	      0.00220310	      0.00478475	      0.00000000	      0.00000000	      0.00000000	     -0.00149883	     -0.00153724	      0.00940758	      0.00000000	      0.00000000	      0.00000000	      0.00144618	     -0.00058023	     -0.01236692	    267.19345403	     -2.03660584	    -75.53102602	     98.98974842	      0.00000000	      0.00000000	      0.00000000	      0.00000000	   -267.57576445	    -10.05618783	     70.23253800	     97.25492360	      0.00000000	      0.00000000	      0.00000000	      0.00000000	     19.60685199	     -9.90726399	    -20.40109953	     -0.64079399	      4.66043357	     -4.32865606	      0.00000000	     -8.65694084	     -1.01577057	      0.00000000	     17.76845915	     -2.05024051	    -24.73899970	      1.92789904	     14.89690267	     -3.69465709	      0.00000000	      1.39479354	      6.54491598	      0.00000000
      8.96666667	     16.01924741	     -1.26471978	    185.02948566	     -0.31235021	     -0.00179165	     -0.45119211	     -0.39109619	     -1.04470326	     -6.19978541	    -24.67689210	      2.03819658	     -4.13496928	      0.00205608	      0.00464937	      0.00226526	      0.00000000	      0.00000000	      0.00000000	      0.00005499	     -0.00048011	      0.00994530	      0.00000000	      0.00000000	      0.00000000	      0.00106970	      0.00139545	     -0.01227024	    267.54387261	     -1.54565915	    -74.67681853	     99.55255568	      0.00000000	      0.00000000	      0.00000000	      0.00000000	   -268.49507083	     -9.77740503	     70.97551501	     97.11046872	      0.00000000	      0.00000000	      0.00000000	      0.00000000	     17.30101364	     -9.51095759	    -16.83793464	      0.76443707	      1.01741524	     -3.84398796	      0.00000000	     -9.68341019	     -1.84142856	      0.00000000	     15.45056501	     -2.41143819	    -23.68999845	      3.08271198	     14.89690267	     -3.28660344	      0.00000000	      1.69099944	      5.76100521	      0.00000000
      9.00000000	     15.63440466	     -1.17552780	    184.44222763	     -0.31480023	     -0.00195164	     -0.45135201	      0.34429927	     -0.73197467	     -6.25851845	    -25.59708507	      2.09185218	     -4.25820577	      0.00151380	      0.00678102	      0.00074711	      0.00000000	      0.00000000	      0.00000000	      0.00089927	     -0.00277878	      0.00964140	      0.00000000	      0.00000000	      0.00000000	      0.00141471	     -0.00024703	     -0.01290291	    266.87217097	     -1.13354287	    -73.44222168	     99.13297994	      0.00000000	      0.00000000	      0.00000000	      0.00000000	   -268.59123657	    -10.27555079	     71.24125246	     96.26791508	      0.00000000	      0.00000000	      0.00000000	      0.00000000	     16.36547045	     -9.11893404	    -12.71995290	      1.93146807	     -3.54644595	     -3.71353971	      0.00000000	     -9.94509331	     -1.51064185	      0.00000000	     14.26160094	     -2.53928170	    -24.51794219	      4.15730777	     14.89690267	     -3.12426133	      0.00000000	      2.15859591	      6.37386383	      0.00000000
      9.03333333	     15.62673487	     -1.00371781	    184.29526187	     -0.31689223	     -0.00197039	     -0.45158765	      1.37953173	     -0.36210192	     -6.34532780	    -25.75983238	      2.17399414	     -4.24061547	      0.00197287	      0.00693861	      0.00040211	      0.00000000	      0.00000000	      0.00000000	      0.00072685	     -0.00463346	      0.00847888	      0.00000000	      0.00000000	      0.00000000	      0.00261415	     -0.00145685	     -0.01348398	    266.64318836	     -1.34680292	    -72.22287025	     99.14540572	      0.00000000	      0.00000000	      0.00000000	      0.00000000	   -269.04156399	    -11.20077304	     70.82635638	     95.87450830	      0.00000000	      0.00000000	      0.00000000	      0.00000000	     15.76839597	     -8.89590329	    -12.27591230	      2.85905082	     -4.19690176	     -3.46057830	      0.00000000	     -9.93407577	     -1.42122691	      0.00000000	     13.67458668	     -2.65175482	    -25.01604195	      5.20104306	     14.89690267	     -2.80069193	      0.00000000	      1.73604777	      6.68419293	      0.00000000
      9.06666667	     14.64668692	     -1.00768246	    183.45256311	     -0.31921438	     -0.00189409	     -0.45144925	      1.18635794	      0.05139911	     -6.13898812	    -26.23933398	      1.87579084	     -3.70891534	      0.00110966	      0.00826271	     -0.00043680	      0.00000000	      0.00000000	      0.00000000	      0.00248862	     -0.00629892	      0.00765903	      0.00000000	      0.00000000	      0.00000000	      0.00127606	     -0.00327920	     -0.01538810	    266.36020896	     -0.80442671	    -71.58568039	     99.36539717	      0.00000000	      0.00000000	      0.00000000	      0.00000000	   -269.72562019	    -12.96168170	     70.15214836	     95.92139497	      0.00000000	      0.00000000	      0.00000000	      0.00000000	     14.34640647	     -8.52913180	    -10.20367316	      3.74609033	     -5.80343429	     -3.51935893	      0.00000000	     -9.94765427	     -0.84986579	      0.00000000	     11.89373904	     -2.71227031	    -26.87599940	      6.47699510	     14.89690267	     -2.57050505	      0.00000000	      1.48248427	      8.97264521	      0.00000000
      9.10000000	     14.36647262	     -0.88045283	    183.07995902	     -0.32107068	     -0.00180519	     -0.45204400	      1.70044854	      0.28630290	     -5.62253316	    -25.35945208	      1.83828701	     -3.60643121	      0.00217960	      0.00639249	     -0.00032245	      0.00000000	      0.00000000	      0.00000000	      0.00395850	     -0.00638929	      0.00754174	      0.00000000	      0.00000000	      0.00000000	     -0.00017320	     -0.00427274	     -0.01717543	    267.09295530	     -1.23769334	    -71.12996981	    100.17702719	      0.00000000	      0.00000000	      0.00000000	      0.00000000	   -270.31158720	    -13.45366059	     69.08291297	     96.39288781	      0.00000000	      0.00000000	      0.00000000	      0.00000000	     13.58566772	     -8.15564686	    -10.07296520	      4.59035512	     -5.87818483	     -3.51915149	      0.00000000	    -10.04907574	     -0.61650318	      0.00000000	     11.15020315	     -2.89719490	    -26.96740915	      7.24827595	     14.89690267	     -2.39604736	      0.00000000	      0.62424527	      9.42781415	      0.00000000
      9.13333333	     13.59018630	     -0.78028538	    182.16754335	     -0.32313350	     -0.00180475	     -0.45284576	      1.55943892	      0.47615022	     -4.55551666	    -23.93415961	      1.67456107	     -3.54395344	      0.00296745	      0.00354208	     -0.00038663	      0.00000000	      0.00000000	      0.00000000	      0.00539217	     -0.00192666	      0.00659019	      0.00000000	      0.00000000	      0.00000000	     -0.00267514	     -0.00532304	     -0.01874808	    269.22897410	     -1.54573686	    -71.31468777	    101.69927680	      0.00000000	      0.00000000	      0.00000000	      0.00000000	   -270.67824029	    -13.47878578	     67.94363826	     96.72116153	      0.00000000	      0.00000000	      0.00000000	      0.00000000	     12.45541416	     -7.60369488	    -10.13677294	      5.40183411	     -5.58208833	     -3.67902406	      0.00000000	    -10.44185147	     -0.05001850	      0.00000000	      9.85084426	     -3.33478924	    -26.77542518	      7.64788606	     14.28912856	     -2.17912709	      0.00000000	      0.57533189	      9.69819612	      0.00000000
      9.16666667	     12.55737164	     -0.65034753	    181.20816840	     -0.32535193	     -0.00182643	     -0.45397411	      1.15504097	      0.58566034	     -3.24472264	    -22.12767777	      1.58624457	     -3.66474713	      0.00426266	     -0.00004946	     -0.00044756	      0.00000000	      0.00000000	      0.00000000	      0.00581522	      0.00461051	      0.00475142	      0.00000000	      0.00000000	      0.00000000	     -0.00458446	     -0.00714549	     -0.01938047	    272.10885694	     -2.16781210	    -71.44126491	    103.12132907	      0.00000000	      0.00000000	      0.00000000	      0.00000000	   -270.53258442	    -12.93351343	     66.53186124	     96.48974935	      0.00000000	      0.00000000	      0.00000000	      0.00000000	     11.03886956	     -6.99001234	    -10.60967166	      6.26336851	     -5.06514627	     -3.89204066	      0.00000000	    -11.10152827	      0.64194402	      0.00000000	      8.35674124	     -3.90188049	    -25.68382098	      7.70474081	     12.49835694	     -2.02065059	      0.00000000	      0.82521019	      9.75358372	      0.00000000
