Coordinates
version=1
nRows=315
nColumns=64
inDegrees=yes

Units are S.I. units (second, meters, Newtons, ...)
If the header above contains a line with 'inDegrees', this indicates whether rotational values are in degrees (yes) or radians (no).

endheader
time	pelvic_tilt	pelvic_list	pelvic_rotation	pelvic_tx	pelvic_ty	pelvic_tz	lumbar_extension	lumbar_bending	lumbar_rotation	neck_flex	neck_tilt	neck_rot	neck_tx1	neck_ty1	neck_tz1	SternumRRotZ	SternumRRotX	SternumRRotY	SternumRX	SternumRY	SternumRZ	SternumLRotZ	SternumLRotX	SternumLRotY	SternumLX	SternumLY	SternumLZ	shoulder_add_r	shoulder_flex_r	shoulder_rot_r	elbow_flexion_r	elbow_varus_valg_r	pro_sup_r	wrist_dev_r	wrist_flex_r	shoulder_add_l	shoulder_flex_l	shoulder_rot_l	elbow_flexion_l	elbow_varus_valg_l	pro_sup_l	wrist_dev_l	wrist_flex_l	hip_flexion_r	hip_adduction_r	hip_rotation_r	knee_angle_r	knee_rotation_r	knee_adduction_r	knee_tz_r	ankle_angle_r	subtalar_angle_r	mtp_angle_r	hip_flexion_l	hip_adduction_l	hip_rotation_l	knee_angle_l	knee_rotation_l	knee_adduction_l	knee_tz_l	ankle_angle_l	subtalar_angle_l	mtp_angle_l
      0.03333333	    -28.43676151	      0.98649203	   -177.95671304	      0.10370703	      0.02717472	     -0.53633122	    -29.80999070	      1.81273468	     -4.52582926	     -8.01035273	     -1.78354281	      1.68588997	     -0.02656087	      0.02822841	      0.01160343	      0.00000000	      0.00000000	      0.00000000	     -0.00445627	     -0.01648397	      0.01797742	      0.00000000	      0.00000000	      0.00000000	     -0.02566067	     -0.00697997	     -0.00069056	    -13.63469262	      6.12976086	     43.00472686	     18.00303454	      0.00000000	      0.00000000	      0.00000000	      0.00000000	     20.18908882	      2.84806049	    -77.45504592	     12.23312672	      0.00000000	      0.00000000	      0.00000000	      0.00000000	    -34.88495438	     -2.75689671	    -18.80477674	      4.52406244	      8.13487518	     -4.98473282	      0.00000000	      0.66731517	     -2.01561843	      0.00000000	    -38.53180592	     -4.07235379	    -32.34464282	      9.99994769	     14.89690267	     -4.98473282	      0.00000000	      7.51948837	     12.10908087	      0.00000000
      0.06666667	    -25.74186368	      0.43861614	   -178.05944705	      0.10378946	      0.02513642	     -0.53545941	    -26.51793634	      1.38343055	     -3.20718660	     -8.06533816	     -1.95976759	      0.44660001	     -0.02436541	      0.02781494	      0.01008468	      0.00000000	      0.00000000	      0.00000000	      0.00111539	     -0.01965473	      0.02318944	      0.00000000	      0.00000000	      0.00000000	     -0.03149221	     -0.01421322	      0.00039439	    -13.55727685	      3.25481936	     38.38050906	     20.04933151	      0.00000000	      0.00000000	      0.00000000	      0.00000000	     20.35908486	      7.01319947	    -87.38417066	     13.14060961	      0.00000000	      0.00000000	      0.00000000	      0.00000000	    -31.38995784	     -3.59116062	    -19.84755042	      3.23380631	     11.20732574	     -4.98473282	      0.00000000	      2.67465356	     -1.34799958	      0.00000000	    -35.45425037	     -3.64037353	    -33.71991724	      9.73706078	     14.89690267	     -4.98473282	      0.00000000	      8.30817191	     16.39350008	      0.00000000
      0.10000000	    -23.56117812	     -0.05295842	   -178.04604793	      0.10431866	      0.02397749	     -0.53507573	    -23.90687547	      0.86559844	     -2.61275980	     -7.82476131	     -1.71682082	      0.13256615	     -0.02214674	      0.02632170	      0.00956522	      0.00000000	      0.00000000	      0.00000000	      0.00203423	     -0.02264680	      0.02589027	      0.00000000	      0.00000000	      0.00000000	     -0.03356970	     -0.01928605	      0.00142232	    -13.68804574	      2.61933458	     39.56187941	     20.18564387	      0.00000000	      0.00000000	      0.00000000	      0.00000000	     20.71909976	      9.06694941	    -91.23260283	     14.64089984	      0.00000000	      0.00000000	      0.00000000	      0.00000000	    -28.64231856	     -4.19613537	    -20.60424532	      2.39406288	     12.88477370	     -4.98473282	      0.00000000	      4.07090443	     -1.06985932	      0.00000000	    -32.92395102	     -3.41731138	    -32.81636100	      9.22494385	     14.89690267	     -4.98473282	      0.00000000	      8.29853112	     16.36945656	      0.00000000
      0.13333333	    -22.69068157	     -0.56823373	   -177.58497549	      0.10504931	      0.02383349	     -0.53457756	    -22.90340054	      0.48506113	     -2.55870021	     -7.90230956	     -1.43656917	     -0.06864625	     -0.02213942	      0.02600106	      0.00925285	      0.00000000	      0.00000000	      0.00000000	     -0.00079484	     -0.02381824	      0.02343645	      0.00000000	      0.00000000	      0.00000000	     -0.03391350	     -0.02062370	      0.00081804	    -14.24624292	      2.98659206	     42.01098148	     19.98393316	      0.00000000	      0.00000000	      0.00000000	      0.00000000	     20.71104526	     10.54886047	    -96.00130603	     14.49987771	      0.00000000	      0.00000000	      0.00000000	      0.00000000	    -27.72721808	     -4.56189377	    -21.84935882	      2.04904521	     14.68882158	     -4.98473282	      0.00000000	      4.25241742	     -2.40116227	      0.00000000	    -31.59266012	     -3.28699666	    -32.32399720	      8.71240796	     14.89690267	     -4.98473282	      0.00000000	      8.19079468	     16.70029516	      0.00000000
      0.16666667	    -22.90907891	     -0.93630052	   -177.35624731	      0.10623200	      0.02410912	     -0.53422206	    -23.32492586	      0.23332123	     -2.65660458	     -8.27546003	     -1.43402997	      0.04171896	     -0.02491239	      0.02659633	      0.00958619	      0.00000000	      0.00000000	      0.00000000	     -0.00254823	     -0.02295548	      0.02074110	      0.00000000	      0.00000000	      0.00000000	     -0.03160446	     -0.01990683	     -0.00083091	    -14.41448104	      3.55509800	     42.49090359	     19.99987556	      0.00000000	      0.00000000	      0.00000000	      0.00000000	     20.57862890	     10.94282199	    -96.23762301	     14.47120029	      0.00000000	      0.00000000	      0.00000000	      0.00000000	    -27.92163201	     -4.91396364	    -22.06030303	      1.75039164	     14.87454485	     -4.98473282	      0.00000000	      4.23533224	     -2.90220570	      0.00000000	    -31.49747903	     -3.10193088	    -32.51724211	      8.41588887	     14.89690267	     -4.98473282	      0.00000000	      8.05790899	     17.19564555	      0.00000000
      0.20000000	    -23.59105798	     -0.88846411	   -177.50456394	      0.10627855	      0.02425207	     -0.53412856	    -24.03956502	      0.38129369	     -2.83192418	     -8.62363568	     -1.39617679	      0.55642073	     -0.02567444	      0.02741464	      0.00842160	      0.00000000	      0.00000000	      0.00000000	     -0.00226901	     -0.02046011	      0.01989512	      0.00000000	      0.00000000	      0.00000000	     -0.03000201	     -0.01877552	     -0.00158193	    -14.22342745	      4.45112037	     44.11936758	     19.17172311	      0.00000000	      0.00000000	      0.00000000	      0.00000000	     20.38893079	     10.80607548	    -94.18444893	     14.46330110	      0.00000000	      0.00000000	      0.00000000	      0.00000000	    -28.67771182	     -4.99339463	    -21.53534646	      1.78738839	     14.89690267	     -4.98473282	      0.00000000	      3.62648565	     -3.53958014	      0.00000000	    -32.30060112	     -2.85268243	    -34.83695254	      9.00207164	     14.89690267	     -4.98473282	      0.00000000	      7.62703547	     19.87972972	      0.00000000
      0.23333333	    -23.97008940	     -0.48879968	   -178.10005520	      0.10645466	      0.02449465	     -0.53503091	    -24.48777244	      0.62786524	     -2.30209105	     -9.17983878	     -1.57602442	      0.91607706	     -0.02746404	      0.02854675	      0.00821799	      0.00000000	      0.00000000	      0.00000000	     -0.00126542	     -0.01882413	      0.02053544	      0.00000000	      0.00000000	      0.00000000	     -0.02854271	     -0.01847310	     -0.00236185	    -13.71428981	      4.74712358	     43.31283666	     18.99364575	      0.00000000	      0.00000000	      0.00000000	      0.00000000	     20.16621822	     10.56885057	    -89.96679703	     14.89810146	      0.00000000	      0.00000000	      0.00000000	      0.00000000	    -28.79791886	     -4.90904268	    -20.89715975	      1.67152794	     14.68918057	     -4.98473282	      0.00000000	      3.37700132	     -2.98823413	      0.00000000	    -32.90705417	     -2.84725215	    -36.59094089	      9.41397318	     14.89690267	     -4.98473282	      0.00000000	      7.17526153	     21.48627573	      0.00000000
      0.26666667	    -24.11821439	      0.04190171	   -178.64028712	      0.10609173	      0.02499070	     -0.53698929	    -24.61542000	      0.86755257	     -1.69022501	     -9.41862310	     -1.51363867	      1.07403704	     -0.02754690	      0.02845644	      0.00812621	      0.00000000	      0.00000000	      0.00000000	     -0.00073560	     -0.01916821	      0.01989739	      0.00000000	      0.00000000	      0.00000000	     -0.02952203	     -0.01872475	     -0.00199300	    -13.49608668	      4.97766222	     43.41812558	     19.04923169	      0.00000000	      0.00000000	      0.00000000	      0.00000000	     20.32928536	     10.89639460	    -89.44933856	     15.15098240	      0.00000000	      0.00000000	      0.00000000	      0.00000000	    -28.88780046	     -4.42895891	    -20.70135613	      2.06321547	     14.82919190	     -4.98473282	      0.00000000	      2.83146050	     -2.82056451	      0.00000000	    -33.19594743	     -3.27532203	    -36.98396424	      9.19630880	     14.89690267	     -4.98473282	      0.00000000	      6.86771227	     21.46187129	      0.00000000
      0.30000000	    -24.53274337	      1.02668675	   -179.30692061	      0.10469322	      0.02555956	     -0.53905095	    -24.92793850	      1.62666888	     -0.90327916	     -9.34919248	     -1.72156249	      0.98325616	     -0.02638147	      0.02807952	      0.00723586	      0.00000000	      0.00000000	      0.00000000	      0.00062946	     -0.01891927	      0.01759368	      0.00000000	      0.00000000	      0.00000000	     -0.03091011	     -0.01925121	     -0.00132809	    -13.57830468	      5.10995925	     43.98849471	     19.04660552	      0.00000000	      0.00000000	      0.00000000	      0.00000000	     20.72395881	     11.01622887	    -89.64177002	     15.75079650	      0.00000000	      0.00000000	      0.00000000	      0.00000000	    -29.29770999	     -3.51011917	    -19.93500259	      2.42996247	     14.88249953	     -4.98473282	      0.00000000	      2.54906690	     -2.81814133	      0.00000000	    -34.13996102	     -4.00672409	    -37.15167811	      9.34076612	     14.89690267	     -4.98473282	      0.00000000	      6.47930662	     21.00331774	      0.00000000
      0.33333333	    -24.91467950	      1.92789997	   -180.01425334	      0.10310558	      0.02611070	     -0.54091120	    -25.25253974	      2.23240234	      0.03891730	     -8.97270648	     -1.94228665	      0.61845587	     -0.02477196	      0.02699914	      0.00713102	      0.00000000	      0.00000000	      0.00000000	      0.00048095	     -0.01931558	      0.01492164	      0.00000000	      0.00000000	      0.00000000	     -0.03239372	     -0.01912256	     -0.00015393	    -13.99905599	      5.15126514	     45.17791702	     19.47837006	      0.00000000	      0.00000000	      0.00000000	      0.00000000	     21.17576489	     11.33990350	    -90.58538846	     16.05264532	      0.00000000	      0.00000000	      0.00000000	      0.00000000	    -29.72312333	     -2.70809162	    -18.98954730	      2.71637328	     14.89690267	     -4.98473282	      0.00000000	      2.44936946	     -3.19475203	      0.00000000	    -35.16999573	     -4.55771835	    -37.00454887	      9.61414578	     14.89690267	     -4.98473282	      0.00000000	      6.16998985	     19.64521940	      0.00000000
      0.36666667	    -24.84773336	      2.06677238	   -180.18378076	      0.10209359	      0.02626878	     -0.54189302	    -25.10485963	      2.17544070	      0.28133888	     -8.87699508	     -1.97795347	      0.50847774	     -0.02407321	      0.02600936	      0.00885046	      0.00000000	      0.00000000	      0.00000000	      0.00044447	     -0.01982018	      0.01572788	      0.00000000	      0.00000000	      0.00000000	     -0.03344837	     -0.01795799	      0.00061091	    -13.70412330	      4.89095373	     45.42934423	     19.62414297	      0.00000000	      0.00000000	      0.00000000	      0.00000000	     21.37048120	     11.70845025	    -90.43548148	     15.82842106	      0.00000000	      0.00000000	      0.00000000	      0.00000000	    -29.76417763	     -2.47131534	    -19.01425479	      2.86993857	     14.89690267	     -4.98473282	      0.00000000	      2.68555603	     -3.37558024	      0.00000000	    -35.42172741	     -4.59474801	    -36.99188969	      9.94137700	     14.89690267	     -4.98473282	      0.00000000	      6.36208796	     19.35683566	      0.00000000
      0.40000000	    -24.64995029	      2.28524895	   -180.56338667	      0.10197183	      0.02637679	     -0.54202740	    -24.84716401	      2.27238450	      0.94569807	     -8.54528429	     -1.62962784	     -0.61994517	     -0.02211240	      0.02462445	      0.00705488	      0.00000000	      0.00000000	      0.00000000	     -0.00098759	     -0.01998260	      0.01579420	      0.00000000	      0.00000000	      0.00000000	     -0.03059104	     -0.01681708	     -0.00022127	    -14.07084115	      4.64900018	     46.86981014	     19.76806108	      0.00000000	      0.00000000	      0.00000000	      0.00000000	     21.02354411	     11.37805205	    -87.13302938	     15.88407079	      0.00000000	      0.00000000	      0.00000000	      0.00000000	    -29.29615677	     -2.45991911	    -17.99070697	      2.42854137	     14.89690267	     -4.98473282	      0.00000000	      2.69284983	     -4.71876059	      0.00000000	    -35.48042202	     -4.57395480	    -35.66354167	     10.00000028	     14.89690267	     -4.98473282	      0.00000000	      6.30817542	     15.63184210	      0.00000000
      0.43333333	    -24.29306100	      1.83959694	   -180.35705826	      0.10264764	      0.02623715	     -0.54145969	    -24.50855826	      1.87200151	      0.82860562	     -8.17683271	     -1.43578260	     -0.71140094	     -0.02073120	      0.02325499	      0.00824515	      0.00000000	      0.00000000	      0.00000000	     -0.00103226	     -0.01991100	      0.01766925	      0.00000000	      0.00000000	      0.00000000	     -0.02950181	     -0.01641268	      0.00005753	    -13.70013758	      4.42837495	     47.04462726	     19.00627202	      0.00000000	      0.00000000	      0.00000000	      0.00000000	     21.15570002	     11.51602250	    -85.95730648	     16.03999632	      0.00000000	      0.00000000	      0.00000000	      0.00000000	    -29.01205603	     -2.80777391	    -18.22619395	      2.61273722	     14.89690267	     -4.98473282	      0.00000000	      2.36238171	     -5.12783881	      0.00000000	    -34.88298238	     -4.21382613	    -35.87822077	     10.00000028	     14.89690267	     -4.98473282	      0.00000000	      6.36301903	     16.06913158	      0.00000000
      0.46666667	    -23.99729206	      1.34539271	   -179.90939666	      0.10397041	      0.02594696	     -0.54050259	    -24.34105355	      1.52850155	      0.36362480	     -8.17585126	     -1.14613580	     -0.89848765	     -0.02112028	      0.02334671	      0.00890901	      0.00000000	      0.00000000	      0.00000000	     -0.00084519	     -0.01998678	      0.01899294	      0.00000000	      0.00000000	      0.00000000	     -0.02882097	     -0.01647062	      0.00128438	    -13.38971409	      4.69501019	     47.53473293	     17.95427926	      0.00000000	      0.00000000	      0.00000000	      0.00000000	     21.55415788	     11.62862525	    -85.69777741	     16.18589284	      0.00000000	      0.00000000	      0.00000000	      0.00000000	    -28.60407321	     -3.23172438	    -18.46797983	      2.26304228	     14.89690267	     -4.98473282	      0.00000000	      2.46695276	     -5.58468528	      0.00000000	    -34.21404281	     -3.89649225	    -36.69469804	     10.00000028	     14.89690267	     -4.98473282	      0.00000000	      6.44778139	     18.27951559	      0.00000000
      0.50000000	    -23.96633495	      0.93396476	   -179.56986508	      0.10496130	      0.02578656	     -0.53948377	    -24.45782695	      1.33450903	      0.02538265	     -7.91286480	     -1.13429984	     -0.70290864	     -0.02082859	      0.02344001	      0.00981232	      0.00000000	      0.00000000	      0.00000000	     -0.00167966	     -0.01980696	      0.01884813	      0.00000000	      0.00000000	      0.00000000	     -0.02860521	     -0.01660887	      0.00188249	    -13.43295770	      5.29873701	     48.29065807	     17.10462385	      0.00000000	      0.00000000	      0.00000000	      0.00000000	     21.65620098	     12.00917276	    -87.56837132	     15.54414189	      0.00000000	      0.00000000	      0.00000000	      0.00000000	    -28.56220392	     -3.63397060	    -18.66325900	      2.05610917	     14.89690267	     -4.98473282	      0.00000000	      2.43045613	     -5.70881683	      0.00000000	    -33.81693015	     -3.54766936	    -38.43489891	     10.00000028	     14.89690267	     -4.98473282	      0.00000000	      6.29766424	     21.89216506	      0.00000000
      0.53333333	    -23.98438435	      0.91069497	   -179.45127838	      0.10548401	      0.02576139	     -0.53927971	    -24.53584360	      1.40915073	     -0.00556135	     -7.91631378	     -1.12473330	     -0.68987401	     -0.02096247	      0.02390782	      0.01066169	      0.00000000	      0.00000000	      0.00000000	     -0.00220750	     -0.02052032	      0.01723172	      0.00000000	      0.00000000	      0.00000000	     -0.02609395	     -0.01632921	      0.00227855	    -13.66744064	      5.58014916	     48.21807991	     17.05877315	      0.00000000	      0.00000000	      0.00000000	      0.00000000	     21.66040872	     11.85008690	    -87.70669185	     15.42616639	      0.00000000	      0.00000000	      0.00000000	      0.00000000	    -28.56767944	     -3.64964221	    -18.63189547	      1.97992724	     14.89422876	     -4.98473282	      0.00000000	      2.39025539	     -5.66643156	      0.00000000	    -33.75100173	     -3.51989981	    -38.46949871	     10.00000028	     14.89690267	     -4.98473282	      0.00000000	      6.15499086	     22.03357355	      0.00000000
      0.56666667	    -23.99288009	      0.89663364	   -179.45980080	      0.10535841	      0.02581439	     -0.53949003	    -24.55144810	      1.42444265	     -0.01177399	     -7.90965911	     -1.12085771	     -0.68925005	     -0.02118211	      0.02435534	      0.01109744	      0.00000000	      0.00000000	      0.00000000	     -0.00268830	     -0.02058662	      0.01742210	      0.00000000	      0.00000000	      0.00000000	     -0.02583413	     -0.01668921	      0.00203676	    -13.67660142	      5.57899118	     48.21685014	     17.05407713	      0.00000000	      0.00000000	      0.00000000	      0.00000000	     21.66072274	     11.83590215	    -87.71274143	     15.41693835	      0.00000000	      0.00000000	      0.00000000	      0.00000000	    -28.56451069	     -3.62684543	    -18.62955578	      1.97717392	     14.89690267	     -4.98473282	      0.00000000	      2.39030916	     -5.66475838	      0.00000000	    -33.73864440	     -3.49959908	    -38.46227544	     10.00000028	     14.89690267	     -4.98473282	      0.00000000	      6.15293490	     22.04306567	      0.00000000
      0.60000000	    -24.15888884	      0.93190418	   -179.36819464	      0.10484442	      0.02594992	     -0.54017935	    -24.76824737	      1.52806787	      0.17293386	     -7.74994658	     -1.13928470	     -0.42602590	     -0.02185847	      0.02446773	      0.01210060	      0.00000000	      0.00000000	      0.00000000	     -0.00630093	     -0.02097090	      0.01675407	      0.00000000	      0.00000000	      0.00000000	     -0.02417987	     -0.01587638	      0.00039018	    -13.90472753	      5.70490061	     48.20133335	     16.88898843	      0.00000000	      0.00000000	      0.00000000	      0.00000000	     21.30073137	     11.64033052	    -87.93060634	     15.08893599	      0.00000000	      0.00000000	      0.00000000	      0.00000000	    -28.77082489	     -3.44020769	    -18.66891639	      2.02028463	     14.89690267	     -4.98473282	      0.00000000	      2.35484825	     -5.69922517	      0.00000000	    -33.95904524	     -3.74434560	    -38.14117437	     10.00000028	     14.89690267	     -4.98473282	      0.00000000	      6.23410897	     22.36936184	      0.00000000
      0.63333333	    -24.15166507	      0.96219620	   -179.48954241	      0.10416325	      0.02599359	     -0.54097742	    -24.80151817	      1.47490019	      0.12423925	     -7.74911285	     -1.13065786	     -0.42184885	     -0.02290907	      0.02448137	      0.01274092	      0.00000000	      0.00000000	      0.00000000	     -0.00699939	     -0.02183360	      0.01642489	      0.00000000	      0.00000000	      0.00000000	     -0.02623579	     -0.01520256	     -0.00022421	    -14.03339137	      5.72133277	     48.17474516	     16.83813332	      0.00000000	      0.00000000	      0.00000000	      0.00000000	     21.34628815	     11.38000686	    -88.03888732	     15.04013089	      0.00000000	      0.00000000	      0.00000000	      0.00000000	    -28.77278636	     -3.35122071	    -18.63144541	      2.08828589	     14.89690267	     -4.98473282	      0.00000000	      2.33843121	     -5.69042304	      0.00000000	    -34.04257952	     -3.85052118	    -38.12959289	      9.99923442	     14.89690267	     -4.98473282	      0.00000000	      6.27474246	     22.33743617	      0.00000000
      0.66666667	    -24.16566730	      1.32771431	   -179.72737342	      0.10224207	      0.02555881	     -0.54172952	    -24.56032322	      1.79814294	      0.39672899	     -8.08463723	     -0.99247338	     -0.37548091	     -0.02258010	      0.02512636	      0.01214374	      0.00000000	      0.00000000	      0.00000000	     -0.00640187	     -0.02164541	      0.01626563	      0.00000000	      0.00000000	      0.00000000	     -0.02695362	     -0.01439970	     -0.00024496	    -14.13882057	      5.42285212	     48.18072182	     16.90547287	      0.00000000	      0.00000000	      0.00000000	      0.00000000	     21.35774379	     10.85753298	    -88.67878279	     15.16198152	      0.00000000	      0.00000000	      0.00000000	      0.00000000	    -29.09236546	     -3.03717180	    -18.04313098	      2.59161985	     14.89690267	     -4.98473282	      0.00000000	      2.22272984	     -5.52827152	      0.00000000	    -34.36151033	     -4.20932364	    -37.91447775	      9.97795758	     14.89690267	     -4.98473282	      0.00000000	      6.71804853	     21.75441507	      0.00000000
      0.70000000	    -23.87666362	      1.53730824	   -180.03757801	      0.10200268	      0.02539563	     -0.54226511	    -24.35356605	      1.97784496	      1.00110051	     -8.55866233	     -0.83596731	     -1.47916623	     -0.02546838	      0.02572375	      0.00941857	      0.00000000	      0.00000000	      0.00000000	     -0.00680614	     -0.02189928	      0.01472465	      0.00000000	      0.00000000	      0.00000000	     -0.02903073	     -0.01485600	     -0.00187331	    -14.38781170	      4.87042355	     46.27425762	     17.93947219	      0.00000000	      0.00000000	      0.00000000	      0.00000000	     21.07401022	     11.27820133	    -90.45029207	     15.05304770	      0.00000000	      0.00000000	      0.00000000	      0.00000000	    -28.71961146	     -2.99878791	    -17.22863110	      2.52035542	     14.89690267	     -4.98473282	      0.00000000	      2.06079880	     -6.52316827	      0.00000000	    -34.10271256	     -4.63644808	    -34.72420573	      9.10371641	     14.89690267	     -4.98473282	      0.00000000	      6.78436918	     16.49680113	      0.00000000
      0.73333333	    -23.82058728	      1.64100641	   -180.29259332	      0.10134785	      0.02518364	     -0.54214250	    -24.29568303	      2.05430421	      0.98368511	     -8.58206900	     -0.83575048	     -1.51176636	     -0.02597575	      0.02566189	      0.00873845	      0.00000000	      0.00000000	      0.00000000	     -0.00686719	     -0.02100025	      0.01496186	      0.00000000	      0.00000000	      0.00000000	     -0.03099652	     -0.01519061	     -0.00268934	    -14.22079351	      4.99652878	     46.22868985	     18.05371527	      0.00000000	      0.00000000	      0.00000000	      0.00000000	     20.89802758	     11.26280400	    -90.41042728	     15.15136287	      0.00000000	      0.00000000	      0.00000000	      0.00000000	    -28.74027063	     -3.01903239	    -17.20633858	      2.71573922	     14.89690267	     -4.98473282	      0.00000000	      2.09913937	     -6.50742845	      0.00000000	    -34.19635892	     -4.60779491	    -34.49810373	      9.13189447	     14.89690267	     -4.98473282	      0.00000000	      6.88219194	     16.52100029	      0.00000000
      0.76666667	    -24.10856275	      1.63901452	   -180.22550288	      0.10106521	      0.02519253	     -0.54170041	    -24.69917153	      2.18011248	      0.95659090	     -8.54993048	     -0.81505052	     -2.20401717	     -0.02701575	      0.02587951	      0.00678089	      0.00000000	      0.00000000	      0.00000000	     -0.00693939	     -0.01916955	      0.01575284	      0.00000000	      0.00000000	      0.00000000	     -0.02871526	     -0.01464635	     -0.00434495	    -13.64893969	      4.66414320	     42.79144024	     18.38737790	      0.00000000	      0.00000000	      0.00000000	      0.00000000	     20.39061572	     10.68972470	    -87.58259444	     15.17877867	      0.00000000	      0.00000000	      0.00000000	      0.00000000	    -29.29973256	     -2.99323971	    -17.99507129	      3.22206984	     14.89690267	     -4.98473282	      0.00000000	      2.21217645	     -4.76428468	      0.00000000	    -34.53626342	     -4.73714551	    -31.93945597	      8.78653654	     14.89690267	     -4.98473282	      0.00000000	      6.86456750	     13.40747043	      0.00000000
      0.80000000	    -24.06435359	      1.64553528	   -180.27313092	      0.10150045	      0.02549953	     -0.54128109	    -24.77016982	      2.25034487	      0.83209353	     -8.51159251	     -0.88849472	     -2.22353290	     -0.02725524	      0.02547992	      0.00601073	      0.00000000	      0.00000000	      0.00000000	     -0.00708762	     -0.01859875	      0.01643341	      0.00000000	      0.00000000	      0.00000000	     -0.02852646	     -0.01497021	     -0.00430965	    -13.67118758	      4.92033269	     42.70687492	     18.50667325	      0.00000000	      0.00000000	      0.00000000	      0.00000000	     20.39974869	     10.61366759	    -87.63977214	     15.20673936	      0.00000000	      0.00000000	      0.00000000	      0.00000000	    -29.26261678	     -3.00113808	    -18.00837917	      3.29241983	     14.89690267	     -4.98473282	      0.00000000	      2.04394002	     -4.63424321	      0.00000000	    -34.48972599	     -4.61230827	    -31.79772778	      8.86131777	     14.89690267	     -4.98473282	      0.00000000	      6.89308051	     13.46587788	      0.00000000
      0.83333333	    -24.08765660	      1.34457069	   -179.65244862	      0.10216589	      0.02579394	     -0.54083624	    -24.95355045	      2.22321429	     -0.02881787	     -8.21847788	     -1.29031926	     -1.64141379	     -0.02690920	      0.02486127	      0.00756525	      0.00000000	      0.00000000	      0.00000000	     -0.00552530	     -0.01868997	      0.01837737	      0.00000000	      0.00000000	      0.00000000	     -0.03013883	     -0.01499963	     -0.00302323	    -13.34873079	      4.97274513	     41.70644096	     18.54516667	      0.00000000	      0.00000000	      0.00000000	      0.00000000	     20.69812294	     10.87941224	    -89.32720060	     15.04218644	      0.00000000	      0.00000000	      0.00000000	      0.00000000	    -29.52370177	     -2.94247177	    -19.62191757	      3.68703386	     14.89690267	     -4.98473282	      0.00000000	      1.99715304	     -2.93246213	      0.00000000	    -34.20744784	     -4.53338162	    -32.45684389	      8.91072248	     14.89690267	     -4.98473282	      0.00000000	      7.05356414	     15.19763559	      0.00000000
      0.86666667	    -23.49124629	      1.18915604	   -179.30506614	      0.10309961	      0.02600234	     -0.54078256	    -24.40206782	      2.21401041	     -0.50366241	     -8.20925647	     -1.24149827	     -1.55444636	     -0.02602585	      0.02405092	      0.00705795	      0.00000000	      0.00000000	      0.00000000	     -0.00419159	     -0.02017587	      0.01988540	      0.00000000	      0.00000000	      0.00000000	     -0.03074961	     -0.01494077	     -0.00274557	    -13.24291317	      5.06800237	     42.44190274	     18.22312965	      0.00000000	      0.00000000	      0.00000000	      0.00000000	     20.52371226	     10.87499295	    -90.85194296	     14.41298633	      0.00000000	      0.00000000	      0.00000000	      0.00000000	    -28.77444271	     -2.95648638	    -20.15366700	      3.39059732	     14.89690267	     -4.98473282	      0.00000000	      2.28454763	     -2.64751028	      0.00000000	    -33.37134076	     -4.43985216	    -34.32972655	      9.22100078	     14.89690267	     -4.98473282	      0.00000000	      6.92421888	     17.90788405	      0.00000000
      0.90000000	    -23.02421686	      1.12592183	   -179.01703901	      0.10364238	      0.02603871	     -0.54088733	    -23.96176618	      2.24348565	     -0.86380259	     -8.48573725	     -1.14887895	     -1.44291776	     -0.02602486	      0.02397985	      0.00703640	      0.00000000	      0.00000000	      0.00000000	     -0.00336335	     -0.02158479	      0.01962289	      0.00000000	      0.00000000	      0.00000000	     -0.03182875	     -0.01494281	     -0.00271420	    -13.42164767	      5.12796155	     44.31368778	     17.81654912	      0.00000000	      0.00000000	      0.00000000	      0.00000000	     20.35694531	     10.91120232	    -91.79450727	     13.88053307	      0.00000000	      0.00000000	      0.00000000	      0.00000000	    -28.17517786	     -2.93817040	    -20.01371503	      3.03479412	     14.89690267	     -4.98473282	      0.00000000	      2.58256299	     -3.09905097	      0.00000000	    -32.76149763	     -4.46362211	    -36.11276102	      9.56773806	     14.89690267	     -4.98473282	      0.00000000	      6.67136023	     20.37972480	      0.00000000
      0.93333333	    -23.00631567	      1.05951976	   -178.78590866	      0.10393944	      0.02602291	     -0.54101680	    -24.01036958	      2.22174703	     -0.87084158	     -8.51616382	     -1.13619151	     -1.46640139	     -0.02606592	      0.02412940	      0.00838489	      0.00000000	      0.00000000	      0.00000000	     -0.00431272	     -0.02191244	      0.01846725	      0.00000000	      0.00000000	      0.00000000	     -0.03142784	     -0.01454760	     -0.00310780	    -13.53755841	      4.99009289	     44.38195815	     17.69080453	      0.00000000	      0.00000000	      0.00000000	      0.00000000	     20.38199271	     11.02796618	    -91.76523756	     13.87581675	      0.00000000	      0.00000000	      0.00000000	      0.00000000	    -28.16695120	     -2.90692270	    -19.94190054	      2.99108445	     14.89690267	     -4.98473282	      0.00000000	      2.67021769	     -3.10078270	      0.00000000	    -32.67468692	     -4.55357289	    -36.22623233	      9.57337772	     14.89690267	     -4.98473282	      0.00000000	      6.55069463	     20.36807032	      0.00000000
      0.96666667	    -22.88988359	      0.88171281	   -178.68574080	      0.10427190	      0.02594109	     -0.54034433	    -23.99848636	      2.15863938	     -0.88593336	     -8.62217620	     -1.15716725	     -1.65203621	     -0.02741808	      0.02434710	      0.00869701	      0.00000000	      0.00000000	      0.00000000	     -0.00637059	     -0.02091480	      0.01657653	      0.00000000	      0.00000000	      0.00000000	     -0.03156515	     -0.01469223	     -0.00446864	    -13.91298778	      5.13534044	     44.50485934	     17.59531180	      0.00000000	      0.00000000	      0.00000000	      0.00000000	     20.39650319	     11.29033282	    -91.64998720	     14.10556002	      0.00000000	      0.00000000	      0.00000000	      0.00000000	    -28.06085301	     -3.11215790	    -19.92887212	      2.94656481	     14.89292385	     -4.98473282	      0.00000000	      2.76363919	     -3.13904338	      0.00000000	    -32.54340012	     -4.30433237	    -36.09594912	      9.68030626	     14.89690267	     -4.98473282	      0.00000000	      6.40717375	     20.43225960	      0.00000000
      1.00000000	    -22.74572093	      0.51405312	   -178.79004163	      0.10505031	      0.02580586	     -0.53918340	    -23.94713106	      1.85922244	     -0.84414818	     -8.54129104	     -1.47331101	     -2.35447981	     -0.02820633	      0.02412496	      0.00891056	      0.00000000	      0.00000000	      0.00000000	     -0.00696736	     -0.01955472	      0.01642365	      0.00000000	      0.00000000	      0.00000000	     -0.03091329	     -0.01502076	     -0.00531283	    -14.19951257	      5.32490287	     44.41700898	     17.81021767	      0.00000000	      0.00000000	      0.00000000	      0.00000000	     20.69236819	     11.31363617	    -91.23822206	     15.01704200	      0.00000000	      0.00000000	      0.00000000	      0.00000000	    -27.79956216	     -3.63669518	    -20.07995669	      2.74481755	     14.86413996	     -4.98473282	      0.00000000	      3.00458315	     -3.15356977	      0.00000000	    -32.35187793	     -3.66995993	    -35.84024790	      9.77826474	     14.89690267	     -4.98473282	      0.00000000	      5.98874465	     20.28002051	      0.00000000
      1.03333333	    -22.66418347	      0.43176092	   -178.83810808	      0.10598547	      0.02551664	     -0.53801345	    -23.99624628	      1.86526042	     -0.68441957	     -8.02712109	     -1.80233894	     -2.78478692	     -0.02806872	      0.02349761	      0.00936672	      0.00000000	      0.00000000	      0.00000000	     -0.00576245	     -0.01868523	      0.01802658	      0.00000000	      0.00000000	      0.00000000	     -0.02885259	     -0.01544781	     -0.00421709	    -14.26476942	      5.09329874	     42.84318510	     18.57346447	      0.00000000	      0.00000000	      0.00000000	      0.00000000	     21.12961380	     11.01568420	    -90.39208527	     16.01678309	      0.00000000	      0.00000000	      0.00000000	      0.00000000	    -27.46964842	     -3.92105682	    -20.19568786	      2.26737691	     14.48561807	     -4.98473282	      0.00000000	      3.35309888	     -2.72880926	      0.00000000	    -32.21790578	     -3.34550027	    -35.58936481	      9.87427497	     14.89690267	     -4.98473282	      0.00000000	      6.00988624	     20.02673456	      0.00000000
      1.06666667	    -22.71262068	      0.46428032	   -178.78450206	      0.10654967	      0.02539911	     -0.53715741	    -24.12363997	      2.01218036	     -0.61076780	     -7.99999015	     -1.79926328	     -2.72048645	     -0.02853740	      0.02381842	      0.00880373	      0.00000000	      0.00000000	      0.00000000	     -0.00386895	     -0.01851948	      0.02011292	      0.00000000	      0.00000000	      0.00000000	     -0.02677142	     -0.01510400	     -0.00474525	    -14.12659563	      4.95593640	     42.80356631	     18.66088067	      0.00000000	      0.00000000	      0.00000000	      0.00000000	     20.95831738	     10.83193919	    -90.45864932	     16.07032391	      0.00000000	      0.00000000	      0.00000000	      0.00000000	    -27.43088090	     -3.98316330	    -20.34703293	      2.03611898	     14.28104827	     -4.98473282	      0.00000000	      3.29539293	     -2.75091362	      0.00000000	    -32.17806558	     -3.26377289	    -35.62175504	      9.90062687	     14.89690267	     -4.98473282	      0.00000000	      6.14542367	     19.99305947	      0.00000000
      1.10000000	    -22.83273165	      0.76710557	   -178.75225247	      0.10648667	      0.02557103	     -0.53716225	    -24.26896660	      2.31873651	     -0.53194201	     -7.94636070	     -1.81833964	     -2.39943599	     -0.02772035	      0.02382562	      0.00845957	      0.00000000	      0.00000000	      0.00000000	     -0.00109468	     -0.01881441	      0.02065714	      0.00000000	      0.00000000	      0.00000000	     -0.02551326	     -0.01475364	     -0.00414386	    -14.02592804	      4.51435886	     42.78197434	     18.84220632	      0.00000000	      0.00000000	      0.00000000	      0.00000000	     20.79343303	     10.71717848	    -90.64971761	     15.70713839	      0.00000000	      0.00000000	      0.00000000	      0.00000000	    -27.40210107	     -3.74182464	    -20.28092957	      1.65185395	     14.15937501	     -4.98473282	      0.00000000	      3.52190290	     -2.62807620	      0.00000000	    -32.31566712	     -3.56330041	    -35.77038755	      9.92470950	     14.89690267	     -4.98473282	      0.00000000	      6.49136286	     19.73323480	      0.00000000
      1.13333333	    -22.99085223	      1.21901803	   -178.97877653	      0.10583511	      0.02607118	     -0.53799813	    -24.48153033	      2.57865274	     -0.04290329	     -8.23240105	     -1.76369065	     -1.59997712	     -0.02720146	      0.02455559	      0.00916533	      0.00000000	      0.00000000	      0.00000000	     -0.00123535	     -0.01890378	      0.01932030	      0.00000000	      0.00000000	      0.00000000	     -0.02590792	     -0.01426092	     -0.00423995	    -14.10781527	      4.30193148	     42.89485918	     18.93862957	      0.00000000	      0.00000000	      0.00000000	      0.00000000	     20.39322601	     10.94590695	    -90.73700818	     15.02881495	      0.00000000	      0.00000000	      0.00000000	      0.00000000	    -27.48954424	     -3.37356659	    -19.89000744	      1.57597263	     14.37721573	     -4.98473282	      0.00000000	      3.34540594	     -2.23961643	      0.00000000	    -32.68653982	     -3.94510885	    -35.90009207	      9.98118323	     14.89690267	     -4.98473282	      0.00000000	      6.60774427	     18.79593024	      0.00000000
      1.16666667	    -23.23429242	      1.43108876	   -179.20396801	      0.10474354	      0.02685704	     -0.53913765	    -24.75872623	      2.47489335	      0.34957586	     -8.68395421	     -1.87346986	     -1.14065496	     -0.02599181	      0.02523270	      0.01119766	      0.00000000	      0.00000000	      0.00000000	     -0.00174145	     -0.01848382	      0.01871149	      0.00000000	      0.00000000	      0.00000000	     -0.02758814	     -0.01384165	     -0.00414137	    -13.86567184	      4.27202453	     42.86312060	     18.62909325	      0.00000000	      0.00000000	      0.00000000	      0.00000000	     20.18942724	     11.20416999	    -90.09690019	     14.61243847	      0.00000000	      0.00000000	      0.00000000	      0.00000000	    -27.76186438	     -3.11712725	    -19.73104155	      1.73862603	     14.64844913	     -4.98473282	      0.00000000	      2.84915813	     -2.22649356	      0.00000000	    -33.19820939	     -4.13531283	    -35.67293182	     10.00000028	     14.89690267	     -4.98473282	      0.00000000	      6.18335099	     17.68878596	      0.00000000
      1.20000000	    -23.85740507	      1.56325942	   -179.06008427	      0.10370880	      0.02763917	     -0.53999789	    -25.51548252	      2.51759316	      0.25120640	     -8.97968033	     -2.08298593	     -0.87512529	     -0.02418789	      0.02641007	      0.01275693	      0.00000000	      0.00000000	      0.00000000	     -0.00170451	     -0.01698919	      0.02070697	      0.00000000	      0.00000000	      0.00000000	     -0.02800727	     -0.01307281	     -0.00476514	    -13.13084315	      4.43733185	     41.75212328	     18.17655183	      0.00000000	      0.00000000	      0.00000000	      0.00000000	     20.01923164	     10.91011478	    -87.22454464	     14.75704038	      0.00000000	      0.00000000	      0.00000000	      0.00000000	    -28.59441763	     -2.75641322	    -19.62799883	      2.11768241	     14.89690267	     -4.98473282	      0.00000000	      1.94119374	     -3.32478019	      0.00000000	    -33.83731340	     -4.66777783	    -34.11955854	      9.31734916	     14.89690267	     -4.98473282	      0.00000000	      5.95289321	     15.62013073	      0.00000000
      1.23333333	    -23.85023665	      1.64397590	   -179.10106159	      0.10386340	      0.02825862	     -0.54027142	    -25.79227102	      2.40015025	      0.48961771	     -9.09494969	     -2.17598221	     -0.90766053	     -0.02291487	      0.02698225	      0.01562574	      0.00000000	      0.00000000	      0.00000000	     -0.00268794	     -0.01738790	      0.02257454	      0.00000000	      0.00000000	      0.00000000	     -0.02845938	     -0.01294199	     -0.00351463	    -13.02138823	      4.63076412	     41.63018825	     18.60011792	      0.00000000	      0.00000000	      0.00000000	      0.00000000	     20.18673168	     11.17304178	    -86.92108377	     14.78014660	      0.00000000	      0.00000000	      0.00000000	      0.00000000	    -28.40078116	     -2.67351217	    -19.97291947	      2.00088850	     14.89690267	     -4.98473282	      0.00000000	      1.73840623	     -3.64634243	      0.00000000	    -33.55758100	     -4.97237389	    -34.03544458	      8.57709610	     14.89690267	     -4.98473282	      0.00000000	      6.03377616	     15.56467127	      0.00000000
      1.26666667	    -23.53272720	      1.65201471	   -178.58149487	      0.10526801	      0.02885033	     -0.53989331	    -25.93381425	      2.58944682	      0.05000592	     -8.86713444	     -2.34685865	     -0.96926569	     -0.02190086	      0.02716077	      0.01723818	      0.00000000	      0.00000000	      0.00000000	     -0.00274160	     -0.01873554	      0.02299661	      0.00000000	      0.00000000	      0.00000000	     -0.02705527	     -0.01363050	     -0.00210927	    -13.25736444	      4.88578380	     40.51605968	     20.14648466	      0.00000000	      0.00000000	      0.00000000	      0.00000000	     20.71520848	     11.40025799	    -86.74713589	     15.54545400	      0.00000000	      0.00000000	      0.00000000	      0.00000000	    -27.86041775	     -2.45349368	    -20.47859565	      1.68813489	     14.89690267	     -4.98473282	      0.00000000	      1.32263673	     -5.07919053	      0.00000000	    -32.26016123	     -5.79722574	    -32.67674056	      6.64442475	     14.89690267	     -4.98473282	      0.00000000	      7.23784982	     14.52828499	      0.00000000
      1.30000000	    -23.44891492	      1.33891975	   -178.30328404	      0.10767898	      0.02959534	     -0.53826442	    -26.67429121	      2.49669631	     -0.24761962	     -8.37779423	     -2.39213301	     -0.89144548	     -0.02283239	      0.02753093	      0.01847353	      0.00000000	      0.00000000	      0.00000000	     -0.00487556	     -0.01892256	      0.02231732	      0.00000000	      0.00000000	      0.00000000	     -0.02675226	     -0.01442900	     -0.00020182	    -13.89244067	      6.14250516	     40.45754370	     21.70086174	      0.00000000	      0.00000000	      0.00000000	      0.00000000	     21.54075588	     12.45775105	    -87.67278338	     16.55785196	      0.00000000	      0.00000000	      0.00000000	      0.00000000	    -27.10362678	     -2.92168313	    -20.69096864	      0.38622782	     14.89690267	     -4.98473282	      0.00000000	      1.66810868	     -6.00816167	      0.00000000	    -30.97392882	     -6.05095666	    -31.80232181	      4.52311118	     14.89690267	     -4.98473282	      0.00000000	      8.06418520	     13.39314179	      0.00000000
      1.33333333	    -23.26426783	      0.56705369	   -178.10175423	      0.11163609	      0.03092416	     -0.53582376	    -27.77828076	      1.95091079	     -0.66478050	     -7.46036941	     -2.08775557	     -0.76440005	     -0.02589520	      0.02694888	      0.01869910	      0.00000000	      0.00000000	      0.00000000	     -0.00680756	     -0.01753300	      0.02067661	      0.00000000	      0.00000000	      0.00000000	     -0.02887202	     -0.01534070	      0.00246710	    -15.11738537	      7.85813768	     41.25524381	     24.31261189	      0.00000000	      0.00000000	      0.00000000	      0.00000000	     23.05001625	     14.33703660	    -88.09939952	     18.38841402	      0.00000000	      0.00000000	      0.00000000	      0.00000000	    -25.77586634	     -4.04659090	    -19.90359671	     -1.85025546	     14.22811170	     -4.98473282	      0.00000000	      2.09610603	     -7.34297441	      0.00000000	    -29.31628229	     -5.78052893	    -30.21308123	      2.06603426	     14.89690267	     -4.98473282	      0.00000000	      8.45169409	     11.37596785	      0.00000000
      1.36666667	    -22.83980685	     -0.33836781	   -178.12452432	      0.11792985	      0.03274201	     -0.53321582	    -29.12672604	      1.21546537	     -1.03550392	     -6.90794255	     -1.81598403	     -0.70492900	     -0.03218893	      0.02619372	      0.01814137	      0.00000000	      0.00000000	      0.00000000	     -0.00797212	     -0.01404117	      0.01890447	      0.00000000	      0.00000000	      0.00000000	     -0.02950928	     -0.01464257	      0.00319132	    -16.94935089	      9.94217219	     42.46074138	     28.12519633	      0.00000000	      0.00000000	      0.00000000	      0.00000000	     24.76213534	     15.71481061	    -83.10891111	     21.72600300	      0.00000000	      0.00000000	      0.00000000	      0.00000000	    -23.23007048	     -5.48230501	    -14.57038487	     -5.70331328	     10.30819406	     -4.98473282	      0.00000000	      2.66334796	     -9.94996306	      0.00000000	    -26.73711935	     -5.46020712	    -26.12869457	     -1.87867481	     14.89690267	     -4.98473282	      0.00000000	      8.98182157	      5.49024739	      0.00000000
      1.40000000	    -22.40208915	     -1.20725308	   -178.40253183	      0.12568379	      0.03463290	     -0.53144504	    -31.02094976	      0.26651359	     -1.15422273	     -5.20035159	     -1.32104478	     -0.89586154	     -0.03804155	      0.02234913	      0.01694619	      0.00000000	      0.00000000	      0.00000000	     -0.00831356	     -0.01124202	      0.01795500	      0.00000000	      0.00000000	      0.00000000	     -0.02778156	     -0.01254485	      0.00418035	    -19.10507691	     11.91543714	     42.21817986	     33.66340302	      0.00000000	      0.00000000	      0.00000000	      0.00000000	     27.18485556	     16.55652954	    -74.84122716	     27.28315311	      0.00000000	      0.00000000	      0.00000000	      0.00000000	    -19.90978437	     -6.84800643	     -9.43789383	    -10.51079014	      5.33122537	     -4.98473282	      0.00000000	      4.60879923	    -10.26155078	      0.00000000	    -23.77029585	     -5.17876434	    -23.48411025	     -6.25777297	     14.89690267	     -4.98473282	      0.00000000	     10.27769682	      1.61518483	      0.00000000
      1.43333333	    -19.70027796	     -1.77439058	   -177.89993268	      0.13871929	      0.03506831	     -0.53107822	    -31.40569869	     -0.28272186	     -1.85816628	     -1.90620298	     -1.08467379	     -0.69691182	     -0.04284275	      0.01361510	      0.01796280	      0.00000000	      0.00000000	      0.00000000	     -0.01066423	     -0.01254143	      0.02038496	      0.00000000	      0.00000000	      0.00000000	     -0.02426602	     -0.01069052	      0.00317471	    -20.62980081	     15.27338463	     41.83649192	     38.19916188	      0.00000000	      0.00000000	      0.00000000	      0.00000000	     29.57952262	     17.40647195	    -65.80538797	     34.02587063	      0.00000000	      0.00000000	      0.00000000	      0.00000000	    -13.09618109	     -7.59942498	     -4.34916183	    -16.85487302	     -2.84634509	     -4.98473282	      0.00000000	      8.00747678	     -6.28854304	      0.00000000	    -16.06633339	     -5.60020080	    -15.40967248	    -14.45616083	     12.55301739	     -4.98473282	      0.00000000	     13.15312783	     -3.92910012	      0.00000000
      1.46666667	    -13.54731944	     -2.06894976	   -174.81093639	      0.15463752	      0.03109118	     -0.52865191	    -28.03994489	      0.80181436	     -4.61480289	      0.35322390	     -1.37658436	     -1.20164907	     -0.04688187	      0.00545433	      0.01572450	      0.00000000	      0.00000000	      0.00000000	     -0.00855588	     -0.01500365	      0.02107057	      0.00000000	      0.00000000	      0.00000000	     -0.01861189	     -0.01415134	      0.00157860	    -22.68997147	     18.06011483	     41.39806621	     42.73239316	      0.00000000	      0.00000000	      0.00000000	      0.00000000	     31.90430693	     18.85255779	    -59.57791073	     41.21355710	      0.00000000	      0.00000000	      0.00000000	      0.00000000	     -2.81058527	     -9.44841936	     -8.49656833	    -23.83091990	     -6.54024049	     -4.98473282	      0.00000000	     11.94745845	     -0.92139870	      0.00000000	     -2.30481034	     -5.04701795	     -3.56122355	    -25.26941574	      2.99809119	     -4.98473282	      0.00000000	     18.53548568	      0.92789579	      0.00000000
      1.50000000	     -9.52007640	     -1.57706839	   -175.07482633	      0.16591727	      0.02356839	     -0.53091479	    -26.53351100	      0.70690095	     -3.85843432	      2.12436966	     -1.54970493	     -1.66153471	     -0.04948332	     -0.00013551	      0.01540358	      0.00000000	      0.00000000	      0.00000000	     -0.00643363	     -0.01708118	      0.02382945	      0.00000000	      0.00000000	      0.00000000	     -0.01230193	     -0.01641953	      0.00062319	    -24.22118357	     21.08877367	     40.85986207	     46.81047828	      0.00000000	      0.00000000	      0.00000000	      0.00000000	     34.47222790	     21.57540272	    -55.24931921	     47.19759663	      0.00000000	      0.00000000	      0.00000000	      0.00000000	      6.00952582	    -10.91847277	     -9.94624340	    -30.89249888	     -6.99131868	     -4.98473282	      0.00000000	     13.58067968	     -1.79072744	      0.00000000	      6.46766905	     -6.65637483	     -5.91695385	    -32.87120774	      3.75343199	     -4.98473282	      0.00000000	     21.85128336	      5.97220685	      0.00000000
      1.53333333	      1.27405851	     -0.27792271	   -174.06094888	      0.18226497	      0.00779415	     -0.53345732	    -17.09333940	      1.65995791	     -4.20642828	      4.28108272	     -2.32237743	     -1.75491795	     -0.04299688	     -0.00656507	      0.01225335	      0.00000000	      0.00000000	      0.00000000	     -0.00522108	     -0.01670211	      0.02378458	      0.00000000	      0.00000000	      0.00000000	     -0.01194437	     -0.02416659	     -0.00348777	    -25.91738676	     24.06115952	     39.85499266	     50.30417703	      0.00000000	      0.00000000	      0.00000000	      0.00000000	     37.07313414	     26.34499037	    -53.92360092	     50.92126098	      0.00000000	      0.00000000	      0.00000000	      0.00000000	     23.19279840	    -12.78221707	    -11.40927718	    -39.88580777	     -5.98680069	     -4.98473282	      0.00000000	     12.66023897	     -5.90481954	      0.00000000	     24.85865007	     -8.54147111	     -6.49223933	    -43.85216180	      5.64472177	     -4.98473282	      0.00000000	     23.52964644	      8.97480022	      0.00000000
      1.56666667	      2.11038264	     -0.22098829	   -173.72608208	      0.18902050	     -0.00691654	     -0.53852716	    -18.54559386	      1.47390333	     -3.85597876	      7.49779904	     -2.34382565	     -1.89499482	     -0.03584122	     -0.01101947	      0.01228816	      0.00000000	      0.00000000	      0.00000000	     -0.00660574	     -0.01694957	      0.02390612	      0.00000000	      0.00000000	      0.00000000	     -0.00761543	     -0.02584243	     -0.00465429	    -27.99632445	     28.20272906	     36.37491743	     54.40957998	      0.00000000	      0.00000000	      0.00000000	      0.00000000	     41.05313199	     30.44452963	    -49.51825258	     55.60528674	      0.00000000	      0.00000000	      0.00000000	      0.00000000	     27.41364531	    -14.70000080	    -13.45869250	    -45.09442576	     -5.50015354	     -4.98473282	      0.00000000	     12.48627930	     -6.38106142	      0.00000000	     29.82481120	    -11.42374682	     -9.73554226	    -51.03985848	      9.46877836	     -4.76496799	      0.00000000	     23.83969193	     11.39480715	      0.00000000
      1.60000000	      8.57892315	      0.49637226	   -173.62609086	      0.19918300	     -0.02816140	     -0.54437645	    -13.08911763	      1.21702081	     -3.39016546	      8.23079482	     -2.05346484	     -1.60410539	     -0.02865352	     -0.01276193	      0.01278924	      0.00000000	      0.00000000	      0.00000000	     -0.00704842	     -0.01757676	      0.02189514	      0.00000000	      0.00000000	      0.00000000	     -0.00181520	     -0.02582613	     -0.00482057	    -30.20286665	     31.52251323	     31.88879484	     57.95963761	      0.00000000	      0.00000000	      0.00000000	      0.00000000	     44.47201277	     31.63760956	    -43.52525916	     61.58969995	      0.00000000	      0.00000000	      0.00000000	      0.00000000	     38.89238192	    -16.56290924	    -11.73453582	    -52.23400782	     -3.89404999	     -2.68105829	      0.00000000	     12.07547920	     -9.81549508	      0.00000000	     41.88264289	    -14.70631838	    -10.21499400	    -59.09011948	     12.71848139	     -2.85732857	      0.00000000	     23.44636659	     10.28286654	      0.00000000
      1.63333333	      9.28153464	      0.56669363	   -173.26969113	      0.20600759	     -0.04790114	     -0.54929282	    -14.53654456	      1.00845886	     -3.24335219	     10.88829036	     -1.58051360	     -2.24878749	     -0.02130315	     -0.01599539	      0.01250021	      0.00000000	      0.00000000	      0.00000000	     -0.00672382	     -0.01974154	      0.01712357	      0.00000000	      0.00000000	      0.00000000	      0.00370941	     -0.02239136	     -0.00301509	    -34.20194047	     35.25865726	     26.32510962	     62.31044838	      0.00000000	      0.00000000	      0.00000000	      0.00000000	     48.19263622	     32.31843659	    -35.47659982	     67.91807995	      0.00000000	      0.00000000	      0.00000000	      0.00000000	     43.22327890	    -18.30039612	    -10.90067226	    -58.05203852	     -3.13553298	     -0.97486121	      0.00000000	     13.04745519	     -9.76436055	      0.00000000	     46.66275830	    -17.34201148	     -9.60564451	    -64.63001737	     13.68356121	     -0.70191242	      0.00000000	     23.77050089	     10.84317560	      0.00000000
      1.66666667	     11.21855785	      0.84328987	   -172.84588020	      0.21308060	     -0.06998335	     -0.55286152	    -14.36172715	      1.00488320	     -3.20274039	     12.65731280	     -1.02053034	     -2.17478233	     -0.01526376	     -0.01841213	      0.01253391	      0.00000000	      0.00000000	      0.00000000	     -0.00365009	     -0.02011658	      0.01239552	      0.00000000	      0.00000000	      0.00000000	      0.00758031	     -0.01974139	     -0.00114529	    -38.29924476	     37.74421156	     21.06913938	     67.67341031	      0.00000000	      0.00000000	      0.00000000	      0.00000000	     51.50853270	     34.70295221	    -27.71209378	     71.85823892	      0.00000000	      0.00000000	      0.00000000	      0.00000000	     49.14828690	    -19.95893171	     -8.76016224	    -64.28146048	     -2.41386354	      1.31162122	      0.00000000	     14.61888962	     -9.44800101	      0.00000000	     52.90330981	    -19.09471597	     -8.71374768	    -69.96899037	     14.28098088	      0.41946299	      0.00000000	     24.00778572	     10.89867368	      0.00000000
      1.70000000	     11.65378844	      1.05954111	   -172.28051693	      0.21860534	     -0.09144258	     -0.55498849	    -16.15372679	      1.19346017	     -3.62133567	     14.95184069	     -0.34698934	     -1.66860550	     -0.01170211	     -0.02215754	      0.01286497	      0.00000000	      0.00000000	      0.00000000	      0.00062489	     -0.01873113	      0.01070405	      0.00000000	      0.00000000	      0.00000000	      0.00494436	     -0.02284038	      0.00047939	    -41.39060265	     40.79963657	     16.03375413	     73.58464783	      0.00000000	      0.00000000	      0.00000000	      0.00000000	     56.20217523	     40.82838796	    -18.55046325	     71.78440457	      0.00000000	      0.00000000	      0.00000000	      0.00000000	     53.06416808	    -21.51691769	     -8.23080927	    -69.77534813	     -1.68363490	      2.06855729	      0.00000000	     16.05394329	     -9.20530293	      0.00000000	     57.02675692	    -20.16861280	     -7.85223776	    -74.53556311	     14.81706344	      0.79029478	      0.00000000	     24.87683040	     11.47335844	      0.00000000
      1.73333333	     12.44973031	      1.39134546	   -171.84000563	      0.22376673	     -0.11352006	     -0.55558649	    -17.62270654	      1.66887859	     -3.87913508	     17.17161327	     -0.00958261	     -0.72266760	     -0.01027132	     -0.02670235	      0.01239524	      0.00000000	      0.00000000	      0.00000000	      0.00870341	     -0.01427928	      0.00782457	      0.00000000	      0.00000000	      0.00000000	      0.00557069	     -0.02909465	     -0.00003939	    -44.51747950	     43.76432527	     10.40395721	     80.34738420	      0.00000000	      0.00000000	      0.00000000	      0.00000000	     60.81520078	     47.85822788	     -8.69537618	     71.22089352	      0.00000000	      0.00000000	      0.00000000	      0.00000000	     57.41396323	    -22.89002871	     -7.26620894	    -75.02429652	     -1.41720801	      2.65544196	      0.00000000	     17.00972196	     -8.88874723	      0.00000000	     61.61955675	    -20.76032304	     -6.58589859	    -79.25291909	     14.89690267	      0.86840530	      0.00000000	     25.67025194	     12.13713786	      0.00000000
      1.76666667	     13.87870579	      2.00794477	   -171.87154113	      0.22895090	     -0.13604823	     -0.55550977	    -18.53846046	      2.33320287	     -3.76532597	     19.51614562	     -0.09892207	      0.58718529	     -0.01031884	     -0.03227322	      0.01264860	      0.00000000	      0.00000000	      0.00000000	      0.01765730	     -0.01191020	      0.00579241	      0.00000000	      0.00000000	      0.00000000	      0.01033027	     -0.03574478	     -0.00000267	    -48.83722470	     47.91395751	      3.56558812	     85.57503236	      0.00000000	      0.00000000	      0.00000000	      0.00000000	     65.36852691	     52.64289867	      0.82036824	     73.95761651	      0.00000000	      0.00000000	      0.00000000	      0.00000000	     62.49717282	    -23.59975188	     -5.84879894	    -79.87810676	     -1.78331884	      3.27773088	      0.00000000	     17.35446158	     -8.35252056	      0.00000000	     67.13253834	    -21.59655473	     -5.03288175	    -84.27851372	     14.89690267	      0.83065693	      0.00000000	     26.26495273	     12.53575850	      0.00000000
      1.80000000	     15.98651116	      2.88197471	   -172.32294325	      0.23432788	     -0.15955820	     -0.55534008	    -18.65045410	      3.15498549	     -3.42734067	     21.04602965	     -0.35473824	      2.06890335	     -0.01288552	     -0.03764264	      0.01275040	      0.00000000	      0.00000000	      0.00000000	      0.02753110	     -0.01143668	      0.00493897	      0.00000000	      0.00000000	      0.00000000	      0.01642497	     -0.04015084	     -0.00002121	    -54.60322200	     52.07813212	     -4.13202085	     89.12281792	      0.00000000	      0.00000000	      0.00000000	      0.00000000	     69.29608131	     54.56103817	      8.59956749	     79.72721060	      0.00000000	      0.00000000	      0.00000000	      0.00000000	     68.50841433	    -23.77390295	     -3.90843148	    -84.75300108	     -2.34668623	      4.22374308	      0.00000000	     17.24371271	     -7.35027593	      0.00000000	     73.60097844	    -22.93061958	     -3.08667710	    -89.28836202	     14.89690267	      1.03575563	      0.00000000	     26.62259380	     12.98349605	      0.00000000
      1.83333333	     19.07508500	      3.68090611	   -173.02025518	      0.24047448	     -0.18390539	     -0.55508599	    -17.62971749	      3.67016853	     -3.04253270	     23.19167843	     -0.47381593	      3.02236219	     -0.01207934	     -0.04301578	      0.01293436	      0.00000000	      0.00000000	      0.00000000	      0.03629900	     -0.01187756	      0.00633178	      0.00000000	      0.00000000	      0.00000000	      0.02340222	     -0.04028977	      0.00106190	    -60.87691571	     54.96440990	    -11.63369778	     92.56903232	      0.00000000	      0.00000000	      0.00000000	      0.00000000	     73.47145130	     54.66880261	     15.11868475	     86.20991665	      0.00000000	      0.00000000	      0.00000000	      0.00000000	     75.79787089	    -23.83812375	     -2.06586731	    -89.43762023	     -2.58797773	      4.91512760	      0.00000000	     16.93306442	     -6.56469588	      0.00000000	     81.01097024	    -24.13371768	     -1.12406306	    -93.87779658	     14.45364718	      1.18381397	      0.00000000	     26.83196847	     14.18268432	      0.00000000
      1.86666667	     22.98844378	      4.24319343	   -173.79087034	      0.24706340	     -0.20897295	     -0.55462027	    -15.49838650	      3.79071566	     -2.66962055	     25.20365957	     -0.50259725	      3.04496809	     -0.00956998	     -0.04753258	      0.01316628	      0.00000000	      0.00000000	      0.00000000	      0.04079003	     -0.01251508	      0.00858431	      0.00000000	      0.00000000	      0.00000000	      0.03041347	     -0.03869998	      0.00208818	    -67.15176855	     56.71628065	    -18.68756685	     95.85593586	      0.00000000	      0.00000000	      0.00000000	      0.00000000	     79.20330678	     55.17071997	     22.45328666	     90.51160111	      0.00000000	      0.00000000	      0.00000000	      0.00000000	     84.17717570	    -24.07222038	     -1.07320537	    -93.87668291	     -2.50991594	      4.64794520	      0.00000000	     16.64902957	     -6.12806100	      0.00000000	     88.96692360	    -25.07151657	      0.33398401	    -97.94184344	     14.46913610	      1.24814629	      0.00000000	     26.72590014	     14.36230386	      0.00000000
      1.90000000	     27.22229069	      4.90626646	   -174.38791621	      0.25341782	     -0.23421143	     -0.55397375	    -12.68591126	      4.03498772	     -2.45232472	     26.50662344	     -0.20908935	      2.58601808	     -0.00706515	     -0.05096129	      0.01281225	      0.00000000	      0.00000000	      0.00000000	      0.04294545	     -0.01230543	      0.01184157	      0.00000000	      0.00000000	      0.00000000	      0.03639806	     -0.03783134	      0.00158570	    -73.27673701	     58.35477171	    -25.58128262	     98.63728677	      0.00000000	      0.00000000	      0.00000000	      0.00000000	     86.21213468	     57.18319190	     31.32844599	     92.14915900	      0.00000000	      0.00000000	      0.00000000	      0.00000000	     92.67137797	    -24.45774266	      0.23847081	    -97.99694761	     -2.69875668	      4.98473282	      0.00000000	     16.44398047	     -5.96654357	      0.00000000	     97.24598570	    -25.43022683	      1.32402515	   -101.80545088	     14.89690267	      0.65905105	      0.00000000	     26.25665203	     13.13337085	      0.00000000
      1.93333333	     29.89380671	      5.00634553	   -174.61022805	      0.25866981	     -0.25848903	     -0.55322940	    -11.67199370	      3.82313531	     -2.41450597	     28.30404611	      0.10122383	      1.81250826	     -0.00374461	     -0.05358031	      0.01249071	      0.00000000	      0.00000000	      0.00000000	      0.04497152	     -0.01410863	      0.01221067	      0.00000000	      0.00000000	      0.00000000	      0.04020198	     -0.03807684	     -0.00031086	    -81.88998786	     59.84033648	    -35.55311117	    100.15655092	      0.00000000	      0.00000000	      0.00000000	      0.00000000	     95.09341050	     60.02159691	     41.83275324	     92.28173094	      0.00000000	      0.00000000	      0.00000000	      0.00000000	     99.37457575	    -25.06670314	      0.96532108	   -101.89791123	     -2.90631932	      4.11857149	      0.00000000	     16.99114770	     -5.16581962	      0.00000000	    103.47278697	    -25.58836632	      0.84746896	   -105.71555862	     14.89690267	     -0.68270954	      0.00000000	     25.41670653	     11.59245070	      0.00000000
      1.96666667	     32.26948362	      5.31977819	   -174.87773587	      0.26261736	     -0.28227424	     -0.55216690	    -10.63745172	      3.99570871	     -2.28590599	     29.36273066	      0.50385525	      1.26388733	     -0.00082234	     -0.05625714	      0.01062534	      0.00000000	      0.00000000	      0.00000000	      0.05091151	     -0.01194092	      0.01088075	      0.00000000	      0.00000000	      0.00000000	      0.04270757	     -0.03760440	     -0.00076011	    -88.25893632	     61.42270578	    -44.02641948	    101.87412312	      0.00000000	      0.00000000	      0.00000000	      0.00000000	    100.90372025	     62.35881641	     49.98679489	     93.14906078	      0.00000000	      0.00000000	      0.00000000	      0.00000000	    105.24870951	    -25.56429101	      0.23952290	   -105.32628464	     -4.14085640	      2.24882823	      0.00000000	     17.50012595	     -3.90579134	      0.00000000	    109.57501497	    -25.70497133	      0.72871184	   -109.69405963	     14.89690267	     -2.15109214	      0.00000000	     24.87242133	     10.15452538	      0.00000000
      2.00000000	     34.26373238	      5.51488300	   -175.24111302	      0.26516595	     -0.30570541	     -0.55065884	     -9.55994465	      4.18311409	     -2.17917456	     29.47806546	      1.01107260	      1.09805758	      0.00217457	     -0.05879447	      0.00757410	      0.00000000	      0.00000000	      0.00000000	      0.05798808	     -0.00595585	      0.00958417	      0.00000000	      0.00000000	      0.00000000	      0.04565165	     -0.03440831	      0.00043361	    -91.45866237	     63.55336324	    -48.82665690	    103.86197157	      0.00000000	      0.00000000	      0.00000000	      0.00000000	    102.37434154	     63.54921077	     53.61669395	     95.59889244	      0.00000000	      0.00000000	      0.00000000	      0.00000000	    110.39344563	    -26.02120006	     -0.05068215	   -108.49736709	     -4.80883514	      0.92185286	      0.00000000	     18.20800596	     -3.16572088	      0.00000000	    115.13283084	    -25.97367186	      1.69177528	   -113.32564455	     14.89690267	     -2.60777214	      0.00000000	     24.95378726	      9.87498089	      0.00000000
      2.03333333	     35.02812547	      5.11286785	   -175.33907489	      0.26705685	     -0.32749877	     -0.54854050	     -9.92815441	      3.95575617	     -2.16729044	     29.78887014	      1.27125291	      1.41595951	      0.00421017	     -0.06134920	      0.00535187	      0.00000000	      0.00000000	      0.00000000	      0.06039712	     -0.00401167	      0.00828069	      0.00000000	      0.00000000	      0.00000000	      0.04831622	     -0.02982713	      0.00331905	    -96.96984785	     65.36368114	    -54.91764086	    104.45247927	      0.00000000	      0.00000000	      0.00000000	      0.00000000	    103.40808991	     63.23272828	     56.09450940	     98.39261355	      0.00000000	      0.00000000	      0.00000000	      0.00000000	    114.37942614	    -26.77979423	     -0.61464855	   -111.45396295	     -5.95422404	     -1.01699981	      0.00000000	     19.44058472	     -1.66040538	      0.00000000	    118.61840127	    -26.23263995	      2.27556669	   -116.43323998	     14.30555289	     -2.79828359	      0.00000000	     25.85094885	     11.65989818	      0.00000000
      2.06666667	     34.81323401	      4.43739625	   -175.24709869	      0.26771039	     -0.34755991	     -0.54590640	    -11.09819782	      3.58202490	     -2.32807447	     30.08658269	      1.55824212	      1.60925051	      0.00704115	     -0.06384069	      0.00229192	      0.00000000	      0.00000000	      0.00000000	      0.06095520	     -0.00526290	      0.00703916	      0.00000000	      0.00000000	      0.00000000	      0.05130426	     -0.02794888	      0.00633696	   -103.09193825	     66.71604553	    -60.98823863	    103.82134858	      0.00000000	      0.00000000	      0.00000000	      0.00000000	    105.72226298	     62.07384215	     59.03979307	    100.17453586	      0.00000000	      0.00000000	      0.00000000	      0.00000000	    117.40731411	    -27.82174875	     -0.41117302	   -114.40085041	     -7.16882275	     -2.54204964	      0.00000000	     20.78259455	      0.48224722	      0.00000000	    120.45950984	    -26.43184735	      2.46242150	   -119.25966911	     14.01575512	     -2.87210699	      0.00000000	     26.98445161	     12.92394890	      0.00000000
      2.10000000	     34.30141993	      3.58041686	   -175.29984720	      0.26797740	     -0.36604673	     -0.54338366	    -12.29664532	      2.94480289	     -2.27635723	     30.31405793	      1.89260791	      1.28803358	      0.01091255	     -0.06583867	     -0.00064776	      0.00000000	      0.00000000	      0.00000000	      0.06369703	     -0.00685642	      0.00452495	      0.00000000	      0.00000000	      0.00000000	      0.05347110	     -0.02954137	      0.00758610	   -107.82969062	     67.12738847	    -65.85958477	    103.27741021	      0.00000000	      0.00000000	      0.00000000	      0.00000000	    109.58301424	     61.30831854	     62.97009165	    100.00072112	      0.00000000	      0.00000000	      0.00000000	      0.00000000	    120.09121135	    -28.61481008	      0.88815397	   -117.08186008	     -7.88182075	     -3.20077223	      0.00000000	     21.94170930	      2.25846368	      0.00000000	    121.69560019	    -26.78215268	      1.28254297	   -122.24752326	     13.85168592	     -3.90763665	      0.00000000	     27.98572730	     12.38833072	      0.00000000
      2.13333333	     33.71532587	      2.84361518	   -175.44049699	      0.26783131	     -0.38232353	     -0.54165012	    -13.35983182	      2.15173461	     -2.47714846	     30.51933911	      2.58358515	      0.66903859	      0.01466195	     -0.06756608	     -0.00266789	      0.00000000	      0.00000000	      0.00000000	      0.07013118	     -0.00846682	      0.00129001	      0.00000000	      0.00000000	      0.00000000	      0.05419049	     -0.03111475	      0.01169853	   -110.42002462	     67.20726103	    -69.06347239	    103.35344092	      0.00000000	      0.00000000	      0.00000000	      0.00000000	    112.23188453	     60.16298523	     65.44900625	     99.55311253	      0.00000000	      0.00000000	      0.00000000	      0.00000000	    122.20416275	    -29.07989658	      2.44408853	   -119.34795572	     -8.11515510	     -3.37164805	      0.00000000	     23.11057401	      3.11820554	      0.00000000	    122.83994905	    -27.23222053	      0.11811484	   -125.11286549	     14.08949966	     -4.98473282	      0.00000000	     28.42179996	     10.48546881	      0.00000000
      2.16666667	     32.53826558	      2.05414543	   -175.28546652	      0.26686585	     -0.39600232	     -0.54020790	    -14.76197934	      1.21223704	     -2.66792695	     30.72129902	      3.36096405	     -0.03077577	      0.01997475	     -0.06889093	     -0.00354492	      0.00000000	      0.00000000	      0.00000000	      0.07629962	     -0.01351239	      0.00109774	      0.00000000	      0.00000000	      0.00000000	      0.05557850	     -0.03065333	      0.01500763	   -112.63187221	     66.51590013	    -71.82995808	    103.27700011	      0.00000000	      0.00000000	      0.00000000	      0.00000000	    113.10528980	     61.00142022	     66.83494515	     99.08877808	      0.00000000	      0.00000000	      0.00000000	      0.00000000	    123.42964412	    -29.71286390	      4.38280170	   -121.44781767	     -7.98527288	     -3.24804433	      0.00000000	     24.09531658	      4.00104894	      0.00000000	    123.09541119	    -27.59787529	     -0.03924555	   -127.49889084	     14.89690267	     -4.98473282	      0.00000000	     28.01411267	      8.76337423	      0.00000000
      2.20000000	     31.56585651	      1.50258130	   -175.09765236	      0.26570047	     -0.40654824	     -0.53943546	    -15.92695790	      0.51643892	     -3.64860408	     31.06508415	      4.10188779	     -0.67944905	      0.02424709	     -0.06982528	     -0.00484891	      0.00000000	      0.00000000	      0.00000000	      0.07879095	     -0.02125983	      0.00469289	      0.00000000	      0.00000000	      0.00000000	      0.05585338	     -0.02954885	      0.01916043	   -116.94039390	     66.29090085	    -75.60467814	    101.82296780	      0.00000000	      0.00000000	      0.00000000	      0.00000000	    112.07711794	     60.56761759	     66.42903339	     99.68392885	      0.00000000	      0.00000000	      0.00000000	      0.00000000	    124.22469826	    -29.96648407	      7.72353712	   -123.31293281	     -7.84206273	     -1.53579198	      0.00000000	     24.97165891	      5.28273622	      0.00000000	    123.16655839	    -27.63920722	     -0.05127920	   -129.25873931	     14.89690267	     -4.98473282	      0.00000000	     28.00421243	      8.03984620	      0.00000000
      2.23333333	     31.34556497	      1.16536548	   -174.97068915	      0.26413760	     -0.41384752	     -0.53944297	    -16.10166582	     -0.22287688	     -4.38091649	     30.84726078	      4.49167411	     -0.56030572	      0.02629787	     -0.07102802	     -0.00267529	      0.00000000	      0.00000000	      0.00000000	      0.07644113	     -0.02644435	      0.01142959	      0.00000000	      0.00000000	      0.00000000	      0.05768732	     -0.02711708	      0.02360676	   -118.46938074	     66.47798222	    -76.60809807	    101.08555968	      0.00000000	      0.00000000	      0.00000000	      0.00000000	    110.03690032	     60.31490828	     64.94486430	    100.97693726	      0.00000000	      0.00000000	      0.00000000	      0.00000000	    125.13025013	    -29.84207883	      8.77901764	   -124.50684353	     -8.12103018	     -1.36616724	      0.00000000	     25.42305736	      4.91596396	      0.00000000	    123.64874761	    -27.73502494	      0.04936949	   -130.36466129	     14.89690267	     -4.98473282	      0.00000000	     27.80632600	      8.40398368	      0.00000000
      2.26666667	     31.40764491	      1.06621988	   -174.94714505	      0.26239228	     -0.41744861	     -0.53937297	    -15.90892632	     -0.69426508	     -4.72426239	     30.70973736	      4.56040978	     -0.41230214	      0.02733672	     -0.07191906	     -0.00020342	      0.00000000	      0.00000000	      0.00000000	      0.07322221	     -0.02906011	      0.01690482	      0.00000000	      0.00000000	      0.00000000	      0.05970480	     -0.02742210	      0.02486183	   -118.74699974	     66.88828678	    -76.65480327	    100.98305229	      0.00000000	      0.00000000	      0.00000000	      0.00000000	    109.81073829	     60.08752451	     64.54915912	    101.57010677	      0.00000000	      0.00000000	      0.00000000	      0.00000000	    125.65807752	    -29.53317258	      9.07449657	   -125.06101433	     -8.83923004	     -1.43985428	      0.00000000	     25.28058015	      4.37872831	      0.00000000	    124.03339428	    -27.62318077	      0.19556101	   -130.93871252	     14.89690267	     -4.98473282	      0.00000000	     27.41263227	      8.39168964	      0.00000000
      2.30000000	     32.89134033	      1.05346804	   -175.09020020	      0.26069599	     -0.41833380	     -0.53865703	    -13.87324367	     -1.13935000	     -5.14312728	     30.14006399	      4.83134625	      0.63386921	      0.02629683	     -0.07261587	      0.00224931	      0.00000000	      0.00000000	      0.00000000	      0.07283176	     -0.03132457	      0.01919365	      0.00000000	      0.00000000	      0.00000000	      0.05903066	     -0.02745841	      0.02419355	   -118.59761087	     68.26384131	    -76.83046656	    100.94526451	      0.00000000	      0.00000000	      0.00000000	      0.00000000	    108.66083009	     59.97761016	     62.56801253	    101.99250466	      0.00000000	      0.00000000	      0.00000000	      0.00000000	    127.26897472	    -28.89893499	      8.42621624	   -124.94038252	     -9.35506128	     -2.36303821	      0.00000000	     24.66707157	      3.78610328	      0.00000000	    125.36263585	    -27.39649981	     -0.00546311	   -130.99868724	     14.89690267	     -4.98473282	      0.00000000	     27.27816576	      7.44678847	      0.00000000
      2.33333333	     34.31913534	      1.79504867	   -175.78205665	      0.25909089	     -0.41560332	     -0.53744463	    -11.75365922	     -0.49247269	     -4.49952081	     29.72561129	      4.33217133	      1.46410030	      0.02425974	     -0.07265203	      0.00358190	      0.00000000	      0.00000000	      0.00000000	      0.07136304	     -0.02976758	      0.01574947	      0.00000000	      0.00000000	      0.00000000	      0.05778812	     -0.02719332	      0.02053280	   -115.95880270	     68.97469860	    -74.52902970	    101.51484631	      0.00000000	      0.00000000	      0.00000000	      0.00000000	    107.14322486	     60.68124693	     60.82464508	    102.39616007	      0.00000000	      0.00000000	      0.00000000	      0.00000000	    127.52821286	    -28.26321029	      5.51587909	   -123.90835855	    -10.39181437	     -3.94466340	      0.00000000	     24.04394080	      3.68660699	      0.00000000	    126.94734803	    -27.10377322	      0.89073988	   -130.79177937	     14.89690267	     -4.98473282	      0.00000000	     27.50994417	      6.57099154	      0.00000000
      2.36666667	     35.42963759	      2.79044200	   -176.82557347	      0.25768971	     -0.40939132	     -0.53650785	    -10.08662658	      0.45248402	     -3.09340424	     29.89162742	      3.66795785	      1.74451022	      0.02150558	     -0.07170543	      0.00448285	      0.00000000	      0.00000000	      0.00000000	      0.06533251	     -0.02677926	      0.01192395	      0.00000000	      0.00000000	      0.00000000	      0.05695438	     -0.02642509	      0.01641698	   -112.16539938	     68.92195437	    -71.27360325	    102.16226031	      0.00000000	      0.00000000	      0.00000000	      0.00000000	    105.87417519	     61.94703087	     60.22521125	    103.03452941	      0.00000000	      0.00000000	      0.00000000	      0.00000000	    126.59199576	    -27.40935792	      2.78957863	   -122.40051091	    -11.45036067	     -4.77286038	      0.00000000	     23.88344244	      5.05418242	      0.00000000	    128.22862769	    -26.86263535	      2.37903184	   -130.28093781	     14.89690267	     -4.98473282	      0.00000000	     27.62199035	      6.00516183	      0.00000000
      2.40000000	     35.96595231	      3.74706231	   -177.68468301	      0.25629560	     -0.40014763	     -0.53578839	     -9.17452552	      1.47626037	     -1.89568546	     30.50787153	      2.98456997	      1.41387424	      0.01831922	     -0.06984409	      0.00403697	      0.00000000	      0.00000000	      0.00000000	      0.05774076	     -0.02375627	      0.00872345	      0.00000000	      0.00000000	      0.00000000	      0.05535524	     -0.02322990	      0.01247481	   -109.86419502	     68.31246371	    -69.52115063	    102.98751847	      0.00000000	      0.00000000	      0.00000000	      0.00000000	    103.23186579	     63.07091367	     59.17814830	    104.49998052	      0.00000000	      0.00000000	      0.00000000	      0.00000000	    124.79248314	    -26.57892841	      0.81778200	   -120.77270243	    -12.05665931	     -4.92897714	      0.00000000	     23.64313392	      5.85847365	      0.00000000	    128.50280603	    -26.55658698	      3.57332529	   -129.43365300	     14.89690267	     -4.98473282	      0.00000000	     27.51896225	      5.50306288	      0.00000000
      2.43333333	     36.14547030	      4.55611084	   -178.18001655	      0.25484217	     -0.38870279	     -0.53598384	     -8.65591263	      2.16514389	     -1.00677466	     31.66478354	      2.59501103	      0.88128098	      0.01657345	     -0.06707069	      0.00429108	      0.00000000	      0.00000000	      0.00000000	      0.05119979	     -0.02179281	      0.00847695	      0.00000000	      0.00000000	      0.00000000	      0.05205849	     -0.01963538	      0.00894654	   -108.89405701	     67.78929013	    -69.51759764	    104.08165735	      0.00000000	      0.00000000	      0.00000000	      0.00000000	    101.32048818	     63.76272704	     57.82014732	    105.62306337	      0.00000000	      0.00000000	      0.00000000	      0.00000000	    122.67617380	    -25.64831653	     -0.22406964	   -119.18013235	    -12.38336446	     -4.57238562	      0.00000000	     22.72139642	      5.71508118	      0.00000000	    127.85213355	    -26.09775049	      4.33122792	   -128.21813646	     14.89690267	     -4.98473282	      0.00000000	     27.19314998	      4.57458210	      0.00000000
      2.46666667	     35.90262145	      5.26929473	   -178.53788095	      0.25267450	     -0.37548013	     -0.53688266	     -8.32233870	      2.79010933	     -0.48030610	     31.98275771	      2.14791613	      0.01697739	      0.01401067	     -0.06448939	      0.00383188	      0.00000000	      0.00000000	      0.00000000	      0.04878484	     -0.02030036	      0.00966715	      0.00000000	      0.00000000	      0.00000000	      0.04667273	     -0.01594442	      0.00519995	   -108.26602570	     68.04882686	    -69.64187583	    105.00235373	      0.00000000	      0.00000000	      0.00000000	      0.00000000	     98.72139357	     63.93406618	     54.68027106	    106.20528486	      0.00000000	      0.00000000	      0.00000000	      0.00000000	    119.83924226	    -24.56192133	     -1.53683010	   -117.26160162	    -12.74636259	     -4.34734822	      0.00000000	     21.94635237	      4.66956315	      0.00000000	    126.37909027	    -26.08467238	      4.89796266	   -126.73360291	     14.89690267	     -4.98473282	      0.00000000	     27.08989439	      4.47371179	      0.00000000
      2.50000000	     35.63117477	      5.60004337	   -178.33951420	      0.25026078	     -0.36109323	     -0.53822256	     -7.74255129	      2.89629355	     -0.55433522	     31.88087205	      1.84031413	     -0.61998183	      0.01183678	     -0.06186507	      0.00535853	      0.00000000	      0.00000000	      0.00000000	      0.04654503	     -0.02317997	      0.01312996	      0.00000000	      0.00000000	      0.00000000	      0.04117638	     -0.01511175	      0.00187869	   -107.71722589	     68.59878470	    -69.74842499	    104.46168565	      0.00000000	      0.00000000	      0.00000000	      0.00000000	     98.07647463	     64.23519539	     52.46380946	    105.53795572	      0.00000000	      0.00000000	      0.00000000	      0.00000000	    117.21541641	    -23.78391860	     -1.84654955	   -115.33833140	    -12.91206352	     -3.74339976	      0.00000000	     21.13153474	      4.04811142	      0.00000000	    124.23595020	    -25.93572845	      4.70777127	   -124.77135715	     14.89690267	     -4.98473282	      0.00000000	     26.84111401	      4.84567537	      0.00000000
      2.53333333	     35.19347614	      5.79778239	   -177.88749620	      0.24754750	     -0.34538371	     -0.53923569	     -7.06881795	      2.98839895	     -0.98003425	     31.33755559	      1.75461896	     -1.00542995	      0.01000899	     -0.05994841	      0.00669052	      0.00000000	      0.00000000	      0.00000000	      0.04450251	     -0.02985458	      0.01451130	      0.00000000	      0.00000000	      0.00000000	      0.03769827	     -0.01662683	     -0.00022774	   -106.98269098	     68.48457882	    -69.31814586	    102.94382502	      0.00000000	      0.00000000	      0.00000000	      0.00000000	     97.39207570	     64.69574025	     50.77412374	    104.55029675	      0.00000000	      0.00000000	      0.00000000	      0.00000000	    114.21345302	    -23.40880627	     -1.94886445	   -113.16844410	    -12.68581339	     -2.97090936	      0.00000000	     21.16725002	      3.77722712	      0.00000000	    121.50611582	    -25.69532446	      4.16761547	   -122.44932679	     14.89690267	     -4.98473282	      0.00000000	     26.91155041	      6.24632344	      0.00000000
      2.56666667	     34.33448066	      5.80000340	   -177.19983628	      0.24467928	     -0.32847279	     -0.53956504	     -6.66743503	      2.98401409	     -1.67639107	     30.49221169	      1.80832527	     -1.12919206	      0.00797379	     -0.05821510	      0.00816001	      0.00000000	      0.00000000	      0.00000000	      0.04284363	     -0.03716401	      0.01399191	      0.00000000	      0.00000000	      0.00000000	      0.03739068	     -0.01899392	     -0.00046993	   -105.57005648	     68.10842051	    -67.92670713	    101.42657291	      0.00000000	      0.00000000	      0.00000000	      0.00000000	     96.09796238	     65.04717987	     49.19158208	    104.10823694	      0.00000000	      0.00000000	      0.00000000	      0.00000000	    110.87066824	    -23.40132779	     -1.76256361	   -110.97815994	    -12.26561028	     -2.25301607	      0.00000000	     21.23434270	      3.64862966	      0.00000000	    117.89376842	    -25.37118709	      4.23031598	   -119.52261510	     14.89690267	     -3.80135001	      0.00000000	     27.25322910	      8.34134661	      0.00000000
      2.60000000	     33.43583238	      5.92222201	   -176.67579725	      0.24175085	     -0.31032148	     -0.53952737	     -6.21936537	      3.11982393	     -2.09724177	     30.15743139	      1.99914063	     -0.77906393	      0.00773428	     -0.05705647	      0.01048102	      0.00000000	      0.00000000	      0.00000000	      0.04273104	     -0.04076696	      0.01238195	      0.00000000	      0.00000000	      0.00000000	      0.03886368	     -0.02197471	      0.00232501	   -101.55221306	     67.87744157	    -63.77710504	    101.68905616	      0.00000000	      0.00000000	      0.00000000	      0.00000000	     94.13575848	     64.77589462	     46.87832892	    104.60318161	      0.00000000	      0.00000000	      0.00000000	      0.00000000	    107.27496574	    -23.38860533	     -1.72274734	   -108.50042346	    -11.78456850	     -1.42949783	      0.00000000	     21.09909136	      2.74242916	      0.00000000	    114.09900509	    -24.94307228	      5.59772204	   -116.13380315	     14.87454344	     -1.39195034	      0.00000000	     27.60410077	     10.30621239	      0.00000000
      2.63333333	     32.78410241	      6.19051553	   -176.43229917	      0.23862124	     -0.29141749	     -0.53906165	     -5.32671346	      3.55299103	     -2.46700018	     29.51424704	      1.96603090	     -0.53784006	      0.00719873	     -0.05612313	      0.01195241	      0.00000000	      0.00000000	      0.00000000	      0.04549270	     -0.03741110	      0.00919044	      0.00000000	      0.00000000	      0.00000000	      0.03683937	     -0.02766910	      0.00282965	    -93.70886988	     67.61728178	    -54.79851267	    104.15444691	      0.00000000	      0.00000000	      0.00000000	      0.00000000	     91.67336909	     64.39891208	     43.88066174	    104.57145204	      0.00000000	      0.00000000	      0.00000000	      0.00000000	    103.91286364	    -23.02041905	     -2.58375665	   -105.63515253	    -11.15671682	     -1.35155555	      0.00000000	     19.49887892	      0.08147383	      0.00000000	    110.64926140	    -24.53421706	      5.82713134	   -113.12535992	     14.55488226	     -0.23726555	      0.00000000	     27.59671175	     11.04871251	      0.00000000
      2.66666667	     32.13415669	      6.16739339	   -176.31198508	      0.23507919	     -0.27193459	     -0.53852277	     -4.43194629	      3.60775242	     -2.89683603	     27.94380321	      2.28125797	     -0.23029977	      0.00334207	     -0.05517392	      0.01243096	      0.00000000	      0.00000000	      0.00000000	      0.04848254	     -0.03320829	      0.00559096	      0.00000000	      0.00000000	      0.00000000	      0.03119743	     -0.03357420	      0.00494912	    -85.63232963	     66.15456551	    -44.81939908	    107.06577604	      0.00000000	      0.00000000	      0.00000000	      0.00000000	     88.91827430	     62.88088670	     40.16558441	    104.39479758	      0.00000000	      0.00000000	      0.00000000	      0.00000000	    100.55220663	    -22.46771019	     -3.50419941	   -102.54841652	     -9.79768294	     -1.64981001	      0.00000000	     18.05050064	     -2.66308268	      0.00000000	    107.02394686	    -24.15236080	      4.34487146	   -110.34807529	     14.43203459	     -0.44477632	      0.00000000	     27.18915921	      9.96937548	      0.00000000
      2.70000000	     30.29761931	      5.94490722	   -175.82843793	      0.23110459	     -0.25147363	     -0.53793228	     -5.21511204	      3.49782476	     -3.54991625	     27.18914016	      2.61892837	      0.57790406	     -0.00097141	     -0.05386045	      0.01429734	      0.00000000	      0.00000000	      0.00000000	      0.04789350	     -0.03554125	      0.00019209	      0.00000000	      0.00000000	      0.00000000	      0.02409524	     -0.03786383	      0.01029952	    -83.91741338	     62.80169373	    -40.88215444	    108.22918167	      0.00000000	      0.00000000	      0.00000000	      0.00000000	     86.87217875	     60.12172344	     37.44285283	    104.48623781	      0.00000000	      0.00000000	      0.00000000	      0.00000000	     95.64873346	    -22.21398515	     -3.79225528	    -99.28057129	     -9.28785186	     -1.23385414	      0.00000000	     17.74704565	     -3.07709742	      0.00000000	    102.04320131	    -23.46639321	      3.12641704	   -107.23372895	     14.89690267	     -0.45809749	      0.00000000	     27.30699942	      9.35624926	      0.00000000
      2.73333333	     27.81213122	      5.32239181	   -175.40258353	      0.22616378	     -0.23125743	     -0.53798896	     -6.52781921	      3.03186619	     -3.91459417	     27.64441098	      2.73399876	      0.73945666	      0.00124350	     -0.05161575	      0.01456336	      0.00000000	      0.00000000	      0.00000000	      0.04301054	     -0.03089905	      0.00054566	      0.00000000	      0.00000000	      0.00000000	      0.01814843	     -0.03574161	      0.01165081	    -78.34824693	     60.41646415	    -33.41435857	    108.29683116	      0.00000000	      0.00000000	      0.00000000	      0.00000000	     82.20702773	     57.68104931	     32.14968984	    104.74113008	      0.00000000	      0.00000000	      0.00000000	      0.00000000	     90.02780499	    -21.72576657	     -4.19958392	    -95.96434184	     -8.57381200	     -1.16791817	      0.00000000	     18.13801887	     -3.87392989	      0.00000000	     96.12565019	    -22.94594197	      1.03927387	   -104.03658213	     14.89690267	     -1.14370048	      0.00000000	     27.90299695	      9.34312546	      0.00000000
      2.76666667	     25.53363864	      4.45700907	   -175.07483832	      0.22092802	     -0.21145564	     -0.53825572	     -7.52997071	      2.24881725	     -4.12147863	     26.77684515	      2.82775120	      0.88919080	     -0.00045538	     -0.04861509	      0.01540527	      0.00000000	      0.00000000	      0.00000000	      0.03894079	     -0.02967891	      0.00015301	      0.00000000	      0.00000000	      0.00000000	      0.01606542	     -0.03118093	      0.01379136	    -74.61222964	     58.15693758	    -28.18631612	    108.06755351	      0.00000000	      0.00000000	      0.00000000	      0.00000000	     78.61149490	     54.00994226	     26.82044354	    106.00145355	      0.00000000	      0.00000000	      0.00000000	      0.00000000	     84.79146064	    -21.28648019	     -4.19163531	    -92.66058776	     -8.27600524	     -0.98205065	      0.00000000	     18.14293406	     -4.27969117	      0.00000000	     90.20565425	    -22.46162634	     -0.05793117	   -100.27914462	     14.89690267	     -0.55183415	      0.00000000	     28.68518544	      9.67494132	      0.00000000
      2.80000000	     22.96493997	      3.49913814	   -174.97997900	      0.21520269	     -0.19170300	     -0.53834016	     -8.67829218	      1.45691354	     -3.65563495	     25.81678593	      2.65186797	      0.66793842	     -0.00108834	     -0.04519998	      0.01585317	      0.00000000	      0.00000000	      0.00000000	      0.03527494	     -0.02984668	      0.00254942	      0.00000000	      0.00000000	      0.00000000	      0.01710812	     -0.02594274	      0.01258616	    -70.89824377	     56.81784065	    -22.59065019	    108.45852205	      0.00000000	      0.00000000	      0.00000000	      0.00000000	     75.06628811	     51.00574474	     20.59446680	    107.76571931	      0.00000000	      0.00000000	      0.00000000	      0.00000000	     79.35484999	    -20.91194443	     -4.08195059	    -89.35736092	     -8.17235053	     -0.68687865	      0.00000000	     17.83852444	     -4.59223182	      0.00000000	     83.75924563	    -22.09999924	     -0.33402836	    -96.11548286	     14.83505261	      1.08096054	      0.00000000	     29.32028614	      9.76556062	      0.00000000
      2.83333333	     20.70343825	      2.69287776	   -175.18313994	      0.20969382	     -0.17230530	     -0.53792709	     -9.38863945	      0.94506333	     -2.78137174	     23.63157872	      2.00245420	      0.25765028	     -0.00629976	     -0.04131430	      0.01600759	      0.00000000	      0.00000000	      0.00000000	      0.03083264	     -0.03253336	      0.00211871	      0.00000000	      0.00000000	      0.00000000	      0.01884157	     -0.02312037	      0.01155241	    -68.55769816	     55.04231089	    -17.51268936	    109.68796678	      0.00000000	      0.00000000	      0.00000000	      0.00000000	     71.86826713	     48.10314486	     14.56049120	    109.96951902	      0.00000000	      0.00000000	      0.00000000	      0.00000000	     74.54585716	    -20.41733650	     -3.91488042	    -86.15562199	     -8.35756284	     -0.42736003	      0.00000000	     16.74052668	     -4.47797537	      0.00000000	     77.68263970	    -21.84660247	     -0.39374595	    -91.85503371	     14.89690267	      2.94872658	      0.00000000	     29.52424958	      9.45983076	      0.00000000
      2.86666667	     18.12727405	      2.32787498	   -175.37488997	      0.20397280	     -0.15304181	     -0.53686077	    -10.27641952	      1.02466747	     -1.80908992	     22.37083912	      1.61088416	     -0.24362230	     -0.00794732	     -0.03739854	      0.01445851	      0.00000000	      0.00000000	      0.00000000	      0.02216410	     -0.03113561	      0.00266795	      0.00000000	      0.00000000	      0.00000000	      0.01589849	     -0.02217286	      0.00666222	    -64.44690103	     52.61459822	    -10.28331958	    110.67794423	      0.00000000	      0.00000000	      0.00000000	      0.00000000	     67.03326516	     46.82897287	      7.80603729	    110.75769186	      0.00000000	      0.00000000	      0.00000000	      0.00000000	     69.07452297	    -19.81463399	     -3.82467329	    -82.75458186	     -8.34122334	      0.07297560	      0.00000000	     16.57203737	     -3.56097252	      0.00000000	     71.59244560	    -21.43210979	      0.28309121	    -87.54310055	     14.89690267	      4.98473282	      0.00000000	     29.56804716	      8.70032462	      0.00000000
      2.90000000	     16.16035688	      2.56838517	   -175.58799174	      0.19853758	     -0.13438993	     -0.53509363	    -10.30968478	      1.74513582	     -1.11938361	     19.66847445	      0.99845919	     -0.70599554	     -0.01398584	     -0.03305115	      0.01349054	      0.00000000	      0.00000000	      0.00000000	      0.01103237	     -0.02892776	     -0.00017956	      0.00000000	      0.00000000	      0.00000000	      0.00955976	     -0.02533856	      0.00458150	    -60.51686360	     49.13616329	     -3.76215747	    110.48511442	      0.00000000	      0.00000000	      0.00000000	      0.00000000	     63.24112636	     44.94009741	      2.01576215	    110.73841095	      0.00000000	      0.00000000	      0.00000000	      0.00000000	     64.08005574	    -18.86962787	     -4.02162814	    -79.10214144	     -9.08842753	      0.77455890	      0.00000000	     15.81778046	     -2.41097456	      0.00000000	     66.76717938	    -21.14307655	     -0.19874258	    -84.03628362	     14.89690267	      4.98473282	      0.00000000	     29.34925223	      8.24439821	      0.00000000
      2.93333333	     14.42111981	      3.12574982	   -175.50750573	      0.19336845	     -0.11594867	     -0.53291882	    -10.04927438	      2.84074588	     -0.88084732	     16.97103380	      0.55856256	     -1.13903354	     -0.01964016	     -0.02873033	      0.01130696	      0.00000000	      0.00000000	      0.00000000	     -0.00050188	     -0.02233429	     -0.00223493	      0.00000000	      0.00000000	      0.00000000	     -0.00027476	     -0.02940898	      0.00148308	    -55.33814994	     45.61343376	      2.82215819	    108.74030947	      0.00000000	      0.00000000	      0.00000000	      0.00000000	     59.78189202	     43.45274135	     -4.01903029	    109.31471564	      0.00000000	      0.00000000	      0.00000000	      0.00000000	     58.91753753	    -17.73369410	     -4.44183223	    -74.95376694	    -10.42194262	      1.49061123	      0.00000000	     15.08417154	     -1.59965649	      0.00000000	     62.50543378	    -20.84108093	     -0.73661711	    -80.68771986	     14.89690267	      4.47473451	      0.00000000	     29.08292738	      7.88676926	      0.00000000
      2.96666667	     12.94563297	      3.86023206	   -174.90047940	      0.18786890	     -0.09763540	     -0.53058309	     -9.46121776	      4.07597186	     -1.47802511	     14.62024124	      0.27543228	     -1.27155455	     -0.02348168	     -0.02468200	      0.00999508	      0.00000000	      0.00000000	      0.00000000	     -0.00685163	     -0.01345185	     -0.00188614	      0.00000000	      0.00000000	      0.00000000	     -0.01011182	     -0.03172572	     -0.00027251	    -50.15640019	     42.55291832	      9.43965745	    106.30196217	      0.00000000	      0.00000000	      0.00000000	      0.00000000	     56.97149514	     42.06596357	    -10.08839947	    106.90969392	      0.00000000	      0.00000000	      0.00000000	      0.00000000	     53.63101881	    -16.52969670	     -5.27344462	    -70.28687818	    -11.77165194	      1.75443117	      0.00000000	     14.73904487	     -1.34055261	      0.00000000	     58.82611400	    -20.12360070	     -2.33263338	    -77.82607614	     13.70008921	      2.29146553	      0.00000000	     28.77340290	      8.61221843	      0.00000000
      3.00000000	     10.46475424	      3.90183011	   -174.06693088	      0.18171274	     -0.07889002	     -0.52778529	    -10.22750213	      4.54221510	     -2.52264320	     12.37804812	      0.17858187	     -0.87405613	     -0.02751760	     -0.02115788	      0.01008278	      0.00000000	      0.00000000	      0.00000000	     -0.00709119	     -0.00765971	      0.00083309	      0.00000000	      0.00000000	      0.00000000	     -0.01678709	     -0.03348367	      0.00244571	    -46.79968280	     40.21337018	     15.20835960	    104.10724764	      0.00000000	      0.00000000	      0.00000000	      0.00000000	     55.89954161	     40.41018298	    -14.65936587	    103.96616810	      0.00000000	      0.00000000	      0.00000000	      0.00000000	     47.21929379	    -15.62335685	     -8.61841024	    -64.62211952	    -11.78261689	     -1.01224358	      0.00000000	     14.09886221	     -1.28292089	      0.00000000	     53.68987551	    -18.65019810	     -6.89116298	    -75.10255641	      9.60222009	     -2.71124305	      0.00000000	     28.85583777	     13.65209170	      0.00000000
      3.03333333	      9.73169613	      3.61176058	   -173.05121398	      0.17565739	     -0.06196399	     -0.52452690	     -8.91103626	      4.55438132	     -3.56702103	      9.81346733	     -0.21400157	     -1.00142763	     -0.02975817	     -0.01746442	      0.00961173	      0.00000000	      0.00000000	      0.00000000	     -0.00323221	     -0.00586578	      0.00197344	      0.00000000	      0.00000000	      0.00000000	     -0.01735403	     -0.03249808	      0.00447254	    -45.81736949	     36.82951242	     20.03214362	    103.20166685	      0.00000000	      0.00000000	      0.00000000	      0.00000000	     53.64675533	     37.78638870	    -19.72119115	    101.44781320	      0.00000000	      0.00000000	      0.00000000	      0.00000000	     42.84943982	    -15.33541013	     -9.42773312	    -59.63555717	    -11.72139358	     -1.66740803	      0.00000000	     13.64049698	     -2.02041948	      0.00000000	     50.31143429	    -16.47420261	     -7.46434851	    -71.30263501	      8.57106345	     -3.79079228	      0.00000000	     27.99388311	     13.77840933	      0.00000000
      3.06666667	      6.52682030	      2.55438351	   -172.01741891	      0.16744805	     -0.04405461	     -0.52023694	    -10.88014054	      4.20338689	     -4.63838610	      7.87727123	     -0.42763406	     -0.97042175	     -0.03406186	     -0.01466113	      0.00792888	      0.00000000	      0.00000000	      0.00000000	     -0.00117002	     -0.00782339	      0.00315646	      0.00000000	      0.00000000	      0.00000000	     -0.01591717	     -0.03309577	      0.00816403	    -45.77283993	     34.02184462	     23.71326843	    102.35589697	      0.00000000	      0.00000000	      0.00000000	      0.00000000	     52.84400985	     33.22529703	    -22.98958531	    100.59384197	      0.00000000	      0.00000000	      0.00000000	      0.00000000	     35.48794766	    -15.38054149	    -13.44302343	    -53.57001163	     -9.54908515	     -4.98473282	      0.00000000	     12.41936477	     -3.14314475	      0.00000000	     43.37044854	    -13.86441627	     -8.18018951	    -66.50550693	      8.72131547	     -4.91600536	      0.00000000	     27.17186240	     13.52915841	      0.00000000
      3.10000000	      6.47170831	      1.37022313	   -172.01466917	      0.16053005	     -0.02842811	     -0.51557099	     -9.35249484	      3.24458958	     -4.78199889	      5.70080377	     -0.77094441	     -1.13005315	     -0.03673805	     -0.01207166	      0.00598459	      0.00000000	      0.00000000	      0.00000000	     -0.00246220	     -0.00862156	      0.00389862	      0.00000000	      0.00000000	      0.00000000	     -0.01118724	     -0.03232069	      0.00939190	    -44.57827843	     30.40985567	     27.33126422	    100.90259702	      0.00000000	      0.00000000	      0.00000000	      0.00000000	     50.67737329	     26.82275721	    -27.31255190	    101.01940630	      0.00000000	      0.00000000	      0.00000000	      0.00000000	     32.40698113	    -15.40376675	    -12.17329540	    -48.70771842	    -10.52872442	     -4.98473282	      0.00000000	     10.72866800	     -3.77680349	      0.00000000	     39.44067602	    -11.16453699	     -7.17339373	    -61.03532419	      7.93180247	     -4.05423870	      0.00000000	     26.06645777	     12.65729129	      0.00000000
      3.13333333	      0.84346348	     -0.70099040	   -171.87469014	      0.15000396	     -0.00990716	     -0.51009718	    -14.76490859	      2.15684531	     -5.03287097	      5.15501977	     -0.89268864	     -1.28753038	     -0.04222003	     -0.01149224	      0.00542791	      0.00000000	      0.00000000	      0.00000000	     -0.00909185	     -0.01042471	      0.00309558	      0.00000000	      0.00000000	      0.00000000	     -0.00661694	     -0.03190906	      0.01117729	    -43.89598026	     27.82478503	     29.32688422	     98.90408865	      0.00000000	      0.00000000	      0.00000000	      0.00000000	     49.52426185	     21.15146801	    -31.53187752	    101.45032570	      0.00000000	      0.00000000	      0.00000000	      0.00000000	     22.12113674	    -15.62945786	    -11.65688779	    -42.20430222	    -11.53046958	     -4.98473282	      0.00000000	      9.13844278	     -4.44730086	      0.00000000	     28.21206928	     -7.93764965	     -5.36112805	    -53.04372916	      4.03017430	     -3.03396446	      0.00000000	     25.43714403	     13.94024214	      0.00000000
      3.16666667	      1.03647893	     -1.62018260	   -172.66106175	      0.14344286	      0.00495039	     -0.50521666	    -13.32525130	      1.37049818	     -4.87170815	      3.47125833	     -1.35173289	     -0.99945150	     -0.04592859	     -0.01046743	      0.00536513	      0.00000000	      0.00000000	      0.00000000	     -0.01001657	     -0.00912560	      0.00080819	      0.00000000	      0.00000000	      0.00000000	     -0.00362382	     -0.03279298	      0.01204963	    -42.99254552	     24.36134990	     33.28689361	     96.77455036	      0.00000000	      0.00000000	      0.00000000	      0.00000000	     47.68264561	     16.18973597	    -37.23463091	     99.72993956	      0.00000000	      0.00000000	      0.00000000	      0.00000000	     19.81524713	    -15.03290448	     -8.97556351	    -37.57443319	    -12.93751382	     -4.98473282	      0.00000000	      7.28498666	     -5.56636997	      0.00000000	     24.05888199	     -5.18783485	     -5.00612138	    -46.04791732	      1.32168329	     -3.76473233	      0.00000000	     24.09223865	     12.27774334	      0.00000000
      3.20000000	      1.39902347	     -1.73791286	   -172.91562043	      0.13784698	      0.01900245	     -0.50130332	    -11.71685400	      1.48612735	     -4.95980539	      2.84638177	     -1.73098436	     -0.68397645	     -0.04657108	     -0.01098056	      0.00574142	      0.00000000	      0.00000000	      0.00000000	     -0.00962203	     -0.01011397	     -0.00241311	      0.00000000	      0.00000000	      0.00000000	     -0.00210337	     -0.03261811	      0.01186763	    -42.83383138	     21.12702967	     37.29587343	     94.38796349	      0.00000000	      0.00000000	      0.00000000	      0.00000000	     45.52235756	     12.97190355	    -43.08497660	     95.50027872	      0.00000000	      0.00000000	      0.00000000	      0.00000000	     17.43799378	    -13.79597245	     -6.69238834	    -32.97655067	    -13.54254419	     -4.98473282	      0.00000000	      5.72823970	     -6.15283554	      0.00000000	     20.56316093	     -2.93296354	     -3.38810503	    -39.19971084	     -1.36519881	     -4.98473282	      0.00000000	     22.05898338	      9.88833711	      0.00000000
      3.23333333	    -12.01503722	     -3.19701457	   -173.59183983	      0.11959527	      0.03630959	     -0.50003449	    -25.29414208	      1.21173652	     -4.74690728	      3.42983257	     -1.90509409	     -0.46309761	     -0.04918414	     -0.00805472	      0.01092107	      0.00000000	      0.00000000	      0.00000000	     -0.00930164	     -0.00948845	     -0.00250092	      0.00000000	      0.00000000	      0.00000000	     -0.00354991	     -0.02591869	      0.01418089	    -41.82746633	     18.79555152	     40.30770940	     91.45530470	      0.00000000	      0.00000000	      0.00000000	      0.00000000	     44.72517261	     11.82448155	    -46.74919973	     90.02802428	      0.00000000	      0.00000000	      0.00000000	      0.00000000	     -3.45210594	    -12.44064848	     -8.36230123	    -23.23376385	     -9.99608238	     -4.98473282	      0.00000000	      3.77862887	     -6.90526094	      0.00000000	     -1.06570477	     -2.36556772	     -3.35859019	    -27.53600838	      0.80761811	     -4.98473282	      0.00000000	     17.95923901	      2.66636555	      0.00000000
      3.26666667	    -11.98617632	     -2.58380468	   -173.70404408	      0.11411824	      0.04458584	     -0.50191404	    -23.77849844	      1.43797325	     -4.35644612	      2.81830412	     -2.48805900	     -0.23640810	     -0.04549243	     -0.00699419	      0.01526274	      0.00000000	      0.00000000	      0.00000000	     -0.00695050	     -0.01063660	     -0.00137160	      0.00000000	      0.00000000	      0.00000000	     -0.00329091	     -0.02079976	      0.01437503	    -39.39510790	     15.12204161	     42.86936857	     88.27537489	      0.00000000	      0.00000000	      0.00000000	      0.00000000	     42.53379726	      9.02799519	    -49.81966950	     84.84400693	      0.00000000	      0.00000000	      0.00000000	      0.00000000	     -6.01832292	    -10.69819024	     -6.82624508	    -19.23553317	     -8.05031560	     -4.98473282	      0.00000000	      2.57366023	     -6.30575422	      0.00000000	     -4.42272058	     -2.48451839	     -2.05472752	    -21.69322881	     -0.83433832	     -4.98473282	      0.00000000	     15.40899503	      0.11129843	      0.00000000
      3.30000000	    -16.19746676	     -2.26310514	   -174.29064569	      0.10347999	      0.05119619	     -0.50675734	    -26.61306224	      1.33554609	     -3.41775110	      2.76076379	     -2.17927518	     -0.55624435	     -0.03904772	     -0.00411138	      0.01782360	      0.00000000	      0.00000000	      0.00000000	     -0.00374159	     -0.01019859	      0.00088504	      0.00000000	      0.00000000	      0.00000000	     -0.00089987	     -0.01368416	      0.01537190	    -36.75826654	     10.78662405	     43.46408837	     86.01889802	      0.00000000	      0.00000000	      0.00000000	      0.00000000	     40.66281974	      5.93935093	    -51.36293473	     80.82586179	      0.00000000	      0.00000000	      0.00000000	      0.00000000	    -14.21746159	     -9.23601347	     -9.95357813	    -12.90241082	     -2.93545577	     -4.98473282	      0.00000000	     -0.46272181	     -6.29414603	      0.00000000	    -13.71864148	     -3.75457964	     -8.18864432	    -13.49118167	      3.21275714	     -4.98473282	      0.00000000	     12.01116993	     -1.31764356	      0.00000000
      3.33333333	    -19.02174049	     -1.38217969	   -176.23727976	      0.09202663	      0.05363626	     -0.51296728	    -27.55854189	      1.09184414	     -0.91224157	      1.60367051	     -2.11608656	     -1.23370725	     -0.03287818	      0.00047392	      0.01952756	      0.00000000	      0.00000000	      0.00000000	     -0.00272341	     -0.00969086	      0.00328529	      0.00000000	      0.00000000	      0.00000000	     -0.00164030	     -0.00859414	      0.01467375	    -35.27383668	      6.88436230	     43.79137549	     83.95173725	      0.00000000	      0.00000000	      0.00000000	      0.00000000	     38.46765086	      4.47167005	    -53.57268983	     75.13573868	      0.00000000	      0.00000000	      0.00000000	      0.00000000	    -19.85444722	     -7.92085167	    -13.28471744	     -7.49921993	      3.16209548	     -4.98473282	      0.00000000	     -3.70368836	     -7.73771461	      0.00000000	    -22.47062961	     -4.28853728	    -26.72188368	     -3.71439154	     14.89690267	     -4.98473282	      0.00000000	      8.71698308	      1.59836317	      0.00000000
      3.36666667	    -18.15512195	     -0.75866222	   -176.12980975	      0.08803748	      0.05337650	     -0.51914326	    -25.27369937	      1.40182133	     -0.78927716	      0.40584524	     -1.91194877	     -1.14549773	     -0.02920245	      0.00319959	      0.02051007	      0.00000000	      0.00000000	      0.00000000	     -0.00290355	     -0.01009083	      0.00605271	      0.00000000	      0.00000000	      0.00000000	     -0.00926893	     -0.00875585	      0.01267081	    -34.08091597	      4.87850126	     44.82005580	     80.74669138	      0.00000000	      0.00000000	      0.00000000	      0.00000000	     36.57423234	      5.40342439	    -56.54677513	     67.03667532	      0.00000000	      0.00000000	      0.00000000	      0.00000000	    -20.65088788	     -6.63594070	    -13.97990826	     -4.16573631	      3.89493974	     -4.98473282	      0.00000000	     -4.99993858	     -7.71490879	      0.00000000	    -23.28806940	     -4.34451639	    -29.23410588	     -0.01311828	     14.89690267	     -4.98473282	      0.00000000	      7.36572755	      2.88298644	      0.00000000
      3.40000000	    -17.78757351	     -0.32912041	   -176.20474215	      0.08414481	      0.05219158	     -0.52572800	    -23.77824663	      1.57188413	     -0.42423186	     -0.36709500	     -1.44044910	     -1.56670282	     -0.02653690	      0.00529108	      0.01912602	      0.00000000	      0.00000000	      0.00000000	     -0.00582726	     -0.00956251	      0.00829203	      0.00000000	      0.00000000	      0.00000000	     -0.01940304	     -0.01149219	      0.01225400	    -32.41536107	      3.66260517	     45.63991493	     76.48810375	      0.00000000	      0.00000000	      0.00000000	      0.00000000	     35.26839584	      7.37931757	    -60.89809686	     57.87222963	      0.00000000	      0.00000000	      0.00000000	      0.00000000	    -21.79910444	     -5.60471757	    -15.08841058	     -1.31897166	      4.57272895	     -4.98473282	      0.00000000	     -5.54182736	     -7.18029413	      0.00000000	    -24.37501129	     -4.44671336	    -30.90159305	      2.95477518	     14.89690267	     -4.98473282	      0.00000000	      5.75622562	      4.79880600	      0.00000000
      3.43333333	    -17.82354408	      0.01253225	   -176.29792928	      0.08039883	      0.05039648	     -0.53210310	    -22.90688585	      1.83078727	     -0.03260539	     -0.98060920	     -1.06780794	     -2.04387694	     -0.02522922	      0.00709355	      0.01638117	      0.00000000	      0.00000000	      0.00000000	     -0.00866023	     -0.00807238	      0.00894583	      0.00000000	      0.00000000	      0.00000000	     -0.03059674	     -0.01394133	      0.01251030	    -30.00832294	      2.26385770	     45.54177408	     71.65346254	      0.00000000	      0.00000000	      0.00000000	      0.00000000	     33.74082086	      9.32122354	    -66.44755999	     47.81044182	      0.00000000	      0.00000000	      0.00000000	      0.00000000	    -23.17779233	     -4.67503067	    -16.16942492	      0.89537781	      4.77582995	     -4.98473282	      0.00000000	     -5.24039813	     -5.45525081	      0.00000000	    -25.78901742	     -4.71659216	    -31.50812044	      5.38395917	     14.89690267	     -4.98473282	      0.00000000	      3.86932415	      7.19321084	      0.00000000
      3.46666667	    -17.95372739	      0.22627242	   -176.28149762	      0.07708948	      0.04808719	     -0.53760090	    -22.22632618	      2.10484486	      0.11436268	     -1.60709597	     -0.99485478	     -2.39869016	     -0.02444766	      0.00857884	      0.01380018	      0.00000000	      0.00000000	      0.00000000	     -0.01088972	     -0.00759198	      0.00860651	      0.00000000	      0.00000000	      0.00000000	     -0.03874378	     -0.01294942	      0.01073617	    -27.22149530	      0.68636807	     44.45776493	     66.80102625	      0.00000000	      0.00000000	      0.00000000	      0.00000000	     30.60709833	     10.20178435	    -72.67282556	     36.01960515	      0.00000000	      0.00000000	      0.00000000	      0.00000000	    -24.31986159	     -3.92672523	    -17.22083154	      2.37526739	      4.57889112	     -4.98473282	      0.00000000	     -4.48751826	     -2.62207762	      0.00000000	    -27.16580839	     -4.96354451	    -32.11562216	      7.53106451	     14.89690267	     -4.98473282	      0.00000000	      2.44065729	     11.11922662	      0.00000000
      3.50000000	    -17.99696413	      0.11639605	   -176.04568041	      0.07459037	      0.04536603	     -0.54227721	    -21.61965952	      2.17348369	     -0.01816371	     -2.35771531	     -1.13666045	     -2.42013991	     -0.02512521	      0.01009878	      0.01153658	      0.00000000	      0.00000000	      0.00000000	     -0.01458167	     -0.00832214	      0.00818426	      0.00000000	      0.00000000	      0.00000000	     -0.03701009	     -0.01080105	      0.00440368	    -24.39714315	     -0.30920268	     43.15245226	     61.62842559	      0.00000000	      0.00000000	      0.00000000	      0.00000000	     25.92801407	      8.29559599	    -73.84693010	     24.98561417	      0.00000000	      0.00000000	      0.00000000	      0.00000000	    -25.16828636	     -3.46777964	    -17.77552124	      3.43511116	      4.76614339	     -4.98473282	      0.00000000	     -3.55517547	     -1.21605071	      0.00000000	    -27.83948233	     -5.05879634	    -32.45611715	      8.70727581	     14.89690267	     -4.98473282	      0.00000000	      2.05450900	     14.71026821	      0.00000000
      3.53333333	    -18.40143583	     -0.07784855	   -175.70665261	      0.07214216	      0.04293525	     -0.54612508	    -21.43318090	      2.24276959	     -0.18437569	     -2.78991342	     -1.46876317	     -2.71963951	     -0.02463166	      0.01077114	      0.00891935	      0.00000000	      0.00000000	      0.00000000	     -0.01959311	     -0.00986063	      0.00890206	      0.00000000	      0.00000000	      0.00000000	     -0.03169331	     -0.01114560	     -0.00386363	    -21.86670868	     -0.26363472	     42.89886922	     56.05614679	      0.00000000	      0.00000000	      0.00000000	      0.00000000	     21.79375168	      5.99709109	    -70.69334455	     17.06443812	      0.00000000	      0.00000000	      0.00000000	      0.00000000	    -26.18646163	     -3.10241364	    -18.34014309	      4.14200343	      5.50640648	     -4.98473282	      0.00000000	     -2.68957935	     -0.58322077	      0.00000000	    -28.49199805	     -4.97349132	    -33.38306891	      9.53415046	     14.89690267	     -4.98473282	      0.00000000	      1.97285276	     17.45516781	      0.00000000
      3.56666667	    -19.23492124	     -0.38581829	   -175.37935020	      0.06941701	      0.04076194	     -0.54946492	    -21.75031467	      2.16916090	     -0.44402501	     -3.38573892	     -1.96167235	     -3.04301053	     -0.02494532	      0.01185822	      0.00721449	      0.00000000	      0.00000000	      0.00000000	     -0.02648594	     -0.01081657	      0.01107455	      0.00000000	      0.00000000	      0.00000000	     -0.02760677	     -0.01184217	     -0.01051673	    -19.46176109	      0.99191296	     43.78590007	     49.62384326	      0.00000000	      0.00000000	      0.00000000	      0.00000000	     19.37490846	      4.43949082	    -65.73913521	     13.47631748	      0.00000000	      0.00000000	      0.00000000	      0.00000000	    -27.65411088	     -2.83306084	    -18.78324682	      4.80885185	      6.32190409	     -4.98473282	      0.00000000	     -2.01218529	     -0.88427099	      0.00000000	    -29.39564926	     -4.74553713	    -34.10136095	     10.00000028	     14.89690267	     -4.98473282	      0.00000000	      2.17611408	     18.08867755	      0.00000000
      3.60000000	    -20.62414801	     -0.66144897	   -175.18583756	      0.06616321	      0.03883504	     -0.55140239	    -22.66849272	      2.24793603	     -1.02916328	     -3.02475098	     -2.15245494	     -2.59378495	     -0.02298825	      0.01195975	      0.00523628	      0.00000000	      0.00000000	      0.00000000	     -0.02910447	     -0.01089957	      0.01252043	      0.00000000	      0.00000000	      0.00000000	     -0.02445336	     -0.01109070	     -0.01344077	    -18.30517489	      1.90002090	     45.44809470	     44.98033145	      0.00000000	      0.00000000	      0.00000000	      0.00000000	     18.43704702	      3.09539964	    -61.47060395	     13.30206221	      0.00000000	      0.00000000	      0.00000000	      0.00000000	    -29.71682312	     -2.72732120	    -19.11307563	      5.29533873	      7.49625971	     -4.98473282	      0.00000000	     -1.69437241	     -1.50872910	      0.00000000	    -30.85837082	     -4.58469652	    -34.59828199	     10.00000028	     14.89690267	     -4.98473282	      0.00000000	      2.70719653	     17.72266183	      0.00000000
      3.63333333	    -21.43417124	     -0.47289754	   -175.18565239	      0.06251809	      0.03678758	     -0.55321297	    -22.74934866	      2.50985237	     -1.30227395	     -3.84333993	     -2.41067071	     -2.39474959	     -0.02333816	      0.01396347	      0.00560130	      0.00000000	      0.00000000	      0.00000000	     -0.02781546	     -0.01064288	      0.01349587	      0.00000000	      0.00000000	      0.00000000	     -0.02224272	     -0.00809400	     -0.01384570	    -18.03651380	      1.41706483	     45.64036443	     42.66590031	      0.00000000	      0.00000000	      0.00000000	      0.00000000	     18.02933569	      2.47884950	    -62.12953147	     12.79540277	      0.00000000	      0.00000000	      0.00000000	      0.00000000	    -30.96818458	     -2.32226007	    -19.07162116	      5.57910922	      7.67787332	     -4.98473282	      0.00000000	     -1.30528907	     -1.52898473	      0.00000000	    -31.93458232	     -4.82720328	    -35.18531594	     10.00000028	     14.89690267	     -4.98473282	      0.00000000	      3.33952420	     17.42563386	      0.00000000
      3.66666667	    -22.38700417	     -0.41334990	   -175.03513310	      0.05936804	      0.03510342	     -0.55359320	    -23.06117036	      2.78225541	     -1.88875284	     -4.23242731	     -2.37214447	     -1.83796007	     -0.02313728	      0.01579268	      0.00612807	      0.00000000	      0.00000000	      0.00000000	     -0.02323764	     -0.00887682	      0.01487569	      0.00000000	      0.00000000	      0.00000000	     -0.02108067	     -0.00457295	     -0.01504793	    -18.53867732	      0.40561320	     45.43362048	     42.09546646	      0.00000000	      0.00000000	      0.00000000	      0.00000000	     17.43318745	      2.31481442	    -64.73867581	     11.59085591	      0.00000000	      0.00000000	      0.00000000	      0.00000000	    -32.26579874	     -2.15488158	    -18.83993507	      5.55871699	      7.60273759	     -4.98473282	      0.00000000	     -1.04204876	     -1.06077308	      0.00000000	    -33.16642864	     -5.04148110	    -35.45377040	     10.00000028	     14.89690267	     -4.98473282	      0.00000000	      3.71860579	     17.83667220	      0.00000000
      3.70000000	    -22.69464568	     -0.53729224	   -175.13187491	      0.05789917	      0.03424989	     -0.55287888	    -22.84445337	      2.93765947	     -1.95233155	     -4.21885662	     -2.34675564	     -1.87485835	     -0.02203047	      0.01577064	      0.00473751	      0.00000000	      0.00000000	      0.00000000	     -0.01896729	     -0.00821504	      0.01369319	      0.00000000	      0.00000000	      0.00000000	     -0.02039553	     -0.00512210	     -0.01426395	    -19.96721305	     -0.79895358	     45.51393663	     42.87394768	      0.00000000	      0.00000000	      0.00000000	      0.00000000	     17.97792638	      2.99832851	    -73.62422899	     11.06201902	      0.00000000	      0.00000000	      0.00000000	      0.00000000	    -32.62900902	     -2.36694799	    -18.37283206	      5.55578876	      6.35747420	     -4.98473282	      0.00000000	     -0.72552605	      0.07465391	      0.00000000	    -33.71591611	     -4.91864169	    -34.60090008	     10.00000028	     14.89690267	     -4.98473282	      0.00000000	      3.52100580	     16.98464059	      0.00000000
      3.73333333	    -22.97037026	     -0.82510737	   -175.33658746	      0.05801444	      0.03411156	     -0.55194925	    -22.75174656	      2.74490222	     -1.92993917	     -5.20464655	     -1.93183169	     -1.44775712	     -0.02363086	      0.01756835	      0.00463018	      0.00000000	      0.00000000	      0.00000000	     -0.01478668	     -0.00831415	      0.01447748	      0.00000000	      0.00000000	      0.00000000	     -0.01854232	     -0.00742255	     -0.01126909	    -20.79603175	     -1.34824557	     46.66532128	     43.02354815	      0.00000000	      0.00000000	      0.00000000	      0.00000000	     19.49408502	      3.30571833	    -77.94073967	     12.94077011	      0.00000000	      0.00000000	      0.00000000	      0.00000000	    -32.75382396	     -2.88375620	    -17.74381828	      5.22335827	      6.09913341	     -4.98473282	      0.00000000	     -0.16488649	     -0.16198952	      0.00000000	    -34.18582859	     -4.65350783	    -32.40604852	     10.00000028	     14.89690267	     -4.98473282	      0.00000000	      2.96532629	     14.11121287	      0.00000000
      3.76666667	    -23.08179163	     -1.14843537	   -175.38144026	      0.06001417	      0.03449391	     -0.55067913	    -22.74443940	      2.64365956	     -1.71157561	     -5.28439681	     -1.73664949	     -1.45349326	     -0.02288224	      0.01702394	      0.00382624	      0.00000000	      0.00000000	      0.00000000	     -0.01214936	     -0.00790630	      0.01628215	      0.00000000	      0.00000000	      0.00000000	     -0.01928167	     -0.01130879	     -0.00824698	    -20.82055371	     -1.90042208	     46.56754780	     43.05288767	      0.00000000	      0.00000000	      0.00000000	      0.00000000	     21.19435234	      4.87912844	    -82.87436520	     15.02463296	      0.00000000	      0.00000000	      0.00000000	      0.00000000	    -32.74866305	     -3.35635935	    -17.13649314	      5.20400152	      5.85889247	     -4.98473282	      0.00000000	     -0.18128444	     -1.04031786	      0.00000000	    -34.26948539	     -4.52274424	    -28.84691489	      9.69180622	     14.89690267	     -4.98473282	      0.00000000	      2.29713980	      8.93385301	      0.00000000
      3.80000000	    -23.13624078	     -1.25812332	   -175.47535609	      0.06307795	      0.03486553	     -0.54903601	    -22.87554259	      2.85152976	     -1.69765734	     -5.57240875	     -1.63204198	     -1.34909837	     -0.02329854	      0.01707196	      0.00188637	      0.00000000	      0.00000000	      0.00000000	     -0.01102716	     -0.00666620	      0.01609761	      0.00000000	      0.00000000	      0.00000000	     -0.02319424	     -0.01383688	     -0.00933959	    -21.07038922	     -1.77086436	     45.92131017	     43.32650467	      0.00000000	      0.00000000	      0.00000000	      0.00000000	     21.24283346	      6.58328335	    -82.61390667	     15.76351204	      0.00000000	      0.00000000	      0.00000000	      0.00000000	    -32.40464313	     -3.70810478	    -17.16253005	      4.78036851	      5.82952279	     -4.98473282	      0.00000000	     -0.05191371	     -1.16559089	      0.00000000	    -34.29987872	     -4.34279089	    -28.37677776	      9.94068879	     14.89690267	     -4.98473282	      0.00000000	      1.88581766	      8.76906115	      0.00000000
      3.83333333	    -23.23825986	     -1.15177125	   -175.93150625	      0.06657747	      0.03504362	     -0.54800960	    -23.15766872	      3.01306218	     -0.88804020	     -5.05938007	     -1.64036187	     -1.64629032	     -0.02099315	      0.01589137	      0.00084694	      0.00000000	      0.00000000	      0.00000000	     -0.00828877	     -0.00572708	      0.01562391	      0.00000000	      0.00000000	      0.00000000	     -0.02611121	     -0.01691103	     -0.00769492	    -21.20331509	     -2.62002696	     42.89296656	     45.17930317	      0.00000000	      0.00000000	      0.00000000	      0.00000000	     21.96862101	      8.39301913	    -80.99529652	     17.93325984	      0.00000000	      0.00000000	      0.00000000	      0.00000000	    -31.87904011	     -4.02263232	    -16.86831594	      3.98397518	      6.22645736	     -4.98473282	      0.00000000	      0.40593507	     -1.41047747	      0.00000000	    -34.34622791	     -4.16761142	    -28.55371016	      9.96060170	     14.89690267	     -4.98473282	      0.00000000	      1.09720718	      7.94200093	      0.00000000
      3.86666667	    -23.09996435	     -0.89734770	   -176.23360139	      0.06999846	      0.03522923	     -0.54655733	    -23.24781511	      3.45405973	     -0.57836561	     -4.57827256	     -1.47042385	     -2.48903308	     -0.01928111	      0.01442554	     -0.00289027	      0.00000000	      0.00000000	      0.00000000	     -0.00622392	     -0.00435680	      0.01477099	      0.00000000	      0.00000000	      0.00000000	     -0.02874790	     -0.01910440	     -0.00798130	    -21.51903530	     -2.41052940	     41.29687095	     46.22255990	      0.00000000	      0.00000000	      0.00000000	      0.00000000	     21.60639892	      9.52105312	    -76.81015730	     19.27260292	      0.00000000	      0.00000000	      0.00000000	      0.00000000	    -31.25178022	     -4.09276236	    -17.13635509	      3.49602330	      7.09572450	     -4.98473282	      0.00000000	      0.20283441	     -1.85480450	      0.00000000	    -34.01041152	     -4.04201881	    -30.61336743	     10.00000028	     14.89690267	     -4.98473282	      0.00000000	      1.05649242	     10.10220416	      0.00000000
      3.90000000	    -22.98522793	     -0.63983381	   -176.61309406	      0.07327323	      0.03539755	     -0.54526450	    -23.44827097	      3.71394491	     -0.59343568	     -4.23998972	     -1.45147064	     -2.50038531	     -0.01906655	      0.01336699	     -0.00376355	      0.00000000	      0.00000000	      0.00000000	     -0.00619650	     -0.00396808	      0.01395186	      0.00000000	      0.00000000	      0.00000000	     -0.03244561	     -0.02084778	     -0.00638010	    -22.08361513	     -0.56681598	     43.06402807	     45.78688281	      0.00000000	      0.00000000	      0.00000000	      0.00000000	     21.64389334	     10.57135896	    -74.18023814	     20.50220905	      0.00000000	      0.00000000	      0.00000000	      0.00000000	    -30.71255444	     -4.19680005	    -17.94980273	      3.13602004	      8.85765385	     -4.98473282	      0.00000000	      0.10379999	     -2.63807481	      0.00000000	    -33.62725938	     -3.82216206	    -33.61301560	     10.00000028	     14.89690267	     -4.98473282	      0.00000000	      1.77670140	     13.72884313	      0.00000000
      3.93333333	    -22.76456571	     -0.53579952	   -176.83168513	      0.07655988	      0.03579780	     -0.54422104	    -23.57956891	      3.74600541	     -0.59340990	     -3.60820879	     -1.16716756	     -2.84362231	     -0.01831691	      0.01148396	     -0.00502911	      0.00000000	      0.00000000	      0.00000000	     -0.00791770	     -0.00566867	      0.01316971	      0.00000000	      0.00000000	      0.00000000	     -0.03489534	     -0.02230228	     -0.00458390	    -22.32752117	      1.40323368	     45.38107729	     45.28045415	      0.00000000	      0.00000000	      0.00000000	      0.00000000	     22.13723337	     11.73210157	    -73.79527141	     21.88151414	      0.00000000	      0.00000000	      0.00000000	      0.00000000	    -30.18314789	     -4.38663672	    -18.65744233	      2.91955499	      9.96043385	     -4.98473282	      0.00000000	      0.44290724	     -3.06924809	      0.00000000	    -33.15758970	     -3.56269002	    -34.92202995	     10.00000028	     14.89690267	     -4.98473282	      0.00000000	      1.96281023	     14.80783360	      0.00000000
      3.96666667	    -22.43596594	     -0.51021391	   -176.88521892	      0.07949304	      0.03643597	     -0.54317843	    -23.46754942	      3.61892237	     -0.89719704	     -3.95215551	     -0.96256553	     -2.56347773	     -0.01960550	      0.01088704	     -0.00417688	      0.00000000	      0.00000000	      0.00000000	     -0.00919287	     -0.00962446	      0.01254495	      0.00000000	      0.00000000	      0.00000000	     -0.03714576	     -0.02325917	     -0.00207310	    -22.54032156	      3.32100883	     48.08645950	     45.66080225	      0.00000000	      0.00000000	      0.00000000	      0.00000000	     23.08023277	     12.69594196	    -73.98433051	     23.60099968	      0.00000000	      0.00000000	      0.00000000	      0.00000000	    -29.77495830	     -4.52173132	    -19.83663259	      3.16146383	     10.88061231	     -4.98473282	      0.00000000	      0.34532952	     -3.04238222	      0.00000000	    -32.59004239	     -3.34481795	    -35.89449931	     10.00000028	     14.89690267	     -4.98473282	      0.00000000	      2.32219776	     16.06785103	      0.00000000
      4.00000000	    -22.16589219	     -0.52143259	   -176.82170749	      0.08225148	      0.03726490	     -0.54223704	    -23.38035849	      3.41555280	     -1.12623008	     -4.42735288	     -1.02988383	     -1.98027315	     -0.02076104	      0.01058552	     -0.00156510	      0.00000000	      0.00000000	      0.00000000	     -0.00872936	     -0.01403111	      0.01223735	      0.00000000	      0.00000000	      0.00000000	     -0.03898024	     -0.02335893	      0.00013235	    -22.67324418	      4.50583888	     49.29936554	     47.24918438	      0.00000000	      0.00000000	      0.00000000	      0.00000000	     24.23727681	     13.79571339	    -74.11068020	     25.87820514	      0.00000000	      0.00000000	      0.00000000	      0.00000000	    -29.52814894	     -4.58825008	    -20.88408662	      3.60823267	     11.25409632	     -4.98473282	      0.00000000	      0.11305804	     -2.16506776	      0.00000000	    -32.11600214	     -3.22656484	    -36.59965490	     10.00000028	     14.89690267	     -4.98473282	      0.00000000	      2.40724724	     17.28984119	      0.00000000
      4.03333333	    -22.10198146	     -0.60340447	   -176.73256662	      0.08459514	      0.03827972	     -0.54115833	    -23.48367296	      3.13626352	     -1.19606044	     -4.98562913	     -1.40162900	     -1.31742074	     -0.02165283	      0.01070145	      0.00215837	      0.00000000	      0.00000000	      0.00000000	     -0.00561581	     -0.01707848	      0.01294470	      0.00000000	      0.00000000	      0.00000000	     -0.03902083	     -0.02310326	      0.00288782	    -22.74914258	      4.94587430	     49.13780499	     49.46244277	      0.00000000	      0.00000000	      0.00000000	      0.00000000	     25.76625329	     14.69628035	    -73.28161310	     29.48320642	      0.00000000	      0.00000000	      0.00000000	      0.00000000	    -29.54544447	     -4.66028053	    -21.51437732	      4.16382317	     10.95401076	     -4.98473282	      0.00000000	     -0.23481080	     -0.64603419	      0.00000000	    -31.89644622	     -3.10075894	    -37.27653722	     10.00000028	     14.89690267	     -4.98473282	      0.00000000	      2.41669248	     18.61306747	      0.00000000
      4.06666667	    -22.27682081	     -0.73531121	   -176.73016668	      0.08657867	      0.03948851	     -0.54009873	    -23.95303838	      2.79147394	     -1.23683304	     -5.25796413	     -1.68405980	     -0.73371993	     -0.02233102	      0.01091210	      0.00489288	      0.00000000	      0.00000000	      0.00000000	     -0.00132913	     -0.01755788	      0.01464028	      0.00000000	      0.00000000	      0.00000000	     -0.03561108	     -0.02216536	      0.00567108	    -22.62399943	      5.16079184	     48.31392374	     51.40731052	      0.00000000	      0.00000000	      0.00000000	      0.00000000	     27.31280731	     14.31445844	    -69.47424682	     34.77765981	      0.00000000	      0.00000000	      0.00000000	      0.00000000	    -29.68484202	     -4.78696474	    -21.41055100	      4.53803765	      9.31651762	     -4.98473282	      0.00000000	     -0.37753200	      1.29765938	      0.00000000	    -31.92485042	     -2.93258598	    -37.91138905	     10.00000028	     14.89690267	     -4.98473282	      0.00000000	      2.39688681	     19.83395842	      0.00000000
      4.10000000	    -22.38693691	     -0.87371523	   -176.99168203	      0.08795959	      0.04085319	     -0.53896233	    -24.36213830	      2.41261151	     -1.03899528	     -5.25946482	     -2.24871724	     -0.19784638	     -0.02186195	      0.01086316	      0.00748762	      0.00000000	      0.00000000	      0.00000000	      0.00183999	     -0.01580295	      0.01518984	      0.00000000	      0.00000000	      0.00000000	     -0.03334393	     -0.02163105	      0.00756802	    -22.69809601	      5.37879533	     47.63144694	     52.87850076	      0.00000000	      0.00000000	      0.00000000	      0.00000000	     28.63652050	     14.17114110	    -66.94553317	     40.02370588	      0.00000000	      0.00000000	      0.00000000	      0.00000000	    -29.57797963	     -5.13886097	    -20.56320448	      4.45438304	      8.18218538	     -4.98473282	      0.00000000	     -0.75802196	      1.60536790	      0.00000000	    -31.96461931	     -2.65331950	    -37.82471625	     10.00000028	     14.89690267	     -4.98473282	      0.00000000	      2.18189015	     19.65551274	      0.00000000
      4.13333333	    -22.35678579	     -0.82122076	   -177.38476370	      0.08884586	      0.04199768	     -0.53830852	    -24.72767342	      2.07019830	     -0.84207195	     -5.03509201	     -2.43237640	      0.29288356	     -0.02200750	      0.01109164	      0.00996685	      0.00000000	      0.00000000	      0.00000000	      0.00403732	     -0.01270727	      0.01471343	      0.00000000	      0.00000000	      0.00000000	     -0.03280392	     -0.01960204	      0.00803601	    -22.84807487	      5.86907837	     47.37238278	     53.85544937	      0.00000000	      0.00000000	      0.00000000	      0.00000000	     29.17948891	     13.87997830	    -64.29797405	     44.46787150	      0.00000000	      0.00000000	      0.00000000	      0.00000000	    -29.01447497	     -5.37412157	    -19.75060156	      3.77486323	      7.37378035	     -4.98473282	      0.00000000	     -0.97081946	      1.18024096	      0.00000000	    -31.89049108	     -2.54878920	    -37.67831193	     10.00000028	     14.89690267	     -4.98473282	      0.00000000	      1.81254673	     19.33808070	      0.00000000
      4.16666667	    -22.08587632	     -0.61171904	   -177.69381885	      0.08940990	      0.04293406	     -0.53846699	    -24.90027670	      1.81721070	     -0.79413656	     -4.87014118	     -2.15060948	      0.77302782	     -0.02282750	      0.01140846	      0.01138786	      0.00000000	      0.00000000	      0.00000000	      0.00580595	     -0.00989034	      0.01176928	      0.00000000	      0.00000000	      0.00000000	     -0.03584128	     -0.01735360	      0.00748623	    -23.40546500	      6.84358712	     47.74023643	     54.82377740	      0.00000000	      0.00000000	      0.00000000	      0.00000000	     29.37918665	     14.50351569	    -62.55440546	     47.62028857	      0.00000000	      0.00000000	      0.00000000	      0.00000000	    -28.07940460	     -5.38394362	    -19.19951055	      2.84655973	      7.11443277	     -4.98473282	      0.00000000	     -1.03993940	      0.69596591	      0.00000000	    -31.39245362	     -2.90701748	    -37.39508205	      9.33366070	     14.89690267	     -4.98473282	      0.00000000	      1.88809852	     19.31253277	      0.00000000
      4.20000000	    -21.86803000	     -0.46259625	   -177.89715252	      0.08975538	      0.04357839	     -0.53914905	    -25.21178677	      1.42440726	     -0.77247794	     -4.87461598	     -1.55644835	      0.97924200	     -0.02517611	      0.01256682	      0.01287405	      0.00000000	      0.00000000	      0.00000000	      0.00807604	     -0.00852109	      0.00737537	      0.00000000	      0.00000000	      0.00000000	     -0.04006298	     -0.01597824	      0.00675804	    -24.32788673	      8.28196607	     48.57981100	     55.97769248	      0.00000000	      0.00000000	      0.00000000	      0.00000000	     29.79747747	     16.17774482	    -61.58613270	     50.10255424	      0.00000000	      0.00000000	      0.00000000	      0.00000000	    -27.20644833	     -5.37042782	    -19.05358179	      1.88366908	      7.21521567	     -4.98473282	      0.00000000	     -0.88494819	      0.61935007	      0.00000000	    -30.71056724	     -3.54101076	    -37.00359882	      7.80844174	     14.89690267	     -4.98473282	      0.00000000	      2.79542098	     19.56040863	      0.00000000
      4.23333333	    -21.62918363	     -0.43527620	   -178.03280179	      0.09001989	      0.04401031	     -0.53928616	    -25.55185029	      0.99528449	     -0.85243058	     -4.91801654	     -0.87057849	      0.86456773	     -0.02819477	      0.01360187	      0.01363670	      0.00000000	      0.00000000	      0.00000000	      0.00977814	     -0.00945970	      0.00305943	      0.00000000	      0.00000000	      0.00000000	     -0.04185390	     -0.01659718	      0.00646731	    -25.56880600	     10.54371450	     49.94155244	     57.19518189	      0.00000000	      0.00000000	      0.00000000	      0.00000000	     30.59595877	     18.07174546	    -60.51610401	     52.86790128	      0.00000000	      0.00000000	      0.00000000	      0.00000000	    -26.36169651	     -5.54029530	    -18.95568954	      0.94017559	      7.43886422	     -4.98473282	      0.00000000	     -0.71346583	      0.82681027	      0.00000000	    -30.07608752	     -3.99996512	    -36.58602721	      6.45342390	     14.89690267	     -4.98473282	      0.00000000	      3.89707043	     19.82021761	      0.00000000
      4.26666667	    -21.64908769	     -0.57687097	   -177.99082944	      0.09034817	      0.04422728	     -0.53857474	    -26.25008183	      0.58915353	     -1.02880435	     -4.82986321	     -0.37087448	      0.40093616	     -0.03137906	      0.01447453	      0.01398424	      0.00000000	      0.00000000	      0.00000000	      0.00970703	     -0.01165018	      0.00119310	      0.00000000	      0.00000000	      0.00000000	     -0.03979559	     -0.01726752	      0.00570749	    -26.52483829	     13.47519740	     51.06376254	     58.01107813	      0.00000000	      0.00000000	      0.00000000	      0.00000000	     31.23234780	     19.69631294	    -58.99462678	     55.79745846	      0.00000000	      0.00000000	      0.00000000	      0.00000000	    -25.83801748	     -5.91303037	    -18.71562266	     -0.14650393	      7.49389514	     -4.98473282	      0.00000000	     -0.45119039	      0.91108931	      0.00000000	    -29.63589402	     -4.25033915	    -36.27492513	      5.26379964	     14.89690267	     -4.98473282	      0.00000000	      5.18128527	     19.67123134	      0.00000000
      4.30000000	    -21.88080697	     -0.77368635	   -177.74434580	      0.09127786	      0.04445349	     -0.53712835	    -27.35018746	      0.35389791	     -1.43581301	     -4.27166070	     -0.06917512	     -0.10337524	     -0.03397476	      0.01420491	      0.01371193	      0.00000000	      0.00000000	      0.00000000	      0.00834070	     -0.01390462	      0.00276094	      0.00000000	      0.00000000	      0.00000000	     -0.03404423	     -0.01654741	      0.00491250	    -26.79403214	     16.71275199	     51.25521196	     58.52666186	      0.00000000	      0.00000000	      0.00000000	      0.00000000	     31.66526588	     20.19310517	    -56.77128136	     59.54266853	      0.00000000	      0.00000000	      0.00000000	      0.00000000	    -25.49718430	     -6.30577344	    -17.50904128	     -1.50407388	      6.87771949	     -4.98473282	      0.00000000	     -0.50208555	     -0.02188827	      0.00000000	    -29.20613623	     -4.47460108	    -35.50519125	      3.98780853	     14.89690267	     -4.98473282	      0.00000000	      6.15223225	     17.84353824	      0.00000000
      4.33333333	    -22.27254309	     -0.95521871	   -177.45043304	      0.09340467	      0.04450346	     -0.53564447	    -28.87175815	      0.19097919	     -1.64049148	     -3.22098532	     -0.20958235	     -0.60518365	     -0.03579462	      0.01283362	      0.01436977	      0.00000000	      0.00000000	      0.00000000	      0.00828734	     -0.01484263	      0.00516621	      0.00000000	      0.00000000	      0.00000000	     -0.02741582	     -0.01458754	      0.00445408	    -26.66025732	     18.80771146	     49.24198128	     60.27777230	      0.00000000	      0.00000000	      0.00000000	      0.00000000	     32.28689935	     20.39124125	    -54.87138076	     63.93880843	      0.00000000	      0.00000000	      0.00000000	      0.00000000	    -24.88531430	     -6.66343628	    -14.78542426	     -3.76631640	      5.45039189	     -4.98473282	      0.00000000	     -0.59689890	     -2.48541185	      0.00000000	    -28.51500669	     -4.92302372	    -33.75518810	      1.82218032	     14.89690267	     -4.98473282	      0.00000000	      7.40215267	     14.01664174	      0.00000000
      4.36666667	    -21.72945641	     -1.23274224	   -176.91346901	      0.09840397	      0.04409195	     -0.53500202	    -29.71866022	     -0.08763879	     -2.16090521	     -2.62143723	     -0.23156512	     -0.96714542	     -0.03878667	      0.01123728	      0.01442541	      0.00000000	      0.00000000	      0.00000000	      0.00917989	     -0.01507237	      0.00703877	      0.00000000	      0.00000000	      0.00000000	     -0.02181056	     -0.01158468	      0.00300219	    -26.07094349	     20.31812578	     45.98227364	     63.09235410	      0.00000000	      0.00000000	      0.00000000	      0.00000000	     33.02375955	     20.93747861	    -53.24837486	     67.87972253	      0.00000000	      0.00000000	      0.00000000	      0.00000000	    -22.44725793	     -6.90968787	     -9.58313000	     -7.50376440	      1.99907962	     -4.98473282	      0.00000000	     -0.25183375	     -6.12583645	      0.00000000	    -25.49593040	     -5.90596920	    -27.48695991	     -3.27940790	     14.89690267	     -4.98473282	      0.00000000	      9.18340833	      4.75557230	      0.00000000
      4.40000000	    -15.15559240	     -1.83142634	   -172.25375637	      0.11475635	      0.04163712	     -0.53273112	    -25.32243475	      0.63346250	     -6.54087732	     -0.83091222	     -0.22477278	     -0.96703594	     -0.04159041	      0.00399066	      0.01507184	      0.00000000	      0.00000000	      0.00000000	      0.00575084	     -0.01791548	      0.00772733	      0.00000000	      0.00000000	      0.00000000	     -0.01691827	     -0.01484158	      0.00527653	    -25.59454437	     22.42922896	     42.06478679	     66.08421432	      0.00000000	      0.00000000	      0.00000000	      0.00000000	     35.45592339	     22.55716250	    -50.88093759	     72.23217245	      0.00000000	      0.00000000	      0.00000000	      0.00000000	    -12.88489012	     -7.79695498	    -12.87848394	    -13.35636821	     -1.14357391	     -4.98473282	      0.00000000	      3.31862474	     -1.43447145	      0.00000000	     -9.76436990	     -5.61023496	     -0.29803144	    -17.37777249	     -0.58029156	     -4.98473282	      0.00000000	     13.68337238	     -1.98155974	      0.00000000
      4.43333333	    -12.32652024	     -1.45940704	   -171.75513489	      0.12332881	      0.03783231	     -0.53163868	    -24.04907130	      0.93737582	     -7.16382856	     -0.00315056	     -0.33732525	     -1.11978082	     -0.04229575	      0.00131309	      0.01276464	      0.00000000	      0.00000000	      0.00000000	      0.00570316	     -0.01581539	      0.00414682	      0.00000000	      0.00000000	      0.00000000	     -0.00959287	     -0.01620283	      0.00818233	    -26.27313769	     23.46180165	     38.63827947	     70.39898721	      0.00000000	      0.00000000	      0.00000000	      0.00000000	     37.73182070	     23.72017489	    -47.44034910	     76.07702551	      0.00000000	      0.00000000	      0.00000000	      0.00000000	     -6.65304959	     -8.58760889	    -12.20245999	    -18.97625128	     -1.81825350	     -4.98473282	      0.00000000	      5.50363088	     -0.53639036	      0.00000000	     -2.85596210	     -5.29669837	      2.57757117	    -23.83631697	     -2.94535500	     -4.98473282	      0.00000000	     16.40826172	      1.02344399	      0.00000000
      4.46666667	     -8.45365352	     -0.79337018	   -171.29817817	      0.13310380	      0.03188541	     -0.53176586	    -21.83766014	      1.21716873	     -7.45848861	      0.09080786	     -0.59838277	     -0.72966106	     -0.04542924	     -0.00028527	      0.01271170	      0.00000000	      0.00000000	      0.00000000	     -0.00192520	     -0.01711990	      0.00163173	      0.00000000	      0.00000000	      0.00000000	     -0.00683474	     -0.01878954	      0.00956728	    -27.48095478	     25.71542789	     35.41554905	     73.45618568	      0.00000000	      0.00000000	      0.00000000	      0.00000000	     40.09643396	     26.63614690	    -43.68511334	     77.96093011	      0.00000000	      0.00000000	      0.00000000	      0.00000000	      1.17391944	     -9.51195884	    -12.41739112	    -25.16738496	     -3.01953428	     -4.98473282	      0.00000000	      8.36759470	      3.85958508	      0.00000000	      5.60114938	     -5.63637792	      2.74911091	    -30.63214314	     -2.88418947	     -4.98473282	      0.00000000	     18.65723796	      5.53668291	      0.00000000
      4.50000000	     -7.42175438	     -0.46192626	   -171.87059675	      0.14021658	      0.02468968	     -0.53316264	    -22.81290760	      1.02639681	     -6.53350897	      1.48792469	     -0.04513381	     -0.75871744	     -0.04464841	     -0.00250351	      0.01077471	      0.00000000	      0.00000000	      0.00000000	     -0.00614801	     -0.01900181	     -0.00145454	      0.00000000	      0.00000000	      0.00000000	     -0.00182723	     -0.01687678	      0.00921180	    -29.00310465	     27.28763074	     31.72108215	     77.38206033	      0.00000000	      0.00000000	      0.00000000	      0.00000000	     41.23161483	     28.77916749	    -38.76583735	     80.37547879	      0.00000000	      0.00000000	      0.00000000	      0.00000000	      5.71322419	    -10.13107167	    -11.97636555	    -30.72442437	     -2.07891675	     -4.98473282	      0.00000000	      9.97991796	      5.41710806	      0.00000000	     10.05393254	     -7.23022064	     -0.83115111	    -36.26445725	      0.92395828	     -4.98473282	      0.00000000	     20.00745972	      8.23144904	      0.00000000
      4.53333333	     -2.32313065	      0.60896296	   -172.38766556	      0.15139199	      0.01264607	     -0.53510079	    -19.40056410	      1.10187748	     -5.39174785	      2.24388533	      0.34786740	     -1.02730648	     -0.04414656	     -0.00446066	      0.00878681	      0.00000000	      0.00000000	      0.00000000	     -0.01032853	     -0.02246866	     -0.00073035	      0.00000000	      0.00000000	      0.00000000	     -0.00386413	     -0.01780558	      0.00622301	    -29.69248447	     29.41303712	     28.44527717	     80.07726952	      0.00000000	      0.00000000	      0.00000000	      0.00000000	     41.91681890	     32.02287616	    -34.28682027	     82.33842185	      0.00000000	      0.00000000	      0.00000000	      0.00000000	     15.73835744	    -10.40213360	    -10.60251370	    -37.91319849	     -1.19142303	     -4.98473282	      0.00000000	     11.30579246	      5.35188765	      0.00000000	     20.03832318	     -9.33412034	     -3.86842870	    -43.77404839	      5.62983544	     -4.98473282	      0.00000000	     21.07096515	      7.77087063	      0.00000000
      4.56666667	     -2.02775964	      0.80308091	   -172.47287809	      0.15879997	      0.00069731	     -0.53537152	    -21.55067385	      1.25674072	     -4.57128775	      4.93028776	      0.70644498	     -1.54181953	     -0.04074139	     -0.00762690	      0.00634300	      0.00000000	      0.00000000	      0.00000000	     -0.00858643	     -0.02235140	      0.00090130	      0.00000000	      0.00000000	      0.00000000	     -0.00541005	     -0.01935135	      0.00468216	    -30.60121432	     31.73284716	     24.92898136	     83.43405154	      0.00000000	      0.00000000	      0.00000000	      0.00000000	     43.78104253	     35.24079912	    -29.29006758	     86.34321964	      0.00000000	      0.00000000	      0.00000000	      0.00000000	     19.16768801	    -11.29758163	    -10.93881468	    -43.12578263	      0.45922532	     -4.98473282	      0.00000000	     12.27168857	      5.48102057	      0.00000000	     23.63371467	    -10.87972139	     -5.69573472	    -49.15562343	      7.97473670	     -4.98473282	      0.00000000	     22.17443286	      8.75988917	      0.00000000
      4.60000000	      1.94843209	      1.22077454	   -172.69639038	      0.16876530	     -0.01529033	     -0.53605655	    -19.41700590	      1.07262365	     -3.36310396	      7.05620159	      0.74939847	     -2.37721828	     -0.03458104	     -0.01067231	      0.00513962	      0.00000000	      0.00000000	      0.00000000	     -0.00375126	     -0.01930923	      0.00649572	      0.00000000	      0.00000000	      0.00000000	     -0.00340034	     -0.02086696	      0.00189781	    -30.75825225	     33.27598508	     21.36145202	     87.25534963	      0.00000000	      0.00000000	      0.00000000	      0.00000000	     45.45323998	     38.32466008	    -26.09399758	     90.78882571	      0.00000000	      0.00000000	      0.00000000	      0.00000000	     27.35372841	    -12.70998088	    -11.01914742	    -49.47258147	      3.32333054	     -4.98473282	      0.00000000	     13.28070637	      3.74416969	      0.00000000	     31.70134193	    -12.27402573	     -7.28729126	    -55.15391899	      9.63668264	     -4.98473282	      0.00000000	     23.16101126	      9.61463087	      0.00000000
      4.63333333	      2.30958260	      1.15291270	   -172.27874806	      0.17643756	     -0.03003864	     -0.53631185	    -21.72189432	      1.11651781	     -3.01652603	     10.80608728	      0.29770646	     -3.18240874	     -0.02772869	     -0.01485549	      0.00575390	      0.00000000	      0.00000000	      0.00000000	      0.00334139	     -0.01613144	      0.00912270	      0.00000000	      0.00000000	      0.00000000	     -0.00128121	     -0.02255771	      0.00078130	    -32.80808748	     35.47951914	     16.81186186	     92.69636309	      0.00000000	      0.00000000	      0.00000000	      0.00000000	     48.49578007	     41.55735395	    -21.51991856	     95.20905197	      0.00000000	      0.00000000	      0.00000000	      0.00000000	     30.55226962	    -14.46192458	    -11.64010135	    -54.12254851	      4.37729272	     -4.74142744	      0.00000000	     14.64766598	      4.48600729	      0.00000000	     35.32191920	    -13.11117373	     -7.91204642	    -59.82272586	     10.16937788	     -4.98473282	      0.00000000	     23.97202439	     10.99768143	      0.00000000
      4.66666667	      8.03190106	      1.62567591	   -172.00106945	      0.18695520	     -0.04869194	     -0.53708329	    -17.63765283	      0.94281406	     -2.92565577	     12.74180672	      0.10380174	     -3.87823091	     -0.02144803	     -0.01774161	      0.00623105	      0.00000000	      0.00000000	      0.00000000	      0.01220416	     -0.01827778	      0.00957726	      0.00000000	      0.00000000	      0.00000000	      0.00237774	     -0.02291084	      0.00068819	    -35.87149559	     37.83603074	     12.02254542	     98.34379733	      0.00000000	      0.00000000	      0.00000000	      0.00000000	     50.18786330	     44.24280845	    -17.55574445	     98.06954841	      0.00000000	      0.00000000	      0.00000000	      0.00000000	     40.62809543	    -16.66714715	    -11.30584623	    -60.02282279	      5.03085364	     -3.97372519	      0.00000000	     15.35463017	      5.13920019	      0.00000000	     45.55141382	    -13.50739915	     -7.70041961	    -65.26409204	      8.54191943	     -4.98473282	      0.00000000	     24.32953311	     14.08522500	      0.00000000
      4.70000000	     12.16589382	      2.02776207	   -171.69732021	      0.19566140	     -0.06656801	     -0.53857746	    -15.47817834	      0.74309843	     -3.27642392	     15.06454675	      0.07818387	     -3.88900365	     -0.01704774	     -0.02095638	      0.00875255	      0.00000000	      0.00000000	      0.00000000	      0.02328255	     -0.02297733	      0.00822481	      0.00000000	      0.00000000	      0.00000000	      0.00412279	     -0.02288289	      0.00330830	    -39.62111174	     41.38029779	      7.01328939	    103.30028770	      0.00000000	      0.00000000	      0.00000000	      0.00000000	     52.63357895	     47.68038129	    -11.59032252	     99.22039596	      0.00000000	      0.00000000	      0.00000000	      0.00000000	     48.66513823	    -18.44433965	     -9.42887907	    -65.16060257	      4.85401827	     -1.91016363	      0.00000000	     15.71350061	      4.43965597	      0.00000000	     53.62402802	    -14.08519423	     -7.54333672	    -70.09005638	      8.67297522	     -4.98473282	      0.00000000	     24.44181350	     14.23263164	      0.00000000
      4.73333333	     15.08904734	      2.38398883	   -171.45446539	      0.20287751	     -0.08362326	     -0.54047585	    -14.87272356	      0.53426372	     -3.64984828	     17.51868488	      0.16438530	     -3.64676111	     -0.01600824	     -0.02486060	      0.01256554	      0.00000000	      0.00000000	      0.00000000	      0.03239297	     -0.02698097	      0.00651531	      0.00000000	      0.00000000	      0.00000000	      0.00707147	     -0.02357090	      0.00749542	    -44.02938697	     45.64795548	      1.59674277	    106.86024902	      0.00000000	      0.00000000	      0.00000000	      0.00000000	     56.97854880	     52.07389242	     -3.89337642	     99.46127926	      0.00000000	      0.00000000	      0.00000000	      0.00000000	     55.14330447	    -19.61849221	     -8.76507518	    -69.82924427	      4.58587155	     -1.29405486	      0.00000000	     16.40947589	      3.67699698	      0.00000000	     59.99841452	    -14.80997924	     -7.20743060	    -74.31762446	      8.93503541	     -4.82216677	      0.00000000	     24.76336097	     13.97778156	      0.00000000
      4.76666667	     19.12386152	      2.99556938	   -171.69949629	      0.20966176	     -0.10140210	     -0.54226978	    -12.81240221	      0.45118702	     -3.94883859	     19.74741982	      0.66860026	     -2.80698069	     -0.01499380	     -0.02948452	      0.01446812	      0.00000000	      0.00000000	      0.00000000	      0.03814042	     -0.02636171	      0.00521976	      0.00000000	      0.00000000	      0.00000000	      0.01479750	     -0.02441933	      0.00986657	    -47.33518671	     49.74424460	     -2.97464857	    109.13274602	      0.00000000	      0.00000000	      0.00000000	      0.00000000	     62.79439344	     55.77255858	      4.29362091	    100.61014283	      0.00000000	      0.00000000	      0.00000000	      0.00000000	     62.92555949	    -19.90413435	     -7.30486971	    -74.15827518	      3.99427287	     -0.80019693	      0.00000000	     17.07891031	      2.84538708	      0.00000000	     67.31783786	    -16.00515740	     -6.15682540	    -78.07672726	      9.10212502	     -3.67882960	      0.00000000	     25.29997444	     14.15483410	      0.00000000
      4.80000000	     22.81055271	      3.67629570	   -171.88947733	      0.21553517	     -0.11889877	     -0.54297593	    -11.10668889	      0.71712036	     -4.35481388	     22.05898540	      1.32869660	     -1.50546214	     -0.01441871	     -0.03498177	      0.01512995	      0.00000000	      0.00000000	      0.00000000	      0.03859972	     -0.02419711	      0.00672166	      0.00000000	      0.00000000	      0.00000000	      0.02683457	     -0.02304277	      0.01119080	    -49.54085770	     54.41234382	     -7.21707539	    110.17928046	      0.00000000	      0.00000000	      0.00000000	      0.00000000	     69.03106786	     57.67640990	     12.19748045	    103.95827788	      0.00000000	      0.00000000	      0.00000000	      0.00000000	     69.88193653	    -20.01064980	     -5.63490866	    -77.79346859	      2.95140918	     -0.22646192	      0.00000000	     17.83613749	      2.86765180	      0.00000000	     74.00069081	    -16.99578801	     -4.55581607	    -81.23394517	      8.97051381	     -2.08324645	      0.00000000	     25.96047772	     15.12138879	      0.00000000
      4.83333333	     25.61145380	      4.31495791	   -171.90659592	      0.22044272	     -0.13633598	     -0.54265251	    -10.40805712	      1.29590924	     -5.08071167	     24.44846958	      1.89903368	     -0.19145785	     -0.01403658	     -0.04057406	      0.01454536	      0.00000000	      0.00000000	      0.00000000	      0.03942416	     -0.02469506	      0.00951126	      0.00000000	      0.00000000	      0.00000000	      0.03553501	     -0.02045838	      0.01122292	    -51.29148010	     60.35922730	    -11.63381089	    110.27793441	      0.00000000	      0.00000000	      0.00000000	      0.00000000	     74.48193148	     58.01444548	     19.36650326	    108.14627799	      0.00000000	      0.00000000	      0.00000000	      0.00000000	     75.50715722	    -20.27057381	     -4.04143360	    -81.09761358	      1.57102767	      0.34911780	      0.00000000	     18.77513154	      3.99833634	      0.00000000	     79.68191078	    -17.60604088	     -2.57804332	    -84.23058591	      8.68234544	     -0.36216913	      0.00000000	     26.47399047	     16.20831825	      0.00000000
      4.86666667	     27.91238862	      4.97562701	   -171.73650098	      0.22449599	     -0.15343522	     -0.54138291	    -10.18329536	      2.16327655	     -5.94305688	     26.84948466	      2.34225091	      0.72702119	     -0.01265529	     -0.04595537	      0.01257723	      0.00000000	      0.00000000	      0.00000000	      0.04583871	     -0.02855052	      0.01390123	      0.00000000	      0.00000000	      0.00000000	      0.03803114	     -0.01914363	      0.01129261	    -53.36405622	     67.25518018	    -15.91645357	    110.05547769	      0.00000000	      0.00000000	      0.00000000	      0.00000000	     77.78469369	     58.03233332	     25.28251506	    111.57968551	      0.00000000	      0.00000000	      0.00000000	      0.00000000	     80.28897017	    -20.85297514	     -2.97104463	    -84.20261329	      0.18799586	      0.68617282	      0.00000000	     19.44980789	      5.40967144	      0.00000000	     84.90513916	    -17.80420428	     -0.54253868	    -87.32703414	      8.71241848	      1.10995711	      0.00000000	     26.65928742	     16.39089296	      0.00000000
      4.90000000	     30.42302803	      5.75337988	   -171.57380151	      0.22761488	     -0.17117949	     -0.53964169	     -9.38554913	      3.23347794	     -6.80952750	     28.62791424	      2.45309485	      1.05588946	     -0.01047131	     -0.05053159	      0.00960045	      0.00000000	      0.00000000	      0.00000000	      0.05761258	     -0.03036683	      0.01530285	      0.00000000	      0.00000000	      0.00000000	      0.03587851	     -0.02133270	      0.01130650	    -56.44852912	     72.88496196	    -19.96917702	    110.63609431	      0.00000000	      0.00000000	      0.00000000	      0.00000000	     80.23030330	     58.72995117	     30.78992757	    113.07797948	      0.00000000	      0.00000000	      0.00000000	      0.00000000	     85.26261373	    -21.66932568	     -2.54938352	    -87.41272749	     -0.71636202	      0.67156109	      0.00000000	     19.92626558	      6.28911791	      0.00000000	     90.61017911	    -17.70665479	      1.67065515	    -90.80140427	      9.28180425	      2.23527792	      0.00000000	     26.35051407	     15.41425058	      0.00000000
      4.93333333	     31.75176742	      6.52596782	   -171.52420536	      0.22963323	     -0.18864193	     -0.53806259	     -9.99417747	      4.39370419	     -6.60942352	     30.62022794	      2.01055508	      0.27876306	     -0.00879648	     -0.05401821	      0.00694145	      0.00000000	      0.00000000	      0.00000000	      0.06362902	     -0.03163840	      0.01158835	      0.00000000	      0.00000000	      0.00000000	      0.03497385	     -0.02580549	      0.01059368	    -70.51151353	     75.35728045	    -34.03055758	    111.92524857	      0.00000000	      0.00000000	      0.00000000	      0.00000000	     85.35724897	     61.13015754	     38.53774346	    112.80660914	      0.00000000	      0.00000000	      0.00000000	      0.00000000	     88.87051397	    -22.52657130	     -3.73347608	    -90.60932966	     -1.10108975	     -0.44559471	      0.00000000	     20.37213352	      6.60490156	      0.00000000	     95.14897002	    -17.73022014	      5.40189067	    -93.93825748	     13.06455115	      4.57025168	      0.00000000	     25.49792677	     10.19502896	      0.00000000
      4.96666667	     35.27171026	      7.08542161	   -171.87924986	      0.23072989	     -0.20840518	     -0.53680613	     -7.17657506	      4.68818204	     -6.84178088	     30.23550279	      1.94491172	      0.10496784	     -0.00643754	     -0.05626837	      0.00583874	      0.00000000	      0.00000000	      0.00000000	      0.06677249	     -0.02492215	      0.00938627	      0.00000000	      0.00000000	      0.00000000	      0.03784104	     -0.02673644	      0.00829772	    -73.40236271	     75.81808623	    -36.50493089	    114.22338392	      0.00000000	      0.00000000	      0.00000000	      0.00000000	     88.65882555	     63.03364727	     43.42268933	    112.50906479	      0.00000000	      0.00000000	      0.00000000	      0.00000000	     95.46608083	    -23.41673242	     -3.83225369	    -94.21672892	     -1.38342497	     -1.26689760	      0.00000000	     20.22077948	      6.48045552	      0.00000000	    101.68165275	    -17.66059501	      5.37196077	    -97.76723294	     13.59912401	      3.32909621	      0.00000000	     25.01291299	      9.76365720	      0.00000000
      5.00000000	     36.29603866	      6.88933970	   -172.28109335	      0.23082174	     -0.22707595	     -0.53605453	     -7.67365363	      4.27041549	     -6.23865134	     30.89566308	      2.37935228	     -0.19428468	     -0.00522946	     -0.05766572	      0.00514548	      0.00000000	      0.00000000	      0.00000000	      0.06121130	     -0.02239083	      0.00659332	      0.00000000	      0.00000000	      0.00000000	      0.04185850	     -0.03087975	      0.00824215	    -84.54315729	     74.82573103	    -47.68910248	    115.25930746	      0.00000000	      0.00000000	      0.00000000	      0.00000000	     98.18111905	     63.99282983	     53.65697494	    111.10205885	      0.00000000	      0.00000000	      0.00000000	      0.00000000	     99.60575622	    -24.09504540	     -4.77674253	    -97.76052466	     -2.33735953	     -3.34232804	      0.00000000	     20.31307190	      7.68497794	      0.00000000	    104.80593656	    -18.12935843	      3.38048326	   -101.30677126	     14.89690267	      0.87711130	      0.00000000	     25.26876114	      7.89792573	      0.00000000
      5.03333333	     38.48363231	      6.93115612	   -173.27210220	      0.23005465	     -0.24794596	     -0.53660794	     -5.97366850	      3.64530350	     -4.84528540	     30.11672836	      1.88868198	     -1.08522652	     -0.00271530	     -0.05812979	      0.00682582	      0.00000000	      0.00000000	      0.00000000	      0.05576785	     -0.02027484	      0.00581357	      0.00000000	      0.00000000	      0.00000000	      0.04655309	     -0.02671244	      0.00847631	    -88.60168716	     73.50436392	    -52.05258599	    115.32902126	      0.00000000	      0.00000000	      0.00000000	      0.00000000	    100.77283343	     65.10361995	     56.07046094	    110.94646755	      0.00000000	      0.00000000	      0.00000000	      0.00000000	    105.06828548	    -24.12994525	     -4.47750899	   -101.31939605	     -3.61236549	     -3.88415260	      0.00000000	     20.01252307	      8.63420850	      0.00000000	    109.41399807	    -19.31852057	      2.62478432	   -104.72961088	     14.33515574	     -0.48058664	      0.00000000	     25.67535757	      8.70508986	      0.00000000
      5.06666667	     37.85990225	      6.08542530	   -173.87349840	      0.22904259	     -0.26749924	     -0.53741368	     -8.07729257	      2.28052231	     -3.75255168	     31.19093502	      1.73240264	     -1.64520399	     -0.00011827	     -0.05816423	      0.00924462	      0.00000000	      0.00000000	      0.00000000	      0.05383020	     -0.02772194	      0.00214152	      0.00000000	      0.00000000	      0.00000000	      0.04758156	     -0.02295665	      0.01376062	   -101.05270551	     71.82214443	    -65.97496556	    113.53285424	      0.00000000	      0.00000000	      0.00000000	      0.00000000	    105.38122496	     64.16158538	     60.41628220	    111.06494933	      0.00000000	      0.00000000	      0.00000000	      0.00000000	    107.62824660	    -24.16213577	     -3.61601851	   -104.65493965	     -5.99619950	     -4.19721685	      0.00000000	     20.39155436	     11.15246393	      0.00000000	    110.52724571	    -20.72608631	     -1.12086366	   -108.60854994	     12.29190115	     -4.07322956	      0.00000000	     26.95964853	      9.89773202	      0.00000000
      5.10000000	     38.32995039	      5.83047262	   -175.03771218	      0.22779757	     -0.28859736	     -0.53878749	     -8.13744713	      1.47546836	     -1.99343059	     31.19052887	      1.64103633	     -2.12041282	      0.00371797	     -0.05766385	      0.00940647	      0.00000000	      0.00000000	      0.00000000	      0.05515507	     -0.02878077	     -0.00027773	      0.00000000	      0.00000000	      0.00000000	      0.04916408	     -0.01842889	      0.01731862	   -103.53661488	     70.86304591	    -69.41585673	    112.88215888	      0.00000000	      0.00000000	      0.00000000	      0.00000000	    106.15778594	     64.21562243	     61.16791572	    111.60099810	      0.00000000	      0.00000000	      0.00000000	      0.00000000	    110.82264544	    -23.75610530	     -3.12220638	   -107.85831959	     -6.65292906	     -3.81928788	      0.00000000	     20.79317363	     10.86246219	      0.00000000	    113.71525935	    -22.50560761	     -0.95701802	   -112.36603912	     11.12275667	     -4.98473282	      0.00000000	     27.74139825	     11.29650310	      0.00000000
      5.13333333	     37.55619516	      5.17905663	   -175.59783662	      0.22670177	     -0.30827293	     -0.53922956	    -10.00863133	      0.64368064	     -1.17542459	     32.02881580	      1.64410968	     -2.50888577	      0.00587034	     -0.05741771	      0.00762229	      0.00000000	      0.00000000	      0.00000000	      0.05663469	     -0.03486075	     -0.00285782	      0.00000000	      0.00000000	      0.00000000	      0.04758164	     -0.01515343	      0.01970862	   -111.18711589	     69.73389283	    -77.80964308	    111.55877279	      0.00000000	      0.00000000	      0.00000000	      0.00000000	    108.20225212	     63.43401232	     63.43332108	    112.46116347	      0.00000000	      0.00000000	      0.00000000	      0.00000000	    112.61535778	    -23.80546597	     -1.12691637	   -111.11186259	     -6.13379101	     -2.72983779	      0.00000000	     21.95931688	     10.91749356	      0.00000000	    115.42834284	    -23.58737698	     -0.25294890	   -115.57017149	      8.19876589	     -4.98473282	      0.00000000	     28.55278692	     14.94058904	      0.00000000
      5.16666667	     36.42753955	      4.73408518	   -175.84094307	      0.22531909	     -0.32689476	     -0.53882311	    -12.24901025	      0.28008776	     -0.78865891	     33.16105702	      1.61376937	     -2.24540881	      0.00843750	     -0.05725098	      0.00629132	      0.00000000	      0.00000000	      0.00000000	      0.05357048	     -0.03435138	     -0.00282279	      0.00000000	      0.00000000	      0.00000000	      0.04545053	     -0.01351732	      0.02196180	   -114.57545813	     69.08251298	    -80.80352563	    111.33137581	      0.00000000	      0.00000000	      0.00000000	      0.00000000	    109.69993120	     62.40675261	     65.58306375	    113.58135697	      0.00000000	      0.00000000	      0.00000000	      0.00000000	    113.83616099	    -24.18375711	     -0.51714761	   -114.07239047	     -6.12372484	     -2.94476034	      0.00000000	     22.81390851	     10.69222855	      0.00000000	    116.93927360	    -23.83064658	      0.86853231	   -118.89019578	      8.12112665	     -4.98473282	      0.00000000	     28.64501131	     14.84469689	      0.00000000
      5.20000000	     35.10358557	      4.24795131	   -175.78928114	      0.22319379	     -0.34383554	     -0.53804526	    -14.68207449	      0.11021122	     -0.96470984	     33.95128806	      1.72448599	     -2.45082568	      0.00978651	     -0.05770264	      0.00273983	      0.00000000	      0.00000000	      0.00000000	      0.04847235	     -0.03404405	     -0.00201645	      0.00000000	      0.00000000	      0.00000000	      0.04285007	     -0.01399095	      0.02020666	   -117.57359794	     68.68139318	    -83.15362284	    110.75686164	      0.00000000	      0.00000000	      0.00000000	      0.00000000	    110.85834424	     62.05920675	     67.55211349	    114.38870075	      0.00000000	      0.00000000	      0.00000000	      0.00000000	    114.76413911	    -24.73753435	     -0.20383603	   -116.85786768	     -5.95306570	     -3.75579718	      0.00000000	     23.78386093	     10.36056101	      0.00000000	    117.85385861	    -23.55188505	      1.63077440	   -121.91061134	      9.55310450	     -4.98473282	      0.00000000	     28.19273015	     11.79878202	      0.00000000
      5.23333333	     33.71486961	      3.90280176	   -175.78036945	      0.22068375	     -0.35861917	     -0.53756618	    -17.15670761	      0.12683637	     -1.36193544	     34.90728488	      1.93099478	     -1.95330368	      0.01210793	     -0.05828289	     -0.00001752	      0.00000000	      0.00000000	      0.00000000	      0.04500093	     -0.03175751	     -0.00067675	      0.00000000	      0.00000000	      0.00000000	      0.04066231	     -0.01390998	      0.01737449	   -119.24760698	     68.79802076	    -83.89610168	    110.65752280	      0.00000000	      0.00000000	      0.00000000	      0.00000000	    110.47782080	     61.86347876	     67.76637228	    115.30290523	      0.00000000	      0.00000000	      0.00000000	      0.00000000	    115.28895423	    -24.97396460	     -0.42911171	   -119.27447109	     -5.83518722	     -4.75913167	      0.00000000	     24.50494229	      9.11892691	      0.00000000	    118.30689126	    -23.17505442	      2.51141901	   -124.61710451	     11.60579520	     -4.98473282	      0.00000000	     27.76232819	      7.68813516	      0.00000000
      5.26666667	     32.75273487	      3.43365701	   -175.96103698	      0.21813172	     -0.37193339	     -0.53790151	    -19.01253966	     -0.24777329	     -1.87954494	     35.64035315	      2.58510991	     -1.51689014	      0.01533962	     -0.05867156	     -0.00253779	      0.00000000	      0.00000000	      0.00000000	      0.04627044	     -0.03017757	      0.00130902	      0.00000000	      0.00000000	      0.00000000	      0.04000213	     -0.01323796	      0.01519367	   -120.67463624	     69.51619912	    -84.44928836	    110.93451598	      0.00000000	      0.00000000	      0.00000000	      0.00000000	    109.39153139	     61.56392013	     66.54034709	    116.22642025	      0.00000000	      0.00000000	      0.00000000	      0.00000000	    116.16770582	    -24.64361359	      0.17098023	   -121.46367051	     -5.29966302	     -4.98473282	      0.00000000	     24.81923761	      7.13175833	      0.00000000	    118.78160394	    -23.12033991	      3.27698376	   -127.09813994	     13.74791570	     -4.98473282	      0.00000000	     27.22596373	      3.45789968	      0.00000000
      5.30000000	     32.27554837	      3.05374716	   -176.19592718	      0.21576696	     -0.38343656	     -0.53898597	    -20.11434383	     -0.71683216	     -2.00832611	     35.75349028	      2.56084483	     -1.38395758	      0.01804126	     -0.05928638	     -0.00236529	      0.00000000	      0.00000000	      0.00000000	      0.05005037	     -0.03011734	      0.00285696	      0.00000000	      0.00000000	      0.00000000	      0.04287356	     -0.01485906	      0.01558974	   -121.42911727	     69.95871183	    -84.02679911	    111.29384930	      0.00000000	      0.00000000	      0.00000000	      0.00000000	    109.62931850	     61.14746852	     66.01679432	    116.72385846	      0.00000000	      0.00000000	      0.00000000	      0.00000000	    117.24763619	    -24.30219415	      0.80659417	   -123.28735458	     -5.47671510	     -4.98473282	      0.00000000	     25.11648174	      6.76915406	      0.00000000	    119.61714317	    -23.21581670	      4.12720481	   -129.10889115	     13.57804857	     -4.98473282	      0.00000000	     26.75843132	      3.10612598	      0.00000000
      5.33333333	     32.30325275	      2.10801054	   -176.74790376	      0.21354879	     -0.39349995	     -0.54050537	    -20.31459027	     -2.01153817	     -2.56293524	     35.63405785	      3.39526151	     -0.33198761	      0.02265026	     -0.05965892	     -0.00272630	      0.00000000	      0.00000000	      0.00000000	      0.05674106	     -0.03030328	      0.00662830	      0.00000000	      0.00000000	      0.00000000	      0.04618994	     -0.01542671	      0.01953537	   -122.94911234	     72.25491222	    -84.10968662	    111.05126499	      0.00000000	      0.00000000	      0.00000000	      0.00000000	    108.32607719	     59.64270072	     63.67306166	    117.53510443	      0.00000000	      0.00000000	      0.00000000	      0.00000000	    118.91361593	    -23.52581802	      1.63179672	   -124.92724670	     -5.19934057	     -4.98473282	      0.00000000	     25.35230656	      5.48361850	      0.00000000	    120.31602336	    -24.13941899	      4.34950203	   -130.84795519	     14.49422299	     -4.98473282	      0.00000000	     26.59278837	      2.22281276	      0.00000000
      5.36666667	     32.72142506	      1.26251277	   -177.08271683	      0.21175186	     -0.40194402	     -0.54194731	    -19.91239358	     -3.16139420	     -2.89222820	     35.00281022	      3.71681275	      0.25272089	      0.02560077	     -0.06033263	     -0.00191731	      0.00000000	      0.00000000	      0.00000000	      0.06015815	     -0.03311078	      0.01015340	      0.00000000	      0.00000000	      0.00000000	      0.05018465	     -0.01522548	      0.02303074	   -124.13038758	     73.99709942	    -84.15099241	    109.80696766	      0.00000000	      0.00000000	      0.00000000	      0.00000000	    106.55147197	     59.26101143	     61.23063636	    118.33630779	      0.00000000	      0.00000000	      0.00000000	      0.00000000	    120.73984281	    -23.09210818	      2.77750200	   -126.42363699	     -4.33856565	     -4.78478488	      0.00000000	     25.74193874	      4.67366738	      0.00000000	    121.38996662	    -24.84259694	      4.57293801	   -132.12052553	     14.89690267	     -4.98473282	      0.00000000	     26.01645347	      2.66272989	      0.00000000
      5.40000000	     32.84389693	      0.59896469	   -177.42901163	      0.21005183	     -0.40832972	     -0.54305261	    -19.75274815	     -3.94381386	     -3.03745533	     34.41030235	      3.89088613	      0.63038981	      0.02764583	     -0.06087890	     -0.00220910	      0.00000000	      0.00000000	      0.00000000	      0.06134682	     -0.03542508	      0.01128963	      0.00000000	      0.00000000	      0.00000000	      0.05250119	     -0.01576770	      0.02317920	   -123.70694445	     75.23710712	    -83.38506702	    108.70364701	      0.00000000	      0.00000000	      0.00000000	      0.00000000	    104.22015782	     59.91535078	     58.90874709	    118.59774054	      0.00000000	      0.00000000	      0.00000000	      0.00000000	    121.87312887	    -22.86955506	      3.89084088	   -127.56690089	     -3.36097099	     -4.20554019	      0.00000000	     26.29462841	      3.95401936	      0.00000000	    122.02696019	    -25.76057700	      4.72289574	   -133.05478934	     14.83395894	     -4.98473282	      0.00000000	     26.04543059	      4.15351983	      0.00000000
      5.43333333	     32.71078187	      0.26141230	   -177.55026575	      0.20842770	     -0.41248468	     -0.54349414	    -19.77226399	     -4.15407759	     -2.98871728	     33.93056880	      3.64880453	      0.55792791	      0.02959084	     -0.06107786	     -0.00254308	      0.00000000	      0.00000000	      0.00000000	      0.06089334	     -0.03675441	      0.01003266	      0.00000000	      0.00000000	      0.00000000	      0.05376595	     -0.01456380	      0.02098311	   -120.09609732	     75.50941612	    -80.20262967	    108.41772670	      0.00000000	      0.00000000	      0.00000000	      0.00000000	    100.45239059	     61.53683914	     55.25029196	    118.89549352	      0.00000000	      0.00000000	      0.00000000	      0.00000000	    122.37332688	    -23.00016410	      5.24008206	   -128.35109882	     -1.75172170	     -3.21470573	      0.00000000	     26.57259084	      2.57597803	      0.00000000	    122.29125391	    -26.26997131	      4.82158930	   -133.74447514	     14.73711308	     -4.98473282	      0.00000000	     26.09581672	      5.00012610	      0.00000000
      5.46666667	     32.55740075	      0.36824210	   -177.62002513	      0.20710686	     -0.41419774	     -0.54383488	    -19.78882008	     -3.71016906	     -2.24804462	     33.89062113	      3.13558456	     -0.02535359	      0.03187087	     -0.06081055	     -0.00432111	      0.00000000	      0.00000000	      0.00000000	      0.05761691	     -0.03076152	      0.00575691	      0.00000000	      0.00000000	      0.00000000	      0.05524547	     -0.01748594	      0.01884543	   -109.38176035	     74.70366168	    -69.79765775	    110.14546743	      0.00000000	      0.00000000	      0.00000000	      0.00000000	     98.69129610	     63.23265766	     53.62180361	    118.18085464	      0.00000000	      0.00000000	      0.00000000	      0.00000000	    122.45407011	    -23.14469999	      4.82850064	   -128.67281915	     -1.38044127	     -3.21546825	      0.00000000	     26.05916129	      1.00072169	      0.00000000	    122.52468332	    -26.46251617	      5.17789736	   -134.12947230	     14.44507577	     -4.98473282	      0.00000000	     26.16728890	      5.44673626	      0.00000000
      5.50000000	     32.36419150	      0.75900044	   -177.28498701	      0.20630486	     -0.41256127	     -0.54413568	    -20.11856548	     -2.86632738	     -1.94529433	     34.16781802	      2.41257360	     -0.65266937	      0.03265208	     -0.06016186	     -0.00473806	      0.00000000	      0.00000000	      0.00000000	      0.05461029	     -0.03187483	      0.00574684	      0.00000000	      0.00000000	      0.00000000	      0.05437317	     -0.02085863	      0.01807473	   -108.31996321	     73.95917362	    -68.83837671	    109.84852516	      0.00000000	      0.00000000	      0.00000000	      0.00000000	     99.06310552	     64.08441367	     53.70810707	    117.10856921	      0.00000000	      0.00000000	      0.00000000	      0.00000000	    122.00643746	    -23.52714775	      4.46211296	   -128.57302757	     -1.92003026	     -3.28859390	      0.00000000	     25.95600090	      1.55855721	      0.00000000	    122.33898672	    -25.89680981	      5.29210693	   -134.00165194	     14.22923502	     -4.98473282	      0.00000000	     26.02198546	      4.76240222	      0.00000000
      5.53333333	     32.11279876	      1.33538740	   -177.25249003	      0.20584552	     -0.40798554	     -0.54525244	    -20.62003650	     -1.95482126	     -1.02052304	     34.78219704	      1.35930106	     -1.40679322	      0.03337357	     -0.05875843	     -0.00460719	      0.00000000	      0.00000000	      0.00000000	      0.05083379	     -0.03020583	      0.00555367	      0.00000000	      0.00000000	      0.00000000	      0.05443652	     -0.02440653	      0.01905389	   -106.55631416	     73.11047828	    -66.63197829	    109.88329001	      0.00000000	      0.00000000	      0.00000000	      0.00000000	    101.04146230	     64.36981307	     55.55862057	    116.03963256	      0.00000000	      0.00000000	      0.00000000	      0.00000000	    120.98131227	    -23.27287985	      2.71531882	   -127.90300749	     -4.42404188	     -4.01775995	      0.00000000	     25.41234358	      2.95332197	      0.00000000	    121.98054645	    -25.53083100	      5.70783432	   -133.56515934	     14.89690267	     -4.98473282	      0.00000000	     25.68823808	      2.77596310	      0.00000000
      5.56666667	     32.16449170	      1.70363679	   -176.80146430	      0.20572233	     -0.40105099	     -0.54648139	    -20.82889515	     -1.28278559	     -0.74366173	     35.41378145	      0.47441674	     -1.92746259	      0.03407780	     -0.05693772	     -0.00332109	      0.00000000	      0.00000000	      0.00000000	      0.04870655	     -0.02996954	      0.00679755	      0.00000000	      0.00000000	      0.00000000	      0.05420756	     -0.02578447	      0.01974245	   -106.06066978	     73.01535469	    -65.86343842	    109.50329165	      0.00000000	      0.00000000	      0.00000000	      0.00000000	    102.51929646	     64.47955076	     56.87341817	    115.40719181	      0.00000000	      0.00000000	      0.00000000	      0.00000000	    120.22780331	    -23.12645111	      1.38602287	   -127.10775628	     -5.82587018	     -4.98473282	      0.00000000	     24.56362837	      3.39258039	      0.00000000	    121.45628327	    -24.69704642	      5.48536532	   -132.54358263	     14.89690267	     -4.98473282	      0.00000000	     24.83259215	      1.80577196	      0.00000000
      5.60000000	     32.47047407	      1.98268744	   -176.39038165	      0.20579603	     -0.39192571	     -0.54821067	    -20.85871061	     -0.91527504	     -0.75837372	     35.71304900	      0.07357488	     -2.15428246	      0.03230156	     -0.05534171	     -0.00166861	      0.00000000	      0.00000000	      0.00000000	      0.04875751	     -0.03019960	      0.00795525	      0.00000000	      0.00000000	      0.00000000	      0.05276920	     -0.02445384	      0.01863901	   -105.94428412	     73.32255667	    -65.68888363	    109.53720309	      0.00000000	      0.00000000	      0.00000000	      0.00000000	    102.94551777	     64.69607623	     56.86104158	    115.26729512	      0.00000000	      0.00000000	      0.00000000	      0.00000000	    119.45400748	    -22.67981378	      1.24133720	   -126.05742081	     -6.27727612	     -4.98473282	      0.00000000	     23.44847333	      3.10323053	      0.00000000	    120.80316546	    -23.86551185	      5.29071263	   -131.09130533	     14.89690267	     -4.98473282	      0.00000000	     24.26609366	      1.93636848	      0.00000000
      5.63333333	     32.36508962	      2.20634046	   -175.69251788	      0.20595188	     -0.38056405	     -0.54940938	    -21.50449367	     -0.45498715	     -1.08337826	     36.38707178	     -0.52421796	     -2.07645711	      0.03029087	     -0.05347441	      0.00077132	      0.00000000	      0.00000000	      0.00000000	      0.04797771	     -0.02778679	      0.00718382	      0.00000000	      0.00000000	      0.00000000	      0.05105611	     -0.02422210	      0.01698929	   -103.75209317	     73.64547742	    -63.91788840	    110.20008631	      0.00000000	      0.00000000	      0.00000000	      0.00000000	    103.43838043	     64.68977551	     57.28558713	    115.05628342	      0.00000000	      0.00000000	      0.00000000	      0.00000000	    117.91936445	    -22.76082181	      1.04251458	   -124.79444978	     -5.33589664	     -4.98473282	      0.00000000	     22.70017332	      1.27927616	      0.00000000	    119.26303024	    -22.86369168	      4.88491331	   -129.18040442	     14.57035662	     -4.67748860	      0.00000000	     23.84364567	      2.28886809	      0.00000000
      5.66666667	     33.07752822	      2.42264546	   -175.07023963	      0.20643081	     -0.36806326	     -0.55075799	    -21.11445463	     -0.33818748	     -1.28630500	     36.44943870	     -0.44704584	     -2.20628522	      0.02648095	     -0.05259738	      0.00280241	      0.00000000	      0.00000000	      0.00000000	      0.04470726	     -0.03013345	      0.00872791	      0.00000000	      0.00000000	      0.00000000	      0.04968660	     -0.02471974	      0.01740001	   -102.96046654	     73.75341404	    -63.49746905	    110.16995013	      0.00000000	      0.00000000	      0.00000000	      0.00000000	    102.89875957	     64.35291769	     56.79157549	    115.03600316	      0.00000000	      0.00000000	      0.00000000	      0.00000000	    117.18498891	    -22.73604699	      0.69740787	   -123.04964456	     -5.97291501	     -4.98473282	      0.00000000	     21.70873678	      0.64819840	      0.00000000	    118.27044344	    -21.88253324	      4.62190630	   -126.96592236	     14.19338527	     -4.15768805	      0.00000000	     23.66434016	      2.25840778	      0.00000000
      5.70000000	     34.00375382	      2.85300772	   -174.22625850	      0.20636115	     -0.35549578	     -0.55119225	    -19.84550780	      0.19939110	     -2.31948971	     36.49961098	      0.60498258	     -1.99749411	      0.02697188	     -0.05157457	      0.00074947	      0.00000000	      0.00000000	      0.00000000	      0.04313810	     -0.02827338	      0.00806134	      0.00000000	      0.00000000	      0.00000000	      0.04910320	     -0.01831303	      0.02137698	    -96.48305505	     74.10663585	    -56.88925674	    110.77846965	      0.00000000	      0.00000000	      0.00000000	      0.00000000	     94.58807108	     62.59768443	     49.51848338	    117.47329168	      0.00000000	      0.00000000	      0.00000000	      0.00000000	    116.71109546	    -23.72997335	      0.16134442	   -121.52154540	     -5.73767477	     -4.98473282	      0.00000000	     21.03963299	      0.34070678	      0.00000000	    117.44404245	    -20.65120873	      4.96971475	   -124.49746516	     12.87448002	     -3.14720261	      0.00000000	     24.10741818	      4.21419263	      0.00000000
      5.73333333	     36.27954021	      3.77535046	   -174.62021503	      0.20637045	     -0.34209953	     -0.55380065	    -16.74863363	      0.44760072	     -1.36620628	     35.62187367	      0.38274299	     -2.72601157	      0.02531813	     -0.05200983	      0.00217639	      0.00000000	      0.00000000	      0.00000000	      0.03820656	     -0.03105018	      0.00857735	      0.00000000	      0.00000000	      0.00000000	      0.05194767	     -0.01761444	      0.02417845	    -91.03536586	     72.86796673	    -50.99909503	    110.95778158	      0.00000000	      0.00000000	      0.00000000	      0.00000000	     88.95435574	     62.16318215	     44.78145344	    119.13487699	      0.00000000	      0.00000000	      0.00000000	      0.00000000	    117.13744626	    -23.17517694	     -1.70201666	   -119.17610633	     -7.94502198	     -4.98473282	      0.00000000	     19.80123478	      1.31763870	      0.00000000	    118.34778377	    -20.67132472	      3.51302942	   -122.67938832	     12.24087552	     -4.83284158	      0.00000000	     24.65555945	      4.05234460	      0.00000000
      5.76666667	     37.22772487	      4.32135034	   -174.58650044	      0.20603076	     -0.32690190	     -0.55571169	    -15.26685261	      0.65311309	     -1.49453108	     35.48088294	      0.83773183	     -3.13137351	      0.02310638	     -0.05139856	      0.00170714	      0.00000000	      0.00000000	      0.00000000	      0.03645236	     -0.03585652	      0.00963399	      0.00000000	      0.00000000	      0.00000000	      0.05327739	     -0.01896050	      0.02820638	    -89.46632873	     72.43862506	    -49.16459659	    110.61518740	      0.00000000	      0.00000000	      0.00000000	      0.00000000	     86.61818222	     60.71849737	     43.04405396	    120.33453905	      0.00000000	      0.00000000	      0.00000000	      0.00000000	    116.36646562	    -23.08140689	     -2.86369796	   -117.15646569	     -8.68484519	     -4.98473282	      0.00000000	     18.15781537	      1.87352901	      0.00000000	    117.19596996	    -20.41035829	      3.12628773	   -120.08629511	     12.63393918	     -4.97878457	      0.00000000	     25.60747199	      3.89182047	      0.00000000
      5.80000000	     39.26347781	      5.79184525	   -175.73820785	      0.20524368	     -0.31193333	     -0.55852582	    -11.59035030	      1.50422702	     -0.32270552	     34.22500588	      0.74507685	     -3.85646060	      0.02348760	     -0.05128547	      0.00330139	      0.00000000	      0.00000000	      0.00000000	      0.03837649	     -0.03998670	      0.00853659	      0.00000000	      0.00000000	      0.00000000	      0.05540194	     -0.01632670	      0.02725860	    -83.07693544	     71.35326434	    -43.28740210	    111.11523722	      0.00000000	      0.00000000	      0.00000000	      0.00000000	     80.36911522	     61.02520332	     36.01416239	    120.83975986	      0.00000000	      0.00000000	      0.00000000	      0.00000000	    115.58296717	    -21.86348486	     -5.26601376	   -114.34063814	     -9.31194547	     -4.75572639	      0.00000000	     17.48229584	      3.06428823	      0.00000000	    118.33579301	    -20.84989286	      4.52033120	   -117.82097121	     12.70510640	     -4.98473282	      0.00000000	     25.47187455	      4.25200070	      0.00000000
      5.83333333	     40.19868135	      6.54925596	   -176.20307452	      0.20419950	     -0.29562922	     -0.56012165	     -9.13087028	      1.99780782	     -0.52269599	     32.57669694	      1.11783768	     -3.64565899	      0.02064412	     -0.05104289	      0.00555015	      0.00000000	      0.00000000	      0.00000000	      0.04091698	     -0.03632431	      0.00669189	      0.00000000	      0.00000000	      0.00000000	      0.05267601	     -0.01919413	      0.02595900	    -71.52632729	     70.22995645	    -32.48632288	    112.99598275	      0.00000000	      0.00000000	      0.00000000	      0.00000000	     77.38746774	     60.59860263	     32.44833150	    119.05899788	      0.00000000	      0.00000000	      0.00000000	      0.00000000	    114.08646005	    -20.81270786	     -5.60915039	   -111.69299131	     -9.34799720	     -3.76507745	      0.00000000	     16.23060044	      3.15342406	      0.00000000	    117.70195403	    -20.76765927	      4.74905862	   -115.11685130	     10.62936147	     -4.98473282	      0.00000000	     24.98815028	      6.85575134	      0.00000000
      5.86666667	     40.31296574	      7.23687199	   -176.57364887	      0.20287943	     -0.27781349	     -0.56122173	     -7.52673205	      2.66849823	     -0.96627550	     30.63716349	      1.32971835	     -3.44093374	      0.01581920	     -0.05067988	      0.00733943	      0.00000000	      0.00000000	      0.00000000	      0.04186999	     -0.03693469	      0.00190042	      0.00000000	      0.00000000	      0.00000000	      0.04643169	     -0.02203325	      0.02301035	    -65.27850392	     68.38509238	    -26.44971339	    114.51077076	      0.00000000	      0.00000000	      0.00000000	      0.00000000	     73.79251368	     59.52138995	     28.35598058	    116.99949599	      0.00000000	      0.00000000	      0.00000000	      0.00000000	    111.29522596	    -19.57726826	     -5.09253377	   -108.63042638	     -9.30015792	     -1.96803098	      0.00000000	     15.77949009	      3.02694808	      0.00000000	    116.05237581	    -20.71404875	      4.91186219	   -112.25415438	      8.60331799	     -4.98473282	      0.00000000	     24.44483947	      9.41264308	      0.00000000
      5.90000000	     39.86545238	      7.48156878	   -176.50840208	      0.20149039	     -0.25829578	     -0.56155978	     -6.72665180	      2.92660377	     -1.91180924	     29.10231044	      1.51099678	     -3.16241933	      0.00949894	     -0.05036219	      0.00997778	      0.00000000	      0.00000000	      0.00000000	      0.03969831	     -0.04441693	     -0.00351850	      0.00000000	      0.00000000	      0.00000000	      0.03708872	     -0.02863104	      0.02103684	    -64.62946473	     66.84764149	    -25.54727616	    114.88494300	      0.00000000	      0.00000000	      0.00000000	      0.00000000	     72.88403882	     57.85674129	     26.58054661	    115.10729020	      0.00000000	      0.00000000	      0.00000000	      0.00000000	    107.86689914	    -18.50622875	     -4.98882160	   -105.08397191	     -9.63254513	     -1.15451112	      0.00000000	     15.71747573	      2.70923801	      0.00000000	    113.06701515	    -20.26965117	      4.40567471	   -109.07841322	      8.18610954	     -4.98473282	      0.00000000	     23.96420293	      9.29897441	      0.00000000
      5.93333333	     37.97286213	      7.40199882	   -175.93616971	      0.19856261	     -0.23843535	     -0.56099272	     -7.00238264	      3.09179236	     -2.95601933	     27.19873261	      1.69546777	     -2.30600535	      0.00540761	     -0.04956768	      0.01183161	      0.00000000	      0.00000000	      0.00000000	      0.03911880	     -0.04141363	     -0.00123271	      0.00000000	      0.00000000	      0.00000000	      0.03097957	     -0.02491940	      0.01305421	    -56.33421243	     65.51756134	    -15.84425903	    115.42988410	      0.00000000	      0.00000000	      0.00000000	      0.00000000	     66.41947331	     56.62564862	     18.55444780	    115.20496253	      0.00000000	      0.00000000	      0.00000000	      0.00000000	    102.83611617	    -18.03812097	     -4.09753116	   -101.88036981	     -8.27858651	      0.12606828	      0.00000000	     16.07711133	      2.13148264	      0.00000000	    108.02798499	    -19.78867744	      3.77098790	   -105.60779038	      7.57081270	     -4.56987923	      0.00000000	     24.61661650	     10.42511905	      0.00000000
      5.96666667	     35.75492019	      6.54585646	   -175.01036073	      0.19530669	     -0.21754839	     -0.55982650	     -7.94011448	      2.44768083	     -4.26012502	     26.53512873	      2.05169633	     -1.00542518	      0.00187092	     -0.04859251	      0.01372715	      0.00000000	      0.00000000	      0.00000000	      0.03642204	     -0.04699281	     -0.00104779	      0.00000000	      0.00000000	      0.00000000	      0.02248269	     -0.02656912	      0.00823146	    -54.81500005	     64.73978194	    -13.12533270	    114.19091900	      0.00000000	      0.00000000	      0.00000000	      0.00000000	     65.24314256	     55.25695827	     15.10079233	    114.23848524	      0.00000000	      0.00000000	      0.00000000	      0.00000000	     97.66020874	    -17.92152232	     -3.80776818	    -98.50677721	     -6.62242000	      0.00435286	      0.00000000	     16.48199432	      1.58148729	      0.00000000	    101.82551211	    -18.85820715	      3.08785383	   -101.54665110	      7.85078261	     -3.22433545	      0.00000000	     25.22651237	      9.61157976	      0.00000000
      6.00000000	     33.61844129	      5.66663578	   -174.37679955	      0.19098585	     -0.19680618	     -0.55927152	     -8.62986458	      1.71935960	     -4.61706608	     26.48861587	      2.32154995	     -0.51661048	      0.00034412	     -0.04709013	      0.01386969	      0.00000000	      0.00000000	      0.00000000	      0.03166667	     -0.04853493	     -0.00067485	      0.00000000	      0.00000000	      0.00000000	      0.01383714	     -0.02859800	      0.00345886	    -52.41451545	     62.79809343	     -9.61944443	    113.33399583	      0.00000000	      0.00000000	      0.00000000	      0.00000000	     64.29839022	     54.55402096	     11.74768851	    112.16324368	      0.00000000	      0.00000000	      0.00000000	      0.00000000	     92.46952220	    -17.51544317	     -3.63247023	    -95.07083677	     -4.57631508	     -0.15652901	      0.00000000	     16.87483352	      0.37568490	      0.00000000	     95.78654148	    -18.25488296	      2.03040141	    -97.50485246	      8.47119303	     -2.46244136	      0.00000000	     25.67353246	      8.58664133	      0.00000000
      6.03333333	     31.81185854	      4.79177111	   -174.04686234	      0.18585801	     -0.17668393	     -0.55869757	     -8.63770146	      0.92178330	     -4.28803658	     26.79116132	      2.42757504	     -0.58678316	      0.00154225	     -0.04510967	      0.01322528	      0.00000000	      0.00000000	      0.00000000	      0.02569771	     -0.04556463	     -0.00005057	      0.00000000	      0.00000000	      0.00000000	      0.00690606	     -0.03113234	      0.00220006	    -49.28042069	     59.63448453	     -5.10125985	    113.32513377	      0.00000000	      0.00000000	      0.00000000	      0.00000000	     63.37355209	     53.23901222	      8.82015179	    109.97534413	      0.00000000	      0.00000000	      0.00000000	      0.00000000	     87.77048817	    -16.98857422	     -3.54689530	    -91.58691258	     -3.48760332	     -0.41970922	      0.00000000	     16.84718705	     -0.94524902	      0.00000000	     90.30211990	    -17.82818380	      0.47940666	    -93.72714055	      8.81585500	     -2.42987569	      0.00000000	     25.71087901	      7.93161334	      0.00000000
      6.06666667	     30.41767160	      4.17170027	   -173.85440695	      0.18015324	     -0.15744443	     -0.55808979	     -7.85955204	      0.34428385	     -3.52871706	     26.37613235	      2.38732705	     -0.68399921	      0.00154154	     -0.04274338	      0.01283736	      0.00000000	      0.00000000	      0.00000000	      0.02023675	     -0.03784915	     -0.00159037	      0.00000000	      0.00000000	      0.00000000	      0.00328273	     -0.03305499	      0.00384068	    -46.84783557	     54.80601117	     -0.58806169	    114.62523965	      0.00000000	      0.00000000	      0.00000000	      0.00000000	     62.01061252	     51.25535221	      5.59566952	    109.01800895	      0.00000000	      0.00000000	      0.00000000	      0.00000000	     83.65812058	    -16.39313731	     -3.51297144	    -88.06918540	     -4.19658393	     -0.63464914	      0.00000000	     16.49324414	     -1.48907979	      0.00000000	     85.56869443	    -17.52642733	     -0.97701174	    -90.07363049	      8.82562208	     -2.63433684	      0.00000000	     25.70192690	      8.19469319	      0.00000000
      6.10000000	     28.95249698	      3.74950225	   -173.68578579	      0.17432741	     -0.13885063	     -0.55631851	     -6.90302877	      0.18577840	     -2.69777535	     25.10020045	      2.02159882	     -1.07431109	      0.00015225	     -0.03993879	      0.01182580	      0.00000000	      0.00000000	      0.00000000	      0.01713089	     -0.02921468	     -0.00278049	      0.00000000	      0.00000000	      0.00000000	      0.00385837	     -0.03346249	      0.00655544	    -45.26399308	     49.87810207	      3.52464904	    116.25693923	      0.00000000	      0.00000000	      0.00000000	      0.00000000	     60.30686726	     48.77147600	      1.66724059	    110.09734605	      0.00000000	      0.00000000	      0.00000000	      0.00000000	     79.56383258	    -15.89196219	     -3.48340559	    -84.42277323	     -5.95529736	     -0.71592110	      0.00000000	     15.31407678	     -1.47744259	      0.00000000	     80.99999485	    -17.15946665	     -2.12433033	    -86.51139338	      8.77504703	     -2.78941424	      0.00000000	     25.91403679	      9.07920008	      0.00000000
      6.13333333	     27.30609105	      3.58697780	   -173.55611027	      0.16856008	     -0.12067030	     -0.55330582	     -5.97647196	      0.43965547	     -2.06192809	     22.93699887	      1.44168198	     -1.46196037	     -0.00288911	     -0.03674196	      0.01147083	      0.00000000	      0.00000000	      0.00000000	      0.01636341	     -0.02517724	     -0.00342376	      0.00000000	      0.00000000	      0.00000000	      0.00569511	     -0.03350634	      0.00761228	    -44.73876626	     45.91346420	      6.16695394	    117.11485051	      0.00000000	      0.00000000	      0.00000000	      0.00000000	     58.47657610	     46.88393494	     -2.72571401	    112.16932776	      0.00000000	      0.00000000	      0.00000000	      0.00000000	     75.11239053	    -15.39109197	     -3.43835204	    -80.52167040	     -7.30216287	     -0.57729445	      0.00000000	     13.97844669	     -0.83900560	      0.00000000	     76.52639252	    -16.76840777	     -2.80804075	    -83.03445105	      8.69516619	     -2.82366178	      0.00000000	     26.35956684	     10.41823524	      0.00000000
      6.16666667	     25.23477975	      3.68657989	   -173.49722446	      0.16345174	     -0.10258309	     -0.54926480	     -5.59946055	      1.15888283	     -1.55573258	     20.37601032	      0.75514471	     -1.68354509	     -0.00731717	     -0.03304767	      0.01146890	      0.00000000	      0.00000000	      0.00000000	      0.01552509	     -0.02623050	     -0.00455376	      0.00000000	      0.00000000	      0.00000000	      0.00595464	     -0.03311812	      0.00634019	    -44.75157670	     43.09822583	      7.18913372	    116.88768561	      0.00000000	      0.00000000	      0.00000000	      0.00000000	     56.32714930	     45.66121327	     -7.09022805	    113.85911762	      0.00000000	      0.00000000	      0.00000000	      0.00000000	     69.92212007	    -14.76923373	     -3.56491578	    -76.26866278	     -7.87015241	     -0.26956482	      0.00000000	     12.84647081	      0.16865556	      0.00000000	     71.86170055	    -16.43230121	     -3.03453782	    -79.53006938	      8.40199788	     -2.78791054	      0.00000000	     26.59181630	     11.94811902	      0.00000000
      6.20000000	     22.91094126	      3.91967542	   -173.50834165	      0.15911206	     -0.08445124	     -0.54462211	     -5.67891628	      2.12288407	     -1.32272262	     17.71621250	      0.17493654	     -1.64661780	     -0.01227783	     -0.02879239	      0.01130112	      0.00000000	      0.00000000	      0.00000000	      0.01348507	     -0.02841114	     -0.00657591	      0.00000000	      0.00000000	      0.00000000	      0.00339409	     -0.03389629	      0.00482372	    -44.22404036	     40.93473440	      8.29444191	    115.81848316	      0.00000000	      0.00000000	      0.00000000	      0.00000000	     54.42503936	     44.26067646	    -10.14073017	    114.52535346	      0.00000000	      0.00000000	      0.00000000	      0.00000000	     64.19705945	    -13.90694681	     -4.13005144	    -71.52897452	     -7.94519467	     -0.32422963	      0.00000000	     11.88354285	      0.86940278	      0.00000000	     67.09898424	    -16.11384986	     -3.09233691	    -76.03077088	      8.12679506	     -2.79180273	      0.00000000	     26.14417181	     12.74137705	      0.00000000
      6.23333333	     19.88389894	      4.17796449	   -173.42236952	      0.15499799	     -0.06591607	     -0.54021968	     -6.83589890	      3.07310712	     -1.53077738	     15.72924646	     -0.08379663	     -1.34252500	     -0.01629744	     -0.02491849	      0.01188964	      0.00000000	      0.00000000	      0.00000000	      0.01022198	     -0.02780595	     -0.00657247	      0.00000000	      0.00000000	      0.00000000	     -0.00259280	     -0.03496732	      0.00384132	    -42.16267232	     39.29348823	     11.04416441	    114.67390002	      0.00000000	      0.00000000	      0.00000000	      0.00000000	     52.99580386	     42.51792323	    -11.83676774	    114.01788700	      0.00000000	      0.00000000	      0.00000000	      0.00000000	     57.38829463	    -12.83369087	     -6.04342730	    -66.11712053	     -7.82512469	     -1.64998136	      0.00000000	     10.97620758	      1.35647822	      0.00000000	     61.50491760	    -15.71054934	     -3.46659264	    -72.32430635	      8.16182918	     -3.23158298	      0.00000000	     25.06644505	     12.22961491	      0.00000000
      6.26666667	     17.34939425	      4.04947578	   -173.22915386	      0.15011835	     -0.04851539	     -0.53613468	     -7.21483794	      3.46734941	     -1.99674318	     13.01938276	      0.06025634	     -1.03711533	     -0.01964791	     -0.02039952	      0.01137056	      0.00000000	      0.00000000	      0.00000000	      0.00680344	     -0.02282060	     -0.00569535	      0.00000000	      0.00000000	      0.00000000	     -0.00758033	     -0.03622374	      0.00405254	    -39.09272108	     37.09199289	     15.21773054	    113.52582130	      0.00000000	      0.00000000	      0.00000000	      0.00000000	     51.54620897	     40.28861291	    -13.14617755	    113.12568588	      0.00000000	      0.00000000	      0.00000000	      0.00000000	     50.99538726	    -12.14153497	     -8.39289941	    -60.55935422	     -7.35051415	     -3.54948998	      0.00000000	     11.12859863	      1.85001178	      0.00000000	     55.86526015	    -14.91783606	     -4.55381038	    -68.09337347	      8.66149189	     -4.00387074	      0.00000000	     24.17930508	     11.18885651	      0.00000000
      6.30000000	     15.90569228	      3.60241454	   -172.94529252	      0.14543178	     -0.03192960	     -0.53255215	     -6.41130689	      3.15952092	     -2.72914572	      9.35674419	      0.24876632	     -1.19923364	     -0.02540361	     -0.01493800	      0.01163436	      0.00000000	      0.00000000	      0.00000000	      0.00347421	     -0.01908277	     -0.00453116	      0.00000000	      0.00000000	      0.00000000	     -0.01063208	     -0.03499452	      0.00454911	    -36.65973969	     35.29206440	     18.59459171	    112.45363992	      0.00000000	      0.00000000	      0.00000000	      0.00000000	     50.06793084	     37.85338497	    -15.02702403	    112.65667770	      0.00000000	      0.00000000	      0.00000000	      0.00000000	     45.97398463	    -11.88304295	    -10.03170323	    -55.01996329	     -7.08479975	     -4.98473282	      0.00000000	     10.24296676	      2.17967447	      0.00000000	     51.03210647	    -13.36654620	     -5.66738372	    -63.26076292	      8.25743964	     -4.92075131	      0.00000000	     22.88990915	     10.36683459	      0.00000000
      6.33333333	      7.07038308	      1.83725720	   -172.22858818	      0.13505490	     -0.01256567	     -0.52914945	    -14.52548431	      2.28575991	     -3.48736482	      9.14388759	      0.66499845	     -1.10162279	     -0.02778716	     -0.01312723	      0.01301562	      0.00000000	      0.00000000	      0.00000000	     -0.00248983	     -0.01685237	     -0.00013736	      0.00000000	      0.00000000	      0.00000000	     -0.01246330	     -0.03361293	      0.00657196	    -34.56123771	     35.95156096	     20.41494514	    110.08795422	      0.00000000	      0.00000000	      0.00000000	      0.00000000	     50.41681198	     36.33041273	    -15.10517705	    112.89070860	      0.00000000	      0.00000000	      0.00000000	      0.00000000	     31.52973249	    -12.57775355	    -12.15205776	    -48.07791719	     -4.57771120	     -4.98473282	      0.00000000	     11.04356263	      1.02308380	      0.00000000	     36.43332112	    -11.81228510	     -6.95406870	    -55.96009945	      7.81391605	     -4.98473282	      0.00000000	     22.69416403	     10.16560955	      0.00000000
      6.36666667	      1.68661921	      0.16549995	   -172.23674123	      0.12552125	      0.00374271	     -0.52664035	    -18.18963684	      0.85596191	     -3.55130723	      7.02629479	      0.88777809	     -1.99781527	     -0.02986385	     -0.00933831	      0.01346224	      0.00000000	      0.00000000	      0.00000000	     -0.00561115	     -0.01632813	      0.00047497	      0.00000000	      0.00000000	      0.00000000	     -0.00813495	     -0.02897421	      0.00876841	    -33.53031315	     35.52108249	     21.00950608	    107.95468226	      0.00000000	      0.00000000	      0.00000000	      0.00000000	     49.53609934	     34.33608239	    -16.97491068	    113.74644259	      0.00000000	      0.00000000	      0.00000000	      0.00000000	     21.64854516	    -13.09139737	    -13.41523631	    -42.07926506	     -0.40041580	     -4.98473282	      0.00000000	      9.23514758	     -3.70670435	      0.00000000	     25.45902752	     -9.89631103	     -7.85498589	    -48.17743370	      5.96436424	     -4.98473282	      0.00000000	     21.78817345	     11.13174380	      0.00000000
      6.40000000	     -4.98504118	     -1.19691760	   -172.44470999	      0.11464433	      0.01908401	     -0.52494618	    -23.22525978	     -0.10283615	     -3.31565450	      4.91924148	      0.70333579	     -2.68766303	     -0.03285011	     -0.00477054	      0.01454846	      0.00000000	      0.00000000	      0.00000000	     -0.00710908	     -0.01567764	      0.00045720	      0.00000000	      0.00000000	      0.00000000	     -0.00275626	     -0.02324494	      0.01135611	    -32.99631798	     34.79436491	     21.26209437	    106.75470678	      0.00000000	      0.00000000	      0.00000000	      0.00000000	     48.48593288	     33.09507008	    -18.85690189	    114.41899366	      0.00000000	      0.00000000	      0.00000000	      0.00000000	      9.94980581	    -12.78804900	    -15.11223959	    -35.03205796	      2.72402240	     -4.98473282	      0.00000000	      6.10919202	     -7.89383852	      0.00000000	     12.83846585	     -8.46350568	     -8.42472437	    -39.57030886	      5.34257710	     -4.98473282	      0.00000000	     20.32230516	     10.76396957	      0.00000000
      6.43333333	     -7.89043131	     -1.25811823	   -172.70822612	      0.10740634	      0.03053626	     -0.52458751	    -23.97943581	     -0.17471870	     -2.63296112	      3.17112101	      0.31860049	     -3.00517620	     -0.03242446	     -0.00151189	      0.01489632	      0.00000000	      0.00000000	      0.00000000	     -0.00681906	     -0.01266784	      0.00297352	      0.00000000	      0.00000000	      0.00000000	      0.00227475	     -0.01641903	      0.00932418	    -31.21249203	     32.79317809	     22.74044242	    106.78395049	      0.00000000	      0.00000000	      0.00000000	      0.00000000	     45.29842278	     32.73594537	    -22.38608765	    114.05821801	      0.00000000	      0.00000000	      0.00000000	      0.00000000	      3.17318952	    -11.25784030	    -15.51977618	    -28.47530739	      1.80329016	     -4.98473282	      0.00000000	      3.23039551	     -7.88144907	      0.00000000	      5.34185066	     -7.95519659	     -8.48137289	    -32.08463956	      4.97518859	     -4.98473282	      0.00000000	     18.81407888	      9.44900730	      0.00000000
      6.46666667	    -12.27884270	     -1.67818026	   -172.88854761	      0.09950993	      0.03996522	     -0.52399257	    -26.52835321	     -0.33857969	     -2.29460283	      1.41865407	      0.30457838	     -3.36622114	     -0.03311561	      0.00357620	      0.01415125	      0.00000000	      0.00000000	      0.00000000	     -0.00866168	     -0.00971845	      0.00387983	      0.00000000	      0.00000000	      0.00000000	      0.00622607	     -0.01134472	      0.00880251	    -30.13151035	     31.04847826	     23.91898969	    107.38573911	      0.00000000	      0.00000000	      0.00000000	      0.00000000	     43.50794939	     32.49873850	    -24.70860486	    113.85931504	      0.00000000	      0.00000000	      0.00000000	      0.00000000	     -5.69630615	     -9.76806463	    -15.21181506	    -21.02638844	     -0.37974109	     -4.98473282	      0.00000000	      0.46238836	     -6.03063674	      0.00000000	     -4.04061393	     -7.08878267	     -8.25465840	    -23.83948341	      4.09840996	     -4.98473282	      0.00000000	     16.20449925	      7.07396862	      0.00000000
      6.50000000	    -14.37606057	     -1.55786258	   -173.31441494	      0.09353741	      0.04584834	     -0.52425568	    -26.53494738	     -0.36959068	     -1.58695501	     -0.71333331	      0.54058446	     -3.77566787	     -0.03334741	      0.00821323	      0.01252840	      0.00000000	      0.00000000	      0.00000000	     -0.01090091	     -0.00665845	      0.00349959	      0.00000000	      0.00000000	      0.00000000	      0.00901155	     -0.00853123	      0.00664436	    -28.70487916	     28.74703777	     24.55576092	    108.42325813	      0.00000000	      0.00000000	      0.00000000	      0.00000000	     41.62025839	     31.62746991	    -26.35837698	    113.77965914	      0.00000000	      0.00000000	      0.00000000	      0.00000000	    -11.33190280	     -8.44980249	    -14.93274238	    -14.71746044	     -2.24422391	     -4.98473282	      0.00000000	     -0.86804699	     -2.80216913	      0.00000000	    -10.38781417	     -6.79035275	    -10.73626315	    -16.60249224	      4.37959256	     -4.98473282	      0.00000000	     13.46783887	      4.93500704	      0.00000000
      6.53333333	    -16.44041165	     -1.33480329	   -174.19177649	      0.08731888	      0.04938381	     -0.52449660	    -26.53003157	     -0.36992848	     -0.53918937	     -2.23136192	      1.07277757	     -4.34951219	     -0.03183175	      0.01191545	      0.00962125	      0.00000000	      0.00000000	      0.00000000	     -0.01289557	     -0.00468844	      0.00010042	      0.00000000	      0.00000000	      0.00000000	      0.00831286	     -0.00987793	      0.00521980	    -28.28290803	     26.59150225	     24.05126807	    109.90577319	      0.00000000	      0.00000000	      0.00000000	      0.00000000	     41.14140936	     30.78467743	    -26.37349859	    113.86828728	      0.00000000	      0.00000000	      0.00000000	      0.00000000	    -16.51964012	     -7.43345774	    -14.54443758	     -8.96272782	     -3.58751782	     -4.98473282	      0.00000000	     -2.05640527	      0.90467468	      0.00000000	    -16.80798663	     -6.38844988	    -17.47808312	     -9.35167573	      7.87241139	     -4.98473282	      0.00000000	      9.88319019	      3.07443725	      0.00000000
      6.56666667	    -17.23177035	     -0.92031385	   -175.48099631	      0.08203677	      0.05070026	     -0.52393877	    -25.17489509	     -0.21006662	      0.59511780	     -3.92394029	      1.39924372	     -4.67979554	     -0.03061320	      0.01433442	      0.00645041	      0.00000000	      0.00000000	      0.00000000	     -0.01129835	     -0.00418720	     -0.00362572	      0.00000000	      0.00000000	      0.00000000	      0.00500493	     -0.01547928	      0.00442151	    -28.55676445	     24.90640657	     23.66487547	    111.82690763	      0.00000000	      0.00000000	      0.00000000	      0.00000000	     41.41675764	     30.24633805	    -25.41100714	    113.97520059	      0.00000000	      0.00000000	      0.00000000	      0.00000000	    -19.49894967	     -6.82986552	    -13.93952753	     -4.70594962	     -2.87313667	     -4.98473282	      0.00000000	     -3.29688715	      1.14805971	      0.00000000	    -21.58411292	     -5.33461152	    -27.23945397	     -2.51896963	     14.89690267	     -4.98473282	      0.00000000	      6.06719372	      2.99393059	      0.00000000
      6.60000000	    -18.02227591	     -0.85714545	   -176.07126361	      0.07874512	      0.05040760	     -0.52265529	    -24.26486047	      0.00341100	      0.78213974	     -4.96024110	      1.16777466	     -4.68224692	     -0.03009982	      0.01545885	      0.00554380	      0.00000000	      0.00000000	      0.00000000	     -0.01047434	     -0.00484945	     -0.00293329	      0.00000000	      0.00000000	      0.00000000	      0.00063192	     -0.01977454	      0.00216329	    -28.48859782	     25.34154221	     24.17604584	    112.55254577	      0.00000000	      0.00000000	      0.00000000	      0.00000000	     41.56905819	     30.79995645	    -24.94469321	    113.66969864	      0.00000000	      0.00000000	      0.00000000	      0.00000000	    -22.03266722	     -6.58159660	    -13.59127699	     -1.63384291	     -2.04063391	     -4.98285228	      0.00000000	     -3.92946483	     -0.04395654	      0.00000000	    -24.94713026	     -3.83307921	    -30.61206639	      2.88990257	     14.89690267	     -4.98473282	      0.00000000	      3.39957455	      7.86238125	      0.00000000
      6.63333333	    -18.56366672	     -0.83935176	   -176.23395747	      0.07609000	      0.04849547	     -0.52143994	    -23.23805687	      0.25637524	      0.44027541	     -5.81113664	      0.80051179	     -4.28488201	     -0.02980593	      0.01595708	      0.00627348	      0.00000000	      0.00000000	      0.00000000	     -0.01019616	     -0.00660138	      0.00190027	      0.00000000	      0.00000000	      0.00000000	     -0.00299153	     -0.02171012	      0.00085014	    -27.41286819	     27.35032642	     25.95250947	    111.89070118	      0.00000000	      0.00000000	      0.00000000	      0.00000000	     41.42246231	     31.41271652	    -24.80665878	    113.42060378	      0.00000000	      0.00000000	      0.00000000	      0.00000000	    -24.13254338	     -6.45896402	    -13.74941405	      0.91250332	     -1.25904841	     -4.64578535	      0.00000000	     -4.00596619	     -1.41524369	      0.00000000	    -27.38675865	     -2.79320968	    -32.28089949	      7.16207924	     14.89690267	     -4.98473282	      0.00000000	      1.68867679	     13.68488759	      0.00000000
      6.66666667	    -18.52931196	     -0.61516975	   -176.30373921	      0.07489828	      0.04571845	     -0.52114519	    -21.78023449	      0.64643174	      0.56429162	     -6.20457490	      0.52810665	     -4.22203794	     -0.02829555	      0.01499327	      0.00629768	      0.00000000	      0.00000000	      0.00000000	     -0.01041810	     -0.01032660	      0.00277177	      0.00000000	      0.00000000	      0.00000000	     -0.00471305	     -0.02330768	      0.00157981	    -27.31397904	     29.06149570	     27.09323064	    111.31287890	      0.00000000	      0.00000000	      0.00000000	      0.00000000	     41.31169239	     32.03828852	    -24.70316231	    113.23223432	      0.00000000	      0.00000000	      0.00000000	      0.00000000	    -24.98883147	     -5.97080889	    -13.60115275	      2.53508870	     -0.81692099	     -4.93955495	      0.00000000	     -3.56589705	     -1.49398644	      0.00000000	    -28.72340913	     -2.44369325	    -31.27044010	     10.00000028	     14.89690267	     -4.98473282	      0.00000000	      0.07483766	     15.32260879	      0.00000000
      6.70000000	    -20.31226703	     -0.90888615	   -176.23271303	      0.07446709	      0.04298744	     -0.52206513	    -22.79382816	      0.29836796	     -0.15685788	     -6.73010712	      0.16895580	     -3.01712318	     -0.02983656	      0.01653258	      0.01035947	      0.00000000	      0.00000000	      0.00000000	     -0.00987746	     -0.01301896	      0.00747962	      0.00000000	      0.00000000	      0.00000000	     -0.00755777	     -0.02003540	      0.00238113	    -25.45260697	     30.94358370	     28.85583512	    110.18615511	      0.00000000	      0.00000000	      0.00000000	      0.00000000	     41.17107889	     31.99918364	    -24.09099967	    113.19165416	      0.00000000	      0.00000000	      0.00000000	      0.00000000	    -27.83827451	     -5.76212076	    -14.61350831	      4.34224984	     -0.18234228	     -4.98473282	      0.00000000	     -3.86076731	     -1.36939574	      0.00000000	    -30.72284299	     -2.42560147	    -31.46173180	     10.00000028	     14.89690267	     -4.98473282	      0.00000000	      0.04536541	     17.95268143	      0.00000000
      6.73333333	    -21.39909884	     -1.15627469	   -176.17536483	      0.07450446	      0.04031359	     -0.52292570	    -23.10899722	     -0.02548992	     -0.67001415	     -7.25633016	      0.11974624	     -2.49901133	     -0.03015519	      0.01766299	      0.01157668	      0.00000000	      0.00000000	      0.00000000	     -0.00861459	     -0.01569286	      0.00625385	      0.00000000	      0.00000000	      0.00000000	     -0.00825389	     -0.01769438	      0.00358181	    -24.95970152	     30.80530853	     28.99065345	    110.60295536	      0.00000000	      0.00000000	      0.00000000	      0.00000000	     40.94247560	     31.47508756	    -23.80888139	    113.33755672	      0.00000000	      0.00000000	      0.00000000	      0.00000000	    -29.74767741	     -5.60559587	    -15.66559653	      5.82665423	      0.35934130	     -4.98473282	      0.00000000	     -4.20170606	     -1.19960309	      0.00000000	    -32.01638735	     -2.24670025	    -31.15429998	     10.00000028	     14.89690267	     -4.98473282	      0.00000000	     -0.19898117	     17.65321814	      0.00000000
      6.76666667	    -22.53249654	     -1.27389921	   -176.01129722	      0.07484277	      0.03813187	     -0.52407798	    -23.66143266	     -0.21298500	     -1.24936785	     -7.18734125	      0.30271249	     -2.44919964	     -0.02904910	      0.01811705	      0.01119530	      0.00000000	      0.00000000	      0.00000000	     -0.00821656	     -0.01654239	      0.00491228	      0.00000000	      0.00000000	      0.00000000	     -0.00945091	     -0.01567173	      0.00377738	    -24.56793215	     29.99726759	     28.85534396	    111.10431740	      0.00000000	      0.00000000	      0.00000000	      0.00000000	     40.65823659	     31.07203209	    -23.96907806	    113.24822708	      0.00000000	      0.00000000	      0.00000000	      0.00000000	    -31.45472396	     -5.21682854	    -17.66177347	      6.90947120	      1.70279667	     -4.98473282	      0.00000000	     -4.38672758	     -1.30595317	      0.00000000	    -33.34700531	     -2.24402495	    -30.15514954	     10.00000028	     14.89690267	     -4.98473282	      0.00000000	     -0.25945452	     15.62765715	      0.00000000
      6.80000000	    -22.96766701	     -0.95611375	   -175.98188482	      0.07559905	      0.03704993	     -0.52511279	    -23.52777115	      0.11929560	     -1.58813283	     -7.14841116	      0.59208487	     -2.84863498	     -0.02752346	      0.01775415	      0.00772929	      0.00000000	      0.00000000	      0.00000000	     -0.00751164	     -0.01538564	      0.00426212	      0.00000000	      0.00000000	      0.00000000	     -0.01155692	     -0.01524895	      0.00267828	    -23.90801806	     28.80398638	     28.99877951	    111.26658776	      0.00000000	      0.00000000	      0.00000000	      0.00000000	     39.89189287	     30.58675425	    -24.60924694	    112.91772644	      0.00000000	      0.00000000	      0.00000000	      0.00000000	    -31.99395944	     -4.63160695	    -19.31709190	      7.46647846	      3.21201761	     -4.98473282	      0.00000000	     -4.54235713	     -1.48036046	      0.00000000	    -33.85600765	     -2.49568528	    -29.76213851	     10.00000028	     14.89690267	     -4.98473282	      0.00000000	     -0.07900023	     13.71906181	      0.00000000
      6.83333333	    -23.19154768	     -0.23063568	   -176.06631989	      0.07673766	      0.03677645	     -0.52627426	    -23.36804461	      0.95738116	     -1.77426390	     -6.86350476	      0.90589132	     -3.07086860	     -0.02651659	      0.01675582	      0.00304294	      0.00000000	      0.00000000	      0.00000000	     -0.00859605	     -0.01380092	      0.00389201	      0.00000000	      0.00000000	      0.00000000	     -0.01669087	     -0.01665911	      0.00217064	    -23.56855225	     28.15634810	     29.21772214	    110.91356828	      0.00000000	      0.00000000	      0.00000000	      0.00000000	     39.33927358	     30.23706981	    -24.60364985	    112.33304347	      0.00000000	      0.00000000	      0.00000000	      0.00000000	    -31.95048605	     -3.87679014	    -19.60512781	      7.59433505	      3.50792396	     -4.98473282	      0.00000000	     -4.66904302	     -1.29728820	      0.00000000	    -34.12442306	     -3.14223167	    -30.11109110	     10.00000028	     14.89690267	     -4.98473282	      0.00000000	      0.57029092	     13.21312535	      0.00000000
      6.86666667	    -23.41650552	      0.49056038	   -176.31102098	      0.07784857	      0.03703498	     -0.52757151	    -23.28450484	      1.76596922	     -1.67795515	     -6.68153358	      1.11722394	     -3.40727523	     -0.02572286	      0.01599044	     -0.00128731	      0.00000000	      0.00000000	      0.00000000	     -0.00999787	     -0.01138650	      0.00460555	      0.00000000	      0.00000000	      0.00000000	     -0.02084610	     -0.01685470	      0.00128166	    -23.13864787	     27.41845578	     29.52150431	    110.50834200	      0.00000000	      0.00000000	      0.00000000	      0.00000000	     38.32275153	     29.73574119	    -24.75410153	    111.76289776	      0.00000000	      0.00000000	      0.00000000	      0.00000000	    -31.66983290	     -3.32610078	    -19.81707065	      7.23270673	      4.05827624	     -4.98473282	      0.00000000	     -4.90455433	     -0.75858726	      0.00000000	    -34.47935311	     -3.83678503	    -30.39276914	     10.00000028	     14.89690267	     -4.98473282	      0.00000000	      1.07069364	     12.90265792	      0.00000000
      6.90000000	    -23.55555276	      0.95483051	   -176.71087394	      0.07889218	      0.03716214	     -0.52886959	    -23.17620856	      2.19480468	     -1.30142219	     -6.61242439	      1.25732675	     -3.55219451	     -0.02526864	      0.01582908	     -0.00353059	      0.00000000	      0.00000000	      0.00000000	     -0.01273406	     -0.01015928	      0.00486276	      0.00000000	      0.00000000	      0.00000000	     -0.02248461	     -0.01568058	      0.00037809	    -23.25802501	     27.00784761	     29.53105520	    110.31110547	      0.00000000	      0.00000000	      0.00000000	      0.00000000	     37.23901646	     29.14644452	    -25.13869013	    111.47253832	      0.00000000	      0.00000000	      0.00000000	      0.00000000	    -31.34507234	     -3.15473882	    -19.92106631	      6.70067155	      4.90030263	     -4.98473282	      0.00000000	     -4.93098187	     -0.26169037	      0.00000000	    -34.75703328	     -4.24743474	    -30.88508653	     10.00000028	     14.89690267	     -4.98473282	      0.00000000	      1.40690416	     12.74095858	      0.00000000
      6.93333333	    -23.66631170	      1.01089997	   -177.02581822	      0.07985168	      0.03683585	     -0.52993581	    -23.09973117	      2.17408614	     -0.91847005	     -6.63537861	      1.25143936	     -3.44215734	     -0.02546951	      0.01635123	     -0.00348704	      0.00000000	      0.00000000	      0.00000000	     -0.01620586	     -0.01018747	      0.00317609	      0.00000000	      0.00000000	      0.00000000	     -0.02231974	     -0.01461715	     -0.00006739	    -24.02110434	     26.96717414	     29.10386519	    110.32059587	      0.00000000	      0.00000000	      0.00000000	      0.00000000	     36.74607802	     28.71203256	    -25.54541494	    111.54519869	      0.00000000	      0.00000000	      0.00000000	      0.00000000	    -31.23280902	     -3.27452583	    -19.99663322	      6.26300732	      5.83359378	     -4.98473282	      0.00000000	     -4.47774096	     -0.48051046	      0.00000000	    -34.89345905	     -4.25951807	    -31.48307470	     10.00000028	     14.89690267	     -4.98473282	      0.00000000	      1.67291205	     12.64936100	      0.00000000
      6.96666667	    -23.78043080	      1.03827978	   -177.14747263	      0.08104103	      0.03643310	     -0.53035759	    -23.12786829	      2.30580120	     -0.52437110	     -6.48420755	      0.96137203	     -3.37137783	     -0.02605631	      0.01661147	     -0.00304602	      0.00000000	      0.00000000	      0.00000000	     -0.01825794	     -0.01051350	     -0.00099144	      0.00000000	      0.00000000	      0.00000000	     -0.02231912	     -0.01597951	      0.00049592	    -25.36042247	     26.89049865	     28.33077358	    110.71162878	      0.00000000	      0.00000000	      0.00000000	      0.00000000	     37.05542503	     28.71179478	    -25.48910468	    111.66518750	      0.00000000	      0.00000000	      0.00000000	      0.00000000	    -31.26026916	     -3.24600008	    -20.95052006	      5.91178878	      8.89536619	     -4.98473282	      0.00000000	     -4.76232717	     -3.20218120	      0.00000000	    -34.88501656	     -4.19120268	    -32.21234311	     10.00000028	     14.89690267	     -4.98473282	      0.00000000	      1.94955283	     12.55364583	      0.00000000
      7.00000000	    -23.90861559	      0.81142685	   -177.17046643	      0.08175979	      0.03583358	     -0.53052613	    -23.08468013	      2.05268844	     -0.18893558	     -6.66257442	      1.02519923	     -3.02114455	     -0.02681537	      0.01750227	     -0.00122045	      0.00000000	      0.00000000	      0.00000000	     -0.01833727	     -0.00975327	     -0.00139638	      0.00000000	      0.00000000	      0.00000000	     -0.02018608	     -0.01744161	      0.00354431	    -25.43713916	     26.42905977	     27.98648444	    110.62363769	      0.00000000	      0.00000000	      0.00000000	      0.00000000	     38.11550536	     28.53624964	    -25.37330578	    112.26081005	      0.00000000	      0.00000000	      0.00000000	      0.00000000	    -31.48147537	     -3.35826161	    -21.15106329	      5.97304513	      8.90650813	     -4.98473282	      0.00000000	     -4.27882999	     -3.46375031	      0.00000000	    -34.90759577	     -3.88812990	    -32.34453218	     10.00000028	     14.89690267	     -4.98473282	      0.00000000	      2.21526727	     12.17925643	      0.00000000
      7.03333333	    -23.95194549	      0.69152060	   -177.23519357	      0.08273215	      0.03560702	     -0.53028760	    -23.04438956	      1.97025036	     -0.01736906	     -6.85204158	      0.89179739	     -2.55138137	     -0.02789507	      0.01782896	      0.00004632	      0.00000000	      0.00000000	      0.00000000	     -0.01611104	     -0.00927939	     -0.00272902	      0.00000000	      0.00000000	      0.00000000	     -0.01927500	     -0.02022439	      0.00727428	    -25.79669639	     25.64594502	     27.43739059	    110.90764432	      0.00000000	      0.00000000	      0.00000000	      0.00000000	     39.61282818	     28.48687278	    -24.73539792	    112.72265052	      0.00000000	      0.00000000	      0.00000000	      0.00000000	    -31.50385238	     -3.42241121	    -21.52587734	      6.12386097	      8.61727922	     -4.98473282	      0.00000000	     -4.26924102	     -3.37211779	      0.00000000	    -34.87547819	     -3.63118764	    -32.35602076	     10.00000028	     14.89690267	     -4.98473282	      0.00000000	      2.23841029	     11.70377924	      0.00000000
      7.06666667	    -23.94714630	      0.73065122	   -177.33751432	      0.08371533	      0.03578180	     -0.52989772	    -22.99963514	      2.04496809	     -0.08553110	     -7.05337422	      0.61817925	     -1.94317562	     -0.02872593	      0.01775043	      0.00146977	      0.00000000	      0.00000000	      0.00000000	     -0.01329775	     -0.00923418	     -0.00338375	      0.00000000	      0.00000000	      0.00000000	     -0.02028477	     -0.02151587	      0.00925666	    -26.07621814	     25.08648885	     27.10080205	    111.21679070	      0.00000000	      0.00000000	      0.00000000	      0.00000000	     40.37765503	     28.53568201	    -24.48153084	    112.64691205	      0.00000000	      0.00000000	      0.00000000	      0.00000000	    -31.31983489	     -3.44911360	    -21.80279185	      6.11846372	      8.06369905	     -4.98473282	      0.00000000	     -4.35567482	     -3.01847018	      0.00000000	    -34.87659493	     -3.60890147	    -32.20194388	     10.00000028	     14.89690267	     -4.98473282	      0.00000000	      2.27935895	     11.47348658	      0.00000000
      7.10000000	    -23.94413868	      0.87265759	   -177.54503088	      0.08477380	      0.03639322	     -0.52961204	    -23.01096354	      2.20991256	     -0.23644321	     -7.22434785	      0.27000294	     -1.40196104	     -0.02882975	      0.01730001	      0.00222834	      0.00000000	      0.00000000	      0.00000000	     -0.01159109	     -0.00991228	     -0.00254729	      0.00000000	      0.00000000	      0.00000000	     -0.02193159	     -0.02075363	      0.00827936	    -26.10229526	     25.32704875	     27.25404248	    111.20541914	      0.00000000	      0.00000000	      0.00000000	      0.00000000	     39.91941092	     28.62918883	    -24.83671779	    112.22169044	      0.00000000	      0.00000000	      0.00000000	      0.00000000	    -31.00120971	     -3.49850173	    -21.59253865	      5.86134375	      7.57267731	     -4.98473282	      0.00000000	     -4.16653245	     -2.82412301	      0.00000000	    -34.92225861	     -3.74940768	    -32.13263201	     10.00000028	     14.89690267	     -4.98473282	      0.00000000	      2.36649746	     11.70587525	      0.00000000
      7.13333333	    -23.87335074	      1.10571388	   -177.89501065	      0.08580427	      0.03722177	     -0.52968648	    -23.02682103	      2.36806249	     -0.15255601	     -7.30097100	     -0.12474759	     -0.98190882	     -0.02838296	      0.01672958	      0.00339812	      0.00000000	      0.00000000	      0.00000000	     -0.01149252	     -0.01073483	     -0.00114008	      0.00000000	      0.00000000	      0.00000000	     -0.02310542	     -0.02045234	      0.00698734	    -25.99942611	     26.06081137	     27.52411996	    110.65659136	      0.00000000	      0.00000000	      0.00000000	      0.00000000	     39.12622546	     28.91976833	    -25.05819906	    111.85551175	      0.00000000	      0.00000000	      0.00000000	      0.00000000	    -30.53347831	     -3.47710231	    -20.88761197	      5.48382388	      7.08146344	     -4.98473282	      0.00000000	     -3.88711998	     -3.02864788	      0.00000000	    -34.88697772	     -3.93469259	    -32.46860051	     10.00000028	     14.89690267	     -4.98473282	      0.00000000	      2.49182377	     12.51285400	      0.00000000
      7.16666667	    -23.76418192	      1.33598326	   -178.11069568	      0.08721750	      0.03806050	     -0.52997510	    -23.16457933	      2.56739798	     -0.07828438	     -7.25699989	     -0.22167317	     -0.93915552	     -0.02777056	      0.01629291	      0.00294983	      0.00000000	      0.00000000	      0.00000000	     -0.01114526	     -0.01192717	     -0.00088478	      0.00000000	      0.00000000	      0.00000000	     -0.02361727	     -0.02264781	      0.00723228	    -26.11075272	     26.83375913	     27.44352610	    110.18906978	      0.00000000	      0.00000000	      0.00000000	      0.00000000	     39.06406240	     29.45643885	    -24.41988675	    111.78197725	      0.00000000	      0.00000000	      0.00000000	      0.00000000	    -29.98709722	     -3.41776315	    -20.10742725	      4.90849597	      6.83884801	     -4.98473282	      0.00000000	     -3.73104009	     -3.10327186	      0.00000000	    -34.68644261	     -4.14984713	    -32.86204675	     10.00000028	     14.89690267	     -4.98473282	      0.00000000	      2.40415959	     13.64112428	      0.00000000
      7.20000000	    -23.72907890	      1.36470956	   -178.02741284	      0.08830785	      0.03857325	     -0.53017677	    -23.38034134	      2.66575848	     -0.08680540	     -7.29645365	     -0.17104200	     -0.94948037	     -0.02633916	      0.01677237	      0.00241513	      0.00000000	      0.00000000	      0.00000000	     -0.00942299	     -0.01167886	     -0.00105495	      0.00000000	      0.00000000	      0.00000000	     -0.02137835	     -0.02395772	      0.00734261	    -25.97533925	     26.79673055	     27.09819897	    110.12773069	      0.00000000	      0.00000000	      0.00000000	      0.00000000	     38.89451395	     29.69754540	    -23.88396759	    111.97993968	      0.00000000	      0.00000000	      0.00000000	      0.00000000	    -29.75918999	     -3.41263747	    -19.97412495	      4.58148489	      6.89537806	     -4.98473282	      0.00000000	     -3.97329232	     -2.89073580	      0.00000000	    -34.49263473	     -4.22864242	    -32.77463017	     10.00000028	     14.89690267	     -4.98473282	      0.00000000	      2.07082141	     13.88296142	      0.00000000
      7.23333333	    -23.68454413	      1.38640944	   -177.80838289	      0.08946983	      0.03879481	     -0.53038145	    -23.72099974	      2.79642254	     -0.13148774	     -7.29328413	     -0.06795273	     -1.03681868	     -0.02501981	      0.01805818	      0.00192799	      0.00000000	      0.00000000	      0.00000000	     -0.00923670	     -0.01162466	     -0.00165383	      0.00000000	      0.00000000	      0.00000000	     -0.01945104	     -0.02399599	      0.00739108	    -25.81101751	     26.90003468	     26.65812198	    110.28005447	      0.00000000	      0.00000000	      0.00000000	      0.00000000	     38.93531005	     29.85195089	    -23.46852855	    112.11495852	      0.00000000	      0.00000000	      0.00000000	      0.00000000	    -29.47282237	     -3.38639672	    -20.08373670	      4.12311203	      6.78520794	     -4.98473282	      0.00000000	     -4.09703882	     -2.70384273	      0.00000000	    -34.23268454	     -4.24964651	    -33.06742979	     10.00000028	     14.89690267	     -4.98473282	      0.00000000	      1.96227097	     13.83384969	      0.00000000
      7.26666667	    -23.68650306	      1.31682186	   -177.81174211	      0.09085832	      0.03904223	     -0.53052725	    -24.29461126	      2.76889408	      0.25136757	     -6.83643091	      0.57105008	     -1.72848464	     -0.02300934	      0.01905301	     -0.00096158	      0.00000000	      0.00000000	      0.00000000	     -0.01241729	     -0.01167804	     -0.00424195	      0.00000000	      0.00000000	      0.00000000	     -0.01703781	     -0.02222217	      0.00863427	    -26.24326797	     27.43824903	     26.19906654	    110.44264646	      0.00000000	      0.00000000	      0.00000000	      0.00000000	     39.32258820	     29.78370571	    -23.28297802	    112.21365900	      0.00000000	      0.00000000	      0.00000000	      0.00000000	    -28.89847223	     -3.61707510	    -20.54808391	      3.11759472	      6.54678281	     -4.98473282	      0.00000000	     -3.19497533	     -1.78507542	      0.00000000	    -34.03957204	     -4.06216795	    -33.82104751	     10.00000028	     14.89690267	     -4.98473282	      0.00000000	      1.95528799	     13.95629241	      0.00000000
      7.30000000	    -23.96292565	      0.74284508	   -177.50475371	      0.09240546	      0.03986242	     -0.53087081	    -25.27110840	      2.22482080	      0.27796019	     -6.82892882	      0.65703450	     -1.97197604	     -0.02280812	      0.02082023	      0.00012959	      0.00000000	      0.00000000	      0.00000000	     -0.01553047	     -0.01137148	     -0.00631358	      0.00000000	      0.00000000	      0.00000000	     -0.01370059	     -0.01735491	      0.00737810	    -26.22449767	     28.18513376	     26.15095508	    110.39899657	      0.00000000	      0.00000000	      0.00000000	      0.00000000	     38.89534803	     29.69191542	    -23.89949814	    112.10041587	      0.00000000	      0.00000000	      0.00000000	      0.00000000	    -28.77802084	     -4.05167981	    -20.97673967	      2.38468402	      6.08985095	     -4.98473282	      0.00000000	     -2.76315486	     -1.92516654	      0.00000000	    -33.66062706	     -3.84258175	    -34.13764394	      9.19517598	     14.89690267	     -4.98473282	      0.00000000	      2.21786248	     13.92971718	      0.00000000
      7.33333333	    -24.48475343	     -0.28039229	   -177.17794092	      0.09401441	      0.04094445	     -0.53109384	    -26.52944641	      1.14527287	      0.27989150	     -6.49839993	      0.87182070	     -2.49922184	     -0.02100320	      0.02164780	      0.00197873	      0.00000000	      0.00000000	      0.00000000	     -0.01787226	     -0.01287887	     -0.00780069	      0.00000000	      0.00000000	      0.00000000	     -0.00915595	     -0.01363280	      0.00632423	    -26.86795728	     29.49456291	     25.69692956	    109.93630887	      0.00000000	      0.00000000	      0.00000000	      0.00000000	     38.89806651	     30.03747892	    -24.39482496	    111.80744132	      0.00000000	      0.00000000	      0.00000000	      0.00000000	    -28.72319588	     -4.98992212	    -21.21542117	      1.11251705	      5.53052260	     -4.98473282	      0.00000000	     -1.91745490	     -2.29210492	      0.00000000	    -33.27503524	     -3.42100770	    -34.09532177	      7.88867681	     14.89690267	     -4.98473282	      0.00000000	      2.75596074	     13.99693879	      0.00000000
      7.36666667	    -25.05132842	     -1.38535453	   -176.74739802	      0.09660850	      0.04205740	     -0.53106631	    -28.17556549	      0.05175606	      0.05029135	     -6.00886590	      0.95127728	     -3.13423250	     -0.02145731	      0.02201390	      0.00438516	      0.00000000	      0.00000000	      0.00000000	     -0.01484689	     -0.01377250	     -0.00750027	      0.00000000	      0.00000000	      0.00000000	     -0.00487810	     -0.01323150	      0.00536079	    -27.72768652	     30.43771958	     24.75749942	    110.11329506	      0.00000000	      0.00000000	      0.00000000	      0.00000000	     39.52366129	     31.02554857	    -24.14288353	    111.95404555	      0.00000000	      0.00000000	      0.00000000	      0.00000000	    -28.51455719	     -6.12630654	    -21.11496449	     -0.57401761	      4.94912067	     -4.98473282	      0.00000000	     -1.07290538	     -2.51661858	      0.00000000	    -32.57564839	     -3.19567879	    -33.89411281	      5.92066656	     14.89690267	     -4.98473282	      0.00000000	      3.87122602	     14.12305081	      0.00000000
      7.40000000	    -25.33937448	     -2.22162304	   -176.16560033	      0.10054271	      0.04304678	     -0.53156796	    -29.88274580	     -0.78574312	     -0.19130422	     -4.85371210	      1.29627928	     -4.16299536	     -0.02226998	      0.02034310	      0.00579429	      0.00000000	      0.00000000	      0.00000000	     -0.00918560	     -0.01456532	     -0.00654838	      0.00000000	      0.00000000	      0.00000000	     -0.00082413	     -0.01585622	      0.00548762	    -28.84003872	     30.72565408	     22.89918504	    111.11587702	      0.00000000	      0.00000000	      0.00000000	      0.00000000	     40.67772692	     32.82851022	    -23.37161507	    112.29577766	      0.00000000	      0.00000000	      0.00000000	      0.00000000	    -27.70178659	     -7.04046609	    -20.15569275	     -2.76603255	      3.42725073	     -4.98473282	      0.00000000	     -0.34976539	     -2.40765164	      0.00000000	    -31.09920409	     -3.70705470	    -32.76336950	      2.78090475	     14.89690267	     -4.98473282	      0.00000000	      5.81395488	     13.71657046	      0.00000000
      7.43333333	    -25.22271217	     -2.69317080	   -175.75307309	      0.10550363	      0.04314951	     -0.53206474	    -31.32365763	     -1.24003841	     -0.53763801	     -4.04422065	      1.32686724	     -4.82402200	     -0.02420015	      0.01868026	      0.00656310	      0.00000000	      0.00000000	      0.00000000	     -0.00234455	     -0.01213721	     -0.00400366	      0.00000000	      0.00000000	      0.00000000	      0.00328661	     -0.01655344	      0.00409558	    -29.01000345	     30.64040455	     22.00502517	    112.04613846	      0.00000000	      0.00000000	      0.00000000	      0.00000000	     40.67073651	     34.52984837	    -23.19505558	    112.32252366	      0.00000000	      0.00000000	      0.00000000	      0.00000000	    -25.89584547	     -7.79653245	    -17.08871073	     -6.02512267	      0.93046641	     -4.98473282	      0.00000000	      0.83742098	     -2.79145499	      0.00000000	    -28.61061056	     -4.81913322	    -29.72297617	     -2.00594644	     14.89690267	     -4.98473282	      0.00000000	      8.83050608	     11.53412434	      0.00000000
      7.46666667	    -24.71474986	     -2.76312879	   -175.27956891	      0.11237439	      0.04242661	     -0.53337898	    -32.85409153	     -1.35975529	     -0.90870182	     -2.80759435	      1.13017350	     -4.81240933	     -0.02783322	      0.01586384	      0.00903179	      0.00000000	      0.00000000	      0.00000000	     -0.00136583	     -0.01128223	     -0.00093228	      0.00000000	      0.00000000	      0.00000000	      0.00422047	     -0.01625675	      0.00374127	    -28.73509424	     31.56534736	     21.34706544	    112.26417412	      0.00000000	      0.00000000	      0.00000000	      0.00000000	     40.60613562	     36.57263701	    -22.70504905	    111.45559857	      0.00000000	      0.00000000	      0.00000000	      0.00000000	    -23.19839968	     -8.11798952	    -14.28139552	    -10.08101508	     -0.33266460	     -4.98473282	      0.00000000	      2.19199350	     -3.81219645	      0.00000000	    -24.74822301	     -6.43881215	    -24.99055326	     -8.41413690	     14.89690267	     -4.98473282	      0.00000000	     11.57787525	      8.30562715	      0.00000000
      7.50000000	    -22.83376049	     -2.61835389	   -174.38856502	      0.12188874	      0.03979969	     -0.53448485	    -33.30770451	     -1.09985399	     -1.71469746	     -1.39877325	      0.93872869	     -4.53967721	     -0.03129191	      0.01228758	      0.01088156	      0.00000000	      0.00000000	      0.00000000	     -0.00460185	     -0.01369445	      0.00012220	      0.00000000	      0.00000000	      0.00000000	      0.00205690	     -0.01699806	      0.00551750	    -29.15110896	     33.53551041	     20.62462842	    111.55409113	      0.00000000	      0.00000000	      0.00000000	      0.00000000	     41.39462843	     38.51613674	    -21.09627900	    109.89132693	      0.00000000	      0.00000000	      0.00000000	      0.00000000	    -18.43827546	     -8.47069621	    -13.83723871	    -15.21072903	     -0.40123930	     -4.98473282	      0.00000000	      4.16204135	     -4.11105859	      0.00000000	    -17.97743191	     -7.91710193	    -18.06523936	    -16.91901077	     14.85955309	     -4.98473282	      0.00000000	     13.82573104	      3.35752161	      0.00000000
      7.53333333	    -18.97189446	     -1.98357997	   -172.85112237	      0.13386888	      0.03430895	     -0.53454743	    -31.91563529	     -0.00622769	     -2.98925311	     -0.29282872	      0.63484246	     -3.86135881	     -0.03609998	      0.00861069	      0.01160377	      0.00000000	      0.00000000	      0.00000000	     -0.00732156	     -0.01658413	      0.00099416	      0.00000000	      0.00000000	      0.00000000	     -0.00108335	     -0.02044601	      0.00788635	    -29.80157940	     35.67168334	     19.94325083	    110.83449970	      0.00000000	      0.00000000	      0.00000000	      0.00000000	     42.96914335	     40.08723396	    -18.29657646	    109.12004950	      0.00000000	      0.00000000	      0.00000000	      0.00000000	    -11.06912019	     -9.14664301	    -16.22869321	    -21.33407281	      0.60336947	     -4.98473282	      0.00000000	      7.57626361	     -2.54141734	      0.00000000	     -8.06714788	     -8.79020764	    -10.17150392	    -26.12207542	     12.32906114	     -4.98473282	      0.00000000	     15.76921342	      1.77055372	      0.00000000
      7.56666667	    -13.58424272	     -0.28666899	   -172.37458751	      0.14629475	      0.02543274	     -0.53477292	    -28.54179841	      1.59821578	     -3.03344908	      0.63684154	      0.36917530	     -3.27068429	     -0.03802642	      0.00504419	      0.00936544	      0.00000000	      0.00000000	      0.00000000	     -0.00590714	     -0.01567380	      0.00271328	      0.00000000	      0.00000000	      0.00000000	     -0.00296022	     -0.02431854	      0.00654270	    -30.15310806	     36.79653555	     19.57770303	    110.42691397	      0.00000000	      0.00000000	      0.00000000	      0.00000000	     43.58283828	     41.06382555	    -16.09641505	    109.31824513	      0.00000000	      0.00000000	      0.00000000	      0.00000000	     -0.86483252	     -9.61765945	    -17.04275287	    -28.65027885	      0.47139678	     -4.98473282	      0.00000000	     10.20170220	      0.15162261	      0.00000000	      3.12367682	    -10.35928585	     -7.22529800	    -34.83704575	     10.99984768	     -4.98473282	      0.00000000	     18.29978519	      3.17574424	      0.00000000
      7.60000000	    -13.11143802	      0.31742894	   -173.03970607	      0.15257250	      0.01623560	     -0.53597042	    -30.44027877	      1.89239674	     -2.18747733	      2.67983207	      0.27186949	     -3.13622669	     -0.03668364	      0.00228544	      0.00830862	      0.00000000	      0.00000000	      0.00000000	     -0.00386344	     -0.01460550	      0.00345884	      0.00000000	      0.00000000	      0.00000000	     -0.00130556	     -0.02457041	      0.00547958	    -31.54955259	     38.03772000	     17.65471506	    110.60512208	      0.00000000	      0.00000000	      0.00000000	      0.00000000	     44.75342641	     41.46856436	    -13.65511254	    111.30627718	      0.00000000	      0.00000000	      0.00000000	      0.00000000	      3.14689196	    -10.49738183	    -17.72180547	    -34.43902922	      1.73393509	     -4.98473282	      0.00000000	     11.44689259	      1.53968294	      0.00000000	      6.51104052	    -12.58068307	     -9.86603491	    -40.30868032	     12.90315579	     -4.98473282	      0.00000000	     20.22706191	      5.20199504	      0.00000000
      7.63333333	    -10.45206720	      0.63055964	   -173.67488879	      0.16049924	      0.00304536	     -0.53699539	    -30.01427795	      1.54677265	     -1.43198717	      4.99610070	      0.50426029	     -3.24975208	     -0.03272388	     -0.00180531	      0.00731357	      0.00000000	      0.00000000	      0.00000000	     -0.00091944	     -0.01462811	      0.00264359	      0.00000000	      0.00000000	      0.00000000	      0.00177135	     -0.02433975	      0.00402328	    -33.80932477	     38.91964229	     14.81084432	    111.41767206	      0.00000000	      0.00000000	      0.00000000	      0.00000000	     45.36493421	     41.61388810	    -11.84236971	    113.33943512	      0.00000000	      0.00000000	      0.00000000	      0.00000000	     10.09477246	    -12.09863963	    -17.75383441	    -41.35110533	      3.21292863	     -4.98473282	      0.00000000	     12.58020318	      2.36195872	      0.00000000	     12.85935222	    -14.27895923	    -11.43793204	    -46.86740286	     13.62440271	     -4.98473282	      0.00000000	     22.52576443	      7.84076255	      0.00000000
      7.66666667	     -0.61162170	      1.73132391	   -173.38219801	      0.17256372	     -0.01749295	     -0.53791165	    -20.98166432	      1.71384746	     -1.62614229	      5.57389613	      0.43709172	     -3.59403028	     -0.02564222	     -0.00652614	      0.00660129	      0.00000000	      0.00000000	      0.00000000	      0.00453889	     -0.01604688	      0.00422562	      0.00000000	      0.00000000	      0.00000000	      0.00573385	     -0.02503468	     -0.00043754	    -34.49914137	     39.44622707	     13.80398653	    112.45921183	      0.00000000	      0.00000000	      0.00000000	      0.00000000	     43.90351086	     41.87123020	    -12.38331324	    114.24548912	      0.00000000	      0.00000000	      0.00000000	      0.00000000	     25.67581508	    -14.16665698	    -16.35528384	    -49.91448030	      3.85937660	     -3.78140678	      0.00000000	     13.62142888	      1.44621460	      0.00000000	     29.48438223	    -15.23879767	     -9.55571001	    -56.03151649	     10.26196862	     -4.98473282	      0.00000000	     24.58728023	     13.76009316	      0.00000000
      7.70000000	     -0.34930465	      1.28570825	   -173.46778250	      0.17678394	     -0.03432920	     -0.53926783	    -23.07544434	      0.74742228	     -1.46311232	      8.89761853	      0.68736357	     -3.80538370	     -0.01849362	     -0.01217279	      0.00901794	      0.00000000	      0.00000000	      0.00000000	      0.00613820	     -0.02216393	      0.00790193	      0.00000000	      0.00000000	      0.00000000	      0.00781259	     -0.02290479	     -0.00040722	    -35.58797195	     43.27096737	     11.60258610	    113.15800366	      0.00000000	      0.00000000	      0.00000000	      0.00000000	     45.36697868	     44.12078174	    -10.73216704	    114.72283026	      0.00000000	      0.00000000	      0.00000000	      0.00000000	     29.16394273	    -15.83117571	    -15.46804962	    -55.20843054	      3.79745123	     -3.30366798	      0.00000000	     15.47374234	      1.81565976	      0.00000000	     33.17652813	    -16.29874073	    -10.15753003	    -61.92294317	     10.87907806	     -4.98473282	      0.00000000	     25.48668523	     15.05355002	      0.00000000
      7.73333333	      4.72680161	      1.34291368	   -173.70739637	      0.18365935	     -0.05678638	     -0.54076725	    -19.29801573	     -0.18964312	     -1.31406991	     10.67477370	      0.78056079	     -3.88131407	     -0.01063571	     -0.01679400	      0.01160635	      0.00000000	      0.00000000	      0.00000000	      0.01287234	     -0.02809470	      0.01037020	      0.00000000	      0.00000000	      0.00000000	      0.01326806	     -0.01929993	      0.00203489	    -35.30227076	     46.46666856	     10.17245095	    114.69815632	      0.00000000	      0.00000000	      0.00000000	      0.00000000	     46.46953512	     45.91290839	     -9.84703244	    115.44348468	      0.00000000	      0.00000000	      0.00000000	      0.00000000	     39.08280149	    -17.16870795	    -11.39547616	    -61.69613229	      0.28978547	     -1.22629643	      0.00000000	     18.14054095	      4.08131565	      0.00000000	     42.83200331	    -17.34080502	     -8.29107333	    -68.30663352	     10.40319857	     -3.01432032	      0.00000000	     26.15964916	     15.29329630	      0.00000000
      7.76666667	      5.80364854	      1.13923079	   -173.71886195	      0.18872752	     -0.07727750	     -0.54253019	    -20.62239870	     -0.98056851	     -1.47048830	     13.22549497	      1.21999141	     -4.19167738	     -0.00830441	     -0.02135827	      0.01337042	      0.00000000	      0.00000000	      0.00000000	      0.01878776	     -0.03516083	      0.01367171	      0.00000000	      0.00000000	      0.00000000	      0.01713014	     -0.01395530	      0.00732677	    -36.26428773	     51.39246807	      7.38706688	    115.52116330	      0.00000000	      0.00000000	      0.00000000	      0.00000000	     49.49339568	     47.87585466	     -6.45064718	    116.42220377	      0.00000000	      0.00000000	      0.00000000	      0.00000000	     44.06359832	    -17.91791933	     -9.80818204	    -67.16956077	     -1.31920338	     -1.13158586	      0.00000000	     19.70569244	      4.45549853	      0.00000000	     47.26413168	    -18.18864711	     -7.24745288	    -73.23041136	     10.38066736	     -1.95638950	      0.00000000	     27.19404830	     14.65895849	      0.00000000
      7.80000000	      8.37246224	      1.23707657	   -173.26481489	      0.19529936	     -0.09934166	     -0.54425463	    -20.30370921	     -1.36570627	     -2.07283449	     15.14710584	      1.50535096	     -3.93106468	     -0.00815535	     -0.02549520	      0.01543226	      0.00000000	      0.00000000	      0.00000000	      0.02510353	     -0.03813972	      0.01419082	      0.00000000	      0.00000000	      0.00000000	      0.02220508	     -0.00876763	      0.01256108	    -39.18996468	     54.87506460	      3.79289044	    115.95819946	      0.00000000	      0.00000000	      0.00000000	      0.00000000	     52.44705126	     48.85663440	     -2.20516458	    117.45243218	      0.00000000	      0.00000000	      0.00000000	      0.00000000	     50.72441588	    -18.74368092	     -7.56043212	    -72.79632424	     -2.71603309	     -0.25253123	      0.00000000	     20.57721236	      4.31473106	      0.00000000	     53.64322101	    -18.42257750	     -6.36795022	    -78.11181984	     10.34405311	     -1.84920897	      0.00000000	     28.04435129	     13.77140252	      0.00000000
      7.83333333	     11.67530280	      1.61501546	   -172.57768320	      0.20309606	     -0.12178007	     -0.54564042	    -19.19405341	     -1.26914947	     -2.84561717	     16.73748285	      1.84693960	     -3.78156110	     -0.00924185	     -0.02901822	      0.01482934	      0.00000000	      0.00000000	      0.00000000	      0.02810796	     -0.03680950	      0.01281528	      0.00000000	      0.00000000	      0.00000000	      0.02643868	     -0.00672582	      0.01522752	    -43.42505873	     57.03802279	      0.32287086	    115.17175024	      0.00000000	      0.00000000	      0.00000000	      0.00000000	     55.39282119	     50.02007033	      2.57418507	    117.31404349	      0.00000000	      0.00000000	      0.00000000	      0.00000000	     58.14091158	    -19.59453813	     -5.09777758	    -78.26096886	     -2.66964070	      0.88177823	      0.00000000	     20.26130985	      3.31516651	      0.00000000	     61.03270740	    -18.23850316	     -5.50823654	    -82.70792383	     10.36542140	     -2.20844495	      0.00000000	     28.61831529	     12.99488934	      0.00000000
      7.86666667	     15.21552334	      2.30651853	   -171.70848526	      0.21191252	     -0.14362634	     -0.54677476	    -17.94530733	     -0.71698821	     -3.57067178	     18.20598949	      2.04385097	     -3.70627171	     -0.01176368	     -0.03243402	      0.01325311	      0.00000000	      0.00000000	      0.00000000	      0.02677775	     -0.03424262	      0.01274966	      0.00000000	      0.00000000	      0.00000000	      0.02980449	     -0.00972087	      0.01465987	    -46.62590502	     59.15770961	     -2.14929608	    113.29155810	      0.00000000	      0.00000000	      0.00000000	      0.00000000	     59.41155767	     52.98490375	      7.65414265	    115.92396870	      0.00000000	      0.00000000	      0.00000000	      0.00000000	     65.44544671	    -20.47374997	     -3.18631610	    -82.96252704	     -1.91311655	      1.79127267	      0.00000000	     19.64840868	      2.07522682	      0.00000000	     68.86535335	    -17.69464530	     -4.57373366	    -86.91433553	     10.69568234	     -2.87603338	      0.00000000	     28.61617881	     12.17180704	      0.00000000
      7.90000000	     19.01702978	      3.27247119	   -170.97912872	      0.22108623	     -0.16453881	     -0.54769683	    -16.30668600	      0.15928404	     -4.07344320	     19.45544958	      2.00643874	     -3.55058312	     -0.01399149	     -0.03600386	      0.01151460	      0.00000000	      0.00000000	      0.00000000	      0.02575761	     -0.03258473	      0.01437660	      0.00000000	      0.00000000	      0.00000000	      0.03446135	     -0.01699332	      0.01215650	    -48.05076689	     61.90035090	     -4.06033698	    111.43812124	      0.00000000	      0.00000000	      0.00000000	      0.00000000	     64.44182534	     57.29498402	     13.14625806	    114.34183159	      0.00000000	      0.00000000	      0.00000000	      0.00000000	     72.70783615	    -21.20764395	     -1.79184013	    -86.93955199	     -1.68441456	      2.42404438	      0.00000000	     19.45335220	      1.57069379	      0.00000000	     76.83980507	    -16.98434984	     -3.43840827	    -90.59561378	     11.23345077	     -3.42209734	      0.00000000	     28.23140558	     11.09039608	      0.00000000
      7.93333333	     22.99105261	      4.39573990	   -170.60745254	      0.22961114	     -0.18509717	     -0.54865816	    -14.14029407	      0.99900760	     -4.59318078	     20.57352608	      1.97897899	     -2.92722941	     -0.01362243	     -0.03942021	      0.01162492	      0.00000000	      0.00000000	      0.00000000	      0.03071233	     -0.03268472	      0.01662538	      0.00000000	      0.00000000	      0.00000000	      0.03925956	     -0.02365730	      0.01097946	    -49.18815470	     65.17741734	     -6.82293826	    110.66920211	      0.00000000	      0.00000000	      0.00000000	      0.00000000	     69.59584112	     60.93752245	     18.96982200	    113.47080954	      0.00000000	      0.00000000	      0.00000000	      0.00000000	     79.95188322	    -21.75055650	     -0.80511815	    -90.43141348	     -2.30231630	      2.81645863	      0.00000000	     19.70485395	      2.08397851	      0.00000000	     84.80319346	    -16.35143633	     -1.93277986	    -94.06320493	     11.68219544	     -3.60139664	      0.00000000	     27.44648907	      9.85486261	      0.00000000
      7.96666667	     26.88692798	      5.52320991	   -170.58427994	      0.23701617	     -0.20476897	     -0.54982912	    -11.84010975	      1.73305446	     -5.12836425	     21.61641403	      1.95057141	     -1.94987030	     -0.01176245	     -0.04283684	      0.01286892	      0.00000000	      0.00000000	      0.00000000	      0.04066057	     -0.03216216	      0.01694268	      0.00000000	      0.00000000	      0.00000000	      0.04099556	     -0.02740027	      0.01162120	    -52.18666058	     68.17561268	    -11.44520039	    111.20523495	      0.00000000	      0.00000000	      0.00000000	      0.00000000	     73.58447937	     62.92229208	     24.60440042	    113.42786339	      0.00000000	      0.00000000	      0.00000000	      0.00000000	     86.86755193	    -22.08633207	     -0.44838604	    -93.52102641	     -3.45399982	      2.83478185	      0.00000000	     20.29431444	      2.69350470	      0.00000000	     92.43876872	    -15.92725118	     -0.18440340	    -97.32332465	     11.74475668	     -3.33290530	      0.00000000	     26.18130227	      8.64588064	      0.00000000
      8.00000000	     29.31113225	      6.39563664	   -170.84342564	      0.24268353	     -0.22277255	     -0.55141537	    -11.40254835	      2.29814035	     -4.72117370	     23.64499044	      1.81826748	     -1.67791232	     -0.00949412	     -0.04647135	      0.01446148	      0.00000000	      0.00000000	      0.00000000	      0.04747939	     -0.03402390	      0.01019323	      0.00000000	      0.00000000	      0.00000000	      0.03876577	     -0.02695139	      0.01284162	    -64.43478732	     69.10064934	    -24.75283520	    112.43389000	      0.00000000	      0.00000000	      0.00000000	      0.00000000	     76.59636624	     64.63120754	     30.03481871	    113.04479221	      0.00000000	      0.00000000	      0.00000000	      0.00000000	     91.95028262	    -22.25496876	     -1.53061116	    -96.24293301	     -4.09918689	      1.77788194	      0.00000000	     20.55762619	      2.19012342	      0.00000000	     98.12430209	    -16.00843378	      2.41121395	   -100.25828892	     12.70183740	     -2.07007900	      0.00000000	     25.18396233	      6.91687933	      0.00000000
      8.03333333	     32.54764384	      7.24284787	   -171.33126609	      0.24659012	     -0.24170837	     -0.55233769	     -9.29345425	      2.78267512	     -4.79885650	     24.63096704	      1.60978142	     -1.13232413	     -0.00518256	     -0.04938246	      0.01581668	      0.00000000	      0.00000000	      0.00000000	      0.05482480	     -0.02816528	      0.00756850	      0.00000000	      0.00000000	      0.00000000	      0.03659211	     -0.02310589	      0.01372881	    -67.96797321	     69.67758706	    -28.36494461	    114.14808448	      0.00000000	      0.00000000	      0.00000000	      0.00000000	     76.92250130	     64.42685904	     32.38690595	    113.13912447	      0.00000000	      0.00000000	      0.00000000	      0.00000000	     98.02803930	    -22.43559056	     -2.12703378	    -99.19040043	     -4.15257838	      0.83948288	      0.00000000	     20.44914028	      1.18855947	      0.00000000	    104.54623685	    -16.17943393	      2.76395434	   -103.59511254	     12.35945818	     -2.84448993	      0.00000000	     24.33083908	      6.48617307	      0.00000000
      8.06666667	     34.78289178	      7.53730061	   -172.07836325	      0.24924829	     -0.26015697	     -0.55299382	     -8.31466979	      2.83391092	     -4.07470460	     25.55182393	      1.50479112	     -1.29227347	     -0.00230823	     -0.05185155	      0.01505502	      0.00000000	      0.00000000	      0.00000000	      0.05665387	     -0.02391017	      0.00397282	      0.00000000	      0.00000000	      0.00000000	      0.03808888	     -0.01846711	      0.01353685	    -72.33918802	     69.48366949	    -33.24380775	    115.54053883	      0.00000000	      0.00000000	      0.00000000	      0.00000000	     78.89133863	     64.65971460	     35.18253285	    113.16522125	      0.00000000	      0.00000000	      0.00000000	      0.00000000	    103.22038717	    -22.27455119	     -2.98202465	   -102.15087103	     -4.43742678	     -0.86636851	      0.00000000	     20.00888105	      0.52783904	      0.00000000	    109.41499069	    -17.06322877	      2.85937195	   -106.56744091	     12.70183556	     -3.34585249	      0.00000000	     24.16560970	      5.92707437	      0.00000000
      8.10000000	     36.02688097	      7.39209584	   -172.92375077	      0.25131309	     -0.27843760	     -0.55282486	     -8.44181753	      2.58723410	     -3.07613102	     26.60218431	      1.83745541	     -1.54560700	     -0.00027542	     -0.05380944	      0.01297684	      0.00000000	      0.00000000	      0.00000000	      0.05544341	     -0.02171033	      0.00321960	      0.00000000	      0.00000000	      0.00000000	      0.04290002	     -0.01480905	      0.01644941	    -77.83664943	     69.83149262	    -39.54883103	    115.48145810	      0.00000000	      0.00000000	      0.00000000	      0.00000000	     83.72217865	     64.40413909	     40.00707019	    113.45638662	      0.00000000	      0.00000000	      0.00000000	      0.00000000	    107.49193187	    -22.12420393	     -3.64848862	   -105.01528383	     -5.66578261	     -2.51593889	      0.00000000	     19.69549377	      1.70194673	      0.00000000	    112.96922959	    -18.20386845	      2.51247036	   -109.53157383	     13.56912873	     -4.21360794	      0.00000000	     24.39697252	      5.12381483	      0.00000000
      8.13333333	     35.18272869	      6.78497803	   -173.45397380	      0.25295089	     -0.29532246	     -0.55156820	    -11.18590764	      2.33781396	     -2.06781851	     28.30388151	      1.42240291	     -2.20037131	      0.00071023	     -0.05565458	      0.01054420	      0.00000000	      0.00000000	      0.00000000	      0.05373785	     -0.02392735	      0.00155133	      0.00000000	      0.00000000	      0.00000000	      0.04888625	     -0.01303455	      0.02075992	    -90.09045076	     70.24470566	    -52.55573914	    113.59441620	      0.00000000	      0.00000000	      0.00000000	      0.00000000	     91.55670786	     63.60623241	     47.65215886	    114.17201074	      0.00000000	      0.00000000	      0.00000000	      0.00000000	    109.33350964	    -22.28303345	     -3.61420075	   -107.68728321	     -7.39685596	     -3.51272477	      0.00000000	     20.73575545	      5.32652592	      0.00000000	    113.96868413	    -19.36879608	      2.18054182	   -112.27714898	     14.36924341	     -4.87028908	      0.00000000	     25.53888491	      5.08459012	      0.00000000
      8.16666667	     35.38334660	      6.43734573	   -174.25560112	      0.25450749	     -0.31312773	     -0.55048226	    -12.16402928	      2.19949091	     -1.15262155	     28.72964629	      1.70964876	     -2.35569098	      0.00126915	     -0.05729675	      0.00684806	      0.00000000	      0.00000000	      0.00000000	      0.05504467	     -0.02804852	      0.00015430	      0.00000000	      0.00000000	      0.00000000	      0.05316463	     -0.01085544	      0.02506380	   -102.40657245	     69.95910505	    -64.36954147	    110.80601028	      0.00000000	      0.00000000	      0.00000000	      0.00000000	     96.40919907	     62.45402024	     52.22765113	    115.06260162	      0.00000000	      0.00000000	      0.00000000	      0.00000000	    112.06980204	    -22.33927823	     -2.72626439	   -110.35416425	     -7.34360742	     -3.07235168	      0.00000000	     21.47057138	      5.94836523	      0.00000000	    116.49997101	    -20.39367305	      2.94629643	   -114.91280201	     13.46789021	     -4.89862096	      0.00000000	     26.40208309	      7.43403765	      0.00000000
      8.20000000	     35.33525021	      6.04639750	   -175.02967704	      0.25570780	     -0.33002489	     -0.54984730	    -13.32551265	      1.97133461	     -0.65946008	     29.20209870	      2.27309705	     -2.13245977	      0.00211096	     -0.05936340	      0.00352462	      0.00000000	      0.00000000	      0.00000000	      0.05830749	     -0.03009774	     -0.00086278	      0.00000000	      0.00000000	      0.00000000	      0.05332360	     -0.00959118	      0.02600261	   -111.89562501	     69.45447937	    -72.48204417	    109.12252811	      0.00000000	      0.00000000	      0.00000000	      0.00000000	    100.13515553	     61.28692917	     55.45884823	    115.73600247	      0.00000000	      0.00000000	      0.00000000	      0.00000000	    114.17976542	    -22.26856134	     -1.93216572	   -112.78328782	     -6.48790825	     -2.64369575	      0.00000000	     22.43648903	      5.76680658	      0.00000000	    118.70573632	    -21.26227735	      3.63552738	   -117.37835074	     11.86606891	     -4.98473282	      0.00000000	     27.15025948	      9.78203269	      0.00000000
      8.23333333	     34.96072334	      5.76904943	   -175.84352506	      0.25611859	     -0.34593227	     -0.54997772	    -14.66529630	      1.76133327	     -0.30290148	     30.01666517	      2.91010238	     -1.36521758	      0.00484734	     -0.06177153	      0.00151266	      0.00000000	      0.00000000	      0.00000000	      0.06157835	     -0.03015363	      0.00022521	      0.00000000	      0.00000000	      0.00000000	      0.05186060	     -0.00813700	      0.02665870	   -117.63131629	     69.44480067	    -76.85359146	    108.87580079	      0.00000000	      0.00000000	      0.00000000	      0.00000000	    101.30508848	     59.74009315	     56.60520029	    116.60527003	      0.00000000	      0.00000000	      0.00000000	      0.00000000	    115.52379749	    -21.99944048	     -1.60472353	   -114.90142937	     -6.50987325	     -2.37596573	      0.00000000	     23.60004420	      5.94173227	      0.00000000	    120.49290737	    -22.10420294	      4.65148169	   -119.74537879	     11.16515586	     -4.98473282	      0.00000000	     27.82249302	     10.53859908	      0.00000000
      8.26666667	     34.54918072	      5.28117029	   -176.27500404	      0.25578030	     -0.36040961	     -0.55105677	    -15.87760751	      1.26651131	     -0.15982099	     31.17262015	      3.11961484	     -1.04913983	      0.00888229	     -0.06435909	      0.00030343	      0.00000000	      0.00000000	      0.00000000	      0.06218722	     -0.02750083	      0.00208764	      0.00000000	      0.00000000	      0.00000000	      0.05249993	     -0.00673434	      0.02765908	   -118.43331247	     70.00252624	    -77.13690742	    109.72179217	      0.00000000	      0.00000000	      0.00000000	      0.00000000	    101.02265015	     58.18604027	     56.75702984	    117.77847886	      0.00000000	      0.00000000	      0.00000000	      0.00000000	    116.76222700	    -21.70720338	     -1.44378883	   -116.87197523	     -6.94988540	     -2.79234711	      0.00000000	     24.58400788	      5.81758046	      0.00000000	    121.69209451	    -22.67885603	      5.25460963	   -121.78878986	     11.03322761	     -4.98473282	      0.00000000	     28.36086691	      9.97649983	      0.00000000
      8.30000000	     34.04353111	      5.13579618	   -176.63176232	      0.25468594	     -0.37313037	     -0.55242518	    -16.93505675	      1.22551791	     -0.38265216	     31.82028175	      3.43102160	     -0.22794254	      0.01159977	     -0.06683070	     -0.00115625	      0.00000000	      0.00000000	      0.00000000	      0.06451688	     -0.02797893	      0.00683641	      0.00000000	      0.00000000	      0.00000000	      0.05407777	     -0.00435521	      0.02999508	   -122.37088266	     71.45297196	    -80.61283577	    109.21574196	      0.00000000	      0.00000000	      0.00000000	      0.00000000	     98.75741593	     56.29078119	     55.88536518	    119.09539865	      0.00000000	      0.00000000	      0.00000000	      0.00000000	    117.40087856	    -21.37968950	     -2.17758155	   -118.44228654	     -8.18385681	     -3.80143286	      0.00000000	     25.79382721	      6.48045657	      0.00000000	    122.84770633	    -23.08129549	      6.30206424	   -124.09157555	     13.97287695	     -4.98473282	      0.00000000	     28.01964822	      5.22195558	      0.00000000
      8.33333333	     33.59939529	      4.80326439	   -176.55434557	      0.25308326	     -0.38408570	     -0.55398482	    -17.63233351	      1.02179338	     -0.31260330	     32.04402866	      3.32374466	     -0.29700184	      0.01310914	     -0.06851028	     -0.00277215	      0.00000000	      0.00000000	      0.00000000	      0.06495837	     -0.02756071	      0.00797970	      0.00000000	      0.00000000	      0.00000000	      0.05857383	     -0.00443859	      0.03220154	   -122.54161197	     71.56169991	    -80.54898593	    109.08105563	      0.00000000	      0.00000000	      0.00000000	      0.00000000	     98.37924853	     56.02183356	     56.47768507	    119.13307032	      0.00000000	      0.00000000	      0.00000000	      0.00000000	    118.32038648	    -21.33004019	     -1.91615361	   -120.22974506	     -8.63147650	     -4.21007424	      0.00000000	     26.31587267	      6.16065217	      0.00000000	    123.57334570	    -23.15747245	      6.81482021	   -125.84914773	     13.69256040	     -4.98473282	      0.00000000	     28.30832230	      4.99752568	      0.00000000
      8.36666667	     33.38687148	      4.23662767	   -176.79449499	      0.25142361	     -0.39277909	     -0.55559251	    -17.69089522	      0.47018203	     -0.29251327	     32.60054334	      2.55405405	     -0.73867891	      0.01778598	     -0.06872748	     -0.00274800	      0.00000000	      0.00000000	      0.00000000	      0.06680093	     -0.02856872	      0.00980622	      0.00000000	      0.00000000	      0.00000000	      0.06526654	     -0.00640359	      0.03832053	   -123.13947434	     72.19045427	    -80.53062028	    107.95920513	      0.00000000	      0.00000000	      0.00000000	      0.00000000	     98.89315927	     54.76304092	     57.75737168	    118.97504864	      0.00000000	      0.00000000	      0.00000000	      0.00000000	    119.47055991	    -20.59238361	     -1.68711328	   -121.67758977	     -8.89018874	     -4.80799972	      0.00000000	     26.09136420	      5.66443658	      0.00000000	    124.34725237	    -23.87931742	      7.03402502	   -127.42383119	     13.73746022	     -4.98473282	      0.00000000	     27.81569022	      4.56494654	      0.00000000
      8.40000000	     33.67828617	      3.90157026	   -176.93033485	      0.24994198	     -0.39829659	     -0.55703093	    -17.08296034	      0.09237440	     -0.39084766	     32.35114531	      2.26788599	     -0.47356060	      0.01825236	     -0.06857900	     -0.00211775	      0.00000000	      0.00000000	      0.00000000	      0.06974921	     -0.03229308	      0.00995486	      0.00000000	      0.00000000	      0.00000000	      0.06583562	     -0.01025209	      0.03694170	   -123.56521891	     72.10533499	    -80.68118748	    107.59790458	      0.00000000	      0.00000000	      0.00000000	      0.00000000	    100.55574912	     55.66539860	     58.84717207	    117.50084110	      0.00000000	      0.00000000	      0.00000000	      0.00000000	    120.83539867	    -20.06068894	     -1.32059459	   -122.74929562	     -8.84637870	     -4.96669582	      0.00000000	     25.33902812	      4.92733392	      0.00000000	    125.12613585	    -24.31599990	      7.03228766	   -128.31710348	     13.79792943	     -4.98473282	      0.00000000	     27.74139502	      3.99053456	      0.00000000
      8.43333333	     33.56048639	      3.89212804	   -176.98465811	      0.24840401	     -0.40017776	     -0.55794033	    -16.86419183	      0.19573539	     -0.61226621	     32.38579335	      2.19823607	     -0.42586720	      0.01840979	     -0.06720470	     -0.00312649	      0.00000000	      0.00000000	      0.00000000	      0.07226867	     -0.03508871	      0.00956953	      0.00000000	      0.00000000	      0.00000000	      0.06461219	     -0.01248501	      0.03467169	   -123.57908957	     72.14603495	    -80.53483535	    107.71046208	      0.00000000	      0.00000000	      0.00000000	      0.00000000	    100.76310580	     55.80542927	     58.47960243	    117.07298328	      0.00000000	      0.00000000	      0.00000000	      0.00000000	    121.09946647	    -19.86499289	     -1.26300372	   -123.27257229	     -8.80042676	     -4.98473282	      0.00000000	     25.09227950	      4.91257881	      0.00000000	    125.14792725	    -24.45103062	      7.14114714	   -128.68828423	     13.63091864	     -4.98473282	      0.00000000	     27.94214725	      3.84962092	      0.00000000
      8.46666667	     33.80692605	      3.96570013	   -177.01072441	      0.24721374	     -0.39768749	     -0.55896773	    -16.26604922	      0.19117924	     -0.62699079	     32.45733412	      2.21204597	     -0.20227704	      0.01755832	     -0.06572453	     -0.00224989	      0.00000000	      0.00000000	      0.00000000	      0.07138437	     -0.03791612	      0.01236793	      0.00000000	      0.00000000	      0.00000000	      0.06302995	     -0.01438006	      0.03178866	   -123.15750262	     72.66275547	    -80.62585627	    108.08040628	      0.00000000	      0.00000000	      0.00000000	      0.00000000	    100.60789470	     56.24958327	     57.79553035	    116.88833831	      0.00000000	      0.00000000	      0.00000000	      0.00000000	    121.14721569	    -19.75996659	     -1.39822757	   -122.99855302	     -8.71447536	     -4.98473282	      0.00000000	     24.54580297	      4.98915123	      0.00000000	    124.96621401	    -24.42069667	      7.17727977	   -128.26930033	     13.66409103	     -4.98473282	      0.00000000	     28.17774057	      3.85776649	      0.00000000
      8.50000000	     35.26136923	      4.30720868	   -177.37973775	      0.24527432	     -0.39408707	     -0.55955497	    -13.63733070	      0.51776966	     -0.92564210	     32.88530216	      2.64014977	      1.53042359	      0.02180969	     -0.06364898	     -0.00172223	      0.00000000	      0.00000000	      0.00000000	      0.06863039	     -0.03532993	      0.01929189	      0.00000000	      0.00000000	      0.00000000	      0.06082130	     -0.01009420	      0.02692365	   -120.90355537	     76.07166002	    -78.45096911	    108.08035217	      0.00000000	      0.00000000	      0.00000000	      0.00000000	     95.73007138	     56.95839586	     53.07708364	    118.03199402	      0.00000000	      0.00000000	      0.00000000	      0.00000000	    122.05357236	    -19.59232643	     -2.27990139	   -122.29509222	     -9.39272378	     -4.98473282	      0.00000000	     23.75378608	      4.58381171	      0.00000000	    126.13474643	    -24.44405901	      7.81103286	   -127.77191693	     14.19868481	     -4.98469927	      0.00000000	     28.85308362	      4.33723940	      0.00000000
      8.53333333	     36.13839304	      5.62842176	   -177.61068808	      0.24304294	     -0.38635422	     -0.55975859	    -11.85275554	      1.93123037	     -0.76180510	     31.94916518	      2.33252559	      1.70047952	      0.01835889	     -0.06213270	      0.00018879	      0.00000000	      0.00000000	      0.00000000	      0.06387189	     -0.03415712	      0.01607277	      0.00000000	      0.00000000	      0.00000000	      0.06443494	     -0.00171168	      0.03069866	   -116.84256629	     75.87445716	    -75.00748267	    109.01068507	      0.00000000	      0.00000000	      0.00000000	      0.00000000	     90.67812296	     56.25050714	     49.53316855	    121.54909721	      0.00000000	      0.00000000	      0.00000000	      0.00000000	    121.01977427	    -20.08580912	     -4.17199482	   -120.98800046	     -9.30008227	     -4.98473282	      0.00000000	     23.72771277	      4.62655680	      0.00000000	    127.07753386	    -23.78247018	      9.04926583	   -126.89850465	     14.79975622	     -4.98473282	      0.00000000	     28.28989312	      3.77695096	      0.00000000
      8.56666667	     36.90098032	      6.39360438	   -178.06944838	      0.24047286	     -0.37556760	     -0.56088132	    -10.15245896	      2.50186655	      0.45229621	     31.70631976	      1.79484831	      1.47804099	      0.01772449	     -0.06073415	      0.00317968	      0.00000000	      0.00000000	      0.00000000	      0.05497742	     -0.02544198	      0.01288626	      0.00000000	      0.00000000	      0.00000000	      0.06727723	     -0.00377870	      0.03371883	   -104.71853236	     75.13828445	    -63.14311680	    110.70239430	      0.00000000	      0.00000000	      0.00000000	      0.00000000	     90.81667014	     57.40156849	     50.77528198	    121.93524320	      0.00000000	      0.00000000	      0.00000000	      0.00000000	    119.77375898	    -19.79325262	     -5.86096334	   -119.20266809	     -9.48483777	     -4.98473282	      0.00000000	     23.09870118	      3.62763636	      0.00000000	    126.98316788	    -23.85006005	      9.66805458	   -125.34262463	     14.89690267	     -4.98473282	      0.00000000	     28.21272603	      4.02897885	      0.00000000
      8.60000000	     37.37376843	      7.07667780	   -177.57452444	      0.23776065	     -0.36203443	     -0.56161101	     -8.85747465	      3.13322670	     -0.13265282	     31.55443886	      1.90003416	      1.18160669	      0.01573288	     -0.05953078	      0.00506854	      0.00000000	      0.00000000	      0.00000000	      0.05454453	     -0.02726749	      0.00987881	      0.00000000	      0.00000000	      0.00000000	      0.06148925	     -0.00626809	      0.03379663	   -104.26646519	     74.61057047	    -63.31237271	    110.85538219	      0.00000000	      0.00000000	      0.00000000	      0.00000000	     90.86221861	     58.25431769	     50.78760848	    121.33042634	      0.00000000	      0.00000000	      0.00000000	      0.00000000	    118.28712554	    -20.44829768	     -6.13917625	   -117.64240011	     -9.29159117	     -4.30295536	      0.00000000	     22.61882607	      3.62709746	      0.00000000	    125.85396447	    -23.28238538	      9.20747672	   -123.26027323	     14.89690267	     -4.98473282	      0.00000000	     27.45919256	      4.45134563	      0.00000000
      8.63333333	     37.51782766	      7.81484051	   -177.15806402	      0.23522128	     -0.34589614	     -0.56353464	     -8.00620484	      3.75664458	     -0.22046653	     31.21055009	      1.44011836	      0.19489515	      0.01185056	     -0.05887325	      0.00739965	      0.00000000	      0.00000000	      0.00000000	      0.05521742	     -0.03055563	      0.00652191	      0.00000000	      0.00000000	      0.00000000	      0.05382688	     -0.01227340	      0.03103043	   -103.01323803	     73.51973942	    -62.86511380	    111.53209346	      0.00000000	      0.00000000	      0.00000000	      0.00000000	     92.02313672	     59.94884286	     50.79489207	    119.28387068	      0.00000000	      0.00000000	      0.00000000	      0.00000000	    116.15843936	    -20.69117620	     -6.18528985	   -115.88724479	     -8.37231788	     -3.32679105	      0.00000000	     22.02281662	      3.54791668	      0.00000000	    124.15335427	    -23.00923790	      8.78453983	   -120.86269634	     14.89663514	     -4.98473282	      0.00000000	     26.83568469	      4.95174991	      0.00000000
      8.66666667	     37.78084128	      7.97984421	   -176.61278662	      0.23346229	     -0.32797783	     -0.56618261	     -6.94067244	      3.72079311	     -0.82078155	     30.93400350	      1.68864548	     -0.69400354	      0.00907726	     -0.05798044	      0.00764909	      0.00000000	      0.00000000	      0.00000000	      0.05536404	     -0.03014811	      0.00453588	      0.00000000	      0.00000000	      0.00000000	      0.04748117	     -0.01841152	      0.02462585	    -96.55936597	     73.18848803	    -57.06789398	    112.93516372	      0.00000000	      0.00000000	      0.00000000	      0.00000000	     92.34203153	     61.95700652	     49.76918856	    117.04918793	      0.00000000	      0.00000000	      0.00000000	      0.00000000	    114.38221634	    -20.58117966	     -4.57340733	   -113.99212105	     -7.35085923	     -1.22967385	      0.00000000	     21.12922386	      2.85992385	      0.00000000	    121.92694315	    -22.80842820	      7.51190531	   -117.81859973	     11.83397675	     -4.98473282	      0.00000000	     26.85835529	      9.39236346	      0.00000000
      8.70000000	     37.63802898	      7.90660330	   -175.83226805	      0.23230633	     -0.30806045	     -0.56891502	     -6.38426627	      3.54015343	     -1.53618850	     30.71136080	      1.40056329	     -1.69458781	      0.00606514	     -0.05721022	      0.00868537	      0.00000000	      0.00000000	      0.00000000	      0.05225042	     -0.03359303	      0.00406790	      0.00000000	      0.00000000	      0.00000000	      0.04548276	     -0.02105314	      0.01837530	    -93.69365812	     72.48955282	    -54.22355954	    113.19220777	      0.00000000	      0.00000000	      0.00000000	      0.00000000	     90.33928707	     63.64962924	     47.32249781	    116.32425202	      0.00000000	      0.00000000	      0.00000000	      0.00000000	    111.95466464	    -20.55687395	     -4.44120621	   -111.46963903	     -7.36271293	     -0.62949560	      0.00000000	     20.92731851	      2.90081793	      0.00000000	    118.82510831	    -22.30765251	      5.87204712	   -114.59624538	     11.12322599	     -4.98473282	      0.00000000	     26.49985714	      9.95020635	      0.00000000
      8.73333333	     37.75797582	      7.99232746	   -175.38704103	      0.23208558	     -0.28700193	     -0.57178699	     -5.48512523	      3.68499385	     -2.49690496	     30.44240385	      1.79797833	     -1.82297097	      0.00324801	     -0.05629950	      0.00719853	      0.00000000	      0.00000000	      0.00000000	      0.04833066	     -0.03789159	      0.00403410	      0.00000000	      0.00000000	      0.00000000	      0.04317263	     -0.02653009	      0.01108344	    -92.90829130	     72.32229523	    -52.36479155	    112.48378360	      0.00000000	      0.00000000	      0.00000000	      0.00000000	     89.44711897	     64.07374804	     46.29642823	    116.00773124	      0.00000000	      0.00000000	      0.00000000	      0.00000000	    109.48313847	    -19.79161642	     -4.30182850	   -108.28450803	     -7.98712971	      0.08722147	      0.00000000	     19.90333783	      2.48955390	      0.00000000	    116.12773852	    -21.57570650	      4.87081942	   -111.17096455	     10.93018878	     -4.98473282	      0.00000000	     25.68672511	      9.45621847	      0.00000000
      8.76666667	     37.68987194	      7.18498329	   -174.73259000	      0.23105042	     -0.26563460	     -0.57362354	     -4.35066754	      2.77326513	     -3.31265176	     29.99246556	      2.08102318	     -2.57153546	      0.00381296	     -0.05518380	      0.00625396	      0.00000000	      0.00000000	      0.00000000	      0.04627038	     -0.03235182	      0.00298099	      0.00000000	      0.00000000	      0.00000000	      0.04095730	     -0.02455568	      0.00855284	    -82.54120177	     71.36158817	    -41.04219055	    114.39798580	      0.00000000	      0.00000000	      0.00000000	      0.00000000	     84.24196886	     63.41292215	     40.18314010	    117.02577294	      0.00000000	      0.00000000	      0.00000000	      0.00000000	    107.08155918	    -19.44212944	     -3.50503536	   -105.07089942	     -5.87127450	      0.48118781	      0.00000000	     18.71192701	     -0.48747568	      0.00000000	    112.43679184	    -20.90779119	      2.96712589	   -107.72494397	     14.12485884	     -4.98473282	      0.00000000	     24.33108808	      4.71274912	      0.00000000
      8.80000000	     36.13025519	      6.70807752	   -173.85304268	      0.22931452	     -0.24288743	     -0.57424271	     -5.10430876	      2.61515554	     -4.53692237	     29.87206357	      2.50708529	     -2.12539671	      0.00224164	     -0.05406745	      0.00574582	      0.00000000	      0.00000000	      0.00000000	      0.04631009	     -0.03609861	     -0.00100147	      0.00000000	      0.00000000	      0.00000000	      0.03271616	     -0.02781752	      0.00688966	    -81.71880248	     70.80737686	    -40.01947848	    114.69438443	      0.00000000	      0.00000000	      0.00000000	      0.00000000	     83.61542955	     61.81703015	     38.03918079	    116.95860521	      0.00000000	      0.00000000	      0.00000000	      0.00000000	    102.48504314	    -19.43021574	     -3.90790408	   -101.38491477	     -5.03630499	      0.24275588	      0.00000000	     18.66077144	     -1.25544448	      0.00000000	    107.46156683	    -19.76136279	      2.51780784	   -103.79270022	     14.74177153	     -4.27947952	      0.00000000	     23.68114881	      4.13519374	      0.00000000
      8.83333333	     34.00164294	      6.05548573	   -173.19358287	      0.22638860	     -0.21935335	     -0.57434912	     -6.36277482	      2.31460647	     -5.12408518	     29.77548169	      2.57342112	     -1.88950871	      0.00102801	     -0.05331780	      0.00623661	      0.00000000	      0.00000000	      0.00000000	      0.04463085	     -0.04091490	     -0.00516586	      0.00000000	      0.00000000	      0.00000000	      0.02623819	     -0.02822049	      0.00624102	    -80.17789692	     69.99151506	    -39.08503121	    114.41207529	      0.00000000	      0.00000000	      0.00000000	      0.00000000	     80.95037096	     60.76435249	     33.86743984	    116.92966899	      0.00000000	      0.00000000	      0.00000000	      0.00000000	     97.01482383	    -19.36793200	     -4.87148268	    -97.31050345	     -4.16409204	     -0.24642217	      0.00000000	     18.67799267	     -2.17729347	      0.00000000	    101.69479534	    -18.95194648	      1.95934260	    -99.68113546	     14.89690267	     -3.60229037	      0.00000000	     23.45880755	      4.24889578	      0.00000000
      8.86666667	     31.63580219	      5.43094712	   -172.83483983	      0.22256091	     -0.19542502	     -0.57415619	     -7.68887599	      2.11039054	     -5.01795703	     29.75282118	      2.42413659	     -1.63376032	      0.00046013	     -0.05279046	      0.00677178	      0.00000000	      0.00000000	      0.00000000	      0.03931833	     -0.04451792	     -0.00613952	      0.00000000	      0.00000000	      0.00000000	      0.02590810	     -0.02555037	      0.00590971	    -77.38555649	     69.13390109	    -36.46661542	    113.39809354	      0.00000000	      0.00000000	      0.00000000	      0.00000000	     75.42183338	     60.02957065	     27.94070110	    117.49382763	      0.00000000	      0.00000000	      0.00000000	      0.00000000	     91.04077017	    -19.18244965	     -6.37003773	    -92.87038459	     -3.74726602	     -0.86530170	      0.00000000	     18.85843725	     -2.21597443	      0.00000000	     95.42841314	    -18.53090355	      1.19578075	    -95.28355371	     14.45859161	     -3.03347926	      0.00000000	     23.79440459	      4.91654303	      0.00000000
      8.90000000	     30.38751895	      4.91487677	   -173.01848947	      0.21763556	     -0.17293804	     -0.57390837	     -6.95846974	      1.78536816	     -4.24882070	     27.91067010	      1.79324066	     -1.82781791	     -0.00079463	     -0.05172284	      0.00819279	      0.00000000	      0.00000000	      0.00000000	      0.03321489	     -0.04106921	     -0.00121620	      0.00000000	      0.00000000	      0.00000000	      0.03048364	     -0.02296398	      0.00590849	    -68.20361258	     67.65638384	    -25.99541045	    113.10496375	      0.00000000	      0.00000000	      0.00000000	      0.00000000	     68.07695869	     58.64094809	     20.67564075	    117.79904097	      0.00000000	      0.00000000	      0.00000000	      0.00000000	     86.46090560	    -18.52245532	     -8.38389919	    -88.43949533	     -4.89386865	     -2.21434862	      0.00000000	     18.82285294	      0.48603937	      0.00000000	     90.14102584	    -18.50027649	     -1.05219000	    -91.04642496	     12.08860995	     -3.94067353	      0.00000000	     25.03800953	      8.02460655	      0.00000000
      8.93333333	     27.53193612	      3.96613581	   -173.39717632	      0.21245047	     -0.14971388	     -0.57287175	     -8.42579086	      1.33093746	     -3.12260622	     27.35122717	      0.94841040	     -1.23816104	     -0.00225807	     -0.05005876	      0.01089504	      0.00000000	      0.00000000	      0.00000000	      0.02739345	     -0.03719630	      0.00332592	      0.00000000	      0.00000000	      0.00000000	      0.02959112	     -0.02462040	      0.00610837	    -63.38457320	     65.28758301	    -18.83745741	    113.93341095	      0.00000000	      0.00000000	      0.00000000	      0.00000000	     64.78634863	     56.96260332	     17.39374555	    117.17855342	      0.00000000	      0.00000000	      0.00000000	      0.00000000	     80.37143474	    -17.75370791	     -8.26520703	    -84.21693859	     -4.77573116	     -1.83044776	      0.00000000	     17.96127804	      1.75292390	      0.00000000	     82.67087788	    -18.68605352	     -3.41123398	    -86.37361392	     11.45980314	     -4.42974445	      0.00000000	     26.33578989	      9.20698331	      0.00000000
      8.96666667	     26.30253490	      3.34592877	   -173.92938556	      0.20758406	     -0.12889307	     -0.57151214	     -7.38440354	      1.04917354	     -2.64962816	     25.05046508	      0.53250230	     -1.13418844	     -0.00470012	     -0.04637795	      0.01166034	      0.00000000	      0.00000000	      0.00000000	      0.02773867	     -0.02766635	      0.00893539	      0.00000000	      0.00000000	      0.00000000	      0.02313269	     -0.02768452	      0.00786979	    -54.17708925	     62.23345288	     -6.68127694	    115.77646839	      0.00000000	      0.00000000	      0.00000000	      0.00000000	     63.22392348	     53.60838014	     14.63590715	    116.76309443	      0.00000000	      0.00000000	      0.00000000	      0.00000000	     76.41681157	    -16.84207635	     -7.74549272	    -80.37093204	     -5.18877830	     -1.29723690	      0.00000000	     16.45299566	      2.56052225	      0.00000000	     77.54038888	    -18.61702138	     -5.44376744	    -81.96021119	     10.14099173	     -4.98473282	      0.00000000	     26.89916925	     11.70039050	      0.00000000
      9.00000000	     24.50001231	      3.22936067	   -174.63086054	      0.20267114	     -0.10847583	     -0.57012576	     -7.04339255	      1.52618972	     -1.62162916	     23.09257378	     -0.61700629	     -0.84062386	     -0.00718418	     -0.04159377	      0.01353026	      0.00000000	      0.00000000	      0.00000000	      0.02752335	     -0.02529484	      0.00636594	      0.00000000	      0.00000000	      0.00000000	      0.01546759	     -0.03077111	      0.00795571	    -51.94449946	     58.57452149	     -2.07579774	    116.90229202	      0.00000000	      0.00000000	      0.00000000	      0.00000000	     61.57468495	     50.92676806	     11.48051405	    117.00077052	      0.00000000	      0.00000000	      0.00000000	      0.00000000	     71.50809257	    -15.36951572	     -7.36072853	    -76.12878285	     -5.09454661	     -0.68959635	      0.00000000	     15.31112459	      2.14376749	      0.00000000	     72.48310870	    -18.87952722	     -6.33755824	    -77.88541378	     10.17061182	     -4.98473282	      0.00000000	     26.91258983	     12.41139586	      0.00000000
      9.03333333	     22.35040644	      3.28823272	   -174.67414358	      0.19788118	     -0.08817272	     -0.56805356	     -7.24278824	      2.33150198	     -1.86877558	     21.08654737	     -1.12974147	     -1.11471458	     -0.01078071	     -0.03623971	      0.01224642	      0.00000000	      0.00000000	      0.00000000	      0.02606558	     -0.02515786	      0.00585314	      0.00000000	      0.00000000	      0.00000000	      0.00890979	     -0.03112869	      0.00678338	    -49.16491337	     56.91301291	      2.40047977	    115.45603542	      0.00000000	      0.00000000	      0.00000000	      0.00000000	     58.79396562	     47.92262443	      7.64481655	    118.04557188	      0.00000000	      0.00000000	      0.00000000	      0.00000000	     65.80836567	    -14.34354771	     -7.19406673	    -71.31920018	     -5.14836514	     -0.15118452	      0.00000000	     14.40974154	      1.18525574	      0.00000000	     67.56492089	    -18.37111689	     -6.63394746	    -73.94907042	      9.77786045	     -4.98473282	      0.00000000	     25.89411955	     12.65125432	      0.00000000
      9.06666667	     19.91475950	      3.31000991	   -174.29172764	      0.19237187	     -0.06849001	     -0.56562066	     -7.67080548	      3.13040334	     -2.53644205	     18.86066053	     -1.60146570	     -1.65540734	     -0.01365357	     -0.03069226	      0.01015307	      0.00000000	      0.00000000	      0.00000000	      0.02386472	     -0.02572439	      0.00543627	      0.00000000	      0.00000000	      0.00000000	      0.00473416	     -0.03162093	      0.00480131	    -46.91091668	     55.66235931	      5.77208126	    112.85924051	      0.00000000	      0.00000000	      0.00000000	      0.00000000	     55.25068492	     45.36190477	      3.45242357	    118.01902601	      0.00000000	      0.00000000	      0.00000000	      0.00000000	     59.45986929	    -13.74465472	     -7.53823287	    -66.10303908	     -4.93251917	      0.06270670	      0.00000000	     14.04582948	      0.34023885	      0.00000000	     62.34449358	    -17.46241269	     -6.67258747	    -69.97507385	      9.32178139	     -4.98473282	      0.00000000	     24.44920128	     12.23441940	      0.00000000
      9.10000000	     15.31400688	      2.99542340	   -173.59869499	      0.18511952	     -0.04789101	     -0.56316061	    -10.84777684	      3.60796317	     -3.26571180	     17.26539994	     -1.71055709	     -2.18384292	     -0.01733392	     -0.02669643	      0.00878491	      0.00000000	      0.00000000	      0.00000000	      0.02069091	     -0.02512114	      0.00535249	      0.00000000	      0.00000000	      0.00000000	     -0.00163445	     -0.03381989	      0.00271425	    -45.76901491	     54.26184965	      7.81386343	    110.53367955	      0.00000000	      0.00000000	      0.00000000	      0.00000000	     53.33796648	     44.14292222	      0.44645665	    116.02832032	      0.00000000	      0.00000000	      0.00000000	      0.00000000	     50.36747901	    -13.27552463	    -10.20962403	    -60.16474971	     -3.43086948	     -1.60476126	      0.00000000	     13.47248290	     -0.64605273	      0.00000000	     54.21271960	    -16.39269132	     -6.77019486	    -65.35324317	      9.58230064	     -4.98473282	      0.00000000	     22.77729318	     10.83978165	      0.00000000
      9.13333333	     10.31472281	      2.11030355	   -172.62579777	      0.17577935	     -0.02826740	     -0.55965305	    -14.18066069	      3.60887796	     -3.93288217	     14.86583728	     -1.60073073	     -2.95794399	     -0.02061941	     -0.02273152	      0.00606300	      0.00000000	      0.00000000	      0.00000000	      0.01579282	     -0.02591369	      0.00142403	      0.00000000	      0.00000000	      0.00000000	     -0.00652932	     -0.03362571	     -0.00080273	    -46.86086902	     51.74609362	      7.69574442	    108.96377552	      0.00000000	      0.00000000	      0.00000000	      0.00000000	     51.14517677	     43.68502404	     -3.16903436	    113.46060721	      0.00000000	      0.00000000	      0.00000000	      0.00000000	     40.69217244	    -13.48174844	    -13.74081895	    -54.26027063	     -1.33897914	     -3.52764136	      0.00000000	     13.24838997	     -0.75264108	      0.00000000	     45.03325423	    -14.58856970	     -6.87457553	    -60.04409861	     10.04959960	     -4.98473282	      0.00000000	     20.91595224	      9.14690234	      0.00000000
      9.16666667	      5.10961183	      0.74321193	   -171.96710452	      0.16473592	     -0.00970997	     -0.55563216	    -17.56975709	      3.05528557	     -4.18011613	     12.26714503	     -1.33202409	     -3.29019720	     -0.02283664	     -0.01914368	      0.00400877	      0.00000000	      0.00000000	      0.00000000	      0.00978471	     -0.02547599	     -0.00331622	      0.00000000	      0.00000000	      0.00000000	     -0.00722746	     -0.03160773	     -0.00301905	    -47.93227544	     49.02801859	      7.65328192	    107.78553427	      0.00000000	      0.00000000	      0.00000000	      0.00000000	     50.08402604	     43.09869877	     -5.84431199	    111.85100151	      0.00000000	      0.00000000	      0.00000000	      0.00000000	     30.66854755	    -13.79898358	    -17.14157280	    -48.15181621	      0.78819099	     -4.98473282	      0.00000000	     12.59156018	     -0.70121002	      0.00000000	     34.99947120	    -12.36340721	     -6.89923361	    -53.84392492	      9.91110460	     -4.98473282	      0.00000000	     19.08301910	      7.90819939	      0.00000000
      9.20000000	     -0.81368411	     -0.81529663	   -171.72275882	      0.15194433	      0.00802180	     -0.55166378	    -21.74174931	      2.21595962	     -4.20813846	      9.24990663	     -0.94802972	     -3.15863847	     -0.02691748	     -0.01519773	      0.00344857	      0.00000000	      0.00000000	      0.00000000	      0.00464080	     -0.02444774	     -0.00631295	      0.00000000	      0.00000000	      0.00000000	     -0.00520147	     -0.02905152	     -0.00219673	    -48.37082105	     47.18797065	      8.03354144	    106.94808978	      0.00000000	      0.00000000	      0.00000000	      0.00000000	     50.59458229	     42.11965306	     -7.21779691	    111.50816915	      0.00000000	      0.00000000	      0.00000000	      0.00000000	     19.50747205	    -13.65338591	    -18.61076317	    -41.19415359	      1.74066332	     -4.98473282	      0.00000000	     11.31306061	     -1.40210971	      0.00000000	     23.58317284	    -10.09642848	     -6.73380767	    -46.33969985	      8.58688256	     -4.98473282	      0.00000000	     17.41970480	      7.43517597	      0.00000000
      9.23333333	     -6.55284530	     -2.19768603	   -172.54666926	      0.13847270	      0.02388901	     -0.54834777	    -25.58901014	      1.04492306	     -3.33174655	      5.96693287	     -0.48470259	     -2.83240637	     -0.03114017	     -0.00999449	      0.00376267	      0.00000000	      0.00000000	      0.00000000	      0.00287684	     -0.02180554	     -0.00601765	      0.00000000	      0.00000000	      0.00000000	     -0.00167591	     -0.02638170	     -0.00060221	    -47.75286987	     45.78052349	      9.21296346	    106.52974435	      0.00000000	      0.00000000	      0.00000000	      0.00000000	     51.10746972	     41.27050037	     -8.98207754	    111.73146077	      0.00000000	      0.00000000	      0.00000000	      0.00000000	      8.77551264	    -12.74082319	    -18.65896369	    -33.57509973	      1.33034767	     -4.98473282	      0.00000000	      9.18664332	     -1.80149830	      0.00000000	     11.74936134	     -8.17063688	     -6.72701370	    -37.56531142	      5.54705904	     -4.98473282	      0.00000000	     15.93081170	      8.00694888	      0.00000000
      9.26666667	    -10.82977241	     -2.74238833	   -173.61085528	      0.12616171	      0.03651862	     -0.54579282	    -27.71509959	      0.35713384	     -2.18294715	      2.81483141	     -0.05117271	     -2.51706174	     -0.03436025	     -0.00391372	      0.00424113	      0.00000000	      0.00000000	      0.00000000	      0.00538174	     -0.01823267	     -0.00329227	      0.00000000	      0.00000000	      0.00000000	     -0.00038725	     -0.02412830	     -0.00060390	    -46.44549998	     44.14704032	     11.17500591	    106.70986064	      0.00000000	      0.00000000	      0.00000000	      0.00000000	     50.80966183	     41.06128280	    -11.87493319	    111.56620334	      0.00000000	      0.00000000	      0.00000000	      0.00000000	      0.08446386	    -11.17362662	    -17.30632032	    -26.07773565	      0.13450624	     -4.98473282	      0.00000000	      6.11561386	     -2.77822668	      0.00000000	      1.68064991	     -6.75299069	     -5.84047669	    -28.59610518	      1.36268946	     -4.98473282	      0.00000000	     14.42049814	      8.44996975	      0.00000000
      9.30000000	    -12.37613060	     -2.63152101	   -173.97743571	      0.11774764	      0.04562927	     -0.54372313	    -27.25438045	      0.26508300	     -1.76672503	      1.31080271	      0.18959954	     -2.60028216	     -0.03422003	     -0.00034570	      0.00537837	      0.00000000	      0.00000000	      0.00000000	      0.00887620	     -0.01724365	     -0.00060337	      0.00000000	      0.00000000	      0.00000000	     -0.00299281	     -0.02265451	     -0.00125755	    -45.35709999	     42.43832849	     13.07318438	    107.10389811	      0.00000000	      0.00000000	      0.00000000	      0.00000000	     50.41554021	     41.10754018	    -14.42957325	    111.12217910	      0.00000000	      0.00000000	      0.00000000	      0.00000000	     -4.96486309	     -9.39519923	    -14.38536151	    -19.65432328	     -2.30740057	     -4.98473282	      0.00000000	      2.34302728	     -4.82538432	      0.00000000	     -4.42911430	     -5.67188541	     -3.14961749	    -20.91608646	     -2.90830086	     -4.98473282	      0.00000000	     12.16247326	      6.80874829	      0.00000000
      9.33333333	    -13.78851741	     -2.14387955	   -174.02102656	      0.10931699	      0.05186126	     -0.54232025	    -26.69767428	      0.66834476	     -1.68207876	     -0.54150109	      0.68344827	     -2.65381126	     -0.03574775	      0.00406369	      0.00650162	      0.00000000	      0.00000000	      0.00000000	      0.01121968	     -0.01607359	      0.00179103	      0.00000000	      0.00000000	      0.00000000	     -0.00592868	     -0.02042747	     -0.00168343	    -43.72588544	     40.67733947	     15.73392025	    107.45301293	      0.00000000	      0.00000000	      0.00000000	      0.00000000	     50.38394079	     40.54778939	    -15.84769596	    111.11470156	      0.00000000	      0.00000000	      0.00000000	      0.00000000	     -9.87705069	     -7.56148949	    -12.22699542	    -13.46018609	     -4.27813589	     -4.98473282	      0.00000000	     -0.93414141	     -6.71753798	      0.00000000	    -10.21804166	     -5.71626948	     -2.66966669	    -13.53597693	     -4.89660349	     -4.98473282	      0.00000000	      9.49811813	      5.76267023	      0.00000000
      9.36666667	    -16.26823478	     -1.47143362	   -174.75736303	      0.09958205	      0.05529925	     -0.54055234	    -27.27348666	      1.26540719	     -1.27675707	     -1.57867573	      0.86494938	     -2.55928224	     -0.03467441	      0.00777551	      0.00745753	      0.00000000	      0.00000000	      0.00000000	      0.00879715	     -0.01438048	      0.00114772	      0.00000000	      0.00000000	      0.00000000	     -0.00883004	     -0.01783602	     -0.00065476	    -42.01122980	     39.80967702	     18.19017188	    106.57306171	      0.00000000	      0.00000000	      0.00000000	      0.00000000	     51.13703647	     38.69606971	    -15.66241403	    111.53604525	      0.00000000	      0.00000000	      0.00000000	      0.00000000	    -15.81763455	     -5.97400370	     -9.86530030	     -7.45274117	     -5.30236273	     -4.98473282	      0.00000000	     -4.38002974	     -8.34406322	      0.00000000	    -17.68552640	     -6.27130004	    -12.33597522	     -5.50369152	      1.82584836	     -4.98473282	      0.00000000	      5.79534983	      4.83068339	      0.00000000
      9.40000000	    -16.86391815	     -1.13302054	   -174.93417355	      0.09124919	      0.05565384	     -0.53712270	    -25.80875682	      1.74351295	     -1.60823968	     -2.50629599	      0.91644350	     -2.06980521	     -0.03153198	      0.00886395	      0.00897103	      0.00000000	      0.00000000	      0.00000000	      0.00530067	     -0.01075740	      0.00184272	      0.00000000	      0.00000000	      0.00000000	     -0.00958866	     -0.01534987	     -0.00038508	    -38.37637563	     39.01369485	     21.30923962	    105.46421525	      0.00000000	      0.00000000	      0.00000000	      0.00000000	     50.64329019	     36.06505401	    -16.38420898	    112.10739545	      0.00000000	      0.00000000	      0.00000000	      0.00000000	    -19.40472412	     -5.32159468	     -9.57686711	     -2.57203353	     -5.27960972	     -4.98473282	      0.00000000	     -6.30364980	     -8.79466290	      0.00000000	    -22.01982645	     -5.51369053	    -26.03125494	      0.91052629	     14.89690267	     -4.98473282	      0.00000000	      2.09807970	      4.55328954	      0.00000000
      9.43333333	    -16.62612283	     -1.43829588	   -174.15373241	      0.08534883	      0.05419583	     -0.53340062	    -23.71372682	      1.78326590	     -2.95536960	     -3.83392272	      1.11714275	     -1.86013088	     -0.02945623	      0.00890781	      0.00953569	      0.00000000	      0.00000000	      0.00000000	      0.00504079	     -0.00810732	      0.00208527	      0.00000000	      0.00000000	      0.00000000	     -0.00978026	     -0.01403356	     -0.00141461	    -34.77508320	     37.84968614	     23.94535375	    105.59163077	      0.00000000	      0.00000000	      0.00000000	      0.00000000	     49.22949575	     34.05214275	    -18.15167044	    112.26658722	      0.00000000	      0.00000000	      0.00000000	      0.00000000	    -21.69256033	     -5.23940096	    -10.17663612	      1.00001340	     -5.24785956	     -4.98473282	      0.00000000	     -7.19442612	     -9.12797779	      0.00000000	    -23.47111123	     -4.29914223	    -27.49526579	      4.68491511	     14.89690267	     -4.98473282	      0.00000000	      0.69210892	      8.91495609	      0.00000000
      9.46666667	    -17.89985198	     -1.33759970	   -174.61431100	      0.07824394	      0.05156095	     -0.53013741	    -23.20622033	      1.93152432	     -2.91622841	     -5.13284665	      0.71172523	     -1.06290055	     -0.02669301	      0.00914953	      0.01132174	      0.00000000	      0.00000000	      0.00000000	      0.00853969	     -0.00621475	      0.00181063	      0.00000000	      0.00000000	      0.00000000	     -0.01106862	     -0.01612746	     -0.00147450	    -32.71044412	     36.39116388	     26.17377930	    107.09468343	      0.00000000	      0.00000000	      0.00000000	      0.00000000	     47.64446324	     32.86633638	    -19.69530649	    112.00190647	      0.00000000	      0.00000000	      0.00000000	      0.00000000	    -24.68224664	     -5.02553451	    -11.61258225	      3.45283790	     -3.36159197	     -4.98473282	      0.00000000	     -8.15209051	     -9.32881818	      0.00000000	    -26.85220151	     -3.00885509	    -32.12030083	      9.00507030	     14.89690267	     -4.98473282	      0.00000000	     -0.52406634	     17.25980013	      0.00000000
      9.50000000	    -19.01060559	     -1.23860100	   -174.97718848	      0.07267182	      0.04855369	     -0.52827216	    -22.78050491	      1.86693341	     -2.48675000	     -6.81785524	      0.46810896	     -0.96362653	     -0.02565412	      0.00957841	      0.01217843	      0.00000000	      0.00000000	      0.00000000	      0.01247361	     -0.00906233	      0.00083718	      0.00000000	      0.00000000	      0.00000000	     -0.01105655	     -0.02063728	     -0.00112361	    -32.10344634	     34.30461523	     27.75979927	    110.18241735	      0.00000000	      0.00000000	      0.00000000	      0.00000000	     45.94256353	     32.52220102	    -21.31592058	    112.27052058	      0.00000000	      0.00000000	      0.00000000	      0.00000000	    -26.87115126	     -4.87651718	    -12.50244604	      4.80980710	     -1.97401594	     -4.98473282	      0.00000000	     -8.65225281	     -9.19869593	      0.00000000	    -28.82356606	     -2.58147619	    -33.00998765	     10.00000028	     14.89690267	     -4.98473282	      0.00000000	     -0.33101072	     19.00164218	      0.00000000
      9.53333333	    -20.45376128	     -0.49952784	   -175.99580597	      0.06794551	      0.04557500	     -0.52756377	    -22.83501023	      2.27633318	     -1.06419212	     -8.66335995	      0.32419948	     -0.95737059	     -0.02472878	      0.01131700	      0.01110321	      0.00000000	      0.00000000	      0.00000000	      0.01170362	     -0.01294354	     -0.00040923	      0.00000000	      0.00000000	      0.00000000	     -0.01121952	     -0.02664805	      0.00123077	    -31.26299712	     32.01793476	     28.94644954	    112.47476849	      0.00000000	      0.00000000	      0.00000000	      0.00000000	     44.31834938	     31.85080586	    -22.05156222	    112.86125640	      0.00000000	      0.00000000	      0.00000000	      0.00000000	    -28.50021569	     -4.41617951	    -12.93392071	      5.23576959	     -1.18216348	     -4.98473282	      0.00000000	     -8.55935894	     -8.58039878	      0.00000000	    -31.00048171	     -2.87632806	    -33.42007918	     10.00000028	     14.89690267	     -4.98473282	      0.00000000	      0.30935216	     18.29009366	      0.00000000
      9.56666667	    -22.35471412	      0.02987649	   -176.83751847	      0.06376621	      0.04259027	     -0.52705832	    -23.64373471	      2.55359143	      0.37956961	     -9.82374519	     -0.17262165	     -1.55089076	     -0.02296154	      0.01388962	      0.01042753	      0.00000000	      0.00000000	      0.00000000	      0.00300586	     -0.01649794	     -0.00350511	      0.00000000	      0.00000000	      0.00000000	     -0.01283135	     -0.02794551	      0.00141939	    -30.15373446	     29.85643848	     28.55073826	    112.94470856	      0.00000000	      0.00000000	      0.00000000	      0.00000000	     41.80992939	     31.03769082	    -23.57371790	    112.89460373	      0.00000000	      0.00000000	      0.00000000	      0.00000000	    -30.69163796	     -4.12382351	    -14.52694372	      5.87960128	     -0.09554093	     -4.98473282	      0.00000000	     -7.64986395	     -6.58294055	      0.00000000	    -33.65426540	     -3.07613471	    -33.11974177	     10.00000028	     14.89690267	     -4.98473282	      0.00000000	      0.87391761	     16.46016341	      0.00000000
      9.60000000	    -23.58564213	      0.56113927	   -177.46103417	      0.06180907	      0.04053460	     -0.52698792	    -24.14912527	      2.83123557	      1.71246772	    -10.36031472	     -0.52042348	     -2.07194603	     -0.02156685	      0.01588255	      0.01000625	      0.00000000	      0.00000000	      0.00000000	     -0.00796475	     -0.01933655	     -0.00869415	      0.00000000	      0.00000000	      0.00000000	     -0.01574133	     -0.02725325	      0.00295821	    -29.02251993	     27.79472241	     26.62361476	    112.11607978	      0.00000000	      0.00000000	      0.00000000	      0.00000000	     40.24546010	     29.91742179	    -25.16183296	    112.40756624	      0.00000000	      0.00000000	      0.00000000	      0.00000000	    -31.73493097	     -3.90761549	    -16.16428768	      5.78439707	      0.76462741	     -4.98473282	      0.00000000	     -6.07637841	     -3.57772790	      0.00000000	    -35.39971721	     -3.38946038	    -32.14069707	     10.00000028	     14.89690267	     -4.98473282	      0.00000000	      1.27614359	     14.34188102	      0.00000000
      9.63333333	    -24.25155506	      0.80922793	   -178.12260393	      0.06185892	      0.03959377	     -0.52678498	    -24.52556480	      2.81506808	      2.58294094	    -10.31032687	     -1.05354824	     -1.98750627	     -0.02158235	      0.01714850	      0.01077845	      0.00000000	      0.00000000	      0.00000000	     -0.01351792	     -0.02011369	     -0.01207639	      0.00000000	      0.00000000	      0.00000000	     -0.02004784	     -0.02525196	      0.00507717	    -27.95279326	     26.30669481	     25.25122776	    111.20237426	      0.00000000	      0.00000000	      0.00000000	      0.00000000	     39.50646346	     28.66377151	    -26.21958973	    111.47385945	      0.00000000	      0.00000000	      0.00000000	      0.00000000	    -32.02692126	     -4.03433958	    -16.43957458	      5.42969574	      1.16530974	     -4.98473282	      0.00000000	     -5.21032548	     -2.61904348	      0.00000000	    -36.28881361	     -3.31457989	    -31.84819601	     10.00000028	     14.89690267	     -4.98473282	      0.00000000	      1.35775466	     13.53699595	      0.00000000
      9.66666667	    -24.55002350	      0.79295856	   -178.48370911	      0.06267352	      0.03924622	     -0.52626283	    -24.73458732	      2.70910369	      2.91374643	     -9.70465184	     -1.61405673	     -1.97197009	     -0.02150676	      0.01744060	      0.01100679	      0.00000000	      0.00000000	      0.00000000	     -0.01409848	     -0.01927458	     -0.01391463	      0.00000000	      0.00000000	      0.00000000	     -0.02518750	     -0.02403864	      0.00737334	    -28.19501819	     25.51581804	     24.98409647	    110.79621026	      0.00000000	      0.00000000	      0.00000000	      0.00000000	     39.66120219	     28.26546165	    -26.76188859	    109.94542760	      0.00000000	      0.00000000	      0.00000000	      0.00000000	    -32.08395542	     -4.25464590	    -16.71204487	      5.22647631	      1.39778647	     -4.98473282	      0.00000000	     -5.02680206	     -2.20863759	      0.00000000	    -36.69245682	     -3.11362486	    -31.38509233	     10.00000028	     14.89690267	     -4.98473282	      0.00000000	      1.56571909	     12.97762916	      0.00000000
      9.70000000	    -24.54011596	      0.66848997	   -178.66572676	      0.06381163	      0.03944196	     -0.52567331	    -24.73059661	      2.55956303	      2.82992025	     -9.18896421	     -1.87099598	     -1.96747971	     -0.02217998	      0.01762599	      0.01021281	      0.00000000	      0.00000000	      0.00000000	     -0.01329798	     -0.01738785	     -0.01451285	      0.00000000	      0.00000000	      0.00000000	     -0.02826723	     -0.02429334	      0.01016650	    -29.42545991	     25.38833404	     25.75852117	    110.57293522	      0.00000000	      0.00000000	      0.00000000	      0.00000000	     40.25535687	     28.26832091	    -26.80724108	    108.91199385	      0.00000000	      0.00000000	      0.00000000	      0.00000000	    -31.95402606	     -4.48135961	    -16.97973138	      5.31944056	      1.55416673	     -4.98473282	      0.00000000	     -5.48776686	     -2.14913790	      0.00000000	    -36.59669668	     -2.93812378	    -31.24452554	      9.65215858	     14.89690267	     -4.98473282	      0.00000000	      1.59767496	     12.39424029	      0.00000000
      9.73333333	    -24.20367383	      0.48406084	   -178.51951750	      0.06535905	      0.03993522	     -0.52535096	    -24.52566010	      2.42897543	      2.47834885	     -8.48910766	     -1.98633305	     -1.70618067	     -0.02315673	      0.01657489	      0.00980414	      0.00000000	      0.00000000	      0.00000000	     -0.01539925	     -0.01577914	     -0.01464843	      0.00000000	      0.00000000	      0.00000000	     -0.02884636	     -0.02577645	      0.01169949	    -31.10535084	     25.84071450	     26.79679630	    109.94097442	      0.00000000	      0.00000000	      0.00000000	      0.00000000	     40.99190091	     28.60882912	    -27.03368930	    108.78037829	      0.00000000	      0.00000000	      0.00000000	      0.00000000	    -31.47939571	     -4.58328683	    -17.40684060	      5.33354490	      1.81812449	     -4.98473282	      0.00000000	     -5.97480773	     -2.64715484	      0.00000000	    -35.91628046	     -3.01986509	    -30.73493428	      8.87471288	     14.89690267	     -4.98473282	      0.00000000	      1.95284176	     11.66007368	      0.00000000
      9.76666667	    -23.86723234	      0.27606522	   -178.32184262	      0.06653276	      0.04054537	     -0.52494144	    -24.24653271	      2.27116324	      1.98386593	     -8.10881081	     -1.63905800	     -1.64468664	     -0.02350981	      0.01579327	      0.00794759	      0.00000000	      0.00000000	      0.00000000	     -0.01772075	     -0.01352922	     -0.01393319	      0.00000000	      0.00000000	      0.00000000	     -0.02733848	     -0.02480191	      0.01059941	    -32.15809359	     25.97803996	     27.99774416	    108.64008361	      0.00000000	      0.00000000	      0.00000000	      0.00000000	     40.89886415	     28.25912201	    -28.28690567	    109.07705616	      0.00000000	      0.00000000	      0.00000000	      0.00000000	    -31.15650869	     -4.71453223	    -17.46157447	      5.41564452	      1.96227041	     -4.98473282	      0.00000000	     -6.28084669	     -2.96920260	      0.00000000	    -35.32328442	     -2.93281922	    -30.75394365	      8.63364920	     14.89690267	     -4.98473282	      0.00000000	      1.94811518	     11.89727890	      0.00000000
      9.80000000	    -23.45554226	      0.19164815	   -177.83841634	      0.06799136	      0.04135741	     -0.52486675	    -23.96843986	      2.23561733	      1.37754387	     -7.63651923	     -1.01318998	     -1.54409344	     -0.02363641	      0.01438063	      0.00688501	      0.00000000	      0.00000000	      0.00000000	     -0.02017373	     -0.01123238	     -0.01081134	      0.00000000	      0.00000000	      0.00000000	     -0.02564297	     -0.02127473	      0.00770611	    -32.23311028	     25.50012555	     29.29777176	    106.74772677	      0.00000000	      0.00000000	      0.00000000	      0.00000000	     40.33313608	     27.40593337	    -30.74770022	    108.91856087	      0.00000000	      0.00000000	      0.00000000	      0.00000000	    -30.65728428	     -4.58813465	    -17.44368054	      5.09606926	      1.77629831	     -4.98473282	      0.00000000	     -6.32067093	     -3.35818832	      0.00000000	    -34.69108171	     -2.97664181	    -31.02379962	      8.98460235	     14.89690267	     -4.98473282	      0.00000000	      1.57180638	     13.11008809	      0.00000000
      9.83333333	    -22.65121203	      0.32510100	   -177.76279351	      0.06980710	      0.04213255	     -0.52448214	    -23.25591912	      2.37135218	      1.12128235	     -7.92214171	     -0.41435239	     -1.85942390	     -0.02481536	      0.01427459	      0.00426235	      0.00000000	      0.00000000	      0.00000000	     -0.01934436	     -0.00715689	     -0.00512144	      0.00000000	      0.00000000	      0.00000000	     -0.02536952	     -0.01820391	      0.00527637	    -31.24448200	     23.90479420	     31.41706606	    104.94589585	      0.00000000	      0.00000000	      0.00000000	      0.00000000	     39.85704788	     26.20748222	    -33.50141301	    107.40817734	      0.00000000	      0.00000000	      0.00000000	      0.00000000	    -29.60085971	     -4.55321709	    -16.44327121	      4.70970034	      0.91215149	     -4.98473282	      0.00000000	     -6.35222519	     -3.91913708	      0.00000000	    -33.69671229	     -2.75826977	    -34.01518542	      9.72935711	     14.89690267	     -4.98473282	      0.00000000	      1.61190896	     17.52597045	      0.00000000
      9.86666667	    -22.56525202	      0.39517651	   -177.50759401	      0.07231035	      0.04299375	     -0.52445297	    -23.65392801	      2.51396310	      0.78684876	     -7.08853190	     -0.18779166	     -1.75128184	     -0.02536474	      0.01333010	      0.00378412	      0.00000000	      0.00000000	      0.00000000	     -0.01948271	     -0.00487383	     -0.00280448	      0.00000000	      0.00000000	      0.00000000	     -0.02537756	     -0.01687878	      0.00613112	    -31.43711627	     22.05987112	     32.90563202	    103.83212838	      0.00000000	      0.00000000	      0.00000000	      0.00000000	     40.59903408	     25.14589983	    -35.13478914	    105.43645791	      0.00000000	      0.00000000	      0.00000000	      0.00000000	    -29.28746298	     -4.40583127	    -16.61261464	      4.45544870	      0.41370732	     -4.98473282	      0.00000000	     -6.40374725	     -4.15958803	      0.00000000	    -33.45884096	     -2.78273783	    -34.73550859	     10.00000028	     14.89690267	     -4.98473282	      0.00000000	      1.47315527	     17.45675139	      0.00000000
      9.90000000	    -21.87316711	      0.54863402	   -177.55930992	      0.07419478	      0.04372533	     -0.52459844	    -23.23481298	      2.65033533	      0.61863675	     -6.19538895	     -0.11870799	     -1.72743821	     -0.02439959	      0.01177605	      0.00269918	      0.00000000	      0.00000000	      0.00000000	     -0.01623117	     -0.00059033	      0.00062691	      0.00000000	      0.00000000	      0.00000000	     -0.02586722	     -0.01706155	      0.00678927	    -30.50251606	     18.91320156	     34.42648807	    102.53322453	      0.00000000	      0.00000000	      0.00000000	      0.00000000	     41.46170914	     23.78665616	    -36.20805513	    102.81123100	      0.00000000	      0.00000000	      0.00000000	      0.00000000	    -28.42095086	     -4.35033635	    -16.08993818	      4.41936735	     -0.02621702	     -4.98473282	      0.00000000	     -6.59215759	     -4.38022549	      0.00000000	    -32.70503712	     -2.85502388	    -35.57800037	     10.00000028	     14.89690267	     -4.98473282	      0.00000000	      1.99541206	     17.47702364	      0.00000000
      9.93333333	    -20.55554504	      0.70926486	   -177.77301990	      0.07608402	      0.04443652	     -0.52447160	    -22.09761004	      2.88212211	      0.57216265	     -5.96848054	     -0.65652008	     -1.75364433	     -0.02511394	      0.01101450	      0.00199857	      0.00000000	      0.00000000	      0.00000000	     -0.01400047	      0.00110770	     -0.00018138	      0.00000000	      0.00000000	      0.00000000	     -0.02213906	     -0.02003067	      0.00815938	    -31.31577111	     16.15378262	     35.53200865	    100.19105809	      0.00000000	      0.00000000	      0.00000000	      0.00000000	     43.23037421	     21.18595639	    -38.12219006	    101.42673391	      0.00000000	      0.00000000	      0.00000000	      0.00000000	    -26.78154435	     -4.39011846	    -14.64544144	      4.09998456	     -0.61493687	     -4.98473282	      0.00000000	     -6.39684859	     -5.12677918	      0.00000000	    -31.26710040	     -2.83588784	    -36.16310161	     10.00000028	     14.89690267	     -4.98473282	      0.00000000	      2.31329272	     17.58327791	      0.00000000
      9.96666667	    -20.09277435	      0.68560373	   -178.01016498	      0.07710108	      0.04563700	     -0.52442650	    -21.94064795	      2.91940644	      0.61209458	     -5.21695432	     -1.40491075	     -1.83410078	     -0.02541612	      0.00975135	      0.00245821	      0.00000000	      0.00000000	      0.00000000	     -0.01118994	      0.00213046	     -0.00098332	      0.00000000	      0.00000000	      0.00000000	     -0.01687421	     -0.02139209	      0.00828045	    -32.64080383	     13.79268382	     36.99592738	     96.17218244	      0.00000000	      0.00000000	      0.00000000	      0.00000000	     44.83477319	     17.79813837	    -42.40984342	     99.55595060	      0.00000000	      0.00000000	      0.00000000	      0.00000000	    -26.37168482	     -4.47366038	    -14.01418395	      4.37999763	     -0.66283081	     -4.98473282	      0.00000000	     -7.07424140	     -5.19055706	      0.00000000	    -30.67765529	     -2.71157936	    -35.93671761	     10.00000028	     14.89690267	     -4.98473282	      0.00000000	      1.46488677	     17.85686757	      0.00000000
     10.00000000	    -19.43516884	      0.66524607	   -178.20067514	      0.07810138	      0.04717261	     -0.52433569	    -21.45916096	      3.00419748	      0.30453558	     -5.00675220	     -2.24809009	     -2.00074987	     -0.02587166	      0.00866415	      0.00308987	      0.00000000	      0.00000000	      0.00000000	     -0.00600046	      0.00194868	      0.00110007	      0.00000000	      0.00000000	      0.00000000	     -0.01458774	     -0.02162868	      0.00774682	    -33.77448724	     12.34738440	     40.33736408	     90.30661800	      0.00000000	      0.00000000	      0.00000000	      0.00000000	     45.42099867	     14.07206087	    -48.29415737	     95.19134999	      0.00000000	      0.00000000	      0.00000000	      0.00000000	    -25.64707269	     -4.54531647	    -13.35181165	      4.50707933	     -1.06118756	     -4.98473282	      0.00000000	     -7.92243077	     -5.63992715	      0.00000000	    -29.81784168	     -2.64518679	    -35.59588574	     10.00000028	     14.89690267	     -4.98473282	      0.00000000	     -0.19294483	     18.54729973	      0.00000000
     10.03333333	    -19.18187154	      0.37464224	   -178.32667276	      0.07931115	      0.04882091	     -0.52403165	    -21.38779874	      2.79838482	     -0.05547546	     -4.70504642	     -2.83087156	     -2.21883952	     -0.02501212	      0.00735120	      0.00433308	      0.00000000	      0.00000000	      0.00000000	     -0.00146031	     -0.00118922	      0.00383614	      0.00000000	      0.00000000	      0.00000000	     -0.01407753	     -0.01975762	      0.00824979	    -34.89877118	     11.50813562	     44.55067633	     83.96790064	      0.00000000	      0.00000000	      0.00000000	      0.00000000	     44.66222708	     10.69241322	    -53.76260322	     88.47890821	      0.00000000	      0.00000000	      0.00000000	      0.00000000	    -25.45976373	     -4.92199230	    -13.07271244	      4.87172686	     -1.34774813	     -4.98473282	      0.00000000	     -8.92882178	     -5.79471512	      0.00000000	    -29.38472077	     -2.28778595	    -35.71247480	     10.00000028	     14.89690267	     -4.98473282	      0.00000000	     -1.87980507	     18.69645003	      0.00000000
     10.06666667	    -19.21836656	      0.12850920	   -178.18546456	      0.08148578	      0.05012068	     -0.52421426	    -21.66208788	      2.55910175	     -0.60925386	     -4.49310477	     -3.24916602	     -2.39765662	     -0.02342035	      0.00646039	      0.00762686	      0.00000000	      0.00000000	      0.00000000	      0.00199807	     -0.00558677	      0.00637570	      0.00000000	      0.00000000	      0.00000000	     -0.01806250	     -0.01772221	      0.01047393	    -35.59290891	     10.68912156	     49.07260995	     77.55763368	      0.00000000	      0.00000000	      0.00000000	      0.00000000	     43.45874710	      8.78501103	    -57.61838072	     80.38608022	      0.00000000	      0.00000000	      0.00000000	      0.00000000	    -25.42306799	     -5.20242415	    -12.80775936	      4.82291487	     -1.38902320	     -4.98473282	      0.00000000	     -8.99477405	     -5.93471117	      0.00000000	    -29.29234809	     -2.12863734	    -35.97949030	     10.00000028	     14.89690267	     -4.98473282	      0.00000000	     -2.32414165	     18.08527739	      0.00000000
     10.10000000	    -19.48670447	     -0.06647989	   -177.98101373	      0.08524220	      0.05105135	     -0.52469686	    -22.41678272	      2.50842353	     -1.21505714	     -4.10007460	     -3.61834910	     -2.34313174	     -0.02215324	      0.00588317	      0.00951519	      0.00000000	      0.00000000	      0.00000000	      0.00254587	     -0.00856352	      0.00674693	      0.00000000	      0.00000000	      0.00000000	     -0.02518060	     -0.01749512	      0.01170864	    -35.76709444	      9.65730233	     52.89101940	     70.82294345	      0.00000000	      0.00000000	      0.00000000	      0.00000000	     42.12529690	      8.71126568	    -61.32188915	     71.71048542	      0.00000000	      0.00000000	      0.00000000	      0.00000000	    -25.30404707	     -5.35025244	    -12.86917899	      4.32056737	     -1.39216893	     -4.98473282	      0.00000000	     -8.36453012	     -6.09777448	      0.00000000	    -29.36951873	     -2.15530606	    -35.78352383	      9.82310976	     14.89690267	     -4.98473282	      0.00000000	     -1.62529914	     16.62769777	      0.00000000
     10.13333333	    -19.76258499	     -0.19187631	   -177.45315648	      0.08985992	      0.05112688	     -0.52621293	    -23.30801640	      2.47176803	     -1.75667077	     -3.42236213	     -3.89208655	     -2.22939366	     -0.02079184	      0.00547924	      0.01257750	      0.00000000	      0.00000000	      0.00000000	      0.00083958	     -0.00980831	      0.00574298	      0.00000000	      0.00000000	      0.00000000	     -0.03158874	     -0.01888108	      0.01007685	    -35.09206351	      7.91834744	     55.58599113	     63.12956862	      0.00000000	      0.00000000	      0.00000000	      0.00000000	     40.34422639	      9.77797796	    -65.56579002	     62.95138777	      0.00000000	      0.00000000	      0.00000000	      0.00000000	    -25.17574999	     -5.15067157	    -13.35301701	      3.78762983	     -1.40199142	     -4.98473282	      0.00000000	     -7.60827450	     -6.22667642	      0.00000000	    -29.33167829	     -2.43960353	    -34.96998245	      9.75893649	     14.89690267	     -4.98473282	      0.00000000	     -0.48305127	     14.80874052	      0.00000000
     10.16666667	    -19.78499674	     -0.29916351	   -176.82860483	      0.09404420	      0.04991875	     -0.52810399	    -23.91498080	      2.60430452	     -2.17130810	     -2.71547009	     -3.97304787	     -2.32445034	     -0.02030138	      0.00579965	      0.01239516	      0.00000000	      0.00000000	      0.00000000	     -0.00216588	     -0.00938493	      0.00575785	      0.00000000	      0.00000000	      0.00000000	     -0.03536928	     -0.02188304	      0.00647895	    -33.10208318	      5.59102403	     56.11620275	     54.63377407	      0.00000000	      0.00000000	      0.00000000	      0.00000000	     37.93813016	     10.47186397	    -70.10448026	     54.22254289	      0.00000000	      0.00000000	      0.00000000	      0.00000000	    -24.96637237	     -4.80671798	    -14.53333925	      3.57455467	     -1.04081768	     -4.98473282	      0.00000000	     -6.89138911	     -6.13832948	      0.00000000	    -28.91732008	     -2.78881902	    -33.64191931	      9.67211215	     14.89690267	     -4.98473282	      0.00000000	     -0.02433327	     12.89306864	      0.00000000
     10.20000000	    -19.48726399	     -0.29561367	   -176.48881531	      0.09702201	      0.04765257	     -0.53011913	    -24.05914568	      2.75278209	     -2.41681385	     -2.18693141	     -4.03627240	     -1.88956576	     -0.02073182	      0.00692342	      0.01204932	      0.00000000	      0.00000000	      0.00000000	     -0.00250128	     -0.00952255	      0.00857291	      0.00000000	      0.00000000	      0.00000000	     -0.03551390	     -0.02279128	      0.00277795	    -29.73625798	      2.63843974	     53.25548877	     46.06307115	      0.00000000	      0.00000000	      0.00000000	      0.00000000	     34.42673772	      9.15834853	    -72.83447295	     45.08835757	      0.00000000	      0.00000000	      0.00000000	      0.00000000	    -24.50002802	     -4.47418298	    -15.86524085	      3.58957965	     -0.42555916	     -4.98473282	      0.00000000	     -6.41042164	     -5.74596115	      0.00000000	    -28.27838022	     -3.02228211	    -33.18710549	      9.77266831	     14.89690267	     -4.98473282	      0.00000000	     -0.12089124	     12.73426707	      0.00000000
     10.23333333	    -18.89493600	     -0.25076628	   -176.52502018	      0.09813821	      0.04487564	     -0.53180407	    -23.63761729	      2.83104537	     -2.67258531	     -1.95012281	     -3.99129240	     -1.06219736	     -0.02094371	      0.00833664	      0.01112378	      0.00000000	      0.00000000	      0.00000000	     -0.00192533	     -0.01243099	      0.01215470	      0.00000000	      0.00000000	      0.00000000	     -0.03427791	     -0.02150232	      0.00104233	    -25.87693026	      0.00273604	     47.60377875	     37.65545370	      0.00000000	      0.00000000	      0.00000000	      0.00000000	     30.25493323	      6.65632491	    -74.71870076	     34.79210330	      0.00000000	      0.00000000	      0.00000000	      0.00000000	    -23.93746278	     -4.33089808	    -17.07039768	      3.90790378	      0.52440111	     -4.98473282	      0.00000000	     -5.94405550	     -4.72056955	      0.00000000	    -27.63231067	     -3.02461737	    -33.08029855	     10.00000028	     14.89690267	     -4.98473282	      0.00000000	     -0.39966349	     13.03696630	      0.00000000
     10.26666667	    -18.30811069	     -0.22426232	   -176.81485363	      0.09779423	      0.04245123	     -0.53324587	    -23.04024566	      2.78618924	     -2.80117779	     -2.10526579	     -3.97090636	     -0.11765991	     -0.02116371	      0.00980890	      0.01057834	      0.00000000	      0.00000000	      0.00000000	     -0.00201112	     -0.01754554	      0.01350506	      0.00000000	      0.00000000	      0.00000000	     -0.03254909	     -0.01952492	      0.00016081	    -22.29526045	     -1.77869130	     41.20417182	     28.84070999	      0.00000000	      0.00000000	      0.00000000	      0.00000000	     25.62200682	      4.34572046	    -77.11489220	     23.14253035	      0.00000000	      0.00000000	      0.00000000	      0.00000000	    -23.63080688	     -4.30698645	    -18.30364618	      4.54966394	      1.73701333	     -4.98473282	      0.00000000	     -5.21115832	     -3.06931036	      0.00000000	    -27.17625070	     -2.97989501	    -32.84236098	      9.99051569	     14.89690267	     -4.98473282	      0.00000000	     -0.23349124	     13.20179213	      0.00000000
     10.30000000	    -17.97313101	     -0.13770987	   -177.06215772	      0.09629696	      0.04073171	     -0.53435911	    -22.55162531	      2.82176517	     -3.01464883	     -2.26451427	     -4.03523644	      0.38344417	     -0.02003026	      0.01060519	      0.01041515	      0.00000000	      0.00000000	      0.00000000	     -0.00379846	     -0.02295260	      0.01085119	      0.00000000	      0.00000000	      0.00000000	     -0.02925083	     -0.01897431	     -0.00068346	    -19.60221935	     -2.66523953	     35.40564758	     19.97667683	      0.00000000	      0.00000000	      0.00000000	      0.00000000	     21.33333801	      2.15245585	    -79.00874525	     12.79540590	      0.00000000	      0.00000000	      0.00000000	      0.00000000	    -23.86098494	     -4.10492441	    -19.66941748	      5.54484874	      2.92174901	     -4.98473282	      0.00000000	     -4.20932695	     -1.36458885	      0.00000000	    -27.06510180	     -3.15800002	    -32.14135470	      9.73114108	     14.89690267	     -4.98473282	      0.00000000	      0.47975087	     12.84361530	      0.00000000
     10.33333333	    -17.79875320	     -0.17361624	   -177.07361550	      0.09453437	      0.03979070	     -0.53465561	    -22.10729202	      2.76330707	     -3.49528926	     -2.86953380	     -4.03125383	      0.82125822	     -0.01857348	      0.01160179	      0.01153012	      0.00000000	      0.00000000	      0.00000000	     -0.00533697	     -0.02691705	      0.00708787	      0.00000000	      0.00000000	      0.00000000	     -0.02708163	     -0.01862911	     -0.00231153	    -17.61935866	     -3.30733942	     30.48881185	     12.25270986	      0.00000000	      0.00000000	      0.00000000	      0.00000000	     18.25159479	      0.35926767	    -78.16271960	      6.50266457	      0.00000000	      0.00000000	      0.00000000	      0.00000000	    -24.34453484	     -3.92163087	    -20.52261437	      6.56573513	      3.48553539	     -4.98473282	      0.00000000	     -4.04732514	     -0.67331496	      0.00000000	    -26.93605516	     -3.32498891	    -31.16388874	      9.23721799	     14.89690267	     -4.98473282	      0.00000000	      1.69943847	     11.73553144	      0.00000000
     10.36666667	    -17.64228697	     -0.29943717	   -176.92251752	      0.09332174	      0.03959552	     -0.53484719	    -21.69220134	      2.53847144	     -4.13852807	     -3.23243623	     -4.04418436	      0.98042138	     -0.01591113	      0.01148449	      0.01381732	      0.00000000	      0.00000000	      0.00000000	     -0.00703681	     -0.02929532	      0.00396854	      0.00000000	      0.00000000	      0.00000000	     -0.02705228	     -0.01603530	     -0.00423049	    -16.11063634	     -4.46934832	     22.00139582	      9.07583780	      0.00000000	      0.00000000	      0.00000000	      0.00000000	     16.74793911	     -0.98319676	    -74.93940485	      4.81350760	      0.00000000	      0.00000000	      0.00000000	      0.00000000	    -24.70832077	     -3.77921370	    -21.24855541	      7.29080495	      3.78047901	     -4.98473282	      0.00000000	     -4.09004545	     -0.47174442	      0.00000000	    -26.61997907	     -3.54861368	    -29.09821611	      8.51901140	     14.89690267	     -4.98473282	      0.00000000	      2.44649884	      8.60714959	      0.00000000
     10.40000000	    -17.38123553	     -0.37635165	   -176.72086380	      0.09248536	      0.03943486	     -0.53456329	    -21.20717559	      2.54105935	     -4.74626458	     -3.86213876	     -3.82948555	      0.97125586	     -0.01490332	      0.01189456	      0.01345753	      0.00000000	      0.00000000	      0.00000000	     -0.00486097	     -0.02981015	      0.00002921	      0.00000000	      0.00000000	      0.00000000	     -0.02922450	     -0.01338442	     -0.00455653	    -15.62102897	     -7.44733906	     13.20979320	     12.57930274	      0.00000000	      0.00000000	      0.00000000	      0.00000000	     17.20009931	     -2.06819769	    -73.55853985	      7.55580373	      0.00000000	      0.00000000	      0.00000000	      0.00000000	    -24.89703090	     -3.63062061	    -22.02530667	      8.01995722	      3.53571130	     -4.98473282	      0.00000000	     -4.34025504	      0.36475348	      0.00000000	    -26.23929617	     -3.58268344	    -27.36783511	      8.25674202	     14.89690267	     -4.98473282	      0.00000000	      2.44274256	      4.79610164	      0.00000000
     10.43333333	    -17.39842825	     -0.51616075	   -176.61298409	      0.09249341	      0.03971227	     -0.53464436	    -21.21204222	      2.37840433	     -5.04697992	     -4.25432269	     -3.84231663	      0.78406502	     -0.01506872	      0.01205343	      0.01435874	      0.00000000	      0.00000000	      0.00000000	     -0.00204213	     -0.02920864	      0.00285859	      0.00000000	      0.00000000	      0.00000000	     -0.03065985	     -0.01054313	     -0.00424084	    -14.66994919	    -10.19756632	      9.41821246	     17.97530378	      0.00000000	      0.00000000	      0.00000000	      0.00000000	     18.38404684	     -2.73845659	    -73.30574531	     11.31238804	      0.00000000	      0.00000000	      0.00000000	      0.00000000	    -25.05304574	     -3.72439118	    -22.84469444	      8.16659517	      3.50373916	     -4.98473282	      0.00000000	     -4.21531428	      1.83028096	      0.00000000	    -26.17157195	     -3.50556509	    -26.26504332	      8.09908908	     14.89690267	     -4.98473282	      0.00000000	      2.01403539	      2.37756548	      0.00000000
     10.46666667	    -17.64811627	     -0.14223168	   -176.93098211	      0.09339766	      0.04049216	     -0.53531241	    -21.75895322	      2.74861065	     -4.41133652	     -4.23055635	     -3.07036344	      0.69901587	     -0.01735020	      0.01142886	      0.01158068	      0.00000000	      0.00000000	      0.00000000	     -0.00305294	     -0.02699704	      0.00989684	      0.00000000	      0.00000000	      0.00000000	     -0.03164623	     -0.00906710	     -0.00485693	    -14.22715192	    -11.18826518	     11.75242415	     21.84871652	      0.00000000	      0.00000000	      0.00000000	      0.00000000	     19.16861432	     -2.44238589	    -73.67994132	     13.90001470	      0.00000000	      0.00000000	      0.00000000	      0.00000000	    -24.97297238	     -3.51541695	    -23.21054270	      7.85723927	      3.92983559	     -4.98473282	      0.00000000	     -4.16174846	      2.63235029	      0.00000000	    -26.77396912	     -3.71777266	    -25.90047687	      8.53226228	     14.89690267	     -4.98473282	      0.00000000	      1.25945468	      1.71614064	      0.00000000
     10.50000000	    -18.20084590	      0.04123941	   -176.97486849	      0.09434345	      0.04166787	     -0.53639879	    -22.66237247	      2.95612600	     -3.85511140	     -4.20055699	     -2.56107031	      0.44290626	     -0.02017826	      0.01083148	      0.00982017	      0.00000000	      0.00000000	      0.00000000	     -0.00675502	     -0.02433764	      0.01700127	      0.00000000	      0.00000000	      0.00000000	     -0.03182755	     -0.00780731	     -0.00549996	    -15.29355227	    -10.31895200	     22.49963084	     23.01537591	      0.00000000	      0.00000000	      0.00000000	      0.00000000	     19.77852374	     -1.47089004	    -74.60409533	     15.32045905	      0.00000000	      0.00000000	      0.00000000	      0.00000000	    -25.34640649	     -3.28047743	    -24.75525173	      7.78113239	      5.35657787	     -4.98473282	      0.00000000	     -4.24788114	      3.41175681	      0.00000000	    -27.78391605	     -3.91319435	    -25.35577840	      9.10887820	     14.89690267	     -4.98473282	      0.00000000	      0.11064192	      2.39978049	      0.00000000
