Coordinates
version=1
nRows=261
nColumns=64
inDegrees=yes

Units are S.I. units (second, meters, Newtons, ...)
If the header above contains a line with 'inDegrees', this indicates whether rotational values are in degrees (yes) or radians (no).

endheader
time	pelvic_tilt	pelvic_list	pelvic_rotation	pelvic_tx	pelvic_ty	pelvic_tz	lumbar_extension	lumbar_bending	lumbar_rotation	neck_flex	neck_tilt	neck_rot	neck_tx1	neck_ty1	neck_tz1	SternumRRotZ	SternumRRotX	SternumRRotY	SternumRX	SternumRY	SternumRZ	SternumLRotZ	SternumLRotX	SternumLRotY	SternumLX	SternumLY	SternumLZ	shoulder_add_r	shoulder_flex_r	shoulder_rot_r	elbow_flexion_r	elbow_varus_valg_r	pro_sup_r	wrist_dev_r	wrist_flex_r	shoulder_add_l	shoulder_flex_l	shoulder_rot_l	elbow_flexion_l	elbow_varus_valg_l	pro_sup_l	wrist_dev_l	wrist_flex_l	hip_flexion_r	hip_adduction_r	hip_rotation_r	knee_angle_r	knee_rotation_r	knee_adduction_r	knee_tz_r	ankle_angle_r	subtalar_angle_r	mtp_angle_r	hip_flexion_l	hip_adduction_l	hip_rotation_l	knee_angle_l	knee_rotation_l	knee_adduction_l	knee_tz_l	ankle_angle_l	subtalar_angle_l	mtp_angle_l
      0.03333333	    111.72942207	      0.67953027	    172.92147750	      0.16158313	     -0.36387700	     -0.54758514	     29.57528598	      0.23889310	      5.02404076	     22.70091768	      0.19391789	      0.96515548	      0.02798596	     -0.02019009	      0.01288963	      0.00000000	      0.00000000	      0.00000000	      0.01410962	     -0.03493691	     -0.00129233	      0.00000000	      0.00000000	      0.00000000	      0.01304189	     -0.01984429	     -0.00822291	    281.03770838	     64.68374435	    -33.99403169	     17.00537778	      0.00000000	      0.00000000	      0.00000000	      0.00000000	    -91.76893910	   -250.58795253	   -141.63733212	      0.00000000	      0.00000000	      0.00000000	      0.00000000	      0.00000000	     58.98982654	      3.41780288	    -10.45946872	    -19.76633452	     -2.75420029	     -4.98473282	      0.00000000	     32.20273234	     11.81328558	      0.00000000	     55.27335291	      1.07137760	      8.35112562	    -19.15436951	     -0.81793770	     -4.98473282	      0.00000000	     31.90791368	      3.13423191	      0.00000000
      0.06666667	    108.94823649	      3.90713528	    175.73860978	      0.16281734	     -0.36216507	     -0.54296035	     26.34488541	      2.58883310	      0.77681353	     22.34980766	      0.66544246	      1.08929891	      0.03041456	     -0.02435535	      0.00686597	      0.00000000	      0.00000000	      0.00000000	      0.02575461	     -0.02632930	     -0.00125087	      0.00000000	      0.00000000	      0.00000000	      0.00884748	     -0.03302495	     -0.01115721	    286.11771736	     63.09327107	    -32.63001938	     24.87819412	      0.00000000	      0.00000000	      0.00000000	      0.00000000	    -88.25755802	   -249.40823010	   -149.57608026	      0.00000000	      0.00000000	      0.00000000	      0.00000000	      0.00000000	     54.02310579	      2.34555620	    -17.97815194	    -15.33475109	      2.23227074	     -4.98473282	      0.00000000	     30.27534201	     16.80146697	      0.00000000	     52.81008709	      1.57438317	     10.51380521	    -18.61798399	      0.50606403	     -4.98473282	      0.00000000	     33.75756033	     -0.92335386	      0.00000000
      0.10000000	    107.56882326	      5.69332150	    177.70185210	      0.16403771	     -0.36047423	     -0.54047850	     25.15470669	      3.72864811	     -1.68682430	     21.44647484	      1.03877554	      1.71110925	      0.03270697	     -0.02691409	      0.00582400	      0.00000000	      0.00000000	      0.00000000	      0.03138365	     -0.02357867	      0.00088884	      0.00000000	      0.00000000	      0.00000000	      0.01091156	     -0.04139917	     -0.00500691	    287.45910368	     63.27627218	    -32.49406231	     26.22790804	      0.00000000	      0.00000000	      0.00000000	      0.00000000	    -85.54086530	   -246.91877326	   -172.87503728	      0.00000000	      0.00000000	      0.00000000	      0.00000000	      0.00000000	     51.41131226	      1.85361730	    -22.99080345	    -12.96722941	      5.29472762	     -4.98473282	      0.00000000	     28.96094542	     17.90890720	      0.00000000	     51.81911384	      1.92549516	     11.24473613	    -18.67478739	      4.34257026	     -4.98473282	      0.00000000	     34.10139678	     -4.63773410	      0.00000000
      0.13333333	    107.42014215	      6.50521845	    178.48315601	      0.16520839	     -0.35840136	     -0.53940502	     25.18073042	      4.33866583	     -3.06953571	     21.28633470	      1.16873344	      1.69946038	      0.03559145	     -0.02832576	      0.00470023	      0.00000000	      0.00000000	      0.00000000	      0.03327329	     -0.01810040	      0.00113138	      0.00000000	      0.00000000	      0.00000000	      0.01068467	     -0.04346310	     -0.00507872	    289.03870590	     65.15500278	    -34.49791731	     23.78248547	      0.00000000	      0.00000000	      0.00000000	      0.00000000	    -85.32691235	   -246.43451861	   -175.34560213	      0.00000000	      0.00000000	      0.00000000	      0.00000000	      0.00000000	     51.11290066	      1.74446851	    -25.50307668	    -12.96377056	      4.72346716	     -4.98473282	      0.00000000	     29.09814567	     17.72962316	      0.00000000	     52.00465559	      1.98830951	     11.07354773	    -18.92912596	      6.05464117	     -4.98473282	      0.00000000	     34.22826588	     -3.09963924	      0.00000000
      0.16666667	    107.62033864	      6.50121763	    178.55751357	      0.16581153	     -0.35647739	     -0.53915751	     25.34815609	      4.33610980	     -3.24200069	     21.55123650	      0.80815863	      1.95190321	      0.03741189	     -0.02912234	      0.00587232	      0.00000000	      0.00000000	      0.00000000	      0.03192897	     -0.01368753	     -0.00109800	      0.00000000	      0.00000000	      0.00000000	      0.01072615	     -0.04451480	     -0.00438799	    289.07321039	     66.87712996	    -38.15884332	     20.25193791	      0.00000000	      0.00000000	      0.00000000	      0.00000000	    -84.85590580	   -246.19268581	   -178.46052837	      0.00000000	      0.00000000	      0.00000000	      0.00000000	      0.00000000	     51.52431342	      1.43070198	    -28.02674310	    -13.65907648	      4.89283198	     -4.98473282	      0.00000000	     29.76174080	     18.02482330	      0.00000000	     52.31065293	      2.12444778	     10.81539646	    -19.10741196	      7.03043426	     -4.98473282	      0.00000000	     33.49709152	     -1.38515677	      0.00000000
      0.20000000	    107.77831080	      6.25808830	    178.37981852	      0.16624607	     -0.35471062	     -0.53942418	     25.21316358	      4.18264623	     -2.94799605	     22.16941080	      0.21490937	      1.65778937	      0.03748864	     -0.02924877	      0.00677625	      0.00000000	      0.00000000	      0.00000000	      0.03088092	     -0.00813626	     -0.00578234	      0.00000000	      0.00000000	      0.00000000	      0.01028744	     -0.04620862	     -0.00420201	    290.03517449	     66.95105541	    -40.47734105	     19.80842587	      0.00000000	      0.00000000	      0.00000000	      0.00000000	    -83.61074806	   -246.30260083	   -178.31172562	      0.00000000	      0.00000000	      0.00000000	      0.00000000	      0.00000000	     51.87138655	      1.25166566	    -28.77130629	    -13.94023487	      5.70783536	     -4.98473282	      0.00000000	     29.74541729	     18.77966776	      0.00000000	     52.45517954	      2.24540949	     10.64062129	    -18.93757769	      6.70616824	     -4.98473282	      0.00000000	     32.81066862	     -0.45902114	      0.00000000
      0.23333333	    107.08685960	      6.10639989	    178.52252728	      0.16645111	     -0.35327144	     -0.53999699	     23.91182902	      3.91353358	     -2.77755452	     22.85202919	      0.02842272	      0.80835080	      0.03497264	     -0.02940442	      0.00605270	      0.00000000	      0.00000000	      0.00000000	      0.03023298	     -0.00114665	     -0.00607951	      0.00000000	      0.00000000	      0.00000000	      0.00963626	     -0.04613433	     -0.00603666	    295.39082236	     66.56773094	    -42.91923482	     23.86502301	      0.00000000	      0.00000000	      0.00000000	      0.00000000	    -82.39776787	   -247.23508944	   -169.90741844	      0.00000000	      0.00000000	      0.00000000	      0.00000000	      0.00000000	     51.09400004	      1.01065964	    -29.43748021	    -13.65830234	      7.06132493	     -4.98473282	      0.00000000	     29.46642527	     19.98750148	      0.00000000	     51.75833071	      2.54002093	     11.13232061	    -18.60389477	      4.03629249	     -4.98473282	      0.00000000	     33.05931499	      1.71971638	      0.00000000
      0.26666667	    106.45963373	      6.43686707	    178.78722526	      0.16688481	     -0.35213201	     -0.54059768	     22.80041329	      4.13210685	     -2.87209859	     23.45195148	      0.01890756	      0.00026756	      0.03330133	     -0.02935300	      0.00413780	      0.00000000	      0.00000000	      0.00000000	      0.03070946	      0.00634270	     -0.00950608	      0.00000000	      0.00000000	      0.00000000	      0.01066666	     -0.04630855	     -0.00996765	    298.24505137	     64.83844093	    -41.13200268	     27.48687324	      0.00000000	      0.00000000	      0.00000000	      0.00000000	    -81.29176423	   -248.77607939	   -153.85571834	      0.00000000	      0.00000000	      0.00000000	      0.00000000	      0.00000000	     50.27424569	      1.13338262	    -29.66890416	    -13.30220828	      7.53473218	     -4.98473282	      0.00000000	     29.11622730	     20.54182139	      0.00000000	     51.20409157	      2.74424368	     13.74354481	    -18.52960784	     -0.61805330	     -4.98473282	      0.00000000	     34.25446229	      5.51642383	      0.00000000
      0.30000000	    106.63721556	      6.74511639	    179.08103770	      0.16736927	     -0.35128266	     -0.54168598	     22.81856885	      4.19164449	     -3.31429888	     23.36886122	      0.82534160	      0.26698774	      0.03162318	     -0.02899650	      0.00181383	      0.00000000	      0.00000000	      0.00000000	      0.02698583	      0.00088052	     -0.01197964	      0.00000000	      0.00000000	      0.00000000	      0.01107735	     -0.04414026	     -0.01299137	    292.88603060	     65.88625883	    -43.11487283	     23.88087793	      0.00000000	      0.00000000	      0.00000000	      0.00000000	    -81.22607847	   -249.56983662	   -145.26921292	      0.01209044	      0.00000000	      0.00000000	      0.00000000	      0.00000000	     50.39745290	      1.22709721	    -30.18333118	    -13.14757283	      7.13546339	     -4.98473282	      0.00000000	     29.02533582	     20.44101948	      0.00000000	     51.47538127	      2.83836034	     15.08649706	    -18.38871447	     -4.77311695	     -4.98473282	      0.00000000	     35.47654439	     10.22632106	      0.00000000
      0.33333333	    106.59707881	      6.75822004	    179.13351561	      0.16814977	     -0.35105933	     -0.54258298	     22.77597766	      4.00476629	     -3.39178142	     23.63107289	      0.95459609	     -0.79558856	      0.03297191	     -0.02851986	      0.00005771	      0.00000000	      0.00000000	      0.00000000	      0.02450401	     -0.00326200	     -0.01659482	      0.00000000	      0.00000000	      0.00000000	      0.01088586	     -0.04403350	     -0.01430058	    285.63694188	     66.07129276	    -41.36182290	     18.90184477	      0.00000000	      0.00000000	      0.00000000	      0.00000000	    -80.65781301	   -249.56281022	   -145.11801504	      0.00000000	      0.00000000	      0.00000000	      0.00000000	      0.00000000	     50.36126196	      1.33440828	    -29.55744711	    -13.03113328	      6.58288309	     -4.98473282	      0.00000000	     29.86109400	     19.38121183	      0.00000000	     51.55952362	      3.09291996	     16.71814504	    -18.79321433	     -7.93193882	     -4.98473282	      0.00000000	     36.31297642	     12.45832652	      0.00000000
      0.36666667	    107.65870170	      6.85688295	    178.84898647	      0.16903970	     -0.35097993	     -0.54396442	     24.14063015	      3.95234951	     -3.49833582	     23.53706307	      1.01571055	     -0.94347628	      0.03510913	     -0.02780959	      0.00005012	      0.00000000	      0.00000000	      0.00000000	      0.02223934	     -0.01858521	     -0.01435449	      0.00000000	      0.00000000	      0.00000000	      0.00908080	     -0.04354966	     -0.01410962	    273.59079588	     67.96250463	    -38.74556936	     10.25839082	      0.00000000	      0.00000000	      0.00000000	      0.00000000	    -81.27102498	   -248.90528758	   -152.61568081	      0.00000000	      0.00000000	      0.00000000	      0.00000000	      0.00000000	     51.56219670	      1.73150256	    -28.43852116	    -13.05587893	      5.94828594	     -4.98473282	      0.00000000	     29.98980546	     16.50440348	      0.00000000	     52.78110687	      2.87993246	     17.72758990	    -19.07596482	    -10.21900780	     -4.98473282	      0.00000000	     36.90324095	     15.03457470	      0.00000000
      0.40000000	    108.99309252	      6.71005932	    178.37909722	      0.16985425	     -0.35145349	     -0.54529313	     25.97231461	      3.66892418	     -3.56699971	     23.51910421	      0.66448963	     -0.82067347	      0.03900921	     -0.02717953	      0.00244350	      0.00000000	      0.00000000	      0.00000000	      0.02667063	     -0.02580107	     -0.01114419	      0.00000000	      0.00000000	      0.00000000	      0.00797261	     -0.04348060	     -0.01029474	    275.18964620	     68.15378875	    -39.96690731	     11.81990342	      0.00000000	      0.00000000	      0.00000000	      0.00000000	    -82.09183825	   -247.28589208	   -167.11401159	      0.00000000	      0.00000000	      0.00000000	      0.00000000	      0.00000000	     52.99731593	      2.09350037	    -26.82041769	    -13.21794533	      5.98950616	     -4.98473282	      0.00000000	     29.83020885	     12.61515217	      0.00000000	     54.16350195	      2.64378291	     18.43778376	    -19.24031917	    -10.79183878	     -4.98473282	      0.00000000	     37.21262779	     15.54218754	      0.00000000
      0.43333333	    109.90320766	      6.50744288	    177.98005989	      0.17039899	     -0.35203036	     -0.54696725	     27.22925721	      3.23148694	     -3.29837263	     22.99322737	      0.77436253	     -0.36309213	      0.03998704	     -0.02679149	      0.00544307	      0.00000000	      0.00000000	      0.00000000	      0.03330071	     -0.02673479	     -0.00893719	      0.00000000	      0.00000000	      0.00000000	      0.00774823	     -0.04313429	     -0.00875285	    284.07213621	     66.32285904	    -40.14149603	     19.23825633	      0.00000000	      0.00000000	      0.00000000	      0.00000000	    -82.47334675	   -246.84964530	   -171.29144174	      0.00000000	      0.00000000	      0.00000000	      0.00000000	      0.00000000	     53.89868749	      2.27284607	    -27.06428716	    -13.34941832	      6.05931902	     -4.98473282	      0.00000000	     29.89506068	     11.84105352	      0.00000000	     55.03603492	      2.19000970	     17.65555744	    -19.05838139	    -10.14538818	     -4.98473282	      0.00000000	     37.96114657	     16.54588166	      0.00000000
      0.46666667	    110.64425392	      6.21193123	    177.61754007	      0.17097713	     -0.35272474	     -0.54801815	     28.33635957	      2.83945388	     -2.97731740	     22.39281500	      0.84002262	      0.00600104	      0.04085667	     -0.02623627	      0.00763908	      0.00000000	      0.00000000	      0.00000000	      0.03841673	     -0.02812562	     -0.00797371	      0.00000000	      0.00000000	      0.00000000	      0.00868470	     -0.04129830	     -0.00753066	    287.30868439	     64.78225019	    -37.04383695	     22.50921812	      0.00000000	      0.00000000	      0.00000000	      0.00000000	    -83.69574543	   -246.62875360	   -171.99507182	      0.00000000	      0.00000000	      0.00000000	      0.00000000	      0.00000000	     54.70133449	      2.43436052	    -26.40421519	    -13.59126142	      5.89529241	     -4.98473282	      0.00000000	     29.96137596	     11.16248239	      0.00000000	     55.57176036	      1.92647482	     16.95828055	    -18.52480000	    -10.60917609	     -4.98473282	      0.00000000	     38.56303040	     17.88938996	      0.00000000
      0.50000000	    111.15086741	      6.03457030	    177.50799295	      0.17161010	     -0.35270458	     -0.54866218	     28.89867386	      2.56386092	     -2.87478226	     21.73735098	      1.10168330	      0.62361219	      0.03878064	     -0.02551011	      0.00898315	      0.00000000	      0.00000000	      0.00000000	      0.03722480	     -0.02922552	     -0.00748776	      0.00000000	      0.00000000	      0.00000000	      0.00910324	     -0.03948887	     -0.00632631	    285.33555179	     65.40519675	    -37.08256507	     20.36545279	      0.00000000	      0.00000000	      0.00000000	      0.00000000	    -84.08470582	   -246.44521453	   -170.54792678	      0.00000000	      0.00000000	      0.00000000	      0.00000000	      0.00000000	     55.23963047	      2.39912190	    -26.82178028	    -13.62523193	      6.31060897	     -4.98473282	      0.00000000	     29.76985572	     10.99466959	      0.00000000	     56.01472930	      1.77277758	     15.48106358	    -18.04473152	    -10.91757967	     -4.98473282	      0.00000000	     38.77524745	     19.14888921	      0.00000000
      0.53333333	    110.91210762	      5.93899288	    177.58939991	      0.17189934	     -0.35245479	     -0.54903553	     28.41015933	      2.35730057	     -2.50140042	     21.59106035	      1.09388599	      1.01716786	      0.03598389	     -0.02519195	      0.01042587	      0.00000000	      0.00000000	      0.00000000	      0.03017512	     -0.03419399	     -0.00826299	      0.00000000	      0.00000000	      0.00000000	      0.00952716	     -0.03731796	     -0.00713617	    275.46784941	     67.11215988	    -37.05839087	     12.22943353	      0.00000000	      0.00000000	      0.00000000	      0.00000000	    -83.84431543	   -247.16856909	   -165.90890544	      0.00000000	      0.00000000	      0.00000000	      0.00000000	      0.00000000	     54.96355081	      2.27683132	    -27.51088944	    -13.53030803	      7.27764738	     -4.98473282	      0.00000000	     29.33200674	      9.87372371	      0.00000000	     55.67206331	      1.69521643	     13.94098519	    -17.47372340	    -10.96845940	     -4.98473282	      0.00000000	     38.51525886	     19.63828369	      0.00000000
      0.56666667	    108.68249968	      6.14394435	    177.88186214	      0.17151189	     -0.35166190	     -0.54911782	     25.26794304	      2.42479824	     -2.44700246	     22.18200313	      1.00407246	      1.06580936	      0.03108479	     -0.02584218	      0.01137960	      0.00000000	      0.00000000	      0.00000000	      0.02455418	     -0.03662794	     -0.00896631	      0.00000000	      0.00000000	      0.00000000	      0.00834162	     -0.03765701	     -0.00720506	    266.34889332	     68.42123479	    -34.99237965	      5.62344164	      0.00000000	      0.00000000	      0.00000000	      0.00000000	    -81.32901220	   -247.39335621	   -161.57807230	      0.00000000	      0.00000000	      0.00000000	      0.00000000	      0.00000000	     52.40108447	      2.34485387	    -27.88813614	    -13.07796156	      8.49129851	     -4.98473282	      0.00000000	     29.08931454	      8.44308773	      0.00000000	     53.26988544	      1.64276533	     13.42100791	    -17.25418285	     -9.29349863	     -4.98473282	      0.00000000	     37.61957369	     16.65681405	      0.00000000
      0.60000000	    107.35150521	      6.32681807	    178.17057876	      0.17099547	     -0.35174102	     -0.54853703	     23.54121938	      2.68259030	     -2.70333586	     22.77135803	      0.82211949	      1.26550947	      0.03027352	     -0.02645761	      0.01066708	      0.00000000	      0.00000000	      0.00000000	      0.02646386	     -0.02837229	     -0.01793369	      0.00000000	      0.00000000	      0.00000000	      0.00788874	     -0.03877096	     -0.00741247	    272.40881852	     66.19007051	    -37.25232695	     11.64329466	      0.00000000	      0.00000000	      0.00000000	      0.00000000	    -80.22321786	   -247.11982345	   -163.65101783	      0.00000000	      0.00000000	      0.00000000	      0.00000000	      0.00000000	     50.65301505	      2.33223358	    -28.48972094	    -12.46615238	      9.06987658	     -4.98473282	      0.00000000	     28.95358652	      8.61485457	      0.00000000	     51.78099591	      1.60063194	     12.50993330	    -17.17109723	     -6.51770606	     -4.98473282	      0.00000000	     37.21690504	     14.04130776	      0.00000000
      0.63333333	    106.56727472	      6.20264512	    178.16692785	      0.17108981	     -0.35114671	     -0.54776412	     22.38592039	      2.66865011	     -2.66752917	     23.15228121	      0.83409337	      0.77517405	      0.02914261	     -0.02653268	      0.00959978	      0.00000000	      0.00000000	      0.00000000	      0.03171980	     -0.01457785	     -0.01750740	      0.00000000	      0.00000000	      0.00000000	      0.00743763	     -0.04089547	     -0.00723259	    286.22120681	     64.36376660	    -41.16897238	     22.96856777	      0.00000000	      0.00000000	      0.00000000	      0.00000000	    -78.52307896	   -246.56757665	   -168.20875065	      0.00000000	      0.00000000	      0.00000000	      0.00000000	      0.00000000	     50.07539085	      2.23536423	    -27.67845032	    -12.92665020	      8.72176436	     -4.98473282	      0.00000000	     29.22502035	      9.00603672	      0.00000000	     50.91096637	      1.78197426	     12.40186481	    -17.17140720	     -6.05881327	     -4.98473282	      0.00000000	     37.18691364	     13.02353380	      0.00000000
      0.66666667	    106.64231646	      5.85657321	    178.03795690	      0.17103902	     -0.35126328	     -0.54777048	     22.62373714	      2.28949257	     -2.34572818	     23.12354089	      0.90852196	      0.45282405	      0.03110860	     -0.02677296	      0.00963424	      0.00000000	      0.00000000	      0.00000000	      0.03616628	     -0.00908987	     -0.01282560	      0.00000000	      0.00000000	      0.00000000	      0.00954856	     -0.04386555	     -0.00663267	    293.12354533	     63.10038079	    -39.09818900	     28.22367394	      0.00000000	      0.00000000	      0.00000000	      0.00000000	    -77.39148488	   -246.26232830	   -172.58613329	      0.00000000	      0.00000000	      0.00000000	      0.00000000	      0.00000000	     50.27542522	      2.15499657	    -26.84869019	    -13.04123476	      8.28288472	     -4.98473282	      0.00000000	     29.27148449	      9.79638812	      0.00000000	     50.77275026	      1.96237887	     12.14160128	    -16.87063110	     -6.05538944	     -4.98473282	      0.00000000	     37.49524626	     13.35785590	      0.00000000
      0.70000000	    107.70588124	      5.56205471	    177.76708508	      0.17158767	     -0.35094366	     -0.54803140	     24.10786240	      1.95817146	     -2.21584635	     22.42498476	      1.15914348	      0.38059871	      0.03296985	     -0.02656436	      0.00989540	      0.00000000	      0.00000000	      0.00000000	      0.03568277	     -0.01336574	     -0.00739001	      0.00000000	      0.00000000	      0.00000000	      0.01158879	     -0.04246277	     -0.00459999	    293.01232740	     64.65706988	    -40.43896218	     26.18847267	      0.00000000	      0.00000000	      0.00000000	      0.00000000	    -78.38936476	   -245.96146582	   -175.20415012	      0.00000000	      0.00000000	      0.00000000	      0.00000000	      0.00000000	     51.83536743	      2.10071269	    -26.15009704	    -13.70391448	      7.37516966	     -4.98473282	      0.00000000	     28.94415940	     10.05997223	      0.00000000	     51.99233878	      2.16207864	     12.74485545	    -17.12882092	     -7.39553659	     -4.98473282	      0.00000000	     37.46596327	     13.89528679	      0.00000000
      0.73333333	    109.02772153	      5.27052429	    177.57432944	      0.17202146	     -0.35108701	     -0.54794106	     25.98297894	      1.80760264	     -1.93266436	     21.60717264	      1.11278334	      0.21200084	      0.03485282	     -0.02631049	      0.00874087	      0.00000000	      0.00000000	      0.00000000	      0.03189005	     -0.01920362	     -0.00706874	      0.00000000	      0.00000000	      0.00000000	      0.01411495	     -0.04083252	     -0.00406209	    288.12305070	     66.37637843	    -42.48105197	     20.57489956	      0.00000000	      0.00000000	      0.00000000	      0.00000000	    -80.11064692	   -246.17997438	   -175.00248562	      0.00000000	      0.00000000	      0.00000000	      0.00000000	      0.00000000	     53.42680254	      2.00778103	    -25.23661910	    -13.95432500	      6.56603365	     -4.98473282	      0.00000000	     28.41254323	      9.57949795	      0.00000000	     53.43565652	      2.48596648	     14.04950245	    -17.28102226	     -9.53989576	     -4.98473282	      0.00000000	     37.37195421	     14.41949314	      0.00000000
      0.76666667	    110.13257332	      5.17171807	    177.43643956	      0.17245623	     -0.35103357	     -0.54816823	     27.43465760	      1.82527744	     -1.60458990	     20.94961847	      0.96588928	      0.18478931	      0.03552853	     -0.02588650	      0.00803253	      0.00000000	      0.00000000	      0.00000000	      0.02768333	     -0.02837904	     -0.00849405	      0.00000000	      0.00000000	      0.00000000	      0.01555602	     -0.03854772	     -0.00444376	    279.07694570	     67.34458848	    -42.00721082	     13.81087697	      0.00000000	      0.00000000	      0.00000000	      0.00000000	    -81.75228325	   -246.74856815	   -172.32769811	      0.00000000	      0.00000000	      0.00000000	      0.00000000	      0.00000000	     54.75275542	      2.04402236	    -24.34689979	    -14.26430605	      5.82512376	     -4.98473282	      0.00000000	     28.00304943	      8.27338610	      0.00000000	     54.76113457	      2.70506682	     15.97101765	    -17.70942078	    -11.70609797	     -4.98473282	      0.00000000	     37.33252873	     15.31377875	      0.00000000
      0.80000000	    110.07746769	      5.13854113	    177.52916491	      0.17242253	     -0.35134244	     -0.54837017	     27.39878241	      1.86050321	     -1.39379195	     19.99247296	      0.84411598	      0.40710519	      0.03291498	     -0.02556687	      0.00694749	      0.00000000	      0.00000000	      0.00000000	      0.02632762	     -0.03206715	     -0.00966543	      0.00000000	      0.00000000	      0.00000000	      0.01580722	     -0.03929139	     -0.00581267	    276.24223325	     66.93902216	    -40.12346783	     12.77334976	      0.00000000	      0.00000000	      0.00000000	      0.00000000	    -81.88478010	   -247.13040358	   -171.17585952	      0.00000000	      0.00000000	      0.00000000	      0.00000000	      0.00000000	     54.65328914	      1.98190768	    -23.96401085	    -14.37927387	      5.61143787	     -4.98473282	      0.00000000	     28.43918703	      7.62105336	      0.00000000	     54.81680653	      3.00412246	     17.67639454	    -18.18174257	    -12.67788621	     -4.98473282	      0.00000000	     37.25663935	     15.47760299	      0.00000000
      0.83333333	    110.05925591	      4.94862970	    177.45066646	      0.17285336	     -0.35190599	     -0.54836600	     27.31290228	      1.88563616	     -1.12491587	     19.82024713	      1.04521016	      1.06222231	      0.03191915	     -0.02487123	      0.00499056	      0.00000000	      0.00000000	      0.00000000	      0.02650062	     -0.03406919	     -0.01132288	      0.00000000	      0.00000000	      0.00000000	      0.01477167	     -0.04189827	     -0.00791001	    275.47230888	     66.08028031	    -38.25613413	     13.97697955	      0.00000000	      0.00000000	      0.00000000	      0.00000000	    -81.17196798	   -247.23124981	   -171.06196210	      0.00000000	      0.00000000	      0.00000000	      0.00000000	      0.00000000	     54.65913809	      1.93918308	    -24.20088561	    -14.53031296	      5.87049441	     -4.98473282	      0.00000000	     29.42013582	      7.67372403	      0.00000000	     54.94124440	      3.30874283	     18.96824059	    -18.81638931	    -13.18755897	     -4.98473282	      0.00000000	     37.69793227	     15.22751474	      0.00000000
      0.86666667	    109.88494126	      4.35525359	    177.46136303	      0.17302790	     -0.35333507	     -0.54771671	     27.21975866	      1.51203652	     -0.96240123	     18.95725584	      1.05804842	      1.65311171	      0.03042420	     -0.02428705	      0.00319662	      0.00000000	      0.00000000	      0.00000000	      0.02800175	     -0.03253009	     -0.01504282	      0.00000000	      0.00000000	      0.00000000	      0.01379569	     -0.04449404	     -0.00965791	    275.49495192	     65.18242547	    -34.58988527	     14.94193068	      0.00000000	      0.00000000	      0.00000000	      0.00000000	    -80.86926740	   -247.10780405	   -171.52330666	      0.00000000	      0.00000000	      0.00000000	      0.00000000	      0.00000000	     54.38312900	      1.44441440	    -24.96291481	    -14.38238921	      7.35279018	     -4.98473282	      0.00000000	     30.91835752	      9.12832203	      0.00000000	     54.67411459	      4.08296629	     20.20727105	    -19.08187243	    -14.24571676	     -4.98473282	      0.00000000	     37.57718272	     13.78608090	      0.00000000
      0.90000000	    110.27688320	      3.64983424	    177.47726109	      0.17299818	     -0.35514509	     -0.54694063	     27.94393217	      1.01778939	     -0.87383929	     17.73928903	      1.23417610	      1.84676248	      0.03028891	     -0.02338490	      0.00083189	      0.00000000	      0.00000000	      0.00000000	      0.02800182	     -0.02954377	     -0.01847874	      0.00000000	      0.00000000	      0.00000000	      0.01370785	     -0.04363421	     -0.01016240	    274.21516913	     65.62757457	    -31.13215181	     12.59213317	      0.00000000	      0.00000000	      0.00000000	      0.00000000	    -82.24266243	   -247.01658541	   -171.61773108	      0.00000000	      0.00000000	      0.00000000	      0.00000000	      0.00000000	     54.74215609	      0.63969868	    -26.59147943	    -14.27503369	      9.42042280	     -4.98473282	      0.00000000	     32.54283083	     12.12782010	      0.00000000	     55.04919889	      4.78692143	     20.03297683	    -19.29814335	    -14.05597316	     -4.98473282	      0.00000000	     37.09662657	     12.05603385	      0.00000000
      0.93333333	    110.81861587	      2.79371941	    177.28228583	      0.17220143	     -0.35706549	     -0.54643548	     28.81664001	      0.40860196	     -0.50520804	     16.10382669	      1.30909175	      1.55787763	      0.02865922	     -0.02272903	     -0.00141473	      0.00000000	      0.00000000	      0.00000000	      0.02564349	     -0.02597441	     -0.01787686	      0.00000000	      0.00000000	      0.00000000	      0.01332843	     -0.04167300	     -0.01020163	    274.00242652	     67.26216166	    -30.77482411	      9.43658449	      0.00000000	      0.00000000	      0.00000000	      0.00000000	    -84.00197450	   -247.02259100	   -170.36480433	      0.00000000	      0.00000000	      0.00000000	      0.00000000	      0.00000000	     55.38767185	     -0.12548055	    -27.32475903	    -14.43893036	     10.37901664	     -4.98473282	      0.00000000	     33.67207092	     14.82005310	      0.00000000	     55.52379581	      5.19182233	     18.35385289	    -19.23129891	    -13.27161159	     -4.98473282	      0.00000000	     36.47491326	     10.98020988	      0.00000000
      0.96666667	    110.93062689	      2.20917879	    177.05874351	      0.17002087	     -0.35973009	     -0.54656482	     29.20917445	     -0.01768882	      0.06064547	     14.15303710	      1.14760500	      0.81906716	      0.02653665	     -0.02242676	     -0.00253326	      0.00000000	      0.00000000	      0.00000000	      0.02337484	     -0.02326035	     -0.01697359	      0.00000000	      0.00000000	      0.00000000	      0.01288168	     -0.04179875	     -0.01068025	    277.17696438	     67.66538433	    -33.28058380	      9.97294485	      0.00000000	      0.00000000	      0.00000000	      0.00000000	    -85.35259575	   -247.22925181	   -169.51702255	      0.00000000	      0.00000000	      0.00000000	      0.00000000	      0.00000000	     55.49582023	     -0.58995113	    -27.89898950	    -14.67519511	      9.55808566	     -4.98473282	      0.00000000	     34.12075808	     16.91675399	      0.00000000	     55.23719778	      5.07713863	     15.67341078	    -18.50170942	    -11.83274693	     -4.98473282	      0.00000000	     36.20660711	     10.65327096	      0.00000000
      1.00000000	    109.97171432	      2.17846914	    176.84964160	      0.16618521	     -0.36396447	     -0.54760565	     28.32492194	     -0.04204634	      0.67901113	     12.36452312	      0.78809361	     -0.17644415	      0.02396618	     -0.02287344	     -0.00287586	      0.00000000	      0.00000000	      0.00000000	      0.02114851	     -0.02157131	     -0.01553767	      0.00000000	      0.00000000	      0.00000000	      0.01152238	     -0.04561434	     -0.01036794	    282.64242001	     66.46979445	    -34.26227240	     14.00345179	      0.00000000	      0.00000000	      0.00000000	      0.00000000	    -86.09114658	   -246.34753358	   -170.28212097	      2.28997986	      0.00000000	      0.00000000	      0.00000000	      0.00000000	     54.01461997	     -0.37626355	    -27.56616443	    -14.31761672	      7.15128132	     -4.98473282	      0.00000000	     33.80385993	     18.53449934	      0.00000000	     53.52022857	      4.40569945	     12.72265209	    -17.46508539	     -9.34229168	     -4.98473282	      0.00000000	     36.40821297	     10.05443409	      0.00000000
      1.03333333	    108.55164433	      2.68264689	    176.68337696	      0.16108822	     -0.37003420	     -0.54935630	     26.97393294	      0.42868474	      1.11596858	     10.01829363	      0.25148554	     -0.77086485	      0.02089416	     -0.02299562	     -0.00302883	      0.00000000	      0.00000000	      0.00000000	      0.01924490	     -0.02225314	     -0.01560570	      0.00000000	      0.00000000	      0.00000000	      0.00926536	     -0.05079232	     -0.00960403	    285.78168300	     64.52604367	    -31.53047770	     17.44000294	      0.00000000	      0.00000000	      0.00000000	      0.00000000	    -87.34204102	   -244.41329911	   -170.43397247	      6.69008363	      0.00000000	      0.00000000	      0.00000000	      0.00000000	     51.54969405	      0.49574241	    -27.07594941	    -13.16411407	      4.97222299	     -4.98473282	      0.00000000	     32.97428635	     19.23160134	      0.00000000	     51.09911747	      3.38854127	     10.72834646	    -16.40099575	     -6.18807802	     -4.98473282	      0.00000000	     36.40872184	      8.45288431	      0.00000000
      1.06666667	    106.58711595	      3.69309597	    176.84702054	      0.15476308	     -0.37682602	     -0.55196915	     24.73944007	      1.05726947	      1.27479065	      7.70535198	     -0.22305196	     -0.82655900	      0.01678042	     -0.02379028	     -0.00097638	      0.00000000	      0.00000000	      0.00000000	      0.01533774	     -0.02218638	     -0.01482265	      0.00000000	      0.00000000	      0.00000000	      0.00871750	     -0.04762555	     -0.00701434	    288.68299654	     62.33593618	    -30.44977043	     21.41610913	      0.00000000	      0.00000000	      0.00000000	      0.00000000	    -92.95822538	   -241.62712743	   -165.38957699	     14.92566172	      0.00000000	      0.00000000	      0.00000000	      0.00000000	     48.17475280	      1.67410350	    -26.46804684	    -11.51251798	      3.73602789	     -4.98473282	      0.00000000	     32.03154725	     20.96246676	      0.00000000	     48.06566491	      2.16379042	      9.03255809	    -15.55446874	      0.73595256	     -4.98473282	      0.00000000	     34.50628590	      2.16147207	      0.00000000
      1.10000000	    104.86755728	      5.14378745	    177.34046406	      0.14803076	     -0.38450001	     -0.55466313	     22.72059193	      2.18287390	      0.66517327	      5.48740232	     -0.58742339	     -0.10324708	      0.01357946	     -0.02390624	     -0.00042999	      0.00000000	      0.00000000	      0.00000000	      0.01072394	     -0.02104105	     -0.01491089	      0.00000000	      0.00000000	      0.00000000	      0.00597837	     -0.04759925	     -0.00772119	    290.40358849	     60.21489687	    -28.12911917	     24.79269010	      0.00000000	      0.00000000	      0.00000000	      0.00000000	    -93.77883718	   -240.79831227	   -168.60939794	     16.42047619	      0.00000000	      0.00000000	      0.00000000	      0.00000000	     44.80807877	      3.24852311	    -25.12899992	     -9.43531708	      3.17939485	     -4.98473282	      0.00000000	     30.98578973	     20.96576853	      0.00000000	     45.46714350	      1.00007595	      9.55008174	    -14.85405833	      2.41957082	     -4.98473282	      0.00000000	     33.28811802	      1.48441065	      0.00000000
      1.13333333	    103.48963967	      6.34603237	    178.01597995	      0.14109663	     -0.39212303	     -0.55715847	     20.86533305	      3.05921135	     -0.15389420	      3.96441874	     -0.89212789	      1.14753770	      0.01166449	     -0.02473792	      0.00065479	      0.00000000	      0.00000000	      0.00000000	      0.00586473	     -0.01701033	     -0.01417461	      0.00000000	      0.00000000	      0.00000000	      0.00385729	     -0.04538247	     -0.00894026	    293.24553387	     57.60782079	    -26.14231151	     29.43033780	      0.00000000	      0.00000000	      0.00000000	      0.00000000	    -94.90021971	   -240.98115002	   -171.70808479	     15.93566381	      0.00000000	      0.00000000	      0.00000000	      0.00000000	     42.20036710	      4.37657825	    -24.46044094	     -8.24816635	      1.65222163	     -4.98473282	      0.00000000	     30.32906690	     21.73869054	      0.00000000	     43.32574736	      0.18871895	     10.03673588	    -14.43526202	      3.30401503	     -4.98473282	      0.00000000	     31.90776118	      1.17105140	      0.00000000
      1.16666667	    104.02139386	      7.12985464	    178.29414857	      0.13496718	     -0.39926245	     -0.55872133	     20.99286913	      3.77749716	     -1.00080437	      3.06754368	     -1.43060237	      2.69741472	      0.01110238	     -0.02528723	      0.00215281	      0.00000000	      0.00000000	      0.00000000	      0.00167048	     -0.01368791	     -0.01198259	      0.00000000	      0.00000000	      0.00000000	      0.00118088	     -0.04287851	     -0.00845178	    295.38700197	     54.94041215	    -23.48743762	     33.93258929	      0.00000000	      0.00000000	      0.00000000	      0.00000000	    -96.09848950	   -240.84605046	   -174.95273317	     15.03539192	      0.00000000	      0.00000000	      0.00000000	      0.00000000	     42.22020477	      4.96076244	    -23.42412358	     -8.38825654	     -1.45292945	     -4.98473282	      0.00000000	     30.15246997	     23.60041640	      0.00000000	     43.39980156	     -0.32542588	     10.61256981	    -14.67985318	      2.39960412	     -4.98473282	      0.00000000	     31.27131489	      2.02592144	      0.00000000
      1.20000000	    109.36906881	      7.31812139	    177.46428687	      0.13076472	     -0.40508179	     -0.55911915	     26.65716034	      4.42190814	     -1.48684933	      2.02186271	     -2.43448092	      4.38303883	      0.01366782	     -0.02327502	      0.00423813	      0.00000000	      0.00000000	      0.00000000	     -0.00073878	     -0.00961823	     -0.00898318	      0.00000000	      0.00000000	      0.00000000	     -0.00089591	     -0.03500305	     -0.00452138	    297.35931235	     52.25205454	    -20.18084407	     37.88515726	      0.00000000	      0.00000000	      0.00000000	      0.00000000	   -100.59313755	   -238.95773664	   -175.21640056	     17.17537522	      0.00000000	      0.00000000	      0.00000000	      0.00000000	     48.43021174	      5.06593488	    -19.53134030	    -10.76886910	     -5.91047335	     -4.98473282	      0.00000000	     29.73229230	     24.98095987	      0.00000000	     49.11238997	     -0.52042494	     11.93365843	    -16.30513441	     -0.87162838	     -4.98473282	      0.00000000	     30.84753297	      3.97549227	      0.00000000
      1.23333333	    113.72406732	      6.40691309	    176.02934873	      0.12529785	     -0.41245847	     -0.55784064	     31.12649827	      4.46720410	     -0.86103397	      1.78536695	     -3.78977714	      4.96941934	      0.01672275	     -0.02215278	      0.00591955	      0.00000000	      0.00000000	      0.00000000	     -0.00241746	     -0.00692543	     -0.00600285	      0.00000000	      0.00000000	      0.00000000	     -0.00258677	     -0.01954582	     -0.00026378	    297.99124146	     49.49296294	    -17.27008727	     42.26941708	      0.00000000	      0.00000000	      0.00000000	      0.00000000	   -109.21679065	   -234.92942392	   -168.51448253	     25.58576333	      0.00000000	      0.00000000	      0.00000000	      0.00000000	     53.70469639	      4.64195913	    -16.68432301	    -13.47209266	     -5.27337306	     -4.98473282	      0.00000000	     28.36330188	     24.98095987	      0.00000000	     53.18278865	     -0.68073778	     11.20452756	    -17.17599107	     -2.01602843	     -4.98473282	      0.00000000	     29.77687498	      3.84130468	      0.00000000
      1.26666667	    116.74726819	      5.05089547	    174.25619135	      0.11752035	     -0.42224132	     -0.55598327	     34.22477998	      4.43931957	      0.57259656	      1.50962459	     -5.64921465	      4.56861141	      0.01920210	     -0.02170869	      0.00836270	      0.00000000	      0.00000000	      0.00000000	     -0.00339594	     -0.00189550	     -0.00486410	      0.00000000	      0.00000000	      0.00000000	     -0.00327127	     -0.00489721	      0.00230978	    298.89959679	     46.35461279	    -15.05289307	     47.14571251	      0.00000000	      0.00000000	      0.00000000	      0.00000000	   -117.51295055	   -229.99229346	   -163.92342263	     36.71742987	      0.00000000	      0.00000000	      0.00000000	      0.00000000	     57.29722430	      4.62492831	    -13.54701329	    -15.35026920	     -3.12044691	     -4.98473282	      0.00000000	     26.15658945	     24.98095987	      0.00000000	     55.23184370	     -1.20421935	      9.15332577	    -17.02327627	     -1.82744478	     -4.98473282	      0.00000000	     28.45590060	      2.91801544	      0.00000000
      1.30000000	    118.72737082	      3.16093851	    172.33837092	      0.10717527	     -0.43381405	     -0.55358263	     36.30002317	      4.15516298	      2.85010065	      1.10579692	     -7.66160133	      3.20939563	      0.02186504	     -0.02272712	      0.01067465	      0.00000000	      0.00000000	      0.00000000	     -0.00368877	      0.00653994	     -0.00788560	      0.00000000	      0.00000000	      0.00000000	     -0.00142063	      0.00306328	      0.00469010	    299.85502421	     42.34154708	    -13.00138128	     52.16557929	      0.00000000	      0.00000000	      0.00000000	      0.00000000	   -122.29556807	   -224.07295458	   -164.37005247	     47.68895934	      0.00000000	      0.00000000	      0.00000000	      0.00000000	     59.80798227	      4.82488635	    -10.34368456	    -16.91431473	     -1.21968327	     -4.98473282	      0.00000000	     23.63405694	     24.98095987	      0.00000000	     55.83652012	     -1.59529124	      5.61189319	    -16.17059522	     -2.04761887	     -4.98473282	      0.00000000	     26.99163978	      3.11596947	      0.00000000
      1.33333333	    119.70893731	      1.44285456	    170.40415554	      0.09447888	     -0.44753155	     -0.55240019	     37.46126204	      3.92946367	      5.36769204	     -0.38839121	     -9.08850310	      0.83672275	      0.02364435	     -0.02428219	      0.01183380	      0.00000000	      0.00000000	      0.00000000	     -0.00494484	      0.01547196	     -0.01274056	      0.00000000	      0.00000000	      0.00000000	      0.00526459	      0.00625046	      0.00851851	    300.73208153	     38.30061471	    -10.28602264	     56.03512807	      0.00000000	      0.00000000	      0.00000000	      0.00000000	   -124.42498761	   -216.85049388	   -168.12290108	     57.38216492	      0.00000000	      0.00000000	      0.00000000	      0.00000000	     61.15292143	      5.61875129	     -7.60849369	    -18.31655896	     -1.57430424	     -4.98473282	      0.00000000	     21.57247420	     24.98095987	      0.00000000	     55.16873538	     -2.08735641	      1.53921933	    -14.86728488	     -3.22279360	     -4.98473282	      0.00000000	     25.69506876	      5.24048643	      0.00000000
      1.36666667	    119.64434847	      0.06484464	    168.93321646	      0.07993427	     -0.46375736	     -0.55342710	     37.84429935	      3.45163590	      7.56186508	     -2.62510222	     -9.03004589	     -2.49333528	      0.02746741	     -0.02820625	      0.00952701	      0.00000000	      0.00000000	      0.00000000	     -0.00550037	      0.02007572	     -0.01747215	      0.00000000	      0.00000000	      0.00000000	      0.01442551	      0.00531939	      0.01383683	    301.76985632	     34.45071014	     -7.27008857	     59.47372924	      0.00000000	      0.00000000	      0.00000000	      0.00000000	   -124.47869098	   -209.75984781	   -173.63702188	     63.73281222	      0.00000000	      0.00000000	      0.00000000	      0.00000000	     60.80218376	      6.56120137	     -4.41053714	    -19.01375814	     -4.26333247	     -4.98473282	      0.00000000	     20.30296389	     24.98095987	      0.00000000	     53.26702209	     -2.39254114	     -2.16927433	    -13.25894566	     -5.49949826	     -4.98473282	      0.00000000	     24.32848912	     10.31518974	      0.00000000
      1.40000000	    118.02558528	      0.35794338	    169.12566705	      0.06567186	     -0.48060328	     -0.55602516	     36.16284398	      3.05229483	      7.55320596	     -6.51922793	     -8.69793138	     -5.24175821	      0.02742602	     -0.03039678	      0.00775613	      0.00000000	      0.00000000	      0.00000000	     -0.00725501	      0.01791518	     -0.01888873	      0.00000000	      0.00000000	      0.00000000	      0.02015850	     -0.00256327	      0.02096884	    302.16767307	     31.63755598	     -5.02301254	     63.30442011	      0.00000000	      0.00000000	      0.00000000	      0.00000000	   -121.90898161	   -204.22258287	   -178.64493289	     67.42143008	      0.00000000	      0.00000000	      0.00000000	      0.00000000	     58.15110337	      6.73171133	     -3.90598605	    -19.25819333	     -6.55878462	     -4.98473282	      0.00000000	     19.84744769	     24.98095987	      0.00000000	     50.37317151	     -2.31273953	     -2.20451433	    -13.03896254	     -5.84120150	     -4.98473282	      0.00000000	     23.21019060	     12.42813292	      0.00000000
      1.43333333	    113.67628425	      1.94458921	    170.68285462	      0.05184897	     -0.49850160	     -0.56041741	     31.23858563	      2.55571139	      6.28928808	    -10.06067979	     -6.54442675	     -8.05329251	      0.02906574	     -0.03455562	      0.00178599	      0.00000000	      0.00000000	      0.00000000	     -0.01032067	      0.01111470	     -0.01771619	      0.00000000	      0.00000000	      0.00000000	      0.02080728	     -0.01160358	      0.02396684	    302.56285720	     29.04437257	     -4.29731805	     67.85625450	      0.00000000	      0.00000000	      0.00000000	      0.00000000	   -120.39230733	   -201.02261860	   -180.61361462	     70.77283028	      0.00000000	      0.00000000	      0.00000000	      0.00000000	     51.61119936	      6.53482906	     -3.98903668	    -18.13839490	     -8.66742066	     -4.98473282	      0.00000000	     20.51076979	     24.98095987	      0.00000000	     44.51631410	     -2.37377619	     -1.62683270	    -12.71929119	     -3.75185123	     -4.82502344	      0.00000000	     22.64932444	     12.34952808	      0.00000000
      1.46666667	    107.68267342	      4.30445323	    173.67110498	      0.03991897	     -0.51533068	     -0.56457014	     24.17514153	      2.31167736	      3.41472645	    -14.55982221	     -4.29517693	     -8.61542868	      0.02745066	     -0.03447700	     -0.00157019	      0.00000000	      0.00000000	      0.00000000	     -0.01388959	      0.00426153	     -0.01500600	      0.00000000	      0.00000000	      0.00000000	      0.01545542	     -0.01998696	      0.02285190	    303.48091114	     26.97141975	     -5.04637071	     72.49743821	      0.00000000	      0.00000000	      0.00000000	      0.00000000	   -120.08879566	   -199.19452406	   -179.00183988	     74.98482895	      0.00000000	      0.00000000	      0.00000000	      0.00000000	     42.82556127	      5.95740697	     -6.77393885	    -16.07653553	     -8.05425568	     -4.98473282	      0.00000000	     21.48514410	     24.98095987	      0.00000000	     37.38180965	     -2.76065279	     -0.46989459	    -13.15768310	      1.88646608	     -4.41239368	      0.00000000	     22.32620383	      7.18055470	      0.00000000
      1.50000000	    103.03296280	      6.19581883	    176.16711676	      0.03025639	     -0.52932514	     -0.56742902	     18.61792488	      2.63283106	      1.00623694	    -18.53700907	     -2.35988205	     -7.55424305	      0.02776724	     -0.03260773	     -0.00264370	      0.00000000	      0.00000000	      0.00000000	     -0.01726080	      0.00097803	     -0.01261815	      0.00000000	      0.00000000	      0.00000000	      0.00650466	     -0.02585942	      0.01939038	    305.59778939	     25.00082080	     -6.53180424	     76.45492190	      0.00000000	      0.00000000	      0.00000000	      0.00000000	   -120.79704668	   -198.41396744	   -176.26955770	     79.18730188	      0.00000000	      0.00000000	      0.00000000	      0.00000000	     35.94060486	      5.93744243	    -10.29885380	    -14.31030017	     -6.07103477	     -4.98473282	      0.00000000	     21.43438827	     24.98095987	      0.00000000	     31.78885984	     -3.56601489	     -2.27833152	    -13.31020404	      6.91673416	     -4.98473282	      0.00000000	     22.22657203	      5.10696050	      0.00000000
      1.53333333	    102.58715391	      6.94214859	    177.43092911	      0.02363970	     -0.53831604	     -0.56905311	     17.77931077	      2.60483087	     -0.37640001	    -22.31650021	      0.26698113	     -4.96252042	      0.02981566	     -0.02845730	     -0.00384315	      0.00000000	      0.00000000	      0.00000000	     -0.02415742	     -0.00456110	     -0.01220607	      0.00000000	      0.00000000	      0.00000000	     -0.00564594	     -0.02609625	      0.01438802	    306.83976184	     24.06751442	     -7.67669441	     77.87073052	      0.00000000	      0.00000000	      0.00000000	      0.00000000	   -122.34009141	   -198.75311614	   -174.51375610	     81.86836653	      0.00000000	      0.00000000	      0.00000000	      0.00000000	     34.81396790	      5.94765208	    -10.63203998	    -14.41135869	     -5.99115025	     -4.98473282	      0.00000000	     22.11857728	     24.98095987	      0.00000000	     31.28202215	     -3.99848417	     -2.92175609	    -14.09524443	      7.03960793	     -4.98473282	      0.00000000	     21.75412721	      5.25978010	      0.00000000
      1.56666667	    102.67328118	      7.73114896	    177.68346269	      0.01750784	     -0.54591903	     -0.56998118	     17.48688390	      3.13998342	     -1.16749970	    -24.07741757	      1.44024633	     -2.10520330	      0.03381189	     -0.02804340	     -0.00311281	      0.00000000	      0.00000000	      0.00000000	     -0.02989829	     -0.01081289	     -0.01350584	      0.00000000	      0.00000000	      0.00000000	     -0.01485199	     -0.02604861	      0.01419950	    306.87455816	     23.42247089	     -7.80718696	     78.47795435	      0.00000000	      0.00000000	      0.00000000	      0.00000000	   -122.74623513	   -197.82623962	   -173.35633010	     84.08075957	      0.00000000	      0.00000000	      0.00000000	      0.00000000	     34.61908040	      6.36730585	    -11.28966232	    -15.27761802	     -5.85871083	     -4.98473282	      0.00000000	     22.29239481	     24.98095987	      0.00000000	     31.42200484	     -4.75058727	     -3.67444548	    -15.30664865	      7.21597312	     -4.98473282	      0.00000000	     21.49866868	      5.13497870	      0.00000000
      1.60000000	    106.79185794	      7.95190578	    177.08407638	      0.01279736	     -0.55263038	     -0.57039237	     22.09715233	      3.50969130	     -2.08919090	    -25.70805949	      0.22915854	      1.55798164	      0.03872891	     -0.02731690	      0.00310565	      0.00000000	      0.00000000	      0.00000000	     -0.03400363	     -0.01774949	     -0.01502052	      0.00000000	      0.00000000	      0.00000000	     -0.01887259	     -0.02465353	      0.01852548	    305.94951475	     22.66624418	     -6.36449861	     79.12588495	      0.00000000	      0.00000000	      0.00000000	      0.00000000	   -121.96225431	   -194.59556492	   -173.02793972	     86.42082484	      0.00000000	      0.00000000	      0.00000000	      0.00000000	     39.06599196	      6.42800517	    -11.98643700	    -17.07191621	     -6.13540793	     -4.98473282	      0.00000000	     22.20354328	     24.98095987	      0.00000000	     36.22645113	     -5.00266237	     -3.64509353	    -17.75197644	     10.32747513	     -4.98473282	      0.00000000	     20.43498506	     -0.77383729	      0.00000000
      1.63333333	    109.33536903	      7.58817359	    176.57776800	      0.00777415	     -0.56167269	     -0.57179501	     25.19022147	      3.10571783	     -2.80434147	    -27.20821906	     -0.43543709	      4.06398057	      0.04159546	     -0.02524214	      0.00728749	      0.00000000	      0.00000000	      0.00000000	     -0.03636232	     -0.02505421	     -0.01288655	      0.00000000	      0.00000000	      0.00000000	     -0.01591458	     -0.01884284	      0.02188320	    306.40766708	     21.57897834	     -5.58615493	     81.47036629	      0.00000000	      0.00000000	      0.00000000	      0.00000000	   -121.88681001	   -190.20665219	   -172.71483877	     89.80082091	      0.00000000	      0.00000000	      0.00000000	      0.00000000	     41.44202225	      6.35308212	    -10.92406702	    -18.31788387	     -7.99075687	     -4.98473282	      0.00000000	     21.69523559	     24.98095987	      0.00000000	     38.92597109	     -5.00705988	     -3.31467584	    -19.36081570	     10.19083001	     -4.38029472	      0.00000000	     20.23739830	     -2.74545969	      0.00000000
      1.66666667	    109.87038401	      7.43076013	    176.69902601	      0.00284300	     -0.57367623	     -0.57342200	     26.33669135	      2.75909635	     -3.39817811	    -27.95763150	     -1.03638755	      4.42765539	      0.04411287	     -0.02414097	      0.00981972	      0.00000000	      0.00000000	      0.00000000	     -0.04120443	     -0.03435710	     -0.01280056	      0.00000000	      0.00000000	      0.00000000	     -0.01180409	     -0.01559721	      0.02388423	    306.35033879	     20.41601783	     -5.86055482	     83.64951435	      0.00000000	      0.00000000	      0.00000000	      0.00000000	   -121.88999715	   -187.18505648	   -172.84791891	     92.24415798	      0.00000000	      0.00000000	      0.00000000	      0.00000000	     40.85822370	      6.14058104	    -11.41087798	    -18.19415249	     -8.87111342	     -4.98473282	      0.00000000	     21.30166135	     24.98095987	      0.00000000	     38.92425036	     -4.98743554	     -3.22913994	    -19.98845680	      9.53266239	     -3.96115753	      0.00000000	     20.99833723	     -2.42261560	      0.00000000
      1.70000000	    107.61309238	      8.19516253	    177.58759405	     -0.00143919	     -0.58608920	     -0.57462273	     24.10781599	      3.33834260	     -4.83654414	    -28.51669843	     -3.25675587	      5.46237364	      0.04350019	     -0.02140826	      0.01625151	      0.00000000	      0.00000000	      0.00000000	     -0.04681167	     -0.03859508	     -0.01174319	      0.00000000	      0.00000000	      0.00000000	     -0.01479850	     -0.01363962	      0.02246105	    306.89399561	     20.91382041	     -6.51891028	     84.58049451	      0.00000000	      0.00000000	      0.00000000	      0.00000000	   -123.21650504	   -186.17603839	   -172.01596562	     93.34642273	      0.00000000	      0.00000000	      0.00000000	      0.00000000	     36.86642981	      6.43386984	    -13.55723705	    -16.92915613	     -9.39119802	     -4.98473282	      0.00000000	     20.75567671	     24.98095987	      0.00000000	     35.80053149	     -5.50906623	     -2.49005897	    -19.62567489	      3.27509943	     -3.94159494	      0.00000000	     23.92423435	      9.11906291	      0.00000000
      1.73333333	     66.18841207	      7.42265076	    185.16877457	     -0.01417180	     -0.62662015	     -0.57629390	    -21.18821943	      2.86657660	     -5.60621876	    -25.12891922	     -1.40723595	      2.81723504	      0.03272336	     -0.00883890	      0.01779616	      0.00000000	      0.00000000	      0.00000000	     -0.05438222	     -0.03350363	     -0.00729576	      0.00000000	      0.00000000	      0.00000000	     -0.02150256	     -0.00296416	      0.02402603	    307.46877548	     23.16847071	    -10.32509992	     85.15670962	      0.00000000	      0.00000000	      0.00000000	      0.00000000	   -121.41722240	   -188.60227558	   -168.81695804	     93.97255721	      0.00000000	      0.00000000	      0.00000000	      0.00000000	    -15.84066933	      7.55702528	    -27.81468469	     -3.91640762	      5.24751260	     -4.98473282	      0.00000000	     17.33408844	     24.98095987	      0.00000000	    -16.36670552	     -6.06955162	    -11.57614934	     -6.08479576	      5.69231645	     -4.80744219	      0.00000000	     22.10660318	     23.30456845	      0.00000000
      1.76666667	     66.34593269	      7.60803307	    184.99500935	     -0.01480495	     -0.63150742	     -0.57552679	    -21.16584016	      3.43324749	     -5.54004155	    -26.08536151	     -1.66852481	      2.21364786	      0.03145081	     -0.00469201	      0.01770546	      0.00000000	      0.00000000	      0.00000000	     -0.05413734	     -0.02325356	     -0.00745035	      0.00000000	      0.00000000	      0.00000000	     -0.02394032	     -0.00518161	      0.02452433	    308.24470676	     22.42902817	     -9.48168376	     86.03490724	      0.00000000	      0.00000000	      0.00000000	      0.00000000	   -120.64441270	   -186.20841650	   -168.49229791	     95.23408731	      0.00000000	      0.00000000	      0.00000000	      0.00000000	    -15.70925643	      7.55748876	    -27.87301168	     -4.96522722	      5.80311532	     -4.98473282	      0.00000000	     17.72178940	     24.98095987	      0.00000000	    -16.87222632	     -6.61780580	    -11.00967876	     -5.93750375	      8.40938873	     -4.98473282	      0.00000000	     22.18524600	     24.98095987	      0.00000000
      1.80000000	     66.49705411	      7.59676795	    184.47903916	     -0.01512880	     -0.63328529	     -0.57435735	    -21.42503998	      3.54291194	     -4.89202549	    -27.06368901	     -0.47726053	      1.45040144	      0.02994540	     -0.00130177	      0.01501568	      0.00000000	      0.00000000	      0.00000000	     -0.05024813	     -0.01476218	     -0.00832083	      0.00000000	      0.00000000	      0.00000000	     -0.02065414	     -0.00867341	      0.02563540	    309.07853711	     19.84397679	     -9.49450333	     88.72795101	      0.00000000	      0.00000000	      0.00000000	      0.00000000	   -119.09477485	   -182.31949836	   -168.54971610	     97.23239407	      0.00000000	      0.00000000	      0.00000000	      0.00000000	    -15.36239281	      7.13733256	    -26.98381011	     -6.25324341	      6.55507456	     -4.98473282	      0.00000000	     18.11594156	     24.77500343	      0.00000000	    -17.26056842	     -6.89007334	     -9.59790680	     -6.12048036	     11.36750797	     -4.98473282	      0.00000000	     22.10539614	     24.98095987	      0.00000000
      1.83333333	     66.89737693	      7.34710121	    183.86738339	     -0.01561208	     -0.63319561	     -0.57328673	    -21.44694840	      3.18142703	     -4.04834156	    -28.30444937	      1.59176148	      1.27948898	      0.02907245	      0.00157861	      0.01155749	      0.00000000	      0.00000000	      0.00000000	     -0.04432093	     -0.01267242	     -0.00901357	      0.00000000	      0.00000000	      0.00000000	     -0.01406063	     -0.00865020	      0.02449005	    310.00111383	     16.60558034	    -10.90500639	     92.40440788	      0.00000000	      0.00000000	      0.00000000	      0.00000000	   -119.19486926	   -178.96906906	   -168.78743346	     99.10601943	      0.00000000	      0.00000000	      0.00000000	      0.00000000	    -14.77971630	      6.45959474	    -26.02978566	     -6.95333392	      6.76455336	     -4.98473282	      0.00000000	     17.89319685	     24.79942342	      0.00000000	    -17.31188263	     -6.73081022	     -8.43137148	     -6.20276466	     13.29819007	     -4.98473282	      0.00000000	     20.79856863	     24.60823010	      0.00000000
      1.86666667	     67.89937920	      6.96142614	    183.25389846	     -0.01591219	     -0.63153969	     -0.57264176	    -20.79441054	      2.51194205	     -3.29433704	    -29.66927236	      3.92869315	      1.08166269	      0.02842316	      0.00456793	      0.00703848	      0.00000000	      0.00000000	      0.00000000	     -0.03898737	     -0.01491991	     -0.00878302	      0.00000000	      0.00000000	      0.00000000	     -0.00961013	     -0.00725930	      0.02278702	    310.58780165	     14.40952382	    -12.61872804	     95.14780747	      0.00000000	      0.00000000	      0.00000000	      0.00000000	   -120.58334258	   -178.15392048	   -168.53528817	    100.11756461	      0.00000000	      0.00000000	      0.00000000	      0.00000000	    -13.53817130	      5.84692150	    -24.69670461	     -6.92968980	      4.90932301	     -4.98473282	      0.00000000	     17.07911022	     24.82762417	      0.00000000	    -16.37419106	     -6.11818521	     -6.78515745	     -6.60909333	     14.89690267	     -4.98473282	      0.00000000	     18.68854572	     19.45362641	      0.00000000
      1.90000000	     69.64715158	      6.66419840	    182.96973922	     -0.01561518	     -0.62911425	     -0.57195596	    -19.14637506	      2.07572613	     -3.03972456	    -30.52055658	      4.86016230	      1.95402652	      0.02911725	      0.00594208	      0.00657415	      0.00000000	      0.00000000	      0.00000000	     -0.03664342	     -0.01737977	     -0.00909942	      0.00000000	      0.00000000	      0.00000000	     -0.00774803	     -0.00581548	      0.02140717	    310.09627995	     14.00970145	    -13.26960184	     95.48603920	      0.00000000	      0.00000000	      0.00000000	      0.00000000	   -122.35258934	   -179.36659876	   -168.03279043	    100.63957090	      0.00000000	      0.00000000	      0.00000000	      0.00000000	    -11.61917513	      5.58487001	    -22.99771915	     -6.46877618	      2.08028532	     -4.98473282	      0.00000000	     16.16381025	     24.26457509	      0.00000000	    -14.23240877	     -5.47128622	     -4.68150320	     -7.07248735	     14.89690267	     -4.98473282	      0.00000000	     17.56208252	     13.50075995	      0.00000000
      1.93333333	     72.06241186	      6.81022879	    182.78784650	     -0.01432920	     -0.62647045	     -0.57154222	    -16.44907520	      2.27240839	     -2.99407652	    -30.73137309	      4.73378315	      2.44836689	      0.03172691	      0.00577919	      0.00673048	      0.00000000	      0.00000000	      0.00000000	     -0.03642307	     -0.01449355	     -0.00840130	      0.00000000	      0.00000000	      0.00000000	     -0.00742163	     -0.00496765	      0.02095348	    309.24327058	     14.66153225	    -11.74004995	     94.15415156	      0.00000000	      0.00000000	      0.00000000	      0.00000000	   -123.06925264	   -181.04485649	   -168.47277538	    100.55792719	      0.00000000	      0.00000000	      0.00000000	      0.00000000	     -8.98417621	      5.86642986	    -21.88084154	     -6.27805165	     -0.17272769	     -4.98473282	      0.00000000	     15.92750647	     23.32739077	      0.00000000	    -11.02666539	     -5.52272103	     -5.78275362	     -7.60826967	     14.89690267	     -4.98473282	      0.00000000	     19.40904878	     13.38526816	      0.00000000
      1.96666667	     75.45744412	      7.09810978	    182.04866736	     -0.01184275	     -0.62201771	     -0.57107181	    -12.61445350	      2.63015286	     -2.39830053	    -30.39982914	      4.06811161	      1.93221574	      0.03451214	      0.00409880	      0.00763421	      0.00000000	      0.00000000	      0.00000000	     -0.03581097	     -0.00770851	     -0.00809383	      0.00000000	      0.00000000	      0.00000000	     -0.00477434	     -0.00242624	      0.02162477	    308.18173097	     14.91090476	     -9.14871626	     92.68997933	      0.00000000	      0.00000000	      0.00000000	      0.00000000	   -123.31239910	   -182.01931055	   -169.63908033	    100.24311944	      0.00000000	      0.00000000	      0.00000000	      0.00000000	     -4.91972021	      6.08484959	    -20.66947256	     -7.02407606	     -0.74551082	     -4.98473282	      0.00000000	     17.13814010	     22.31764030	      0.00000000	     -6.51681617	     -5.66841925	     -7.12685265	     -8.30981474	     11.70643818	     -4.98473282	      0.00000000	     22.26544154	     19.96230702	      0.00000000
      2.00000000	     77.43332541	      7.61441914	    181.66436597	     -0.00870016	     -0.61688530	     -0.57021817	    -10.23047850	      3.51466293	     -1.83559160	    -29.56670019	      3.13003151	      0.57753773	      0.03719551	      0.00223583	      0.00872233	      0.00000000	      0.00000000	      0.00000000	     -0.03768031	     -0.00170883	     -0.00851354	      0.00000000	      0.00000000	      0.00000000	     -0.00190528	      0.00111226	      0.02473238	    306.35496102	     15.76340566	     -6.80073449	     90.66162783	      0.00000000	      0.00000000	      0.00000000	      0.00000000	   -123.17251350	   -183.05265819	   -171.09458499	     98.49436502	      0.00000000	      0.00000000	      0.00000000	      0.00000000	     -2.27708834	      6.54559685	    -20.81898343	     -7.60038841	     -0.12691393	     -4.98473282	      0.00000000	     18.19750446	     22.52137039	      0.00000000	     -3.57855655	     -6.16571706	     -6.82222126	     -8.99728827	     10.34991017	     -4.98473282	      0.00000000	     23.39320378	     24.98095987	      0.00000000
      2.03333333	    116.47616650	      4.74089685	    175.17671045	      0.00609811	     -0.58271028	     -0.56692267	     33.72103758	      2.86467513	      0.23927079	    -33.05840809	      2.03618346	     -1.59474250	      0.05303209	      0.00111692	      0.00837681	      0.00000000	      0.00000000	      0.00000000	     -0.03289570	      0.00575785	     -0.01134602	      0.00000000	      0.00000000	      0.00000000	      0.00684086	      0.00756410	      0.02920541	    304.91792831	     14.60934122	     -1.61909332	     88.39514763	      0.00000000	      0.00000000	      0.00000000	      0.00000000	   -124.03217943	   -181.86986660	   -175.86802396	     95.44661228	      0.00000000	      0.00000000	      0.00000000	      0.00000000	     47.56672000	      5.08713595	     -9.95095035	    -20.17609854	     -8.61313721	     -4.98473282	      0.00000000	     19.72447047	     22.28867895	      0.00000000	     44.81081658	     -4.33387389	      0.59940509	    -20.13516411	      4.73478822	     -4.83660767	      0.00000000	     22.82599454	     24.98095987	      0.00000000
      2.06666667	    115.17623150	      5.10189448	    175.20078756	      0.00993985	     -0.57348799	     -0.56593338	     31.99611593	      3.50606107	      0.41844297	    -31.35444786	      0.87082216	     -3.22303420	      0.05197335	     -0.00445606	      0.01009898	      0.00000000	      0.00000000	      0.00000000	     -0.03819196	     -0.00068205	     -0.01373151	      0.00000000	      0.00000000	      0.00000000	      0.00626899	      0.00637467	      0.03218594	    302.27666805	     17.34966253	     -2.42625956	     85.34010756	      0.00000000	      0.00000000	      0.00000000	      0.00000000	   -124.42753745	   -185.20261358	   -175.60468106	     91.65935135	      0.00000000	      0.00000000	      0.00000000	      0.00000000	     46.84890778	      5.33610558	    -10.55571153	    -19.76747895	     -9.12278758	     -4.98473282	      0.00000000	     20.07952765	     23.51223347	      0.00000000	     44.39314356	     -4.40870782	      0.67343009	    -20.78508662	      5.05240439	     -4.98473282	      0.00000000	     23.14618724	     24.98095987	      0.00000000
      2.10000000	    111.48707225	      5.24535368	    175.73988149	      0.01344294	     -0.56153506	     -0.56542612	     27.08827386	      3.28870266	      0.42086632	    -28.84547813	      0.48343407	     -4.35613500	      0.04858004	     -0.01356735	      0.01066825	      0.00000000	      0.00000000	      0.00000000	     -0.04114453	     -0.01252461	     -0.01514302	      0.00000000	      0.00000000	      0.00000000	      0.00177474	     -0.00030897	      0.03189752	    300.25962794	     20.34415629	     -4.58235381	     82.50729600	      0.00000000	      0.00000000	      0.00000000	      0.00000000	   -123.99195278	   -189.93130227	   -174.29677512	     88.38183599	      0.00000000	      0.00000000	      0.00000000	      0.00000000	     43.77709844	      5.35148337	     -9.41336762	    -19.52006251	    -10.16304663	     -4.98473282	      0.00000000	     21.30573198	     23.01130691	      0.00000000	     41.26757223	     -3.75418643	      0.42217761	    -20.41770821	      2.01439034	     -4.98473282	      0.00000000	     24.86280016	     23.51408850	      0.00000000
      2.13333333	    104.69665810	      5.57986183	    176.74079892	      0.01580977	     -0.54926679	     -0.56514936	     18.48721547	      2.97906370	      0.04381468	    -26.27005383	     -0.01662835	     -4.23716451	      0.04357777	     -0.02347213	      0.01058900	      0.00000000	      0.00000000	      0.00000000	     -0.04118678	     -0.02130092	     -0.01524433	      0.00000000	      0.00000000	      0.00000000	     -0.00556928	     -0.01038769	      0.02654078	    299.59046064	     23.62548784	     -6.91187872	     79.58191724	      0.00000000	      0.00000000	      0.00000000	      0.00000000	   -123.02034584	   -195.50546519	   -172.09074211	     85.52165105	      0.00000000	      0.00000000	      0.00000000	      0.00000000	     36.80428935	      5.27414406	     -8.74981311	    -18.25973715	     -9.86175598	     -4.98473282	      0.00000000	     22.88650864	     22.01914759	      0.00000000	     34.38481751	     -3.13937933	     -1.92083524	    -18.76848323	      0.16593667	     -4.98473282	      0.00000000	     26.51411861	     18.81264362	      0.00000000
      2.16666667	    103.57676997	      5.16962127	    177.14427636	      0.02076341	     -0.53352057	     -0.56492134	     16.53699679	      2.16699733	     -0.30581185	    -24.91571958	     -0.14197437	     -3.34174343	      0.04098638	     -0.02955991	      0.01012581	      0.00000000	      0.00000000	      0.00000000	     -0.03936823	     -0.02287096	     -0.01253342	      0.00000000	      0.00000000	      0.00000000	     -0.01027056	     -0.01743733	      0.02086005	    300.38671321	     26.58342449	     -7.95136350	     76.81218304	      0.00000000	      0.00000000	      0.00000000	      0.00000000	   -121.33317637	   -199.65005768	   -170.90510873	     83.06281174	      0.00000000	      0.00000000	      0.00000000	      0.00000000	     36.70004933	      4.87973528	     -7.45800017	    -18.25305468	     -9.84106553	     -4.98473282	      0.00000000	     23.86459885	     21.86599807	      0.00000000	     34.02799155	     -2.08856261	     -2.21597512	    -17.52815956	     -3.71804889	     -4.98473282	      0.00000000	     26.49726187	     15.77917657	      0.00000000
      2.20000000	    100.24103731	      4.91793195	    177.32054705	      0.02587870	     -0.51975070	     -0.56524501	     12.18409418	      1.48494359	     -0.33539201	    -23.85637500	     -0.15988505	     -1.88497573	      0.03673581	     -0.03278035	      0.00934382	      0.00000000	      0.00000000	      0.00000000	     -0.03644320	     -0.02383196	     -0.00949376	      0.00000000	      0.00000000	      0.00000000	     -0.01096377	     -0.02075736	      0.01824970	    300.74083804	     29.44024582	     -8.93769071	     74.64450305	      0.00000000	      0.00000000	      0.00000000	      0.00000000	   -119.64534424	   -201.71309152	   -169.79936514	     80.69406193	      0.00000000	      0.00000000	      0.00000000	      0.00000000	     33.93441828	      4.87297103	     -5.93148408	    -17.62266141	    -11.65858425	     -4.98473282	      0.00000000	     23.55591879	     24.48985840	      0.00000000	     30.81209297	     -1.68419284	     -1.27088152	    -15.99282809	     -5.11890921	     -4.72886882	      0.00000000	     25.38127456	     12.96863375	      0.00000000
      2.23333333	     99.22369921	      4.89757251	    176.87979807	      0.03232288	     -0.50855461	     -0.56593423	     11.26118791	      1.34027472	      0.62594167	    -24.32921413	     -0.04785964	     -1.43869785	      0.03364309	     -0.03232947	      0.00847246	      0.00000000	      0.00000000	      0.00000000	     -0.03544660	     -0.02271978	     -0.00513278	      0.00000000	      0.00000000	      0.00000000	     -0.00290042	     -0.01654799	      0.01968075	    301.31376212	     31.72718375	     -9.04934070	     71.90152308	      0.00000000	      0.00000000	      0.00000000	      0.00000000	   -119.05146169	   -201.66389970	   -170.94561965	     78.25708188	      0.00000000	      0.00000000	      0.00000000	      0.00000000	     33.39300524	      5.24100920	     -6.77081903	    -16.90743101	    -11.18445402	     -4.98473282	      0.00000000	     22.52714617	     24.98095987	      0.00000000	     30.10569661	     -2.05306950	     -1.34135316	    -15.39924107	     -1.79359538	     -4.98473282	      0.00000000	     24.60333935	     10.72210168	      0.00000000
      2.26666667	     99.68381170	      4.38283325	    175.79881455	      0.03948282	     -0.49802659	     -0.56480484	     12.32988867	      1.35223039	      2.52981095	    -25.77452652	      0.06989919	     -1.48833718	      0.02937685	     -0.02901687	      0.00615060	      0.00000000	      0.00000000	      0.00000000	     -0.03206595	     -0.02140115	     -0.00303732	      0.00000000	      0.00000000	      0.00000000	      0.01159887	     -0.00821149	      0.02460313	    301.59099972	     33.19667422	     -9.47928572	     69.58534762	      0.00000000	      0.00000000	      0.00000000	      0.00000000	   -118.79222744	   -200.36198871	   -173.37550423	     75.91848776	      0.00000000	      0.00000000	      0.00000000	      0.00000000	     34.72554126	      5.40852626	     -7.02290565	    -16.76854007	    -11.24741488	     -4.98473282	      0.00000000	     21.35567471	     24.98095987	      0.00000000	     31.00732786	     -2.02506593	     -0.75633229	    -15.29755082	      3.17759934	     -4.98473282	      0.00000000	     23.13154148	      4.79428632	      0.00000000
      2.30000000	    103.41432056	      3.38599752	    173.89219593	      0.04752496	     -0.48606108	     -0.56247963	     17.34643262	      1.64876693	      5.20277362	    -27.64095879	      0.66659985	     -2.32385143	      0.02636072	     -0.02487488	      0.00295163	      0.00000000	      0.00000000	      0.00000000	     -0.02575507	     -0.01843838	     -0.00134986	      0.00000000	      0.00000000	      0.00000000	      0.02688693	     -0.00032103	      0.03047629	    302.30467936	     33.73439053	     -9.64256321	     67.65700002	      0.00000000	      0.00000000	      0.00000000	      0.00000000	   -118.29768662	   -199.89305517	   -176.27967382	     73.16608667	      0.00000000	      0.00000000	      0.00000000	      0.00000000	     40.20772489	      5.57773764	     -7.28441437	    -17.67165394	    -10.54302672	     -4.98473282	      0.00000000	     20.01594877	     24.98095987	      0.00000000	     35.95597260	     -1.96471027	     -0.61235437	    -16.18437171	      7.20914482	     -4.98473282	      0.00000000	     21.44485695	     -1.52942886	      0.00000000
      2.33333333	    105.08832183	      2.76171413	    172.87746598	      0.05455560	     -0.47415468	     -0.55910269	     19.85534479	      2.29993477	      7.16011924	    -29.43151821	      0.72705200	     -3.06003239	      0.02173668	     -0.02043551	      0.00151414	      0.00000000	      0.00000000	      0.00000000	     -0.02423195	     -0.01845900	     -0.00031942	      0.00000000	      0.00000000	      0.00000000	      0.03286602	      0.00007445	      0.03009783	    301.77815002	     35.20814582	    -10.94199645	     64.18975768	      0.00000000	      0.00000000	      0.00000000	      0.00000000	   -117.52948735	   -203.00932533	   -178.05868785	     68.90577353	      0.00000000	      0.00000000	      0.00000000	      0.00000000	     43.10013074	      5.47734165	     -8.15105162	    -17.80224522	     -9.32418930	     -4.98473282	      0.00000000	     19.89422397	     24.98095987	      0.00000000	     38.85052032	     -1.48554304	      0.95320752	    -16.70634944	      5.84353072	     -4.98473282	      0.00000000	     20.52377135	     -2.12113840	      0.00000000
      2.36666667	    107.96141045	      2.10703051	    172.18770553	      0.06228861	     -0.45944169	     -0.55508513	     23.45904600	      3.08933082	      8.22437037	    -30.77741869	      1.16594282	     -3.95314091	      0.01847685	     -0.01627579	     -0.00222066	      0.00000000	      0.00000000	      0.00000000	     -0.02321221	     -0.01921120	     -0.00153595	      0.00000000	      0.00000000	      0.00000000	      0.02979074	     -0.00834006	      0.02305885	    300.63944786	     37.14760442	    -12.80449272	     60.21406487	      0.00000000	      0.00000000	      0.00000000	      0.00000000	   -116.19316211	   -208.48730529	   -178.58820350	     63.19873021	      0.00000000	      0.00000000	      0.00000000	      0.00000000	     47.52580998	      5.11464428	     -9.81041971	    -18.18748248	     -7.07877248	     -4.98473282	      0.00000000	     18.56721100	     24.98095987	      0.00000000	     43.54708927	     -0.82496696	      3.33262119	    -17.89076581	      3.16123378	     -4.98473282	      0.00000000	     19.68158892	     -2.10369347	      0.00000000
      2.40000000	    111.56119959	      1.44260824	    171.66210394	      0.07144263	     -0.44369957	     -0.55164595	     27.95360592	      3.94661131	      8.63407851	    -31.82377346	      1.47015855	     -3.98320801	      0.01864973	     -0.01180437	     -0.00571604	      0.00000000	      0.00000000	      0.00000000	     -0.02135614	     -0.02021433	     -0.00252602	      0.00000000	      0.00000000	      0.00000000	      0.02430406	     -0.01838494	      0.01078270	    299.38413062	     39.91458228	    -14.20079367	     55.74646443	      0.00000000	      0.00000000	      0.00000000	      0.00000000	   -114.50045168	   -214.63987980	   -179.66222800	     56.42010213	      0.00000000	      0.00000000	      0.00000000	      0.00000000	     52.82721357	      4.88950676	    -11.34775572	    -18.78460414	     -5.75020374	     -4.98473282	      0.00000000	     17.22242715	     24.98095987	      0.00000000	     49.14556598	     -0.15037624	      7.16820468	    -19.31046096	     -1.83592297	     -4.98473282	      0.00000000	     19.30883244	     -0.04010655	      0.00000000
      2.43333333	    111.68609358	      0.97019805	    171.92961026	      0.08067267	     -0.42847204	     -0.55064511	     28.16155689	      3.73948085	      8.26454271	    -31.90256863	      1.35374797	     -3.08675303	      0.01758691	     -0.00895642	     -0.00703595	      0.00000000	      0.00000000	      0.00000000	     -0.01735383	     -0.02636335	     -0.00419384	      0.00000000	      0.00000000	      0.00000000	      0.01867245	     -0.02694922	      0.00240922	    297.27610335	     43.58806899	    -16.62559946	     51.02797771	      0.00000000	      0.00000000	      0.00000000	      0.00000000	   -110.65971480	   -220.44922240	   -180.29629205	     48.18558717	      0.00000000	      0.00000000	      0.00000000	      0.00000000	     54.20160734	      4.36489227	    -12.15794506	    -19.11211073	     -6.52603216	     -4.98473282	      0.00000000	     17.02133688	     24.98095987	      0.00000000	     50.62935508	      0.70550959	      9.31506422	    -20.06373277	     -4.28678442	     -4.98473282	      0.00000000	     19.16621872	      0.14177629	      0.00000000
      2.46666667	    111.10875915	      0.88555751	    172.86000535	      0.09019395	     -0.41403420	     -0.55177500	     27.50461634	      3.15020871	      7.05532448	    -31.97323092	      0.98116181	     -1.61726304	      0.01655613	     -0.00562689	     -0.00665546	      0.00000000	      0.00000000	      0.00000000	     -0.00892089	     -0.02967463	     -0.00337878	      0.00000000	      0.00000000	      0.00000000	      0.01610909	     -0.02877082	      0.00028878	    296.99538757	     47.26732674	    -19.23747784	     47.33529236	      0.00000000	      0.00000000	      0.00000000	      0.00000000	   -105.69914973	   -225.21793994	   -182.02705151	     38.84387053	      0.00000000	      0.00000000	      0.00000000	      0.00000000	     54.60928547	      3.73051525	    -12.94684386	    -19.49327001	     -8.62246505	     -4.98473282	      0.00000000	     17.66253295	     24.98095987	      0.00000000	     51.35398254	      1.68672248	     11.93649625	    -21.09791136	     -6.80909722	     -4.98473282	      0.00000000	     19.45134404	      0.41629488	      0.00000000
      2.50000000	    109.26282481	      1.14787788	    174.07109545	      0.09818984	     -0.40133978	     -0.55459430	     25.36935190	      2.45674029	      5.52360552	    -32.19526744	      0.21331927	      0.47720453	      0.01491915	     -0.00298134	     -0.00429259	      0.00000000	      0.00000000	      0.00000000	     -0.00007420	     -0.02960438	      0.00015018	      0.00000000	      0.00000000	      0.00000000	      0.01260414	     -0.02789001	     -0.00249942	    298.54202186	     51.09024091	    -21.56948088	     44.33882969	      0.00000000	      0.00000000	      0.00000000	      0.00000000	   -100.76364013	   -230.88187038	   -185.12005173	     27.07325158	      0.00000000	      0.00000000	      0.00000000	      0.00000000	     53.40881437	      3.13980226	    -13.69314422	    -19.82658521	    -11.56704409	     -4.98473282	      0.00000000	     18.63387599	     24.98095987	      0.00000000	     50.58584487	      2.45599205	     13.78970311	    -22.15863478	     -7.86088862	     -4.98473282	      0.00000000	     20.29833454	      1.44507638	      0.00000000
      2.53333333	    105.71533649	      1.83477435	    175.37934651	      0.10380410	     -0.39056764	     -0.55872869	     21.07822018	      1.83751751	      4.22840147	    -31.77053575	     -0.78568341	      2.31482752	      0.01180197	     -0.00292362	      0.00081641	      0.00000000	      0.00000000	      0.00000000	      0.00544066	     -0.02887582	      0.00047183	      0.00000000	      0.00000000	      0.00000000	      0.00831520	     -0.02789905	     -0.00990425	    298.71617150	     53.77474164	    -23.56426385	     41.80902870	      0.00000000	      0.00000000	      0.00000000	      0.00000000	    -95.97780899	   -238.83544131	   -191.18208932	     12.15869136	      0.00000000	      0.00000000	      0.00000000	      0.00000000	     49.87213923	      2.96131566	    -13.57100246	    -19.55176212	    -12.94783605	     -4.98473282	      0.00000000	     19.31663263	     22.89620292	      0.00000000	     47.84069521	      2.75165753	     14.27946691	    -22.72478902	     -7.82385890	     -4.98473282	      0.00000000	     21.93114297	      3.83875675	      0.00000000
      2.56666667	    101.66549038	      2.67188393	    176.51016716	      0.10658142	     -0.38247208	     -0.56290734	     16.41499777	      1.43196311	      3.05477441	    -31.08410120	     -0.12607598	      2.96555652	      0.00983637	     -0.00544538	      0.00149477	      0.00000000	      0.00000000	      0.00000000	      0.00567884	     -0.02844327	      0.00012336	      0.00000000	      0.00000000	      0.00000000	      0.00966702	     -0.02650401	     -0.01596199	    297.40665479	     56.82645991	    -24.32729091	     36.91815724	      0.00000000	      0.00000000	      0.00000000	      0.00000000	    -94.90073435	   -245.21572516	   -198.76585915	      0.00000000	      0.00000000	      0.00000000	      0.00000000	      0.00000000	     45.33320152	      3.09159488	    -13.85826264	    -18.53907868	    -12.12080307	     -4.98473282	      0.00000000	     18.92102329	     20.23491194	      0.00000000	     43.99184012	      2.59693057	     14.20045320	    -21.92252796	     -7.68099916	     -4.98473282	      0.00000000	     23.22742627	      6.26643718	      0.00000000
      2.60000000	    100.33232071	      3.76535356	    177.39679457	      0.10912034	     -0.37554896	     -0.56546127	     14.98145748	      1.91842280	      2.11177805	    -30.46252466	     -0.49209157	      3.81584855	      0.00924329	     -0.00773492	      0.00492578	      0.00000000	      0.00000000	      0.00000000	      0.00287565	     -0.02637788	     -0.00280166	      0.00000000	      0.00000000	      0.00000000	      0.01608422	     -0.02356009	     -0.01050953	    294.94179393	     59.53239374	    -25.01083248	     30.69196116	      0.00000000	      0.00000000	      0.00000000	      0.00000000	    -96.44427108	   -245.71244757	   -189.69661329	      0.00000000	      0.00000000	      0.00000000	      0.00000000	      0.00000000	     43.79944940	      3.63440900	    -13.85222782	    -17.49382211	    -12.32944913	     -4.98473282	      0.00000000	     17.97704311	     19.92836141	      0.00000000	     43.14073571	      2.11828103	     14.38303769	    -21.30602484	     -6.49138552	     -4.98473282	      0.00000000	     23.90470500	      6.22422049	      0.00000000
      2.63333333	     98.32479889	      4.60404761	    178.24400440	      0.11054256	     -0.37063582	     -0.56608901	     12.64637143	      2.33861169	      1.35999987	    -27.83197490	      0.54194583	      2.95735160	      0.00950310	     -0.01454150	      0.00253010	      0.00000000	      0.00000000	      0.00000000	      0.00023407	     -0.02794878	     -0.00786879	      0.00000000	      0.00000000	      0.00000000	      0.01745974	     -0.02588066	     -0.00559656	    289.73262781	     62.35026741	    -27.85961261	     23.02881612	      0.00000000	      0.00000000	      0.00000000	      0.00000000	    -95.90607642	   -246.18682586	   -178.37573705	      0.00000000	      0.00000000	      0.00000000	      0.00000000	      0.00000000	     41.41704090	      3.75793048	    -15.75134174	    -16.31943356	    -11.32455849	     -4.98473282	      0.00000000	     17.89954452	     20.73760435	      0.00000000	     41.23665157	      2.12914507	     16.17067090	    -20.60057744	     -5.55818838	     -4.98473282	      0.00000000	     23.16668809	      2.50601591	      0.00000000
      2.66666667	     97.43380319	      5.07988435	    178.76652006	      0.11193222	     -0.36718919	     -0.56534528	     11.65339929	      2.67791248	      1.01701189	    -25.12956174	      0.66864839	      2.38590833	      0.01087492	     -0.02077117	      0.00290876	      0.00000000	      0.00000000	      0.00000000	      0.00142212	     -0.03111285	     -0.01403833	      0.00000000	      0.00000000	      0.00000000	      0.01625493	     -0.03211811	     -0.00152608	    284.20685470	     64.03388644	    -30.50589130	     16.43845201	      0.00000000	      0.00000000	      0.00000000	      0.00000000	    -93.91833352	   -246.27588627	   -173.88689608	      0.00000000	      0.00000000	      0.00000000	      0.00000000	      0.00000000	     40.27596403	      3.68346545	    -19.01449309	    -15.52973426	     -9.66629783	     -4.98473282	      0.00000000	     18.02675649	     20.27931734	      0.00000000	     40.55502010	      2.36361333	     18.84259421	    -20.89448596	     -3.40993502	     -4.98473282	      0.00000000	     21.46930601	     -2.87551131	      0.00000000
      2.70000000	     97.29678096	      5.22592943	    179.24733372	      0.11339752	     -0.36511842	     -0.56339062	     11.62624686	      2.90485250	      0.83093750	    -23.31220963	      0.79673806	      1.43708472	      0.01214335	     -0.02431599	      0.00182971	      0.00000000	      0.00000000	      0.00000000	      0.00374136	     -0.03795404	     -0.01732776	      0.00000000	      0.00000000	      0.00000000	      0.01607133	     -0.03791119	      0.00216116	    277.26373151	     65.39261568	    -28.99995969	      9.55407084	      0.00000000	      0.00000000	      0.00000000	      0.00000000	    -93.23137260	   -245.24862170	   -173.07760909	      2.50589047	      0.00000000	      0.00000000	      0.00000000	      0.00000000	     40.04447558	      3.19097575	    -22.60455354	    -15.42941957	     -7.29211083	     -4.98473282	      0.00000000	     18.13985165	     17.74505065	      0.00000000	     40.64085747	      3.06909372	     21.75240846	    -21.78109204	     -0.41487975	     -4.98473282	      0.00000000	     19.03550898	     -9.59329997	      0.00000000
      2.73333333	     98.20333776	      5.19344565	    179.55538882	      0.11486586	     -0.36373817	     -0.56133565	     12.82649440	      3.01903332	      0.69868888	    -22.26891374	      0.01676724	      1.01543947	      0.01373762	     -0.02614638	      0.00327341	      0.00000000	      0.00000000	      0.00000000	      0.00496858	     -0.04258959	     -0.01581381	      0.00000000	      0.00000000	      0.00000000	      0.01709902	     -0.04068132	      0.00439666	    272.57760840	     66.94281328	    -21.47127049	      3.50581535	      0.00000000	      0.00000000	      0.00000000	      0.00000000	    -94.35909604	   -244.20010036	   -172.22997869	      5.43812289	      0.00000000	      0.00000000	      0.00000000	      0.00000000	     41.00686583	      2.57263324	    -24.41161366	    -15.73625793	     -4.18566713	     -4.98473282	      0.00000000	     17.66340246	     13.50056503	      0.00000000	     41.89336522	      3.79181389	     23.36216292	    -22.75879247	      2.43629409	     -4.98473282	      0.00000000	     16.68726950	    -15.00715769	      0.00000000
      2.76666667	     98.38029881	      5.05248160	    179.94681005	      0.11572252	     -0.36373186	     -0.56015792	     13.20951751	      2.82494482	      0.40018825	    -22.41225958	     -1.03062502	      0.35463279	      0.01315928	     -0.02510407	      0.00442276	      0.00000000	      0.00000000	      0.00000000	      0.00554961	     -0.04153805	     -0.01500358	      0.00000000	      0.00000000	      0.00000000	      0.01723109	     -0.04101219	      0.00390721	    273.32527094	     67.26970665	    -20.74084564	      2.97135343	      0.00000000	      0.00000000	      0.00000000	      0.00000000	    -94.83268828	   -244.59195412	   -172.32216640	      5.05194659	      0.00000000	      0.00000000	      0.00000000	      0.00000000	     41.32577565	      1.89269717	    -23.89276311	    -16.14268393	     -3.74808661	     -4.98473282	      0.00000000	     18.07960660	     13.24421435	      0.00000000	     42.15538544	      4.24319772	     23.49847855	    -22.93873516	      2.88748197	     -4.98473282	      0.00000000	     17.55704534	    -14.88901016	      0.00000000
      2.80000000	    100.94340423	      4.76875996	    179.51903752	      0.11711521	     -0.36396114	     -0.55952894	     16.56587098	      2.59773132	      0.62872113	    -23.97006875	     -2.04952697	      0.92010727	      0.01416105	     -0.02154951	      0.00687103	      0.00000000	      0.00000000	      0.00000000	      0.00837847	     -0.03556708	     -0.02033929	      0.00000000	      0.00000000	      0.00000000	      0.01803968	     -0.04051798	      0.00290384	    279.04521187	     65.05356366	    -22.91533125	      7.97127884	      0.00000000	      0.00000000	      0.00000000	      0.00000000	    -95.33396471	   -245.45686767	   -177.22765893	      2.57566730	      0.00000000	      0.00000000	      0.00000000	      0.00000000	     44.56361772	      1.45378491	    -22.07872832	    -17.04484312	     -3.65824912	     -4.98473282	      0.00000000	     18.74478851	     15.10869766	      0.00000000	     44.95480059	      4.32032824	     23.07776470	    -22.99818018	     -0.04901944	     -4.98473282	      0.00000000	     20.47234600	     -9.96797567	      0.00000000
      2.83333333	    100.78735431	      4.87394463	    179.50408497	      0.11687673	     -0.36550650	     -0.56034630	     16.64596834	      2.51500707	      0.72821709	    -25.11747138	     -2.31346096	      0.77016421	      0.01366442	     -0.01886919	      0.00689877	      0.00000000	      0.00000000	      0.00000000	      0.01132816	     -0.02808909	     -0.02286145	      0.00000000	      0.00000000	      0.00000000	      0.01914084	     -0.04037014	      0.00354335	    287.11372405	     62.84080489	    -31.31993851	     15.34789418	      0.00000000	      0.00000000	      0.00000000	      0.00000000	    -94.54752134	   -245.61260258	   -180.27578488	      1.98814508	      0.00000000	      0.00000000	      0.00000000	      0.00000000	     44.50979664	      1.53342352	    -20.40428492	    -17.13302772	     -4.65268887	     -4.98473282	      0.00000000	     20.34659170	     18.50445504	      0.00000000	     44.65766551	      3.98877383	     22.63779868	    -22.72492367	     -1.81599482	     -4.98473282	      0.00000000	     22.45787295	     -6.89278824	      0.00000000
      2.86666667	    100.61767935	      5.15996596	    179.41968663	      0.11556806	     -0.36776410	     -0.56167822	     16.73590959	      2.58890789	      0.70266518	    -26.17574508	     -2.50255509	      1.20249959	      0.01309580	     -0.01698657	      0.00755020	      0.00000000	      0.00000000	      0.00000000	      0.01520661	     -0.02364551	     -0.02074542	      0.00000000	      0.00000000	      0.00000000	      0.01936971	     -0.04256704	      0.00399829	    294.65301417	     61.40116164	    -34.76054149	     21.68365947	      0.00000000	      0.00000000	      0.00000000	      0.00000000	    -94.08231618	   -244.99200172	   -180.59620432	      3.45732624	      0.00000000	      0.00000000	      0.00000000	      0.00000000	     44.18145727	      2.00662923	    -19.79587739	    -16.86068552	     -5.67609837	     -4.98473282	      0.00000000	     20.79460284	     19.86921265	      0.00000000	     44.20422007	      3.40520534	     22.00221957	    -22.21062745	     -2.37602237	     -4.98473282	      0.00000000	     22.95591088	     -5.28817760	      0.00000000
      2.90000000	    100.51402703	      5.55443970	    179.25198911	      0.11372640	     -0.37046002	     -0.56353178	     16.89228870	      2.67496020	      0.84484100	    -26.35586006	     -2.05231476	      1.80790194	      0.01384941	     -0.01723691	      0.00828067	      0.00000000	      0.00000000	      0.00000000	      0.01840341	     -0.02262106	     -0.01755620	      0.00000000	      0.00000000	      0.00000000	      0.02026440	     -0.04407075	      0.00567902	    299.78822483	     60.02692369	    -34.75696264	     25.93981423	      0.00000000	      0.00000000	      0.00000000	      0.00000000	    -95.10754825	   -243.80334366	   -178.80349235	      6.59069238	      0.00000000	      0.00000000	      0.00000000	      0.00000000	     43.84587659	      2.87679370	    -19.10079526	    -16.64056478	     -7.32788248	     -4.98473282	      0.00000000	     19.99676248	     18.80496884	      0.00000000	     43.73683289	      2.73792519	     21.65776901	    -21.64800742	     -2.29217021	     -4.98473282	      0.00000000	     22.53886956	     -4.98770762	      0.00000000
      2.93333333	    100.52645599	      5.89366331	    179.12914521	      0.11163423	     -0.37367000	     -0.56457606	     17.15982116	      2.84757086	      1.23103617	    -26.24857059	     -1.71183909	      2.39922937	      0.01468017	     -0.01808356	      0.00931691	      0.00000000	      0.00000000	      0.00000000	      0.01714790	     -0.02423459	     -0.01704328	      0.00000000	      0.00000000	      0.00000000	      0.02231158	     -0.04417914	      0.00724502	    300.37446793	     59.14975974	    -33.53958683	     26.21880878	      0.00000000	      0.00000000	      0.00000000	      0.00000000	    -97.64572236	   -242.99391552	   -176.82293227	      9.39250314	      0.00000000	      0.00000000	      0.00000000	      0.00000000	     43.37330456	      3.76991886	    -17.88811797	    -16.08093617	     -8.19952087	     -4.98473282	      0.00000000	     18.67575636	     16.14131911	      0.00000000	     43.39283951	      2.24719140	     21.31122589	    -21.34155927	     -1.34688391	     -4.98473282	      0.00000000	     22.00633447	     -6.37159983	      0.00000000
      2.96666667	    100.73299372	      5.97768247	    179.06164421	      0.10952371	     -0.37712349	     -0.56497010	     17.50990299	      2.75610229	      1.61366839	    -26.19440256	     -1.50186617	      2.51141017	      0.01415376	     -0.01788598	      0.01033535	      0.00000000	      0.00000000	      0.00000000	      0.01128751	     -0.02869831	     -0.01845923	      0.00000000	      0.00000000	      0.00000000	      0.02291455	     -0.04490755	      0.00783013	    297.10385364	     59.27616980	    -31.99347846	     23.14173558	      0.00000000	      0.00000000	      0.00000000	      0.00000000	    -98.53434613	   -243.85465924	   -176.69653191	      8.35705360	      0.00000000	      0.00000000	      0.00000000	      0.00000000	     43.06679130	      4.23767546	    -16.23795598	    -15.49974134	     -7.59588823	     -4.98473282	      0.00000000	     18.39052999	     14.58544996	      0.00000000	     43.22049955	      2.01200817	     20.80789352	    -21.08676052	     -0.63400416	     -4.98473282	      0.00000000	     21.62147105	     -7.68054502	      0.00000000
      3.00000000	    101.14487568	      5.97784800	    179.00657788	      0.10730059	     -0.38119712	     -0.56487939	     18.07583108	      2.58600439	      1.99948465	    -26.36631031	     -1.31958077	      2.16798812	      0.01368866	     -0.01708016	      0.01082807	      0.00000000	      0.00000000	      0.00000000	      0.00196869	     -0.03623759	     -0.01947964	      0.00000000	      0.00000000	      0.00000000	      0.02324951	     -0.04744283	      0.00688240	    290.54376534	     60.15515750	    -28.17165393	     17.33224386	      0.00000000	      0.00000000	      0.00000000	      0.00000000	    -97.75173685	   -245.94277595	   -177.58810860	      4.77720722	      0.00000000	      0.00000000	      0.00000000	      0.00000000	     43.06020322	      4.53318778	    -13.30793810	    -14.99937029	     -7.02792341	     -4.98473282	      0.00000000	     18.65787458	     13.95836230	      0.00000000	     43.28129989	      1.80190806	     19.79912769	    -20.80956075	     -0.64308294	     -4.98473282	      0.00000000	     21.71528512	     -7.59404357	      0.00000000
      3.03333333	    101.77113477	      6.03154496	    178.87556542	      0.10483050	     -0.38585833	     -0.56465091	     18.90607385	      2.49735607	      2.27686666	    -26.59247559	     -1.07531247	      1.59121630	      0.01403308	     -0.01591303	      0.01015616	      0.00000000	      0.00000000	      0.00000000	     -0.00715182	     -0.04133519	     -0.01696955	      0.00000000	      0.00000000	      0.00000000	      0.02283288	     -0.05116273	      0.00549828	    286.14330095	     60.96035757	    -23.05941606	     13.06153212	      0.00000000	      0.00000000	      0.00000000	      0.00000000	    -97.14799995	   -246.83439758	   -177.52892228	      3.67054649	      0.00000000	      0.00000000	      0.00000000	      0.00000000	     43.55532310	      4.73788662	    -10.36236819	    -15.10628776	     -7.67234190	     -4.98473282	      0.00000000	     19.08474827	     14.57830269	      0.00000000	     43.60346376	      1.44156769	     18.31951147	    -20.50253204	     -1.58549823	     -4.98473282	      0.00000000	     21.90682066	     -5.27332280	      0.00000000
      3.06666667	    103.34209787	      6.05123655	    178.67660555	      0.10183427	     -0.39145472	     -0.56457212	     20.94332930	      2.35095104	      2.25925304	    -27.12144837	     -0.83018277	      1.74787553	      0.01603093	     -0.01428397	      0.00979104	      0.00000000	      0.00000000	      0.00000000	     -0.01134469	     -0.03711723	     -0.01641723	      0.00000000	      0.00000000	      0.00000000	      0.02306477	     -0.04529486	      0.00489703	    288.94143375	     58.93769174	    -19.96312040	     16.30576507	      0.00000000	      0.00000000	      0.00000000	      0.00000000	   -105.83226777	   -242.91503766	   -169.22330076	     14.46205388	      0.00000000	      0.00000000	      0.00000000	      0.00000000	     45.36012148	      4.87668567	     -7.71436385	    -16.04907513	    -11.24600121	     -4.98473282	      0.00000000	     19.40318787	     16.63303814	      0.00000000	     44.76322063	      0.97902012	     16.30480909	    -19.82725755	     -3.63596900	     -4.98473282	      0.00000000	     21.81896411	     -0.71200607	      0.00000000
      3.10000000	    103.49960149	      6.52798312	    178.72146168	      0.09770060	     -0.39815227	     -0.56393930	     21.05849052	      2.89151887	      1.79225734	    -26.72412056	     -0.90722559	      1.98704478	      0.01733579	     -0.01391192	      0.00714738	      0.00000000	      0.00000000	      0.00000000	     -0.01254538	     -0.02589533	     -0.01678794	      0.00000000	      0.00000000	      0.00000000	      0.02027725	     -0.04448997	      0.00155866	    294.76621151	     55.25707809	    -19.48010854	     24.11249385	      0.00000000	      0.00000000	      0.00000000	      0.00000000	   -111.48029282	   -238.47092994	   -168.66967300	     24.78678990	      0.00000000	      0.00000000	      0.00000000	      0.00000000	     45.64476975	      4.88027828	     -8.79109733	    -17.46492059	    -12.87697315	     -4.98473282	      0.00000000	     20.18334694	     16.99213476	      0.00000000	     44.43158198	      0.31827952	     14.39347561	    -19.70765482	     -2.75928513	     -4.98473282	      0.00000000	     21.41787670	     -0.08859709	      0.00000000
      3.13333333	    104.18644970	      6.50012038	    178.63787671	      0.09169753	     -0.40628455	     -0.56362425	     21.83744117	      2.96709449	      1.50535720	    -26.43970312	     -1.26521434	      2.96425017	      0.01976887	     -0.01419799	      0.00557225	      0.00000000	      0.00000000	      0.00000000	     -0.00973473	     -0.01452716	     -0.01546993	      0.00000000	      0.00000000	      0.00000000	      0.01660584	     -0.04423346	     -0.00251841	    301.67827286	     50.53454857	    -18.70903235	     33.95959395	      0.00000000	      0.00000000	      0.00000000	      0.00000000	   -116.23635747	   -234.78692141	   -169.45821370	     32.59394051	      0.00000000	      0.00000000	      0.00000000	      0.00000000	     46.39374436	      4.48062941	     -9.55388530	    -19.11001726	    -14.22083163	     -4.98473282	      0.00000000	     22.00425803	     16.52786338	      0.00000000	     44.24198044	     -0.12086684	     11.83315779	    -19.16175177	     -0.86258983	     -4.98473282	      0.00000000	     20.06498524	      0.03178418	      0.00000000
      3.16666667	    105.29633184	      6.18519257	    178.14206209	      0.08374836	     -0.41622881	     -0.56377664	     23.19133815	      2.95666990	      1.58829471	    -26.34954327	     -2.07969531	      4.22194062	      0.02336187	     -0.01435235	      0.00481091	      0.00000000	      0.00000000	      0.00000000	     -0.00759856	     -0.01049422	     -0.01234251	      0.00000000	      0.00000000	      0.00000000	      0.01352017	     -0.04287708	     -0.00336488	    305.91445803	     46.75496543	    -17.37615112	     41.46455339	      0.00000000	      0.00000000	      0.00000000	      0.00000000	   -120.25990078	   -231.85473081	   -169.85195093	     37.37524799	      0.00000000	      0.00000000	      0.00000000	      0.00000000	     47.39601880	      4.10247589	     -9.95228723	    -20.70813008	    -13.27384290	     -4.98473282	      0.00000000	     23.75605347	     13.75016685	      0.00000000	     44.22352366	     -0.59043525	      9.21262097	    -18.45595111	      1.38951988	     -4.98473282	      0.00000000	     18.62726233	     -0.22120677	      0.00000000
      3.20000000	    106.49420591	      5.31319682	    176.99986939	      0.07434334	     -0.42759513	     -0.56507133	     24.52702404	      2.56446864	      2.35265571	    -26.22787163	     -3.70405511	      5.17479174	      0.02680838	     -0.01437985	      0.00613756	      0.00000000	      0.00000000	      0.00000000	     -0.00821114	     -0.01524795	     -0.01259183	      0.00000000	      0.00000000	      0.00000000	      0.01053556	     -0.03837398	      0.00083568	    306.11352697	     44.01174499	    -15.67523984	     46.07502832	      0.00000000	      0.00000000	      0.00000000	      0.00000000	   -123.09232299	   -229.18285434	   -169.04265907	     39.87218320	      0.00000000	      0.00000000	      0.00000000	      0.00000000	     48.44358240	      4.09558967	     -8.51189301	    -21.96139190	    -12.44771678	     -4.98473282	      0.00000000	     24.19720333	     11.39254292	      0.00000000	     44.10954701	     -1.10973310	      6.29149675	    -17.66168469	      2.98543319	     -4.98473282	      0.00000000	     17.72852151	      0.14525643	      0.00000000
      3.23333333	    107.24242497	      4.21513334	    175.38398378	      0.06356257	     -0.44036179	     -0.56671492	     25.24620865	      2.20465714	      3.47222694	    -26.23383860	     -5.95560861	      4.97329487	      0.02940586	     -0.01386682	      0.00652554	      0.00000000	      0.00000000	      0.00000000	     -0.00856471	     -0.01937075	     -0.01875056	      0.00000000	      0.00000000	      0.00000000	      0.00624184	     -0.03326215	      0.00776902	    304.11865379	     41.42780453	    -13.03414164	     48.90701450	      0.00000000	      0.00000000	      0.00000000	      0.00000000	   -124.98981690	   -226.26719093	   -167.44858102	     41.35013345	      0.00000000	      0.00000000	      0.00000000	      0.00000000	     48.94161025	      4.43520538	     -6.89125030	    -22.73201677	    -10.39823328	     -4.98473282	      0.00000000	     22.34692992	     10.29627460	      0.00000000	     43.52525526	     -1.67329471	      3.39567046	    -17.07270180	      2.81151345	     -4.98473282	      0.00000000	     17.41004904	      1.25285893	      0.00000000
      3.26666667	    107.98856912	      2.95058889	    173.16619462	      0.05182145	     -0.45447516	     -0.56926151	     25.91330081	      1.69859394	      5.13198717	    -26.32977205	     -8.12051792	      3.64501450	      0.03108426	     -0.01337315	      0.00726923	      0.00000000	      0.00000000	      0.00000000	     -0.00829839	     -0.01669259	     -0.02467499	      0.00000000	      0.00000000	      0.00000000	      0.00259754	     -0.02773959	      0.01386266	    303.34755877	     38.65590708	     -9.70396381	     51.94058283	      0.00000000	      0.00000000	      0.00000000	      0.00000000	   -127.03567675	   -221.88202017	   -166.70008040	     45.41652379	      0.00000000	      0.00000000	      0.00000000	      0.00000000	     49.46046539	      5.28776087	     -5.28952172	    -23.05724721	     -8.10975140	     -4.98473282	      0.00000000	     19.11000571	     11.39446820	      0.00000000	     42.74512550	     -2.36781463	      0.07056076	    -16.27186895	      1.31330867	     -4.98473282	      0.00000000	     17.44959985	      2.66320354	      0.00000000
      3.30000000	    109.69035109	      1.47470294	    171.06387593	      0.04056469	     -0.46905036	     -0.57202914	     27.71066733	      0.86322518	      6.71727169	    -26.65764831	     -8.79055293	      1.58143245	      0.03160917	     -0.01327743	      0.00526412	      0.00000000	      0.00000000	      0.00000000	     -0.00794864	     -0.00636012	     -0.02757210	      0.00000000	      0.00000000	      0.00000000	     -0.00064342	     -0.02406742	      0.01706926	    305.44826375	     35.47765859	     -7.00549335	     56.26431582	      0.00000000	      0.00000000	      0.00000000	      0.00000000	   -128.64483705	   -216.38103637	   -167.49331461	     51.65556924	      0.00000000	      0.00000000	      0.00000000	      0.00000000	     51.14272152	      6.17760735	     -3.23022441	    -23.42574873	     -7.99131522	     -4.98473282	      0.00000000	     16.51775478	     15.93079683	      0.00000000	     43.04793666	     -2.73233035	     -3.79353125	    -15.28173348	     -1.04285363	     -4.98473282	      0.00000000	     17.55239360	      5.29223272	      0.00000000
      3.33333333	    111.84953873	      0.42011160	    170.27647453	      0.03080568	     -0.48362274	     -0.57412675	     30.02612290	     -0.18278196	      7.28499747	    -26.82851880	     -8.67421380	     -0.86780877	      0.03286901	     -0.01408130	      0.00383878	      0.00000000	      0.00000000	      0.00000000	     -0.00836352	      0.00326166	     -0.02665743	      0.00000000	      0.00000000	      0.00000000	     -0.00281089	     -0.02503339	      0.02363157	    309.02215897	     31.54254547	     -6.06058551	     62.16639407	      0.00000000	      0.00000000	      0.00000000	      0.00000000	   -127.26123740	   -210.98769058	   -169.80665302	     57.27133305	      0.00000000	      0.00000000	      0.00000000	      0.00000000	     53.28877985	      6.42668079	     -2.03863982	    -24.07448398	    -10.96150452	     -4.98473282	      0.00000000	     15.73047200	     23.16223267	      0.00000000	     44.54068900	     -2.46541030	     -5.60165205	    -15.35859305	     -2.85587301	     -4.98473282	      0.00000000	     17.51204377	      6.83434777	      0.00000000
      3.36666667	    113.24991680	      1.07111950	    171.31198851	      0.02180817	     -0.49845190	     -0.57603500	     31.14147696	     -0.60917762	      5.80220228	    -26.30439127	     -7.94234984	     -2.08942748	      0.03465733	     -0.01787871	      0.00286621	      0.00000000	      0.00000000	      0.00000000	     -0.01347730	      0.00214494	     -0.02233085	      0.00000000	      0.00000000	      0.00000000	     -0.00784484	     -0.02777781	      0.03212753	    312.30718495	     28.34371954	     -7.22506195	     68.19298600	      0.00000000	      0.00000000	      0.00000000	      0.00000000	   -124.14180871	   -207.13215456	   -172.40002911	     60.80501798	      0.00000000	      0.00000000	      0.00000000	      0.00000000	     53.75503177	      6.44554880	     -2.13647530	    -24.32517935	    -12.99732814	     -4.98473282	      0.00000000	     16.48014669	     24.98095987	      0.00000000	     45.51544633	     -2.31522243	     -4.81732716	    -16.07086666	     -3.04518217	     -4.98473282	      0.00000000	     17.12200908	      7.43455229	      0.00000000
      3.40000000	    114.43566349	      2.78659100	    173.48288964	      0.01341712	     -0.51315439	     -0.57709690	     32.15043906	     -0.60905908	      3.09282233	    -26.23276685	     -6.13035231	     -2.04750096	      0.03834841	     -0.02231851	      0.00103365	      0.00000000	      0.00000000	      0.00000000	     -0.01429868	     -0.00291532	     -0.01888425	      0.00000000	      0.00000000	      0.00000000	     -0.01147799	     -0.02769157	      0.03966494	    314.92480949	     24.26746736	     -8.18196307	     74.30746479	      0.00000000	      0.00000000	      0.00000000	      0.00000000	   -122.42920550	   -203.93283613	   -173.82379789	     64.68582457	      0.00000000	      0.00000000	      0.00000000	      0.00000000	     53.42751990	      6.00148126	     -3.65060323	    -23.96476222	    -13.55187481	     -4.98473282	      0.00000000	     16.55756569	     24.98095987	      0.00000000	     46.64345168	     -2.30892466	     -2.90768643	    -17.59373181	     -2.88281751	     -4.98473282	      0.00000000	     17.19245233	      8.56017249	      0.00000000
      3.43333333	    115.53442309	      5.76077897	    176.13062974	      0.00503506	     -0.52687055	     -0.57721463	     33.23149012	      0.53245176	     -0.64805105	    -26.85965356	     -4.67609342	     -1.00477078	      0.04273365	     -0.02564404	     -0.00073667	      0.00000000	      0.00000000	      0.00000000	     -0.01200548	     -0.00620064	     -0.01742219	      0.00000000	      0.00000000	      0.00000000	     -0.01201077	     -0.02489230	      0.04068713	    316.30942091	     20.23283060	     -7.89778624	     78.86531373	      0.00000000	      0.00000000	      0.00000000	      0.00000000	   -123.99335498	   -200.41474777	   -174.01255044	     70.74492071	      0.00000000	      0.00000000	      0.00000000	      0.00000000	     52.65177494	      5.76506427	     -7.58812444	    -22.65219796	    -13.05057499	     -4.98473282	      0.00000000	     15.16052738	     24.98095987	      0.00000000	     48.20648379	     -2.87957112	      0.22603439	    -19.77579586	     -3.83358884	     -4.98473282	      0.00000000	     17.42606015	     11.27477329	      0.00000000
      3.46666667	    116.15622024	      8.37890449	    177.94603115	     -0.00376049	     -0.53957026	     -0.57823664	     34.14867108	      1.59327422	     -3.22672460	    -27.78196643	     -3.29885953	      1.04516841	      0.04791481	     -0.02785730	     -0.00027141	      0.00000000	      0.00000000	      0.00000000	     -0.00842294	     -0.00708963	     -0.01659199	      0.00000000	      0.00000000	      0.00000000	     -0.00874604	     -0.02251638	      0.03664040	    317.13167695	     16.16872284	     -6.71630878	     82.15148549	      0.00000000	      0.00000000	      0.00000000	      0.00000000	   -126.85630941	   -197.08993709	   -174.30070925	     77.56346096	      0.00000000	      0.00000000	      0.00000000	      0.00000000	     51.74832575	      6.27286135	    -10.32691624	    -21.61810984	    -11.42751220	     -4.98473282	      0.00000000	     13.49613800	     23.13276578	      0.00000000	     49.20635131	     -4.01027035	      1.85680877	    -21.50885610	     -4.74000398	     -4.98473282	      0.00000000	     16.91628223	     14.56393826	      0.00000000
      3.50000000	    117.62369148	     10.86907374	    179.25154594	     -0.01256717	     -0.55096687	     -0.57980212	     36.17465644	      2.72574515	     -5.74031340	    -29.32661376	     -4.01181222	      3.20058497	      0.05215440	     -0.02654550	      0.00418102	      0.00000000	      0.00000000	      0.00000000	     -0.00971920	     -0.01002639	     -0.01502606	      0.00000000	      0.00000000	      0.00000000	     -0.00615238	     -0.02191162	      0.03148472	    317.25771106	     13.44354267	     -5.38690233	     84.50042340	      0.00000000	      0.00000000	      0.00000000	      0.00000000	   -129.05546848	   -194.54857256	   -175.02475825	     82.67623280	      0.00000000	      0.00000000	      0.00000000	      0.00000000	     51.82907373	      6.87431071	    -15.17964777	    -20.70165285	     -6.81759934	     -4.98473282	      0.00000000	     11.48588453	     17.62207386	      0.00000000	     51.30366554	     -5.19770658	      4.01898728	    -23.12311360	     -8.03915919	     -4.98473282	      0.00000000	     15.60225350	     18.58806852	      0.00000000
      3.53333333	    117.57359961	     10.95244849	    179.63049370	     -0.02032896	     -0.56255889	     -0.58197365	     36.44370208	      2.04955069	     -5.56040596	    -30.02957909	     -3.37022525	      4.50024283	      0.05524616	     -0.02518151	      0.00653353	      0.00000000	      0.00000000	      0.00000000	     -0.01744544	     -0.01880447	     -0.01026768	      0.00000000	      0.00000000	      0.00000000	     -0.00444272	     -0.02028594	      0.02896994	    318.09757492	     11.34254354	     -5.58215534	     87.29951121	      0.00000000	      0.00000000	      0.00000000	      0.00000000	   -129.01350370	   -193.57269769	   -176.59457116	     85.57151095	      0.00000000	      0.00000000	      0.00000000	      0.00000000	     50.70723207	      6.98664513	    -15.71908951	    -20.41554953	     -6.90447429	     -4.98473282	      0.00000000	     11.37684720	     16.80845914	      0.00000000	     50.99294171	     -5.62681662	      3.24400830	    -24.25774920	     -9.37141191	     -4.98473282	      0.00000000	     14.20724736	     17.54293366	      0.00000000
      3.56666667	    115.69277262	     10.09336110	    180.17524599	     -0.02605690	     -0.57482374	     -0.58409638	     34.64130333	      0.64355484	     -5.41105162	    -30.51063024	     -3.59646464	      6.27981413	      0.05602242	     -0.02194034	      0.00940251	      0.00000000	      0.00000000	      0.00000000	     -0.02645615	     -0.03099916	     -0.00507772	      0.00000000	      0.00000000	      0.00000000	     -0.00497614	     -0.01749619	      0.02939465	    319.29718867	     10.64682121	     -6.13953039	     89.72748195	      0.00000000	      0.00000000	      0.00000000	      0.00000000	   -127.64355795	   -192.31808208	   -177.35052710	     87.30771438	      0.00000000	      0.00000000	      0.00000000	      0.00000000	     47.49445189	      6.43758084	    -15.95285756	    -20.16060900	     -5.82872451	     -4.98473282	      0.00000000	     12.72477320	     15.26269969	      0.00000000	     48.20539828	     -5.54102479	      1.53368635	    -24.88944298	     -8.46574092	     -4.95158331	      0.00000000	     13.78883116	     13.88042948	      0.00000000
      3.60000000	     66.27668704	      4.97946480	    189.07929535	     -0.04279687	     -0.61989222	     -0.58643901	    -20.58847697	     -2.04094162	     -6.18584635	    -24.30484646	     -1.69305130	      6.81363676	      0.04148650	     -0.01414121	      0.01714920	      0.00000000	      0.00000000	      0.00000000	     -0.04510338	     -0.04846341	     -0.00065409	      0.00000000	      0.00000000	      0.00000000	     -0.00825679	     -0.00779908	      0.03428057	    319.87640432	     14.93969164	    -11.29536054	     89.88722756	      0.00000000	      0.00000000	      0.00000000	      0.00000000	   -122.71447644	   -194.64651412	   -173.75587030	     89.25680781	      0.00000000	      0.00000000	      0.00000000	      0.00000000	    -15.32387748	      6.75330384	    -35.18875104	     -4.94287962	     13.13782526	     -4.98473282	      0.00000000	     10.88851926	     15.26292106	      0.00000000	    -13.05415819	     -6.31246938	     -9.40260176	    -12.10805482	      5.54370454	     -4.98473282	      0.00000000	     13.40506236	     10.31157614	      0.00000000
      3.63333333	     66.62385944	      4.51953154	    189.28801443	     -0.04239284	     -0.62835010	     -0.58727110	    -20.08823267	     -2.50849543	     -6.79439685	    -23.99359366	     -1.81550674	      7.06646605	      0.04011634	     -0.00956306	      0.01541354	      0.00000000	      0.00000000	      0.00000000	     -0.05185633	     -0.04785028	     -0.00045849	      0.00000000	      0.00000000	      0.00000000	     -0.00886475	     -0.00237280	      0.03423810	    319.43888789	     15.53988495	    -10.69408590	     88.71967823	      0.00000000	      0.00000000	      0.00000000	      0.00000000	   -122.42267439	   -192.16185560	   -173.93990936	     91.15710532	      0.00000000	      0.00000000	      0.00000000	      0.00000000	    -15.90846762	      6.61170876	    -35.26460547	     -4.27465673	     12.55650742	     -4.98473282	      0.00000000	     10.96508402	     14.56022315	      0.00000000	    -13.35016788	     -6.25774686	     -8.45469983	    -11.88713423	      7.93057405	     -4.98473282	      0.00000000	     15.86133301	     12.27972922	      0.00000000
      3.66666667	     66.89954136	      4.39784084	    189.17230522	     -0.04078307	     -0.63378073	     -0.58656388	    -19.69269743	     -2.41466684	     -6.96775883	    -23.35032101	     -2.06643420	      7.79986746	      0.03857555	     -0.00636752	      0.01367869	      0.00000000	      0.00000000	      0.00000000	     -0.05467519	     -0.03934359	     -0.00080321	      0.00000000	      0.00000000	      0.00000000	     -0.00889332	      0.00196908	      0.03489719	    318.08464034	     16.19803582	     -9.50378958	     87.06141754	      0.00000000	      0.00000000	      0.00000000	      0.00000000	   -122.23788070	   -189.72255927	   -173.87588758	     92.41785813	      0.00000000	      0.00000000	      0.00000000	      0.00000000	    -16.11006921	      6.47512476	    -35.07646868	     -4.09979396	     12.18299969	     -4.98473282	      0.00000000	     11.24974472	     14.36061623	      0.00000000	    -13.69624551	     -6.19119375	     -7.86522304	    -11.16242007	      9.45937268	     -4.98473282	      0.00000000	     17.64058503	     13.30350548	      0.00000000
      3.70000000	     66.96627222	      4.42429943	    188.36264967	     -0.03870212	     -0.63580131	     -0.58486635	    -19.63796924	     -2.15457352	     -6.36843996	    -22.47206760	     -2.67781973	      8.53296672	      0.03707887	     -0.00406272	      0.01271010	      0.00000000	      0.00000000	      0.00000000	     -0.05490403	     -0.02661759	      0.00107720	      0.00000000	      0.00000000	      0.00000000	     -0.00852512	      0.00439141	      0.03597591	    317.43215085	     16.72247995	     -8.73557839	     86.27801364	      0.00000000	      0.00000000	      0.00000000	      0.00000000	   -121.56962455	   -188.02271275	   -173.92634853	     92.75988967	      0.00000000	      0.00000000	      0.00000000	      0.00000000	    -15.97390320	      6.03179577	    -34.09000068	     -4.72075862	     11.78092320	     -4.98473282	      0.00000000	     11.92042702	     14.33040591	      0.00000000	    -14.23400728	     -6.09768388	     -7.95631504	    -10.67871804	      9.27496351	     -4.56759933	      0.00000000	     17.76871344	     11.49231674	      0.00000000
      3.73333333	     67.02514102	      4.55352650	    187.08844084	     -0.03653158	     -0.63491946	     -0.58281893	    -19.69674786	     -1.83147702	     -5.14969024	    -21.76748969	     -3.14504400	      8.70821802	      0.03551070	     -0.00179394	      0.01082727	      0.00000000	      0.00000000	      0.00000000	     -0.05289871	     -0.01461147	      0.00418573	      0.00000000	      0.00000000	      0.00000000	     -0.00823333	      0.00559919	      0.03498633	    317.98596238	     16.59249124	     -8.87031884	     87.08488759	      0.00000000	      0.00000000	      0.00000000	      0.00000000	   -120.98634851	   -187.49803219	   -174.31550442	     92.52910363	      0.00000000	      0.00000000	      0.00000000	      0.00000000	    -15.53397583	      5.56093792	    -30.14009077	     -5.54828379	     10.44219682	     -4.98473282	      0.00000000	     12.27098742	     12.32762932	      0.00000000	    -14.60720415	     -6.09985940	     -7.93551119	    -10.93878144	      9.31862327	     -3.52164030	      0.00000000	     15.97284992	      4.59799698	      0.00000000
      3.76666667	     67.80781523	      4.97152982	    185.44086370	     -0.03461928	     -0.63191558	     -0.58127963	    -19.03561125	     -1.44615677	     -3.54248196	    -21.22714692	     -3.36967225	      7.88780419	      0.03423434	     -0.00029184	      0.00755614	      0.00000000	      0.00000000	      0.00000000	     -0.04872358	     -0.00751858	      0.00610695	      0.00000000	      0.00000000	      0.00000000	     -0.00731554	      0.00436201	      0.03259765	    319.04073205	     15.90638276	     -9.65661853	     88.93812887	      0.00000000	      0.00000000	      0.00000000	      0.00000000	   -120.59871959	   -187.33557584	   -174.57365947	     92.89489190	      0.00000000	      0.00000000	      0.00000000	      0.00000000	    -14.04982585	      5.25901050	    -26.53678728	     -6.54805788	     10.41121393	     -4.98473282	      0.00000000	     12.35888118	      8.51580670	      0.00000000	    -14.19736995	     -6.43415824	     -9.97464923	    -11.02625106	      9.12190410	     -2.26411833	      0.00000000	     13.92518977	     -0.21662930	      0.00000000
      3.80000000	     69.59291715	      5.67132403	    183.99262505	     -0.03311727	     -0.62717175	     -0.58028716	    -17.35405180	     -0.83471942	     -2.16150527	    -20.91285874	     -3.72317034	      6.67720966	      0.03362031	      0.00025336	      0.00520027	      0.00000000	      0.00000000	      0.00000000	     -0.04302008	     -0.00329610	      0.00702050	      0.00000000	      0.00000000	      0.00000000	     -0.00709140	      0.00156181	      0.02924249	    319.75927922	     14.84723118	    -10.21110983	     90.86233759	      0.00000000	      0.00000000	      0.00000000	      0.00000000	   -120.62804288	   -187.43399779	   -174.45639459	     93.85138881	      0.00000000	      0.00000000	      0.00000000	      0.00000000	    -11.27732724	      5.37008150	    -23.24610586	     -7.69619426	     10.84000603	     -4.98473282	      0.00000000	     11.82217795	      3.81901926	      0.00000000	    -12.42894696	     -6.99545788	    -12.19214204	    -11.17141647	      9.53345110	     -1.52206244	      0.00000000	     13.42630758	     -1.92416337	      0.00000000
      3.83333333	     72.15417265	      6.48262057	    183.18979580	     -0.03217200	     -0.62129915	     -0.57967039	    -14.83816847	     -0.04036990	     -1.43665970	    -20.75264976	     -4.11815242	      5.20875251	      0.03416556	     -0.00041676	      0.00453152	      0.00000000	      0.00000000	      0.00000000	     -0.03958309	     -0.00116213	      0.00768048	      0.00000000	      0.00000000	      0.00000000	     -0.00844734	     -0.00286482	      0.02714485	    319.38800429	     14.15049699	    -10.28481850	     91.67015022	      0.00000000	      0.00000000	      0.00000000	      0.00000000	   -120.53950166	   -187.96340082	   -174.18707616	     94.42893807	      0.00000000	      0.00000000	      0.00000000	      0.00000000	     -7.49205723	      5.74277248	    -21.77792271	     -9.01360180	     11.17920823	     -4.98473282	      0.00000000	     11.41526592	      1.90614224	      0.00000000	     -9.35886866	     -7.66305056	    -13.63022084	    -11.63917084	     10.81330051	     -1.58878320	      0.00000000	     15.07740477	     -0.31442753	      0.00000000
      3.86666667	     76.68067442	      7.10436194	    182.16300618	     -0.03088541	     -0.61233942	     -0.57926961	    -10.26091416	      0.35445648	     -1.04842916	    -21.44347943	     -4.14996325	      4.36759569	      0.03426175	     -0.00156463	      0.00598390	      0.00000000	      0.00000000	      0.00000000	     -0.03955411	     -0.00222572	      0.00878383	      0.00000000	      0.00000000	      0.00000000	     -0.01133011	     -0.00827065	      0.02783029	    317.87682024	     14.68553611	     -9.40201187	     90.54346521	      0.00000000	      0.00000000	      0.00000000	      0.00000000	   -120.12824986	   -188.94211839	   -173.73788619	     93.79134158	      0.00000000	      0.00000000	      0.00000000	      0.00000000	     -0.68079771	      5.80520215	    -20.46375745	    -11.85516360	      9.99599680	     -4.98473282	      0.00000000	     12.48608248	      2.85756318	      0.00000000	     -3.40767222	     -8.00223753	    -14.09018333	    -13.22131513	     11.08499337	     -2.20881915	      0.00000000	     17.88471258	      3.98073274	      0.00000000
      3.90000000	    109.45454985	      5.00475142	    176.62342780	     -0.02040157	     -0.58320991	     -0.57895651	     26.47988289	     -1.31913487	      1.06965388	    -26.43310082	     -3.35541299	      4.18019864	      0.04530048	     -0.00129779	      0.00975937	      0.00000000	      0.00000000	      0.00000000	     -0.03835696	     -0.00624039	      0.00557279	      0.00000000	      0.00000000	      0.00000000	     -0.00840624	     -0.00785284	      0.03209585	    315.81336440	     13.60337360	     -5.83573115	     87.52064115	      0.00000000	      0.00000000	      0.00000000	      0.00000000	   -119.87335893	   -188.62300246	   -177.36098232	     91.55124291	      0.00000000	      0.00000000	      0.00000000	      0.00000000	     41.59173295	      4.85184320	     -9.48661788	    -22.65322062	     -2.99709934	     -4.98473282	      0.00000000	     14.37921492	      9.78049221	      0.00000000	     36.72382756	     -6.54761425	     -6.48459725	    -21.39695546	      2.35963595	     -1.35740268	      0.00000000	     19.34651720	      6.33918252	      0.00000000
      3.93333333	    109.07488354	      5.35859094	    177.03210550	     -0.01906220	     -0.57662325	     -0.57929519	     25.95229480	     -1.34994891	      0.38132405	    -27.52701047	     -3.09044782	      4.45637904	      0.04364063	     -0.00102300	      0.01479782	      0.00000000	      0.00000000	      0.00000000	     -0.04216740	     -0.01939268	      0.00125842	      0.00000000	      0.00000000	      0.00000000	     -0.01153280	     -0.00644632	      0.03742163	    312.42237989	     16.61922847	     -5.12227995	     84.22131566	      0.00000000	      0.00000000	      0.00000000	      0.00000000	   -119.27155895	   -190.98305069	   -177.55381089	     87.63954706	      0.00000000	      0.00000000	      0.00000000	      0.00000000	     41.56113519	      5.18744236	     -9.79957048	    -22.35431101	     -3.78201414	     -4.98473282	      0.00000000	     14.66661961	     10.08922157	      0.00000000	     36.81874709	     -6.41096334	     -5.80188147	    -21.07522954	      1.81061239	     -1.42300284	      0.00000000	     18.47863362	      6.15887930	      0.00000000
      3.96666667	    106.79989882	      5.91296904	    177.88561688	     -0.01694006	     -0.56865445	     -0.58059914	     23.03988387	     -1.38726446	     -0.36771308	    -27.53544352	     -2.28004891	      4.55277622	      0.04058572	     -0.00385019	      0.01794683	      0.00000000	      0.00000000	      0.00000000	     -0.04471079	     -0.03262361	     -0.00080842	      0.00000000	      0.00000000	      0.00000000	     -0.01444088	     -0.00461097	      0.04325530	    310.62544217	     19.80500084	     -5.65159800	     81.47586872	      0.00000000	      0.00000000	      0.00000000	      0.00000000	   -118.86370621	   -193.85019909	   -177.23019461	     82.89756532	      0.00000000	      0.00000000	      0.00000000	      0.00000000	     39.18439202	      5.65628110	     -9.41024651	    -21.23179310	     -6.88117532	     -4.98473282	      0.00000000	     15.82840214	     12.73966804	      0.00000000	     34.94487752	     -6.39083494	     -3.61185966	    -20.43822882	     -0.73340268	     -0.44112901	      0.00000000	     15.93887994	      2.73377827	      0.00000000
      4.00000000	    105.67087976	      6.03300424	    178.47386467	     -0.01330021	     -0.55833675	     -0.58177153	     21.35133930	     -1.62905975	     -0.68689005	    -28.37806810	     -0.89992013	      4.90155811	      0.03546104	     -0.00468214	      0.01873500	      0.00000000	      0.00000000	      0.00000000	     -0.04264865	     -0.04043148	     -0.00124118	      0.00000000	      0.00000000	      0.00000000	     -0.01670048	     -0.00306264	      0.04653396	    309.95324649	     21.79285154	     -6.33757766	     80.20656342	      0.00000000	      0.00000000	      0.00000000	      0.00000000	   -118.83199235	   -196.58997220	   -176.57538799	     78.86354473	      0.00000000	      0.00000000	      0.00000000	      0.00000000	     38.19599471	      5.72590845	     -9.04874408	    -20.39480876	     -7.61011309	     -4.98473282	      0.00000000	     17.07927081	     12.88936149	      0.00000000	     34.36500912	     -5.76159272	     -4.07814168	    -19.73937728	     -1.73092620	     -1.33542296	      0.00000000	     13.54359193	      1.77415630	      0.00000000
      4.03333333	    103.97682454	      6.68025293	    179.17499219	     -0.00898314	     -0.54631727	     -0.58252646	     18.77965992	     -1.03393060	     -1.14601005	    -27.99192771	      0.83186978	      3.96924444	      0.03057586	     -0.00784294	      0.01341925	      0.00000000	      0.00000000	      0.00000000	     -0.03875200	     -0.04199858	     -0.00239959	      0.00000000	      0.00000000	      0.00000000	     -0.01823760	     -0.00744541	      0.04542833	    309.45455411	     23.14236061	     -7.34990620	     79.39163761	      0.00000000	      0.00000000	      0.00000000	      0.00000000	   -118.16048128	   -199.28829043	   -175.66103841	     76.73097853	      0.00000000	      0.00000000	      0.00000000	      0.00000000	     36.60961831	      6.06411336	     -9.25882538	    -19.32240571	     -7.38778830	     -4.98473282	      0.00000000	     17.75344126	     13.07867366	      0.00000000	     33.22369391	     -5.76212172	     -4.59944255	    -18.69009295	     -1.73957313	     -2.17429910	      0.00000000	     13.36897674	      4.97076849	      0.00000000
      4.06666667	    100.43102333	      7.58396187	    180.57573089	     -0.00487248	     -0.53381283	     -0.58129216	     13.90963737	      0.08350563	     -2.02334615	    -26.93033262	      1.64877089	      3.24760409	      0.02432098	     -0.01136428	      0.00875035	      0.00000000	      0.00000000	      0.00000000	     -0.03410218	     -0.03856684	     -0.00475613	      0.00000000	      0.00000000	      0.00000000	     -0.01720069	     -0.01626834	      0.04076550	    308.18548969	     24.20664822	     -8.24233761	     78.29797891	      0.00000000	      0.00000000	      0.00000000	      0.00000000	   -117.30372036	   -202.16064924	   -173.66144841	     76.66899891	      0.00000000	      0.00000000	      0.00000000	      0.00000000	     33.01709716	      6.29835183	    -10.86905465	    -17.72982647	     -6.17934603	     -4.98473282	      0.00000000	     17.69042061	     12.46343416	      0.00000000	     30.23267851	     -5.60689007	     -4.65406498	    -16.85021901	     -6.54181469	     -3.60860384	      0.00000000	     15.75569812	     20.67136108	      0.00000000
      4.10000000	    100.73664929	      8.91704101	    181.78484754	      0.00102431	     -0.51981625	     -0.57866602	     13.76383434	      1.91050810	     -3.21184577	    -25.89153872	      1.84186522	      1.42982998	      0.02140836	     -0.01397661	      0.00266589	      0.00000000	      0.00000000	      0.00000000	     -0.03058494	     -0.03205117	     -0.00775778	      0.00000000	      0.00000000	      0.00000000	     -0.01605552	     -0.02415896	      0.03537331	    306.59879238	     25.15549386	     -8.78373093	     76.36506132	      0.00000000	      0.00000000	      0.00000000	      0.00000000	   -116.38916732	   -205.48891609	   -173.18534003	     75.10201392	      0.00000000	      0.00000000	      0.00000000	      0.00000000	     33.88988891	      6.98177019	    -12.27649467	    -16.22014049	     -6.72156327	     -4.98473282	      0.00000000	     17.12092617	     12.51360647	      0.00000000	     32.16910161	     -5.86638249	     -3.65477979	    -16.67042680	     -3.95501962	     -4.10900619	      0.00000000	     17.60026599	     24.98095987	      0.00000000
      4.13333333	    101.34967781	      9.59337316	    182.90522678	      0.00717085	     -0.50723863	     -0.57431146	     14.48324633	      3.07783836	     -3.83526324	    -24.82827920	      0.89635672	     -0.16168356	      0.02070379	     -0.01666371	      0.00137700	      0.00000000	      0.00000000	      0.00000000	     -0.02910490	     -0.02695685	     -0.00938723	      0.00000000	      0.00000000	      0.00000000	     -0.01067137	     -0.02933294	      0.03284135	    305.32431798	     26.00517087	     -9.70831447	     73.79585777	      0.00000000	      0.00000000	      0.00000000	      0.00000000	   -115.72802666	   -208.49644752	   -174.47130331	     71.85552077	      0.00000000	      0.00000000	      0.00000000	      0.00000000	     34.97175039	      7.05188036	    -13.44931973	    -14.57162964	     -7.35069625	     -4.98473282	      0.00000000	     16.52891154	     12.73472778	      0.00000000	     34.32764082	     -4.94795188	     -2.27697979	    -16.81975886	     -1.56732106	     -4.98473282	      0.00000000	     18.58110724	     24.98095987	      0.00000000
      4.16666667	    111.93741613	     10.94702020	    181.66033584	      0.01680060	     -0.49194288	     -0.56898351	     27.17939183	      4.91489854	     -5.48589601	    -26.51219300	     -1.66787074	     -2.21853824	      0.02330359	     -0.01209811	     -0.00149670	      0.00000000	      0.00000000	      0.00000000	     -0.02304493	     -0.02097400	     -0.00884259	      0.00000000	      0.00000000	      0.00000000	     -0.00645948	     -0.02742563	      0.03273335	    304.87063688	     27.42194002	     -8.88139215	     71.58713889	      0.00000000	      0.00000000	      0.00000000	      0.00000000	   -117.16636946	   -208.81856432	   -177.85413087	     66.66858678	      0.00000000	      0.00000000	      0.00000000	      0.00000000	     47.67505141	      6.86214969	    -14.88466885	    -15.22480089	     -9.60090621	     -4.98473282	      0.00000000	     14.69177283	     17.39387879	      0.00000000	     47.98875808	     -4.34601910	      0.74464514	    -19.69140967	      1.82030073	     -4.98473282	      0.00000000	     18.43471407	     17.40622479	      0.00000000
      4.20000000	    112.86541066	     11.21707768	    181.24593270	      0.02277599	     -0.48234713	     -0.56486646	     28.90169943	      5.94037216	     -5.08303738	    -26.42577826	     -3.00507154	     -4.33575107	      0.02356954	     -0.01277008	     -0.00177182	      0.00000000	      0.00000000	      0.00000000	     -0.02241180	     -0.02363664	     -0.00880478	      0.00000000	      0.00000000	      0.00000000	     -0.00375711	     -0.03179416	      0.03441736	    303.50086427	     29.20182297	     -9.59091836	     68.40451406	      0.00000000	      0.00000000	      0.00000000	      0.00000000	   -116.45281267	   -211.00786214	   -180.56278696	     59.93922444	      0.00000000	      0.00000000	      0.00000000	      0.00000000	     49.00557296	      6.89090666	    -14.55214485	    -14.68522366	     -9.97666877	     -4.98473282	      0.00000000	     13.73796193	     18.63410006	      0.00000000	     49.60116565	     -4.03498301	      1.44975463	    -19.70731250	      2.44322969	     -4.98473282	      0.00000000	     18.26428893	     14.08960088	      0.00000000
      4.23333333	    114.51792792	     11.17021693	    179.92949679	      0.02905375	     -0.47280633	     -0.56203602	     31.64808865	      6.94727366	     -4.32511289	    -27.43799851	     -4.37444991	     -5.24982685	      0.02445749	     -0.01159170	     -0.00138317	      0.00000000	      0.00000000	      0.00000000	     -0.01736498	     -0.02194997	     -0.00797648	      0.00000000	      0.00000000	      0.00000000	      0.00158170	     -0.03413135	      0.03400994	    303.53950397	     31.10755104	     -9.43190432	     65.78075279	      0.00000000	      0.00000000	      0.00000000	      0.00000000	   -116.31851438	   -211.76796458	   -182.56957922	     55.61238248	      0.00000000	      0.00000000	      0.00000000	      0.00000000	     51.19063612	      7.13881907	    -14.11314453	    -14.40710413	    -11.94291290	     -4.98473282	      0.00000000	     12.87170147	     21.73308366	      0.00000000	     51.67434428	     -3.98094334	      2.17370933	    -19.77621969	      5.58842848	     -4.98473282	      0.00000000	     17.00290792	      6.69069997	      0.00000000
      4.26666667	    113.62572529	     10.71209086	    178.56734752	      0.03542979	     -0.46259473	     -0.56067482	     31.15801018	      7.73868282	     -2.91550946	    -28.72902899	     -5.34593933	     -5.40652100	      0.02229830	     -0.01007287	     -0.00112457	      0.00000000	      0.00000000	      0.00000000	     -0.01279529	     -0.01957516	     -0.00885442	      0.00000000	      0.00000000	      0.00000000	      0.00679355	     -0.03494765	      0.02868431	    303.79861205	     33.70296694	     -9.94103643	     62.24332668	      0.00000000	      0.00000000	      0.00000000	      0.00000000	   -116.90602272	   -213.21114502	   -182.19320467	     53.03335413	      0.00000000	      0.00000000	      0.00000000	      0.00000000	     50.88143977	      7.65987508	    -13.90551252	    -14.42592848	    -12.45273395	     -4.98473282	      0.00000000	     12.14223730	     21.96022542	      0.00000000	     50.89990052	     -4.21717552	      2.68275976	    -19.14247937	      4.59194557	     -4.98473282	      0.00000000	     17.23280715	      6.82120182	      0.00000000
      4.30000000	    112.16422318	     10.06754229	    177.37220847	      0.04328543	     -0.45070290	     -0.56015074	     29.74552768	      8.26773328	     -1.54021393	    -29.20325847	     -5.42562340	     -4.08260644	      0.02004167	     -0.00922663	     -0.00323974	      0.00000000	      0.00000000	      0.00000000	     -0.00782199	     -0.01724380	     -0.01066587	      0.00000000	      0.00000000	      0.00000000	      0.01074030	     -0.03327711	      0.01874334	    303.87144481	     36.65783407	    -11.00472310	     58.52340379	      0.00000000	      0.00000000	      0.00000000	      0.00000000	   -117.94224736	   -216.01599795	   -181.31371236	     50.26895002	      0.00000000	      0.00000000	      0.00000000	      0.00000000	     50.07693326	      8.14699019	    -13.91451858	    -14.25235380	    -13.75655555	     -4.98473282	      0.00000000	     11.16093730	     22.23453137	      0.00000000	     49.93561611	     -4.17704540	      5.06371894	    -19.08136041	      1.89031608	     -4.98473282	      0.00000000	     17.91680091	      7.91733405	      0.00000000
      4.33333333	    110.89315877	      9.05653998	    176.53565478	      0.05294636	     -0.43738510	     -0.56007835	     28.36446169	      8.05840844	     -0.21675782	    -29.03782083	     -4.99899204	     -1.99304867	      0.01799253	     -0.00803515	     -0.00536358	      0.00000000	      0.00000000	      0.00000000	     -0.00491460	     -0.01778722	     -0.01030140	      0.00000000	      0.00000000	      0.00000000	      0.01557188	     -0.02991058	      0.01030473	    303.78131349	     39.96570342	    -12.59469137	     54.55848894	      0.00000000	      0.00000000	      0.00000000	      0.00000000	   -118.31225171	   -219.64711603	   -181.06430685	     46.90982566	      0.00000000	      0.00000000	      0.00000000	      0.00000000	     49.56925855	      8.08541037	    -14.30128770	    -14.16098461	    -14.89690267	     -4.98473282	      0.00000000	     10.95436943	     22.34436226	      0.00000000	     49.64009797	     -3.58941772	      8.60777485	    -19.89441925	     -0.83895402	     -4.98473282	      0.00000000	     18.82408938	      7.87043875	      0.00000000
      4.36666667	    110.16254740	      7.59526456	    176.19552400	      0.06374436	     -0.42373018	     -0.55943394	     27.65313591	      7.08964367	      0.70583986	    -28.26148914	     -4.60257349	      0.42761184	      0.01650577	     -0.00686168	     -0.00714962	      0.00000000	      0.00000000	      0.00000000	     -0.00392050	     -0.02165140	     -0.00951074	      0.00000000	      0.00000000	      0.00000000	      0.01846949	     -0.02670713	      0.00672341	    302.81125826	     43.78352698	    -14.43312334	     49.52211147	      0.00000000	      0.00000000	      0.00000000	      0.00000000	   -117.59085007	   -224.01830037	   -181.16331306	     40.58052950	      0.00000000	      0.00000000	      0.00000000	      0.00000000	     49.77767342	      7.14418029	    -14.67831554	    -14.56365046	    -14.52994267	     -4.98473282	      0.00000000	     12.26991560	     20.73157637	      0.00000000	     50.02363242	     -2.21480884	     11.95004807	    -20.95493405	     -2.90779044	     -4.98473282	      0.00000000	     19.49992778	      5.96870827	      0.00000000
      4.40000000	    110.13163943	      5.91186913	    175.91711002	      0.07430200	     -0.40993252	     -0.55835279	     27.68613589	      5.79201362	      1.58510073	    -26.92768629	     -4.78234877	      2.56715281	      0.01526946	     -0.00573865	     -0.00653380	      0.00000000	      0.00000000	      0.00000000	     -0.00385296	     -0.02733811	     -0.01045974	      0.00000000	      0.00000000	      0.00000000	      0.01634517	     -0.02857097	      0.00518509	    300.44904569	     47.54430394	    -16.07581938	     43.98966052	      0.00000000	      0.00000000	      0.00000000	      0.00000000	   -114.56489133	   -230.26364457	   -181.96289602	     29.44070496	      0.00000000	      0.00000000	      0.00000000	      0.00000000	     51.00236417	      5.97958089	    -13.03909445	    -15.62891117	    -13.24178312	     -4.98473282	      0.00000000	     14.45579231	     17.92727552	      0.00000000	     51.13354213	     -0.62430278	     13.83035887	    -21.87778974	     -3.79554699	     -4.98473282	      0.00000000	     19.20528309	      2.87843181	      0.00000000
      4.43333333	    110.29437790	      4.43222453	    175.84671183	      0.08284340	     -0.39672557	     -0.55774308	     27.98914710	      4.25051720	      2.13811496	    -25.11994987	     -4.34631951	      3.73297738	      0.01500071	     -0.00644349	     -0.00514332	      0.00000000	      0.00000000	      0.00000000	     -0.00168611	     -0.03262880	     -0.01322347	      0.00000000	      0.00000000	      0.00000000	      0.01070613	     -0.03908516	      0.00046727	    298.07920202	     50.93653128	    -17.42905620	     38.37265945	      0.00000000	      0.00000000	      0.00000000	      0.00000000	   -107.11571682	   -239.83527240	   -191.76363344	     10.41569643	      0.00000000	      0.00000000	      0.00000000	      0.00000000	     52.66492446	      4.90136930	    -10.98150863	    -17.49837338	     -7.81272199	     -4.98473282	      0.00000000	     15.76082503	     11.01060689	      0.00000000	     52.21682731	      0.47576424	     12.57222021	    -21.90695379	     -1.90103395	     -4.98473282	      0.00000000	     17.32742756	     -0.79606854	      0.00000000
      4.46666667	    110.03013986	      3.78178479	    175.76385359	      0.08940493	     -0.38473719	     -0.55720219	     27.60483906	      3.32098921	      2.32454190	    -24.03753623	     -4.11302401	      4.85826772	      0.01170508	     -0.00561767	     -0.00037610	      0.00000000	      0.00000000	      0.00000000	      0.00192418	     -0.03692957	     -0.01642455	      0.00000000	      0.00000000	      0.00000000	      0.01372582	     -0.03916275	     -0.00606675	    296.38034901	     54.38095124	    -19.97622153	     32.96225549	      0.00000000	      0.00000000	      0.00000000	      0.00000000	   -106.79100733	   -245.55042776	   -194.63786208	      0.00000000	      0.00000000	      0.00000000	      0.00000000	      0.00000000	     53.81853513	      4.21038527	    -11.18726886	    -18.86965334	     -6.08667656	     -4.98473282	      0.00000000	     16.69776249	     12.89667449	      0.00000000	     52.74566847	      1.01803552	     11.93877129	    -21.73952488	     -2.74344196	     -4.98473282	      0.00000000	     15.48518263	     -0.64182123	      0.00000000
      4.50000000	    108.53343660	      3.83986614	    175.71850638	      0.09349056	     -0.37653504	     -0.55657838	     26.24923232	      3.07099002	      2.32019993	    -22.38505887	     -2.95812843	      4.51199620	      0.01319398	     -0.00901275	     -0.00023515	      0.00000000	      0.00000000	      0.00000000	      0.00762855	     -0.04197223	     -0.01845172	      0.00000000	      0.00000000	      0.00000000	      0.02059970	     -0.04006962	     -0.00473304	    294.28320382	     57.84381331	    -20.85563279	     26.33695438	      0.00000000	      0.00000000	      0.00000000	      0.00000000	   -105.64743680	   -245.71015191	   -195.78809941	      0.00000000	      0.00000000	      0.00000000	      0.00000000	      0.00000000	     53.13583759	      4.08092460	    -12.31809255	    -19.43124180	     -7.48850161	     -4.98473282	      0.00000000	     16.36976444	     18.01839398	      0.00000000	     51.47394131	      1.04405322	     11.38254832	    -21.13417544	     -3.98791678	     -4.98473282	      0.00000000	     14.53222778	     -0.14922321	      0.00000000
      4.53333333	    105.49084564	      4.51237154	    176.39920634	      0.09617375	     -0.37121926	     -0.55656429	     22.98095326	      2.88966351	      1.76189443	    -21.06446189	     -1.92905677	      4.30004400	      0.01216024	     -0.01177756	      0.00228804	      0.00000000	      0.00000000	      0.00000000	      0.01160320	     -0.05175601	     -0.01876340	      0.00000000	      0.00000000	      0.00000000	      0.02144961	     -0.04195429	     -0.00547166	    289.12976447	     61.03943146	    -21.28344556	     18.90012686	      0.00000000	      0.00000000	      0.00000000	      0.00000000	   -103.72343963	   -246.35613398	   -193.00022288	      0.00000000	      0.00000000	      0.00000000	      0.00000000	      0.00000000	     50.16766362	      3.93641073	    -14.86072922	    -19.01681629	    -11.84042530	     -4.98473282	      0.00000000	     16.17356608	     24.83941013	      0.00000000	     48.52788264	      1.18485432	     12.37752989	    -20.93115770	     -4.98233337	     -4.98473282	      0.00000000	     14.28217326	     -0.05062918	      0.00000000
      4.56666667	    102.03069081	      5.11984456	    177.19663945	      0.09764922	     -0.36879000	     -0.55699388	     19.34129375	      2.55830822	      1.25326243	    -20.14175264	     -0.72500277	      4.31519076	      0.01097022	     -0.01442883	      0.00531250	      0.00000000	      0.00000000	      0.00000000	      0.01495568	     -0.05901014	     -0.01682760	      0.00000000	      0.00000000	      0.00000000	      0.02090119	     -0.04125785	     -0.00164166	    284.72941983	     63.16721457	    -20.70058011	     12.95651128	      0.00000000	      0.00000000	      0.00000000	      0.00000000	   -101.85491027	   -245.78873092	   -190.17193402	      1.11078607	      0.00000000	      0.00000000	      0.00000000	      0.00000000	     46.20736821	      4.03121477	    -16.40218003	    -18.05957497	    -13.54027698	     -4.98473282	      0.00000000	     15.70225171	     24.98095987	      0.00000000	     44.89529822	      1.39020397	     14.42832937	    -20.69263748	     -5.06594627	     -4.98473282	      0.00000000	     15.02645662	     -1.16763492	      0.00000000
      4.60000000	    100.37981883	      5.59282230	    177.98970950	      0.09879624	     -0.36737473	     -0.55698676	     17.84868504	      2.35993376	      0.66756234	    -20.08598707	      0.53664302	      4.77404773	      0.00995530	     -0.01561648	      0.00732436	      0.00000000	      0.00000000	      0.00000000	      0.01731091	     -0.05834291	     -0.01447512	      0.00000000	      0.00000000	      0.00000000	      0.02098180	     -0.03782929	      0.00330422	    285.11925882	     63.88816072	    -22.83290539	     11.01442564	      0.00000000	      0.00000000	      0.00000000	      0.00000000	   -101.71119820	   -245.24440581	   -189.56577998	      1.55559435	      0.00000000	      0.00000000	      0.00000000	      0.00000000	     44.27024204	      3.76112872	    -17.62788612	    -17.71299250	    -13.06831186	     -4.98473282	      0.00000000	     15.31340578	     24.42114582	      0.00000000	     43.18967098	      1.72741397	     17.12893755	    -20.48830589	     -4.46075695	     -4.98473282	      0.00000000	     15.86672080	     -2.85849293	      0.00000000
      4.63333333	     99.32192190	      6.27678471	    178.52690926	      0.09963194	     -0.36622770	     -0.55691690	     16.74069500	      2.69081478	      0.41803395	    -20.18654972	      1.16337628	      5.14384177	      0.00705827	     -0.01633471	      0.00923886	      0.00000000	      0.00000000	      0.00000000	      0.01696909	     -0.05189111	     -0.01247244	      0.00000000	      0.00000000	      0.00000000	      0.02093020	     -0.03619113	      0.00618156	    289.08382621	     63.69218573	    -30.19541531	     13.13409426	      0.00000000	      0.00000000	      0.00000000	      0.00000000	   -101.03786892	   -245.97662757	   -191.91360447	      0.00000000	      0.00000000	      0.00000000	      0.00000000	      0.00000000	     42.77627749	      3.83794075	    -19.08240102	    -17.13040567	    -10.33560526	     -4.98473282	      0.00000000	     15.12584082	     22.08533328	      0.00000000	     42.24811147	      1.87637262	     21.01662575	    -21.00023695	     -3.25818841	     -4.98473282	      0.00000000	     16.68686474	     -5.98094565	      0.00000000
      4.66666667	     99.54044266	      6.07030888	    178.33226942	      0.10100060	     -0.36564900	     -0.55616125	     17.17855898	      2.49544735	      0.98624037	    -20.78577212	      1.72972039	      5.07970216	      0.00524432	     -0.01530666	      0.00888391	      0.00000000	      0.00000000	      0.00000000	      0.01651254	     -0.04398052	     -0.01140634	      0.00000000	      0.00000000	      0.00000000	      0.02306781	     -0.03694317	      0.00940004	    293.78250670	     63.30804258	    -34.13928532	     15.62461142	      0.00000000	      0.00000000	      0.00000000	      0.00000000	   -100.22520659	   -245.93413040	   -195.33181494	      0.00000000	      0.00000000	      0.00000000	      0.00000000	      0.00000000	     43.00040692	      3.36760602	    -21.00306418	    -17.28200922	     -8.10428718	     -4.98473282	      0.00000000	     15.84833843	     22.63048372	      0.00000000	     42.54319702	      2.14532477	     21.95323631	    -21.39204474	     -2.51007110	     -4.98473282	      0.00000000	     18.12037598	     -7.67981486	      0.00000000
      4.70000000	    100.20638421	      5.89613266	    178.12563220	      0.10289096	     -0.36554286	     -0.55581662	     18.11549397	      2.31609250	      1.28404812	    -21.50224012	      2.03981864	      4.90097175	      0.00461517	     -0.01302263	      0.00884795	      0.00000000	      0.00000000	      0.00000000	      0.01681324	     -0.04100517	     -0.01478119	      0.00000000	      0.00000000	      0.00000000	      0.02420196	     -0.03777306	      0.00934658	    292.92591346	     62.94461464	    -31.31108870	     14.19780183	      0.00000000	      0.00000000	      0.00000000	      0.00000000	   -100.00923894	   -246.17089491	   -195.75466557	      0.00000000	      0.00000000	      0.00000000	      0.00000000	      0.00000000	     43.73341327	      3.30521740	    -21.99281090	    -17.28000409	     -8.61601037	     -4.98473282	      0.00000000	     16.86476369	     23.74539814	      0.00000000	     43.34161267	      2.33644447	     22.17140533	    -21.90745861	     -3.21073824	     -4.98473282	      0.00000000	     19.09078979	     -7.61316336	      0.00000000
      4.73333333	    100.94181592	      5.29563544	    177.52738327	      0.10458564	     -0.36568104	     -0.55489927	     19.09261561	      2.00380219	      2.03730532	    -21.81087222	      2.10022691	      4.77926884	      0.00553082	     -0.01118458	      0.00830087	      0.00000000	      0.00000000	      0.00000000	      0.01752780	     -0.04380820	     -0.01895781	      0.00000000	      0.00000000	      0.00000000	      0.02508680	     -0.03895094	      0.00832482	    287.86236307	     63.24867708	    -24.38692527	      9.59861416	      0.00000000	      0.00000000	      0.00000000	      0.00000000	   -100.42129895	   -246.49622026	   -193.15060833	      0.00000000	      0.00000000	      0.00000000	      0.00000000	      0.00000000	     44.65734571	      3.29590686	    -21.46501692	    -17.30360412	     -9.57534175	     -4.98473282	      0.00000000	     17.60577542	     24.17503530	      0.00000000	     44.01696448	      2.45293585	     20.88468620	    -21.73228693	     -5.39642768	     -4.98473282	      0.00000000	     19.90650742	     -4.68610789	      0.00000000
      4.76666667	    101.28960333	      4.49106188	    176.85513536	      0.10588869	     -0.36567516	     -0.55313939	     19.41741750	      1.63165763	      2.83653241	    -22.02851169	      1.41204777	      4.74726906	      0.00529440	     -0.00895963	      0.00937052	      0.00000000	      0.00000000	      0.00000000	      0.01893395	     -0.04539102	     -0.02027754	      0.00000000	      0.00000000	      0.00000000	      0.02467691	     -0.03949639	      0.00827307	    284.94344615	     63.87520552	    -21.09696779	      6.70903280	      0.00000000	      0.00000000	      0.00000000	      0.00000000	   -100.26746327	   -246.53253161	   -191.45497190	      0.00000000	      0.00000000	      0.00000000	      0.00000000	      0.00000000	     45.32403381	      3.30684110	    -18.80956622	    -17.60438659	     -8.75793470	     -4.98473282	      0.00000000	     17.66574048	     20.86314312	      0.00000000	     44.32173758	      2.78431426	     19.76435467	    -21.50270930	     -7.16587851	     -4.98473282	      0.00000000	     20.01748385	     -2.10346236	      0.00000000
      4.80000000	    101.91157209	      3.70284273	    176.35435331	      0.10584443	     -0.36530544	     -0.55124204	     20.02777805	      1.30619613	      3.08361412	    -21.57082167	      1.22533846	      4.68490007	      0.00680981	     -0.00918029	      0.00773722	      0.00000000	      0.00000000	      0.00000000	      0.02220034	     -0.04421758	     -0.02251020	      0.00000000	      0.00000000	      0.00000000	      0.02310324	     -0.03828461	      0.00856033	    285.30484142	     63.50321419	    -20.65351680	      7.80733652	      0.00000000	      0.00000000	      0.00000000	      0.00000000	   -100.49251957	   -245.72615664	   -192.60532859	      0.38323227	      0.00000000	      0.00000000	      0.00000000	      0.00000000	     46.36687109	      2.98249202	    -16.55894400	    -18.24737688	     -6.47290392	     -4.98473282	      0.00000000	     16.66362976	     17.02505094	      0.00000000	     44.85376564	      3.21649546	     19.26349775	    -20.98142865	     -7.25796060	     -4.98473282	      0.00000000	     19.29942919	     -1.61118203	      0.00000000
      4.83333333	    102.94587070	      2.79456723	    176.07283036	      0.10505639	     -0.36554179	     -0.55015498	     21.13463522	      0.62880323	      3.33602188	    -21.31119340	      1.23110287	      4.83654537	      0.00758088	     -0.00958160	      0.00756935	      0.00000000	      0.00000000	      0.00000000	      0.02554193	     -0.03531794	     -0.02576423	      0.00000000	      0.00000000	      0.00000000	      0.02117176	     -0.03752297	      0.00883620	    291.07768091	     61.13583676	    -23.98145405	     14.08247512	      0.00000000	      0.00000000	      0.00000000	      0.00000000	   -100.25895304	   -244.71034457	   -194.96689253	      1.55241272	      0.00000000	      0.00000000	      0.00000000	      0.00000000	     47.99216699	      2.42758497	    -14.64482171	    -19.31823519	     -4.90168537	     -4.98473282	      0.00000000	     15.64534960	     14.22722125	      0.00000000	     45.74165483	      3.80454111	     18.76055505	    -20.32460439	     -5.88533607	     -4.98473282	      0.00000000	     17.68506827	     -3.91498075	      0.00000000
      4.86666667	    102.84407362	      1.95252808	    176.31232048	      0.10351911	     -0.36770649	     -0.55003147	     21.01463318	     -0.44393850	      3.35833157	    -19.92949452	      1.44274472	      4.64294919	      0.00989315	     -0.01293693	      0.00795380	      0.00000000	      0.00000000	      0.00000000	      0.02437777	     -0.02989788	     -0.02529746	      0.00000000	      0.00000000	      0.00000000	      0.01900085	     -0.03790370	      0.00794613	    294.04062978	     60.12572389	    -24.03500575	     16.65210759	      0.00000000	      0.00000000	      0.00000000	      0.00000000	    -99.87945427	   -244.48462343	   -195.93546271	      1.79960703	      0.00000000	      0.00000000	      0.00000000	      0.00000000	     48.06299115	      1.55482056	    -14.49900505	    -19.81700754	     -5.61872568	     -4.98473282	      0.00000000	     16.19871613	     15.60953054	      0.00000000	     45.38891924	      4.69636630	     18.73574604	    -19.93218964	     -5.41655599	     -4.98473282	      0.00000000	     16.28818260	     -5.93603260	      0.00000000
      4.90000000	    102.03020349	      1.59542563	    176.76791429	      0.10138066	     -0.37185065	     -0.55127607	     20.21108355	     -1.26383313	      2.99660327	    -18.93550531	      1.95713428	      4.74480071	      0.01200442	     -0.01554367	      0.00777421	      0.00000000	      0.00000000	      0.00000000	      0.02101404	     -0.02846964	     -0.02322754	      0.00000000	      0.00000000	      0.00000000	      0.01640469	     -0.04228082	      0.00575050	    295.46652329	     60.45905134	    -24.38015161	     16.51896825	      0.00000000	      0.00000000	      0.00000000	      0.00000000	    -99.01263483	   -245.02414055	   -196.54626786	      0.50652098	      0.00000000	      0.00000000	      0.00000000	      0.00000000	     46.95942042	      1.18341563	    -14.39686465	    -19.56106853	    -10.01985476	     -4.98473282	      0.00000000	     18.12345508	     20.60214698	      0.00000000	     44.11656294	      5.07301512	     17.87439646	    -19.50913121	     -4.92788006	     -4.98473282	      0.00000000	     15.24797046	     -6.94121503	      0.00000000
      4.93333333	    101.48651193	      1.79834248	    177.07704512	      0.09898683	     -0.37706364	     -0.55288572	     19.73085694	     -1.44428919	      2.19984029	    -18.50226164	      2.32893186	      4.85414839	      0.01335216	     -0.01637369	      0.00685484	      0.00000000	      0.00000000	      0.00000000	      0.01744393	     -0.03208226	     -0.01852915	      0.00000000	      0.00000000	      0.00000000	      0.01255977	     -0.04777109	      0.00409795	    296.47265995	     61.87741177	    -25.32034739	     15.82950119	      0.00000000	      0.00000000	      0.00000000	      0.00000000	    -98.10918623	   -244.85853328	   -196.01314629	      0.00000000	      0.00000000	      0.00000000	      0.00000000	      0.00000000	     45.88436318	      1.46593031	    -13.90111016	    -19.13064741	    -12.79139441	     -4.98473282	      0.00000000	     19.43757547	     22.82245900	      0.00000000	     43.11874840	      4.76995580	     16.61833364	    -19.24630414	     -5.47908657	     -4.98473282	      0.00000000	     15.71892935	     -5.31517432	      0.00000000
      4.96666667	    100.73174425	      1.97246393	    177.08034581	      0.09556057	     -0.38332128	     -0.55358618	     19.06204910	     -1.28437010	      2.08957839	    -18.62492687	      1.85897485	      5.06981742	      0.01413868	     -0.01551494	      0.00640121	      0.00000000	      0.00000000	      0.00000000	      0.01497065	     -0.03455123	     -0.01676035	      0.00000000	      0.00000000	      0.00000000	      0.00875927	     -0.05613690	      0.00053309	    298.31417758	     61.36933809	    -25.66153406	     17.95892576	      0.00000000	      0.00000000	      0.00000000	      0.00000000	    -97.26075663	   -244.61554287	   -194.38109334	      1.00256811	      0.00000000	      0.00000000	      0.00000000	      0.00000000	     44.47643986	      1.79955247	    -12.29526042	    -18.63201208	    -14.89690267	     -4.98473282	      0.00000000	     20.03270784	     24.52774341	      0.00000000	     41.74447494	      4.23755070	     14.95645948	    -18.85900516	     -6.03055397	     -4.98473282	      0.00000000	     16.52724251	     -2.69736740	      0.00000000
      5.00000000	    101.02352134	      1.97548815	    176.79796568	      0.09171870	     -0.38962917	     -0.55387452	     19.54726273	     -1.16548938	      2.18573350	    -19.16650441	      1.08896719	      5.22849309	      0.01434741	     -0.01297230	      0.00680266	      0.00000000	      0.00000000	      0.00000000	      0.01350990	     -0.03549290	     -0.01582484	      0.00000000	      0.00000000	      0.00000000	      0.01545551	     -0.04354566	      0.00719126	    300.95600764	     59.39609984	    -24.00055424	     22.35485570	      0.00000000	      0.00000000	      0.00000000	      0.00000000	   -108.20699323	   -236.22841365	   -173.48556468	     19.97497742	      0.00000000	      0.00000000	      0.00000000	      0.00000000	     44.56074052	      1.96257984	    -10.54762576	    -19.17177344	    -13.88142579	     -4.98473282	      0.00000000	     20.00695898	     23.49598037	      0.00000000	     41.45663031	      3.75206899	     13.44256595	    -18.36934730	     -7.41705345	     -4.98473282	      0.00000000	     16.82076338	     -0.00718044	      0.00000000
      5.03333333	    101.36374374	      1.76153125	    176.17143654	      0.08662159	     -0.39749957	     -0.55394965	     20.18650302	     -0.97984484	      2.49481497	    -20.05641960	     -0.05408358	      5.97631091	      0.01434192	     -0.01013195	      0.00736263	      0.00000000	      0.00000000	      0.00000000	      0.01333426	     -0.03555646	     -0.01951039	      0.00000000	      0.00000000	      0.00000000	      0.01506984	     -0.04073074	      0.00373724	    301.00571287	     55.91727457	    -18.57164721	     27.11985624	      0.00000000	      0.00000000	      0.00000000	      0.00000000	   -113.43041753	   -232.96341493	   -172.40541633	     26.42059114	      0.00000000	      0.00000000	      0.00000000	      0.00000000	     44.65594878	      2.12497570	     -8.52134757	    -19.75957869	    -12.75462262	     -4.98473282	      0.00000000	     20.63030825	     22.52876152	      0.00000000	     40.93526239	      3.20252778	     10.62315357	    -17.60152909	     -6.73096772	     -4.98473282	      0.00000000	     15.86762833	     -0.26979341	      0.00000000
      5.06666667	    103.02729719	      1.19800148	    175.16091124	      0.08065120	     -0.40593406	     -0.55458544	     22.29752482	     -0.97951001	      3.54614588	    -20.73172771	     -1.67889053	      6.48548475	      0.01453249	     -0.00792562	      0.01063563	      0.00000000	      0.00000000	      0.00000000	      0.01267567	     -0.02940477	     -0.01976410	      0.00000000	      0.00000000	      0.00000000	      0.01676057	     -0.03491903	      0.00109414	    303.09514728	     51.77346778	    -14.91898921	     33.20474045	      0.00000000	      0.00000000	      0.00000000	      0.00000000	   -119.21609606	   -229.78599363	   -172.02482483	     32.58118880	      0.00000000	      0.00000000	      0.00000000	      0.00000000	     46.43251292	      2.41177728	     -6.34721824	    -20.91681885	    -11.62291271	     -4.98473282	      0.00000000	     21.78695361	     19.85973198	      0.00000000	     41.63083498	      2.69524319	      7.35615340	    -16.70395469	     -5.24546622	     -4.98473282	      0.00000000	     13.84158955	     -2.23652119	      0.00000000
      5.10000000	    105.38739258	      0.34371934	    173.90336222	      0.07396148	     -0.41600847	     -0.55555814	     25.29337994	     -0.88285044	      4.84043308	    -20.39156818	     -3.07486548	      6.78935533	      0.01730118	     -0.00874100	      0.01260853	      0.00000000	      0.00000000	      0.00000000	      0.01144642	     -0.02072288	     -0.01570866	      0.00000000	      0.00000000	      0.00000000	      0.01741382	     -0.03079919	     -0.00131148	    305.69873598	     48.31036637	    -11.63198048	     38.63361074	      0.00000000	      0.00000000	      0.00000000	      0.00000000	   -123.09306376	   -226.85245628	   -173.18767956	     37.03859589	      0.00000000	      0.00000000	      0.00000000	      0.00000000	     48.90064967	      2.81767425	     -3.68086358	    -22.14214598	    -11.40236214	     -4.98473282	      0.00000000	     22.92833166	     16.15349316	      0.00000000	     43.02882349	      2.22265634	      3.78480011	    -16.16489290	     -2.81419212	     -4.98473282	      0.00000000	     12.20145853	     -4.92829890	      0.00000000
      5.13333333	    108.20952130	     -0.56750938	    172.89273688	      0.06613810	     -0.42734108	     -0.55769888	     28.79132544	     -0.99356506	      6.26363147	    -19.17290966	     -3.60137034	      6.74712886	      0.02154192	     -0.01241595	      0.01536130	      0.00000000	      0.00000000	      0.00000000	      0.00623286	     -0.01287415	     -0.00770678	      0.00000000	      0.00000000	      0.00000000	      0.01679372	     -0.02804209	     -0.00224524	    308.31528993	     45.59093088	     -9.19137891	     42.55458156	      0.00000000	      0.00000000	      0.00000000	      0.00000000	   -124.45233475	   -224.25011935	   -175.56090969	     41.03426803	      0.00000000	      0.00000000	      0.00000000	      0.00000000	     51.68782090	      3.19665050	     -1.06221754	    -23.26878514	    -11.12452510	     -4.98473282	      0.00000000	     22.54492585	     12.43656471	      0.00000000	     45.01007880	      1.64951054	      0.50646683	    -16.12194346	      0.27171248	     -4.98473282	      0.00000000	     11.73306271	     -6.47792000	      0.00000000
      5.16666667	    110.68397681	     -1.42596837	    172.13027396	      0.05686121	     -0.43963541	     -0.55980504	     31.61352616	     -1.06477620	      7.71368378	    -17.18847129	     -3.65743770	      6.01422132	      0.02561979	     -0.01818072	      0.01633137	      0.00000000	      0.00000000	      0.00000000	     -0.00297889	     -0.00953495	     -0.00475303	      0.00000000	      0.00000000	      0.00000000	      0.01496314	     -0.02679855	      0.00005086	    308.72729748	     42.86288684	     -7.96789202	     45.89844482	      0.00000000	      0.00000000	      0.00000000	      0.00000000	   -123.29490426	   -221.14723391	   -178.22808193	     45.45597015	      0.00000000	      0.00000000	      0.00000000	      0.00000000	     53.83263512	      3.31480993	      0.21182090	    -23.73575947	     -9.88977366	     -4.98473282	      0.00000000	     20.70424987	     10.76565492	      0.00000000	     46.59818805	      1.15134818	     -1.52643420	    -16.06848069	      1.81194858	     -4.98473282	      0.00000000	     12.36570330	     -5.57695887	      0.00000000
      5.20000000	    112.58321110	     -2.31113402	    171.60377869	      0.04664203	     -0.45225372	     -0.56141118	     33.47627916	     -1.39473088	      9.18967045	    -15.60641692	     -3.30279801	      4.59249544	      0.02803782	     -0.02319952	      0.01643433	      0.00000000	      0.00000000	      0.00000000	     -0.01531986	     -0.01170362	     -0.00804208	      0.00000000	      0.00000000	      0.00000000	      0.01273139	     -0.02512759	      0.00540027	    306.70268551	     39.77464791	     -7.18670055	     48.96088506	      0.00000000	      0.00000000	      0.00000000	      0.00000000	   -121.25711117	   -217.80821616	   -180.52109808	     49.67769973	      0.00000000	      0.00000000	      0.00000000	      0.00000000	     55.49718047	      3.10298501	      0.37931659	    -24.15940879	     -7.79901975	     -4.98473282	      0.00000000	     18.21315427	     11.98615787	      0.00000000	     47.74236571	      0.96884578	     -2.76199991	    -16.12269755	      2.10617507	     -4.98473282	      0.00000000	     13.10016090	     -3.62991409	      0.00000000
      5.23333333	    114.76522851	     -3.70252725	    170.61958599	      0.03585374	     -0.46502936	     -0.56252409	     35.73747159	     -2.03136935	     11.29474079	    -15.75020408	     -2.06827293	      2.16039995	      0.02915465	     -0.02505683	      0.01457316	      0.00000000	      0.00000000	      0.00000000	     -0.02710340	     -0.01631669	     -0.01234685	      0.00000000	      0.00000000	      0.00000000	      0.01188082	     -0.02064106	      0.01352024	    304.50715141	     36.43039306	     -5.91907882	     52.22266007	      0.00000000	      0.00000000	      0.00000000	      0.00000000	   -120.31785653	   -214.35708150	   -182.75959467	     52.75793946	      0.00000000	      0.00000000	      0.00000000	      0.00000000	     57.83716810	      3.03953894	      0.15192665	    -24.73638577	     -6.42161925	     -4.98473282	      0.00000000	     14.94167746	     15.23911151	      0.00000000	     49.17472298	      0.98195413	     -4.51593217	    -15.67275249	      0.74882769	     -4.98473282	      0.00000000	     12.97422113	     -1.27027467	      0.00000000
      5.26666667	    116.85610236	     -5.00378822	    169.77138220	      0.02558877	     -0.47772637	     -0.56332449	     37.79449897	     -2.73066003	     12.93258550	    -17.36112637	      0.00159611	     -1.07015335	      0.02918207	     -0.02333242	      0.00883065	      0.00000000	      0.00000000	      0.00000000	     -0.03571208	     -0.01710705	     -0.01481119	      0.00000000	      0.00000000	      0.00000000	      0.01061797	     -0.01762838	      0.02329724	    304.04075767	     33.53853880	     -4.95193362	     55.64035037	      0.00000000	      0.00000000	      0.00000000	      0.00000000	   -119.96829471	   -211.10666156	   -184.29334430	     54.75896964	      0.00000000	      0.00000000	      0.00000000	      0.00000000	     60.14011005	      3.25171957	      0.85385194	    -25.39487235	     -8.30064471	     -4.98473282	      0.00000000	     11.97556365	     20.67287947	      0.00000000	     50.66188974	      1.21119261	     -6.09652266	    -15.05376159	     -1.89005711	     -4.98473282	      0.00000000	     12.17552945	      0.81098951	      0.00000000
      5.30000000	    117.44259296	     -5.23601604	    169.31049346	      0.01648521	     -0.49035434	     -0.56494201	     37.80574085	     -3.16139044	     13.20185337	    -19.55270694	      1.59251971	     -3.32089468	      0.02917716	     -0.01962829	      0.00408544	      0.00000000	      0.00000000	      0.00000000	     -0.04029624	     -0.01373129	     -0.01384872	      0.00000000	      0.00000000	      0.00000000	      0.00740018	     -0.01796784	      0.03090654	    305.42798937	     31.56761762	     -4.75668052	     59.21915366	      0.00000000	      0.00000000	      0.00000000	      0.00000000	   -119.62881979	   -207.94407813	   -184.56382695	     57.58427473	      0.00000000	      0.00000000	      0.00000000	      0.00000000	     60.46492973	      3.76401918	      1.56160906	    -25.89762080	    -11.53868478	     -4.98473282	      0.00000000	     10.26590602	     24.98095987	      0.00000000	     50.80833227	      1.16312323	     -6.35314453	    -15.29784970	     -3.88626897	     -4.98473282	      0.00000000	     11.84375605	      1.93672449	      0.00000000
      5.33333333	    117.37571616	     -4.20278796	    169.53198422	      0.00865008	     -0.50334836	     -0.56860278	     36.88007704	     -3.24037036	     11.85381729	    -22.02141454	      2.72607473	     -4.42239623	      0.03032737	     -0.01498081	      0.00101051	      0.00000000	      0.00000000	      0.00000000	     -0.04053440	     -0.00841852	     -0.00996002	      0.00000000	      0.00000000	      0.00000000	      0.00047807	     -0.01995959	      0.03461235	    308.77844218	     29.64715378	     -5.17748545	     63.68389298	      0.00000000	      0.00000000	      0.00000000	      0.00000000	   -118.98503225	   -205.10764995	   -183.46171983	     61.87912432	      0.00000000	      0.00000000	      0.00000000	      0.00000000	     59.39248018	      4.56987575	      1.73525375	    -25.90745224	    -12.96641613	     -4.98473282	      0.00000000	      9.89316201	     24.98095987	      0.00000000	     50.23808541	      0.49796749	     -5.87101464	    -16.31270304	     -4.54316472	     -4.98473282	      0.00000000	     12.48672344	      2.71707433	      0.00000000
      5.36666667	    115.90371509	     -1.21762506	    170.75296770	      0.00159067	     -0.51706485	     -0.57381507	     33.91379172	     -2.16293044	      8.34649977	    -23.24892920	      3.21125561	     -4.13366151	      0.03293167	     -0.01335930	     -0.00281729	      0.00000000	      0.00000000	      0.00000000	     -0.03761769	     -0.01039194	     -0.00971671	      0.00000000	      0.00000000	      0.00000000	     -0.00856015	     -0.01962434	      0.03421117	    310.84561875	     27.27796649	     -5.51190194	     69.41455642	      0.00000000	      0.00000000	      0.00000000	      0.00000000	   -119.53344304	   -202.44057884	   -180.59074125	     67.29930327	      0.00000000	      0.00000000	      0.00000000	      0.00000000	     55.96618159	      5.54490634	      0.01248042	    -24.98116823	    -13.89159934	     -4.98473282	      0.00000000	     10.42023398	     24.98095987	      0.00000000	     48.26652648	     -1.04217009	     -3.91566681	    -18.19529686	     -4.98207148	     -4.98473282	      0.00000000	     14.41412224	      5.87683380	      0.00000000
      5.40000000	    114.79824669	      1.89809758	    172.66750556	     -0.00520368	     -0.53289957	     -0.58084429	     32.08904133	     -1.22397768	      4.59815610	    -23.91054143	      3.73032444	     -2.47789748	      0.03937283	     -0.01418497	     -0.00293249	      0.00000000	      0.00000000	      0.00000000	     -0.03199216	     -0.01758235	     -0.00940197	      0.00000000	      0.00000000	      0.00000000	     -0.01620755	     -0.01347609	      0.03550202	    313.02527069	     23.72469809	     -4.67415052	     75.67769125	      0.00000000	      0.00000000	      0.00000000	      0.00000000	   -120.38508525	   -200.52078510	   -178.72899893	     71.25728687	      0.00000000	      0.00000000	      0.00000000	      0.00000000	     52.57733827	      6.44910760	     -2.28926218	    -23.71977006	    -14.38732615	     -4.98473282	      0.00000000	     11.38994316	     24.10089204	      0.00000000	     46.55423622	     -2.86995586	     -2.81700995	    -19.70076151	     -2.96971338	     -4.98473282	      0.00000000	     15.14702554	      8.77171645	      0.00000000
      5.43333333	    109.33370458	      6.70944667	    176.12550417	     -0.01348003	     -0.55154332	     -0.58680410	     25.26460699	      1.33465499	     -0.85520591	    -23.23191929	      1.72431240	      0.43800643	      0.04193276	     -0.01914589	      0.00027936	      0.00000000	      0.00000000	      0.00000000	     -0.03396710	     -0.03344900	     -0.01198023	      0.00000000	      0.00000000	      0.00000000	     -0.02505625	     -0.00820145	      0.03600567	    312.50685041	     22.75049840	     -3.83857295	     79.46728814	      0.00000000	      0.00000000	      0.00000000	      0.00000000	   -121.97263335	   -198.79294853	   -176.86160194	     73.68694603	      0.00000000	      0.00000000	      0.00000000	      0.00000000	     43.23215807	      7.55509208	     -9.12197824	    -20.67568110	     -9.46507804	     -4.98473282	      0.00000000	     11.91030780	     17.13735784	      0.00000000	     40.39143790	     -5.54902183	     -0.02546623	    -20.46022511	     -1.40389332	     -4.21437665	      0.00000000	     15.49779002	     12.68875082	      0.00000000
      5.46666667	    101.91292931	      9.53639725	    179.97083538	     -0.02224525	     -0.57224617	     -0.59163711	     17.10271958	      2.60273332	     -4.28990949	    -22.10199451	      1.09673594	      2.61121435	      0.04383927	     -0.02412562	      0.00480084	      0.00000000	      0.00000000	      0.00000000	     -0.03765907	     -0.04502771	     -0.01189842	      0.00000000	      0.00000000	      0.00000000	     -0.02758602	     -0.00364156	      0.03861470	    312.39089958	     21.42888096	     -3.53305444	     82.65741178	      0.00000000	      0.00000000	      0.00000000	      0.00000000	   -122.23958202	   -196.40991029	   -176.41569889	     76.38037990	      0.00000000	      0.00000000	      0.00000000	      0.00000000	     31.78195708	      8.38471628	    -16.13255714	    -17.05212461	     -3.98831068	     -4.98473282	      0.00000000	     11.28642583	     10.76429320	      0.00000000	     31.69387556	     -7.63727507	      1.25591663	    -19.53193014	      0.28330306	     -3.24576266	      0.00000000	     15.21430873	     15.57241001	      0.00000000
      5.50000000	     83.37480492	      9.13944331	    185.56160714	     -0.03324150	     -0.60085280	     -0.59348462	     -3.06076577	      2.21380441	     -5.86541667	    -19.87958712	      1.93317752	      3.26365345	      0.04112163	     -0.02509003	      0.00945818	      0.00000000	      0.00000000	      0.00000000	     -0.04660792	     -0.04888561	     -0.00889220	      0.00000000	      0.00000000	      0.00000000	     -0.02437738	     -0.00020868	      0.03775901	    312.56837599	     20.71183574	     -5.58364744	     84.96619360	      0.00000000	      0.00000000	      0.00000000	      0.00000000	   -120.91392140	   -193.53312302	   -175.95469815	     81.44443095	      0.00000000	      0.00000000	      0.00000000	      0.00000000	      6.56367799	      8.58021968	    -27.06994699	     -9.86472564	      5.33924282	     -4.98473282	      0.00000000	     10.92712728	     10.00167080	      0.00000000	      8.57927124	     -8.29193618	     -2.03386656	    -14.55299904	      4.31834650	     -3.69451449	      0.00000000	     14.63706454	     16.67564231	      0.00000000
      5.53333333	     82.82808069	      8.41220100	    185.55682751	     -0.03686078	     -0.61268751	     -0.59213045	     -3.66367393	      1.54412243	     -5.49369111	    -19.42030131	      1.54331388	      4.10371255	      0.04121885	     -0.02530347	      0.01324767	      0.00000000	      0.00000000	      0.00000000	     -0.05350950	     -0.04301070	     -0.00608375	      0.00000000	      0.00000000	      0.00000000	     -0.01812271	     -0.00224760	      0.02961917	    312.74085538	     18.84708885	     -6.35167105	     86.95271826	      0.00000000	      0.00000000	      0.00000000	      0.00000000	   -120.85885327	   -188.44049754	   -175.85834771	     88.39181621	      0.00000000	      0.00000000	      0.00000000	      0.00000000	      4.73424355	      7.76486271	    -27.51644954	     -9.52682894	      6.61672498	     -4.98473282	      0.00000000	     11.78343183	     12.06736397	      0.00000000	      6.68836155	     -7.67056641	     -3.23408107	    -14.51438227	      4.39237797	     -4.21318539	      0.00000000	     15.58936918	     15.48539842	      0.00000000
      5.56666667	     82.79471637	      7.70269586	    184.66640776	     -0.03864501	     -0.61963106	     -0.58934417	     -4.28261639	      0.89254771	     -4.19860259	    -18.41241902	      1.37989644	      4.14623804	      0.03830410	     -0.02460527	      0.01612392	      0.00000000	      0.00000000	      0.00000000	     -0.05844582	     -0.03597843	     -0.00402556	      0.00000000	      0.00000000	      0.00000000	     -0.01431247	     -0.00775799	      0.02166171	    313.08963313	     16.44773267	     -8.03269015	     89.51220151	      0.00000000	      0.00000000	      0.00000000	      0.00000000	   -120.42343699	   -184.15278880	   -174.57123453	     94.53294725	      0.00000000	      0.00000000	      0.00000000	      0.00000000	      4.29655029	      6.65520404	    -26.94905399	    -10.22439457	      8.07758595	     -4.98473282	      0.00000000	     13.27606645	     13.83273918	      0.00000000	      5.25358726	     -6.92735271	     -3.88781084	    -14.35620969	      3.09243172	     -4.26981283	      0.00000000	     16.95209248	     13.18431849	      0.00000000
      5.60000000	     82.88190724	      7.14026280	    183.37152874	     -0.03879952	     -0.62357647	     -0.58556647	     -4.86306334	      0.50181820	     -2.86354963	    -17.58864788	      1.00625153	      4.27964602	      0.03516975	     -0.02261181	      0.01783206	      0.00000000	      0.00000000	      0.00000000	     -0.05831070	     -0.02752560	     -0.00197252	      0.00000000	      0.00000000	      0.00000000	     -0.01223637	     -0.01065973	      0.01858611	    314.45213004	     14.20405172	     -9.55199766	     91.91153623	      0.00000000	      0.00000000	      0.00000000	      0.00000000	   -120.69790734	   -180.47096872	   -172.70379208	     98.33160935	      0.00000000	      0.00000000	      0.00000000	      0.00000000	      4.26068846	      5.64619424	    -25.57352947	    -10.99844363	      8.77291837	     -4.98473282	      0.00000000	     14.13812064	     15.06822537	      0.00000000	      4.04066574	     -6.17550601	     -4.24942680	    -13.84492928	      1.47514460	     -3.86909618	      0.00000000	     17.58323541	     10.01833678	      0.00000000
      5.63333333	     83.39466779	      6.94241903	    181.88291084	     -0.03764453	     -0.62515880	     -0.58304370	     -5.03053324	      0.36803681	     -1.46344573	    -17.10838808	      0.24641233	      4.89574953	      0.03202153	     -0.01959286	      0.02138595	      0.00000000	      0.00000000	      0.00000000	     -0.05693901	     -0.02230751	     -0.00269293	      0.00000000	      0.00000000	      0.00000000	     -0.01186524	     -0.01047726	      0.02193133	    315.61693734	     12.58730724	    -11.54303554	     93.68241684	      0.00000000	      0.00000000	      0.00000000	      0.00000000	   -121.03629485	   -178.14110894	   -171.01440535	     99.47719294	      0.00000000	      0.00000000	      0.00000000	      0.00000000	      4.95426804	      5.48617837	    -21.27079226	    -11.65351897	      6.05224764	     -4.98473282	      0.00000000	     13.72226383	     14.22758347	      0.00000000	      3.57443599	     -5.96746712	     -3.14478155	    -13.28363775	      0.41643710	     -2.55977878	      0.00000000	     16.46769210	      4.17099530	      0.00000000
      5.66666667	     84.97730639	      7.10885014	    180.62262629	     -0.03563746	     -0.62551035	     -0.58232905	     -3.82056199	      0.55731701	     -0.38822347	    -16.72701347	     -0.45323477	      5.29719446	      0.03098454	     -0.01728054	      0.02438060	      0.00000000	      0.00000000	      0.00000000	     -0.05533813	     -0.01719783	     -0.00496075	      0.00000000	      0.00000000	      0.00000000	     -0.01092427	     -0.00975818	      0.02515509	    316.27621848	     11.46800519	    -13.50445928	     94.94955052	      0.00000000	      0.00000000	      0.00000000	      0.00000000	   -121.74379758	   -177.03959837	   -169.95536750	     99.98914307	      0.00000000	      0.00000000	      0.00000000	      0.00000000	      6.97569557	      5.87751335	    -17.63281340	    -12.45844688	      2.87325891	     -4.98473282	      0.00000000	     12.71958524	     12.08646533	      0.00000000	      4.84738980	     -6.33949198	     -2.44353103	    -13.27094142	     -0.51140510	     -1.32696070	      0.00000000	     14.61352637	     -0.96140736	      0.00000000
      5.70000000	     86.78959233	      7.23882220	    180.07126809	     -0.03403467	     -0.62572061	     -0.58286410	     -2.09474054	      0.73722549	      0.15228317	    -16.57256659	     -0.94943655	      5.80293475	      0.03090374	     -0.01576679	      0.02741904	      0.00000000	      0.00000000	      0.00000000	     -0.05297452	     -0.01180718	     -0.00975210	      0.00000000	      0.00000000	      0.00000000	     -0.01029285	     -0.01087052	      0.02402585	    315.70930972	     10.17255577	    -14.59546173	     95.78262817	      0.00000000	      0.00000000	      0.00000000	      0.00000000	   -122.66409080	   -177.34315547	   -169.27306031	    100.44226371	      0.00000000	      0.00000000	      0.00000000	      0.00000000	      9.08311666	      6.26733572	    -15.41069346	    -12.80708794	      0.68527379	     -4.98473282	      0.00000000	     12.06656090	      9.69725283	      0.00000000	      6.86516900	     -6.49569716	     -1.83456830	    -13.69993425	     -1.35880759	     -0.89539677	      0.00000000	     11.64400098	     -5.86390329	      0.00000000
      5.73333333	     89.74858071	      7.54480563	    180.26106829	     -0.03285072	     -0.62442881	     -0.58512538	      1.09022656	      0.77952461	     -0.28704195	    -17.10356154	     -0.77299952	      6.00202266	      0.02974529	     -0.01402996	      0.03064791	      0.00000000	      0.00000000	      0.00000000	     -0.05061708	     -0.00744795	     -0.01306905	      0.00000000	      0.00000000	      0.00000000	     -0.00994567	     -0.01504598	      0.02254204	    314.46002755	      9.23014462	    -13.40866805	     95.40854738	      0.00000000	      0.00000000	      0.00000000	      0.00000000	   -122.51394392	   -177.69255577	   -168.71489874	    100.89797816	      0.00000000	      0.00000000	      0.00000000	      0.00000000	     12.46838985	      6.81321341	    -14.33604301	    -12.93270211	     -0.41398215	     -4.98473282	      0.00000000	     11.96034210	      6.89293699	      0.00000000	     10.81872376	     -6.83147518	     -2.64625732	    -14.86863844	      1.16258686	     -1.45549122	      0.00000000	      9.84367592	     -8.60879757	      0.00000000
      5.76666667	     90.51127431	      7.77333984	    180.85291784	     -0.03270999	     -0.62375754	     -0.58652292	      2.01576833	      0.85200922	     -0.88492205	    -17.07210560	     -0.56805939	      5.69375449	      0.02791959	     -0.01274140	      0.03206055	      0.00000000	      0.00000000	      0.00000000	     -0.04703555	     -0.00521029	     -0.01547856	      0.00000000	      0.00000000	      0.00000000	     -0.00965956	     -0.01832725	      0.02101718	    312.48679183	      8.54922454	    -10.86339282	     94.93842776	      0.00000000	      0.00000000	      0.00000000	      0.00000000	   -121.99849330	   -177.66758301	   -168.78780274	    101.00226507	      0.00000000	      0.00000000	      0.00000000	      0.00000000	     13.00723438	      7.09810513	    -14.50295115	    -11.99581119	     -0.39688900	     -4.98473282	      0.00000000	     12.26749875	      6.95692187	      0.00000000	     11.76331005	     -6.87596221	     -3.75773518	    -14.38349039	      2.61387781	     -2.50097287	      0.00000000	     11.05449822	     -3.93617149	      0.00000000
      5.80000000	     91.25866386	      8.04638464	    181.26271151	     -0.03215050	     -0.62177962	     -0.58726844	      3.16507013	      0.99685179	     -1.52565195	    -16.93671743	     -0.37586353	      4.91699777	      0.02653815	     -0.01129739	      0.03169126	      0.00000000	      0.00000000	      0.00000000	     -0.04452932	     -0.00407241	     -0.01548673	      0.00000000	      0.00000000	      0.00000000	     -0.00908404	     -0.01692127	      0.02042836	    311.06507045	      8.68173844	     -8.02408230	     93.75053061	      0.00000000	      0.00000000	      0.00000000	      0.00000000	   -121.93920522	   -177.38902184	   -169.60306987	    100.73580095	      0.00000000	      0.00000000	      0.00000000	      0.00000000	     13.55535563	      7.53296967	    -14.69780592	    -10.98905409	     -0.61113907	     -4.98473282	      0.00000000	     12.36028739	      7.75695433	      0.00000000	     12.57834591	     -7.11848700	     -6.69416571	    -13.44351564	      4.54316185	     -3.60052119	      0.00000000	     14.30006488	      5.88573120	      0.00000000
      5.83333333	     91.86877649	      8.24185421	    181.69876548	     -0.03121524	     -0.61698409	     -0.58665609	      4.05559606	      1.13859799	     -2.44639310	    -16.42593485	     -0.20773859	      3.48088655	      0.02423277	     -0.01025561	      0.02869096	      0.00000000	      0.00000000	      0.00000000	     -0.04469299	     -0.00929466	     -0.01578671	      0.00000000	      0.00000000	      0.00000000	     -0.00992339	     -0.01402130	      0.02074898	    308.89295172	      9.87343393	     -6.23529744	     92.44763866	      0.00000000	      0.00000000	      0.00000000	      0.00000000	   -121.53444843	   -177.97432731	   -171.32424155	    100.09961787	      0.00000000	      0.00000000	      0.00000000	      0.00000000	     14.41032988	      7.77352972	    -15.01886424	    -10.70490457	     -1.74368096	     -4.98473282	      0.00000000	     11.61322787	      9.53576409	      0.00000000	     13.50733019	     -7.27183966	     -8.30765739	    -12.86607148	      6.77678690	     -3.99934899	      0.00000000	     16.21138425	     13.05045433	      0.00000000
      5.86666667	     93.00906856	      8.26267121	    181.21962568	     -0.02974886	     -0.61037961	     -0.58477670	      5.61314788	      1.32409897	     -2.50522962	    -15.49536097	     -0.13094265	      1.69058455	      0.02319273	     -0.01139941	      0.02350525	      0.00000000	      0.00000000	      0.00000000	     -0.04513273	     -0.01639981	     -0.01441272	      0.00000000	      0.00000000	      0.00000000	     -0.01094293	     -0.01134499	      0.02035812	    306.75372386	     11.54973533	     -5.19997403	     91.18984229	      0.00000000	      0.00000000	      0.00000000	      0.00000000	   -121.41923993	   -180.31816290	   -173.20907658	     99.06040342	      0.00000000	      0.00000000	      0.00000000	      0.00000000	     16.24001239	      7.82100943	    -15.52137078	    -11.03027204	     -4.10964679	     -4.98473282	      0.00000000	     11.80914696	     12.67173870	      0.00000000	     14.98650458	     -7.34679237	     -9.86505890	    -12.86582661	      8.93962092	     -4.37299815	      0.00000000	     17.47441539	     18.48615261	      0.00000000
      5.90000000	     95.17651553	      8.09241434	    180.12268929	     -0.02749528	     -0.60133499	     -0.58215480	      8.26419947	      1.55143076	     -1.85637529	    -14.07379432	      0.02857474	     -0.32289649	      0.02364370	     -0.01548934	      0.01672435	      0.00000000	      0.00000000	      0.00000000	     -0.04553462	     -0.02296586	     -0.01103177	      0.00000000	      0.00000000	      0.00000000	     -0.01207862	     -0.01040014	      0.01938670	    305.10754479	     13.57158856	     -4.60586022	     89.82582494	      0.00000000	      0.00000000	      0.00000000	      0.00000000	   -121.20116773	   -184.02639332	   -174.93471568	     97.03678409	      0.00000000	      0.00000000	      0.00000000	      0.00000000	     19.70232454	      7.55864551	    -14.99611845	    -12.00487389	     -7.65645713	     -4.98473282	      0.00000000	     13.09690778	     16.34054379	      0.00000000	     17.72221871	     -7.16594594	    -10.25014616	    -13.20273741	      9.75551882	     -4.74488867	      0.00000000	     18.67960769	     21.03967553	      0.00000000
      5.93333333	    102.37410854	      7.27547358	    178.17417815	     -0.02286847	     -0.58775168	     -0.57994980	     16.60306536	      1.30690697	     -0.79053784	    -14.07919989	      0.26390340	     -0.59277785	      0.02470950	     -0.01874665	      0.01297995	      0.00000000	      0.00000000	      0.00000000	     -0.04198033	     -0.02483353	     -0.00601824	      0.00000000	      0.00000000	      0.00000000	     -0.01100804	     -0.00881672	      0.01925561	    305.13159786	     15.04766594	     -3.54163063	     88.52062309	      0.00000000	      0.00000000	      0.00000000	      0.00000000	   -120.79205184	   -186.95131082	   -176.53439664	     94.17916693	      0.00000000	      0.00000000	      0.00000000	      0.00000000	     29.38202675	      6.97817007	    -11.64454443	    -14.01506138	    -11.20980507	     -4.98473282	      0.00000000	     15.32470081	     17.46573734	      0.00000000	     26.68230712	     -6.70053106	     -6.99737299	    -14.60295952	      6.43833744	     -4.22457865	      0.00000000	     19.84154603	     20.80358384	      0.00000000
      5.96666667	    102.59003392	      6.80584991	    177.46323308	     -0.01943032	     -0.57865590	     -0.57789563	     17.10023138	      1.42570396	      0.06474974	    -12.46769133	      0.26464023	     -0.61264757	      0.02554466	     -0.02566581	      0.01032898	      0.00000000	      0.00000000	      0.00000000	     -0.03884171	     -0.02437187	     -0.00115811	      0.00000000	      0.00000000	      0.00000000	     -0.00787314	     -0.00771319	      0.01829234	    306.60387438	     17.16471871	     -3.79914788	     86.70040686	      0.00000000	      0.00000000	      0.00000000	      0.00000000	   -120.20239206	   -188.57325657	   -177.32966244	     91.65467112	      0.00000000	      0.00000000	      0.00000000	      0.00000000	     30.15199144	      6.52772587	    -11.71396202	    -13.52465825	    -10.10569414	     -4.98473282	      0.00000000	     17.60237902	     17.56402650	      0.00000000	     26.85810618	     -6.30887368	     -7.28329421	    -13.23141653	      5.23548572	     -4.53147162	      0.00000000	     19.98886237	     19.87319987	      0.00000000
      6.00000000	    103.27850355	      6.34174753	    177.15038082	     -0.01532829	     -0.56820993	     -0.57668263	     18.01464426	      1.32184346	      0.61585135	    -10.99313362	      1.05642260	     -0.31466940	      0.02583812	     -0.03215788	      0.00809618	      0.00000000	      0.00000000	      0.00000000	     -0.03486050	     -0.02284882	      0.00016920	      0.00000000	      0.00000000	      0.00000000	     -0.00211494	     -0.00682680	      0.01671337	    308.17392601	     18.61287453	     -4.40932681	     84.75699497	      0.00000000	      0.00000000	      0.00000000	      0.00000000	   -119.28267117	   -189.05844446	   -178.14380688	     90.23399156	      0.00000000	      0.00000000	      0.00000000	      0.00000000	     31.19627374	      6.18934189	    -12.07836465	    -12.96249664	     -8.81270682	     -4.98473282	      0.00000000	     19.02104687	     17.28724850	      0.00000000	     27.67131312	     -5.58632027	     -6.92185861	    -11.82215298	      3.56888803	     -4.81771471	      0.00000000	     18.81481076	     18.40534904	      0.00000000
      6.03333333	    105.26800694	      6.23190383	    177.37491021	     -0.01060788	     -0.55561081	     -0.57573754	     20.24052583	      1.42488833	      0.22377736	     -9.42605072	      1.86573228	      0.51146685	      0.02624769	     -0.03742681	      0.00681278	      0.00000000	      0.00000000	      0.00000000	     -0.02971828	     -0.02002801	     -0.00215120	      0.00000000	      0.00000000	      0.00000000	      0.00180732	     -0.00813363	      0.01448351	    308.59353894	     19.58691607	     -4.68845558	     82.79598909	      0.00000000	      0.00000000	      0.00000000	      0.00000000	   -118.19690636	   -190.10662453	   -178.87735602	     89.00822787	      0.00000000	      0.00000000	      0.00000000	      0.00000000	     33.63453481	      6.10800472	    -13.10371475	    -13.10217569	     -7.94979452	     -4.98473282	      0.00000000	     19.06248743	     16.19836735	      0.00000000	     30.44855764	     -4.70459125	     -6.16439327	    -11.40895156	      2.89421624	     -4.98473282	      0.00000000	     17.74791045	     16.55320006	      0.00000000
      6.06666667	    110.45725759	      6.10440340	    177.66866999	     -0.00519313	     -0.54007212	     -0.57380548	     26.06957979	      1.61604330	     -0.63297899	     -8.70122014	      1.89903862	      1.24232558	      0.02615037	     -0.03944092	      0.00653710	      0.00000000	      0.00000000	      0.00000000	     -0.02187677	     -0.01407169	     -0.00638377	      0.00000000	      0.00000000	      0.00000000	      0.00505916	     -0.00999977	      0.01319934	    307.96686999	     19.52367907	     -4.26156822	     81.58498849	      0.00000000	      0.00000000	      0.00000000	      0.00000000	   -117.63103999	   -192.23659964	   -179.93525510	     86.93576053	      0.00000000	      0.00000000	      0.00000000	      0.00000000	     39.87445348	      5.82447806	    -13.51168997	    -14.12149485	     -7.50168950	     -4.98473282	      0.00000000	     16.41624160	     13.62401089	      0.00000000	     37.43078349	     -3.36932170	     -5.16974347	    -12.35502957	      3.43255386	     -4.98473282	      0.00000000	     17.14522236	     12.92561265	      0.00000000
      6.10000000	    112.76991969	      6.22328454	    178.30825418	      0.00040910	     -0.52447012	     -0.57104712	     28.25951438	      1.87408076	     -1.47013696	     -7.08075785	      1.85225132	      1.65112003	      0.02362314	     -0.04034069	      0.00591051	      0.00000000	      0.00000000	      0.00000000	     -0.01733479	     -0.00932074	     -0.00830648	      0.00000000	      0.00000000	      0.00000000	      0.00249026	     -0.01403998	      0.01410002	    306.87960025	     20.20298539	     -4.48736197	     80.40922885	      0.00000000	      0.00000000	      0.00000000	      0.00000000	   -116.98252408	   -196.53088914	   -180.22656121	     82.29924094	      0.00000000	      0.00000000	      0.00000000	      0.00000000	     43.22884284	      5.34164998	    -14.26217111	    -14.71889994	     -8.09606328	     -4.98473282	      0.00000000	     13.35379851	     12.89156056	      0.00000000	     41.63292766	     -2.09129615	     -4.91036946	    -13.32322709	      2.75030224	     -4.98473282	      0.00000000	     17.74033030	     11.03634347	      0.00000000
      6.13333333	    114.02372130	      6.46485429	    178.82606677	      0.00702296	     -0.50941027	     -0.56764604	     29.24791632	      2.28640411	     -2.01637381	     -5.50711374	      1.72505198	      1.76157297	      0.02011694	     -0.03950087	      0.00539764	      0.00000000	      0.00000000	      0.00000000	     -0.01619330	     -0.00767507	     -0.00784056	      0.00000000	      0.00000000	      0.00000000	      0.00031578	     -0.01543004	      0.01502839	    305.94551457	     21.71058365	     -5.29504311	     78.84071906	      0.00000000	      0.00000000	      0.00000000	      0.00000000	   -117.17004057	   -200.85950840	   -180.44697126	     76.64279278	      0.00000000	      0.00000000	      0.00000000	      0.00000000	     45.77510623	      4.85250095	    -15.51530607	    -14.89747043	     -8.87951762	     -4.98473282	      0.00000000	     10.57070647	     13.12104792	      0.00000000	     44.73592627	     -1.28714983	     -4.14363392	    -13.91824649	      1.19098299	     -4.98473282	      0.00000000	     18.10693606	      9.49243300	      0.00000000
      6.16666667	    113.76365145	      6.41434067	    178.70824922	      0.01478845	     -0.49569660	     -0.56392834	     28.72623586	      2.80628582	     -1.67540898	     -4.19703766	      1.51087600	      1.31876467	      0.01704656	     -0.03823440	      0.00402669	      0.00000000	      0.00000000	      0.00000000	     -0.01869185	     -0.00853672	     -0.00528369	      0.00000000	      0.00000000	      0.00000000	      0.00145644	     -0.01430388	      0.01509875	    305.79852517	     24.61904112	     -6.76560679	     75.87257448	      0.00000000	      0.00000000	      0.00000000	      0.00000000	   -117.75896142	   -204.06250566	   -180.88936775	     71.11743432	      0.00000000	      0.00000000	      0.00000000	      0.00000000	     46.94894915	      4.63774038	    -15.99825627	    -15.06412193	     -9.43871567	     -4.98473282	      0.00000000	      9.80041280	     13.76396231	      0.00000000	     46.08948636	     -1.16473097	     -3.30841843	    -14.55353101	      0.07862136	     -4.98473282	      0.00000000	     18.16543255	      8.74076534	      0.00000000
      6.20000000	    112.77172873	      6.30224351	    178.16973877	      0.02318764	     -0.48228852	     -0.56123999	     27.52461681	      3.25375069	     -0.89709921	     -3.60587173	      1.20622204	      0.02024246	      0.01407819	     -0.03646409	      0.00334219	      0.00000000	      0.00000000	      0.00000000	     -0.02225657	     -0.01266923	     -0.00195573	      0.00000000	      0.00000000	      0.00000000	      0.00455959	     -0.01471384	      0.01665914	    305.38445185	     28.53813592	     -8.38489302	     71.58126135	      0.00000000	      0.00000000	      0.00000000	      0.00000000	   -116.70891077	   -206.64822682	   -182.01090707	     65.65736415	      0.00000000	      0.00000000	      0.00000000	      0.00000000	     47.57076799	      4.81614802	    -15.44624114	    -15.72955219	    -10.13992490	     -4.98473282	      0.00000000	     10.73178888	     14.79912659	      0.00000000	     46.63242801	     -1.45359721	     -1.44504771	    -15.60089813	     -0.26514600	     -4.98473282	      0.00000000	     17.62497629	      8.19412777	      0.00000000
      6.23333333	    111.49025004	      6.12622030	    177.05016432	      0.03131497	     -0.46920591	     -0.56011287	     26.20586654	      3.71563392	      0.37155672	     -3.33546448	      1.65651820	     -1.51190909	      0.01293966	     -0.03620313	      0.00095082	      0.00000000	      0.00000000	      0.00000000	     -0.02404155	     -0.01811106	      0.00175458	      0.00000000	      0.00000000	      0.00000000	      0.00781014	     -0.01802781	      0.01815108	    304.45759016	     32.77293998	     -9.82237287	     66.63207896	      0.00000000	      0.00000000	      0.00000000	      0.00000000	   -113.92812618	   -209.64199960	   -184.31016677	     59.93077751	      0.00000000	      0.00000000	      0.00000000	      0.00000000	     47.77083581	      5.58568284	    -13.28370204	    -16.29674400	    -11.51679293	     -4.98473282	      0.00000000	     12.23862636	     15.68545970	      0.00000000	     46.36052713	     -2.06022287	      0.67689330	    -16.21267511	      0.89892102	     -4.98473282	      0.00000000	     17.15638550	      6.81127184	      0.00000000
      6.26666667	    111.00964158	      5.88241372	    175.65888515	      0.03909972	     -0.45564244	     -0.56077148	     25.99847515	      4.01221481	      1.54391834	     -3.78520765	      2.23322821	     -2.59256398	      0.01283810	     -0.03635078	     -0.00086327	      0.00000000	      0.00000000	      0.00000000	     -0.02169772	     -0.02288201	      0.00612998	      0.00000000	      0.00000000	      0.00000000	      0.01155064	     -0.02121290	      0.01835521	    303.67260556	     36.89314132	    -10.83807458	     61.58322429	      0.00000000	      0.00000000	      0.00000000	      0.00000000	   -110.51500172	   -212.83495711	   -187.01348494	     54.78582842	      0.00000000	      0.00000000	      0.00000000	      0.00000000	     48.44810712	      6.56281391	    -10.82597967	    -16.19181476	    -12.24101147	     -4.98473282	      0.00000000	     12.33930064	     15.42082212	      0.00000000	     46.72243354	     -2.79064563	      2.29057175	    -16.56556522	      2.54347163	     -4.98473282	      0.00000000	     16.72200767	      4.81623818	      0.00000000
      6.30000000	    110.98004461	      5.53780380	    174.54056190	      0.04708883	     -0.44238695	     -0.56262311	     26.53198522	      3.93707911	      2.39392733	     -4.67181872	      3.13976637	     -2.92953442	      0.01320385	     -0.03621035	     -0.00199282	      0.00000000	      0.00000000	      0.00000000	     -0.01481697	     -0.02530770	      0.00952200	      0.00000000	      0.00000000	      0.00000000	      0.01513564	     -0.02146808	      0.01623613	    303.60049459	     39.99861029	    -11.48529767	     57.35926563	      0.00000000	      0.00000000	      0.00000000	      0.00000000	   -108.17570553	   -216.20893817	   -187.86812235	     50.61777664	      0.00000000	      0.00000000	      0.00000000	      0.00000000	     49.11142321	      7.30207948	     -9.49602947	    -15.31131153	    -12.38483497	     -4.98473282	      0.00000000	     11.59179436	     14.94437688	      0.00000000	     47.24672202	     -3.32073943	      3.67044907	    -16.36604931	      3.10459983	     -4.98473282	      0.00000000	     16.54930682	      3.18755007	      0.00000000
      6.33333333	    110.85500783	      5.00834370	    174.03705668	      0.05575031	     -0.42986079	     -0.56530882	     27.01195710	      3.28357018	      3.01169180	     -5.31359821	      4.34782737	     -2.28652856	      0.01296745	     -0.03540693	     -0.00257371	      0.00000000	      0.00000000	      0.00000000	     -0.00732075	     -0.02693548	      0.01155999	      0.00000000	      0.00000000	      0.00000000	      0.01573111	     -0.01732134	      0.01161047	    304.28499067	     42.21014809	    -12.57249120	     54.50974825	      0.00000000	      0.00000000	      0.00000000	      0.00000000	   -107.39526740	   -220.19054695	   -186.28979237	     46.20903084	      0.00000000	      0.00000000	      0.00000000	      0.00000000	     49.35944520	      7.56715365	     -9.62593486	    -14.17928851	    -11.95201740	     -4.98473282	      0.00000000	     11.68212819	     15.08028712	      0.00000000	     47.51171954	     -3.35842900	      4.39235527	    -15.84375418	      2.20093828	     -4.98473282	      0.00000000	     16.65383076	      2.20121622	      0.00000000
      6.36666667	    110.31578439	      4.48732550	    174.18174381	      0.06475143	     -0.41755395	     -0.56804869	     26.83952157	      2.29851199	      3.28265474	     -5.61142861	      5.35925948	     -0.78286420	      0.01068916	     -0.03394252	     -0.00222963	      0.00000000	      0.00000000	      0.00000000	     -0.00263015	     -0.02880961	      0.01307112	      0.00000000	      0.00000000	      0.00000000	      0.01061864	     -0.01450716	      0.00582546	    305.11684620	     44.42435165	    -14.02734752	     51.85100880	      0.00000000	      0.00000000	      0.00000000	      0.00000000	   -106.55491350	   -225.47031809	   -183.52357737	     39.03576432	      0.00000000	      0.00000000	      0.00000000	      0.00000000	     49.43660638	      7.35175831	    -11.06187801	    -13.90465052	    -10.75944342	     -4.98473282	      0.00000000	     12.93561389	     15.98511278	      0.00000000	     47.44842700	     -2.87867542	      4.89115880	    -15.31735595	      0.03147465	     -4.98473282	      0.00000000	     16.57683660	      2.15913705	      0.00000000
      6.40000000	    109.62364173	      4.51433045	    174.60576364	      0.07338464	     -0.40461754	     -0.57005471	     26.07005883	      1.95968048	      3.28750095	     -5.65880536	      5.26391388	      1.04437514	      0.00589572	     -0.03227446	     -0.00094870	      0.00000000	      0.00000000	      0.00000000	     -0.00074458	     -0.03189923	      0.01300148	      0.00000000	      0.00000000	      0.00000000	      0.00295937	     -0.01928531	     -0.00040546	    304.69285085	     46.74915861	    -15.89026127	     48.93648948	      0.00000000	      0.00000000	      0.00000000	      0.00000000	   -103.33372259	   -231.55368752	   -182.53355035	     28.77198676	      0.00000000	      0.00000000	      0.00000000	      0.00000000	     49.88415635	      7.04797596	    -13.46055496	    -14.79954413	     -8.47306649	     -4.98473282	      0.00000000	     13.92022062	     16.70218599	      0.00000000	     47.62827913	     -2.37342028	      6.58420111	    -15.23018413	     -3.58766874	     -4.98473282	      0.00000000	     16.34704662	      3.35030641	      0.00000000
      6.43333333	    109.75398676	      4.35466963	    174.86735943	      0.08150392	     -0.39128837	     -0.57147714	     26.11870347	      1.59026953	      3.16502405	     -5.32048688	      4.90099330	      3.40546530	      0.00189821	     -0.03072064	      0.00110322	      0.00000000	      0.00000000	      0.00000000	      0.00086633	     -0.03631629	      0.01238618	      0.00000000	      0.00000000	      0.00000000	      0.00050189	     -0.02212591	     -0.00500003	    303.36444730	     49.91391179	    -17.52336267	     44.48817333	      0.00000000	      0.00000000	      0.00000000	      0.00000000	   -101.04129836	   -235.14483337	   -183.93749626	     20.98371593	      0.00000000	      0.00000000	      0.00000000	      0.00000000	     51.71800834	      6.57624612	    -13.94983073	    -16.50800523	     -6.46453402	     -4.98473282	      0.00000000	     14.02505292	     16.22936059	      0.00000000	     49.04151957	     -1.69297675	      9.14833445	    -15.85619125	     -6.47181564	     -4.98473282	      0.00000000	     15.64889522	      3.55690623	      0.00000000
      6.46666667	    110.05123206	      4.04602519	    175.06255295	      0.08875665	     -0.37909725	     -0.57251667	     26.41371908	      1.00704603	      3.08335192	     -4.87868407	      4.54007224	      5.19416598	     -0.00101533	     -0.02937783	      0.00420284	      0.00000000	      0.00000000	      0.00000000	      0.00312672	     -0.03978137	      0.00950338	      0.00000000	      0.00000000	      0.00000000	      0.00475407	     -0.02303573	     -0.00629760	    301.47326020	     53.21853022	    -19.26424647	     39.02951711	      0.00000000	      0.00000000	      0.00000000	      0.00000000	   -100.39379219	   -235.65736285	   -184.54198776	     19.28536356	      0.00000000	      0.00000000	      0.00000000	      0.00000000	     53.63861733	      5.96085326	    -12.80847583	    -18.03777897	     -5.52690231	     -4.98473282	      0.00000000	     13.55594312	     17.02398225	      0.00000000	     50.62058353	     -0.94695530	     11.45794705	    -16.69486851	     -8.12336529	     -4.98473282	      0.00000000	     15.47450697	      2.95468743	      0.00000000
      6.50000000	    110.12561116	      3.47943492	    175.46703215	      0.09575145	     -0.36923419	     -0.57211910	     26.66049490	      0.33621047	      2.88137587	     -4.45052351	      3.80482499	      6.15451365	     -0.00189668	     -0.02757587	      0.00626241	      0.00000000	      0.00000000	      0.00000000	      0.00675376	     -0.04014622	      0.00079186	      0.00000000	      0.00000000	      0.00000000	      0.01089411	     -0.02470968	     -0.00762004	    298.57947987	     56.08004287	    -20.73721567	     33.34840421	      0.00000000	      0.00000000	      0.00000000	      0.00000000	   -100.60018182	   -235.72197305	   -183.05914193	     19.55651655	      0.00000000	      0.00000000	      0.00000000	      0.00000000	     54.85021178	      5.05999991	    -11.19216536	    -18.72822437	     -6.39564737	     -4.98473282	      0.00000000	     13.81001866	     19.22086214	      0.00000000	     51.90846128	      0.26436219	     13.90619379	    -17.91517007	     -9.34569591	     -4.98473282	      0.00000000	     16.51005032	      2.96359673	      0.00000000
      6.53333333	    109.00969194	      2.70973054	    176.02055823	      0.10182581	     -0.36259184	     -0.57138911	     25.67766861	     -0.73813628	      2.63374624	     -3.75758197	      3.52066821	      5.88233749	     -0.00170992	     -0.02648916	      0.00759615	      0.00000000	      0.00000000	      0.00000000	      0.01095190	     -0.04013037	     -0.00740782	      0.00000000	      0.00000000	      0.00000000	      0.01478058	     -0.02610630	     -0.00782649	    297.09835088	     58.61788277	    -23.13091820	     29.25186838	      0.00000000	      0.00000000	      0.00000000	      0.00000000	   -100.73999283	   -236.96737168	   -179.53362596	     18.43212085	      0.00000000	      0.00000000	      0.00000000	      0.00000000	     54.21966393	      4.07706662	    -10.34835689	    -18.48671830	     -8.97661569	     -4.98473282	      0.00000000	     15.31458079	     21.66069577	      0.00000000	     51.35079436	      1.54786568	     14.92178155	    -18.19067285	    -10.15709755	     -4.98473282	      0.00000000	     18.36801720	      3.83525981	      0.00000000
      6.56666667	    107.09950716	      1.97297103	    176.35944788	      0.10689482	     -0.35836711	     -0.57051884	     23.73121959	     -1.71149825	      2.30342577	     -2.88418662	      3.38512585	      4.65851169	     -0.00133693	     -0.02583277	      0.00782518	      0.00000000	      0.00000000	      0.00000000	      0.01774200	     -0.03877974	     -0.01224840	      0.00000000	      0.00000000	      0.00000000	      0.01550056	     -0.02708691	     -0.00532731	    299.21455933	     60.42239258	    -26.85751062	     28.91683354	      0.00000000	      0.00000000	      0.00000000	      0.00000000	    -99.61704521	   -238.87615838	   -176.62162129	     14.66531020	      0.00000000	      0.00000000	      0.00000000	      0.00000000	     52.43644211	      3.25428988	    -11.08898823	    -17.86844552	    -10.71536032	     -4.98473282	      0.00000000	     17.12265608	     21.58380861	      0.00000000	     49.54415782	      2.40574205	     14.17568728	    -17.69245735	     -9.75098919	     -4.98473282	      0.00000000	     19.85029199	      4.23438812	      0.00000000
      6.60000000	    104.60898318	      1.50361909	    176.24247540	      0.11051927	     -0.35576937	     -0.57007409	     20.89789528	     -2.32220102	      2.47224365	     -1.61929465	      3.41407884	      3.43281515	     -0.00132719	     -0.02624120	      0.00833076	      0.00000000	      0.00000000	      0.00000000	      0.02387092	     -0.03546091	     -0.01018623	      0.00000000	      0.00000000	      0.00000000	      0.01606704	     -0.02846106	     -0.00117382	    304.54599503	     61.93513900	    -31.37738468	     30.75364468	      0.00000000	      0.00000000	      0.00000000	      0.00000000	    -97.75260295	   -240.77330249	   -172.96810470	     10.48511164	      0.00000000	      0.00000000	      0.00000000	      0.00000000	     49.96801599	      2.79045938	    -12.40947845	    -17.51789582	     -9.73851506	     -4.98473282	      0.00000000	     18.20844442	     19.31061039	      0.00000000	     46.75723150	      2.48370701	     11.89578340	    -16.53824367	     -7.90584439	     -4.98473282	      0.00000000	     20.45232956	      3.45863511	      0.00000000
      6.63333333	    101.71183302	      1.25077493	    175.80928674	      0.11206122	     -0.35497634	     -0.57044183	     17.57480258	     -2.77067399	      2.75936366	     -0.11503332	      3.17344048	      2.58011384	     -0.00046266	     -0.02846620	      0.01013412	      0.00000000	      0.00000000	      0.00000000	      0.02883830	     -0.03068573	     -0.00686727	      0.00000000	      0.00000000	      0.00000000	      0.01715801	     -0.02728338	      0.00269592	    309.06162089	     63.11901613	    -33.51784999	     31.50423272	      0.00000000	      0.00000000	      0.00000000	      0.00000000	    -97.98471007	   -241.16627226	   -165.67877980	      9.61020637	      0.00000000	      0.00000000	      0.00000000	      0.00000000	     46.87048619	      2.58698800	    -13.35127901	    -17.57918419	     -3.96886914	     -4.98473282	      0.00000000	     18.27720755	     13.51567656	      0.00000000	     43.02447687	      1.90936987	      7.62053277	    -14.70883457	     -3.38212964	     -4.98473282	      0.00000000	     20.16777744	      0.98170305	      0.00000000
      6.66666667	    101.48873020	      1.30157441	    175.38750547	      0.11371962	     -0.35401321	     -0.57102287	     17.22869063	     -2.68925093	      3.19461543	      0.66447278	      2.62532779	      2.98329759	      0.00037289	     -0.02907985	      0.01344022	      0.00000000	      0.00000000	      0.00000000	      0.02746441	     -0.02994558	     -0.01013073	      0.00000000	      0.00000000	      0.00000000	      0.01845305	     -0.02449760	      0.00410627	    305.66695725	     63.89131726	    -35.02968854	     27.66767184	      0.00000000	      0.00000000	      0.00000000	      0.00000000	    -99.74742482	   -241.00325143	   -160.68911788	     10.89104460	      0.00000000	      0.00000000	      0.00000000	      0.00000000	     46.87437811	      2.62636132	    -13.60557535	    -18.30232870	     -0.16201199	     -4.98473282	      0.00000000	     18.47073639	     12.41015060	      0.00000000	     42.67987108	      1.21211021	      5.32807740	    -14.27511764	     -1.00469754	     -4.98473282	      0.00000000	     20.28130313	      1.01879704	      0.00000000
      6.70000000	    101.24105029	      1.26258410	    175.33858516	      0.11398029	     -0.35448322	     -0.57259162	     17.05763645	     -3.00826292	      3.27951139	      1.35951848	      2.56755922	      3.19480381	      0.00297270	     -0.03038831	      0.01559808	      0.00000000	      0.00000000	      0.00000000	      0.02489059	     -0.03154718	     -0.01776633	      0.00000000	      0.00000000	      0.00000000	      0.01751581	     -0.02409793	      0.00282946	    298.36228605	     63.36860561	    -31.14821462	     22.69705360	      0.00000000	      0.00000000	      0.00000000	      0.00000000	    -99.65740098	   -241.15172037	   -160.32032922	     11.07311235	      0.00000000	      0.00000000	      0.00000000	      0.00000000	     46.49548102	      2.69846523	    -13.14366273	    -18.34065490	      0.97338312	     -4.98473282	      0.00000000	     18.65888759	     12.94272814	      0.00000000	     42.14145516	      0.98205122	      4.60922110	    -13.78106473	     -0.13311158	     -4.98473282	      0.00000000	     20.96090142	      1.60020326	      0.00000000
      6.73333333	    100.66662128	      1.41837966	    175.49618264	      0.11378236	     -0.35583107	     -0.57459882	     16.54832974	     -3.21432074	      3.41308989	      1.90114669	      2.63514945	      3.30071405	      0.00554875	     -0.03136491	      0.01674320	      0.00000000	      0.00000000	      0.00000000	      0.01988197	     -0.03994341	     -0.02118614	      0.00000000	      0.00000000	      0.00000000	      0.01595684	     -0.02484579	      0.00000335	    290.12418618	     63.71324311	    -26.33731779	     17.42513979	      0.00000000	      0.00000000	      0.00000000	      0.00000000	    -97.98113911	   -242.27160423	   -162.62710916	      9.37592205	      0.00000000	      0.00000000	      0.00000000	      0.00000000	     45.64957298	      2.98948510	    -13.21375533	    -18.16967093	      0.51239395	     -4.98473282	      0.00000000	     19.20694064	     12.96840984	      0.00000000	     41.44217446	      0.88729572	      5.31457684	    -13.81670253	      0.20756433	     -4.98473282	      0.00000000	     21.80302685	      1.21930273	      0.00000000
      6.76666667	     99.77137466	      1.82065967	    175.93909387	      0.11338457	     -0.35740962	     -0.57671293	     15.60441943	     -3.28283976	      2.92361880	      2.14380980	      2.98964990	      3.40979841	      0.00682069	     -0.03125356	      0.01717338	      0.00000000	      0.00000000	      0.00000000	      0.01784887	     -0.04779926	     -0.01922785	      0.00000000	      0.00000000	      0.00000000	      0.01368050	     -0.02590848	     -0.00200551	    287.46215346	     64.49570354	    -26.32122600	     16.37170160	      0.00000000	      0.00000000	      0.00000000	      0.00000000	    -95.44363358	   -243.67432046	   -164.51285388	      6.25092734	      0.00000000	      0.00000000	      0.00000000	      0.00000000	     44.27349453	      3.38657656	    -13.25983145	    -17.68025426	     -0.37731072	     -4.98473282	      0.00000000	     19.63572516	     12.00505663	      0.00000000	     40.57948750	      0.97894100	      7.90918866	    -14.35880213	      0.40135270	     -4.98473282	      0.00000000	     22.06895921	     -1.52015144	      0.00000000
      6.80000000	     99.09161942	      2.05760035	    176.17202180	      0.11255022	     -0.35886336	     -0.57833923	     15.00673295	     -3.40296715	      2.55493600	      2.25994116	      3.32968640	      3.43988612	      0.00827053	     -0.03106936	      0.01776809	      0.00000000	      0.00000000	      0.00000000	      0.01927339	     -0.05097630	     -0.01749043	      0.00000000	      0.00000000	      0.00000000	      0.01373098	     -0.02596718	     -0.00091027	    289.24376287	     64.64424750	    -28.12275359	     17.91833418	      0.00000000	      0.00000000	      0.00000000	      0.00000000	    -94.62476679	   -244.25096642	   -163.67127741	      4.62295350	      0.00000000	      0.00000000	      0.00000000	      0.00000000	     43.30909488	      3.65238120	    -12.99817610	    -17.51568114	     -0.55180534	     -4.98473282	      0.00000000	     19.58450647	     11.21447579	      0.00000000	     39.90216467	      1.02464717	      9.93571612	    -14.82868632	      0.93316251	     -4.98473282	      0.00000000	     21.36150359	     -4.53484261	      0.00000000
      6.83333333	     98.67140053	      2.26109209	    176.26335951	      0.11154401	     -0.35962955	     -0.57882047	     14.58581553	     -3.26391738	      2.15148079	      2.43596300	      3.64592607	      3.32173133	      0.00832756	     -0.03063512	      0.01662909	      0.00000000	      0.00000000	      0.00000000	      0.02033553	     -0.05018607	     -0.01565344	      0.00000000	      0.00000000	      0.00000000	      0.01320808	     -0.02613645	      0.00017517	    291.50657763	     65.19089010	    -29.55267703	     18.54231347	      0.00000000	      0.00000000	      0.00000000	      0.00000000	    -95.06640235	   -244.07318977	   -161.64662982	      4.61229285	      0.00000000	      0.00000000	      0.00000000	      0.00000000	     42.84912454	      3.85450110	    -12.02822040	    -17.55458124	     -0.58672038	     -4.98473282	      0.00000000	     18.80639872	     11.16644443	      0.00000000	     39.55106751	      1.06077474	     11.62455105	    -15.41501231	      1.65349694	     -4.98473282	      0.00000000	     20.00569535	     -7.33803265	      0.00000000
      6.86666667	     98.78712225	      2.30121914	    176.08663582	      0.11044057	     -0.36003137	     -0.57867240	     14.80754932	     -3.05766190	      2.08237160	      2.68572956	      3.70720334	      3.07109243	      0.00865018	     -0.03052775	      0.01537100	      0.00000000	      0.00000000	      0.00000000	      0.01861490	     -0.05110612	     -0.01458567	      0.00000000	      0.00000000	      0.00000000	      0.01273630	     -0.02590958	      0.00175586	    289.31337756	     66.39249935	    -28.38006640	     15.02833972	      0.00000000	      0.00000000	      0.00000000	      0.00000000	    -96.10444538	   -243.28128883	   -163.00455983	      5.38330031	      0.00000000	      0.00000000	      0.00000000	      0.00000000	     43.09598433	      3.97014504	    -11.29370519	    -17.50706757	     -0.57266200	     -4.98473282	      0.00000000	     17.43248627	     12.47695365	      0.00000000	     39.72964501	      0.99145694	     11.70073451	    -15.75584223	      2.38297712	     -4.98473282	      0.00000000	     19.13083947	     -8.44102838	      0.00000000
      6.90000000	     99.43842763	      2.21468017	    175.99692290	      0.10972321	     -0.36018624	     -0.57783682	     15.59581411	     -2.76694499	      2.30663089	      2.89795899	      3.48759099	      2.55768258	      0.00843116	     -0.03026696	      0.01304214	      0.00000000	      0.00000000	      0.00000000	      0.01402615	     -0.05547234	     -0.01236839	      0.00000000	      0.00000000	      0.00000000	      0.01271421	     -0.02684418	      0.00256030	    283.14747427	     68.09600301	    -25.12777228	      9.05429100	      0.00000000	      0.00000000	      0.00000000	      0.00000000	    -96.05136896	   -242.69009955	   -169.74185488	      5.35640608	      0.00000000	      0.00000000	      0.00000000	      0.00000000	     43.90176940	      3.87714011	    -11.25933267	    -17.25250551	     -0.94764241	     -4.98473282	      0.00000000	     16.25609462	     14.23761049	      0.00000000	     40.62709601	      1.10571839	     11.05421817	    -16.26327199	      2.93585310	     -4.98473282	      0.00000000	     19.14186543	     -8.33012170	      0.00000000
      6.93333333	    100.80524770	      2.18401242	    176.11959398	      0.10941245	     -0.36019651	     -0.57711851	     17.26733743	     -2.50139608	      2.31249173	      2.74012757	      3.25001220	      2.28381367	      0.00846904	     -0.02987122	      0.01144562	      0.00000000	      0.00000000	      0.00000000	      0.01158212	     -0.05550604	     -0.01016855	      0.00000000	      0.00000000	      0.00000000	      0.01209556	     -0.03049792	      0.00148020	    282.70157160	     68.56534334	    -23.64038053	      7.89959884	      0.00000000	      0.00000000	      0.00000000	      0.00000000	    -94.41874165	   -243.10173470	   -179.71141108	      3.17974885	      0.00000000	      0.00000000	      0.00000000	      0.00000000	     45.48655917	      3.66316464	    -12.09339166	    -17.32029376	     -1.65719619	     -4.98473282	      0.00000000	     15.98190302	     16.15535170	      0.00000000	     42.38806412	      1.31518572	     10.72691870	    -16.88854918	      2.85851790	     -4.98473282	      0.00000000	     19.46419502	     -7.50767907	      0.00000000
      6.96666667	    101.58671681	      2.29589293	    176.31998142	      0.10883534	     -0.36038355	     -0.57669552	     18.25842452	     -2.16713841	      2.48873014	      3.18002265	      2.96498341	      2.24296156	      0.01018089	     -0.03081844	      0.01005910	      0.00000000	      0.00000000	      0.00000000	      0.01121077	     -0.04996921	     -0.01210536	      0.00000000	      0.00000000	      0.00000000	      0.01256536	     -0.03251801	     -0.00110955	    288.52317228	     66.72244258	    -27.06977011	     13.12579856	      0.00000000	      0.00000000	      0.00000000	      0.00000000	    -94.59456481	   -243.68634512	   -182.39847191	      2.74512558	      0.00000000	      0.00000000	      0.00000000	      0.00000000	     46.38201617	      3.60326915	    -13.01640490	    -17.62508277	     -2.95203779	     -4.98473282	      0.00000000	     16.42180807	     16.71724201	      0.00000000	     43.38327932	      1.45907725	     10.70087178	    -17.22332078	      2.73748985	     -4.98473282	      0.00000000	     19.27331945	     -7.43229618	      0.00000000
      7.00000000	    102.39976442	      2.48677174	    176.60913552	      0.10811791	     -0.36021203	     -0.57668944	     19.26363177	     -1.97162209	      2.40924137	      3.24343398	      2.83699713	      2.34443337	      0.01137956	     -0.03157903	      0.00960749	      0.00000000	      0.00000000	      0.00000000	      0.01130916	     -0.04308924	     -0.01075742	      0.00000000	      0.00000000	      0.00000000	      0.01292089	     -0.03604603	     -0.00195938	    295.94176512	     65.53550098	    -29.88687496	     18.09094026	      0.00000000	      0.00000000	      0.00000000	      0.00000000	    -94.02326913	   -243.71632278	   -185.04067793	      2.97573068	      0.00000000	      0.00000000	      0.00000000	      0.00000000	     47.42945231	      3.46222450	    -14.46224553	    -18.28186568	     -4.80178342	     -4.98473282	      0.00000000	     17.06176990	     18.04705787	      0.00000000	     44.45520344	      1.48826814	     10.61998736	    -17.56071418	      2.97585530	     -4.98473282	      0.00000000	     18.64574073	     -7.20170523	      0.00000000
      7.03333333	    103.26505215	      2.67403301	    176.89872811	      0.10704108	     -0.36062879	     -0.57744498	     20.52608029	     -2.02288034	      2.11577561	      3.03901013	      2.72216785	      2.78260814	      0.01360986	     -0.03261094	      0.01140519	      0.00000000	      0.00000000	      0.00000000	      0.01254163	     -0.03791386	     -0.00726160	      0.00000000	      0.00000000	      0.00000000	      0.01200186	     -0.04002386	     -0.00364894	    302.38997521	     64.64981995	    -29.89130548	     21.46908942	      0.00000000	      0.00000000	      0.00000000	      0.00000000	    -93.34415549	   -244.26325814	   -189.69568866	      1.94724535	      0.00000000	      0.00000000	      0.00000000	      0.00000000	     48.46835682	      3.39242047	    -14.99176751	    -18.66056042	     -7.98372910	     -4.98473282	      0.00000000	     17.21696564	     20.79662656	      0.00000000	     45.28253817	      1.46172653	     10.85140372	    -17.32176831	      2.75748798	     -4.98473282	      0.00000000	     17.77443425	     -7.16427170	      0.00000000
      7.06666667	    103.23728007	      2.84169375	    177.18434392	      0.10618542	     -0.36119344	     -0.57808360	     20.63830322	     -2.10756773	      1.82559568	      3.02550123	      2.70522308	      2.86345946	      0.01493687	     -0.03315505	      0.01209982	      0.00000000	      0.00000000	      0.00000000	      0.01273551	     -0.04061479	     -0.00677837	      0.00000000	      0.00000000	      0.00000000	      0.01180432	     -0.04204561	     -0.00429356	    302.27571402	     64.52892266	    -30.09140692	     21.47180327	      0.00000000	      0.00000000	      0.00000000	      0.00000000	    -93.16006110	   -244.32059452	   -189.84053587	      2.08076589	      0.00000000	      0.00000000	      0.00000000	      0.00000000	     48.54790224	      3.28188132	    -15.20548347	    -18.99801479	     -8.27786949	     -4.98473282	      0.00000000	     17.19942665	     20.74670739	      0.00000000	     45.23971083	      1.47024682	     10.66709153	    -17.23766300	      2.62176496	     -4.98473282	      0.00000000	     18.07534312	     -7.32818320	      0.00000000
      7.10000000	    102.45395724	      3.23132572	    177.78349182	      0.10524055	     -0.36178383	     -0.57870504	     19.64277591	     -2.04502060	      1.01612049	      3.40206943	      2.30616706	      3.84032650	      0.01516635	     -0.03392680	      0.01440793	      0.00000000	      0.00000000	      0.00000000	      0.01100075	     -0.05144104	     -0.00840921	      0.00000000	      0.00000000	      0.00000000	      0.01107308	     -0.04484053	     -0.00404096	    295.75564086	     65.83484257	    -30.49288326	     17.49485842	      0.00000000	      0.00000000	      0.00000000	      0.00000000	    -91.78794817	   -244.10234968	   -190.95950967	      1.87483848	      0.00000000	      0.00000000	      0.00000000	      0.00000000	     47.52520497	      3.02328526	    -16.48455138	    -18.52338991	     -9.31470384	     -4.98473282	      0.00000000	     17.44753793	     24.05001737	      0.00000000	     44.42234610	      1.50262631	     11.16716859	    -17.25365593	      2.85759630	     -4.98473282	      0.00000000	     18.53451279	     -7.37517345	      0.00000000
      7.13333333	    102.08930705	      3.02429238	    177.98696804	      0.10472482	     -0.36295997	     -0.57975958	     19.32307190	     -2.62294486	      0.94248968	      3.64543461	      2.71238740	      3.82665993	      0.01583852	     -0.03432198	      0.01508765	      0.00000000	      0.00000000	      0.00000000	      0.01007832	     -0.05335593	     -0.00904178	      0.00000000	      0.00000000	      0.00000000	      0.01124885	     -0.04381994	     -0.00441276	    294.06039238	     66.08031860	    -28.74932957	     15.60510310	      0.00000000	      0.00000000	      0.00000000	      0.00000000	    -91.84690472	   -244.41997563	   -190.44374302	      1.55839166	      0.00000000	      0.00000000	      0.00000000	      0.00000000	     46.85852519	      2.88844202	    -16.23765312	    -17.91670912	     -8.87784036	     -4.98473282	      0.00000000	     17.71947131	     24.98095987	      0.00000000	     44.03471308	      1.69951824	     11.35651133	    -17.50754509	      3.18496580	     -4.98473282	      0.00000000	     18.91605394	     -7.26482691	      0.00000000
      7.16666667	     99.98291094	      3.28091900	    178.10130540	      0.10396660	     -0.36432628	     -0.58042001	     16.79929672	     -2.38592052	      0.76028795	      3.94213340	      3.01450929	      3.57972030	      0.01428242	     -0.03467195	      0.01247202	      0.00000000	      0.00000000	      0.00000000	      0.00449219	     -0.06253726	     -0.00793143	      0.00000000	      0.00000000	      0.00000000	      0.01114777	     -0.04275917	     -0.00416002	    282.59801864	     68.98871242	    -20.45237385	      6.11960793	      0.00000000	      0.00000000	      0.00000000	      0.00000000	    -91.83950077	   -243.93130518	   -187.33084349	      2.38021245	      0.00000000	      0.00000000	      0.00000000	      0.00000000	     44.34374696	      3.07082053	    -17.96105977	    -17.54956887	     -7.63186388	     -4.98473282	      0.00000000	     17.90765572	     24.98095987	      0.00000000	     41.56938853	      1.35169571	     10.71836043	    -17.18858043	      3.41380436	     -4.98473282	      0.00000000	     19.08767846	     -6.29203781	      0.00000000
      7.20000000	     99.44923469	      3.39164609	    178.24190160	      0.10394734	     -0.36491552	     -0.58071295	     16.07677772	     -2.26219439	      0.54972180	      4.76016812	      3.50943137	      3.48560578	      0.01503336	     -0.03539002	      0.00984224	      0.00000000	      0.00000000	      0.00000000	      0.00269901	     -0.05837498	     -0.00905009	      0.00000000	      0.00000000	      0.00000000	      0.01074415	     -0.04154175	     -0.00429026	    284.67213289	     68.73778036	    -23.57092438	      7.77892567	      0.00000000	      0.00000000	      0.00000000	      0.00000000	    -91.93368358	   -243.62426498	   -186.13350969	      2.91807526	      0.00000000	      0.00000000	      0.00000000	      0.00000000	     43.61706499	      3.07391336	    -19.01726968	    -17.46606961	     -6.79956095	     -4.98473282	      0.00000000	     18.15667647	     24.98095987	      0.00000000	     40.94781849	      1.31438209	     10.76760462	    -17.11329464	      2.81020879	     -4.98473282	      0.00000000	     19.10262746	     -4.98826642	      0.00000000
      7.23333333	     99.84458246	      3.20105431	    178.02263220	      0.10455383	     -0.36442536	     -0.58035296	     16.37688910	     -2.23496099	      0.85086900	      5.34868704	      3.40901058	      2.95813807	      0.01532868	     -0.03559398	      0.00783100	      0.00000000	      0.00000000	      0.00000000	      0.00348780	     -0.05455975	     -0.01194749	      0.00000000	      0.00000000	      0.00000000	      0.01035201	     -0.04200779	     -0.00528289	    288.61746847	     66.97672772	    -27.57233518	     12.83473521	      0.00000000	      0.00000000	      0.00000000	      0.00000000	    -91.32163817	   -243.94556779	   -187.82157669	      2.16082043	      0.00000000	      0.00000000	      0.00000000	      0.00000000	     44.26409718	      2.95834985	    -19.34625452	    -17.85994262	     -6.79082263	     -4.98473282	      0.00000000	     18.32552155	     24.98095987	      0.00000000	     41.57111517	      1.53013222	     10.95101771	    -17.41146881	      1.73758878	     -4.98473282	      0.00000000	     19.39569254	     -4.32732504	      0.00000000
      7.26666667	    100.89803649	      3.10336635	    177.97296417	      0.10520480	     -0.36345740	     -0.57994135	     17.51068552	     -2.23566608	      0.88820044	      5.62222624	      3.50073222	      2.41700046	      0.01598981	     -0.03562892	      0.00626051	      0.00000000	      0.00000000	      0.00000000	      0.00703541	     -0.05104767	     -0.01289839	      0.00000000	      0.00000000	      0.00000000	      0.00967571	     -0.04335082	     -0.00673296	    293.21341845	     65.64418896	    -30.39818264	     17.24833994	      0.00000000	      0.00000000	      0.00000000	      0.00000000	    -90.69039585	   -244.65545954	   -191.68259846	      0.51438516	      0.00000000	      0.00000000	      0.00000000	      0.00000000	     45.70378830	      2.76743463	    -19.28635167	    -18.34503186	     -6.44718276	     -4.98473282	      0.00000000	     18.18949623	     24.98095987	      0.00000000	     43.01058425	      1.84334818	     11.51319483	    -17.71274861	      0.66997768	     -4.98473282	      0.00000000	     19.46097956	     -4.18490125	      0.00000000
      7.30000000	    100.91925953	      3.29386712	    177.95889452	      0.10535523	     -0.36315178	     -0.58014219	     17.59922884	     -2.04182113	      0.88770298	      5.70129911	      3.57254198	      2.47768505	      0.01686793	     -0.03577204	      0.00587133	      0.00000000	      0.00000000	      0.00000000	      0.00988862	     -0.04951161	     -0.01492619	      0.00000000	      0.00000000	      0.00000000	      0.01000519	     -0.04424617	     -0.00706372	    293.19042268	     65.31978468	    -30.43163519	     17.08446590	      0.00000000	      0.00000000	      0.00000000	      0.00000000	    -90.62678281	   -244.71480713	   -191.79688875	      0.55896955	      0.00000000	      0.00000000	      0.00000000	      0.00000000	     45.79562863	      2.95256623	    -18.80607527	    -18.29834617	     -5.86762607	     -4.98473282	      0.00000000	     17.79396468	     24.98095987	      0.00000000	     43.14256479	      1.67815288	     11.71130066	    -17.68139566	      0.67941508	     -4.98473282	      0.00000000	     19.16116274	     -4.09175576	      0.00000000
      7.33333333	    102.02728990	      3.95322972	    177.62619080	      0.10628302	     -0.36237978	     -0.58023836	     18.85018050	     -1.16506255	      1.11112612	      5.94358188	      3.25180479	      1.88610827	      0.01785418	     -0.03538951	      0.00531950	      0.00000000	      0.00000000	      0.00000000	      0.00858839	     -0.05083563	     -0.01722179	      0.00000000	      0.00000000	      0.00000000	      0.01004074	     -0.04485064	     -0.00727818	    288.44653595	     65.79536531	    -27.89819918	     13.12785410	      0.00000000	      0.00000000	      0.00000000	      0.00000000	    -90.97841478	   -244.62430600	   -190.69764778	      1.57999118	      0.00000000	      0.00000000	      0.00000000	      0.00000000	     46.94950491	      3.73257246	    -18.10962355	    -18.01788191	     -5.45738202	     -4.98473282	      0.00000000	     16.57740440	     24.98095987	      0.00000000	     44.59976244	      1.13712575	     13.66249098	    -18.32803172	     -0.67627910	     -4.98473282	      0.00000000	     18.66413612	     -3.96541213	      0.00000000
      7.36666667	    101.16350065	      4.40793644	    177.65623130	      0.10645740	     -0.36297959	     -0.58099040	     17.93550320	     -0.87748989	      1.09655552	      6.10058041	      3.14179155	      2.13768148	      0.01809193	     -0.03515674	      0.00684277	      0.00000000	      0.00000000	      0.00000000	      0.00612740	     -0.05504566	     -0.01628846	      0.00000000	      0.00000000	      0.00000000	      0.01061345	     -0.04444710	     -0.00601130	    283.89320964	     66.77081720	    -23.92771964	      9.16641024	      0.00000000	      0.00000000	      0.00000000	      0.00000000	    -91.32594590	   -244.01429675	   -185.97080123	      3.73105226	      0.00000000	      0.00000000	      0.00000000	      0.00000000	     45.74920589	      4.20986258	    -17.50700829	    -17.54018851	     -5.21853256	     -4.98473282	      0.00000000	     16.71370684	     24.02242085	      0.00000000	     43.52972161	      0.64827644	     14.15522246	    -18.19598078	     -2.03205562	     -4.98473282	      0.00000000	     19.06858723	     -1.84558167	      0.00000000
      7.40000000	    100.48024716	      5.07037260	    177.92562234	      0.10658921	     -0.36344271	     -0.58136303	     17.12500243	     -0.34336645	      0.52530819	      6.17007920	      3.01178452	      1.73475842	      0.01733951	     -0.03485176	      0.00663770	      0.00000000	      0.00000000	      0.00000000	      0.00685531	     -0.05722257	     -0.01751490	      0.00000000	      0.00000000	      0.00000000	      0.00901153	     -0.04600229	     -0.00708050	    284.69098617	     65.78494803	    -24.08083522	     12.11069257	      0.00000000	      0.00000000	      0.00000000	      0.00000000	    -90.72661018	   -244.39828431	   -184.83163988	      3.18103827	      0.00000000	      0.00000000	      0.00000000	      0.00000000	     44.58419425	      4.69172803	    -17.14285711	    -16.78509294	     -5.25687273	     -4.98473282	      0.00000000	     16.73520700	     22.94694087	      0.00000000	     42.80975644	      0.25074158	     14.79472651	    -18.40236299	     -2.56379155	     -4.98473282	      0.00000000	     19.82751694	     -0.83669577	      0.00000000
      7.43333333	     99.86373094	      5.35931031	    178.41569287	      0.10641778	     -0.36405410	     -0.58176871	     16.43315863	     -0.33603096	     -0.00635400	      6.15229086	      3.06187696	      1.66940820	      0.01662450	     -0.03460644	      0.00719595	      0.00000000	      0.00000000	      0.00000000	      0.01010894	     -0.05524363	     -0.01975936	      0.00000000	      0.00000000	      0.00000000	      0.00794767	     -0.04769708	     -0.00837457	    289.22393699	     63.73723249	    -26.36612201	     17.92852282	      0.00000000	      0.00000000	      0.00000000	      0.00000000	    -89.61523745	   -245.51018582	   -186.59797194	      0.93653703	      0.00000000	      0.00000000	      0.00000000	      0.00000000	     43.63590586	      4.57917747	    -18.04223615	    -16.27608336	     -5.05931757	     -4.98473282	      0.00000000	     16.87838149	     23.83416659	      0.00000000	     42.18123851	      0.25186007	     14.71681283	    -18.30528713	     -3.19566881	     -4.98473282	      0.00000000	     20.68091673	      0.80083937	      0.00000000
      7.46666667	    100.12027277	      5.43931227	    178.68738688	      0.10649741	     -0.36471947	     -0.58170833	     16.94272361	     -0.37450610	     -0.48866826	      5.79556788	      3.32409179	      1.73451274	      0.01746966	     -0.03399741	      0.00653715	      0.00000000	      0.00000000	      0.00000000	      0.01320402	     -0.05084690	     -0.01951877	      0.00000000	      0.00000000	      0.00000000	      0.00855292	     -0.04757467	     -0.00705172	    293.00644417	     63.29077735	    -27.28040182	     20.03192033	      0.00000000	      0.00000000	      0.00000000	      0.00000000	    -89.93518872	   -245.48407049	   -190.34629701	      0.00000000	      0.00000000	      0.00000000	      0.00000000	      0.00000000	     43.84049087	      4.47011816	    -18.70440225	    -16.12278564	     -5.06023253	     -4.98473282	      0.00000000	     16.81785260	     24.98095987	      0.00000000	     42.53642001	      0.35401798	     14.69231477	    -18.24470123	     -3.47295844	     -4.98473282	      0.00000000	     20.80297067	      1.91885023	      0.00000000
      7.50000000	    100.32904467	      5.40721603	    178.69930436	      0.10641770	     -0.36559307	     -0.58119032	     17.42494899	     -0.32056493	     -0.63935654	      5.71415842	      3.31009183	      1.73514503	      0.01938287	     -0.03408773	      0.00550944	      0.00000000	      0.00000000	      0.00000000	      0.01345890	     -0.04639538	     -0.01895108	      0.00000000	      0.00000000	      0.00000000	      0.00915909	     -0.04685455	     -0.00658022	    294.12662939	     64.04611184	    -27.71790417	     18.49181255	      0.00000000	      0.00000000	      0.00000000	      0.00000000	    -90.92428391	   -245.29527487	   -190.86237468	      0.00000000	      0.00000000	      0.00000000	      0.00000000	      0.00000000	     44.01556820	      4.50568761	    -19.14936044	    -16.13013990	     -4.79418122	     -4.98473282	      0.00000000	     17.01780295	     24.98095987	      0.00000000	     42.70308316	      0.38052226	     14.51325586	    -18.04982593	     -3.51259245	     -4.98473282	      0.00000000	     20.57945287	      2.04985788	      0.00000000
      7.53333333	    100.50955927	      5.32199625	    178.61565021	      0.10662908	     -0.36655054	     -0.58025935	     17.89977884	     -0.19669992	     -0.54819311	      5.40569505	      3.23584497	      1.94395524	      0.02096621	     -0.03382694	      0.00447318	      0.00000000	      0.00000000	      0.00000000	      0.01200317	     -0.04285584	     -0.01773539	      0.00000000	      0.00000000	      0.00000000	      0.01018952	     -0.04547103	     -0.00664204	    294.88250800	     64.95222443	    -28.51599140	     16.69047395	      0.00000000	      0.00000000	      0.00000000	      0.00000000	    -92.09613111	   -245.03610993	   -191.69226885	      0.46317728	      0.00000000	      0.00000000	      0.00000000	      0.00000000	     44.18248802	      4.44094546	    -20.04618044	    -16.32466385	     -4.96923874	     -4.98473282	      0.00000000	     18.13922339	     24.98095987	      0.00000000	     42.97310307	      0.45050537	     14.55140396	    -18.48533808	     -3.43643970	     -4.98473282	      0.00000000	     20.87359369	      1.88847201	      0.00000000
      7.56666667	    100.48742868	      5.04413546	    178.48058614	      0.10681750	     -0.36745409	     -0.57901538	     18.10473301	     -0.28296039	     -0.23959916	      5.22065292	      3.06747251	      2.20485507	      0.02248845	     -0.03372017	      0.00452825	      0.00000000	      0.00000000	      0.00000000	      0.00995107	     -0.04315105	     -0.01623033	      0.00000000	      0.00000000	      0.00000000	      0.01150510	     -0.04417504	     -0.00601957	    294.74136051	     65.50455446	    -28.69239396	     15.50591021	      0.00000000	      0.00000000	      0.00000000	      0.00000000	    -92.91293472	   -244.57514241	   -192.59174352	      1.44176169	      0.00000000	      0.00000000	      0.00000000	      0.00000000	     44.17222221	      4.12799061	    -20.58348060	    -16.61856578	     -5.42862861	     -4.98473282	      0.00000000	     19.22616189	     24.98095987	      0.00000000	     43.00376896	      0.74220605	     14.54411767	    -19.06350104	     -3.65049562	     -4.98473282	      0.00000000	     21.68685627	      1.13891396	      0.00000000
      7.60000000	    100.20090829	      4.65701089	    178.24847546	      0.10680009	     -0.36783289	     -0.57738574	     17.87938368	     -0.46170287	      0.20079291	      5.17498007	      2.94222410	      2.44351962	      0.02326003	     -0.03369162	      0.00507255	      0.00000000	      0.00000000	      0.00000000	      0.00910635	     -0.04512868	     -0.01480396	      0.00000000	      0.00000000	      0.00000000	      0.01270026	     -0.04341327	     -0.00518494	    294.15283719	     65.61264906	    -28.15103855	     15.20049495	      0.00000000	      0.00000000	      0.00000000	      0.00000000	    -93.47488714	   -244.42493576	   -193.10055972	      1.71086998	      0.00000000	      0.00000000	      0.00000000	      0.00000000	     44.01024426	      3.69634652	    -20.38722101	    -17.02801717	     -5.68761831	     -4.98473282	      0.00000000	     19.52865902	     24.98095987	      0.00000000	     42.79945850	      1.11488747	     14.25521970	    -19.55876128	     -3.87991521	     -4.98473282	      0.00000000	     22.25522593	      0.42307155	      0.00000000
      7.63333333	     99.73367791	      4.12886645	    177.90600902	      0.10606264	     -0.36838792	     -0.57606553	     17.46619477	     -0.87643947	      0.74764106	      5.20260177	      2.70456454	      2.64958189	      0.02386286	     -0.03417469	      0.00683920	      0.00000000	      0.00000000	      0.00000000	      0.01063652	     -0.04796056	     -0.01510657	      0.00000000	      0.00000000	      0.00000000	      0.01387233	     -0.04337211	     -0.00395619	    293.49009384	     65.03376617	    -27.17061895	     15.84947820	      0.00000000	      0.00000000	      0.00000000	      0.00000000	    -94.08620820	   -244.60960929	   -192.97305317	      1.14999693	      0.00000000	      0.00000000	      0.00000000	      0.00000000	     43.60010557	      3.35473401	    -19.31807759	    -17.18557098	     -5.55515904	     -4.98473282	      0.00000000	     18.92350625	     24.98095987	      0.00000000	     42.18712815	      1.42749485	     13.28752455	    -19.31011756	     -3.82193735	     -4.98473282	      0.00000000	     21.92889280	     -0.17715283	      0.00000000
      7.66666667	     98.87507372	      3.64363340	    177.45280263	      0.10512320	     -0.36908963	     -0.57520634	     16.56437639	     -1.29170201	      1.34333982	      5.25889655	      2.61180163	      2.26485525	      0.02340932	     -0.03444759	      0.00751397	      0.00000000	      0.00000000	      0.00000000	      0.01344046	     -0.04733103	     -0.01481807	      0.00000000	      0.00000000	      0.00000000	      0.01492269	     -0.04278896	     -0.00212474	    295.17063269	     64.20479852	    -27.65304899	     18.19786514	      0.00000000	      0.00000000	      0.00000000	      0.00000000	    -94.80238411	   -244.38193925	   -189.50772636	      1.52547241	      0.00000000	      0.00000000	      0.00000000	      0.00000000	     42.77088957	      3.28098294	    -18.03261521	    -17.24255143	     -5.27595466	     -4.98473282	      0.00000000	     18.51942423	     24.98095987	      0.00000000	     41.18257404	      1.42622909	     11.59465529	    -19.06130043	     -2.20558706	     -4.98473282	      0.00000000	     21.35492822	     -0.30296872	      0.00000000
      7.70000000	     98.48645387	      3.90982649	    177.60827314	      0.10422578	     -0.36946267	     -0.57436919	     16.03145634	     -1.05592002	      1.04541700	      5.33520463	      2.29862621	      2.10793381	      0.02180001	     -0.03461392	      0.00880198	      0.00000000	      0.00000000	      0.00000000	      0.01320647	     -0.04954511	     -0.01305811	      0.00000000	      0.00000000	      0.00000000	      0.01669182	     -0.03688760	      0.00203725	    294.70736782	     64.55980012	    -28.83317947	     18.31276981	      0.00000000	      0.00000000	      0.00000000	      0.00000000	    -98.90341981	   -241.87898272	   -176.13220715	      7.73603983	      0.00000000	      0.00000000	      0.00000000	      0.00000000	     42.25327900	      3.21231545	    -19.95673748	    -17.26788339	     -3.23111632	     -4.98473282	      0.00000000	     18.32836438	     24.51452649	      0.00000000	     40.82363145	      1.36003087	     11.75606794	    -19.00674256	     -2.04417526	     -4.98473282	      0.00000000	     20.59797621	      0.40762846	      0.00000000
      7.73333333	     98.46291574	      3.93865264	    177.52940908	      0.10358114	     -0.37080944	     -0.57421301	     16.18888559	     -1.05153539	      1.23855909	      5.35112639	      1.93828049	      1.95822658	      0.02200331	     -0.03479136	      0.01016360	      0.00000000	      0.00000000	      0.00000000	      0.01138164	     -0.05083633	     -0.01186686	      0.00000000	      0.00000000	      0.00000000	      0.01578901	     -0.03678857	      0.00068747	    294.51137586	     64.88903039	    -28.82299007	     17.31124339	      0.00000000	      0.00000000	      0.00000000	      0.00000000	    -99.47135587	   -242.12431169	   -176.36365367	      7.73625995	      0.00000000	      0.00000000	      0.00000000	      0.00000000	     41.98306757	      3.44096756	    -20.00596937	    -17.01176942	     -3.40652729	     -4.98473282	      0.00000000	     19.22730047	     24.03263031	      0.00000000	     40.67165945	      1.32097641	     12.22672644	    -19.02040878	     -2.07381027	     -4.98473282	      0.00000000	     20.50433194	      0.73824990	      0.00000000
      7.76666667	     98.86857822	      4.28964586	    177.90599543	      0.10337950	     -0.37132714	     -0.57396363	     16.61209168	     -0.66985341	      0.99201094	      5.24001498	      1.40765943	      1.79146996	      0.02056787	     -0.03438388	      0.01021223	      0.00000000	      0.00000000	      0.00000000	      0.00700135	     -0.05292323	     -0.00917634	      0.00000000	      0.00000000	      0.00000000	      0.01331027	     -0.04050195	     -0.00251987	    293.77597056	     65.98842435	    -30.88536331	     15.71226817	      0.00000000	      0.00000000	      0.00000000	      0.00000000	    -97.79101837	   -243.41058864	   -179.98388516	      5.66923420	      0.00000000	      0.00000000	      0.00000000	      0.00000000	     42.22330166	      3.37580780	    -21.88056114	    -17.15555705	     -2.83908954	     -4.98473282	      0.00000000	     20.12508944	     22.37745407	      0.00000000	     41.21485424	      1.50572016	     14.15288207	    -19.33936919	     -4.05358262	     -4.98473282	      0.00000000	     20.64976634	      2.05629262	      0.00000000
      7.80000000	     98.70657007	      4.15295984	    178.14639445	      0.10323974	     -0.37238393	     -0.57409444	     16.58907561	     -0.91659232	      0.91651656	      5.24338846	      1.58384957	      1.76827094	      0.02133294	     -0.03458732	      0.00928245	      0.00000000	      0.00000000	      0.00000000	      0.00811344	     -0.04561992	     -0.00594699	      0.00000000	      0.00000000	      0.00000000	      0.01181457	     -0.04556032	     -0.00554286	    301.09369212	     65.07519810	    -31.87969975	     20.49655605	      0.00000000	      0.00000000	      0.00000000	      0.00000000	    -94.91538225	   -245.44049476	   -190.31140493	      0.90306873	      0.00000000	      0.00000000	      0.00000000	      0.00000000	     41.93558862	      3.03188174	    -22.99816967	    -17.37574526	     -3.42278773	     -4.98473282	      0.00000000	     21.58650985	     21.28311522	      0.00000000	     41.10154355	      1.82581055	     14.86095623	    -19.55978251	     -6.43978892	     -4.98473282	      0.00000000	     21.57844542	      4.99219601	      0.00000000
      7.83333333	     99.14378985	      4.35488884	    178.42035907	      0.10314353	     -0.37254562	     -0.57471943	     17.06363390	     -0.74597640	      1.17810478	      5.36243829	      0.86309295	      1.43729911	      0.02165912	     -0.03465297	      0.00994549	      0.00000000	      0.00000000	      0.00000000	      0.00662597	     -0.04510454	     -0.00458655	      0.00000000	      0.00000000	      0.00000000	      0.01360996	     -0.04772974	     -0.00643221	    303.18819686	     63.86377122	    -32.54416773	     24.02197901	      0.00000000	      0.00000000	      0.00000000	      0.00000000	    -94.18379103	   -246.42612227	   -193.28700137	      0.00000000	      0.00000000	      0.00000000	      0.00000000	      0.00000000	     42.36663583	      3.03232371	    -23.35118643	    -17.29009420	     -5.61983518	     -4.98473282	      0.00000000	     21.26148893	     21.67291089	      0.00000000	     41.60171868	      1.96609303	     16.37103892	    -19.86208702	     -7.60214467	     -4.98473282	      0.00000000	     22.17972767	      5.24021943	      0.00000000
      7.86666667	     99.20354988	      4.35357077	    178.71226383	      0.10294084	     -0.37303731	     -0.57456942	     17.16895667	     -0.67345342	      0.81879694	      5.20369560	      1.10922584	      1.71030030	      0.02212678	     -0.03452497	      0.00745065	      0.00000000	      0.00000000	      0.00000000	      0.00655435	     -0.04784616	     -0.00561725	      0.00000000	      0.00000000	      0.00000000	      0.01336181	     -0.04890800	     -0.00754817	    302.69377384	     63.84872267	    -32.41089714	     25.05940052	      0.00000000	      0.00000000	      0.00000000	      0.00000000	    -94.37671380	   -246.33306897	   -193.49908075	      0.00000000	      0.00000000	      0.00000000	      0.00000000	      0.00000000	     42.38619350	      2.73781576	    -22.76565507	    -17.15024001	     -5.34012621	     -4.98473282	      0.00000000	     20.65218043	     22.21709532	      0.00000000	     41.59178276	      2.13627948	     16.14400266	    -19.87779660	     -7.83069153	     -4.98473282	      0.00000000	     22.50163015	      5.23599373	      0.00000000
      7.90000000	     99.46969479	      4.16750396	    178.44167729	      0.10270476	     -0.37361626	     -0.57448248	     17.65726405	     -0.62479559	      1.04833126	      4.76929842	      1.10973068	      2.56337222	      0.02309720	     -0.03405992	      0.00653436	      0.00000000	      0.00000000	      0.00000000	      0.00603241	     -0.04873257	     -0.01092997	      0.00000000	      0.00000000	      0.00000000	      0.01427242	     -0.04819175	     -0.00767845	    299.77972734	     63.73021282	    -30.54848079	     23.42351152	      0.00000000	      0.00000000	      0.00000000	      0.00000000	    -95.46455961	   -245.64111664	   -193.22411921	      1.27884692	      0.00000000	      0.00000000	      0.00000000	      0.00000000	     42.84542962	      2.77666502	    -19.95820354	    -16.99356917	     -5.92825127	     -4.98473282	      0.00000000	     20.21250520	     24.98095987	      0.00000000	     41.75649776	      2.08234807	     15.27875491	    -19.81371206	     -8.97008789	     -4.98473282	      0.00000000	     22.63251096	      6.29481165	      0.00000000
      7.93333333	    100.13693876	      3.55359066	    178.06501388	      0.10270291	     -0.37384407	     -0.57372244	     18.56802554	     -0.99962280	      1.43798922	      4.51587549	      1.36283495	      3.07738241	      0.02427898	     -0.03340451	      0.00544232	      0.00000000	      0.00000000	      0.00000000	      0.00127817	     -0.05257622	     -0.01243851	      0.00000000	      0.00000000	      0.00000000	      0.01555369	     -0.04469655	     -0.00587672	    294.16526965	     66.30485932	    -31.18456417	     16.28265371	      0.00000000	      0.00000000	      0.00000000	      0.00000000	    -97.68283310	   -244.66771932	   -188.82480863	      3.22936549	      0.00000000	      0.00000000	      0.00000000	      0.00000000	     43.80035472	      2.53257581	    -17.26021535	    -17.08716629	     -4.11389727	     -4.98473282	      0.00000000	     20.19620330	     24.98095987	      0.00000000	     42.34361802	      2.31587066	     13.77741835	    -19.58033276	     -9.11976784	     -4.98473282	      0.00000000	     22.26713188	      6.16252961	      0.00000000
      7.96666667	    100.18792321	      3.27312835	    177.88921706	      0.10253307	     -0.37381718	     -0.57258958	     18.62991116	     -1.11420599	      1.58534586	      4.94048841	      1.49074473	      2.70756105	      0.02586512	     -0.03331170	      0.00448431	      0.00000000	      0.00000000	      0.00000000	     -0.00150720	     -0.05256806	     -0.01025918	      0.00000000	      0.00000000	      0.00000000	      0.01640494	     -0.03987677	     -0.00432407	    290.87241046	     68.38768781	    -32.33005590	     11.00074841	      0.00000000	      0.00000000	      0.00000000	      0.00000000	   -100.49306931	   -244.34111136	   -181.30798432	      4.52587755	      0.00000000	      0.00000000	      0.00000000	      0.00000000	     43.94485183	      2.44862007	    -16.63416156	    -17.16616783	     -3.17499227	     -4.98473282	      0.00000000	     20.39165057	     24.98095987	      0.00000000	     42.39922274	      2.41993470	     12.58256418	    -19.44949370	     -7.67527495	     -4.98473282	      0.00000000	     21.55543353	      4.25150275	      0.00000000
      8.00000000	     99.47812031	      3.29780881	    177.82561868	      0.10252865	     -0.37377688	     -0.57150928	     17.61648602	     -0.96114158	      1.64037375	      5.71646532	      1.22388667	      2.00309864	      0.02571957	     -0.03323346	      0.00432035	      0.00000000	      0.00000000	      0.00000000	      0.00066143	     -0.04551186	     -0.01180918	      0.00000000	      0.00000000	      0.00000000	      0.01725235	     -0.03756225	     -0.00074304	    293.75581581	     66.91774675	    -32.43938334	     13.43612463	      0.00000000	      0.00000000	      0.00000000	      0.00000000	   -100.86011643	   -243.75357377	   -178.05228365	      5.46815413	      0.00000000	      0.00000000	      0.00000000	      0.00000000	     42.95205269	      2.65337812	    -17.75433511	    -16.73646875	     -3.78974277	     -4.98473282	      0.00000000	     20.31020586	     24.98095987	      0.00000000	     41.84198105	      2.42185653	     12.10556128	    -19.73298086	     -5.92793499	     -4.98473282	      0.00000000	     21.75642473	      2.18864299	      0.00000000
      8.03333333	     99.40533195	      3.14515540	    177.58105909	      0.10265574	     -0.37362565	     -0.57077560	     17.45337434	     -1.11004610	      1.88967437	      6.42995992	      0.95214971	      1.28355134	      0.02680213	     -0.03339115	      0.00628100	      0.00000000	      0.00000000	      0.00000000	      0.00446149	     -0.04478409	     -0.01272989	      0.00000000	      0.00000000	      0.00000000	      0.01749815	     -0.03657298	      0.00244953	    294.70510267	     64.95462374	    -29.91637166	     15.82228847	      0.00000000	      0.00000000	      0.00000000	      0.00000000	   -100.09674380	   -243.67019022	   -179.55225088	      4.73370761	      0.00000000	      0.00000000	      0.00000000	      0.00000000	     42.72211221	      2.77381337	    -19.08390858	    -16.51027735	     -4.48217143	     -4.98473282	      0.00000000	     19.70966051	     24.98095987	      0.00000000	     41.79713591	      2.40371323	     11.69620433	    -19.59678603	     -5.34183161	     -4.98473282	      0.00000000	     21.53015312	      1.87062355	      0.00000000
      8.06666667	     99.59450538	      3.01376095	    177.34623102	      0.10261806	     -0.37385847	     -0.57042559	     17.76523995	     -1.27773759	      2.06977613	      6.55355025	      1.20516931	      0.61717475	      0.02762490	     -0.03362150	      0.00691895	      0.00000000	      0.00000000	      0.00000000	      0.00874833	     -0.04625239	     -0.01515265	      0.00000000	      0.00000000	      0.00000000	      0.01788468	     -0.03678123	      0.00440836	    294.68939157	     63.18691609	    -26.25987692	     17.52245439	      0.00000000	      0.00000000	      0.00000000	      0.00000000	    -99.40320618	   -243.62372216	   -183.11682610	      3.84353660	      0.00000000	      0.00000000	      0.00000000	      0.00000000	     42.83905550	      2.83361675	    -19.48347100	    -16.39884355	     -4.64198472	     -4.98473282	      0.00000000	     18.67829115	     24.98095987	      0.00000000	     41.96962796	      2.39564209	     11.80571841	    -19.46921219	     -5.13985627	     -4.98473282	      0.00000000	     20.98293663	      1.62530732	      0.00000000
      8.10000000	     99.87550148	      3.00745501	    176.86178364	      0.10266520	     -0.37360468	     -0.57094055	     18.03858185	     -1.34477524	      2.57594483	      6.60293659	      1.51505821	      0.48775720	      0.02709399	     -0.03388039	      0.00857147	      0.00000000	      0.00000000	      0.00000000	      0.00839805	     -0.04915494	     -0.01483633	      0.00000000	      0.00000000	      0.00000000	      0.01795934	     -0.03640301	      0.00574447	    293.82541767	     63.30999837	    -25.84219583	     17.13749671	      0.00000000	      0.00000000	      0.00000000	      0.00000000	    -99.07589232	   -243.55063689	   -183.76708000	      4.07541024	      0.00000000	      0.00000000	      0.00000000	      0.00000000	     43.19405963	      3.13185872	    -18.78154501	    -16.38975224	     -4.05602475	     -4.98473282	      0.00000000	     17.75589753	     24.98095987	      0.00000000	     42.24959353	      2.13738533	     12.16426936	    -19.40641864	     -5.44695166	     -4.98473282	      0.00000000	     20.95703791	      1.02310477	      0.00000000
      8.13333333	    100.91966864	      2.85739423	    176.67320916	      0.10312917	     -0.37270216	     -0.57195793	     19.21195459	     -1.67242235	      2.84180840	      6.36443937	      2.16487697	     -0.15115430	      0.02682533	     -0.03367026	      0.00825127	      0.00000000	      0.00000000	      0.00000000	      0.00419992	     -0.05485467	     -0.01247302	      0.00000000	      0.00000000	      0.00000000	      0.01787469	     -0.03477026	      0.00542476	    290.04787343	     65.40348467	    -25.78966523	     12.62296143	      0.00000000	      0.00000000	      0.00000000	      0.00000000	    -99.22705294	   -243.77435409	   -184.87456274	      4.07687324	      0.00000000	      0.00000000	      0.00000000	      0.00000000	     44.82465002	      3.25133452	    -16.19077178	    -17.15735894	     -4.83917016	     -4.98473282	      0.00000000	     17.46049658	     24.96548848	      0.00000000	     43.54876239	      2.17798288	     12.74334975	    -19.84202904	     -4.52212028	     -4.98473282	      0.00000000	     20.70537464	     -1.12257898	      0.00000000
      8.16666667	    100.84872522	      3.33206749	    176.41294312	      0.10307076	     -0.37256314	     -0.57339005	     19.17546431	     -1.29734484	      2.82304952	      6.19361310	      2.36766751	     -0.22560432	      0.02743243	     -0.03376429	      0.00837568	      0.00000000	      0.00000000	      0.00000000	      0.00371017	     -0.05247952	     -0.01227173	      0.00000000	      0.00000000	      0.00000000	      0.01737048	     -0.03494557	      0.00410170	    290.53471277	     66.09004719	    -26.26894281	     11.87764778	      0.00000000	      0.00000000	      0.00000000	      0.00000000	    -99.07547880	   -244.01881220	   -184.94257781	      3.70345594	      0.00000000	      0.00000000	      0.00000000	      0.00000000	     44.89439027	      3.90166965	    -15.37234293	    -17.39438733	     -4.89410699	     -4.98473282	      0.00000000	     17.22789766	     24.73638669	      0.00000000	     43.54246826	      1.56078119	     13.10941185	    -20.16809978	     -4.13893830	     -4.98473282	      0.00000000	     21.14441070	     -1.39542774	      0.00000000
      8.20000000	    100.19326746	      4.04365546	    176.71003783	      0.10290273	     -0.37233589	     -0.57499527	     18.29238261	     -0.87471675	      2.35423624	      6.36247482	      2.62210666	     -0.38073060	      0.02741954	     -0.03390244	      0.00767450	      0.00000000	      0.00000000	      0.00000000	      0.00584661	     -0.04741453	     -0.01450708	      0.00000000	      0.00000000	      0.00000000	      0.01647622	     -0.03672273	      0.00194450	    294.23930734	     64.90936840	    -28.94319127	     15.69311763	      0.00000000	      0.00000000	      0.00000000	      0.00000000	    -97.85433133	   -244.73136379	   -186.11928467	      2.44841207	      0.00000000	      0.00000000	      0.00000000	      0.00000000	     43.94376778	      4.70642198	    -14.15985554	    -16.69949220	     -7.44311914	     -4.98473282	      0.00000000	     16.88830831	     24.98095987	      0.00000000	     42.92957519	      1.05701880	     13.54122806	    -20.36816949	     -3.56321765	     -4.98473282	      0.00000000	     20.80532565	     -1.15830692	      0.00000000
      8.23333333	     99.48939375	      4.36364359	    177.22479931	      0.10261187	     -0.37257679	     -0.57551349	     17.49145579	     -0.77926532	      1.84368760	      6.37354355	      2.67131572	     -0.47124961	      0.02792108	     -0.03379646	      0.00669781	      0.00000000	      0.00000000	      0.00000000	      0.01265263	     -0.03964002	     -0.01717286	      0.00000000	      0.00000000	      0.00000000	      0.01694996	     -0.03973082	      0.00113858	    300.40760924	     62.05139612	    -28.82909545	     22.61915586	      0.00000000	      0.00000000	      0.00000000	      0.00000000	    -96.70820953	   -244.92579200	   -187.30841603	      1.91592322	      0.00000000	      0.00000000	      0.00000000	      0.00000000	     42.84229972	      4.80553815	    -14.67411772	    -15.95426300	     -8.26614905	     -4.98473282	      0.00000000	     16.61864295	     24.98095987	      0.00000000	     42.19369717	      1.10805209	     14.09317256	    -20.27339967	     -3.87021284	     -4.98473282	      0.00000000	     20.34690839	     -0.03745522	      0.00000000
      8.26666667	     99.62787125	      4.36851931	    177.76096544	      0.10255095	     -0.37225975	     -0.57514049	     17.65882123	     -0.95727103	      1.42936340	      6.30486821	      2.30734892	     -0.27418080	      0.02844286	     -0.03361786	      0.00784765	      0.00000000	      0.00000000	      0.00000000	      0.01725478	     -0.03679303	     -0.01567496	      0.00000000	      0.00000000	      0.00000000	      0.01716889	     -0.04276113	      0.00082821	    304.30384306	     60.71638781	    -28.81268198	     26.34288021	      0.00000000	      0.00000000	      0.00000000	      0.00000000	    -95.58939338	   -244.98984779	   -189.95602625	      1.72381187	      0.00000000	      0.00000000	      0.00000000	      0.00000000	     42.79815998	      4.47784668	    -15.23123459	    -15.53044958	     -7.97247165	     -4.98473282	      0.00000000	     16.21873674	     24.98095987	      0.00000000	     42.49511500	      1.60263640	     15.13644113	    -20.37612108	     -4.22164032	     -4.98473282	      0.00000000	     19.73125735	     -0.25568708	      0.00000000
      8.30000000	    100.74726727	      4.26850982	    178.12472415	      0.10236989	     -0.37183077	     -0.57464609	     18.99533608	     -1.22722057	      0.98726709	      6.06731422	      1.66872494	      0.36807649	      0.02898964	     -0.03359689	      0.01103856	      0.00000000	      0.00000000	      0.00000000	      0.01650570	     -0.04254591	     -0.01408165	      0.00000000	      0.00000000	      0.00000000	      0.01549887	     -0.04494194	     -0.00000278	    302.95208556	     61.81374585	    -29.27637752	     23.81317114	      0.00000000	      0.00000000	      0.00000000	      0.00000000	    -94.75518912	   -245.50053824	   -197.74488974	      0.00000000	      0.00000000	      0.00000000	      0.00000000	      0.00000000	     43.98828006	      4.00784996	    -16.22449942	    -15.49500329	     -6.73701540	     -4.98473282	      0.00000000	     15.57476118	     24.98095987	      0.00000000	     43.82723174	      2.11218280	     15.93587812	    -20.60062136	     -3.54410896	     -4.98473282	      0.00000000	     18.96944855	     -2.86896262	      0.00000000
      8.33333333	    100.86808363	      3.97237456	    177.64302697	      0.10186676	     -0.37249848	     -0.57373348	     19.29927847	     -1.15590457	      1.32850646	      5.99457507	      0.97923193	      0.11733950	      0.03001523	     -0.03409033	      0.01020152	      0.00000000	      0.00000000	      0.00000000	      0.01406245	     -0.04859971	     -0.01422756	      0.00000000	      0.00000000	      0.00000000	      0.01380407	     -0.04550715	     -0.00109361	    298.74480179	     63.53237862	    -28.14375431	     19.00714550	      0.00000000	      0.00000000	      0.00000000	      0.00000000	    -95.25072950	   -245.20058689	   -201.16359546	      0.00000000	      0.00000000	      0.00000000	      0.00000000	      0.00000000	     44.13724262	      3.98885345	    -16.19029319	    -15.49683932	     -6.18823847	     -4.98473282	      0.00000000	     15.50022568	     24.98095987	      0.00000000	     43.64835488	      1.95784514	     14.91183549	    -20.22889154	     -3.07315100	     -4.98473282	      0.00000000	     19.32818411	     -4.14171522	      0.00000000
      8.36666667	    100.45533337	      4.00319144	    177.06910628	      0.10169596	     -0.37331218	     -0.57392711	     18.85203394	     -0.96057101	      1.95788648	      6.19461573	      0.44134900	      0.18474905	      0.03006902	     -0.03460253	      0.01190478	      0.00000000	      0.00000000	      0.00000000	      0.00928857	     -0.05671438	     -0.01346540	      0.00000000	      0.00000000	      0.00000000	      0.01265893	     -0.04470616	     -0.00149382	    291.59339083	     65.16945692	    -25.13091233	     12.92047345	      0.00000000	      0.00000000	      0.00000000	      0.00000000	    -95.56225269	   -245.30615611	   -201.91985998	      0.00000000	      0.00000000	      0.00000000	      0.00000000	      0.00000000	     43.82808062	      4.28339777	    -16.18868618	    -15.90932673	     -5.88387856	     -4.98473282	      0.00000000	     17.03053079	     24.98095987	      0.00000000	     42.95413672	      1.30222272	     13.17867442	    -20.07848132	     -2.44807841	     -4.98473282	      0.00000000	     19.85522646	     -4.13964729	      0.00000000
      8.40000000	     99.47481617	      3.99130460	    176.69424345	      0.10166944	     -0.37383314	     -0.57374597	     17.59982671	     -0.86233811	      2.24555514	      6.55642552	      0.68672811	      0.33781342	      0.02918603	     -0.03522087	      0.01111930	      0.00000000	      0.00000000	      0.00000000	      0.00706743	     -0.05900507	     -0.01170808	      0.00000000	      0.00000000	      0.00000000	      0.01066898	     -0.04410272	     -0.00241180	    288.92316850	     66.14403641	    -24.77074505	     10.93465074	      0.00000000	      0.00000000	      0.00000000	      0.00000000	    -95.59653559	   -245.27655880	   -200.00040939	      0.02812078	      0.00000000	      0.00000000	      0.00000000	      0.00000000	     42.95052688	      4.38355352	    -15.58500568	    -16.37707994	     -6.39744801	     -4.98473282	      0.00000000	     19.25808604	     24.98095987	      0.00000000	     41.68980753	      0.91722214	     11.58347175	    -19.80318595	     -2.84504061	     -4.98473282	      0.00000000	     20.16755792	     -2.37883829	      0.00000000
      8.43333333	     99.01214336	      3.77791346	    176.61230075	      0.10194668	     -0.37342865	     -0.57309567	     16.89780212	     -1.04746311	      2.29792378	      6.83299319	      1.15876902	      0.58941044	      0.02861185	     -0.03574160	      0.01029222	      0.00000000	      0.00000000	      0.00000000	      0.00688156	     -0.05624635	     -0.01010662	      0.00000000	      0.00000000	      0.00000000	      0.00914457	     -0.04436587	     -0.00267559	    289.93795037	     66.67293269	    -27.41163856	     11.18537075	      0.00000000	      0.00000000	      0.00000000	      0.00000000	    -94.98456198	   -244.99416822	   -198.66243917	      0.51134543	      0.00000000	      0.00000000	      0.00000000	      0.00000000	     42.72532111	      4.08207388	    -14.70135381	    -16.99665272	     -6.33073420	     -4.98473282	      0.00000000	     20.65977981	     24.12593953	      0.00000000	     41.24415103	      1.09721295	     10.75206558	    -19.66335828	     -3.81356706	     -4.98473282	      0.00000000	     19.99044547	     -0.46360617	      0.00000000
      8.46666667	     98.99600306	      3.63354243	    176.86209272	      0.10238755	     -0.37313383	     -0.57222747	     16.83253670	     -1.17211274	      2.03342990	      6.77489152	      1.47389860	      0.65317964	      0.02859647	     -0.03575684	      0.00890741	      0.00000000	      0.00000000	      0.00000000	      0.00786982	     -0.05249554	     -0.01039853	      0.00000000	      0.00000000	      0.00000000	      0.00789712	     -0.04576812	     -0.00447732	    290.83933730	     66.91563598	    -28.26234643	     10.59985310	      0.00000000	      0.00000000	      0.00000000	      0.00000000	    -94.56762621	   -245.32056368	   -198.44915937	      0.00000000	      0.00000000	      0.00000000	      0.00000000	      0.00000000	     42.81828610	      3.67519651	    -14.19817711	    -17.30951346	     -5.76142389	     -4.98473282	      0.00000000	     20.86259751	     23.21052528	      0.00000000	     41.41749598	      1.53524570	     10.81635915	    -19.73330557	     -4.04152885	     -4.98473282	      0.00000000	     20.28567315	      0.07404201	      0.00000000
      8.50000000	     99.89837444	      3.56572590	    177.19330196	      0.10291262	     -0.37285535	     -0.57116936	     17.93928305	     -1.19148129	      1.86325776	      6.26790961	      1.98640691	      0.66086696	      0.02852369	     -0.03531107	      0.00735075	      0.00000000	      0.00000000	      0.00000000	      0.00920994	     -0.05058885	     -0.01067659	      0.00000000	      0.00000000	      0.00000000	      0.00914115	     -0.04595120	     -0.00387336	    292.56205101	     66.17324732	    -29.06001988	     11.65650326	      0.00000000	      0.00000000	      0.00000000	      0.00000000	    -94.92505348	   -245.41890446	   -199.79467695	      0.00000000	      0.00000000	      0.00000000	      0.00000000	      0.00000000	     43.68302862	      3.28638714	    -15.14852647	    -17.50760652	     -1.62498764	     -4.98473282	      0.00000000	     19.99652277	     18.63057041	      0.00000000	     42.53635843	      2.03885181	     11.76273117	    -19.67451021	     -6.27411554	     -4.98473282	      0.00000000	     21.38620320	      2.46020152	      0.00000000
      8.53333333	    100.08116506	      3.94779064	    177.57928935	      0.10300738	     -0.37396888	     -0.57090664	     18.42584061	     -0.80579035	      1.53655294	      5.65937767	      1.66941330	      1.02708754	      0.02926615	     -0.03496263	      0.00809241	      0.00000000	      0.00000000	      0.00000000	      0.01032155	     -0.05137605	     -0.01174093	      0.00000000	      0.00000000	      0.00000000	      0.01145545	     -0.04472684	     -0.00402411	    293.57741918	     64.74634431	    -27.11041916	     13.81747589	      0.00000000	      0.00000000	      0.00000000	      0.00000000	    -96.43399910	   -245.67289367	   -199.18114789	      0.00000000	      0.00000000	      0.00000000	      0.00000000	      0.00000000	     43.44023488	      3.32771743	    -16.99818437	    -16.98818137	     -1.59762421	     -4.98473282	      0.00000000	     20.24626075	     19.52537675	      0.00000000	     42.64093707	      1.98039554	     12.36998456	    -19.61701529	     -6.63401633	     -4.98473282	      0.00000000	     22.80149397	      3.26286720	      0.00000000
      8.56666667	    100.44661009	      4.54881902	    178.01303729	      0.10312171	     -0.37555710	     -0.57106054	     19.25699623	     -0.25966758	      1.04849553	      4.76494632	      1.34422370	      1.35267760	      0.03007110	     -0.03417653	      0.00909678	      0.00000000	      0.00000000	      0.00000000	      0.00980221	     -0.05033137	     -0.01129969	      0.00000000	      0.00000000	      0.00000000	      0.01434257	     -0.04183315	     -0.00436390	    296.33386731	     63.74847676	    -27.12696581	     16.97514846	      0.00000000	      0.00000000	      0.00000000	      0.00000000	    -99.01015007	   -245.83395826	   -197.31265892	      0.18660510	      0.00000000	      0.00000000	      0.00000000	      0.00000000	     43.41036376	      3.44570934	    -19.63981395	    -16.73811735	     -2.50491966	     -4.98473282	      0.00000000	     21.31926660	     21.16827698	      0.00000000	     42.93752824	      1.74502239	     13.14965075	    -19.68231087	     -7.79354013	     -4.98473282	      0.00000000	     23.77335333	      5.20101660	      0.00000000
      8.60000000	    101.24540805	      4.82131925	    178.39954838	      0.10353951	     -0.37656090	     -0.57148113	     20.50033151	     -0.16554157	      0.52602323	      4.38259058	      1.17799294	      1.59273463	      0.03159773	     -0.03369526	      0.01032435	      0.00000000	      0.00000000	      0.00000000	      0.00622448	     -0.04861599	     -0.01009973	      0.00000000	      0.00000000	      0.00000000	      0.01952927	     -0.03466456	      0.00124428	    297.44052114	     64.38697289	    -27.06258938	     16.95331870	      0.00000000	      0.00000000	      0.00000000	      0.00000000	   -103.26080040	   -242.47792466	   -183.52100089	      7.50233103	      0.00000000	      0.00000000	      0.00000000	      0.00000000	     44.17008710	      3.37948002	    -20.75401366	    -16.92489157	     -4.69913669	     -4.98473282	      0.00000000	     21.99993733	     22.78657429	      0.00000000	     43.84039594	      1.87325245	     14.24013134	    -19.71051625	    -11.62238145	     -4.98473282	      0.00000000	     23.93789267	      9.87689287	      0.00000000
      8.63333333	    101.29954652	      5.26136596	    178.84194535	      0.10307492	     -0.37699999	     -0.57281254	     20.67686616	     -0.06929556	     -0.04678374	      4.37914916	      1.43051617	      1.40234483	      0.03175294	     -0.03439425	      0.01043047	      0.00000000	      0.00000000	      0.00000000	      0.00234035	     -0.05121155	     -0.00919476	      0.00000000	      0.00000000	      0.00000000	      0.02069927	     -0.03356466	      0.00276994	    295.35990340	     66.10236360	    -27.80047619	     13.77124396	      0.00000000	      0.00000000	      0.00000000	      0.00000000	   -103.99837168	   -241.49315276	   -181.68408637	      9.32071500	      0.00000000	      0.00000000	      0.00000000	      0.00000000	     44.05093805	      3.58166340	    -21.77759275	    -16.63064393	     -5.27196500	     -4.98473282	      0.00000000	     20.64109576	     23.21153484	      0.00000000	     44.00521317	      1.63800083	     14.24940546	    -19.79185389	    -10.32862882	     -4.98473282	      0.00000000	     22.97540172	      9.46711341	      0.00000000
      8.66666667	    101.28557184	      6.00857239	    179.40095148	      0.10227982	     -0.37627156	     -0.57427589	     20.57783384	      0.30327118	     -1.02518798	      5.35719212	      1.83994797	      0.54085800	      0.03334073	     -0.03661694	      0.00868383	      0.00000000	      0.00000000	      0.00000000	      0.00507037	     -0.05567901	     -0.00924970	      0.00000000	      0.00000000	      0.00000000	      0.01928261	     -0.03689838	      0.00355029	    293.26260862	     66.61552891	    -25.23557845	     11.59963681	      0.00000000	      0.00000000	      0.00000000	      0.00000000	   -101.91242943	   -241.21983095	   -183.65446201	      9.12320267	      0.00000000	      0.00000000	      0.00000000	      0.00000000	     43.88564306	      4.26078582	    -21.78826400	    -15.59892202	     -6.73105959	     -4.98473282	      0.00000000	     17.80616467	     24.98095987	      0.00000000	     44.43505196	      1.41411341	     15.51630307	    -20.38371881	     -8.77837612	     -4.98473282	      0.00000000	     22.61602865	      8.01060294	      0.00000000
      8.70000000	    101.63570490	      6.29124592	    179.55953535	      0.10099300	     -0.37487877	     -0.57606008	     20.85944526	      0.15569594	     -1.65416565	      5.84189920	      2.48176737	      0.30494968	      0.03358504	     -0.03907077	      0.00856035	      0.00000000	      0.00000000	      0.00000000	      0.01084821	     -0.07243865	     -0.00438158	      0.00000000	      0.00000000	      0.00000000	      0.01294956	     -0.04723375	     -0.00089345	    287.10717953	     68.35507191	    -16.46003992	      5.84796227	      0.00000000	      0.00000000	      0.00000000	      0.00000000	    -95.55236479	   -244.54842893	   -207.63294291	      0.00000000	      0.00000000	      0.00000000	      0.00000000	      0.00000000	     44.21704775	      4.98769246	    -21.30103796	    -14.37312437	     -6.45297836	     -4.98473282	      0.00000000	     14.39179198	     24.98095987	      0.00000000	     45.14114330	      1.27651480	     16.65963601	    -21.18792500	     -2.60916336	     -4.98473282	      0.00000000	     21.45776342	      0.05103094	      0.00000000
