Coordinates
version=1
nRows=266
nColumns=64
inDegrees=yes

Units are S.I. units (second, meters, Newtons, ...)
If the header above contains a line with 'inDegrees', this indicates whether rotational values are in degrees (yes) or radians (no).

endheader
time	pelvic_tilt	pelvic_list	pelvic_rotation	pelvic_tx	pelvic_ty	pelvic_tz	lumbar_extension	lumbar_bending	lumbar_rotation	neck_flex	neck_tilt	neck_rot	neck_tx1	neck_ty1	neck_tz1	SternumRRotZ	SternumRRotX	SternumRRotY	SternumRX	SternumRY	SternumRZ	SternumLRotZ	SternumLRotX	SternumLRotY	SternumLX	SternumLY	SternumLZ	shoulder_add_r	shoulder_flex_r	shoulder_rot_r	elbow_flexion_r	elbow_varus_valg_r	pro_sup_r	wrist_dev_r	wrist_flex_r	shoulder_add_l	shoulder_flex_l	shoulder_rot_l	elbow_flexion_l	elbow_varus_valg_l	pro_sup_l	wrist_dev_l	wrist_flex_l	hip_flexion_r	hip_adduction_r	hip_rotation_r	knee_angle_r	knee_rotation_r	knee_adduction_r	knee_tz_r	ankle_angle_r	subtalar_angle_r	mtp_angle_r	hip_flexion_l	hip_adduction_l	hip_rotation_l	knee_angle_l	knee_rotation_l	knee_adduction_l	knee_tz_l	ankle_angle_l	subtalar_angle_l	mtp_angle_l
      0.03333333	     55.50290047	      8.99631888	   -180.38930313	      0.13192749	     -0.40808110	     -0.57835745	    -32.25493537	      1.16266686	      6.38424062	     28.81435090	      1.71276255	     -4.67937239	      0.02095186	     -0.02664682	      0.00886992	      0.00000000	      0.00000000	      0.00000000	      0.00344229	     -0.03354318	     -0.00421840	      0.00000000	      0.00000000	      0.00000000	      0.03124738	     -0.03585653	     -0.01397196	    -85.19978152	   -295.39725383	    -52.72264813	     17.85194228	      0.00000000	      0.00000000	      0.00000000	      0.00000000	   -252.64873111	     65.25142193	     44.02821420	      9.45025787	      0.00000000	      0.00000000	      0.00000000	      0.00000000	    -15.15064202	      7.65060537	    -25.93258921	      7.24118280	     11.59213851	     -3.33473179	      0.00000000	     31.48443095	     20.68057849	      0.00000000	    -19.33490528	      0.22831041	    -26.42829401	     10.00000028	     10.91609628	     -4.98473282	      0.00000000	     25.35747723	     24.98095987	      0.00000000
      0.06666667	     58.12457794	      6.60296878	   -180.85190993	      0.13295911	     -0.40547507	     -0.57777368	    -29.39054720	     -1.43481337	      4.29733666	     29.34943834	      2.50461049	     -3.42810441	      0.02548717	     -0.03227610	      0.01184697	      0.00000000	      0.00000000	      0.00000000	      0.00685672	     -0.04144699	     -0.01355992	      0.00000000	      0.00000000	      0.00000000	      0.02769882	     -0.04164574	     -0.01322912	    -91.93102836	   -295.26968373	    -48.59491108	     11.93446848	      0.00000000	      0.00000000	      0.00000000	      0.00000000	   -244.61280038	     66.37685612	     41.07041521	      0.00000000	      0.00000000	      0.00000000	      0.00000000	      0.00000000	    -12.38804596	      5.35104485	    -25.90164003	      6.97226785	     11.51180281	     -3.23659633	      0.00000000	     27.63569922	     21.66336354	      0.00000000	    -16.61790890	      2.49124256	    -21.54085479	     10.00000028	     14.33292984	     -4.98473282	      0.00000000	     26.65814317	     17.61537950	      0.00000000
      0.10000000	     59.81565825	      5.09297697	   -181.55670491	      0.13404414	     -0.40326653	     -0.57747285	    -27.41253162	     -3.42325529	      3.80268896	     29.21926442	      2.45091796	     -3.19120868	      0.02867535	     -0.03598153	      0.01598369	      0.00000000	      0.00000000	      0.00000000	      0.00814592	     -0.05026485	     -0.01456070	      0.00000000	      0.00000000	      0.00000000	      0.02885243	     -0.03857247	     -0.00577283	    -97.28918411	   -294.66040597	    -45.80153634	      7.02413486	      0.00000000	      0.00000000	      0.00000000	      0.00000000	   -246.45020133	     65.62940278	     36.81573333	      0.00000000	      0.00000000	      0.00000000	      0.00000000	      0.00000000	    -10.42435348	      3.92518227	    -25.51237373	      6.31321232	     10.40848970	     -3.39938800	      0.00000000	     25.60659405	     21.17805020	      0.00000000	    -14.86994511	      4.02349101	    -17.52107031	     10.00000028	     14.89690267	     -4.98473282	      0.00000000	     26.00719246	      9.98047173	      0.00000000
      0.13333333	     61.42982031	      4.97667247	   -181.33276671	      0.13610393	     -0.40065477	     -0.57552237	    -25.76839495	     -3.08260176	      3.13435403	     28.87155965	      2.43774532	     -2.39715551	      0.02973275	     -0.03762130	      0.01583248	      0.00000000	      0.00000000	      0.00000000	      0.01085625	     -0.05297304	     -0.01619000	      0.00000000	      0.00000000	      0.00000000	      0.02659745	     -0.03880512	     -0.00653838	    -97.14430011	   -295.16374315	    -45.26309533	      9.14777709	      0.00000000	      0.00000000	      0.00000000	      0.00000000	   -247.24960921	     65.31987145	     33.93334233	      0.00000000	      0.00000000	      0.00000000	      0.00000000	      0.00000000	     -8.66419416	      3.99195573	    -26.13664407	      5.86076969	      8.41632090	     -3.57967252	      0.00000000	     25.49810059	     20.13095400	      0.00000000	    -12.84949828	      4.10262035	    -17.77430313	     10.00000028	     14.89690267	     -4.98473282	      0.00000000	     25.68696261	     10.94175489	      0.00000000
      0.16666667	     63.69861745	      5.82559539	   -181.73342423	      0.13912263	     -0.39756656	     -0.57271888	    -23.44929689	     -1.74819347	      3.54290952	     28.32189516	      2.07912367	     -1.97857380	      0.02998343	     -0.03805643	      0.01485261	      0.00000000	      0.00000000	      0.00000000	      0.01656259	     -0.04575028	     -0.01849119	      0.00000000	      0.00000000	      0.00000000	      0.02483593	     -0.04089776	     -0.00886564	    -88.82069684	   -296.77123399	    -47.29982740	     18.54071255	      0.00000000	      0.00000000	      0.00000000	      0.00000000	   -247.81855671	     65.18894202	     31.39450925	      0.00000000	      0.00000000	      0.00000000	      0.00000000	      0.00000000	     -5.84337677	      4.73246433	    -26.91129431	      5.09923955	      6.84950113	     -3.68130590	      0.00000000	     26.59095022	     20.24721875	      0.00000000	    -10.11833767	      3.37697251	    -20.05654703	     10.00000028	     14.89690267	     -4.98473282	      0.00000000	     26.11774131	     15.22929668	      0.00000000
      0.20000000	     64.99753088	      6.64007421	   -181.88608990	      0.14188585	     -0.39519368	     -0.57010561	    -22.20066566	     -0.47713107	      4.01557598	     27.98878434	      1.79441151	     -1.86400715	      0.03022960	     -0.03700219	      0.01428289	      0.00000000	      0.00000000	      0.00000000	      0.02064901	     -0.04271475	     -0.01853835	      0.00000000	      0.00000000	      0.00000000	      0.02496098	     -0.04131703	     -0.01080211	    -87.25920683	   -298.18484903	    -45.15514483	     22.11471858	      0.00000000	      0.00000000	      0.00000000	      0.00000000	   -248.02414694	     65.50185795	     31.63024459	      0.00000000	      0.00000000	      0.00000000	      0.00000000	      0.00000000	     -4.20843884	      5.53757163	    -28.45817638	      4.97178911	      6.66126910	     -3.77917044	      0.00000000	     27.01419963	     20.58535057	      0.00000000	     -8.57685804	      2.60444150	    -20.21181221	     10.00000028	     14.89690267	     -4.98473282	      0.00000000	     26.83913220	     17.81128820	      0.00000000
      0.23333333	     67.27520930	      6.80244806	   -183.00942378	      0.14475216	     -0.39140660	     -0.56728381	    -20.12786466	     -0.09107066	      5.03154385	     27.88294216	      1.23477164	     -1.48153316	      0.02951221	     -0.03681480	      0.01477946	      0.00000000	      0.00000000	      0.00000000	      0.02104684	     -0.04313556	     -0.01747066	      0.00000000	      0.00000000	      0.00000000	      0.02539915	     -0.04269827	     -0.01171856	    -89.20382875	   -298.41003344	    -45.16205674	     21.40698520	      0.00000000	      0.00000000	      0.00000000	      0.00000000	   -247.96371265	     65.68964473	     32.01056601	      0.00000000	      0.00000000	      0.00000000	      0.00000000	      0.00000000	     -0.84768663	      5.48889943	    -30.14563862	      3.75828775	      8.40213329	     -4.05812126	      0.00000000	     27.58515640	     20.79534953	      0.00000000	     -5.95801607	      2.67917703	    -20.85726742	     10.00000028	     14.89690267	     -4.98473282	      0.00000000	     27.77598049	     18.50429094	      0.00000000
      0.26666667	     70.50883509	      5.98350962	   -184.40544822	      0.14764427	     -0.38728756	     -0.56500715	    -16.93502001	     -0.83186829	      5.87574074	     27.95885921	      1.35131531	     -1.39619054	      0.02945506	     -0.03762372	      0.01456591	      0.00000000	      0.00000000	      0.00000000	      0.01868880	     -0.04639632	     -0.01510777	      0.00000000	      0.00000000	      0.00000000	      0.02569659	     -0.04443462	     -0.01094151	    -91.99924970	   -297.51238759	    -47.38167171	     18.36026454	      0.00000000	      0.00000000	      0.00000000	      0.00000000	   -247.93750797	     65.67981294	     31.17115088	      0.00000000	      0.00000000	      0.00000000	      0.00000000	      0.00000000	      3.68524541	      4.58950780	    -31.20663883	      2.28654871	     10.81688575	     -4.36102073	      0.00000000	     28.41926984	     19.00646086	      0.00000000	     -2.27602601	      3.62703019	    -21.14678056	     10.00000028	     14.89690267	     -4.98473282	      0.00000000	     28.07065658	     15.73223467	      0.00000000
      0.30000000	     73.33585319	      4.66346967	   -185.63777504	      0.15005919	     -0.38358881	     -0.56338340	    -14.08908815	     -2.12285438	      6.78371179	     28.13518743	      0.80745471	     -1.06781349	      0.02964331	     -0.03878686	      0.01690694	      0.00000000	      0.00000000	      0.00000000	      0.01549155	     -0.04566753	     -0.01444115	      0.00000000	      0.00000000	      0.00000000	      0.02565740	     -0.04634844	     -0.01053910	    -91.40165817	   -297.01875959	    -50.86769205	     18.15373173	      0.00000000	      0.00000000	      0.00000000	      0.00000000	   -247.24379865	     65.76266096	     29.91657662	      0.00000000	      0.00000000	      0.00000000	      0.00000000	      0.00000000	      7.87427436	      3.33752910	    -31.14156404	      0.56922261	     12.30658309	     -4.98473282	      0.00000000	     29.02358163	     17.03528855	      0.00000000	      1.04597273	      4.92352707	    -22.32768701	     10.00000028	     14.89690267	     -4.98473282	      0.00000000	     27.35711222	     13.73332806	      0.00000000
      0.33333333	    117.22788429	     -0.38847425	   -184.59948664	      0.17017714	     -0.35453841	     -0.55918851	     36.14683204	     -3.40961827	      4.84602381	     21.94721244	      1.49529733	     -1.28915177	      0.04528122	     -0.02951414	      0.01863084	      0.00000000	      0.00000000	      0.00000000	      0.02058857	     -0.03418939	     -0.01591585	      0.00000000	      0.00000000	      0.00000000	      0.03032852	     -0.03856461	     -0.01008925	    -75.40893292	   -298.26369978	    -38.41694118	     20.79162517	      0.00000000	      0.00000000	      0.00000000	      0.00000000	   -260.12211679	     67.50490241	     15.22983505	      0.00000000	      0.00000000	      0.00000000	      0.00000000	      0.00000000	     62.43259626	     -0.81641203	    -20.97874292	    -12.13053238	      1.12798501	     -4.98473282	      0.00000000	     26.61345597	     11.49248369	      0.00000000	     57.88386163	      5.89098562	      4.98341959	     -7.30295597	     -5.90738190	     -4.98473282	      0.00000000	     26.74266305	      3.58595898	      0.00000000
      0.36666667	    116.78514408	      0.19221906	   -184.60783886	      0.17106030	     -0.35365799	     -0.56004046	     35.39563039	     -2.89228475	      4.61919755	     22.05475646	      1.65606145	     -1.41387228	      0.04557128	     -0.02996654	      0.01702478	      0.00000000	      0.00000000	      0.00000000	      0.02237635	     -0.03375116	     -0.01915660	      0.00000000	      0.00000000	      0.00000000	      0.03030517	     -0.04107046	     -0.01215548	    -74.80924005	   -299.46584353	    -37.26831140	     23.48052660	      0.00000000	      0.00000000	      0.00000000	      0.00000000	   -258.61256327	     67.58547777	     17.17968976	      0.00000000	      0.00000000	      0.00000000	      0.00000000	      0.00000000	     61.94443828	     -0.29517607	    -19.13530812	    -12.19045583	     -0.77723518	     -4.98473282	      0.00000000	     26.65669630	     11.43627853	      0.00000000	     57.49767193	      5.37506553	      4.88804671	     -7.17079856	     -6.25397934	     -4.98473282	      0.00000000	     27.72558355	      4.92582857	      0.00000000
      0.40000000	    116.54268960	      0.78785547	   -184.45757215	      0.17184316	     -0.35265980	     -0.56140061	     34.86856140	     -2.52274727	      4.37791764	     22.06931244	      1.78005683	     -1.39191089	      0.04535107	     -0.03042311	      0.01625253	      0.00000000	      0.00000000	      0.00000000	      0.02421765	     -0.03501227	     -0.02224130	      0.00000000	      0.00000000	      0.00000000	      0.03116953	     -0.04277637	     -0.01405583	    -75.30683390	   -301.27001377	    -34.72252807	     25.76306683	      0.00000000	      0.00000000	      0.00000000	      0.00000000	   -257.16613101	     67.89169493	     20.27101298	      0.00000000	      0.00000000	      0.00000000	      0.00000000	      0.00000000	     61.70422161	      0.07012209	    -18.02873815	    -12.32949069	     -2.30544883	     -4.98473282	      0.00000000	     27.41878326	     12.14314907	      0.00000000	     57.35443174	      4.97254903	      5.05591120	     -7.03262771	     -6.55386977	     -4.98473282	      0.00000000	     28.91910001	      6.63102050	      0.00000000
      0.43333333	    116.00667085	      1.03867460	   -184.31742273	      0.17274707	     -0.35182923	     -0.56214337	     34.04516165	     -2.45920104	      4.45545811	     22.13085525	      1.92408099	     -1.37017115	      0.04460561	     -0.03045224	      0.01554028	      0.00000000	      0.00000000	      0.00000000	      0.02343889	     -0.03449322	     -0.02275457	      0.00000000	      0.00000000	      0.00000000	      0.03211758	     -0.04249451	     -0.01574894	    -76.25172368	   -302.05453335	    -33.52042583	     25.82945790	      0.00000000	      0.00000000	      0.00000000	      0.00000000	   -256.21726116	     68.55351442	     25.13404100	      0.00000000	      0.00000000	      0.00000000	      0.00000000	      0.00000000	     61.29856393	      0.14788218	    -17.27195961	    -12.52044502	     -4.59695270	     -4.98473282	      0.00000000	     28.93674694	     14.96057909	      0.00000000	     57.01498491	      4.95462316	      5.44877571	     -6.99630670	     -9.31720217	     -4.98473282	      0.00000000	     30.18808423	      9.85518513	      0.00000000
      0.46666667	    115.90842790	      1.06888453	   -184.24646968	      0.17355115	     -0.35145888	     -0.56256350	     33.91038763	     -2.52674574	      4.59183835	     22.10907819	      1.87195508	     -1.33798113	      0.04514337	     -0.03030502	      0.01586060	      0.00000000	      0.00000000	      0.00000000	      0.02184798	     -0.02853103	     -0.02129740	      0.00000000	      0.00000000	      0.00000000	      0.03310361	     -0.04195385	     -0.01460209	    -75.58634989	   -301.69694231	    -33.63020979	     24.47885595	      0.00000000	      0.00000000	      0.00000000	      0.00000000	   -255.97049596	     68.70090454	     25.05023392	      0.00000000	      0.00000000	      0.00000000	      0.00000000	      0.00000000	     61.22963574	      0.12571717	    -17.04891362	    -12.62089730	     -4.26074165	     -4.98473282	      0.00000000	     29.41099012	     15.34760871	      0.00000000	     57.07382382	      5.03087626	      5.61798695	     -7.27726268	     -9.66578275	     -4.98473282	      0.00000000	     30.47154451	      9.79937563	      0.00000000
      0.50000000	    115.81998692	      0.45058995	   -184.39006006	      0.17454790	     -0.35099056	     -0.56182117	     33.81123513	     -3.00196139	      4.96967448	     21.99472078	      1.83074467	     -0.94416397	      0.04481766	     -0.02966816	      0.01664468	      0.00000000	      0.00000000	      0.00000000	      0.01917642	     -0.02578707	     -0.01681190	      0.00000000	      0.00000000	      0.00000000	      0.03276788	     -0.04169858	     -0.01151171	    -76.07389759	   -299.31342523	    -37.65738678	     21.06191659	      0.00000000	      0.00000000	      0.00000000	      0.00000000	   -255.92316838	     68.18786671	     23.33324903	      0.00000000	      0.00000000	      0.00000000	      0.00000000	      0.00000000	     61.40743251	     -0.33857032	    -17.95518747	    -12.84003540	     -3.32484483	     -4.98473282	      0.00000000	     29.78919592	     16.58081644	      0.00000000	     57.24094343	      5.56690277	      7.81880708	     -7.91790071	    -12.16843441	     -4.98473282	      0.00000000	     30.46116389	      8.86551310	      0.00000000
      0.53333333	    116.01868711	      0.44397547	   -184.62817870	      0.17530049	     -0.35067518	     -0.56100807	     34.06539325	     -2.64365854	      5.01343058	     21.99501097	      1.45653882	     -0.62125731	      0.04613895	     -0.02912017	      0.01627558	      0.00000000	      0.00000000	      0.00000000	      0.01982991	     -0.02480343	     -0.01580259	      0.00000000	      0.00000000	      0.00000000	      0.03271924	     -0.04547881	     -0.01122834	    -76.95712795	   -298.11672387	    -40.10844549	     19.30690177	      0.00000000	      0.00000000	      0.00000000	      0.00000000	   -255.42492537	     67.67209895	     20.98483533	      0.00000000	      0.00000000	      0.00000000	      0.00000000	      0.00000000	     61.59162457	     -0.29797877	    -19.28412279	    -12.63527959	     -2.25182171	     -4.98473282	      0.00000000	     29.20401846	     16.45183359	      0.00000000	     57.78486598	      5.66685392	     10.92235103	     -8.95826699	    -13.80282235	     -4.98473282	      0.00000000	     31.03788695	      6.95223678	      0.00000000
      0.56666667	    116.22774492	      0.51735268	   -184.71338872	      0.17548095	     -0.35073142	     -0.56051177	     34.42155426	     -2.34403230	      4.80591730	     21.95023955	      1.31048514	     -0.34198801	      0.04819510	     -0.02907328	      0.01538870	      0.00000000	      0.00000000	      0.00000000	      0.02308095	     -0.02789638	     -0.01871591	      0.00000000	      0.00000000	      0.00000000	      0.03257426	     -0.05050036	     -0.01387121	    -78.40218778	   -298.65418927	    -38.20021095	     19.39481849	      0.00000000	      0.00000000	      0.00000000	      0.00000000	   -254.91812651	     67.49407246	     20.23957788	      0.00000000	      0.00000000	      0.00000000	      0.00000000	      0.00000000	     61.72254983	     -0.28004547	    -20.36601313	    -12.36770275	     -1.59212171	     -4.98473282	      0.00000000	     28.86939670	     15.67713298	      0.00000000	     58.11734343	      5.68908707	     12.27941403	     -9.34976025	    -14.11871966	     -4.98473282	      0.00000000	     31.55152855	      6.07255798	      0.00000000
      0.60000000	    116.29488705	      0.50130419	   -184.85030071	      0.17551979	     -0.35086757	     -0.56060568	     34.60863736	     -2.26838304	      4.69453126	     21.87474037	      1.39035176	     -0.29022214	      0.04973553	     -0.02911388	      0.01457753	      0.00000000	      0.00000000	      0.00000000	      0.02510161	     -0.03205294	     -0.01969828	      0.00000000	      0.00000000	      0.00000000	      0.03237495	     -0.05368149	     -0.01577851	    -78.89298849	   -298.80604040	    -38.02088229	     20.09469324	      0.00000000	      0.00000000	      0.00000000	      0.00000000	   -254.80065745	     67.38037741	     20.28185791	      0.00000000	      0.00000000	      0.00000000	      0.00000000	      0.00000000	     61.87812583	     -0.21461525	    -20.78351264	    -12.39630241	     -1.98734253	     -4.98473282	      0.00000000	     29.26690179	     15.36823109	      0.00000000	     58.02039787	      5.56413538	     12.33219656	     -8.89014509	    -13.97036067	     -4.98473282	      0.00000000	     31.62572811	      6.26668822	      0.00000000
      0.63333333	    115.58968706	      1.10982569	   -184.44830250	      0.17508486	     -0.35131687	     -0.56141979	     33.76995068	     -2.03244261	      4.05168699	     21.89903952	      1.72907153	     -0.59516620	      0.05014792	     -0.03003422	      0.01274888	      0.00000000	      0.00000000	      0.00000000	      0.02503645	     -0.03060842	     -0.02013194	      0.00000000	      0.00000000	      0.00000000	      0.03239031	     -0.05636432	     -0.01656822	    -77.90553663	   -299.11319692	    -37.65020487	     21.10541871	      0.00000000	      0.00000000	      0.00000000	      0.00000000	   -254.19639311	     67.34969106	     19.81430397	      0.00000000	      0.00000000	      0.00000000	      0.00000000	      0.00000000	     60.80418642	     -0.09087636	    -20.97000911	    -11.91531761	     -3.35893786	     -4.98473282	      0.00000000	     29.66439348	     16.13167155	      0.00000000	     56.99329948	      5.26984600	     10.41063045	     -7.98420590	    -13.05506996	     -4.98473282	      0.00000000	     31.87814107	      9.28616215	      0.00000000
      0.66666667	    114.62635718	      1.24225480	   -184.12272500	      0.17458455	     -0.35183127	     -0.56245984	     32.60423894	     -2.43674920	      3.81881226	     21.97044424	      2.16307650	     -1.32052558	      0.04911959	     -0.03112566	      0.01273604	      0.00000000	      0.00000000	      0.00000000	      0.02184492	     -0.02900788	     -0.01543962	      0.00000000	      0.00000000	      0.00000000	      0.03184300	     -0.05479353	     -0.01375778	    -76.33837931	   -297.72971413	    -41.58390404	     20.63074112	      0.00000000	      0.00000000	      0.00000000	      0.00000000	   -253.89800473	     67.01134871	     16.80808820	      0.00000000	      0.00000000	      0.00000000	      0.00000000	      0.00000000	     59.69569914	     -0.08425917	    -19.67761017	    -11.80186740	     -5.21594019	     -4.98473282	      0.00000000	     29.90974263	     17.30977361	      0.00000000	     55.52428094	      5.20384555	      8.37057916	     -6.80627247	    -12.42871857	     -4.98473282	      0.00000000	     32.23215595	     11.56561634	      0.00000000
      0.70000000	    113.86263204	      1.44347704	   -183.86158486	      0.17411762	     -0.35193546	     -0.56349493	     31.61012987	     -2.80040618	      3.77567374	     22.12744008	      2.56135055	     -2.20643251	      0.04798978	     -0.03223628	      0.01411216	      0.00000000	      0.00000000	      0.00000000	      0.01847347	     -0.02798592	     -0.01240019	      0.00000000	      0.00000000	      0.00000000	      0.03208368	     -0.05289831	     -0.00921666	    -76.49859080	   -297.04801928	    -43.68393583	     19.42809636	      0.00000000	      0.00000000	      0.00000000	      0.00000000	   -253.08082380	     66.54667290	     12.38262331	      0.00000000	      0.00000000	      0.00000000	      0.00000000	      0.00000000	     58.83109488	      0.19134449	    -17.21277384	    -11.78159069	     -7.23316877	     -4.98473282	      0.00000000	     29.31765715	     17.22754817	      0.00000000	     54.49434924	      5.06632253	      7.03407421	     -6.38963828	    -11.07204256	     -4.98473282	      0.00000000	     33.07807549	     12.42645635	      0.00000000
      0.73333333	    114.04572855	      1.29617613	   -183.87478499	      0.17390148	     -0.35149710	     -0.56378201	     31.73881354	     -3.22420062	      4.04524729	     21.96503268	      2.70341584	     -2.55306811	      0.04676870	     -0.03279907	      0.01658692	      0.00000000	      0.00000000	      0.00000000	      0.01697925	     -0.02929113	     -0.01346570	      0.00000000	      0.00000000	      0.00000000	      0.03244581	     -0.05039778	     -0.00704469	    -78.34055551	   -297.83014956	    -40.97279639	     18.64690950	      0.00000000	      0.00000000	      0.00000000	      0.00000000	   -252.86349280	     66.61276699	     11.94791794	      0.00000000	      0.00000000	      0.00000000	      0.00000000	      0.00000000	     59.21964115	      0.28243543	    -15.18678496	    -12.16912243	     -7.60080143	     -4.98473282	      0.00000000	     28.54226956	     15.87049071	      0.00000000	     54.80998436	      5.12804636	      6.89451207	     -6.83566193	     -9.84827315	     -4.98473282	      0.00000000	     33.62670155	     11.49416201	      0.00000000
      0.76666667	    114.94984974	      0.91547670	   -184.08876224	      0.17365709	     -0.35114619	     -0.56337429	     32.86910203	     -3.58171505	      4.48653001	     21.61849553	      2.62515927	     -2.80443673	      0.04699307	     -0.03287727	      0.01845852	      0.00000000	      0.00000000	      0.00000000	      0.01716350	     -0.03157051	     -0.01679833	      0.00000000	      0.00000000	      0.00000000	      0.03368012	     -0.04845537	     -0.00686424	    -80.50500662	   -299.23851155	    -35.41608199	     18.16788100	      0.00000000	      0.00000000	      0.00000000	      0.00000000	   -253.55790723	     67.23596687	     16.43680947	      0.00000000	      0.00000000	      0.00000000	      0.00000000	      0.00000000	     60.34700375	      0.34514399	    -13.34379306	    -12.32538514	     -7.42023231	     -4.98473282	      0.00000000	     27.53399534	     13.34551290	      0.00000000	     55.98254010	      5.32243356	      6.98284757	     -7.49335751	     -8.35037530	     -4.98473282	      0.00000000	     32.95801378	      9.39637307	      0.00000000
      0.80000000	    115.93258645	      0.44605393	   -184.32749489	      0.17385311	     -0.35092027	     -0.56209953	     34.02830075	     -3.77466336	      4.93935144	     21.21890741	      2.27401706	     -2.86680003	      0.04682483	     -0.03236159	      0.01893781	      0.00000000	      0.00000000	      0.00000000	      0.01789853	     -0.03122420	     -0.02009162	      0.00000000	      0.00000000	      0.00000000	      0.03409494	     -0.04812092	     -0.00882516	    -80.66713884	   -300.61478353	    -32.52095702	     19.59104198	      0.00000000	      0.00000000	      0.00000000	      0.00000000	   -253.79814487	     68.09471895	     23.55257809	      0.00000000	      0.00000000	      0.00000000	      0.00000000	      0.00000000	     61.62509643	      0.21341596	    -12.63626311	    -12.43038548	     -7.27298866	     -4.98473282	      0.00000000	     26.99537141	     12.17157346	      0.00000000	     57.13620106	      5.63240580	      7.03924684	     -7.72779929	     -7.35842550	     -4.98473282	      0.00000000	     31.78115866	      7.18674039	      0.00000000
      0.83333333	    115.90808689	      0.09321897	   -184.57009664	      0.17407232	     -0.35081684	     -0.56104624	     33.92906409	     -3.93360210	      5.60561855	     20.77673847	      1.77447069	     -2.72195247	      0.04551649	     -0.03211408	      0.01957255	      0.00000000	      0.00000000	      0.00000000	      0.01727006	     -0.02968138	     -0.02021616	      0.00000000	      0.00000000	      0.00000000	      0.03389635	     -0.05086262	     -0.01059886	    -79.51485803	   -301.51728563	    -33.18678363	     21.60778200	      0.00000000	      0.00000000	      0.00000000	      0.00000000	   -251.89733698	     68.43040446	     23.79251897	      0.00000000	      0.00000000	      0.00000000	      0.00000000	      0.00000000	     61.69337498	      0.14650953	    -13.22101622	    -12.11217317	     -7.84553757	     -4.98473282	      0.00000000	     27.26714110	     13.11427242	      0.00000000	     57.18968132	      5.82983387	      6.95095401	     -7.71641415	     -8.14155515	     -4.98473282	      0.00000000	     31.10690117	      6.74676769	      0.00000000
      0.86666667	    115.42097671	     -0.20536740	   -184.60521118	      0.17447555	     -0.35117431	     -0.56006816	     33.32881803	     -4.18659283	      5.97221117	     20.58658413	      1.33296907	     -2.88025835	      0.04564685	     -0.03209769	      0.01880597	      0.00000000	      0.00000000	      0.00000000	      0.01765748	     -0.02617346	     -0.01921845	      0.00000000	      0.00000000	      0.00000000	      0.03176132	     -0.05316844	     -0.01287340	    -76.92224967	   -301.93600965	    -35.41525672	     23.97572713	      0.00000000	      0.00000000	      0.00000000	      0.00000000	   -250.16906943	     68.31307093	     19.33246653	      0.00000000	      0.00000000	      0.00000000	      0.00000000	      0.00000000	     61.17709773	     -0.10082696	    -14.33006771	    -11.71742700	     -9.21951358	     -4.98473282	      0.00000000	     28.49685148	     16.46943558	      0.00000000	     56.64405293	      6.12872590	      7.57087074	     -7.52085958	    -10.32084616	     -4.98473282	      0.00000000	     31.41705503	      7.29856682	      0.00000000
      0.90000000	    115.31139598	     -0.51665794	   -184.37333713	      0.17495599	     -0.35132198	     -0.55875760	     33.18518795	     -4.44584423	      6.06778591	     18.98075533	      1.01009090	     -2.63882408	      0.04300163	     -0.03201533	      0.01655591	      0.00000000	      0.00000000	      0.00000000	      0.01697178	     -0.02496778	     -0.01976020	      0.00000000	      0.00000000	      0.00000000	      0.03039009	     -0.05470572	     -0.01434325	    -77.26185101	   -301.51522649	    -37.05364947	     22.44933918	      0.00000000	      0.00000000	      0.00000000	      0.00000000	   -249.41842240	     68.08626041	     15.39267380	      0.00000000	      0.00000000	      0.00000000	      0.00000000	      0.00000000	     61.14488562	     -0.61098867	    -15.52261968	    -11.62469044	     -9.94708674	     -4.98473282	      0.00000000	     29.28520119	     18.74543767	      0.00000000	     56.64981192	      6.67475739	      9.04547669	     -7.74143232	    -12.56705750	     -4.98473282	      0.00000000	     31.94522522	      7.73796438	      0.00000000
      0.93333333	    115.50046240	     -0.37768332	   -183.81354090	      0.17541415	     -0.35120374	     -0.55760488	     33.33589397	     -4.38490368	      5.49818456	     17.60566983	      1.02173722	     -2.06676790	      0.04186600	     -0.03175272	      0.01294804	      0.00000000	      0.00000000	      0.00000000	      0.01532929	     -0.02535591	     -0.01877202	      0.00000000	      0.00000000	      0.00000000	      0.02984899	     -0.05211863	     -0.01635054	    -79.71949680	   -300.31216096	    -37.10335360	     18.25170345	      0.00000000	      0.00000000	      0.00000000	      0.00000000	   -250.67868886	     68.49910192	     15.48553798	      0.00000000	      0.00000000	      0.00000000	      0.00000000	      0.00000000	     61.20512289	     -1.15688864	    -16.60509668	    -11.39076744	     -9.66231121	     -4.98473282	      0.00000000	     29.90475173	     19.87548554	      0.00000000	     57.26469293	      7.32825125	     11.97495118	     -8.67784642	    -14.56247880	     -4.98473282	      0.00000000	     32.38954742	      7.91054300	      0.00000000
      0.96666667	    115.64381569	     -0.04006625	   -183.10471322	      0.17540719	     -0.35098417	     -0.55703706	     33.31519157	     -4.32085961	      4.65148028	     15.49957151	      0.89688612	     -1.40568941	      0.03780663	     -0.03186393	      0.01030136	      0.00000000	      0.00000000	      0.00000000	      0.01348417	     -0.02724104	     -0.01703052	      0.00000000	      0.00000000	      0.00000000	      0.02989242	     -0.04916786	     -0.01829275	    -82.96420783	   -299.49828784	    -34.62467906	     14.47635576	      0.00000000	      0.00000000	      0.00000000	      0.00000000	   -252.08208402	     69.18003542	     19.78685917	      0.00000000	      0.00000000	      0.00000000	      0.00000000	      0.00000000	     61.14313589	     -1.69212655	    -17.55149305	    -11.11134502	     -8.70926531	     -4.98473282	      0.00000000	     30.48110116	     20.09173291	      0.00000000	     57.80290991	      7.93026399	     14.60919223	     -9.66747730	    -14.89690267	     -4.98473282	      0.00000000	     32.55665931	      8.10886327	      0.00000000
      1.00000000	    115.19768704	      0.51497520	   -182.38157695	      0.17483530	     -0.35105022	     -0.55744515	     32.55234644	     -4.25677500	      3.82621348	     13.54241164	      0.78567430	     -0.72138360	      0.03331420	     -0.03229434	      0.00921370	      0.00000000	      0.00000000	      0.00000000	      0.01361206	     -0.02554031	     -0.01593601	      0.00000000	      0.00000000	      0.00000000	      0.02977661	     -0.04884729	     -0.01955192	    -81.92943760	   -300.25825621	    -33.16752378	     16.09243124	      0.00000000	      0.00000000	      0.00000000	      0.00000000	   -253.05213900	     69.13439123	     24.75700810	      1.62298903	      0.00000000	      0.00000000	      0.00000000	      0.00000000	     60.26448261	     -2.02552445	    -18.34105082	    -10.54305192	     -7.76862467	     -4.98473282	      0.00000000	     31.19213034	     20.65802267	      0.00000000	     57.57182900	      8.26591957	     16.12295119	    -10.28870391	    -14.89690267	     -4.98473282	      0.00000000	     32.74904429	      9.21337000	      0.00000000
      1.03333333	    114.29594772	      0.57969179	   -182.10443162	      0.17382497	     -0.35144184	     -0.55776198	     31.23224247	     -4.36461761	      3.50012728	     11.85342743	      1.00461641	     -0.54655394	      0.02882343	     -0.03287810	      0.00664425	      0.00000000	      0.00000000	      0.00000000	      0.01726564	     -0.01731096	     -0.01526864	      0.00000000	      0.00000000	      0.00000000	      0.02968572	     -0.04433092	     -0.01438785	    -74.29200754	   -301.53234225	    -37.15046813	     24.08119225	      0.00000000	      0.00000000	      0.00000000	      0.00000000	   -259.74387785	     66.10672803	     27.60954596	      9.20224629	      0.00000000	      0.00000000	      0.00000000	      0.00000000	     59.09561863	     -2.22249054	    -17.74454530	    -10.15519669	     -7.20045498	     -4.98473282	      0.00000000	     31.67431556	     21.48287032	      0.00000000	     56.63105613	      8.37504527	     16.08206670	    -10.36411097	    -14.89690267	     -4.98473282	      0.00000000	     32.45270839	     10.51697511	      0.00000000
      1.06666667	    113.87542580	      1.08661352	   -182.11141351	      0.17228633	     -0.35224379	     -0.55881814	     30.58307944	     -3.84180520	      3.21524228	      9.64276953	      1.22249726	     -0.03554917	      0.02508835	     -0.03275513	      0.00483032	      0.00000000	      0.00000000	      0.00000000	      0.02072582	     -0.01199324	     -0.01624248	      0.00000000	      0.00000000	      0.00000000	      0.02898071	     -0.04320921	     -0.01279359	    -69.47802444	   -302.45016425	    -37.38171595	     28.81467032	      0.00000000	      0.00000000	      0.00000000	      0.00000000	   -261.27133066	     65.05293192	     28.17233099	     11.21208534	      0.00000000	      0.00000000	      0.00000000	      0.00000000	     58.36712057	     -1.81060927	    -17.29847270	     -9.94964432	     -6.86082234	     -4.98473282	      0.00000000	     30.71706405	     21.75551840	      0.00000000	     55.97474407	      7.80621800	     15.00177802	    -10.10122353	    -13.68403185	     -4.98473282	      0.00000000	     31.24358736	     10.64426175	      0.00000000
      1.10000000	    112.70444629	      1.18465721	   -182.52870976	      0.16952572	     -0.35403857	     -0.56009192	     29.18313637	     -3.58581035	      3.48240746	      7.91476334	      1.48307426	      0.23206441	      0.02376709	     -0.03409804	      0.00425924	      0.00000000	      0.00000000	      0.00000000	      0.02087709	     -0.00905742	     -0.01674808	      0.00000000	      0.00000000	      0.00000000	      0.02853404	     -0.04259327	     -0.00928643	    -65.93683123	   -302.23410791	    -38.61940063	     30.67416439	      0.00000000	      0.00000000	      0.00000000	      0.00000000	   -259.52464908	     65.10363477	     27.84952397	      9.18092362	      0.00000000	      0.00000000	      0.00000000	      0.00000000	     56.92356577	     -1.26056657	    -16.75452897	     -9.92465687	     -6.19534238	     -4.98473282	      0.00000000	     29.10507508	     20.50230011	      0.00000000	     54.02669294	      7.07015704	     11.39056036	     -8.80173439	    -10.50720033	     -4.98473282	      0.00000000	     29.35094924	      9.29759690	      0.00000000
      1.13333333	    110.30704180	      1.19415460	   -183.27494179	      0.16540047	     -0.35699983	     -0.56093070	     26.41253693	     -3.10111997	      4.18534408	      5.22358883	      1.64367803	      0.61638687	      0.02037443	     -0.03558052	      0.00306639	      0.00000000	      0.00000000	      0.00000000	      0.01789206	     -0.01068122	     -0.01951281	      0.00000000	      0.00000000	      0.00000000	      0.02774186	     -0.04392696	     -0.00790265	    -66.01182891	   -302.05147262	    -39.39199692	     30.31723514	      0.00000000	      0.00000000	      0.00000000	      0.00000000	   -256.88972986	     66.03110822	     27.66489697	      5.33969936	      0.00000000	      0.00000000	      0.00000000	      0.00000000	     54.07856573	     -0.55333374	    -16.28452318	     -9.87879867	     -4.33309153	     -4.98473282	      0.00000000	     27.90789882	     17.65928908	      0.00000000	     50.50629120	      6.26383645	      6.51669732	     -7.10673441	     -6.54237609	     -4.98473282	      0.00000000	     28.27597719	      8.79334101	      0.00000000
      1.16666667	    107.90096162	      1.01278689	   -183.81497142	      0.16034582	     -0.36067046	     -0.56114552	     23.70362650	     -2.89529631	      4.73610069	      2.85033160	      1.51572765	      0.83066187	      0.01981625	     -0.03776257	      0.00306913	      0.00000000	      0.00000000	      0.00000000	      0.01711994	     -0.01288722	     -0.02219814	      0.00000000	      0.00000000	      0.00000000	      0.02653530	     -0.04522400	     -0.00597329	    -66.93377658	   -303.42378599	    -37.03283833	     31.15783053	      0.00000000	      0.00000000	      0.00000000	      0.00000000	   -257.88472722	     65.52488495	     26.17836418	      5.19470205	      0.00000000	      0.00000000	      0.00000000	      0.00000000	     51.19626742	     -0.28572603	    -16.76389274	     -9.72857965	     -2.34395679	     -4.98473282	      0.00000000	     27.75889563	     15.75978768	      0.00000000	     47.20690379	      6.08282162	      4.23745635	     -6.13505342	     -4.98359705	     -4.98473282	      0.00000000	     28.04849744	      9.08000021	      0.00000000
      1.20000000	    105.03991410	      1.31426758	   -184.04216996	      0.15406870	     -0.36521163	     -0.56148072	     20.44081939	     -2.34647124	      4.77254737	      0.11451640	      0.96568100	      1.67215493	      0.01945950	     -0.03974104	      0.00509625	      0.00000000	      0.00000000	      0.00000000	      0.01855094	     -0.01366735	     -0.02235406	      0.00000000	      0.00000000	      0.00000000	      0.02589014	     -0.04666013	     -0.00442504	    -67.23707244	   -305.36632041	    -33.45101652	     33.18161153	      0.00000000	      0.00000000	      0.00000000	      0.00000000	   -262.74333964	     63.29059956	     27.01934649	     10.06556026	      0.00000000	      0.00000000	      0.00000000	      0.00000000	     47.48573138	     -0.00721084	    -18.22643191	     -9.27054156	      0.89648161	     -4.98473282	      0.00000000	     27.96482158	     14.54382481	      0.00000000	     43.79236028	      5.78747850	      3.69185722	     -6.36917568	     -3.22688097	     -4.98473282	      0.00000000	     28.85281312	      8.51600979	      0.00000000
      1.23333333	    103.85146620	      1.75280822	   -183.46332365	      0.14778972	     -0.36979465	     -0.56159431	     19.04875616	     -1.85741953	      3.98160088	     -3.29910771	      0.14154936	      2.63839480	      0.01884068	     -0.03932295	      0.00836633	      0.00000000	      0.00000000	      0.00000000	      0.02062708	     -0.01292840	     -0.02258510	      0.00000000	      0.00000000	      0.00000000	      0.02617646	     -0.04629336	     -0.00615295	    -67.46639220	   -307.43857325	    -29.46778360	     35.09572288	      0.00000000	      0.00000000	      0.00000000	      0.00000000	   -269.17215541	     61.74734880	     31.07830445	     15.63008516	      0.00000000	      0.00000000	      0.00000000	      0.00000000	     45.45523756	     -0.11112813	    -19.93901615	     -8.64575811	      2.37178590	     -4.98473282	      0.00000000	     27.29149264	     15.14648325	      0.00000000	     42.66894140	      6.04535467	      7.50210010	     -8.02971341	     -2.78322715	     -4.98473282	      0.00000000	     29.30831376	      4.44507017	      0.00000000
      1.26666667	    104.19494373	      2.57650903	   -182.76782428	      0.14160835	     -0.37521405	     -0.56183157	     19.55080653	     -0.97589533	      2.70089919	     -6.85872462	     -0.74093018	      3.87763697	      0.01976279	     -0.03703065	      0.01197602	      0.00000000	      0.00000000	      0.00000000	      0.02155697	     -0.00811136	     -0.02232741	      0.00000000	      0.00000000	      0.00000000	      0.02547329	     -0.04972426	     -0.00843106	    -66.06146739	   -308.63108687	    -25.73224799	     36.47816652	      0.00000000	      0.00000000	      0.00000000	      0.00000000	   -271.41458995	     60.76559429	     31.08144786	     17.35064873	      0.00000000	      0.00000000	      0.00000000	      0.00000000	     44.98919564	      0.08237903	    -21.54724228	     -8.04993734	      2.66052125	     -4.98473282	      0.00000000	     25.76906151	     16.33006647	      0.00000000	     43.47232123	      6.27819204	     12.10031651	    -10.45928740	     -3.82424474	     -4.98473282	      0.00000000	     28.99748021	     -1.11341307	      0.00000000
      1.30000000	    105.45912207	      3.38427030	   -182.53764161	      0.13520549	     -0.38237015	     -0.56266508	     21.30081358	     -0.17393064	      1.62947843	     -9.99847140	     -1.56029504	      4.86677730	      0.02223337	     -0.03414517	      0.01528810	      0.00000000	      0.00000000	      0.00000000	      0.02170548	     -0.00101250	     -0.02287627	      0.00000000	      0.00000000	      0.00000000	      0.02259050	     -0.05358621	     -0.00773514	    -62.71908770	   -309.67108538	    -23.03924973	     38.39574049	      0.00000000	      0.00000000	      0.00000000	      0.00000000	   -272.45607069	     58.68919500	     27.67974605	     19.28181031	      0.00000000	      0.00000000	      0.00000000	      0.00000000	     45.68790537	      0.56611365	    -22.51380675	     -7.91150861	      2.88410305	     -4.98473282	      0.00000000	     24.07217491	     16.43376286	      0.00000000	     44.85858116	      6.15724702	     14.95191361	    -11.97774830	     -5.75716816	     -4.98473282	      0.00000000	     28.65433632	     -5.13102471	      0.00000000
      1.33333333	    108.55176220	      3.96674256	   -182.76663113	      0.12924510	     -0.39020501	     -0.56353260	     25.06827796	      0.51373499	      0.65111829	    -12.18773470	     -2.30200677	      5.62391509	      0.02562636	     -0.03090008	      0.01677360	      0.00000000	      0.00000000	      0.00000000	      0.02174018	      0.00516417	     -0.02309357	      0.00000000	      0.00000000	      0.00000000	      0.01693270	     -0.05295045	     -0.00496164	    -59.17228298	   -311.08521644	    -20.75580744	     41.29634196	      0.00000000	      0.00000000	      0.00000000	      0.00000000	   -275.66724076	     54.27643211	     22.56329678	     25.51009335	      0.00000000	      0.00000000	      0.00000000	      0.00000000	     48.74491131	      0.94708460	    -22.12526647	     -8.75946655	      4.19164851	     -4.98473282	      0.00000000	     23.06444599	     14.86045098	      0.00000000	     48.01228727	      5.73042367	     15.82205594	    -12.82905108	     -7.73314997	     -4.98473282	      0.00000000	     28.37089263	     -5.29864797	      0.00000000
      1.36666667	    110.69754074	      3.88504898	   -183.09062758	      0.12227528	     -0.39950738	     -0.56442946	     27.58414769	      0.46337494	      0.37642421	    -14.21095660	     -2.96693827	      5.93581872	      0.02567846	     -0.02717313	      0.01731287	      0.00000000	      0.00000000	      0.00000000	      0.02060601	      0.00657486	     -0.02252576	      0.00000000	      0.00000000	      0.00000000	      0.01198539	     -0.04924775	     -0.00222380	    -57.68992456	   -313.21001701	    -19.06849478	     44.53122022	      0.00000000	      0.00000000	      0.00000000	      0.00000000	   -279.01301325	     49.21202570	     18.28994579	     33.61143977	      0.00000000	      0.00000000	      0.00000000	      0.00000000	     50.86881814	      0.96591567	    -19.95960244	     -9.69771806	      4.30228622	     -4.98473282	      0.00000000	     22.96321036	     13.17357338	      0.00000000	     49.85623869	      5.37496013	     14.74509696	    -12.98729686	     -8.39663571	     -4.98473282	      0.00000000	     28.40758676	     -1.00799409	      0.00000000
      1.40000000	    112.98269132	      3.26935941	   -183.41980260	      0.11479311	     -0.40919001	     -0.56477949	     30.09019727	     -0.01021281	      0.57653022	    -15.58499795	     -3.55232043	      5.86515036	      0.02505693	     -0.02386572	      0.01687489	      0.00000000	      0.00000000	      0.00000000	      0.01732046	      0.00820192	     -0.02144328	      0.00000000	      0.00000000	      0.00000000	      0.00965601	     -0.04365666	     -0.00165478	    -58.64169805	   -315.64598066	    -15.67049599	     46.44662518	      0.00000000	      0.00000000	      0.00000000	      0.00000000	   -282.96229692	     45.31935224	     16.30739666	     40.77798521	      0.00000000	      0.00000000	      0.00000000	      0.00000000	     53.54241287	      0.71793121	    -16.45249615	    -11.41385697	      1.74021398	     -4.98473282	      0.00000000	     23.06023863	     12.40969428	      0.00000000	     51.71782551	      5.24995956	     12.65647928	    -12.65610832	     -8.68103522	     -4.98473282	      0.00000000	     27.63878182	      5.54751402	      0.00000000
      1.43333333	    114.02905787	      2.54177945	   -183.93587301	      0.10579972	     -0.42010298	     -0.56502500	     31.04183948	     -0.40209016	      1.38108379	    -16.51888737	     -3.81196361	      5.73189112	      0.02326961	     -0.02167220	      0.01561986	      0.00000000	      0.00000000	      0.00000000	      0.01153926	      0.00973301	     -0.02171421	      0.00000000	      0.00000000	      0.00000000	      0.01085840	     -0.03875634	     -0.00022348	    -61.19546220	   -318.54303580	    -11.58859844	     48.41033157	      0.00000000	      0.00000000	      0.00000000	      0.00000000	   -286.29065589	     42.40765153	     14.55689990	     45.79051236	      0.00000000	      0.00000000	      0.00000000	      0.00000000	     54.78919751	      0.79152882	    -13.23735547	    -13.08451319	     -2.34059824	     -4.98473282	      0.00000000	     22.52697389	     13.07804892	      0.00000000	     51.74805442	      5.00066126	     10.79669681	    -11.62325323	     -7.72752979	     -4.98473282	      0.00000000	     26.67247153	      9.08541614	      0.00000000
      1.46666667	    114.91317392	      0.96464437	   -185.27216163	      0.09528100	     -0.43196449	     -0.56558367	     32.06129205	     -1.22264860	      3.11403921	    -16.97884215	     -3.33761903	      5.08982767	      0.02437448	     -0.02121637	      0.01284812	      0.00000000	      0.00000000	      0.00000000	      0.00558608	      0.01643474	     -0.01661652	      0.00000000	      0.00000000	      0.00000000	      0.01278179	     -0.03208745	      0.00064222	    -59.82904052	   -321.16121052	     -8.16388002	     51.87199706	      0.00000000	      0.00000000	      0.00000000	      0.00000000	   -290.17411452	     39.51576238	     13.04679201	     49.90158987	      0.00000000	      0.00000000	      0.00000000	      0.00000000	     56.15160929	      1.39999321	     -7.10184152	    -14.97629624	    -10.41754631	     -4.98473282	      0.00000000	     20.99760884	     17.11713445	      0.00000000	     51.20199410	      4.65724788	      6.79547138	    -10.17132784	     -6.40757622	     -4.98473282	      0.00000000	     25.75880598	     10.05261677	      0.00000000
      1.50000000	    114.59991314	      0.29200073	   -186.42726325	      0.08307370	     -0.44469688	     -0.56660616	     31.55127308	     -1.39726950	      4.59007575	    -17.43452742	     -2.71906882	      4.68689677	      0.02504849	     -0.02167767	      0.01192311	      0.00000000	      0.00000000	      0.00000000	     -0.00051262	      0.01757895	     -0.01211938	      0.00000000	      0.00000000	      0.00000000	      0.01759812	     -0.02882727	      0.00452875	    -58.20193644	   -324.48595997	     -7.39781778	     57.06807952	      0.00000000	      0.00000000	      0.00000000	      0.00000000	   -292.08749902	     34.96573599	     10.72640668	     55.68722796	      0.00000000	      0.00000000	      0.00000000	      0.00000000	     55.88361251	      2.13622263	     -5.26085676	    -16.51574696	    -13.53583725	     -4.98473282	      0.00000000	     18.67188980	     18.90579568	      0.00000000	     49.36756319	      4.12162133	      5.77814980	     -9.61287293	     -6.05450438	     -4.98473282	      0.00000000	     25.84575267	      8.77823518	      0.00000000
      1.53333333	    114.37553962	     -0.20951849	   -188.00620507	      0.06996975	     -0.45746236	     -0.56842843	     31.08352775	     -1.33258939	      6.39563408	    -17.71121881	     -1.68032067	      4.03252790	      0.02661214	     -0.02306604	      0.01090650	      0.00000000	      0.00000000	      0.00000000	     -0.00707628	      0.01573384	     -0.00489718	      0.00000000	      0.00000000	      0.00000000	      0.02126861	     -0.02838640	      0.00692096	    -55.69994547	   -327.13315218	     -7.63374632	     62.03102425	      0.00000000	      0.00000000	      0.00000000	      0.00000000	   -292.88433680	     29.86342757	      9.01506285	     62.57714603	      0.00000000	      0.00000000	      0.00000000	      0.00000000	     55.69049184	      3.19903342	     -3.82687441	    -17.57361335	    -14.17530899	     -4.98473282	      0.00000000	     16.90726950	     19.63125740	      0.00000000	     47.90545124	      3.22322965	      4.88237349	     -9.88602046	     -6.63760979	     -4.98473282	      0.00000000	     25.65647342	      8.23336656	      0.00000000
      1.56666667	    114.23277187	     -0.50319126	   -189.38241004	      0.05693805	     -0.47004633	     -0.57122479	     30.63201916	     -1.51489129	      8.16753152	    -17.92146913	     -0.26655677	      3.11446846	      0.02839620	     -0.02495155	      0.01118386	      0.00000000	      0.00000000	      0.00000000	     -0.01348208	      0.01146784	      0.00067964	      0.00000000	      0.00000000	      0.00000000	      0.02325742	     -0.02819907	      0.01012667	    -54.40167843	   -329.55074355	     -7.44156740	     65.85897244	      0.00000000	      0.00000000	      0.00000000	      0.00000000	   -293.11098701	     25.65870575	      8.05627097	     68.35854718	      0.00000000	      0.00000000	      0.00000000	      0.00000000	     55.45593392	      4.03426207	     -3.22876421	    -18.06946450	    -12.90657876	     -4.98473282	      0.00000000	     16.99939164	     20.67710389	      0.00000000	     46.76465186	      2.25839592	      4.17400923	    -10.35169658	     -7.45325902	     -4.98473282	      0.00000000	     24.30519168	      9.17979343	      0.00000000
      1.60000000	    114.13211911	     -0.62304713	   -190.10565234	      0.04529415	     -0.48213547	     -0.57397683	     30.07918140	     -1.97183245	      9.48444608	    -18.07914606	      1.40007961	      1.86264104	      0.02962050	     -0.02707035	      0.01036762	      0.00000000	      0.00000000	      0.00000000	     -0.02045957	      0.00744506	      0.00175681	      0.00000000	      0.00000000	      0.00000000	      0.02206424	     -0.02616856	      0.01459705	    -54.41893845	   -331.84563933	     -7.13850358	     68.51412267	      0.00000000	      0.00000000	      0.00000000	      0.00000000	   -293.44460261	     23.41112531	      7.21552484	     71.18357258	      0.00000000	      0.00000000	      0.00000000	      0.00000000	     55.11416418	      4.16642024	     -4.16191908	    -18.33737483	    -10.76990300	     -4.98473282	      0.00000000	     18.44967016	     23.44141590	      0.00000000	     45.97195682	      1.61847558	      3.43237434	    -10.67327919	     -8.29148727	     -4.98473282	      0.00000000	     22.54338222	     10.85550497	      0.00000000
      1.63333333	    114.27111708	     -0.56296123	   -189.79856443	      0.03580784	     -0.49343961	     -0.57595344	     29.73710860	     -2.64746083	      9.82203986	    -18.14383522	      2.78315579	      0.86365186	      0.03178038	     -0.02938375	      0.00880108	      0.00000000	      0.00000000	      0.00000000	     -0.02722543	      0.00340974	     -0.00063507	      0.00000000	      0.00000000	      0.00000000	      0.01834061	     -0.02172254	      0.02006067	    -54.52102479	   -334.31993563	     -7.48758640	     70.86363084	      0.00000000	      0.00000000	      0.00000000	      0.00000000	   -294.40400398	     22.79951015	      6.31568493	     71.43212278	      0.00000000	      0.00000000	      0.00000000	      0.00000000	     54.78948866	      3.64993757	     -5.70300469	    -18.77317781	     -8.35902096	     -4.98473282	      0.00000000	     19.32458983	     24.98095987	      0.00000000	     45.90181914	      1.60725654	      3.32456620	    -11.34464534	     -8.35955611	     -4.98473282	      0.00000000	     21.51511442	     11.42917762	      0.00000000
      1.66666667	    114.80134375	     -0.53970138	   -188.36082432	      0.02821843	     -0.50351056	     -0.57685005	     29.86264386	     -3.74092129	      9.10106244	    -18.40658010	      3.89627848	      0.22636872	      0.03492974	     -0.03185597	      0.00682797	      0.00000000	      0.00000000	      0.00000000	     -0.03215177	     -0.00268357	     -0.00238488	      0.00000000	      0.00000000	      0.00000000	      0.01384440	     -0.01569493	      0.02199494	    -53.05799647	   -337.28373341	     -9.24502313	     74.38627536	      0.00000000	      0.00000000	      0.00000000	      0.00000000	   -296.41433176	     22.49140337	      5.88070597	     72.43920160	      0.00000000	      0.00000000	      0.00000000	      0.00000000	     54.72644908	      2.30128711	     -7.81959271	    -19.50640929	     -5.63055929	     -4.98473282	      0.00000000	     18.70133131	     24.98095987	      0.00000000	     46.77133001	      2.46068551	      3.52001444	    -12.83368460	     -7.44431463	     -4.98473282	      0.00000000	     21.13417631	     11.40662454	      0.00000000
      1.70000000	    115.62157872	     -0.41286328	   -186.50365124	      0.02155414	     -0.51258538	     -0.57705335	     30.35971706	     -4.83681081	      7.59794730	    -19.04102441	      4.55159588	      0.11441692	      0.03812758	     -0.03419009	      0.00537589	      0.00000000	      0.00000000	      0.00000000	     -0.03376188	     -0.01183023	     -0.00183318	      0.00000000	      0.00000000	      0.00000000	      0.00862487	     -0.01446937	      0.01957241	    -50.44081976	   -340.42036130	    -11.52661792	     79.18761961	      0.00000000	      0.00000000	      0.00000000	      0.00000000	   -298.01801223	     21.07117785	      6.66515438	     76.41524252	      0.00000000	      0.00000000	      0.00000000	      0.00000000	     54.82386119	      0.82910340	     -9.71849487	    -20.03923139	     -4.31934351	     -4.98473282	      0.00000000	     17.08653710	     24.98095987	      0.00000000	     48.09913748	      3.59689420	      3.61762792	    -14.81785845	     -6.52418732	     -4.98473282	      0.00000000	     20.92589341	     11.93121216	      0.00000000
      1.73333333	    117.43880715	      0.37621466	   -184.88701807	      0.01519430	     -0.52146814	     -0.57655297	     32.28632119	     -4.84417612	      5.61630051	    -20.71318966	      4.73273837	      0.58214261	      0.04250983	     -0.03520193	      0.00408052	      0.00000000	      0.00000000	      0.00000000	     -0.03076177	     -0.01763126	     -0.00023920	      0.00000000	      0.00000000	      0.00000000	      0.00294381	     -0.01955377	      0.01355108	    -48.18176973	   -343.85658690	    -12.29239876	     84.15699563	      0.00000000	      0.00000000	      0.00000000	      0.00000000	   -298.54063778	     18.56331353	      7.77834063	     82.23657532	      0.00000000	      0.00000000	      0.00000000	      0.00000000	     55.69986351	     -0.15113336	    -12.05847572	    -20.22992435	     -3.40973841	     -4.98473282	      0.00000000	     15.03371801	     24.98095987	      0.00000000	     50.56278559	      4.18730120	      4.19567774	    -17.32348757	     -7.10194987	     -4.98473282	      0.00000000	     20.14252861	     13.44477706	      0.00000000
      1.76666667	    117.86554069	      1.19819876	   -184.22453480	      0.00834131	     -0.53143966	     -0.57722427	     32.94247593	     -4.74662098	      4.21092512	    -21.96383703	      4.40158124	      1.10049533	      0.04740163	     -0.03721503	      0.00634709	      0.00000000	      0.00000000	      0.00000000	     -0.02733392	     -0.02111027	      0.00262208	      0.00000000	      0.00000000	      0.00000000	     -0.00361075	     -0.02584423	      0.01056541	    -46.84236644	   -346.52044198	    -12.19154102	     88.10350411	      0.00000000	      0.00000000	      0.00000000	      0.00000000	   -297.13484325	     15.54654859	      8.69169756	     87.23759920	      0.00000000	      0.00000000	      0.00000000	      0.00000000	     55.06992210	     -0.24494665	    -12.65849432	    -20.23320757	     -6.00508765	     -4.98473282	      0.00000000	     13.53663895	     24.98095987	      0.00000000	     50.78323570	      4.02635909	      4.05275721	    -18.44058854	     -8.40989435	     -4.98473282	      0.00000000	     18.69697467	     13.76195648	      0.00000000
      1.80000000	    118.06336128	      2.43015621	   -184.19454879	      0.00200139	     -0.54191780	     -0.57826677	     33.50543159	     -3.82183104	      2.88949687	    -23.73650316	      3.46537099	      2.25616100	      0.05157245	     -0.03701781	      0.01043445	      0.00000000	      0.00000000	      0.00000000	     -0.02607412	     -0.02105430	      0.00205892	      0.00000000	      0.00000000	      0.00000000	     -0.00846258	     -0.02790548	      0.01180405	    -46.81185385	   -347.98564444	    -11.85271588	     89.83274501	      0.00000000	      0.00000000	      0.00000000	      0.00000000	   -295.27535914	     12.30355948	      8.36136443	     89.93668807	      0.00000000	      0.00000000	      0.00000000	      0.00000000	     54.07131836	      0.65482784	    -11.92213154	    -20.26157089	     -9.96799534	     -4.98473282	      0.00000000	     11.52575530	     22.53036900	      0.00000000	     50.52795729	      3.02316008	      4.55697689	    -19.06805125	    -10.11485388	     -4.98473282	      0.00000000	     17.06376356	     12.31904938	      0.00000000
      1.83333333	    117.84290206	      3.45112552	   -184.42700506	     -0.00342712	     -0.55262288	     -0.57964642	     33.61918157	     -2.92926669	      1.85338584	    -25.45719925	      2.12652696	      3.46011726	      0.05465585	     -0.03528953	      0.01585806	      0.00000000	      0.00000000	      0.00000000	     -0.02901432	     -0.02273428	     -0.00082613	      0.00000000	      0.00000000	      0.00000000	     -0.00896597	     -0.02460749	      0.01685828	    -47.07145255	   -348.08182638	    -11.50619869	     89.80372057	      0.00000000	      0.00000000	      0.00000000	      0.00000000	   -293.46074963	      9.08489479	      6.72667466	     91.08703384	      0.00000000	      0.00000000	      0.00000000	      0.00000000	     52.64831156	      1.97546348	    -10.13540731	    -20.23924796	    -13.53428734	     -4.98473282	      0.00000000	      9.16314690	     17.80493209	      0.00000000	     49.57961426	      1.84310903	      5.24474953	    -19.19845073	    -10.70438322	     -4.98473282	      0.00000000	     15.97261540	      9.62814729	      0.00000000
      1.86666667	    117.10828379	      3.89173556	   -184.58383057	     -0.00773366	     -0.56348419	     -0.58112885	     33.10015221	     -2.53217662	      1.21414918	    -26.50526129	      0.45258539	      5.21415011	      0.05672809	     -0.03419041	      0.02247879	      0.00000000	      0.00000000	      0.00000000	     -0.03464398	     -0.02793292	     -0.00491083	      0.00000000	      0.00000000	      0.00000000	     -0.00622917	     -0.01675687	      0.02035993	    -46.73296588	   -347.43857435	    -11.08707862	     89.14873412	      0.00000000	      0.00000000	      0.00000000	      0.00000000	   -293.41354477	      6.48441855	      5.26806518	     92.10840198	      0.00000000	      0.00000000	      0.00000000	      0.00000000	     50.70588898	      3.03165786	     -8.14146019	    -20.13446299	    -13.44847118	     -4.98473282	      0.00000000	      7.35786200	     11.49247631	      0.00000000	     47.75880888	      0.96911199	      4.85850889	    -19.04183686	     -7.74337918	     -4.98473282	      0.00000000	     16.78562672	      6.76949929	      0.00000000
      1.90000000	    116.19868480	      3.86487509	   -184.34709292	     -0.01099775	     -0.57377159	     -0.58108399	     32.30954286	     -2.52844397	      0.77727208	    -28.06872403	     -0.53834307	      5.80205126	      0.05632017	     -0.03215760	      0.02594862	      0.00000000	      0.00000000	      0.00000000	     -0.03915305	     -0.03231918	     -0.00732894	      0.00000000	      0.00000000	      0.00000000	     -0.00062090	     -0.01308426	      0.02179008	    -45.80046456	   -347.24267027	    -10.30927196	     89.12948931	      0.00000000	      0.00000000	      0.00000000	      0.00000000	   -294.08627079	      3.69565807	      4.95902968	     94.21607502	      0.00000000	      0.00000000	      0.00000000	      0.00000000	     48.83018190	      2.88496368	     -8.77957773	    -20.39541458	     -9.54926452	     -4.98473282	      0.00000000	      7.15860955	      8.48575266	      0.00000000	     45.74332058	      0.84776692	      3.84220869	    -19.11167112	     -3.71659940	     -4.98473282	      0.00000000	     19.46812972	      7.25837715	      0.00000000
      1.93333333	    116.00903623	      3.47557447	   -183.75646332	     -0.01311390	     -0.58188942	     -0.58050638	     32.15002036	     -2.89573156	      0.31103446	    -30.05590509	     -0.85911851	      5.51726979	      0.05405836	     -0.02949304	      0.02553318	      0.00000000	      0.00000000	      0.00000000	     -0.03955441	     -0.03236219	     -0.00826477	      0.00000000	      0.00000000	      0.00000000	      0.00309774	     -0.01354400	      0.01954235	    -44.81236323	   -348.00659109	    -10.01228778	     90.45013760	      0.00000000	      0.00000000	      0.00000000	      0.00000000	   -294.99188173	      0.70239957	      5.42813602	     96.96799888	      0.00000000	      0.00000000	      0.00000000	      0.00000000	     48.15531689	      2.12859217	     -8.83761089	    -21.00477831	     -7.06225619	     -4.98473282	      0.00000000	      8.15065628	      9.17296098	      0.00000000	     44.83039756	      1.20199041	      4.96278878	    -19.72311299	     -1.59478048	     -3.87530690	      0.00000000	     21.39402843	      8.50948462	      0.00000000
      1.96666667	    115.70082121	      3.38510879	   -183.10851617	     -0.01440895	     -0.58851450	     -0.57924637	     31.69114653	     -2.88649755	     -0.25314253	    -32.15001332	     -1.06053605	      5.17974355	      0.05062122	     -0.02703849	      0.02394522	      0.00000000	      0.00000000	      0.00000000	     -0.03829054	     -0.03067444	     -0.01091251	      0.00000000	      0.00000000	      0.00000000	      0.00133567	     -0.01941337	      0.01674726	    -45.46375887	   -349.47183645	    -10.56349149	     92.42607302	      0.00000000	      0.00000000	      0.00000000	      0.00000000	   -294.89127441	     -1.92004306	      5.90490631	     98.77204304	      0.00000000	      0.00000000	      0.00000000	      0.00000000	     47.28370515	      1.44070485	     -9.48239065	    -21.21883062	     -5.27001296	     -4.98473282	      0.00000000	      9.93433288	     10.65547026	      0.00000000	     44.06261792	      1.29756780	      5.67862775	    -20.52699633	      0.17127565	     -2.96144618	      0.00000000	     21.61838762	      9.84949345	      0.00000000
      2.00000000	    114.44111252	      3.58816491	   -182.51677108	     -0.01517122	     -0.59336756	     -0.57729395	     29.92617544	     -2.48775659	     -0.93911101	    -34.36659930	     -0.98429255	      4.12334123	      0.04588982	     -0.02402403	      0.01923230	      0.00000000	      0.00000000	      0.00000000	     -0.03703055	     -0.02979063	     -0.01410097	      0.00000000	      0.00000000	      0.00000000	     -0.00398898	     -0.02551801	      0.01310945	    -46.98163784	   -350.68896762	    -11.81237496	     94.51670012	      0.00000000	      0.00000000	      0.00000000	      0.00000000	   -294.76847099	     -3.79251560	      6.27535002	     99.59845706	      0.00000000	      0.00000000	      0.00000000	      0.00000000	     45.27108437	      1.09628964	    -10.09688779	    -20.73489996	     -6.08949371	     -4.98473282	      0.00000000	     11.89568929	     13.74085222	      0.00000000	     42.42989850	      1.34711179	      5.29172951	    -21.11082024	      1.59162152	     -3.18218593	      0.00000000	     20.00139256	     10.45304411	      0.00000000
      2.03333333	    111.64218656	      3.62936276	   -182.33863586	     -0.01530301	     -0.59583932	     -0.57596486	     26.13384830	     -2.32057699	     -0.87803866	    -35.23598756	     -0.35446728	      3.01878361	      0.04130542	     -0.02285602	      0.01504572	      0.00000000	      0.00000000	      0.00000000	     -0.03997433	     -0.03245034	     -0.01693254	      0.00000000	      0.00000000	      0.00000000	     -0.00872133	     -0.02838130	      0.01060700	    -48.29274235	   -350.90520089	    -13.57247260	     95.48943147	      0.00000000	      0.00000000	      0.00000000	      0.00000000	   -295.09383994	     -4.26532922	      6.93361538	     99.65585522	      0.00000000	      0.00000000	      0.00000000	      0.00000000	     42.13054130	      1.53698944	     -7.11964035	    -20.46022718	    -11.88770157	     -4.98473282	      0.00000000	     12.94104912	     18.00272028	      0.00000000	     38.99750979	      1.51015691	      3.11762613	    -20.90431486	      4.00769913	     -4.48931670	      0.00000000	     18.61600545	      8.88650368	      0.00000000
      2.06666667	    110.17702749	      3.69168873	   -182.11913902	     -0.01457918	     -0.59581989	     -0.57429402	     23.89984606	     -2.12374771	     -1.25497598	    -35.03212768	     -0.13890868	      2.69330345	      0.03955820	     -0.02295713	      0.01175993	      0.00000000	      0.00000000	      0.00000000	     -0.04345886	     -0.03312785	     -0.01718737	      0.00000000	      0.00000000	      0.00000000	     -0.01215800	     -0.02728278	      0.00798557	    -48.96663969	   -350.24672507	    -13.93435510	     95.73626895	      0.00000000	      0.00000000	      0.00000000	      0.00000000	   -296.75139689	     -4.22064222	      7.69306199	     99.43718613	      0.00000000	      0.00000000	      0.00000000	      0.00000000	     40.62383641	      1.68061133	     -5.99131154	    -20.48465558	    -14.46973765	     -4.98473282	      0.00000000	     12.77747266	     18.50587230	      0.00000000	     37.13095972	      1.87074290	      3.33016554	    -20.37871956	      4.99241201	     -4.98473282	      0.00000000	     18.10542532	      5.81375433	      0.00000000
      2.10000000	    110.04385681	      3.57980619	   -181.93365422	     -0.01300044	     -0.59340658	     -0.57337815	     23.33529883	     -2.29803477	     -1.50847144	    -34.65287369	      0.12771094	      2.70555920	      0.03958555	     -0.02229286	      0.01085154	      0.00000000	      0.00000000	      0.00000000	     -0.04487205	     -0.02965865	     -0.01454666	      0.00000000	      0.00000000	      0.00000000	     -0.01282974	     -0.02416869	      0.00718212	    -49.09743429	   -349.87504997	    -13.42930686	     95.85567178	      0.00000000	      0.00000000	      0.00000000	      0.00000000	   -297.84621984	     -4.01503214	      7.53494966	     99.20959468	      0.00000000	      0.00000000	      0.00000000	      0.00000000	     40.97591922	      1.38159943	     -6.18583827	    -21.12272858	    -14.89690267	     -4.98473282	      0.00000000	     11.97608895	     18.22288610	      0.00000000	     36.96184035	      2.18338585	      3.06447665	    -19.74092074	      4.84776405	     -4.98473282	      0.00000000	     18.98407997	      5.36025984	      0.00000000
      2.13333333	    109.64148945	      3.63006577	   -182.26431156	     -0.01144468	     -0.58918995	     -0.57242957	     22.36973938	     -2.05692710	     -1.57246576	    -32.08235811	      0.84083267	      2.61503787	      0.04094287	     -0.02640593	      0.00871687	      0.00000000	      0.00000000	      0.00000000	     -0.04553566	     -0.02725511	     -0.01314758	      0.00000000	      0.00000000	      0.00000000	     -0.01511875	     -0.02054120	      0.00773415	    -50.88515389	   -349.09320042	    -12.90148667	     95.31516880	      0.00000000	      0.00000000	      0.00000000	      0.00000000	   -298.41078482	     -3.85547453	      7.72627621	     99.01756839	      0.00000000	      0.00000000	      0.00000000	      0.00000000	     41.03576959	      1.50553305	     -6.11481766	    -21.35870876	    -14.79400553	     -4.98473282	      0.00000000	     11.08413678	     17.76187757	      0.00000000	     36.63066713	      2.11794005	      2.77049262	    -19.30975681	      5.14683478	     -4.98473282	      0.00000000	     20.01990370	      5.70151041	      0.00000000
      2.16666667	    108.62992001	      4.02606946	   -182.31197151	     -0.01013926	     -0.58413869	     -0.57179501	     20.85995574	     -1.68148499	     -1.67540814	    -29.13711679	      1.54517737	      2.13682371	      0.04336816	     -0.03159122	      0.00895408	      0.00000000	      0.00000000	      0.00000000	     -0.04650832	     -0.02668839	     -0.01187622	      0.00000000	      0.00000000	      0.00000000	     -0.01452857	     -0.01945718	      0.01233756	    -53.22167012	   -348.04065741	    -12.69690488	     93.79092049	      0.00000000	      0.00000000	      0.00000000	      0.00000000	   -296.96661929	     -3.72155387	      7.88414597	     98.83220495	      0.00000000	      0.00000000	      0.00000000	      0.00000000	     40.14105594	      1.78382038	     -7.08210089	    -20.85871822	    -14.89690267	     -4.98473282	      0.00000000	     11.38212298	     17.89563356	      0.00000000	     35.77457094	      1.77151709	      2.09554223	    -19.01685070	      5.68380442	     -4.98473282	      0.00000000	     21.85496825	      9.07272819	      0.00000000
      2.20000000	    107.77279533	      4.26041375	   -182.68024186	     -0.00876086	     -0.57763666	     -0.57052750	     19.65620992	     -1.22859770	     -1.50636151	    -26.88353771	      2.19468403	      1.86337760	      0.04530509	     -0.03544726	      0.00932085	      0.00000000	      0.00000000	      0.00000000	     -0.04741234	     -0.02968034	     -0.01200710	      0.00000000	      0.00000000	      0.00000000	     -0.01267706	     -0.02013049	      0.01822982	    -55.90900035	   -346.00964060	    -12.19980425	     91.00235230	      0.00000000	      0.00000000	      0.00000000	      0.00000000	   -295.21043614	     -3.18214790	      8.62737976	     98.18370728	      0.00000000	      0.00000000	      0.00000000	      0.00000000	     39.41106181	      2.15667270	     -8.44794041	    -20.06068224	    -14.89690267	     -4.98473282	      0.00000000	     13.30357111	     18.57010311	      0.00000000	     35.06745256	      1.62168641	      1.77044798	    -18.41642811	      5.03318345	     -4.98473282	      0.00000000	     23.07627704	     11.65418563	      0.00000000
      2.23333333	    104.65949101	      4.89394583	   -182.31316433	     -0.00796690	     -0.57079104	     -0.56795234	     15.89546366	     -0.39941702	     -1.76309292	    -24.66378487	      2.39141793	      1.59861764	      0.04637040	     -0.04033262	      0.01067649	      0.00000000	      0.00000000	      0.00000000	     -0.04790953	     -0.03146137	     -0.01175121	      0.00000000	      0.00000000	      0.00000000	     -0.00769779	     -0.02054805	      0.02213441	    -57.96123636	   -343.42299235	    -11.08806036	     87.60453633	      0.00000000	      0.00000000	      0.00000000	      0.00000000	   -295.04135687	     -1.79940873	      9.62651586	     97.01375945	      0.00000000	      0.00000000	      0.00000000	      0.00000000	     35.73690899	      2.39833716	    -11.19796351	    -18.18106178	    -14.89690267	     -4.98473282	      0.00000000	     15.23228724	     19.84668264	      0.00000000	     31.85678138	      1.73408774	      2.89531347	    -16.69066636	      0.82633124	     -4.98473282	      0.00000000	     23.82879131	     14.66770606	      0.00000000
      2.26666667	    104.48471908	      4.85218494	   -182.85384888	     -0.00551109	     -0.56032916	     -0.56633461	     15.42846936	     -0.14048120	     -0.94141990	    -24.29088352	      2.51544581	      1.99064355	      0.04495074	     -0.04139951	      0.01416070	      0.00000000	      0.00000000	      0.00000000	     -0.04828673	     -0.03139888	     -0.01127195	      0.00000000	      0.00000000	      0.00000000	     -0.00246034	     -0.01915196	      0.02343677	    -59.51936498	   -341.23611134	     -9.30038923	     84.18250880	      0.00000000	      0.00000000	      0.00000000	      0.00000000	   -296.11815400	      0.54506010	     10.33788879	     95.08372911	      0.00000000	      0.00000000	      0.00000000	      0.00000000	     36.06446802	      2.67630518	    -12.51142368	    -17.35546222	    -14.89690267	     -4.98473282	      0.00000000	     14.94274872	     19.00548029	      0.00000000	     32.08975136	      1.65061921	      1.83751881	    -14.86202988	     -0.85726185	     -4.98473282	      0.00000000	     22.92116224	     12.86550296	      0.00000000
      2.30000000	    104.27111959	      4.83271940	   -183.19712573	     -0.00136156	     -0.54798786	     -0.56445289	     14.73427320	      0.16297145	     -0.37937465	    -24.64216283	      2.01483150	      2.58329312	      0.04110699	     -0.04027105	      0.01748404	      0.00000000	      0.00000000	      0.00000000	     -0.04615136	     -0.02837702	     -0.01140661	      0.00000000	      0.00000000	      0.00000000	      0.00104360	     -0.01802489	      0.01994302	    -60.89689993	   -339.82858345	     -8.05469475	     82.03000242	      0.00000000	      0.00000000	      0.00000000	      0.00000000	   -297.92879734	      3.27957349	     10.87370842	     93.16696551	      0.00000000	      0.00000000	      0.00000000	      0.00000000	     36.53086167	      2.72012803	    -13.42287867	    -16.80945293	    -14.89690267	     -4.98473282	      0.00000000	     14.10327938	     19.09575577	      0.00000000	     32.64995800	      1.65814692	      1.68909772	    -13.55498937	     -2.73214654	     -4.98473282	      0.00000000	     21.89043666	     10.85967294	      0.00000000
      2.33333333	    104.17862244	      4.80621953	   -183.37531617	      0.00427223	     -0.53461854	     -0.56212202	     14.14208685	      0.48145338	     -0.13379768	    -25.89910471	      0.95233269	      3.26399798	      0.03598566	     -0.03726930	      0.02004959	      0.00000000	      0.00000000	      0.00000000	     -0.04220101	     -0.02628732	     -0.01265851	      0.00000000	      0.00000000	      0.00000000	      0.00116264	     -0.02067244	      0.01444967	    -62.52013594	   -338.92209080	     -7.87803467	     80.80090724	      0.00000000	      0.00000000	      0.00000000	      0.00000000	   -298.79378330	      6.40956049	     11.22637922	     91.17835782	      0.00000000	      0.00000000	      0.00000000	      0.00000000	     37.33429162	      2.55178332	    -13.66646432	    -16.76226235	    -14.89690267	     -4.98473282	      0.00000000	     14.14803796	     20.52030816	      0.00000000	     33.69886584	      1.97973985	      2.82974639	    -13.66938995	     -3.82297451	     -4.98473282	      0.00000000	     21.37906556	      8.69902981	      0.00000000
      2.36666667	    104.14134098	      4.56883383	   -183.59036629	      0.01084504	     -0.52110947	     -0.55895715	     13.70592062	      0.71980199	      0.08395427	    -27.69702719	      0.60466337	      3.45143833	      0.03042106	     -0.03338948	      0.01757051	      0.00000000	      0.00000000	      0.00000000	     -0.03957068	     -0.02658690	     -0.01445090	      0.00000000	      0.00000000	      0.00000000	     -0.00102669	     -0.02544775	      0.00869411	    -64.21220852	   -337.58352458	     -8.80283026	     79.23407837	      0.00000000	      0.00000000	      0.00000000	      0.00000000	   -298.95285408	     10.04224782	     11.71997405	     88.88700157	      0.00000000	      0.00000000	      0.00000000	      0.00000000	     38.38508533	      2.21891591	    -12.76431890	    -17.14779111	    -14.89690267	     -4.98473282	      0.00000000	     15.12421331	     21.88396828	      0.00000000	     34.83155296	      2.61768381	      4.10983781	    -14.59702066	     -3.65851277	     -4.98473282	      0.00000000	     21.58797139	      7.23421472	      0.00000000
      2.40000000	    104.17998392	      4.00958844	   -183.89121770	      0.01766050	     -0.50812500	     -0.55569795	     13.52129083	      0.52266888	      0.39736698	    -29.42750822	      0.87170655	      2.94081016	      0.02563514	     -0.02987567	      0.01281632	      0.00000000	      0.00000000	      0.00000000	     -0.03894231	     -0.02935706	     -0.01461885	      0.00000000	      0.00000000	      0.00000000	     -0.00242587	     -0.02794923	      0.00612473	    -65.65021116	   -335.39254923	    -10.25545588	     76.71586594	      0.00000000	      0.00000000	      0.00000000	      0.00000000	   -298.57123360	     13.52740840	     12.21288541	     86.08792424	      0.00000000	      0.00000000	      0.00000000	      0.00000000	     39.60171146	      1.70568274	    -11.70307984	    -17.68381246	    -14.89690267	     -4.98473282	      0.00000000	     16.14178409	     21.93634425	      0.00000000	     35.96117564	      3.38617772	      5.77729466	    -15.50581844	     -2.91602065	     -4.98473282	      0.00000000	     21.76448446	      6.12612320	      0.00000000
      2.43333333	    104.84416326	      3.22868513	   -184.57367074	      0.02449423	     -0.49559575	     -0.55319149	     14.25254998	      0.02149457	      1.33022160	    -30.64159842	      2.35866965	      1.43821727	      0.02239218	     -0.02791547	      0.00562798	      0.00000000	      0.00000000	      0.00000000	     -0.03961559	     -0.03266661	     -0.01273034	      0.00000000	      0.00000000	      0.00000000	      0.00036851	     -0.02549162	      0.00720345	    -66.49925626	   -332.78629988	    -11.87870328	     73.55669482	      0.00000000	      0.00000000	      0.00000000	      0.00000000	   -298.08086421	     16.44272398	     12.43955493	     83.06350155	      0.00000000	      0.00000000	      0.00000000	      0.00000000	     41.58383372	      1.55644661	     -9.76953597	    -18.32947522	    -14.89690267	     -4.98473282	      0.00000000	     15.71927051	     18.88029882	      0.00000000	     37.51275002	      3.73052424	      7.57895785	    -15.49619686	     -2.61360570	     -4.98473282	      0.00000000	     21.35792386	      5.58915752	      0.00000000
      2.46666667	    105.71117337	      2.23365510	   -185.65883255	      0.03161852	     -0.48408703	     -0.55114126	     15.46298905	     -0.67331368	      2.87022106	    -31.46921387	      3.70613540	      0.54652134	      0.02003482	     -0.02654312	      0.00135926	      0.00000000	      0.00000000	      0.00000000	     -0.03988451	     -0.03421365	     -0.00987563	      0.00000000	      0.00000000	      0.00000000	      0.00411934	     -0.01810907	      0.00981687	    -66.68979239	   -330.06352104	    -13.31220806	     69.95875259	      0.00000000	      0.00000000	      0.00000000	      0.00000000	   -297.81667914	     19.30332941	     12.32230735	     79.13517301	      0.00000000	      0.00000000	      0.00000000	      0.00000000	     43.77236044	      1.72324674	     -7.83086905	    -18.82449169	    -14.89690267	     -4.98473282	      0.00000000	     14.60647769	     15.47278602	      0.00000000	     38.94506080	      3.59347146	      8.00227428	    -14.33565714	     -3.78022204	     -4.98473282	      0.00000000	     21.42071145	      7.69047488	      0.00000000
      2.50000000	    108.01757233	      0.45738300	   -187.24149762	      0.03966772	     -0.47242793	     -0.54899230	     18.71099681	     -1.86466499	      5.47408434	    -31.74865751	      4.86781630	      0.16968435	      0.01958128	     -0.02607653	      0.00055186	      0.00000000	      0.00000000	      0.00000000	     -0.03893034	     -0.03435689	     -0.00730478	      0.00000000	      0.00000000	      0.00000000	      0.00923445	     -0.00906541	      0.01200188	    -66.27646735	   -328.05887854	    -14.60872381	     66.48449030	      0.00000000	      0.00000000	      0.00000000	      0.00000000	   -297.02741757	     22.14717058	     10.72700048	     74.84235399	      0.00000000	      0.00000000	      0.00000000	      0.00000000	     47.70079395	      1.95773417	     -5.22594497	    -19.20649589	    -14.89690267	     -4.98473282	      0.00000000	     13.25162467	     13.42628160	      0.00000000	     41.83871018	      3.68367467	      6.72305496	    -12.67808240	     -7.39523731	     -4.98473282	      0.00000000	     21.37304989	     12.15031530	      0.00000000
      2.53333333	    109.19232309	     -0.25465186	   -188.33297011	      0.04840530	     -0.46014285	     -0.54483599	     20.25554538	     -1.53909844	      6.87851356	    -31.74102375	      4.62316726	      0.63558443	      0.01655768	     -0.02493846	     -0.00043045	      0.00000000	      0.00000000	      0.00000000	     -0.03827716	     -0.03357821	     -0.00534209	      0.00000000	      0.00000000	      0.00000000	      0.00896530	     -0.00801072	      0.01033770	    -66.56661643	   -325.10746598	    -16.47394226	     62.58557300	      0.00000000	      0.00000000	      0.00000000	      0.00000000	   -295.32335509	     25.11613424	      9.66354200	     70.23830834	      0.00000000	      0.00000000	      0.00000000	      0.00000000	     50.11198955	      2.30912005	     -4.95958904	    -19.16370265	    -14.89690267	     -4.98473282	      0.00000000	     12.72012841	     14.60786942	      0.00000000	     43.70874032	      3.70055687	      6.39184042	    -11.95064949	     -8.55465052	     -4.98473282	      0.00000000	     21.17968394	     12.17670064	      0.00000000
      2.56666667	    112.33733251	     -1.81443357	   -189.13718797	      0.05852475	     -0.44633870	     -0.53994581	     24.34157670	     -1.75896304	      8.73168973	    -31.74622803	      4.18213270	      1.34427332	      0.01583489	     -0.02279333	      0.00099053	      0.00000000	      0.00000000	      0.00000000	     -0.03961114	     -0.03559670	     -0.00353063	      0.00000000	      0.00000000	      0.00000000	      0.01240387	     -0.01001609	      0.00814708	    -67.37129654	   -322.37931385	    -18.48390318	     57.97778018	      0.00000000	      0.00000000	      0.00000000	      0.00000000	   -292.62116739	     27.72375482	      7.39704754	     66.72749085	      0.00000000	      0.00000000	      0.00000000	      0.00000000	     55.06860285	      2.00943141	     -5.04503993	    -19.45400074	    -14.89690267	     -4.98473282	      0.00000000	     11.61627686	     14.65567397	      0.00000000	     48.39376225	      4.52340220	      6.76519775	    -12.60848882	     -9.03729876	     -4.98473282	      0.00000000	     20.58907438	     10.09121207	      0.00000000
      2.60000000	    113.15144438	     -2.03991492	   -189.65844397	      0.06816773	     -0.43215683	     -0.53457680	     25.30949064	     -0.80500042	      9.57422950	    -31.15732765	      3.49403285	      1.39862222	      0.01476512	     -0.02187395	     -0.00102766	      0.00000000	      0.00000000	      0.00000000	     -0.04124479	     -0.03820299	     -0.00143563	      0.00000000	      0.00000000	      0.00000000	      0.01459861	     -0.01845615	      0.00556611	    -68.94849949	   -318.53761039	    -21.05011091	     52.33456238	      0.00000000	      0.00000000	      0.00000000	      0.00000000	   -289.43966375	     30.45271053	      6.73888100	     63.07084883	      0.00000000	      0.00000000	      0.00000000	      0.00000000	     57.06355684	      2.06177276	     -5.55174163	    -19.42688144	    -14.89690267	     -4.98473282	      0.00000000	     10.59562824	     13.61377951	      0.00000000	     50.69355079	      4.87998034	      8.40241187	    -13.67712102	     -9.22878012	     -4.98473282	      0.00000000	     20.65640104	      7.29731201	      0.00000000
      2.63333333	    113.17810904	     -1.62723188	   -189.81690817	      0.07696055	     -0.41798235	     -0.52990567	     25.36694784	      0.41164789	      9.80921747	    -30.73449917	      2.96115911	      0.81243478	      0.01555891	     -0.02129560	     -0.00404670	      0.00000000	      0.00000000	      0.00000000	     -0.03943432	     -0.04145771	     -0.00005294	      0.00000000	      0.00000000	      0.00000000	      0.01796139	     -0.02375338	      0.00293041	    -71.01503891	   -314.81775863	    -23.60150689	     46.57902051	      0.00000000	      0.00000000	      0.00000000	      0.00000000	   -287.51626059	     33.77703139	      6.83701537	     58.64251132	      0.00000000	      0.00000000	      0.00000000	      0.00000000	     57.83326515	      2.22841738	     -4.84104508	    -19.14863772	    -14.89690267	     -4.98473282	      0.00000000	      9.75689023	     13.12133987	      0.00000000	     52.18221375	      5.10926672	     11.22370196	    -15.00030205	     -9.01581993	     -4.98473282	      0.00000000	     20.80749697	      4.79281478	      0.00000000
      2.66666667	    111.50850518	     -0.40867699	   -189.81704005	      0.08437993	     -0.40477637	     -0.52601978	     23.33610708	      2.00889599	      9.61432254	    -30.47453520	      2.84754814	     -0.50470160	      0.01650223	     -0.02109770	     -0.00931415	      0.00000000	      0.00000000	      0.00000000	     -0.03364480	     -0.04339118	     -0.00120957	      0.00000000	      0.00000000	      0.00000000	      0.02086778	     -0.02570272	      0.00036174	    -73.74241987	   -311.87498892	    -26.03975297	     41.58481664	      0.00000000	      0.00000000	      0.00000000	      0.00000000	   -286.88415762	     38.02962103	      8.11305021	     52.96548911	      0.00000000	      0.00000000	      0.00000000	      0.00000000	     56.38659683	      2.64314540	     -3.88534967	    -18.47287387	    -14.89690267	     -4.98473282	      0.00000000	     10.16237715	     14.45372537	      0.00000000	     51.56518922	      5.07802831	     13.89753052	    -15.93327558	     -9.24002662	     -4.98473282	      0.00000000	     21.38133297	      3.78269614	      0.00000000
      2.70000000	    106.94999726	      1.38018838	   -189.60138689	      0.08969473	     -0.39347950	     -0.52306813	     17.85743119	      3.47374557	      9.29066596	    -29.89753432	      3.02631613	     -2.31458334	      0.01667085	     -0.02262744	     -0.01500058	      0.00000000	      0.00000000	      0.00000000	     -0.02575234	     -0.04314126	     -0.00487829	      0.00000000	      0.00000000	      0.00000000	      0.02399556	     -0.02373785	      0.00048622	    -76.40746930	   -309.88466328	    -28.70607464	     37.93374578	      0.00000000	      0.00000000	      0.00000000	      0.00000000	   -287.07957572	     42.59683950	     10.71624177	     46.55206196	      0.00000000	      0.00000000	      0.00000000	      0.00000000	     51.45500125	      2.78254595	     -5.62300935	    -17.31751506	    -12.50498627	     -4.98473282	      0.00000000	     11.88543620	     16.57000832	      0.00000000	     47.47403544	      4.90501124	     16.17805762	    -16.37203076	    -11.21603393	     -4.98473282	      0.00000000	     22.67446871	      6.60656286	      0.00000000
      2.73333333	    102.38460240	      2.62432299	   -188.92051787	      0.09398771	     -0.38363791	     -0.52109230	     12.60621572	      4.07671281	      8.74418746	    -29.87873787	      3.13379276	     -3.54508155	      0.01665048	     -0.02333447	     -0.01773319	      0.00000000	      0.00000000	      0.00000000	     -0.01742869	     -0.03947273	     -0.00946387	      0.00000000	      0.00000000	      0.00000000	      0.02821321	     -0.01523855	      0.00314491	    -77.17787369	   -308.48413066	    -31.19114679	     35.75054053	      0.00000000	      0.00000000	      0.00000000	      0.00000000	   -288.39349882	     46.46428581	     13.42088000	     40.71507420	      0.00000000	      0.00000000	      0.00000000	      0.00000000	     46.39088040	      2.58381502	     -8.40702915	    -15.67809506	    -11.78897930	     -4.98473282	      0.00000000	     13.14792681	     18.53987272	      0.00000000	     43.17894546	      5.14340439	     18.09090169	    -16.39030590	    -14.89690267	     -4.98473282	      0.00000000	     23.57242429	     11.16657084	      0.00000000
      2.76666667	     98.43256095	      3.23562597	   -187.88156986	      0.09832340	     -0.37451234	     -0.52042920	      8.07306319	      3.83916856	      8.06104936	    -30.03176877	      3.36105446	     -4.31424306	      0.01516891	     -0.02302363	     -0.01804162	      0.00000000	      0.00000000	      0.00000000	     -0.01141635	     -0.03588119	     -0.01461677	      0.00000000	      0.00000000	      0.00000000	      0.03059010	     -0.00860723	      0.00768299	    -78.10037081	   -307.34816400	    -33.43826329	     33.46262948	      0.00000000	      0.00000000	      0.00000000	      0.00000000	   -287.64862577	     50.05270339	     16.29112259	     34.72979183	      0.00000000	      0.00000000	      0.00000000	      0.00000000	     42.02018377	      2.12913825	    -11.64659786	    -13.94867142	    -13.49753786	     -4.98473282	      0.00000000	     13.63288589	     21.07558573	      0.00000000	     39.51750528	      5.59696616	     18.55544835	    -16.37583348	    -14.89690267	     -4.98473282	      0.00000000	     23.78702845	     11.40217069	      0.00000000
      2.80000000	     96.85541754	      2.89633248	   -186.92355289	      0.10430932	     -0.36585173	     -0.51999939	      6.43599667	      2.95174200	      7.40928974	    -30.71587618	      3.71585456	     -4.48770159	      0.01394094	     -0.02070764	     -0.01743510	      0.00000000	      0.00000000	      0.00000000	     -0.00565116	     -0.03037593	     -0.01985986	      0.00000000	      0.00000000	      0.00000000	      0.03120622	     -0.00547567	      0.00927801	    -78.56102545	   -306.48699233	    -34.82134163	     31.05134729	      0.00000000	      0.00000000	      0.00000000	      0.00000000	   -286.07483529	     53.89085315	     20.16068024	     28.73506578	      0.00000000	      0.00000000	      0.00000000	      0.00000000	     40.68665784	      1.30442530	    -13.72198303	    -13.27679097	    -14.89690267	     -4.98473282	      0.00000000	     13.98271061	     21.75305326	      0.00000000	     38.41720686	      6.57177956	     19.09263507	    -16.16944268	    -14.89690267	     -4.98473282	      0.00000000	     23.76466699	      9.69660094	      0.00000000
      2.83333333	     96.45165524	      2.25905940	   -185.78223742	      0.11093625	     -0.35819634	     -0.52020611	      6.21703029	      1.74444525	      6.51575693	    -31.24455526	      4.14908601	     -4.52461181	      0.01422645	     -0.01832033	     -0.01600159	      0.00000000	      0.00000000	      0.00000000	      0.00083689	     -0.02483079	     -0.02299255	      0.00000000	      0.00000000	      0.00000000	      0.02991985	     -0.00613883	      0.00651845	    -78.47484718	   -305.79681482	    -36.18952802	     29.10905455	      0.00000000	      0.00000000	      0.00000000	      0.00000000	   -284.02170028	     58.65706190	     27.26863355	     22.45274131	      0.00000000	      0.00000000	      0.00000000	      0.00000000	     40.76306989	      0.07846839	    -15.60251648	    -13.25698950	    -14.21016434	     -4.98473282	      0.00000000	     14.27534398	     21.03580254	      0.00000000	     38.49585411	      7.72371941	     18.95837486	    -15.65158220	    -14.42967950	     -4.98473282	      0.00000000	     23.67925868	      7.94118843	      0.00000000
      2.86666667	     96.39064139	      1.87947254	   -184.69305495	      0.11650709	     -0.35166528	     -0.52096925	      6.20867375	      0.85292279	      5.47506198	    -30.77206882	      4.31307051	     -4.55093068	      0.01619110	     -0.01879473	     -0.01492471	      0.00000000	      0.00000000	      0.00000000	      0.00895335	     -0.01975836	     -0.02530902	      0.00000000	      0.00000000	      0.00000000	      0.02759435	     -0.01143825	      0.00215337	    -76.82354030	   -305.40187956	    -39.00672910	     29.50527564	      0.00000000	      0.00000000	      0.00000000	      0.00000000	   -279.90402432	     63.14294730	     37.31987791	     16.45105174	      0.00000000	      0.00000000	      0.00000000	      0.00000000	     41.06806315	     -0.99197531	    -16.48461447	    -13.25177348	    -12.90688522	     -4.98473282	      0.00000000	     14.10907136	     21.03854407	      0.00000000	     38.58558149	      8.36439470	     17.14432336	    -14.60831176	    -10.67446577	     -4.98473282	      0.00000000	     22.69401500	      4.15771795	      0.00000000
      2.90000000	     96.58306936	      2.09428029	   -184.10558477	      0.12087831	     -0.34653562	     -0.52236095	      6.47865934	      0.70852605	      4.80055376	    -30.49623422	      4.59679433	     -4.38609624	      0.02013856	     -0.01913410	     -0.01443208	      0.00000000	      0.00000000	      0.00000000	      0.01567073	     -0.01474670	     -0.02167986	      0.00000000	      0.00000000	      0.00000000	      0.02869550	     -0.01251490	      0.00223135	    -72.59069477	   -303.86502579	    -43.81167220	     31.26667427	      0.00000000	      0.00000000	      0.00000000	      0.00000000	   -278.58214286	     64.62188863	     42.19173944	     15.03000006	      0.00000000	      0.00000000	      0.00000000	      0.00000000	     41.58045499	     -1.37064751	    -17.49758843	    -13.38718981	    -10.92551363	     -4.98473282	      0.00000000	     14.40084994	     21.51110895	      0.00000000	     38.97328471	      8.13893425	     15.00705646	    -14.09000814	     -7.07402959	     -4.98473282	      0.00000000	     22.36632689	      2.22818003	      0.00000000
      2.93333333	     96.64274746	      2.76608004	   -183.69564429	      0.12335505	     -0.34270214	     -0.52403008	      6.40769354	      1.19014532	      4.17672220	    -29.93519621	      4.48259965	     -3.88514467	      0.02385127	     -0.02128949	     -0.01375892	      0.00000000	      0.00000000	      0.00000000	      0.02095957	     -0.01328039	     -0.02077839	      0.00000000	      0.00000000	      0.00000000	      0.02821397	     -0.01172411	      0.00332534	    -70.58434567	   -303.00913287	    -46.25323494	     32.38472293	      0.00000000	      0.00000000	      0.00000000	      0.00000000	   -278.11738276	     64.85760370	     43.09675762	     14.60982405	      0.00000000	      0.00000000	      0.00000000	      0.00000000	     41.61036363	     -1.06694775	    -18.36261371	    -12.93182646	    -10.26282107	     -4.98473282	      0.00000000	     14.52854363	     21.39785598	      0.00000000	     39.15280741	      7.37820645	     13.45008429	    -13.75138445	     -4.33464172	     -4.98473282	      0.00000000	     22.54046007	      1.78282466	      0.00000000
      2.96666667	     96.84734162	      3.43196846	   -183.46174026	      0.12497502	     -0.34027273	     -0.52598705	      6.52301645	      1.67331564	      3.66407276	    -29.52830448	      4.61423530	     -3.19149726	      0.02739975	     -0.02319874	     -0.01310119	      0.00000000	      0.00000000	      0.00000000	      0.02434002	     -0.01460281	     -0.02249571	      0.00000000	      0.00000000	      0.00000000	      0.02704965	     -0.01114273	      0.00509709	    -71.29453891	   -302.91531648	    -46.37640310	     32.02190597	      0.00000000	      0.00000000	      0.00000000	      0.00000000	   -277.51467879	     64.58376090	     42.98822095	     14.68679533	      0.00000000	      0.00000000	      0.00000000	      0.00000000	     41.71160438	     -0.52229597	    -18.80211414	    -12.49150112	    -10.51678637	     -4.98473282	      0.00000000	     14.70184585	     21.10100174	      0.00000000	     39.48308050	      6.58629361	     12.69255842	    -13.61376426	     -3.20368838	     -4.98473282	      0.00000000	     23.10429283	      2.27393070	      0.00000000
      3.00000000	     97.41005719	      3.75629513	   -183.50745179	      0.12597105	     -0.33918138	     -0.52783855	      7.12033610	      1.90515176	      3.31116800	    -29.67671196	      4.29046138	     -2.54204256	      0.02917179	     -0.02458184	     -0.01193318	      0.00000000	      0.00000000	      0.00000000	      0.02587163	     -0.01797175	     -0.02574167	      0.00000000	      0.00000000	      0.00000000	      0.02553996	     -0.01240613	      0.00798821	    -73.62740163	   -302.96696124	    -45.53879245	     30.42893573	      0.00000000	      0.00000000	      0.00000000	      0.00000000	   -275.70337571	     64.08903827	     43.51276612	     13.80833318	      0.00000000	      0.00000000	      0.00000000	      0.00000000	     42.19945773	     -0.04255600	    -18.68458249	    -12.23828912	    -10.81093787	     -4.98473282	      0.00000000	     14.54704263	     20.91176913	      0.00000000	     40.02915982	      5.85850405	     11.70063118	    -13.30490368	     -2.14245757	     -4.98473282	      0.00000000	     23.47290014	      3.36092973	      0.00000000
      3.03333333	     98.68107311	      3.59482771	   -183.71108717	      0.12748760	     -0.33817367	     -0.52901575	      8.42552722	      1.77313381	      3.12082834	    -29.83762178	      4.26887634	     -2.47425665	      0.02879744	     -0.02494052	     -0.01295513	      0.00000000	      0.00000000	      0.00000000	      0.02665079	     -0.01749405	     -0.02705388	      0.00000000	      0.00000000	      0.00000000	      0.02319149	     -0.01710298	      0.01075992	    -73.32475325	   -302.99093690	    -45.15406914	     31.04752795	      0.00000000	      0.00000000	      0.00000000	      0.00000000	   -272.07985093	     63.69153930	     44.83472706	     11.95506632	      0.00000000	      0.00000000	      0.00000000	      0.00000000	     43.91929240	      0.08732463	    -17.28299551	    -12.81165047	    -11.65574948	     -4.98473282	      0.00000000	     14.36053319	     20.81091297	      0.00000000	     41.46588058	      5.66527987	     11.23966471	    -13.31293462	     -1.92961774	     -4.98473282	      0.00000000	     23.40724838	      3.83411218	      0.00000000
      3.06666667	     99.77744785	      3.33582374	   -183.97414956	      0.12887408	     -0.33741478	     -0.52977475	      9.49510098	      1.63475888	      3.39828549	    -30.20592054	      4.27827539	     -2.98893726	      0.02655622	     -0.02428341	     -0.01432214	      0.00000000	      0.00000000	      0.00000000	      0.02597416	     -0.01431183	     -0.02530573	      0.00000000	      0.00000000	      0.00000000	      0.02247730	     -0.02049092	      0.01379723	    -70.94847724	   -302.93130771	    -45.77621230	     33.18486253	      0.00000000	      0.00000000	      0.00000000	      0.00000000	   -270.14937386	     63.05091804	     43.51450635	     11.48090737	      0.00000000	      0.00000000	      0.00000000	      0.00000000	     45.54153711	      0.14268521	    -16.06661517	    -13.39213847	    -12.31641052	     -4.98473282	      0.00000000	     14.23319691	     21.30432251	      0.00000000	     42.72459948	      5.71096369	     11.34018133	    -13.44354599	     -2.03137603	     -4.98473282	      0.00000000	     23.02335833	      3.18599470	      0.00000000
      3.10000000	    101.33295163	      2.86306007	   -184.19122397	      0.13025803	     -0.33616204	     -0.52993890	     11.08588910	      1.42918983	      3.80556314	    -30.64348396	      3.96014278	     -3.38840344	      0.02382694	     -0.02311876	     -0.01497229	      0.00000000	      0.00000000	      0.00000000	      0.02215001	     -0.01255151	     -0.02402373	      0.00000000	      0.00000000	      0.00000000	      0.02238662	     -0.02433365	      0.01536901	    -70.75595134	   -302.25082227	    -46.93274327	     32.55529829	      0.00000000	      0.00000000	      0.00000000	      0.00000000	   -267.98659207	     62.76350181	     41.28062332	     10.37710341	      0.00000000	      0.00000000	      0.00000000	      0.00000000	     47.71122602	      0.00242134	    -14.79730412	    -13.81271936	    -12.99508985	     -4.98473282	      0.00000000	     14.24664422	     22.04481168	      0.00000000	     44.71635172	      6.06568344	     11.43255572	    -13.95074014	     -2.02565614	     -4.98473282	      0.00000000	     22.56212735	      2.04556659	      0.00000000
      3.13333333	    102.36379124	      2.53165033	   -184.30865629	      0.13088713	     -0.33521737	     -0.53037328	     12.13132183	      1.27709231	      4.25136750	    -31.05877520	      3.71138251	     -3.24808551	      0.02086749	     -0.02139250	     -0.01390271	      0.00000000	      0.00000000	      0.00000000	      0.01569611	     -0.01415566	     -0.02423549	      0.00000000	      0.00000000	      0.00000000	      0.02292448	     -0.02869335	      0.01603030	    -74.28256598	   -301.45092736	    -48.16736641	     28.68333614	      0.00000000	      0.00000000	      0.00000000	      0.00000000	   -264.59751562	     63.32679834	     40.47435358	      7.73239175	      0.00000000	      0.00000000	      0.00000000	      0.00000000	     49.16339805	     -0.04752191	    -13.95437130	    -14.07027322	    -13.68244031	     -4.98473282	      0.00000000	     14.65016297	     22.60969819	      0.00000000	     46.22875925	      6.41982379	     11.74928931	    -14.73415777	     -2.31188035	     -4.98473282	      0.00000000	     21.92734047	      1.07455217	      0.00000000
      3.16666667	    101.99544813	      2.51769326	   -184.53370506	      0.13079524	     -0.33453121	     -0.53127291	     11.45122676	      1.38325181	      5.00375532	    -30.42021430	      3.78146043	     -3.38982560	      0.01838594	     -0.02183252	     -0.01281230	      0.00000000	      0.00000000	      0.00000000	      0.00776738	     -0.01632974	     -0.02378659	      0.00000000	      0.00000000	      0.00000000	      0.02306183	     -0.03765559	      0.01287800	    -79.47863850	   -300.49105791	    -50.38511363	     23.83127983	      0.00000000	      0.00000000	      0.00000000	      0.00000000	   -255.47849413	     65.39148673	     36.21976811	      0.00000000	      0.00000000	      0.00000000	      0.00000000	      0.00000000	     48.93819971	      0.23894634	    -13.28073605	    -14.12700450	    -14.89690267	     -4.98473282	      0.00000000	     14.67987448	     23.26699134	      0.00000000	     46.17491333	      6.39703334	     11.85321519	    -15.48083089	     -2.48466826	     -4.98473282	      0.00000000	     21.81145952	      0.74919356	      0.00000000
      3.20000000	    101.21012323	      1.83723409	   -184.73686149	      0.13053147	     -0.33432643	     -0.53275892	     10.52013385	      0.53922271	      5.39797253	    -30.42235652	      2.84362504	     -2.21255441	      0.01646348	     -0.02084088	     -0.00661749	      0.00000000	      0.00000000	      0.00000000	      0.00400812	     -0.02126154	     -0.02300948	      0.00000000	      0.00000000	      0.00000000	      0.02459485	     -0.03727125	      0.01551644	    -84.40068065	   -299.39610590	    -52.39708707	     19.62546546	      0.00000000	      0.00000000	      0.00000000	      0.00000000	   -254.80766140	     64.55370903	     31.52981783	      0.00000000	      0.00000000	      0.00000000	      0.00000000	      0.00000000	     48.52385454	     -0.17729729	    -13.00590753	    -14.73111201	    -14.84936726	     -4.98473282	      0.00000000	     14.80136068	     23.35472441	      0.00000000	     45.36737228	      6.73137187	     11.29875264	    -15.51685778	     -2.76892986	     -4.98473282	      0.00000000	     21.55778215	      1.18420703	      0.00000000
      3.23333333	     99.90699982	      1.86827317	   -184.71810632	      0.13013332	     -0.33455783	     -0.53506470	      8.81168694	      0.39573932	      5.30808315	    -29.43187508	      2.71665497	     -2.39608640	      0.01506564	     -0.02207398	     -0.00534513	      0.00000000	      0.00000000	      0.00000000	      0.00362136	     -0.02114164	     -0.02550786	      0.00000000	      0.00000000	      0.00000000	      0.02315034	     -0.03848967	      0.01474701	    -85.99779547	   -299.73236483	    -50.87517944	     19.28245484	      0.00000000	      0.00000000	      0.00000000	      0.00000000	   -253.48127682	     63.75914928	     27.47957690	      0.00000000	      0.00000000	      0.00000000	      0.00000000	      0.00000000	     47.22257826	     -0.21390267	    -12.85771357	    -14.93833066	    -14.87180382	     -4.98473282	      0.00000000	     14.42282300	     23.47656623	      0.00000000	     43.81290095	      6.49702669	     10.65558543	    -15.20540335	     -2.58032481	     -4.98473282	      0.00000000	     22.24284836	      2.05207809	      0.00000000
      3.26666667	     99.35740803	      1.77259558	   -184.57694369	      0.13082511	     -0.33473144	     -0.53764387	      8.02149575	      0.11103307	      4.51546110	    -28.41510227	      2.80373072	     -2.68889757	      0.01511142	     -0.02307322	     -0.00617126	      0.00000000	      0.00000000	      0.00000000	      0.00567581	     -0.02089071	     -0.02849534	      0.00000000	      0.00000000	      0.00000000	      0.01994846	     -0.03665811	      0.01341738	    -86.91716405	   -299.81592890	    -47.90081320	     19.39643819	      0.00000000	      0.00000000	      0.00000000	      0.00000000	   -253.40790107	     62.89887371	     27.10974199	      0.00000000	      0.00000000	      0.00000000	      0.00000000	      0.00000000	     46.70529212	     -0.40241247	    -12.62269822	    -15.08970173	    -14.31327721	     -4.98473282	      0.00000000	     15.09401568	     23.81401148	      0.00000000	     43.10332352	      6.45612910	     10.45847327	    -14.83318381	     -2.39441580	     -4.98473282	      0.00000000	     22.98678884	      2.14614452	      0.00000000
      3.30000000	     98.98303204	      2.06045611	   -184.46796268	      0.13192571	     -0.33464021	     -0.54022850	      7.28030599	      0.38174223	      3.76614551	    -27.20886150	      3.22219750	     -3.75609968	      0.01508004	     -0.02438374	     -0.01083456	      0.00000000	      0.00000000	      0.00000000	      0.00660626	     -0.02094283	     -0.03262493	      0.00000000	      0.00000000	      0.00000000	      0.01741221	     -0.03361805	      0.01165585	    -89.30081963	   -300.63090214	    -42.28322756	     19.27481350	      0.00000000	      0.00000000	      0.00000000	      0.00000000	   -253.40320959	     62.55304433	     32.31530924	      0.00000000	      0.00000000	      0.00000000	      0.00000000	      0.00000000	     46.21100394	     -0.23250533	    -13.02217548	    -15.02642402	    -13.66006567	     -4.98473282	      0.00000000	     16.42425094	     24.23341067	      0.00000000	     42.58437204	      6.13489175	     10.86849902	    -14.46142239	     -1.80242572	     -4.98473282	      0.00000000	     23.11356575	      1.38316205	      0.00000000
      3.33333333	     99.41639311	      2.74827336	   -183.88453695	      0.13398100	     -0.33371847	     -0.54206981	      7.31053884	      1.16488381	      2.66628111	    -25.07727752	      3.91827713	     -5.56505463	      0.01581064	     -0.02699193	     -0.01777497	      0.00000000	      0.00000000	      0.00000000	      0.00418216	     -0.01954017	     -0.03336380	      0.00000000	      0.00000000	      0.00000000	      0.01476860	     -0.02971774	      0.00803520	    -91.57820245	   -300.85472495	    -39.61757941	     18.78072501	      0.00000000	      0.00000000	      0.00000000	      0.00000000	   -252.97750112	     63.41433487	     50.63578545	      0.46105880	      0.00000000	      0.00000000	      0.00000000	      0.00000000	     46.46523424	     -0.10294285	    -14.31100586	    -14.89075828	    -13.28526610	     -4.98473282	      0.00000000	     17.59982261	     24.28014091	      0.00000000	     43.23554839	      6.05289011	     12.95583126	    -14.90744609	     -0.21551122	     -4.98473282	      0.00000000	     22.12200189	     -1.96341017	      0.00000000
      3.36666667	     98.74917167	      3.09192813	   -183.58218086	      0.13561411	     -0.33340820	     -0.54326007	      6.18753669	      1.49223626	      1.99335308	    -23.43825915	      3.54793298	     -5.53667253	      0.01429671	     -0.02844886	     -0.01903508	      0.00000000	      0.00000000	      0.00000000	      0.00136525	     -0.01364462	     -0.03155195	      0.00000000	      0.00000000	      0.00000000	      0.01257483	     -0.02579475	      0.00675399	    -90.52298432	   -300.87969910	    -40.44286616	     20.75047614	      0.00000000	      0.00000000	      0.00000000	      0.00000000	   -251.72941673	     63.70634687	     59.84507381	      0.00000000	      0.00000000	      0.00000000	      0.00000000	      0.00000000	     45.41893398	      0.04212129	    -14.61434173	    -14.33612735	    -13.22541893	     -4.98473282	      0.00000000	     18.09008737	     22.99721382	      0.00000000	     42.45189593	      5.91447076	     12.85007689	    -14.72159284	      1.44928852	     -4.98473282	      0.00000000	     21.54047728	     -3.31388816	      0.00000000
      3.40000000	     98.71664155	      3.41180967	   -183.20932572	      0.13690873	     -0.33240395	     -0.54371932	      6.04028715	      1.73286835	      1.74439714	    -23.04331026	      3.57903306	     -5.94418822	      0.01214204	     -0.02762342	     -0.01910602	      0.00000000	      0.00000000	      0.00000000	     -0.00056760	     -0.01158862	     -0.03124973	      0.00000000	      0.00000000	      0.00000000	      0.01368521	     -0.02071152	      0.01032587	    -90.66176172	   -301.78616788	    -39.48479175	     21.51221575	      0.00000000	      0.00000000	      0.00000000	      0.00000000	   -252.28592926	     63.55169739	     60.25208550	      0.00000000	      0.00000000	      0.00000000	      0.00000000	      0.00000000	     45.11661515	     -0.00996636	    -15.20949765	    -13.85416817	    -13.30351875	     -4.98473282	      0.00000000	     17.36558041	     22.57919647	      0.00000000	     42.26790615	      5.89839261	     13.05127999	    -14.29540239	      1.56286273	     -4.98473282	      0.00000000	     20.54104105	     -3.30718928	      0.00000000
      3.43333333	     98.39002838	      4.08572347	   -182.92149384	      0.13766788	     -0.33161656	     -0.54340466	      5.79116374	      2.52070749	      1.75879747	    -23.37812581	      2.67400275	     -5.02088507	      0.00957910	     -0.02600194	     -0.01490106	      0.00000000	      0.00000000	      0.00000000	      0.00048723	     -0.00857454	     -0.03144973	      0.00000000	      0.00000000	      0.00000000	      0.01526232	     -0.01625772	      0.01087969	    -88.85921882	   -302.83132097	    -38.72158497	     23.78787692	      0.00000000	      0.00000000	      0.00000000	      0.00000000	   -253.54262963	     63.96496579	     59.72823189	      0.00000000	      0.00000000	      0.00000000	      0.00000000	      0.00000000	     44.34909087	      0.31347044	    -16.04552063	    -13.15804294	    -13.03619615	     -4.98473282	      0.00000000	     16.20439724	     21.92983787	      0.00000000	     41.89610170	      5.61697677	     13.32294402	    -14.32374918	      1.51723115	     -4.98473282	      0.00000000	     20.45353181	     -3.39399576	      0.00000000
      3.46666667	     98.63438892	      4.36215011	   -182.82389074	      0.13784852	     -0.33043305	     -0.54286825	      6.37291807	      2.95674695	      1.77997314	    -24.49466576	      1.38327037	     -3.09316836	      0.00702669	     -0.02366924	     -0.00774921	      0.00000000	      0.00000000	      0.00000000	      0.00523313	     -0.00820406	     -0.02885870	      0.00000000	      0.00000000	      0.00000000	      0.01791467	     -0.01381681	      0.01113887	    -85.17970957	   -302.76897470	    -40.92819342	     26.50099916	      0.00000000	      0.00000000	      0.00000000	      0.00000000	   -255.04647432	     64.34095660	     60.67135628	      0.00000000	      0.00000000	      0.00000000	      0.00000000	      0.00000000	     44.57720720	      0.45025738	    -16.52662913	    -13.09424510	    -13.11105341	     -4.98473282	      0.00000000	     15.43499010	     21.72228453	      0.00000000	     42.11660620	      5.55826077	     13.28772586	    -14.23099164	      0.81810720	     -4.98473282	      0.00000000	     20.47308428	     -3.32201166	      0.00000000
      3.50000000	     99.35116129	      4.25417241	   -182.89222886	      0.13756513	     -0.32897992	     -0.54265955	      7.59619997	      3.12057916	      1.65858357	    -25.74513148	     -0.16078993	     -0.75989160	      0.00627385	     -0.02149392	      0.00009729	      0.00000000	      0.00000000	      0.00000000	      0.01305857	     -0.00842373	     -0.02446283	      0.00000000	      0.00000000	      0.00000000	      0.02153286	     -0.01416073	      0.01000894	    -80.26005450	   -302.31410100	    -43.48510920	     29.53519460	      0.00000000	      0.00000000	      0.00000000	      0.00000000	   -256.12027342	     64.71927850	     65.77720870	      0.00000000	      0.00000000	      0.00000000	      0.00000000	      0.00000000	     45.72973513	      0.38755765	    -16.32516649	    -13.66172319	    -14.07358200	     -4.98473282	      0.00000000	     14.78658747	     21.83492716	      0.00000000	     43.10336317	      5.77544786	     13.56950698	    -14.76058775	     -0.35216175	     -4.98473282	      0.00000000	     20.53597700	     -2.96187371	      0.00000000
      3.53333333	     99.64442998	      3.73880467	   -183.24017258	      0.13638949	     -0.32821930	     -0.54361888	      8.29594482	      2.93972476	      1.91318083	    -26.48400314	     -1.05675401	      0.65518402	      0.00682124	     -0.02029102	      0.00468450	      0.00000000	      0.00000000	      0.00000000	      0.01947363	     -0.00991695	     -0.01997525	      0.00000000	      0.00000000	      0.00000000	      0.02549594	     -0.01756688	      0.00791055	    -76.88996252	   -302.28074176	    -45.09944946	     31.61564913	      0.00000000	      0.00000000	      0.00000000	      0.00000000	   -256.53894503	     64.85194683	     70.02543511	      0.00000000	      0.00000000	      0.00000000	      0.00000000	      0.00000000	     46.50333001	      0.20197057	    -15.60116443	    -14.27473672	    -14.35684352	     -4.98473282	      0.00000000	     14.40521369	     21.59406002	      0.00000000	     43.61661580	      6.07448848	     14.11584157	    -15.39341261	     -1.90416613	     -4.98473282	      0.00000000	     20.55850766	     -2.07333577	      0.00000000
      3.56666667	     98.90617917	      3.53446006	   -183.28008791	      0.13413923	     -0.32877886	     -0.54638419	      7.63640305	      3.07854811	      2.08709169	    -25.63423792	     -1.08257792	      0.81336016	      0.00845771	     -0.02186452	      0.00472538	      0.00000000	      0.00000000	      0.00000000	      0.02288351	     -0.00873766	     -0.02016665	      0.00000000	      0.00000000	      0.00000000	      0.02773911	     -0.02283509	      0.00641139	    -75.35994372	   -303.43352696	    -45.08848093	     33.20174314	      0.00000000	      0.00000000	      0.00000000	      0.00000000	   -257.78492020	     63.82007397	     57.54753164	      0.00000000	      0.00000000	      0.00000000	      0.00000000	      0.00000000	     45.66651046	      0.05858791	    -16.01143488	    -14.31379881	    -10.88976069	     -4.98473282	      0.00000000	     14.46849496	     18.44028456	      0.00000000	     43.03948973	      6.16567533	     14.81623470	    -15.96997907	     -4.68380699	     -4.98473282	      0.00000000	     21.43450407	      1.59780674	      0.00000000
      3.60000000	     97.17207515	      3.25637397	   -183.04735824	      0.13112812	     -0.33081826	     -0.55021230	      5.81652807	      3.10159365	      2.02194724	    -23.84227395	     -0.10591719	     -0.20071048	      0.01100686	     -0.02445846	     -0.00057455	      0.00000000	      0.00000000	      0.00000000	      0.02430985	     -0.00678212	     -0.02219379	      0.00000000	      0.00000000	      0.00000000	      0.02876936	     -0.02682597	      0.00720405	    -74.73913854	   -304.37239910	    -44.19428390	     34.38054556	      0.00000000	      0.00000000	      0.00000000	      0.00000000	   -262.57228842	     60.19542226	     38.91573915	      4.89347550	      0.00000000	      0.00000000	      0.00000000	      0.00000000	     43.59788250	     -0.33961154	    -16.36814514	    -14.28807543	     -7.46877378	     -4.98473282	      0.00000000	     15.59037834	     17.15387387	      0.00000000	     41.17105665	      6.47708589	     15.88724244	    -16.37314443	     -5.08491744	     -4.98473282	      0.00000000	     21.27711081	      0.99575182	      0.00000000
      3.63333333	     96.76773241	      2.99344585	   -182.66471422	      0.12799352	     -0.33375691	     -0.55572632	      5.57705490	      3.03569242	      2.01804714	    -20.25625942	      0.60705585	     -0.88042644	      0.01705145	     -0.03079146	     -0.00377214	      0.00000000	      0.00000000	      0.00000000	      0.02329656	     -0.01011737	     -0.02501242	      0.00000000	      0.00000000	      0.00000000	      0.02912302	     -0.03437393	      0.00582351	    -75.57607639	   -305.03133419	    -43.12599621	     34.22875627	      0.00000000	      0.00000000	      0.00000000	      0.00000000	   -265.25963143	     56.48648290	     29.40238709	     11.00598194	      0.00000000	      0.00000000	      0.00000000	      0.00000000	     42.65802990	     -0.55153572	    -17.29388558	    -13.74496323	     -5.28685392	     -4.98473282	      0.00000000	     16.51951027	     17.05171823	      0.00000000	     40.63382351	      6.73482663	     16.67851358	    -16.52971604	     -5.13522431	     -4.98473282	      0.00000000	     21.16319513	     -0.48279460	      0.00000000
      3.66666667	     96.48797068	      2.96107884	   -182.06543237	      0.12494381	     -0.33704470	     -0.56214559	      5.51760925	      3.14847010	      1.83705882	    -17.38618917	      1.54728466	     -1.72129240	      0.02218844	     -0.03491418	     -0.00824084	      0.00000000	      0.00000000	      0.00000000	      0.02222017	     -0.01681154	     -0.02495565	      0.00000000	      0.00000000	      0.00000000	      0.02978563	     -0.04204487	      0.00189084	    -76.52982465	   -304.72480172	    -43.37868747	     33.77228756	      0.00000000	      0.00000000	      0.00000000	      0.00000000	   -267.03255233	     54.11204716	     26.82023037	     15.90246053	      0.00000000	      0.00000000	      0.00000000	      0.00000000	     41.88888112	     -0.59427562	    -18.83630798	    -13.45868250	     -4.37351197	     -4.98473282	      0.00000000	     16.83986164	     17.64514811	      0.00000000	     40.35390570	      7.00221189	     18.00423006	    -17.08828826	     -4.84605163	     -4.98473282	      0.00000000	     21.05637460	     -3.09919676	      0.00000000
      3.70000000	     96.28143935	      3.06671967	   -181.30853797	      0.12177101	     -0.34102539	     -0.56829001	      5.55174860	      3.38102311	      1.40119989	    -15.92263247	      2.26430939	     -2.75994771	      0.02338072	     -0.03658607	     -0.01243048	      0.00000000	      0.00000000	      0.00000000	      0.01964469	     -0.02536119	     -0.02137939	      0.00000000	      0.00000000	      0.00000000	      0.02969501	     -0.04604977	     -0.00335231	    -78.01849195	   -303.40591890	    -45.10166162	     32.69862612	      0.00000000	      0.00000000	      0.00000000	      0.00000000	   -269.84885626	     53.48279351	     28.98714833	     19.26294433	      0.00000000	      0.00000000	      0.00000000	      0.00000000	     41.14177009	     -0.70645034	    -21.22825219	    -13.21330092	     -4.61172793	     -4.98473282	      0.00000000	     16.92628019	     19.42017345	      0.00000000	     40.15472899	      7.38954443	     19.77320653	    -17.90428827	     -4.31513762	     -4.98473282	      0.00000000	     20.49411797	     -6.99357764	      0.00000000
      3.73333333	     96.30315232	      2.90178771	   -181.37948755	      0.11837102	     -0.34602715	     -0.57487069	      6.06713146	      3.21064084	      1.65893040	    -15.25507258	      2.41908072	     -2.79622997	      0.02454424	     -0.03811874	     -0.01358369	      0.00000000	      0.00000000	      0.00000000	      0.01727067	     -0.02956062	     -0.01762448	      0.00000000	      0.00000000	      0.00000000	      0.02975856	     -0.05004547	     -0.00730636	    -77.92446726	   -302.51833118	    -45.10260846	     32.27830705	      0.00000000	      0.00000000	      0.00000000	      0.00000000	   -270.73061031	     53.90404722	     29.12644123	     18.85678565	      0.00000000	      0.00000000	      0.00000000	      0.00000000	     40.73535651	     -0.42365541	    -21.50476708	    -13.14436979	     -4.73770165	     -4.98473282	      0.00000000	     16.81743644	     19.74539472	      0.00000000	     39.97060676	      7.25337407	     19.88156389	    -18.26138639	     -4.67299195	     -4.98473282	      0.00000000	     20.95343962	     -7.59930686	      0.00000000
      3.76666667	     96.69384463	      3.03430830	   -181.24697629	      0.11486187	     -0.35130813	     -0.58061732	      6.99981864	      3.32180325	      1.36758323	    -15.84467946	      2.51162706	     -3.21585277	      0.02218606	     -0.03793194	     -0.01563634	      0.00000000	      0.00000000	      0.00000000	      0.01233201	     -0.03123178	     -0.01645316	      0.00000000	      0.00000000	      0.00000000	      0.02908638	     -0.05161802	     -0.00831147	    -78.75184705	   -301.72172049	    -43.52775754	     30.75609333	      0.00000000	      0.00000000	      0.00000000	      0.00000000	   -271.78868583	     53.82933737	     28.76262768	     18.09944152	      0.00000000	      0.00000000	      0.00000000	      0.00000000	     40.62074325	     -0.15509723	    -21.81998965	    -13.13678146	     -4.91512410	     -4.98473282	      0.00000000	     16.86109063	     19.96690521	      0.00000000	     40.21546263	      7.16337897	     20.77732341	    -18.93155887	     -5.38895063	     -4.98473282	      0.00000000	     20.83504205	     -7.66977925	      0.00000000
      3.80000000	     97.12232539	      3.09789575	   -181.34444350	      0.11086098	     -0.35747486	     -0.58537243	      8.09851836	      3.28044035	      1.22005316	    -16.69710634	      2.02922558	     -2.90455278	      0.01937527	     -0.03777678	     -0.01442091	      0.00000000	      0.00000000	      0.00000000	      0.00673766	     -0.03106190	     -0.01849875	      0.00000000	      0.00000000	      0.00000000	      0.02821923	     -0.05317064	     -0.00651290	    -79.54876817	   -301.58360272	    -39.17158103	     28.73483257	      0.00000000	      0.00000000	      0.00000000	      0.00000000	   -272.36420541	     53.20197753	     26.16030662	     17.15602629	      0.00000000	      0.00000000	      0.00000000	      0.00000000	     40.55594446	      0.19677711	    -21.30640748	    -13.40029738	     -4.32351316	     -4.98473282	      0.00000000	     16.16703213	     18.41936555	      0.00000000	     40.41573804	      6.93210374	     20.94646417	    -19.47212781	     -5.68179259	     -4.98473282	      0.00000000	     20.54197188	     -7.24508404	      0.00000000
      3.83333333	     97.69811811	      3.03511068	   -181.48368228	      0.10631880	     -0.36443271	     -0.58910031	      9.46825458	      2.94083601	      1.04035195	    -17.35022430	      1.21261836	     -2.01170871	      0.01690248	     -0.03731353	     -0.01007011	      0.00000000	      0.00000000	      0.00000000	      0.00276860	     -0.03303363	     -0.01855004	      0.00000000	      0.00000000	      0.00000000	      0.02661756	     -0.05530033	     -0.00405618	    -78.90331393	   -301.54389521	    -34.26911775	     27.69050886	      0.00000000	      0.00000000	      0.00000000	      0.00000000	   -273.32220493	     52.22597112	     22.88709559	     17.37203064	      0.00000000	      0.00000000	      0.00000000	      0.00000000	     40.62961896	      0.54113804	    -20.95531002	    -13.65901593	     -3.15250613	     -4.98473282	      0.00000000	     14.65954655	     15.45637936	      0.00000000	     40.69501945	      6.75754983	     20.81106805	    -19.74554480	     -5.56296032	     -4.98473282	      0.00000000	     19.74059737	     -7.59832956	      0.00000000
      3.86666667	     98.12959537	      2.86323337	   -181.39084588	      0.10108984	     -0.37219665	     -0.59183742	     10.69150056	      2.32008426	      0.89142465	    -17.29798913	      0.21037227	     -0.84272591	      0.01555842	     -0.03725403	     -0.00357113	      0.00000000	      0.00000000	      0.00000000	      0.00093626	     -0.03358510	     -0.01563091	      0.00000000	      0.00000000	      0.00000000	      0.02598678	     -0.05692206	     -0.00199514	    -74.40512049	   -302.22268171	    -31.13316796	     29.54885857	      0.00000000	      0.00000000	      0.00000000	      0.00000000	   -275.99339392	     50.93776217	     21.81653625	     20.33029776	      0.00000000	      0.00000000	      0.00000000	      0.00000000	     40.37630937	      0.67493936	    -21.52147794	    -13.47397923	     -1.91471766	     -4.98473282	      0.00000000	     13.21706244	     13.70289527	      0.00000000	     40.65519283	      6.72980165	     20.27260943	    -19.41361375	     -5.43975100	     -4.98473282	      0.00000000	     18.65042139	     -8.33323653	      0.00000000
      3.90000000	     97.91923585	      2.59017216	   -181.55125742	      0.09521499	     -0.38069298	     -0.59349961	     11.05506768	      1.70176517	      1.20415663	    -16.65194680	     -0.75875915	      0.18205671	      0.01519650	     -0.03697826	      0.00187088	      0.00000000	      0.00000000	      0.00000000	     -0.00002891	     -0.03105256	     -0.00976740	      0.00000000	      0.00000000	      0.00000000	      0.02666908	     -0.05706377	     -0.00163314	    -67.75886481	   -303.84512509	    -29.28906741	     34.12128721	      0.00000000	      0.00000000	      0.00000000	      0.00000000	   -279.36396927	     49.27067883	     21.46051265	     25.01248559	      0.00000000	      0.00000000	      0.00000000	      0.00000000	     39.40341229	      0.79255839	    -22.11665475	    -12.90388265	     -1.71847200	     -4.98473282	      0.00000000	     13.15584051	     14.98447465	      0.00000000	     39.70829121	      6.57217021	     19.86141348	    -18.75373764	     -5.81875568	     -4.98473282	      0.00000000	     18.35232437	     -7.42747449	      0.00000000
      3.93333333	     97.69373320	      2.34078481	   -182.01013785	      0.08858169	     -0.38982603	     -0.59466649	     11.30283888	      1.18890512	      1.69827169	    -16.46489412	     -1.56780609	      0.96332394	      0.01499598	     -0.03590937	      0.00606280	      0.00000000	      0.00000000	      0.00000000	     -0.00005401	     -0.02589605	     -0.00500460	      0.00000000	      0.00000000	      0.00000000	      0.02872350	     -0.05594138	     -0.00053346	    -62.21720272	   -306.62485076	    -26.78486612	     39.46282761	      0.00000000	      0.00000000	      0.00000000	      0.00000000	   -281.73732310	     46.99662571	     20.15368947	     29.57603164	      0.00000000	      0.00000000	      0.00000000	      0.00000000	     38.49035463	      0.93015629	    -21.58887305	    -12.50908974	     -2.77827933	     -4.98473282	      0.00000000	     14.06069071	     18.27137584	      0.00000000	     38.51645730	      6.20602300	     19.49137851	    -17.87956553	     -6.83295587	     -4.98473282	      0.00000000	     18.87978855	     -4.08372652	      0.00000000
      3.96666667	     98.25289113	      1.74425404	   -183.57044485	      0.08187018	     -0.39944938	     -0.59614424	     12.36240332	      0.51985109	      3.34947980	    -16.48380449	     -2.04591114	      1.52139202	      0.01704389	     -0.03452222	      0.00904226	      0.00000000	      0.00000000	      0.00000000	     -0.00089425	     -0.02094601	     -0.00313546	      0.00000000	      0.00000000	      0.00000000	      0.03207912	     -0.05346304	      0.00181992	    -59.76216292	   -309.78480247	    -23.63556572	     43.21938426	      0.00000000	      0.00000000	      0.00000000	      0.00000000	   -282.65020035	     44.67188865	     16.96342979	     32.69450675	      0.00000000	      0.00000000	      0.00000000	      0.00000000	     39.15630043	      1.36035558	    -17.42962893	    -13.33106064	     -7.40026431	     -4.98473282	      0.00000000	     15.69979529	     23.34191754	      0.00000000	     38.05165510	      5.45382737	     18.32352713	    -17.00013952	    -10.11748028	     -4.98473282	      0.00000000	     20.29582089	      2.96508104	      0.00000000
      4.00000000	    100.34189392	      0.34839228	   -185.86928272	      0.07487320	     -0.40952784	     -0.59748871	     15.07338285	     -0.58994420	      5.73990500	    -17.14481339	     -2.11797751	      1.06957872	      0.01946830	     -0.03287269	      0.00894410	      0.00000000	      0.00000000	      0.00000000	     -0.00150763	     -0.02142392	     -0.00633975	      0.00000000	      0.00000000	      0.00000000	      0.03195082	     -0.05585148	      0.00560097	    -61.21524717	   -313.04408984	    -19.61315700	     45.35720949	      0.00000000	      0.00000000	      0.00000000	      0.00000000	   -280.70173776	     43.01611327	     11.58386990	     32.56546745	      0.00000000	      0.00000000	      0.00000000	      0.00000000	     42.27522205	      1.87448105	    -10.00027272	    -15.72119214	    -11.87390830	     -4.98473282	      0.00000000	     16.32039224	     24.88722293	      0.00000000	     38.99724665	      4.82712507	     16.01113957	    -15.87840485	    -12.15499092	     -4.98473282	      0.00000000	     20.05200115	      6.49660269	      0.00000000
      4.03333333	    103.07556118	     -1.06825036	   -187.71539062	      0.06667011	     -0.42179921	     -0.59943468	     18.64202914	     -1.63229199	      7.49119574	    -18.85897998	     -1.68854804	      0.77469596	      0.02183352	     -0.03052571	      0.00772238	      0.00000000	      0.00000000	      0.00000000	      0.00114884	     -0.02194571	     -0.00893636	      0.00000000	      0.00000000	      0.00000000	      0.02772202	     -0.05717277	      0.00870690	    -61.57797368	   -316.46539968	    -15.30037152	     48.46397143	      0.00000000	      0.00000000	      0.00000000	      0.00000000	   -279.46890587	     41.54664929	      5.86795500	     32.05559869	      0.00000000	      0.00000000	      0.00000000	      0.00000000	     45.89928607	      2.52182734	     -3.99121375	    -18.09668634	    -14.85680858	     -4.98473282	      0.00000000	     15.83199210	     24.98095987	      0.00000000	     40.40109895	      4.10923288	     12.34438382	    -14.43418620	    -12.36565475	     -4.98473282	      0.00000000	     18.61797707	      6.93125629	      0.00000000
      4.06666667	    105.46436146	     -2.07124676	   -188.86794303	      0.05690448	     -0.43650020	     -0.60158274	     21.79103781	     -2.38520986	      8.45521811	    -21.00048801	     -0.98909165	      0.55854432	      0.02380155	     -0.02809381	      0.00618000	      0.00000000	      0.00000000	      0.00000000	      0.00147413	     -0.02241023	     -0.00819721	      0.00000000	      0.00000000	      0.00000000	      0.02081415	     -0.05603757	      0.01078703	    -60.77383127	   -319.47790357	    -11.53183298	     51.97150728	      0.00000000	      0.00000000	      0.00000000	      0.00000000	   -279.80559261	     39.13724912	      2.17267629	     33.96585747	      0.00000000	      0.00000000	      0.00000000	      0.00000000	     48.50380655	      3.03960112	     -1.19798966	    -19.66184846	    -14.89690267	     -4.98473282	      0.00000000	     14.41045023	     23.50127227	      0.00000000	     41.20072650	      3.35483989	      7.68135238	    -12.65300750	    -11.89552025	     -4.98473282	      0.00000000	     16.83937482	      6.35234033	      0.00000000
      4.10000000	    106.82749604	     -2.03959971	   -189.11140022	      0.04598261	     -0.45273280	     -0.60337670	     23.45086618	     -2.49283149	      8.17312474	    -23.02885261	     -0.44260532	      0.38227105	      0.02474152	     -0.02611563	      0.00457544	      0.00000000	      0.00000000	      0.00000000	     -0.00210590	     -0.01950546	     -0.00443423	      0.00000000	      0.00000000	      0.00000000	      0.01510205	     -0.05223472	      0.01189556	    -59.05763008	   -322.16713869	     -8.49502722	     55.84751237	      0.00000000	      0.00000000	      0.00000000	      0.00000000	   -281.90848177	     34.16884778	      1.97920650	     40.86550057	      0.00000000	      0.00000000	      0.00000000	      0.00000000	     49.11455042	      3.45436425	     -0.65051321	    -19.95688619	    -14.89690267	     -4.98473282	      0.00000000	     12.77079948	     23.14723452	      0.00000000	     40.88200124	      2.63221524	      3.46383963	    -11.05036057	    -10.96892783	     -4.98473282	      0.00000000	     15.76154187	      6.02131441	      0.00000000
      4.13333333	    107.68767642	     -1.37322672	   -188.80522178	      0.03498831	     -0.46873944	     -0.60464247	     24.25194428	     -2.38926242	      7.45668748	    -24.68819295	      0.12320798	      0.09942920	      0.02507929	     -0.02452989	      0.00429827	      0.00000000	      0.00000000	      0.00000000	     -0.00809205	     -0.00931524	      0.00230685	      0.00000000	      0.00000000	      0.00000000	      0.01580954	     -0.04587374	      0.01037779	    -56.37579456	   -325.33180958	     -5.93259813	     60.03011639	      0.00000000	      0.00000000	      0.00000000	      0.00000000	   -285.62161035	     27.15863379	      4.18094009	     52.55209103	      0.00000000	      0.00000000	      0.00000000	      0.00000000	     48.65226832	      3.67203440	     -1.36809679	    -19.46980873	    -14.89690267	     -4.98473282	      0.00000000	     12.23892419	     24.23927489	      0.00000000	     40.34974961	      1.98538034	      0.08727716	    -10.24534025	     -8.93051945	     -4.98473282	      0.00000000	     15.59747658	      6.31666788	      0.00000000
      4.16666667	    108.09085637	     -0.48632403	   -188.46608893	      0.02526549	     -0.48297908	     -0.60499846	     24.22507095	     -2.27124116	      6.50486971	    -25.55037110	      0.48943547	     -0.04695376	      0.02558821	     -0.02377918	      0.00487757	      0.00000000	      0.00000000	      0.00000000	     -0.01267594	      0.00365956	      0.00902666	      0.00000000	      0.00000000	      0.00000000	      0.01782023	     -0.03805031	      0.00605505	    -53.89674097	   -328.32745380	     -4.02840793	     63.58770282	      0.00000000	      0.00000000	      0.00000000	      0.00000000	   -289.92108718	     20.68823837	      6.90041835	     63.81721605	      0.00000000	      0.00000000	      0.00000000	      0.00000000	     47.73702046	      3.85879862	     -2.32952814	    -18.95260830	    -14.82026944	     -4.98473282	      0.00000000	     12.74707662	     24.98095987	      0.00000000	     39.91109050	      1.40622834	     -2.33205482	    -10.61138916	     -5.85743079	     -4.98473282	      0.00000000	     16.12906459	      5.61077473	      0.00000000
      4.20000000	    107.94508945	      0.13355524	   -188.29810492	      0.01751409	     -0.49441052	     -0.60434650	     23.27981826	     -2.51610932	      5.91449176	    -26.03581771	      1.29826576	     -0.17816892	      0.02552246	     -0.02294911	      0.00463501	      0.00000000	      0.00000000	      0.00000000	     -0.01443712	      0.01385295	      0.01521052	      0.00000000	      0.00000000	      0.00000000	      0.01632448	     -0.03181897	      0.00425074	    -51.35332982	   -331.34003245	     -3.78494957	     67.43415344	      0.00000000	      0.00000000	      0.00000000	      0.00000000	   -292.59101270	     16.98328221	      8.50261460	     70.71988270	      0.00000000	      0.00000000	      0.00000000	      0.00000000	     46.83426041	      3.71741566	     -3.26986151	    -19.36432858	    -14.00915629	     -4.98473282	      0.00000000	     13.79495889	     24.98095987	      0.00000000	     39.63452455	      1.11187421	     -2.96475169	    -12.35016403	     -3.33003850	     -4.98473282	      0.00000000	     16.47129083	      4.01517761	      0.00000000
      4.23333333	    107.88618407	      0.15050368	   -188.32162861	      0.01139753	     -0.50368347	     -0.60374649	     22.34377305	     -3.44619375	      5.89604683	    -26.18514903	      2.21867064	      0.21362591	      0.02609665	     -0.02221314	      0.00597791	      0.00000000	      0.00000000	      0.00000000	     -0.01944729	      0.01016264	      0.01897137	      0.00000000	      0.00000000	      0.00000000	      0.00857815	     -0.02582878	      0.00760455	    -49.74352718	   -333.21398515	     -5.52887447	     70.68223998	      0.00000000	      0.00000000	      0.00000000	      0.00000000	   -293.58400701	     16.46806694	      9.07954365	     72.53384770	      0.00000000	      0.00000000	      0.00000000	      0.00000000	     46.60698649	      3.22752463	     -3.75335112	    -20.53263074	    -14.09081121	     -4.98473282	      0.00000000	     13.70162288	     24.98095987	      0.00000000	     39.68336657	      1.20774350	     -2.80175617	    -14.12162627	     -3.22880018	     -4.98473282	      0.00000000	     16.35325372	      3.69023791	      0.00000000
      4.26666667	    107.85902844	     -0.21839207	   -188.33264806	      0.00547932	     -0.51233009	     -0.60322194	     21.59550946	     -4.68756921	      5.95696610	    -26.59495786	      3.34627024	      0.85536443	      0.02746022	     -0.02181580	      0.00676691	      0.00000000	      0.00000000	      0.00000000	     -0.02300910	     -0.00465795	      0.01638328	      0.00000000	      0.00000000	      0.00000000	     -0.00137190	     -0.02255275	      0.01241498	    -49.85733720	   -335.19209920	     -7.64438270	     74.30160395	      0.00000000	      0.00000000	      0.00000000	      0.00000000	   -293.55499176	     16.65554198	      9.08076045	     72.55137476	      0.00000000	      0.00000000	      0.00000000	      0.00000000	     46.62706112	      2.38567749	     -4.48254567	    -21.89502822	    -14.45741091	     -4.98473282	      0.00000000	     11.73076125	     24.97069358	      0.00000000	     39.63392277	      1.65773794	     -2.85147830	    -15.15929999	     -5.25547350	     -4.98473282	      0.00000000	     15.94775356	      4.20569265	      0.00000000
      4.30000000	    108.68388952	     -0.23483573	   -187.84556107	     -0.00036014	     -0.52099568	     -0.60328708	     21.85528965	     -5.43676590	      5.33131053	    -27.60011427	      3.78084507	      1.32386555	      0.02877231	     -0.02037118	      0.00877379	      0.00000000	      0.00000000	      0.00000000	     -0.02833509	     -0.01921966	      0.01428045	      0.00000000	      0.00000000	      0.00000000	     -0.01065759	     -0.02118116	      0.01248569	    -50.15471106	   -336.66921136	     -8.91545155	     77.25124623	      0.00000000	      0.00000000	      0.00000000	      0.00000000	   -294.38491246	     15.87574824	      9.62023233	     74.55343806	      0.00000000	      0.00000000	      0.00000000	      0.00000000	     47.28570138	      1.83142731	     -5.62695376	    -23.07352548	    -13.36795796	     -4.98473282	      0.00000000	      9.45227716	     21.61519684	      0.00000000	     40.28537339	      2.01263611	     -0.54531960	    -15.32911419	    -14.89690267	     -4.98473282	      0.00000000	     17.15371122	     13.89041690	      0.00000000
      4.33333333	    109.15471951	      0.48582080	   -187.34565865	     -0.00686792	     -0.53239747	     -0.60402911	     21.99233101	     -5.15330047	      4.40083098	    -28.70054774	      4.06859059	      2.34495483	      0.03043585	     -0.01950149	      0.01101698	      0.00000000	      0.00000000	      0.00000000	     -0.03037216	     -0.02249438	      0.01449730	      0.00000000	      0.00000000	      0.00000000	     -0.01644408	     -0.02112861	      0.00712874	    -49.14716971	   -338.94390988	     -8.83460136	     80.31638738	      0.00000000	      0.00000000	      0.00000000	      0.00000000	   -296.62653305	     13.39754911	     10.89685475	     79.88216236	      0.00000000	      0.00000000	      0.00000000	      0.00000000	     46.69967246	      2.04778761	     -6.80934406	    -23.06168177	    -13.95040740	     -4.98473282	      0.00000000	      8.64913431	     21.44533082	      0.00000000	     39.73888493	      1.52208931	      0.05385119	    -15.41675452	    -14.79619165	     -4.98473282	      0.00000000	     17.32258516	     14.06198238	      0.00000000
      4.36666667	    109.09855168	      2.93197046	   -185.90333311	     -0.01355108	     -0.54565738	     -0.60423933	     21.44292719	     -2.85946991	      1.47847584	    -29.99887286	      2.83603950	      3.67671263	      0.03161278	     -0.01811458	      0.01261345	      0.00000000	      0.00000000	      0.00000000	     -0.02891980	     -0.01223229	      0.01761010	      0.00000000	      0.00000000	      0.00000000	     -0.01899744	     -0.02440935	      0.00246160	    -47.00096545	   -341.01742855	     -7.69812292	     82.99375409	      0.00000000	      0.00000000	      0.00000000	      0.00000000	   -298.48432992	      9.13166604	     12.66196881	     86.49565884	      0.00000000	      0.00000000	      0.00000000	      0.00000000	     44.15419219	      3.16187724	     -9.64181368	    -21.25850255	    -14.31085734	     -4.98473282	      0.00000000	      8.53352047	     21.13081274	      0.00000000	     38.61180896	      0.09586417	      1.95969556	    -16.50095948	    -11.39767949	     -4.66434920	      0.00000000	     16.82677557	     11.87558251	      0.00000000
      4.40000000	    107.14784104	      5.72816929	   -184.10624073	     -0.02031628	     -0.56029617	     -0.60498132	     18.89778347	     -0.30952146	     -1.70664234	    -30.00758977	      1.97725008	      4.58826039	      0.03277552	     -0.01856285	      0.01282735	      0.00000000	      0.00000000	      0.00000000	     -0.02722397	      0.00077794	      0.02113473	      0.00000000	      0.00000000	      0.00000000	     -0.01972869	     -0.02699021	      0.00321795	    -45.24909753	   -342.87307312	     -6.54869191	     85.51080067	      0.00000000	      0.00000000	      0.00000000	      0.00000000	   -298.47082102	      4.39276813	     14.00813171	     91.54611286	      0.00000000	      0.00000000	      0.00000000	      0.00000000	     38.85857438	      4.84999261	    -12.47322113	    -18.31090520	    -11.62742509	     -4.98473282	      0.00000000	      7.60080212	     16.16101660	      0.00000000	     35.30913548	     -2.08736801	      4.80926041	    -17.60794729	     -3.59973760	     -2.81207447	      0.00000000	     14.24069635	      2.81822800	      0.00000000
      4.43333333	     70.00623811	      7.41834468	   -176.50631930	     -0.03599960	     -0.60197450	     -0.60633010	    -22.34109605	      1.05468627	     -4.61394831	    -24.81681086	      3.19228851	      4.71693465	      0.02551726	     -0.01355166	      0.01420442	      0.00000000	      0.00000000	      0.00000000	     -0.03308061	      0.01148263	      0.02209190	      0.00000000	      0.00000000	      0.00000000	     -0.01938342	     -0.02228980	      0.00984557	    -46.11016796	   -342.83579326	     -8.72996392	     88.37057891	      0.00000000	      0.00000000	      0.00000000	      0.00000000	   -294.79470653	      1.13454646	     16.96106077	     94.71617542	      0.00000000	      0.00000000	      0.00000000	      0.00000000	    -10.92760474	      6.92572844	    -28.85247515	     -4.41437517	     13.44846511	     -4.98473282	      0.00000000	      1.47340352	      1.87745683	      0.00000000	    -11.96805786	     -3.67563348	     -3.39637048	     -6.21341055	      8.63505675	     -3.78868894	      0.00000000	      8.40228714	     -1.29518133	      0.00000000
      4.46666667	     71.34962844	      7.31239050	   -176.80000653	     -0.03791787	     -0.60980937	     -0.60477915	    -21.37853256	      1.40695282	     -5.04424889	    -24.16385911	      3.75065661	      4.97746799	      0.02737748	     -0.01387726	      0.00985445	      0.00000000	      0.00000000	      0.00000000	     -0.03208780	      0.01204913	      0.01251424	      0.00000000	      0.00000000	      0.00000000	     -0.01766310	     -0.02280970	      0.01033749	    -49.61115498	   -345.09107153	     -7.54012875	     90.62902541	      0.00000000	      0.00000000	      0.00000000	      0.00000000	   -294.24244976	     -4.35571361	     15.56746375	     96.96982691	      0.00000000	      0.00000000	      0.00000000	      0.00000000	    -10.45072386	      6.93957317	    -25.14587759	     -3.97585450	     11.08835311	     -4.98473282	      0.00000000	     -0.04094911	      0.18207839	      0.00000000	    -11.27384006	     -3.33468352	     -4.03867424	     -5.76940612	      4.28840330	     -3.62386610	      0.00000000	      9.53028223	      3.06711048	      0.00000000
      4.50000000	     71.87698895	      6.83309365	   -177.12372207	     -0.03897947	     -0.61555053	     -0.60343054	    -21.52045804	      1.24493300	     -5.11850647	    -23.03884949	      3.75686631	      5.54169103	      0.02933314	     -0.01530466	      0.00856012	      0.00000000	      0.00000000	      0.00000000	     -0.02998995	      0.01091540	      0.00419829	      0.00000000	      0.00000000	      0.00000000	     -0.02012618	     -0.01926283	      0.00578641	    -52.38406578	   -347.57708727	     -7.13074149	     93.27735589	      0.00000000	      0.00000000	      0.00000000	      0.00000000	   -296.71948368	     -7.31252088	     14.80610210	     98.57849325	      0.00000000	      0.00000000	      0.00000000	      0.00000000	    -10.57607421	      6.46408536	    -23.32617217	     -3.52547171	     10.10909352	     -4.98473282	      0.00000000	     -0.23487605	      0.13017532	      0.00000000	    -11.18877705	     -2.32181419	     -3.79042315	     -5.30572708	      1.00100312	     -4.09583310	      0.00000000	     12.35777995	      5.29928787	      0.00000000
      4.53333333	     71.95895145	      6.45755728	   -177.52351274	     -0.03942038	     -0.61949434	     -0.60299732	    -22.09979599	      1.01789239	     -4.74475492	    -22.29151477	      3.79842219	      6.17115525	      0.03098165	     -0.01648087	      0.00795610	      0.00000000	      0.00000000	      0.00000000	     -0.02834092	      0.01026164	     -0.00089563	      0.00000000	      0.00000000	      0.00000000	     -0.02562066	     -0.01503208	     -0.00028685	    -53.62840641	   -349.81222500	     -7.53651236	     95.59583861	      0.00000000	      0.00000000	      0.00000000	      0.00000000	   -300.78516606	     -7.66647724	     15.43006645	     99.47443546	      0.00000000	      0.00000000	      0.00000000	      0.00000000	    -10.66382920	      6.10619988	    -21.65887931	     -3.45510902	      7.47493460	     -4.98473282	      0.00000000	      1.27420649	      2.53187401	      0.00000000	    -11.39203404	     -1.50976867	     -3.72417450	     -5.11805036	      0.19449268	     -4.98473282	      0.00000000	     15.45004177	      8.34872221	      0.00000000
      4.56666667	     71.74023427	      6.33735357	   -177.67153843	     -0.03944109	     -0.62212499	     -0.60452673	    -22.85142598	      0.78874441	     -4.08856885	    -22.29848891	      3.85467095	      6.42094402	      0.03143965	     -0.01555049	      0.00956829	      0.00000000	      0.00000000	      0.00000000	     -0.03085113	      0.00730994	     -0.00263234	      0.00000000	      0.00000000	      0.00000000	     -0.02927944	     -0.01148543	     -0.00509189	    -53.74172012	   -351.16336324	     -8.90276962	     96.84804259	      0.00000000	      0.00000000	      0.00000000	      0.00000000	   -303.54403011	     -7.19623050	     16.30522944	    100.29904121	      0.00000000	      0.00000000	      0.00000000	      0.00000000	    -10.79189193	      6.15657121	    -20.09998795	     -3.57134872	      2.95190767	     -4.98473282	      0.00000000	      3.46606439	      6.98115920	      0.00000000	    -11.52611813	     -1.80339985	     -3.59165766	     -6.04792373	      2.49465392	     -4.98473282	      0.00000000	     16.98413088	     10.53509821	      0.00000000
      4.60000000	     71.59637557	      6.46574867	   -177.35310805	     -0.03940157	     -0.62358165	     -0.60589766	    -23.27842381	      0.96957365	     -3.95844506	    -22.58580871	      3.66683321	      6.29647697	      0.03125985	     -0.01431412	      0.01144585	      0.00000000	      0.00000000	      0.00000000	     -0.03607550	     -0.00262205	     -0.00442944	      0.00000000	      0.00000000	      0.00000000	     -0.03070233	     -0.01173017	     -0.00641199	    -54.82062499	   -350.94894985	    -10.40709604	     96.96196205	      0.00000000	      0.00000000	      0.00000000	      0.00000000	   -303.17540790	     -7.76865061	     16.28503576	    100.66589828	      0.00000000	      0.00000000	      0.00000000	      0.00000000	    -10.85648826	      6.41284571	    -19.88293601	     -3.89751028	      2.85651103	     -4.98473282	      0.00000000	      4.27776069	      7.09174072	      0.00000000	    -11.36512017	     -2.40468291	     -2.68889786	     -7.24636918	      4.48334010	     -4.98473282	      0.00000000	     16.60321776	     11.73138893	      0.00000000
      4.63333333	     71.73640297	      7.08688197	   -176.90191975	     -0.03945958	     -0.62478259	     -0.60698914	    -22.98120095	      1.87020788	     -3.92501939	    -22.84559039	      3.40106033	      5.31404553	      0.03192863	     -0.01375522	      0.01084029	      0.00000000	      0.00000000	      0.00000000	     -0.04228667	     -0.01302578	     -0.00636100	      0.00000000	      0.00000000	      0.00000000	     -0.02813296	     -0.01610046	     -0.00619816	    -56.31909740	   -349.69935001	    -11.18296366	     95.90490607	      0.00000000	      0.00000000	      0.00000000	      0.00000000	   -300.91152475	     -9.44227170	     15.35532454	    100.85196207	      0.00000000	      0.00000000	      0.00000000	      0.00000000	    -10.77574839	      7.10512837	    -20.35370069	     -3.79929204	      3.33994597	     -4.98473282	      0.00000000	      4.00362636	      8.29197652	      0.00000000	    -11.10217211	     -3.49656581	     -4.42267577	     -7.72399232	      7.35492292	     -4.98473282	      0.00000000	     16.86008776	     12.16222640	      0.00000000
      4.66666667	     71.66150099	      7.40954406	   -176.56077468	     -0.03957632	     -0.62473875	     -0.60730897	    -22.90476996	      2.47162264	     -3.90829249	    -22.84366842	      3.33983069	      4.36300743	      0.03189740	     -0.01357775	      0.01022265	      0.00000000	      0.00000000	      0.00000000	     -0.04616052	     -0.01570645	     -0.00491421	      0.00000000	      0.00000000	      0.00000000	     -0.02497566	     -0.01963408	     -0.00541324	    -55.73658572	   -348.46563465	    -12.06421990	     95.23341688	      0.00000000	      0.00000000	      0.00000000	      0.00000000	   -299.32023053	    -10.35348280	     14.60504308	    100.83193462	      0.00000000	      0.00000000	      0.00000000	      0.00000000	    -10.72852373	      7.32782280	    -21.46699521	     -3.99816755	      4.43457886	     -4.98473282	      0.00000000	      4.10256176	     10.23026998	      0.00000000	    -11.34275102	     -3.93099971	     -7.00188817	     -7.07807313	      8.65026189	     -4.98473282	      0.00000000	     18.35514156	     12.02060226	      0.00000000
      4.70000000	     71.51886140	      7.23789062	   -176.25890883	     -0.03947820	     -0.62318007	     -0.60703383	    -22.94677898	      2.57537046	     -4.18579054	    -22.59572352	      3.60993757	      3.88754940	      0.03195220	     -0.01428956	      0.00934073	      0.00000000	      0.00000000	      0.00000000	     -0.04533893	     -0.00772224	      0.00173989	      0.00000000	      0.00000000	      0.00000000	     -0.02387716	     -0.02009078	     -0.00516027	    -52.04977263	   -347.75613732	    -12.83550316	     95.98909235	      0.00000000	      0.00000000	      0.00000000	      0.00000000	   -299.79813004	     -9.59461990	     14.86360985	    100.46957846	      0.00000000	      0.00000000	      0.00000000	      0.00000000	    -10.67784546	      7.04707027	    -22.82361330	     -4.23671069	      4.81841997	     -4.98473282	      0.00000000	      4.84951449	     12.36020915	      0.00000000	    -11.71580585	     -3.65526067	     -8.89939575	     -5.94885729	      8.94146739	     -4.98473282	      0.00000000	     20.00411905	     12.35076566	      0.00000000
      4.73333333	     71.31577040	      6.83190524	   -175.97389267	     -0.03885671	     -0.61984999	     -0.60649782	    -23.17592809	      2.47560167	     -4.57745985	    -22.39901260	      4.07446044	      4.12158317	      0.03150141	     -0.01477578	      0.00882903	      0.00000000	      0.00000000	      0.00000000	     -0.04414365	      0.00314191	      0.01020196	      0.00000000	      0.00000000	      0.00000000	     -0.02372241	     -0.02034825	     -0.00496271	    -48.12092186	   -347.03028951	    -12.78773164	     96.82295518	      0.00000000	      0.00000000	      0.00000000	      0.00000000	   -300.52130280	     -7.94955890	     15.40075034	     99.67913799	      0.00000000	      0.00000000	      0.00000000	      0.00000000	    -10.70859366	      6.62103929	    -23.72126316	     -4.37907494	      4.31092180	     -4.98473282	      0.00000000	      6.03990631	     13.20468408	      0.00000000	    -12.08011162	     -3.15532055	     -9.69436136	     -4.94831878	      8.48807382	     -4.98473282	      0.00000000	     19.91172404	     13.73044473	      0.00000000
      4.76666667	     71.03962956	      6.38324603	   -175.62455280	     -0.03782717	     -0.61483514	     -0.60596695	    -23.61847219	      2.36296121	     -5.09036342	    -22.23802993	      4.51511261	      4.79634670	      0.03082875	     -0.01513276	      0.00900873	      0.00000000	      0.00000000	      0.00000000	     -0.04579633	      0.01254777	      0.01684386	      0.00000000	      0.00000000	      0.00000000	     -0.02282165	     -0.02128839	     -0.00410428	    -46.90581110	   -345.75925753	    -10.57757468	     95.88894045	      0.00000000	      0.00000000	      0.00000000	      0.00000000	   -299.94172305	     -6.75313780	     15.65930662	     98.71813753	      0.00000000	      0.00000000	      0.00000000	      0.00000000	    -10.91322988	      6.30488046	    -23.85024782	     -4.23542800	      3.43092095	     -4.98473282	      0.00000000	      6.42245138	     11.96747069	      0.00000000	    -12.33440910	     -2.76499116	     -9.55593458	     -4.42170771	      7.88193926	     -4.98473282	      0.00000000	     17.51860022	     15.26510693	      0.00000000
      4.80000000	     70.81008402	      6.19826878	   -175.38385051	     -0.03622069	     -0.60849775	     -0.60603322	    -24.14279178	      2.39580444	     -5.52335559	    -21.92571400	      4.93909050	      5.51073364	      0.02955133	     -0.01514142	      0.00962673	      0.00000000	      0.00000000	      0.00000000	     -0.04959062	      0.01812556	      0.01790010	      0.00000000	      0.00000000	      0.00000000	     -0.02016214	     -0.02235286	     -0.00159252	    -49.83372217	   -344.01917053	     -6.96093419	     92.95166226	      0.00000000	      0.00000000	      0.00000000	      0.00000000	   -297.54715241	     -6.77439950	     15.44657155	     97.95261676	      0.00000000	      0.00000000	      0.00000000	      0.00000000	    -11.08207796	      6.41752844	    -23.87634044	     -3.69553077	      2.23117036	     -4.98473282	      0.00000000	      5.86734212	     10.04548686	      0.00000000	    -12.48507333	     -2.78134595	     -8.85946942	     -3.99916827	      8.18175246	     -4.98473282	      0.00000000	     14.44029402	     16.00904947	      0.00000000
      4.83333333	     70.79899922	      6.39124110	   -175.39978380	     -0.03372411	     -0.60158840	     -0.60687263	    -24.39333786	      2.54217125	     -5.70315641	    -21.30675252	      5.19667566	      5.84365474	      0.02870885	     -0.01492820	      0.01087881	      0.00000000	      0.00000000	      0.00000000	     -0.05275984	      0.01635295	      0.01420337	      0.00000000	      0.00000000	      0.00000000	     -0.01673596	     -0.01984250	      0.00129503	    -55.53050377	   -342.12229883	     -4.59778978	     89.75401831	      0.00000000	      0.00000000	      0.00000000	      0.00000000	   -295.17670737	     -7.06821573	     15.00369665	     97.41300497	      0.00000000	      0.00000000	      0.00000000	      0.00000000	    -10.83012357	      6.97901701	    -24.17478317	     -3.04199147	      0.29308858	     -4.98473282	      0.00000000	      5.22318142	      9.33927521	      0.00000000	    -12.41906784	     -3.17149409	     -8.16205050	     -3.55790172	      9.97987672	     -4.98473282	      0.00000000	     13.14953070	     16.04896862	      0.00000000
      4.86666667	     72.54755316	      6.86825567	   -176.39200320	     -0.02985597	     -0.59358404	     -0.60858009	    -22.63441669	      2.43761233	     -5.01562992	    -20.22532864	      5.10709881	      4.61379833	      0.02881135	     -0.01694445	      0.01129351	      0.00000000	      0.00000000	      0.00000000	     -0.05338085	      0.00735778	      0.00793665	      0.00000000	      0.00000000	      0.00000000	     -0.01475977	     -0.01282131	      0.00287698	    -60.75526589	   -340.95331380	     -5.24213762	     87.45839627	      0.00000000	      0.00000000	      0.00000000	      0.00000000	   -294.83744151	     -6.00455052	     14.63244339	     96.63744622	      0.00000000	      0.00000000	      0.00000000	      0.00000000	     -8.13141403	      7.44645154	    -23.72718057	     -2.68719001	     -7.48259047	     -4.98473282	      0.00000000	      6.63107349	     17.61474421	      0.00000000	    -10.51922795	     -3.63276338	     -9.81002775	     -3.30836959	     14.89690267	     -4.98473282	      0.00000000	     14.09011362	     15.33992911	      0.00000000
      4.90000000	     73.89231493	      7.10563188	   -177.67256133	     -0.02550299	     -0.58569471	     -0.61027712	    -21.28836225	      2.02424091	     -4.28247488	    -18.87592361	      5.01533533	      2.58129472	      0.02817114	     -0.01906118	      0.00935908	      0.00000000	      0.00000000	      0.00000000	     -0.05054653	     -0.00296561	      0.00074281	      0.00000000	      0.00000000	      0.00000000	     -0.01787047	     -0.00581143	      0.00572974	    -63.07547899	   -339.99600704	     -8.43789706	     85.74293329	      0.00000000	      0.00000000	      0.00000000	      0.00000000	   -295.85887847	     -3.09888240	     15.67732321	     93.88959996	      0.00000000	      0.00000000	      0.00000000	      0.00000000	     -5.93190022	      7.62805360	    -23.75479762	     -2.32673357	    -11.09347824	     -4.98473282	      0.00000000	      7.71619487	     22.71061273	      0.00000000	     -9.00680289	     -3.59930916	    -10.42803241	     -2.81670342	     14.43425451	     -4.98473282	      0.00000000	     15.92233969	     17.79461289	      0.00000000
      4.93333333	     76.40353310	      6.63947218	   -179.49757520	     -0.02164204	     -0.57549071	     -0.61255658	    -18.73774956	      0.41201415	     -2.51830925	    -18.32402038	      5.13925414	     -0.22768814	      0.02534670	     -0.02228475	      0.01015954	      0.00000000	      0.00000000	      0.00000000	     -0.05012339	     -0.01281114	     -0.00066304	      0.00000000	      0.00000000	      0.00000000	     -0.01810408	      0.00057540	      0.00592516	    -61.81526845	   -339.17574535	    -11.76014163	     84.60528302	      0.00000000	      0.00000000	      0.00000000	      0.00000000	   -297.39477022	      0.93105595	     16.51127051	     91.74322976	      0.00000000	      0.00000000	      0.00000000	      0.00000000	     -1.92469438	      6.86034901	    -20.86744502	     -3.04580983	    -14.12746100	     -4.98473282	      0.00000000	      8.66118207	     24.98095987	      0.00000000	     -5.69812241	     -2.86703067	    -12.31247697	     -2.49212504	      9.95902221	     -4.98473282	      0.00000000	     16.85867948	     23.63315100	      0.00000000
      4.96666667	     76.79503001	      6.13994124	   -180.59718047	     -0.01868350	     -0.56628425	     -0.61324188	    -18.27038051	     -0.71623504	     -1.30668352	    -18.50129556	      4.20760887	     -1.20485249	      0.02172114	     -0.02513359	      0.01287303	      0.00000000	      0.00000000	      0.00000000	     -0.04969362	     -0.01945704	      0.00027432	      0.00000000	      0.00000000	      0.00000000	     -0.01810151	      0.00040919	      0.00464337	    -60.69914416	   -337.67496212	    -12.64538577	     83.15794805	      0.00000000	      0.00000000	      0.00000000	      0.00000000	   -297.93627779	      4.60844998	     17.80553786	     89.33474658	      0.00000000	      0.00000000	      0.00000000	      0.00000000	     -0.60790334	      5.95787528	    -19.67798650	     -3.27724916	    -11.79838887	     -4.98473282	      0.00000000	      8.47720442	     23.87737097	      0.00000000	     -4.67437460	     -1.93167413	    -12.92977251	     -1.51477024	      5.51276248	     -4.98473282	      0.00000000	     16.37915307	     23.35281393	      0.00000000
      5.00000000	     77.82048018	      5.77186039	   -181.08184525	     -0.01576089	     -0.55460993	     -0.61251240	    -17.24130845	     -1.34177172	     -0.31231994	    -19.97055769	      3.37889119	     -1.50559152	      0.01535310	     -0.02708090	      0.01599514	      0.00000000	      0.00000000	      0.00000000	     -0.05065323	     -0.02615861	      0.00104054	      0.00000000	      0.00000000	      0.00000000	     -0.01671435	     -0.00410328	      0.00342395	    -61.34393967	   -336.78441901	    -12.56529557	     81.60904043	      0.00000000	      0.00000000	      0.00000000	      0.00000000	   -296.89926565	      7.77855078	     17.83136053	     87.02567715	      0.00000000	      0.00000000	      0.00000000	      0.00000000	      1.56143440	      5.17801631	    -17.83609552	     -3.97331578	     -6.68812024	     -4.98473282	      0.00000000	      7.50291875	     17.69754087	      0.00000000	     -2.37635754	     -1.16426309	    -12.36887493	     -1.24173359	      3.11699528	     -4.98473282	      0.00000000	     16.03289462	     19.27056292	      0.00000000
      5.03333333	    116.50616168	      2.08230378	   -184.42483607	      0.00245843	     -0.51530716	     -0.60848768	     26.83356442	     -2.87389615	      1.36170077	    -27.26753049	      2.89034417	      0.14185256	      0.02357081	     -0.02240118	      0.01997835	      0.00000000	      0.00000000	      0.00000000	     -0.04409388	     -0.02185015	      0.00093337	      0.00000000	      0.00000000	      0.00000000	     -0.00625639	     -0.00372040	      0.00225583	    -60.41723695	   -338.86954420	     -7.89101511	     80.23620701	      0.00000000	      0.00000000	      0.00000000	      0.00000000	   -295.92996845	      7.70956918	     11.40632597	     85.21848390	      0.00000000	      0.00000000	      0.00000000	      0.00000000	     51.81544394	      3.24633945	     -5.75122799	    -16.96706462	    -12.15641488	     -4.98473282	      0.00000000	      5.60005856	     11.95583153	      0.00000000	     47.12904336	      0.96238713	     -1.51949974	    -12.83220502	     -4.42621924	     -4.98473282	      0.00000000	     15.40649607	      8.41382873	      0.00000000
      5.06666667	    114.92338431	      3.10650281	   -183.22205904	      0.00819444	     -0.50474157	     -0.60549996	     24.82875868	     -1.99544668	      0.66091886	    -29.47666364	      1.52421476	      1.55279464	      0.01858649	     -0.01983543	      0.02367518	      0.00000000	      0.00000000	      0.00000000	     -0.04261492	     -0.02270447	     -0.00094533	      0.00000000	      0.00000000	      0.00000000	     -0.01061115	     -0.01010958	      0.00095257	    -62.32507743	   -338.05294667	     -9.27628545	     78.42799294	      0.00000000	      0.00000000	      0.00000000	      0.00000000	   -293.91614278	     11.77703721	      9.97315618	     81.25515589	      0.00000000	      0.00000000	      0.00000000	      0.00000000	     50.18233753	      2.94774978	     -7.34877766	    -16.26130400	     -8.91860099	     -4.98473282	      0.00000000	      5.00068562	      9.16047033	      0.00000000	     46.49298044	      1.48381054	     -0.17425613	    -12.99515630	     -1.85024844	     -4.98473282	      0.00000000	     14.47441761	      2.97853015	      0.00000000
      5.10000000	    112.72686766	      3.67362975	   -182.41075827	      0.01467005	     -0.49506691	     -0.60279946	     22.34088213	     -1.30927843	      0.73564553	    -31.09075380	      1.72322087	      1.48106557	      0.01615402	     -0.01779355	      0.02206591	      0.00000000	      0.00000000	      0.00000000	     -0.04166359	     -0.02378540	     -0.00347045	      0.00000000	      0.00000000	      0.00000000	     -0.01428491	     -0.01628669	     -0.00000148	    -64.15113527	   -336.95593651	    -10.90076043	     75.88522744	      0.00000000	      0.00000000	      0.00000000	      0.00000000	   -291.66850812	     16.50647014	      8.66201578	     76.36237448	      0.00000000	      0.00000000	      0.00000000	      0.00000000	     47.84028449	      2.88744192	     -9.28625311	    -15.51713270	     -6.36425656	     -4.98473282	      0.00000000	      5.23594112	      5.73801826	      0.00000000	     44.73259362	      1.44517248	     -1.05371549	    -12.35806372	      1.60141007	     -4.98473282	      0.00000000	     14.73878225	      2.23243456	      0.00000000
      5.13333333	    111.75880812	      4.11294171	   -181.63454370	      0.02187130	     -0.48429944	     -0.59984776	     21.21313166	     -0.50262810	      0.33698678	    -32.11618661	      2.19653366	      0.61901053	      0.01459029	     -0.01586628	      0.01695146	      0.00000000	      0.00000000	      0.00000000	     -0.04069203	     -0.02434713	     -0.00540432	      0.00000000	      0.00000000	      0.00000000	     -0.01411805	     -0.02061663	     -0.00083853	    -66.10008463	   -335.06461593	    -11.86432828	     72.89503527	      0.00000000	      0.00000000	      0.00000000	      0.00000000	   -289.74458449	     20.11732180	      8.05538172	     72.03878945	      0.00000000	      0.00000000	      0.00000000	      0.00000000	     47.19745028	      2.81666030	    -10.15037466	    -15.25925399	     -6.60454874	     -4.98473282	      0.00000000	      6.17810180	      4.16540034	      0.00000000	     44.56094722	      1.32125831	      0.09529378	    -12.09468218	      3.66393920	     -4.98473282	      0.00000000	     15.50892802	      3.99027451	      0.00000000
      5.16666667	    111.03301448	      4.52490895	   -181.50707648	      0.02858478	     -0.47323416	     -0.59720370	     20.34234174	      0.56605457	      0.54131255	    -31.58777285	      3.15601920	     -1.48199634	      0.01380184	     -0.01745150	      0.00921371	      0.00000000	      0.00000000	      0.00000000	     -0.04077966	     -0.02306869	     -0.00591793	      0.00000000	      0.00000000	      0.00000000	     -0.00646409	     -0.02212111	     -0.00093090	    -67.26344619	   -333.12683417	    -12.92897312	     70.05884309	      0.00000000	      0.00000000	      0.00000000	      0.00000000	   -288.46244915	     22.27642659	      7.97441032	     69.28406164	      0.00000000	      0.00000000	      0.00000000	      0.00000000	     47.05436996	      3.12097555	    -10.43564578	    -14.85651422	     -7.87051330	     -4.98473282	      0.00000000	      7.01219932	      3.77018683	      0.00000000	     44.55707619	      0.80548699	      1.66296749	    -11.76653271	      4.62453988	     -4.98473282	      0.00000000	     16.63660312	      6.50101895	      0.00000000
      5.20000000	    110.74069101	      4.66159519	   -182.02939153	      0.03544424	     -0.46158808	     -0.59481813	     19.96811880	      1.53130023	      1.25000801	    -30.09186652	      4.17058694	     -3.70776360	      0.01309227	     -0.02066365	      0.00094160	      0.00000000	      0.00000000	      0.00000000	     -0.04070790	     -0.02059365	     -0.00486091	      0.00000000	      0.00000000	      0.00000000	      0.00566677	     -0.01984594	     -0.00048115	    -67.69684878	   -331.10654050	    -14.18866220	     67.43138069	      0.00000000	      0.00000000	      0.00000000	      0.00000000	   -288.12183593	     22.87233653	      8.38980487	     68.26738064	      0.00000000	      0.00000000	      0.00000000	      0.00000000	     47.74293847	      3.63558678	     -9.84149471	    -14.50179957	    -10.16421969	     -4.98473282	      0.00000000	      7.64280420	      5.06273483	      0.00000000	     44.94354335	      0.46339932	      3.28721330	    -11.61576103	      3.50139506	     -4.98473282	      0.00000000	     17.14781130	      8.03349215	      0.00000000
      5.23333333	    110.67857118	      4.40883598	   -182.89137149	      0.04292138	     -0.44945397	     -0.59268347	     19.93125658	      2.07089734	      2.50331919	    -28.60508052	      4.58120156	     -4.52365622	      0.01178835	     -0.02361710	     -0.00293134	      0.00000000	      0.00000000	      0.00000000	     -0.03963212	     -0.01709374	     -0.00180257	      0.00000000	      0.00000000	      0.00000000	      0.01706179	     -0.01624787	     -0.00022268	    -67.13710829	   -329.04188742	    -16.07147827	     65.03073115	      0.00000000	      0.00000000	      0.00000000	      0.00000000	   -288.36020827	     23.51661484	      8.93662699	     67.51392807	      0.00000000	      0.00000000	      0.00000000	      0.00000000	     48.94544129	      4.09914457	     -9.18371552	    -14.31921478	    -13.22764652	     -4.98473282	      0.00000000	      8.27876474	      7.99112592	      0.00000000	     45.57562572	      0.64209708	      5.28917389	    -11.75817656	      0.30718117	     -4.98473282	      0.00000000	     16.53034984	      7.64470669	      0.00000000
      5.26666667	    110.38695396	      4.22844821	   -183.72885804	      0.05075480	     -0.43718236	     -0.59122734	     19.79725446	      2.56984126	      3.58757698	    -27.83605722	      4.17329978	     -3.76199258	      0.01049081	     -0.02460685	     -0.00332031	      0.00000000	      0.00000000	      0.00000000	     -0.03608100	     -0.01330266	      0.00243065	      0.00000000	      0.00000000	      0.00000000	      0.02333710	     -0.01655444	     -0.00107364	    -65.96174737	   -326.35875373	    -18.16460563	     62.31012548	      0.00000000	      0.00000000	      0.00000000	      0.00000000	   -288.03229999	     25.30486748	      9.42274847	     65.28300690	      0.00000000	      0.00000000	      0.00000000	      0.00000000	     49.70482907	      4.55383536	     -9.86602448	    -13.99398829	    -14.58718116	     -4.98473282	      0.00000000	      7.85965818	      9.86906078	      0.00000000	     46.05994524	      0.82846378	      6.13248049	    -11.90417954	     -2.50937167	     -4.98473282	      0.00000000	     15.66833863	      5.73602641	      0.00000000
      5.30000000	    109.66166835	      4.32635381	   -184.31491121	      0.05906898	     -0.42409771	     -0.59050241	     19.09801558	      3.17333538	      4.11944595	    -27.25836791	      3.22288436	     -2.26525293	      0.00957445	     -0.02416225	     -0.00280301	      0.00000000	      0.00000000	      0.00000000	     -0.03125662	     -0.01166848	      0.00616310	      0.00000000	      0.00000000	      0.00000000	      0.02573309	     -0.01921865	     -0.00262063	    -65.65999838	   -322.90508065	    -20.14701424	     58.97231698	      0.00000000	      0.00000000	      0.00000000	      0.00000000	   -286.55781120	     27.99159846	      9.51586126	     61.56672123	      0.00000000	      0.00000000	      0.00000000	      0.00000000	     49.82718576	      4.85756827	    -11.87228279	    -13.69963904	    -14.89690267	     -4.98473282	      0.00000000	      7.55150385	     12.19755931	      0.00000000	     46.29919576	      0.90362710	      8.17497217	    -12.17479900	     -4.58478482	     -4.98473282	      0.00000000	     15.32120818	      2.76787464	      0.00000000
      5.33333333	    108.91421159	      4.46205336	   -184.67823277	      0.06787331	     -0.41044270	     -0.59114428	     18.32359638	      3.53714220	      4.02656941	    -26.67473590	      2.51171799	     -0.90216255	      0.00972376	     -0.02255825	     -0.00403702	      0.00000000	      0.00000000	      0.00000000	     -0.02513399	     -0.01276701	      0.00779873	      0.00000000	      0.00000000	      0.00000000	      0.02612117	     -0.02167824	     -0.00408896	    -66.49056502	   -319.12553375	    -21.63846410	     55.17797203	      0.00000000	      0.00000000	      0.00000000	      0.00000000	   -283.88533638	     31.21064939	      9.72541245	     56.31012497	      0.00000000	      0.00000000	      0.00000000	      0.00000000	     49.88340126	      5.05314768	    -13.49071193	    -13.66402467	    -14.36323431	     -4.98473282	      0.00000000	      8.13850206	     13.83015090	      0.00000000	     46.48720381	      0.73157053	      9.42619596	    -12.07478003	     -4.83524893	     -4.98473282	      0.00000000	     15.88187927	      0.76051461	      0.00000000
      5.36666667	    107.87649713	      4.50476987	   -184.76427087	      0.07697229	     -0.39691640	     -0.59221367	     17.22336386	      3.64400581	      3.60615154	    -25.76649183	      1.96354326	     -0.08622654	      0.01134290	     -0.02122223	     -0.00705994	      0.00000000	      0.00000000	      0.00000000	     -0.01739347	     -0.01635426	      0.00425152	      0.00000000	      0.00000000	      0.00000000	      0.02865364	     -0.02161213	     -0.00419681	    -68.70122228	   -316.11670705	    -23.27821018	     51.63032784	      0.00000000	      0.00000000	      0.00000000	      0.00000000	   -280.91750261	     34.33519159	     10.31965977	     50.40966820	      0.00000000	      0.00000000	      0.00000000	      0.00000000	     49.54084369	      4.87519212	    -15.23662406	    -13.75350800	    -11.90491720	     -4.98473282	      0.00000000	      9.70532443	     15.61597459	      0.00000000	     46.37442649	      0.68929768	     11.03396121	    -12.25272893	     -3.93029994	     -4.98473282	      0.00000000	     16.78203998	     -0.99695558	      0.00000000
      5.40000000	    106.70071322	      4.29911945	   -184.54444405	      0.08605247	     -0.38397731	     -0.59366580	     15.89700961	      3.15266062	      2.98420557	    -24.41466860	      1.92363793	     -0.45238997	      0.01301153	     -0.02043769	     -0.01070611	      0.00000000	      0.00000000	      0.00000000	     -0.01024591	     -0.02064859	     -0.00166667	      0.00000000	      0.00000000	      0.00000000	      0.03102874	     -0.01847845	     -0.00242563	    -71.20955362	   -313.66982519	    -25.52973541	     48.28062643	      0.00000000	      0.00000000	      0.00000000	      0.00000000	   -278.11642927	     37.74742721	     11.98398183	     43.64175395	      0.00000000	      0.00000000	      0.00000000	      0.00000000	     49.10365865	      4.36399370	    -16.76258759	    -13.99800068	     -7.85479155	     -4.98473282	      0.00000000	     11.38263857	     15.92066366	      0.00000000	     46.16181399	      1.02424116	     12.38910200	    -12.81473714	     -2.99478438	     -4.98473282	      0.00000000	     17.51666329	     -2.31397477	      0.00000000
      5.43333333	    105.30914105	      4.17632941	   -184.14617800	      0.09478153	     -0.37190519	     -0.59435287	     14.16654919	      2.70517515	      2.44148542	    -22.97328091	      2.14932221	     -1.72394023	      0.01318989	     -0.02022829	     -0.01419988	      0.00000000	      0.00000000	      0.00000000	     -0.00607173	     -0.02243059	     -0.00736761	      0.00000000	      0.00000000	      0.00000000	      0.03128520	     -0.01882680	      0.00042443	    -73.31866901	   -311.27103791	    -28.57460433	     44.65323243	      0.00000000	      0.00000000	      0.00000000	      0.00000000	   -274.59934373	     42.01126453	     14.89035783	     35.03035837	      0.00000000	      0.00000000	      0.00000000	      0.00000000	     48.41117751	      3.83771780	    -18.05628778	    -14.22765477	     -2.57179199	     -4.98473282	      0.00000000	     11.75908836	     13.42340027	      0.00000000	     45.77426662	      1.56859085	     13.54708707	    -13.69995387	     -2.87877723	     -4.98473282	      0.00000000	     18.36902034	     -3.62966634	      0.00000000
      5.46666667	    104.31051419	      4.10548900	   -183.89860200	      0.10267987	     -0.36109900	     -0.59405291	     12.80701578	      2.45359520	      2.29581121	    -21.74735312	      1.92189086	     -2.53811889	      0.01212072	     -0.02049984	     -0.01416528	      0.00000000	      0.00000000	      0.00000000	     -0.00597887	     -0.02014893	     -0.00987331	      0.00000000	      0.00000000	      0.00000000	      0.02853797	     -0.02109335	      0.00129086	    -74.16878095	   -308.12352820	    -32.52675194	     40.34100504	      0.00000000	      0.00000000	      0.00000000	      0.00000000	   -271.37852727	     47.46524212	     20.21248188	     25.04218096	      0.00000000	      0.00000000	      0.00000000	      0.00000000	     47.97166880	      3.62144497	    -18.21966052	    -13.97509639	      0.61870351	     -4.98473282	      0.00000000	     11.05380269	     10.26574421	      0.00000000	     45.70460498	      1.98619276	     14.03557350	    -14.36294697	     -3.02676042	     -4.98473282	      0.00000000	     19.00736604	     -4.28332569	      0.00000000
      5.50000000	    103.37079162	      4.30567715	   -183.76068014	      0.10952081	     -0.35184196	     -0.59355184	     11.50568052	      2.34246900	      2.25838729	    -21.15912060	      1.16609832	     -2.66928924	      0.00938975	     -0.02028652	     -0.00877895	      0.00000000	      0.00000000	      0.00000000	     -0.00773478	     -0.01866829	     -0.00966652	      0.00000000	      0.00000000	      0.00000000	      0.02402433	     -0.02485579	      0.00040006	    -75.40318358	   -304.38699422	    -37.42235998	     34.97788224	      0.00000000	      0.00000000	      0.00000000	      0.00000000	   -267.19140507	     53.10736762	     28.43579401	     15.25180352	      0.00000000	      0.00000000	      0.00000000	      0.00000000	     47.45891007	      3.76405390	    -18.54739845	    -13.48459931	      1.34602234	     -4.98473282	      0.00000000	     10.06858115	      7.93632096	      0.00000000	     45.49797700	      2.03573361	     13.83528681	    -14.51837188	     -2.65782611	     -4.98473282	      0.00000000	     19.58986060	     -4.91118435	      0.00000000
      5.53333333	    101.97789217	      4.62949368	   -183.27581818	      0.11455230	     -0.34472465	     -0.59284916	      9.78490203	      2.22354852	      2.01822353	    -20.79375108	      0.17176545	     -1.73163100	      0.00635850	     -0.02072030	     -0.00032638	      0.00000000	      0.00000000	      0.00000000	     -0.00845594	     -0.02273016	     -0.01408348	      0.00000000	      0.00000000	      0.00000000	      0.02011726	     -0.02832613	     -0.00347066	    -79.90267262	   -301.80620967	    -42.98563060	     28.88406008	      0.00000000	      0.00000000	      0.00000000	      0.00000000	   -263.43618170	     57.53809230	     39.56059100	      9.50369683	      0.00000000	      0.00000000	      0.00000000	      0.00000000	     45.97307647	      3.81234449	    -19.35949758	    -12.36839915	      0.41601465	     -4.98473282	      0.00000000	      9.95617344	      7.97894697	      0.00000000	     44.45181299	      2.08433517	     13.25365221	    -14.02753290	     -1.08394220	     -4.98473282	      0.00000000	     19.49651734	     -5.76304742	      0.00000000
      5.56666667	     99.95245613	      5.03726370	   -182.29353455	      0.11763220	     -0.33973206	     -0.59242367	      7.45686226	      2.04686171	      1.09719913	    -20.64526634	     -0.89292381	     -0.04738304	      0.00325791	     -0.02135561	      0.00873300	      0.00000000	      0.00000000	      0.00000000	     -0.00623098	     -0.02998845	     -0.02130023	      0.00000000	      0.00000000	      0.00000000	      0.01795936	     -0.02686169	     -0.00629710	    -85.90006706	   -300.47079956	    -47.78208975	     23.31983029	      0.00000000	      0.00000000	      0.00000000	      0.00000000	   -265.14475160	     58.74845155	     47.65603034	     12.27057782	      0.00000000	      0.00000000	      0.00000000	      0.00000000	     43.41375491	      3.59805624	    -21.98776910	    -10.65856561	     -3.06388531	     -4.98473282	      0.00000000	     11.26641829	     13.35691315	      0.00000000	     42.55005458	      2.22116172	     12.89403332	    -13.52367631	      1.82866057	     -4.98473282	      0.00000000	     18.84826281	     -6.95313420	      0.00000000
      5.60000000	     99.11563079	      5.28708776	   -180.99311217	      0.11983102	     -0.33659237	     -0.59325974	      6.83872068	      1.51002966	     -0.49590995	    -21.23949023	     -0.52263441	      2.00770677	      0.00201339	     -0.02130835	      0.01448039	      0.00000000	      0.00000000	      0.00000000	      0.00063579	     -0.03096958	     -0.02767816	      0.00000000	      0.00000000	      0.00000000	      0.01836474	     -0.02782375	     -0.00614169	    -86.10146114	   -300.15642372	    -49.79300678	     21.64354585	      0.00000000	      0.00000000	      0.00000000	      0.00000000	   -267.19535965	     57.32596203	     43.99905403	     16.39913994	      0.00000000	      0.00000000	      0.00000000	      0.00000000	     42.00412945	      3.21854256	    -24.55241255	     -8.99699046	     -6.25043291	     -4.98473282	      0.00000000	     12.86345657	     18.11097686	      0.00000000	     42.08769299	      2.62615197	     12.92938217	    -13.65519973	      4.16523264	     -4.98473282	      0.00000000	     18.57671156	     -7.20110823	      0.00000000
      5.63333333	     99.06620727	      5.43926545	   -180.19432332	      0.12135105	     -0.33470701	     -0.59415913	      7.08955206	      1.09904400	     -1.28199520	    -20.94484628	     -0.62223830	      3.22809663	      0.00248965	     -0.02293380	      0.01873632	      0.00000000	      0.00000000	      0.00000000	      0.00603574	     -0.03217679	     -0.02904473	      0.00000000	      0.00000000	      0.00000000	      0.01963903	     -0.03014899	     -0.00605641	    -84.77610522	   -299.97871909	    -51.39524913	     21.47591156	      0.00000000	      0.00000000	      0.00000000	      0.00000000	   -268.25636759	     55.87253525	     39.01126499	     19.59620655	      0.00000000	      0.00000000	      0.00000000	      0.00000000	     41.72443037	      2.92615414	    -26.03916204	     -8.14082100	     -8.15138069	     -4.98473282	      0.00000000	     13.70669033	     21.61847876	      0.00000000	     42.12835445	      2.80517514	     13.08618340	    -13.44680843	      5.91210620	     -4.98473282	      0.00000000	     18.87083249	     -7.61818917	      0.00000000
      5.66666667	     99.12527451	      5.51396573	   -180.09637785	      0.12232857	     -0.33442784	     -0.59475437	      7.45232441	      0.88624185	     -1.24182576	    -20.82758967	     -0.56989167	      3.41217018	      0.00238274	     -0.02388785	      0.01931335	      0.00000000	      0.00000000	      0.00000000	      0.00960256	     -0.03394771	     -0.02771988	      0.00000000	      0.00000000	      0.00000000	      0.02005533	     -0.03388763	     -0.00630868	    -84.16528185	   -299.89887364	    -51.34365617	     20.65297765	      0.00000000	      0.00000000	      0.00000000	      0.00000000	   -268.04546462	     55.88653144	     38.74256938	     20.27054773	      0.00000000	      0.00000000	      0.00000000	      0.00000000	     41.72534716	      2.99867382	    -25.96577851	     -7.82094090	     -8.11578754	     -4.98473282	      0.00000000	     14.11297554	     21.80249902	      0.00000000	     42.08648946	      2.77014153	     13.11890897	    -13.22868660	      6.12882314	     -4.98473282	      0.00000000	     19.83215071	     -7.88106506	      0.00000000
      5.70000000	     99.54077810	      5.25877023	   -180.57728900	      0.12302666	     -0.33557686	     -0.59403422	      8.39702074	      0.61815549	     -0.93939526	    -20.58037805	     -0.24989206	      4.49973410	      0.00475452	     -0.02532292	      0.01879193	      0.00000000	      0.00000000	      0.00000000	      0.01156640	     -0.03920265	     -0.02484850	      0.00000000	      0.00000000	      0.00000000	      0.02176216	     -0.03395864	     -0.00335491	    -85.87784033	   -299.18770597	    -50.47396086	     18.21124415	      0.00000000	      0.00000000	      0.00000000	      0.00000000	   -269.05276440	     55.16316742	     37.25182867	     20.98273716	      0.00000000	      0.00000000	      0.00000000	      0.00000000	     42.35210752	      2.92895242	    -25.02569983	     -8.28305266	     -7.20038039	     -4.98473282	      0.00000000	     14.96400469	     21.71982978	      0.00000000	     42.20209127	      2.60881276	     11.13571080	    -12.84462984	      7.33510606	     -4.98473282	      0.00000000	     20.80056378	     -7.99984066	      0.00000000
      5.73333333	     99.55495571	      4.53823089	   -181.26570167	      0.12343938	     -0.33635256	     -0.59214742	      8.51853704	      0.00114261	      0.02587608	    -20.18603280	     -0.50442749	      4.08840561	      0.00458016	     -0.02605082	      0.01841242	      0.00000000	      0.00000000	      0.00000000	      0.00858388	     -0.04507367	     -0.02397604	      0.00000000	      0.00000000	      0.00000000	      0.02103096	     -0.03611952	     -0.00341622	    -90.28831927	   -299.09705693	    -49.59718256	     14.92515561	      0.00000000	      0.00000000	      0.00000000	      0.00000000	   -267.78769725	     55.94272752	     37.83070737	     19.54840952	      0.00000000	      0.00000000	      0.00000000	      0.00000000	     42.74263573	      2.59922132	    -23.07366413	     -9.06763873	     -6.18041835	     -4.98473282	      0.00000000	     15.82638727	     21.13081986	      0.00000000	     41.88758579	      2.88118487	     10.16632248	    -12.52842131	      7.32879544	     -4.98473282	      0.00000000	     20.75554652	     -8.99205628	      0.00000000
      5.76666667	     98.63708698	      4.07644768	   -181.43222394	      0.12310233	     -0.33704560	     -0.58954637	      7.36800944	     -0.37218299	      0.21080308	    -19.53699212	     -0.25704083	      4.29638441	      0.00365448	     -0.02701724	      0.01732572	      0.00000000	      0.00000000	      0.00000000	      0.00598919	     -0.04704078	     -0.02467916	      0.00000000	      0.00000000	      0.00000000	      0.01886819	     -0.03984288	     -0.00341780	    -93.26385714	   -298.96855108	    -49.71104496	     13.37101967	      0.00000000	      0.00000000	      0.00000000	      0.00000000	   -265.15083577	     55.85468266	     36.21378534	     17.76592871	      0.00000000	      0.00000000	      0.00000000	      0.00000000	     41.91418876	      2.22951114	    -21.23191669	     -9.36251870	     -6.78729010	     -4.98473282	      0.00000000	     16.48872852	     21.66728823	      0.00000000	     40.72386666	      3.20125163	      9.63324822	    -12.36466665	      7.81483299	     -4.98473282	      0.00000000	     20.57984144	    -10.18398796	      0.00000000
      5.80000000	     97.00087179	      3.79007577	   -181.42033442	      0.12235779	     -0.33786833	     -0.58715561	      5.25563603	     -0.63071613	      0.34727838	    -18.90738854	     -0.62182771	      4.40212320	      0.00180661	     -0.02741356	      0.01822667	      0.00000000	      0.00000000	      0.00000000	      0.00537567	     -0.03941883	     -0.02821222	      0.00000000	      0.00000000	      0.00000000	      0.01573212	     -0.04360561	     -0.00424697	    -90.20002503	   -299.95565339	    -50.52077203	     16.91601939	      0.00000000	      0.00000000	      0.00000000	      0.00000000	   -262.24065022	     56.09895544	     34.87827732	     15.90873753	      0.00000000	      0.00000000	      0.00000000	      0.00000000	     40.27758745	      1.89091690	    -19.61168728	     -9.52591241	     -9.58816711	     -4.98473282	      0.00000000	     17.02001314	     24.29037999	      0.00000000	     38.75924843	      3.36047003	      9.15474597	    -12.09829847	      8.61098755	     -4.98473282	      0.00000000	     20.88594557	    -10.85866811	      0.00000000
      5.83333333	     96.15094647	      4.06351386	   -181.24711796	      0.12174403	     -0.33868396	     -0.58525034	      4.11488984	     -0.17490206	      0.23093243	    -18.88885660	     -0.49446535	      4.65706770	     -0.00031350	     -0.02652444	      0.01701000	      0.00000000	      0.00000000	      0.00000000	      0.00694011	     -0.02796879	     -0.03149408	      0.00000000	      0.00000000	      0.00000000	      0.01314357	     -0.04554355	     -0.00527248	    -84.71648775	   -300.97909145	    -50.40772607	     21.57018595	      0.00000000	      0.00000000	      0.00000000	      0.00000000	   -261.33677280	     56.40532097	     35.07052427	     15.12038056	      0.00000000	      0.00000000	      0.00000000	      0.00000000	     39.40250927	      1.97840245	    -18.27790396	     -9.72996501	    -11.96579895	     -4.98473282	      0.00000000	     16.59845042	     24.98095987	      0.00000000	     37.78529811	      3.11461701	      8.36697103	    -12.02794058	      9.23649513	     -4.98473282	      0.00000000	     21.72180617	     -9.83322802	      0.00000000
      5.86666667	     96.04423195	      4.34580100	   -181.29578044	      0.12138130	     -0.33944013	     -0.58396592	      3.93608432	      0.30270496	      0.38781246	    -18.98722354	     -0.96197686	      4.82690438	     -0.00155413	     -0.02552416	      0.01746200	      0.00000000	      0.00000000	      0.00000000	      0.00877489	     -0.01595708	     -0.03336833	      0.00000000	      0.00000000	      0.00000000	      0.01207380	     -0.04765104	     -0.00646234	    -79.58374999	   -302.15783172	    -48.72485134	     25.30585038	      0.00000000	      0.00000000	      0.00000000	      0.00000000	   -261.01079270	     56.70300776	     35.32814654	     15.00164415	      0.00000000	      0.00000000	      0.00000000	      0.00000000	     39.40751993	      2.17076065	    -17.11001837	    -10.09591284	    -13.19365946	     -4.98473282	      0.00000000	     15.95703487	     24.98095987	      0.00000000	     37.66128994	      2.82177555	      7.62954309	    -12.08631456	      9.40656163	     -4.98473282	      0.00000000	     22.26184487	     -8.13324636	      0.00000000
      5.90000000	     97.48719562	      4.46474779	   -181.39462181	      0.12115523	     -0.34038680	     -0.58321724	      5.86376946	      0.57497552	      0.34945051	    -19.67263847	     -1.20874410	      4.98421480	     -0.00096487	     -0.02417214	      0.01732206	      0.00000000	      0.00000000	      0.00000000	      0.01042118	     -0.00711029	     -0.03462882	      0.00000000	      0.00000000	      0.00000000	      0.01285307	     -0.04865612	     -0.00670370	    -76.11667061	   -302.83361265	    -46.80212332	     26.50357853	      0.00000000	      0.00000000	      0.00000000	      0.00000000	   -262.40188826	     56.42460866	     33.80300573	     15.89028271	      0.00000000	      0.00000000	      0.00000000	      0.00000000	     41.13587195	      2.19325268	    -16.28439720	    -10.52577930	    -13.50951366	     -4.98473282	      0.00000000	     15.45630944	     24.98095987	      0.00000000	     39.21636460	      2.78072346	      6.99658959	    -12.13930907	      9.09012048	     -4.98473282	      0.00000000	     22.10240824	     -5.96318452	      0.00000000
      5.93333333	    100.59880365	      4.41256363	   -181.50563116	      0.12156856	     -0.34092677	     -0.58256199	      9.78096959	      0.78841029	      0.27734450	    -20.35676158	     -1.78185964	      4.97213981	      0.00031501	     -0.02263086	      0.01642346	      0.00000000	      0.00000000	      0.00000000	      0.00924918	     -0.00738598	     -0.03712698	      0.00000000	      0.00000000	      0.00000000	      0.01501054	     -0.04872887	     -0.00674954	    -77.38429653	   -302.91605791	    -45.25738009	     23.96009307	      0.00000000	      0.00000000	      0.00000000	      0.00000000	   -265.14589972	     55.59770032	     31.58611653	     18.28994925	      0.00000000	      0.00000000	      0.00000000	      0.00000000	     44.75813986	      1.95359415	    -16.04353472	    -11.15942679	    -12.21053942	     -4.98473282	      0.00000000	     15.43181913	     24.98095987	      0.00000000	     42.94120280	      3.16307851	      8.10791173	    -13.10476293	      8.23635807	     -4.98473282	      0.00000000	     21.47632679	     -5.10712513	      0.00000000
      5.96666667	    102.63802182	      4.30317283	   -181.48428271	      0.12089032	     -0.34260904	     -0.58264009	     12.60327891	      0.74687796	      0.08751007	    -20.99670125	     -2.36700543	      4.48708486	      0.00208911	     -0.02166973	      0.01545071	      0.00000000	      0.00000000	      0.00000000	      0.00972031	     -0.01004372	     -0.03965196	      0.00000000	      0.00000000	      0.00000000	      0.01698425	     -0.04722256	     -0.00643422	    -78.47927700	   -303.30311267	    -42.41050492	     22.10932737	      0.00000000	      0.00000000	      0.00000000	      0.00000000	   -267.66183347	     55.13468697	     30.48504474	     19.94594500	      0.00000000	      0.00000000	      0.00000000	      0.00000000	     46.81302860	      1.80235986	    -16.51499337	    -10.97993346	    -11.19551317	     -4.98473282	      0.00000000	     15.82972390	     24.98095987	      0.00000000	     45.29599499	      3.56945150	      9.48598796	    -13.83763485	      7.72171853	     -4.98473282	      0.00000000	     20.83640206	     -4.68449167	      0.00000000
      6.00000000	    103.23796650	      3.91547476	   -181.47167171	      0.11940842	     -0.34547402	     -0.58288662	     13.75345807	      0.35381421	      0.14679785	    -21.09649916	     -2.61428029	      3.73306924	      0.00424090	     -0.02172632	      0.01324145	      0.00000000	      0.00000000	      0.00000000	      0.00977223	     -0.01594820	     -0.04082615	      0.00000000	      0.00000000	      0.00000000	      0.01889456	     -0.04465638	     -0.00500489	    -79.64070352	   -303.72173240	    -39.71876540	     20.98275056	      0.00000000	      0.00000000	      0.00000000	      0.00000000	   -268.98008167	     55.16740828	     29.98886570	     20.00290640	      0.00000000	      0.00000000	      0.00000000	      0.00000000	     47.25601701	      1.51297367	    -17.10419263	    -10.88228210	    -10.72909116	     -4.98473282	      0.00000000	     16.45221438	     24.98095987	      0.00000000	     45.81587487	      4.10403424	     10.82383216	    -14.21805806	      6.93259565	     -4.98473282	      0.00000000	     20.85738797	     -4.67537850	      0.00000000
      6.03333333	    103.13060079	      3.37200925	   -181.73817988	      0.11728670	     -0.34903384	     -0.58321347	     13.99471152	     -0.13877293	      0.67844181	    -20.81469525	     -2.48559330	      2.79230163	      0.00690792	     -0.02256172	      0.00997652	      0.00000000	      0.00000000	      0.00000000	      0.00876875	     -0.02248908	     -0.03939598	      0.00000000	      0.00000000	      0.00000000	      0.02070012	     -0.04154763	     -0.00350535	    -80.12205505	   -304.18810402	    -37.49216546	     21.05119138	      0.00000000	      0.00000000	      0.00000000	      0.00000000	   -269.86774446	     55.37547607	     29.57448962	     19.62883108	      0.00000000	      0.00000000	      0.00000000	      0.00000000	     46.87367684	      1.28436200	    -17.53707089	    -10.84597467	    -10.99782421	     -4.98473282	      0.00000000	     16.45162201	     24.98095987	      0.00000000	     45.48566232	      4.50387858	     12.11044826	    -14.69638998	      5.78268465	     -4.98473282	      0.00000000	     21.32939863	     -5.11632163	      0.00000000
      6.06666667	    102.70428140	      2.86843118	   -182.09628924	      0.11440539	     -0.35270088	     -0.58341872	     13.67487169	     -0.49162187	      1.37302735	    -20.27835714	     -1.60167654	      1.21785201	      0.00946399	     -0.02356407	      0.00353308	      0.00000000	      0.00000000	      0.00000000	      0.00799135	     -0.02554923	     -0.03857504	      0.00000000	      0.00000000	      0.00000000	      0.02362454	     -0.03866777	     -0.00100261	    -79.31746778	   -305.33750849	    -35.75237203	     23.01593924	      0.00000000	      0.00000000	      0.00000000	      0.00000000	   -271.68739146	     54.45007011	     28.59933632	     21.22337872	      0.00000000	      0.00000000	      0.00000000	      0.00000000	     46.27569520	      1.04062364	    -17.82028275	    -11.18296758	    -12.10585962	     -4.98473282	      0.00000000	     15.73866878	     24.98095987	      0.00000000	     44.89133711	      4.91694105	     13.68819995	    -15.34448879	      3.43048090	     -4.98473282	      0.00000000	     21.31563240	     -6.06336301	      0.00000000
      6.10000000	    102.39438804	      2.22169471	   -182.96332678	      0.11044172	     -0.35691887	     -0.58425330	     13.38537292	     -0.99867107	      2.72305883	    -19.09615860	     -0.43015463	     -0.20634341	      0.01332854	     -0.02579164	     -0.00217312	      0.00000000	      0.00000000	      0.00000000	      0.00618325	     -0.02430135	     -0.03417496	      0.00000000	      0.00000000	      0.00000000	      0.02820821	     -0.03404656	      0.00109317	    -75.94198130	   -306.32054350	    -36.13043591	     26.71437666	      0.00000000	      0.00000000	      0.00000000	      0.00000000	   -276.02478685	     51.95031263	     26.81079275	     26.98887833	      0.00000000	      0.00000000	      0.00000000	      0.00000000	     45.87799483	      1.15727847	    -17.20781835	    -11.64652541	    -12.66014543	     -4.98473282	      0.00000000	     14.38149299	     23.43429362	      0.00000000	     44.25445158	      5.00439829	     14.20102802	    -15.61781685	      1.02184722	     -4.98473282	      0.00000000	     20.54544454	     -7.61588191	      0.00000000
      6.13333333	    102.76557688	      1.36389898	   -183.85650202	      0.10520955	     -0.36207764	     -0.58556403	     13.89443477	     -1.83423214	      3.96135944	    -18.12393717	      0.55648799	     -0.93529607	      0.01632265	     -0.02754753	     -0.00507793	      0.00000000	      0.00000000	      0.00000000	      0.00195426	     -0.02517189	     -0.02719589	      0.00000000	      0.00000000	      0.00000000	      0.03164905	     -0.02970085	      0.00148184	    -73.08476985	   -306.71500783	    -36.02776850	     29.38001269	      0.00000000	      0.00000000	      0.00000000	      0.00000000	   -281.16908687	     48.89097200	     25.36445381	     34.00654956	      0.00000000	      0.00000000	      0.00000000	      0.00000000	     46.05458558	      1.22550345	    -16.78245616	    -11.81670625	    -12.07655990	     -4.98473282	      0.00000000	     12.98536185	     21.98750785	      0.00000000	     44.19107663	      5.13434222	     12.65960344	    -15.36334851	     -0.33514593	     -4.98473282	      0.00000000	     18.69522968	     -9.49819372	      0.00000000
      6.16666667	    103.35309818	      0.34220890	   -184.75572484	      0.09925598	     -0.36902010	     -0.58620906	     14.71257692	     -2.68520789	      5.19984927	    -16.68920338	      1.16205573	     -0.97059627	      0.01959510	     -0.02999771	     -0.00704033	      0.00000000	      0.00000000	      0.00000000	     -0.00612864	     -0.02985322	     -0.02008631	      0.00000000	      0.00000000	      0.00000000	      0.03273975	     -0.02997661	      0.00076315	    -72.22584770	   -306.65865385	    -35.07429943	     30.22672278	      0.00000000	      0.00000000	      0.00000000	      0.00000000	   -284.19921784	     46.66041465	     24.09638908	     38.55400196	      0.00000000	      0.00000000	      0.00000000	      0.00000000	     46.38668927	      1.10813480	    -16.56587162	    -11.95734539	    -10.33634557	     -4.98473282	      0.00000000	     12.35810467	     22.31396350	      0.00000000	     44.12920649	      5.39244792	     10.34296399	    -14.73014087	     -0.93065480	     -4.98473282	      0.00000000	     16.53563606	    -11.07568888	      0.00000000
      6.20000000	    104.17277928	     -0.32550354	   -185.23679393	      0.09233207	     -0.37788206	     -0.58687967	     15.86343141	     -3.28744681	      5.75104107	    -15.88012376	      1.05835542	     -0.53336122	      0.02131055	     -0.03128093	     -0.00642701	      0.00000000	      0.00000000	      0.00000000	     -0.01378199	     -0.03533452	     -0.01395499	      0.00000000	      0.00000000	      0.00000000	      0.03101721	     -0.03174552	     -0.00002524	    -71.14131053	   -307.20510018	    -32.78037104	     31.75446945	      0.00000000	      0.00000000	      0.00000000	      0.00000000	   -286.47820115	     45.91520421	     24.39757521	     40.66137365	      0.00000000	      0.00000000	      0.00000000	      0.00000000	     46.74506754	      0.95557097	    -16.28098482	    -12.08014481	     -7.97373072	     -4.98473282	      0.00000000	     11.91894458	     23.03039249	      0.00000000	     44.02707100	      5.43082880	      7.68815277	    -13.76327372	     -0.28443309	     -4.98473282	      0.00000000	     14.89708143	    -11.19381954	      0.00000000
      6.23333333	    104.96574271	     -0.25912925	   -185.53901162	      0.08439322	     -0.38877114	     -0.58707587	     16.94695816	     -2.97189264	      5.79275195	    -15.75070009	      0.29382141	      0.17195672	      0.02182633	     -0.03144498	     -0.00579990	      0.00000000	      0.00000000	      0.00000000	     -0.01618011	     -0.03657720	     -0.01158862	      0.00000000	      0.00000000	      0.00000000	      0.02779657	     -0.03564702	     -0.00017452	    -68.57380938	   -309.62750405	    -29.39217918	     36.43207796	      0.00000000	      0.00000000	      0.00000000	      0.00000000	   -287.81512119	     45.73323133	     24.74379087	     41.42845084	      0.00000000	      0.00000000	      0.00000000	      0.00000000	     46.84894183	      1.12845160	    -15.24077479	    -12.36460825	     -5.79862173	     -4.98473282	      0.00000000	     11.80784601	     22.81960387	      0.00000000	     43.68218883	      4.82708030	      5.72142315	    -12.80892459	      0.45139633	     -4.98473282	      0.00000000	     14.48495911	     -9.08379023	      0.00000000
      6.26666667	    105.61349955	      0.31005235	   -185.95825032	      0.07534831	     -0.40117363	     -0.58715449	     17.83819027	     -2.01316310	      5.65585575	    -16.24914655	     -0.64838371	      0.85728856	      0.02181655	     -0.03037756	     -0.00588369	      0.00000000	      0.00000000	      0.00000000	     -0.01174693	     -0.03255839	     -0.01164694	      0.00000000	      0.00000000	      0.00000000	      0.02366963	     -0.03805187	      0.00125198	    -64.95680645	   -313.66417858	    -25.88900228	     43.59768990	      0.00000000	      0.00000000	      0.00000000	      0.00000000	   -288.87744932	     44.80526897	     23.81765066	     42.50859072	      0.00000000	      0.00000000	      0.00000000	      0.00000000	     46.82562928	      1.73171297	    -13.02343620	    -13.11731048	     -5.09290611	     -4.98473282	      0.00000000	     12.17748925	     21.07513339	      0.00000000	     43.09891639	      3.66093560	      4.47098215	    -11.94097634	      0.07088295	     -4.98473282	      0.00000000	     14.40696535	     -5.47211472	      0.00000000
      6.30000000	    106.11658750	      0.94345875	   -186.33194714	      0.06545585	     -0.41476693	     -0.58744760	     18.61903597	     -1.05255745	      5.38121773	    -17.12755416	     -1.50269033	      1.19428225	      0.02265383	     -0.02809923	     -0.00626390	      0.00000000	      0.00000000	      0.00000000	     -0.00507444	     -0.02549483	     -0.01191467	      0.00000000	      0.00000000	      0.00000000	      0.01795666	     -0.03705291	      0.00504496	    -61.93606128	   -317.91933440	    -22.38883901	     49.99126136	      0.00000000	      0.00000000	      0.00000000	      0.00000000	   -290.06720252	     42.53402401	     21.57793907	     44.39802106	      0.00000000	      0.00000000	      0.00000000	      0.00000000	     46.87862464	      2.51813775	     -9.88321688	    -14.38722496	     -6.71384450	     -4.98473282	      0.00000000	     12.79301957	     18.24230506	      0.00000000	     42.38570043	      2.53579106	      3.23985640	    -11.19797072	     -1.12759674	     -4.98473282	      0.00000000	     13.76634645	     -2.30351755	      0.00000000
      6.33333333	    106.98947189	      1.00192739	   -186.67140807	      0.05479617	     -0.42909970	     -0.58836448	     20.00045118	     -0.88120948	      5.49808147	    -17.86361815	     -1.93573744	      1.27570802	      0.02600581	     -0.02570945	     -0.00573874	      0.00000000	      0.00000000	      0.00000000	     -0.00334985	     -0.01746693	     -0.00913123	      0.00000000	      0.00000000	      0.00000000	      0.01249432	     -0.03185288	      0.00892402	    -59.30623482	   -321.31312350	    -18.69616489	     53.79797372	      0.00000000	      0.00000000	      0.00000000	      0.00000000	   -292.45508852	     39.24957253	     18.82631357	     47.83801565	      0.00000000	      0.00000000	      0.00000000	      0.00000000	     47.68409436	      3.27152658	     -5.36614004	    -15.96195793	     -9.88799033	     -4.98473282	      0.00000000	     12.73473507	     15.00240293	      0.00000000	     42.14286333	      1.95924780	      1.13372065	    -10.59403869	     -2.48792287	     -4.98473282	      0.00000000	     12.69035866	      0.26618168	      0.00000000
      6.36666667	    107.48490149	      1.22620536	   -186.18527794	      0.04388488	     -0.44330841	     -0.58975574	     20.72245074	     -1.00251569	      5.12613504	    -18.58996350	     -2.35326079	      0.92786255	      0.02853790	     -0.02296559	     -0.00395585	      0.00000000	      0.00000000	      0.00000000	     -0.00584637	     -0.01147060	     -0.00776179	      0.00000000	      0.00000000	      0.00000000	      0.01068287	     -0.02870348	      0.01315190	    -58.10970134	   -324.68392871	    -15.29967281	     56.98770002	      0.00000000	      0.00000000	      0.00000000	      0.00000000	   -294.65167662	     34.72136628	     16.37274543	     53.01047441	      0.00000000	      0.00000000	      0.00000000	      0.00000000	     48.18243770	      3.46051477	     -3.24609790	    -17.50347944	    -11.67420390	     -4.98473282	      0.00000000	     12.33962772	     13.31865215	      0.00000000	     41.92815339	      1.89072167	     -0.42473813	    -10.98439389	     -2.47133248	     -4.98473282	      0.00000000	     12.16560461	      1.25316628	      0.00000000
      6.40000000	    108.89868924	      1.46886697	   -185.57486587	      0.03298545	     -0.45752669	     -0.59236006	     22.56720100	     -1.37995115	      4.91624477	    -18.99132530	     -2.69144529	      0.81358136	      0.03325323	     -0.02155610	      0.00079727	      0.00000000	      0.00000000	      0.00000000	     -0.00819499	     -0.00580153	     -0.00470581	      0.00000000	      0.00000000	      0.00000000	      0.01363883	     -0.02536682	      0.01330835	    -56.09006656	   -328.64717844	    -12.33110344	     61.34016910	      0.00000000	      0.00000000	      0.00000000	      0.00000000	   -298.02461236	     30.14569589	     14.42747938	     59.45859134	      0.00000000	      0.00000000	      0.00000000	      0.00000000	     49.68919366	      3.56652011	     -1.73978301	    -19.19918461	    -11.83613050	     -4.98473282	      0.00000000	     11.69903412	     12.31671567	      0.00000000	     42.92388086	      1.64601663	     -2.12268699	    -11.93955824	     -1.56609980	     -4.98473282	      0.00000000	     12.97348225	      3.28990416	      0.00000000
      6.43333333	    111.75280311	      2.33093586	   -184.62477615	      0.02239746	     -0.47157318	     -0.59555895	     25.97191577	     -1.35136036	      4.24419091	    -19.77423036	     -3.20408510	      1.15869625	      0.03762587	     -0.02052999	      0.00728456	      0.00000000	      0.00000000	      0.00000000	     -0.00624824	      0.00186023	     -0.00046581	      0.00000000	      0.00000000	      0.00000000	      0.01773803	     -0.02481709	      0.01158695	    -52.93247451	   -333.86350356	    -10.47308974	     67.64956559	      0.00000000	      0.00000000	      0.00000000	      0.00000000	   -300.53117751	     26.09140922	     12.17841128	     65.46921932	      0.00000000	      0.00000000	      0.00000000	      0.00000000	     52.57098059	      3.61639849	     -2.05781280	    -21.16721337	    -11.33344715	     -4.98473282	      0.00000000	     11.13327357	     11.47677286	      0.00000000	     45.82148160	      1.00306357	     -2.74420574	    -13.57208442	     -0.76752185	     -4.98473282	      0.00000000	     14.31293889	      6.58599680	      0.00000000
      6.46666667	    115.29508036	      4.03964381	   -183.39319107	      0.01185710	     -0.48644855	     -0.59912797	     30.14865861	     -0.85413890	      2.83334585	    -20.98062991	     -3.85640866	      2.27825728	      0.04085276	     -0.02000607	      0.01455023	      0.00000000	      0.00000000	      0.00000000	     -0.00135279	      0.01019064	      0.00764576	      0.00000000	      0.00000000	      0.00000000	      0.01903438	     -0.02528331	      0.01019059	    -48.54974709	   -339.60723044	    -10.12256395	     74.90516628	      0.00000000	      0.00000000	      0.00000000	      0.00000000	   -301.76988130	     22.75309566	      9.72152150	     70.38040605	      0.00000000	      0.00000000	      0.00000000	      0.00000000	     55.78815905	      3.80753548	     -3.99526320	    -23.00462086	    -11.98357457	     -4.98473282	      0.00000000	     10.07951306	     10.15154440	      0.00000000	     49.71551055	      0.14528284	     -1.65380623	    -15.70258834	     -0.50934460	     -4.98473282	      0.00000000	     14.65795323	      9.44053928	      0.00000000
      6.50000000	    118.25297875	      6.24703111	   -181.90932568	      0.00084443	     -0.50306921	     -0.60271079	     33.78199987	     -0.35976522	      0.60458319	    -22.48443416	     -4.50510181	      3.93961451	      0.04297320	     -0.02033547	      0.02039770	      0.00000000	      0.00000000	      0.00000000	      0.00093948	      0.01612910	      0.02062668	      0.00000000	      0.00000000	      0.00000000	      0.01445885	     -0.02452345	      0.00942558	    -43.39373382	   -344.31504442	    -10.47592352	     81.01391517	      0.00000000	      0.00000000	      0.00000000	      0.00000000	   -302.20279800	     20.00777158	      7.31908411	     73.85231236	      0.00000000	      0.00000000	      0.00000000	      0.00000000	     57.66036306	      3.95904407	     -7.06220539	    -23.55420287	    -12.81060072	     -4.98473282	      0.00000000	      7.94892145	      8.01710061	      0.00000000	     52.82081707	     -0.44707590	     -0.46149138	    -17.44818938	     -0.87558110	     -4.98473282	      0.00000000	     13.74303268	     10.72938288	      0.00000000
      6.53333333	    119.74258025	      8.37850949	   -180.38138099	     -0.01058198	     -0.52167903	     -0.60619832	     36.01080241	     -0.22260788	     -2.07876327	    -24.15486572	     -4.98340913	      6.06739650	      0.04439554	     -0.02164990	      0.02386632	      0.00000000	      0.00000000	      0.00000000	      0.00032081	      0.01564782	      0.03183217	      0.00000000	      0.00000000	      0.00000000	      0.00588570	     -0.02252671	      0.00961607	    -39.62181112	   -347.86402463	     -9.64638693	     84.82951989	      0.00000000	      0.00000000	      0.00000000	      0.00000000	   -302.47806684	     17.40648667	      5.47905976	     76.20222181	      0.00000000	      0.00000000	      0.00000000	      0.00000000	     57.45054466	      3.96851663	    -11.22860570	    -22.78060369	    -11.00844579	     -4.98473282	      0.00000000	      4.57690683	      4.77189165	      0.00000000	     53.87136759	     -0.83460283	      0.37267088	    -18.33792719	     -2.33826806	     -4.98473282	      0.00000000	     13.03683473	     11.91703551	      0.00000000
      6.56666667	    119.00384882	      9.64444782	   -179.13318223	     -0.02166783	     -0.54051438	     -0.60918637	     35.55758360	     -0.54332199	     -4.25534996	    -25.08571761	     -5.14846681	      7.87973650	      0.04336261	     -0.02374347	      0.02366662	      0.00000000	      0.00000000	      0.00000000	     -0.00540490	      0.00794403	      0.03744040	      0.00000000	      0.00000000	      0.00000000	     -0.00433446	     -0.02109473	      0.01140015	    -37.91206975	   -349.69359522	     -7.96467355	     86.59122736	      0.00000000	      0.00000000	      0.00000000	      0.00000000	   -302.16535798	     14.91902138	      4.19348698	     77.64320799	      0.00000000	      0.00000000	      0.00000000	      0.00000000	     54.49481477	      3.89166958	    -15.54861217	    -21.03307558	     -5.41754412	     -4.98473282	      0.00000000	      1.60221033	      0.77178847	      0.00000000	     52.03554420	     -1.18414325	      1.06964986	    -18.19037701	     -6.96189338	     -4.98473282	      0.00000000	     13.61199977	     16.61899325	      0.00000000
      6.60000000	    117.29125357	      9.68897968	   -178.60274108	     -0.03115959	     -0.55800443	     -0.61198856	     33.87488114	     -1.35302755	     -5.27765813	    -25.45237619	     -4.30447013	      8.92351947	      0.04120737	     -0.02472553	      0.01880948	      0.00000000	      0.00000000	      0.00000000	     -0.01178310	     -0.00234640	      0.03785418	      0.00000000	      0.00000000	      0.00000000	     -0.00960127	     -0.01877380	      0.01396344	    -37.56468716	   -350.59734474	     -6.10304427	     87.50883119	      0.00000000	      0.00000000	      0.00000000	      0.00000000	   -301.40065212	     11.77463670	      3.10099628	     79.80017798	      0.00000000	      0.00000000	      0.00000000	      0.00000000	     50.63930682	      4.08085293	    -16.99072419	    -19.36372869	     -3.35334405	     -4.98473282	      0.00000000	      1.49134546	      1.74866525	      0.00000000	     48.61945441	     -1.84208115	      1.71292251	    -17.34425930	    -11.72979245	     -4.34801547	      0.00000000	     14.37872915	     21.19278374	      0.00000000
      6.63333333	    115.19291328	      8.69950642	   -179.34963348	     -0.03862969	     -0.57151842	     -0.61297903	     31.23404355	     -1.96271672	     -4.71612709	    -24.44460354	     -3.70574311	      8.91682946	      0.03714464	     -0.02494936	      0.01173514	      0.00000000	      0.00000000	      0.00000000	     -0.01943813	     -0.01172174	      0.03400945	      0.00000000	      0.00000000	      0.00000000	     -0.01342742	     -0.02172816	      0.01728076	    -38.67927017	   -350.54907159	     -5.06844389	     88.12744736	      0.00000000	      0.00000000	      0.00000000	      0.00000000	   -299.20017985	      8.51791552	      3.09523899	     82.78734316	      0.00000000	      0.00000000	      0.00000000	      0.00000000	     46.81880437	      4.43395019	    -16.93261738	    -18.22681666	     -4.53758444	     -4.98473282	      0.00000000	      1.75999094	      5.89579592	      0.00000000	     44.62639004	     -2.54990415	      1.69466869	    -16.58438100	    -14.25156808	     -4.03691199	      0.00000000	     14.68577443	     24.98095987	      0.00000000
      6.66666667	    109.87549600	      7.12894426	   -180.05636191	     -0.04466247	     -0.58306989	     -0.61326243	     24.57259233	     -3.00448002	     -3.23223616	    -21.87970177	     -2.65564287	      8.34939135	      0.03168483	     -0.02614709	      0.00499715	      0.00000000	      0.00000000	      0.00000000	     -0.02747469	     -0.01954409	      0.02925209	      0.00000000	      0.00000000	      0.00000000	     -0.01403760	     -0.02704382	      0.01946089	    -39.87479975	   -350.10936811	     -5.87697990	     88.54491527	      0.00000000	      0.00000000	      0.00000000	      0.00000000	   -296.51281337	      4.96168321	      4.50685333	     87.13991341	      0.00000000	      0.00000000	      0.00000000	      0.00000000	     39.90768046	      4.64780431	    -14.12055586	    -17.16592598	    -13.65157692	     -4.98473282	      0.00000000	      3.35076504	     17.69539397	      0.00000000	     37.12649158	     -2.86910838	      0.47709034	    -16.11424098	     -9.66469832	     -4.02004554	      0.00000000	     15.24497720	     24.98095987	      0.00000000
      6.70000000	    109.65137230	      5.90608594	   -181.00655258	     -0.04811345	     -0.58958325	     -0.61217206	     23.61560712	     -3.77478607	     -2.48277766	    -19.37079404	     -2.03720474	      7.83391597	      0.02890410	     -0.02548565	     -0.00093325	      0.00000000	      0.00000000	      0.00000000	     -0.03126072	     -0.02137309	      0.02445391	      0.00000000	      0.00000000	      0.00000000	     -0.01527983	     -0.03015241	      0.01849584	    -41.38118516	   -350.45813183	     -5.97649528	     89.23840074	      0.00000000	      0.00000000	      0.00000000	      0.00000000	   -295.10576879	      0.80908164	      6.01097472	     91.57768598	      0.00000000	      0.00000000	      0.00000000	      0.00000000	     39.14209232	      4.40025605	    -13.20479438	    -17.30078179	    -14.89690267	     -4.98473282	      0.00000000	      2.29919306	     18.38383010	      0.00000000	     36.31680320	     -2.71467107	      1.82901116	    -17.40503291	     -6.02732930	     -3.57613652	      0.00000000	     15.42281453	     24.98095987	      0.00000000
      6.73333333	    109.69318633	      4.92390669	   -181.49882077	     -0.05064176	     -0.59431480	     -0.61113801	     22.86083777	     -4.57781012	     -1.93661925	    -16.75052676	     -1.52325281	      8.06810988	      0.02707368	     -0.02562594	     -0.00291204	      0.00000000	      0.00000000	      0.00000000	     -0.03596977	     -0.02420899	      0.01898036	      0.00000000	      0.00000000	      0.00000000	     -0.01778038	     -0.03072310	      0.01576035	    -43.41786404	   -350.89440130	     -5.88817204	     89.65774133	      0.00000000	      0.00000000	      0.00000000	      0.00000000	   -295.15583876	     -2.10434723	      7.14914446	     94.68466192	      0.00000000	      0.00000000	      0.00000000	      0.00000000	     39.19852846	      3.95825218	    -11.72395528	    -17.95015304	    -14.89690267	     -4.98473282	      0.00000000	      1.75275779	     16.88119147	      0.00000000	     36.40245993	     -2.18859346	      2.04289903	    -18.97829675	     -3.72943637	     -3.51344944	      0.00000000	     15.58898539	     24.23725558	      0.00000000
      6.76666667	    111.61135707	      4.31227226	   -181.95765252	     -0.05223432	     -0.59734558	     -0.61177743	     24.24568274	     -5.30848000	     -1.41574690	    -14.92020992	     -1.58023963	      9.54738217	      0.02611247	     -0.02504905	      0.00201561	      0.00000000	      0.00000000	      0.00000000	     -0.04109320	     -0.02660730	      0.01574947	      0.00000000	      0.00000000	      0.00000000	     -0.02097364	     -0.02858474	      0.01472694	    -44.64186850	   -351.40460458	     -5.97454633	     90.08352501	      0.00000000	      0.00000000	      0.00000000	      0.00000000	   -295.86270580	     -3.71907848	      7.55448578	     96.17273703	      0.00000000	      0.00000000	      0.00000000	      0.00000000	     41.80521942	      4.17439426	     -7.06182195	    -19.37904810	    -14.89675488	     -4.98473282	      0.00000000	      1.33656851	     11.75269141	      0.00000000	     38.87330152	     -2.06960488	      2.46569714	    -20.71414921	     -2.88018008	     -2.55644903	      0.00000000	     14.76287947	     17.33448958	      0.00000000
      6.80000000	    114.45797924	      4.19306110	   -181.89610238	     -0.05377539	     -0.60198370	     -0.61149638	     27.13856839	     -5.48276006	     -1.60176323	    -12.91325643	     -2.17172916	     10.85316529	      0.03023800	     -0.02738399	      0.00734910	      0.00000000	      0.00000000	      0.00000000	     -0.04364531	     -0.02473936	      0.01537956	      0.00000000	      0.00000000	      0.00000000	     -0.02209993	     -0.02618165	      0.01264933	    -44.89714896	   -352.12251726	     -5.53756065	     90.73775297	      0.00000000	      0.00000000	      0.00000000	      0.00000000	   -297.67075515	     -5.23335469	      7.65264821	     97.69834777	      0.00000000	      0.00000000	      0.00000000	      0.00000000	     44.65608907	      3.72410079	     -6.29183743	    -19.96680642	    -11.18245299	     -4.98473282	      0.00000000	      2.18315687	      7.92778060	      0.00000000	     41.89113904	     -1.60491213	      2.71608917	    -21.01918511	     -4.43247834	     -2.47557584	      0.00000000	     13.18263957	     11.23421796	      0.00000000
      6.83333333	    114.85039126	      4.67422693	   -181.48122309	     -0.05572020	     -0.60744937	     -0.61157549	     27.17497658	     -5.08024002	     -2.11788294	    -11.14040042	     -2.40294004	     10.44496344	      0.03284196	     -0.03034854	      0.00874753	      0.00000000	      0.00000000	      0.00000000	     -0.04488873	     -0.02214642	      0.01577945	      0.00000000	      0.00000000	      0.00000000	     -0.02479452	     -0.02627561	      0.00983165	    -44.60557361	   -352.87446403	     -5.32550359	     91.75687880	      0.00000000	      0.00000000	      0.00000000	      0.00000000	   -299.53246028	     -5.90012227	      8.52340992	     98.92953264	      0.00000000	      0.00000000	      0.00000000	      0.00000000	     44.26873783	      3.66662905	     -6.01959648	    -19.25912080	    -10.42608884	     -4.98473282	      0.00000000	      3.16629101	      7.43841509	      0.00000000	     42.01005044	     -1.34013856	      1.78628003	    -20.45937200	     -5.30791438	     -3.66650739	      0.00000000	     13.08798824	     10.77495445	      0.00000000
      6.86666667	    114.56282364	      4.76575667	   -181.52453491	     -0.05755290	     -0.61218975	     -0.61185372	     26.43609244	     -4.88655989	     -2.04098776	     -8.71086032	     -3.45575032	      9.35929764	      0.03609355	     -0.03347344	      0.01244333	      0.00000000	      0.00000000	      0.00000000	     -0.04672493	     -0.02191431	      0.01701271	      0.00000000	      0.00000000	      0.00000000	     -0.02513711	     -0.02756982	      0.00696522	    -43.92215845	   -353.57660347	     -5.58696327	     93.19518503	      0.00000000	      0.00000000	      0.00000000	      0.00000000	   -300.56884397	     -7.14635321	      9.50512654	    101.08894197	      0.00000000	      0.00000000	      0.00000000	      0.00000000	     42.96107726	      3.66753596	     -6.50553941	    -17.92749955	     -9.30425836	     -4.98473282	      0.00000000	      3.59225545	      7.48917640	      0.00000000	     41.06070151	     -1.06382515	      1.07237907	    -19.56319608	     -4.38382991	     -4.98473282	      0.00000000	     13.99821688	     12.07421136	      0.00000000
      6.90000000	     73.92668591	      4.95879077	   -175.26466873	     -0.06939505	     -0.64626533	     -0.61334945	    -19.81502613	     -3.87715219	     -4.46777442	     -1.47711879	     -3.56933067	      6.95507770	      0.02656359	     -0.03117623	      0.01464290	      0.00000000	      0.00000000	      0.00000000	     -0.05527357	     -0.02571087	      0.01677808	      0.00000000	      0.00000000	      0.00000000	     -0.03113977	     -0.02811260	      0.00530231	    -43.88752990	   -351.23402907	    -10.49824028	     94.83597542	      0.00000000	      0.00000000	      0.00000000	      0.00000000	   -299.81409673	     -4.56152993	     14.19497880	    102.05386006	      0.00000000	      0.00000000	      0.00000000	      0.00000000	    -10.11261463	      5.01803496	    -24.33943335	     -2.65290733	      8.43799994	     -4.98473282	      0.00000000	      0.28297847	      5.58267786	      0.00000000	     -9.48589269	     -2.79990136	     -5.16877916	     -7.60090112	      4.28824445	     -4.98473282	      0.00000000	     13.34142849	     13.61706309	      0.00000000
      6.93333333	     75.24676826	      4.83670840	   -176.71054139	     -0.06907020	     -0.64557764	     -0.61427828	    -18.81522906	     -4.35928519	     -3.26041719	      0.30676327	     -3.83414628	      3.53357695	      0.02722839	     -0.03005198	      0.01202296	      0.00000000	      0.00000000	      0.00000000	     -0.05163232	     -0.02369150	      0.01603920	      0.00000000	      0.00000000	      0.00000000	     -0.03394906	     -0.02892233	      0.00369765	    -44.11020968	   -353.28310930	    -11.80617347	     97.64111705	      0.00000000	      0.00000000	      0.00000000	      0.00000000	   -299.15538405	     -4.70255592	     14.08687308	    102.29516470	      0.00000000	      0.00000000	      0.00000000	      0.00000000	     -8.44093441	      4.77321142	    -21.03278550	     -3.41556450	      8.34484311	     -4.98473282	      0.00000000	      0.17878157	      2.97109176	      0.00000000	     -8.32690013	     -2.41757799	     -5.05160780	     -8.16892590	      4.27410374	     -4.98473282	      0.00000000	     11.87519041	      9.75716435	      0.00000000
      6.96666667	     78.26162651	      4.84353262	   -178.15362305	     -0.06791498	     -0.64180517	     -0.61549442	    -15.89393165	     -4.82414363	     -2.33153969	      2.48101918	     -4.27375601	      1.40716408	      0.02926502	     -0.03005314	      0.01222428	      0.00000000	      0.00000000	      0.00000000	     -0.04651369	     -0.02118140	      0.01451623	      0.00000000	      0.00000000	      0.00000000	     -0.03710092	     -0.03257322	      0.00498387	    -45.82943448	   -355.23552220	    -11.98389853	     99.37183233	      0.00000000	      0.00000000	      0.00000000	      0.00000000	   -296.90458436	     -4.96107542	     13.30164920	    101.68815629	      0.00000000	      0.00000000	      0.00000000	      0.00000000	     -4.19435683	      4.66681478	    -16.23261997	     -5.26103001	      7.33264522	     -4.98473282	      0.00000000	     -0.48666054	     -1.17226653	      0.00000000	     -4.83814614	     -2.02684155	     -5.50815310	     -9.36516880	      3.49333861	     -4.98473282	      0.00000000	      8.14415356	      2.55341854	      0.00000000
      7.00000000	    110.70004961	      2.60105130	   -183.04506450	     -0.05750960	     -0.61424146	     -0.61565086	     20.61011474	     -6.71838620	      0.64171310	      0.93334158	     -4.80637495	      1.72311341	      0.04028858	     -0.03067672	      0.01674320	      0.00000000	      0.00000000	      0.00000000	     -0.03660850	     -0.01750167	      0.01095670	      0.00000000	      0.00000000	      0.00000000	     -0.03515535	     -0.03352592	      0.00686748	    -48.02593599	   -359.60033636	     -8.37777338	    100.00890766	      0.00000000	      0.00000000	      0.00000000	      0.00000000	   -294.70847115	     -6.86001432	      9.27431237	    101.13456990	      0.00000000	      0.00000000	      0.00000000	      0.00000000	     38.36855028	      3.50404276	     -4.28832946	    -17.48376675	     -1.57568623	     -4.98473282	      0.00000000	      1.06876597	     -0.95505170	      0.00000000	     35.41595343	     -0.10159325	     -2.32275375	    -18.86604346	     -4.38065131	     -4.98473282	      0.00000000	      5.70961528	     -1.68216798	      0.00000000
      7.03333333	    112.70792266	      2.09621371	   -183.71353617	     -0.05514234	     -0.61117413	     -0.61693233	     23.09655265	     -7.15967114	      1.74727426	      3.27287430	     -3.46622931	      1.18123226	      0.04382022	     -0.02970238	      0.01733688	      0.00000000	      0.00000000	      0.00000000	     -0.03601266	     -0.01326559	      0.01180099	      0.00000000	      0.00000000	      0.00000000	     -0.03373351	     -0.03112026	      0.00805226	    -48.56065399	   -360.33822184	     -7.17649273	     99.64271537	      0.00000000	      0.00000000	      0.00000000	      0.00000000	   -293.74821358	     -6.41316156	      8.73049031	    100.84596283	      0.00000000	      0.00000000	      0.00000000	      0.00000000	     41.32868274	      3.58217207	     -3.27440818	    -18.06070172	     -2.27240913	     -4.98473282	      0.00000000	      0.90347212	      0.01346233	      0.00000000	     37.45366362	     -0.14013477	     -4.51948458	    -17.93085960	     -8.57826273	     -4.98473282	      0.00000000	      7.23615079	      4.12478788	      0.00000000
      7.06666667	    113.65541315	      2.72973130	   -183.66969386	     -0.05307570	     -0.60793982	     -0.61696448	     24.25038200	     -6.31018812	      1.64470513	      5.31301524	     -2.89301386	      2.53860668	      0.04605681	     -0.02977487	      0.01853232	      0.00000000	      0.00000000	      0.00000000	     -0.03757805	     -0.00776913	      0.01395829	      0.00000000	      0.00000000	      0.00000000	     -0.02845811	     -0.02867398	      0.00911656	    -47.47057142	   -359.70221044	     -6.87579419	     98.55449058	      0.00000000	      0.00000000	      0.00000000	      0.00000000	   -294.19318342	     -6.57041116	      8.51953877	    100.72687600	      0.00000000	      0.00000000	      0.00000000	      0.00000000	     42.36958121	      3.95204876	     -4.39712318	    -17.29582142	     -2.93741483	     -4.98473282	      0.00000000	      0.97686007	      1.34276053	      0.00000000	     38.59015740	     -0.73495324	     -4.73694321	    -17.59873052	     -7.73495548	     -4.98473282	      0.00000000	     10.26268225	      6.95100808	      0.00000000
      7.10000000	    114.28716820	      3.58695636	   -183.80259693	     -0.05099534	     -0.60352669	     -0.61592792	     24.95339802	     -4.93075232	      1.58395196	      7.33356149	     -1.91165131	      3.43622428	      0.04723801	     -0.03088974	      0.01649778	      0.00000000	      0.00000000	      0.00000000	     -0.03869511	     -0.00177896	      0.01997929	      0.00000000	      0.00000000	      0.00000000	     -0.02250976	     -0.02507848	      0.01059860	    -45.07104841	   -358.47413804	     -7.55111381	     98.08493277	      0.00000000	      0.00000000	      0.00000000	      0.00000000	   -294.71484021	     -6.60936312	      7.52079190	    100.00528879	      0.00000000	      0.00000000	      0.00000000	      0.00000000	     42.90711528	      4.66014096	     -5.56529746	    -16.48625443	     -4.41026177	     -4.98473282	      0.00000000	      1.48556241	      3.66387748	      0.00000000	     39.32351853	     -1.71240311	     -4.07934508	    -16.96753937	     -6.02257177	     -4.95882532	      0.00000000	     13.21076501	      8.97479057	      0.00000000
      7.13333333	    114.46123500	      4.43580273	   -183.82520744	     -0.04901505	     -0.59686662	     -0.61455844	     24.89531689	     -3.53381386	      1.22553162	      9.01877472	     -1.09469156	      3.48689935	      0.04585776	     -0.03261200	      0.01311918	      0.00000000	      0.00000000	      0.00000000	     -0.03661192	     -0.00132651	      0.02404681	      0.00000000	      0.00000000	      0.00000000	     -0.01794675	     -0.02319016	      0.01157648	    -44.22276022	   -356.97119691	     -8.13627298	     98.19717056	      0.00000000	      0.00000000	      0.00000000	      0.00000000	   -294.01152452	     -6.42686157	      5.65547312	     98.73530464	      0.00000000	      0.00000000	      0.00000000	      0.00000000	     43.18644631	      5.37936843	     -6.58866707	    -16.22215771	     -6.52885240	     -4.98473282	      0.00000000	      0.57061117	      5.84935119	      0.00000000	     39.73734794	     -3.11314469	     -1.87048535	    -16.55943628	     -5.08959211	     -3.57264220	      0.00000000	     14.38464908	      8.81512452	      0.00000000
      7.16666667	    114.73911460	      5.22157220	   -183.63649899	     -0.04659015	     -0.58882436	     -0.61234705	     25.09284258	     -2.06416995	      0.40489758	     10.04255456	     -0.73459418	      2.93593054	      0.04472158	     -0.03498483	      0.00853229	      0.00000000	      0.00000000	      0.00000000	     -0.03188588	     -0.00528080	      0.02251310	      0.00000000	      0.00000000	      0.00000000	     -0.01399229	     -0.02307149	      0.00923662	    -45.38431840	   -355.08356940	     -8.08921912	     97.59718108	      0.00000000	      0.00000000	      0.00000000	      0.00000000	   -293.16633996	     -6.19728101	      3.75182657	     97.56881724	      0.00000000	      0.00000000	      0.00000000	      0.00000000	     43.66151608	      5.83086702	     -7.81930999	    -16.00059590	     -9.14396364	     -4.98473282	      0.00000000	     -0.78387344	      7.69576750	      0.00000000	     40.45361306	     -4.04128654	      2.01589502	    -16.50938810	     -5.10116944	     -2.04195199	      0.00000000	     13.77111916	      7.20597401	      0.00000000
      7.20000000	    115.11384198	      5.54381141	   -183.38594287	     -0.04330019	     -0.57947700	     -0.61033491	     25.47329491	     -1.17310883	     -0.56175721	     10.26532360	     -0.97660002	      2.32861766	      0.04231858	     -0.03743739	      0.00582109	      0.00000000	      0.00000000	      0.00000000	     -0.02848985	     -0.01172564	      0.01828081	      0.00000000	      0.00000000	      0.00000000	     -0.01312404	     -0.02293060	      0.00408048	    -47.29051560	   -352.38949137	     -7.58651755	     95.88662128	      0.00000000	      0.00000000	      0.00000000	      0.00000000	   -292.52146821	     -5.48409583	      2.77357314	     96.78340033	      0.00000000	      0.00000000	      0.00000000	      0.00000000	     44.47860992	      5.68622986	     -8.94872893	    -16.07208574	     -9.56318386	     -4.98473282	      0.00000000	     -1.01600374	      7.45296770	      0.00000000	     41.32619146	     -4.10990705	      4.86920371	    -16.60040131	     -5.03018857	     -1.18438942	      0.00000000	     12.75408233	      6.45654878	      0.00000000
      7.23333333	    115.93623384	      5.78807335	   -182.83785400	     -0.03918215	     -0.57095908	     -0.60948201	     26.75200159	     -0.72128803	     -1.97617841	      9.63987789	     -1.59072349	      2.14130428	      0.04123541	     -0.03971080	      0.00512940	      0.00000000	      0.00000000	      0.00000000	     -0.02541238	     -0.01524389	      0.01343409	      0.00000000	      0.00000000	      0.00000000	     -0.01245519	     -0.01735259	      0.00017478	    -48.76147207	   -349.91170313	     -6.73455180	     93.31519926	      0.00000000	      0.00000000	      0.00000000	      0.00000000	   -292.54656492	     -4.79262798	      2.22241769	     95.63066518	      0.00000000	      0.00000000	      0.00000000	      0.00000000	     45.54341276	      5.11893136	    -11.67652892	    -15.64186805	     -7.64736666	     -4.98473282	      0.00000000	      1.01026484	      6.23396118	      0.00000000	     42.47208099	     -3.77107576	      7.54855497	    -16.27472742	     -6.13984952	     -0.32055218	      0.00000000	     12.86401299	      6.24704581	      0.00000000
      7.26666667	    116.66955667	      5.64121596	   -182.30649103	     -0.03452675	     -0.56359671	     -0.61017256	     28.19649548	     -1.05125773	     -2.96044639	      8.49296362	     -2.22286412	      2.38716525	      0.04078398	     -0.04165111	      0.00655560	      0.00000000	      0.00000000	      0.00000000	     -0.02430743	     -0.01498602	      0.01035243	      0.00000000	      0.00000000	      0.00000000	     -0.01134534	     -0.00764297	      0.00054074	    -49.62730520	   -348.17692498	     -5.86451937	     90.51563851	      0.00000000	      0.00000000	      0.00000000	      0.00000000	   -292.01964735	     -3.64862626	      1.04900712	     93.48765735	      0.00000000	      0.00000000	      0.00000000	      0.00000000	     46.62620695	      4.35835508	    -14.08937742	    -15.52861390	     -4.72397120	     -4.98473282	      0.00000000	      3.44289779	      5.52604469	      0.00000000	     43.20871599	     -3.09674214	      6.82728611	    -15.13151577	     -8.51507302	     -0.23567114	      0.00000000	     14.93543401	      8.04396596	      0.00000000
      7.30000000	    117.79543100	      5.06249992	   -181.99464441	     -0.03009728	     -0.55621066	     -0.61197898	     30.05467851	     -2.05785821	     -3.30977399	      7.29878280	     -2.29956826	      2.94927392	      0.04043119	     -0.04381813	      0.00859793	      0.00000000	      0.00000000	      0.00000000	     -0.02341426	     -0.01361723	      0.00935253	      0.00000000	      0.00000000	      0.00000000	     -0.00994318	      0.00134315	      0.00309689	    -50.25602719	   -347.08075216	     -5.11260955	     88.10946741	      0.00000000	      0.00000000	      0.00000000	      0.00000000	   -290.72374229	     -1.86429953	     -0.73946826	     90.61323904	      0.00000000	      0.00000000	      0.00000000	      0.00000000	     48.56450828	      3.62243106	    -15.55799287	    -16.42348372	     -2.36866209	     -4.98473282	      0.00000000	      3.98518785	      4.99659267	      0.00000000	     44.52550861	     -2.30519045	      3.55160336	    -13.86443134	    -11.07239638	     -0.51353512	      0.00000000	     16.93569997	      9.80339603	      0.00000000
      7.33333333	    120.16368722	      4.10501436	   -182.06401452	     -0.02605954	     -0.54851053	     -0.61359005	     33.40611447	     -3.23852553	     -2.89585382	      6.57976208	     -1.77679508	      3.58467042	      0.04230469	     -0.04552479	      0.00913388	      0.00000000	      0.00000000	      0.00000000	     -0.02082779	     -0.01245479	      0.00895008	      0.00000000	      0.00000000	      0.00000000	     -0.00658083	      0.00665530	      0.00272358	    -50.51417312	   -346.41283908	     -4.63860777	     86.19903140	      0.00000000	      0.00000000	      0.00000000	      0.00000000	   -289.90223562	      0.19587644	     -2.73902243	     87.99246228	      0.00000000	      0.00000000	      0.00000000	      0.00000000	     52.25128302	      2.89725419	    -15.60927259	    -18.48912260	     -0.35975705	     -4.98473282	      0.00000000	      2.72066915	      3.50064639	      0.00000000	     47.53758869	     -1.30894494	     -1.66773618	    -12.99027087	    -11.06626439	     -1.76118117	      0.00000000	     17.34938966	     11.71236865	      0.00000000
      7.36666667	    122.83638831	      3.41858111	   -182.57526873	     -0.02278089	     -0.54054777	     -0.61381389	     37.07819095	     -3.62858663	     -2.11885961	      6.53992552	     -0.87126192	      3.75148070	      0.04509536	     -0.04778284	      0.00768188	      0.00000000	      0.00000000	      0.00000000	     -0.01689491	     -0.01345364	      0.00844577	      0.00000000	      0.00000000	      0.00000000	     -0.00152760	      0.00635481	     -0.00134796	    -50.53765640	   -345.60848525	     -4.55821913	     84.89382842	      0.00000000	      0.00000000	      0.00000000	      0.00000000	   -289.89188928	      1.87989990	     -4.12568112	     86.61051800	      0.00000000	      0.00000000	      0.00000000	      0.00000000	     56.22503735	      2.69213432	    -14.55678222	    -20.46152675	      1.14440241	     -4.98473282	      0.00000000	      0.88512295	      1.26927308	      0.00000000	     51.13576660	     -0.57085398	     -6.85326515	    -12.66436306	     -6.97695981	     -4.04233787	      0.00000000	     16.51453539	     12.89952466	      0.00000000
      7.40000000	    123.75958059	      3.48134313	   -182.90221275	     -0.01969149	     -0.53231080	     -0.61338858	     38.41070430	     -3.27252119	     -1.65643897	      7.55891730	     -0.05308711	      3.35228468	      0.04625257	     -0.05028057	      0.00637405	      0.00000000	      0.00000000	      0.00000000	     -0.01599383	     -0.01824692	      0.00879980	      0.00000000	      0.00000000	      0.00000000	      0.00138820	      0.00342090	     -0.00465091	    -50.54747162	   -344.20668968	     -5.36893778	     84.16901818	      0.00000000	      0.00000000	      0.00000000	      0.00000000	   -289.74281649	      3.84615245	     -4.99704647	     85.23822819	      0.00000000	      0.00000000	      0.00000000	      0.00000000	     57.88097125	      2.81806897	    -13.96112016	    -21.15099050	      1.54227011	     -4.98473282	      0.00000000	      1.28886190	      0.16038671	      0.00000000	     52.99323009	     -0.69151920	     -8.48173431	    -13.18150096	     -2.27468182	     -4.98473282	      0.00000000	     15.97315222	     12.97857605	      0.00000000
      7.43333333	    123.47178411	      3.83478200	   -183.14597050	     -0.01592644	     -0.52372979	     -0.61236531	     38.29681968	     -2.71110532	     -1.19090923	      8.49706707	      0.18316320	      2.65465440	      0.04556869	     -0.05140535	      0.00831342	      0.00000000	      0.00000000	      0.00000000	     -0.01552557	     -0.02433825	      0.00938457	      0.00000000	      0.00000000	      0.00000000	      0.00464483	      0.00036870	     -0.00255060	    -50.98960879	   -343.23856676	     -6.48147588	     83.91474055	      0.00000000	      0.00000000	      0.00000000	      0.00000000	   -288.50548216	      5.88730277	     -5.80797674	     83.29524814	      0.00000000	      0.00000000	      0.00000000	      0.00000000	     58.10045890	      3.08034745	    -13.96441207	    -20.94975128	      0.74289497	     -4.98473282	      0.00000000	      3.34756563	      0.26643496	      0.00000000	     53.58012529	     -1.00892813	     -7.29115870	    -13.90095972	     -0.03851373	     -4.98473282	      0.00000000	     16.54716560	     12.49995194	      0.00000000
      7.46666667	    122.12875334	      4.11123576	   -183.07741974	     -0.01181788	     -0.51490426	     -0.60951730	     36.93816409	     -2.11798326	     -0.92653172	      9.31370750	     -0.05072577	      1.63942413	      0.04359185	     -0.05164306	      0.00936708	      0.00000000	      0.00000000	      0.00000000	     -0.01511538	     -0.02835401	      0.00973787	      0.00000000	      0.00000000	      0.00000000	      0.00329435	     -0.00485970	      0.00099147	    -52.06652489	   -342.27995933	     -7.40462267	     83.18816845	      0.00000000	      0.00000000	      0.00000000	      0.00000000	   -286.92303799	      9.01995145	     -6.17994420	     79.56579544	      0.00000000	      0.00000000	      0.00000000	      0.00000000	     57.08711256	      3.04478501	    -14.96370420	    -19.96411878	     -2.36614990	     -4.98473282	      0.00000000	      4.67249236	      3.17029702	      0.00000000	     52.93543934	     -0.52864406	     -5.43893762	    -14.13737222	     -0.05357872	     -4.98473282	      0.00000000	     17.25201144	     10.10668992	      0.00000000
      7.50000000	    119.98146466	      4.26774525	   -182.51934051	     -0.00780304	     -0.50557356	     -0.60582328	     34.57204992	     -1.76631406	     -1.28856844	      9.67320603	     -0.87446329	      1.58239901	      0.03980893	     -0.05190904	      0.01082460	      0.00000000	      0.00000000	      0.00000000	     -0.01238227	     -0.02985842	      0.00806775	      0.00000000	      0.00000000	      0.00000000	      0.00055382	     -0.01490662	      0.00308743	    -53.58839914	   -341.09671084	     -7.96164996	     81.40343727	      0.00000000	      0.00000000	      0.00000000	      0.00000000	   -285.30151622	     12.14778802	     -5.70906124	     75.47372310	      0.00000000	      0.00000000	      0.00000000	      0.00000000	     55.37065728	      2.71082028	    -15.67606984	    -19.03499603	     -8.72351155	     -4.98473282	      0.00000000	      5.17211784	      9.13995169	      0.00000000	     51.43145909	      0.72761754	     -2.57754415	    -14.11168551	     -0.63129823	     -4.98473282	      0.00000000	     17.01539450	      4.73630896	      0.00000000
      7.53333333	    118.11593027	      4.35377916	   -182.20545003	     -0.00353781	     -0.49558852	     -0.60436263	     32.50868207	     -1.58827774	     -1.53168829	      9.18774089	     -1.87657219	      2.35375533	      0.03475610	     -0.05148395	      0.01316186	      0.00000000	      0.00000000	      0.00000000	     -0.01028583	     -0.02837390	      0.00662690	      0.00000000	      0.00000000	      0.00000000	     -0.00288783	     -0.02439688	      0.00133760	    -54.61194135	   -339.09162701	     -7.61058331	     77.97361384	      0.00000000	      0.00000000	      0.00000000	      0.00000000	   -284.67381989	     15.65915431	     -4.20724669	     71.42467751	      0.00000000	      0.00000000	      0.00000000	      0.00000000	     53.95893695	      2.95203900	    -15.04452344	    -18.22990913	    -13.14304566	     -4.98473282	      0.00000000	      4.66034403	     10.95411866	      0.00000000	     50.20587719	      1.05210794	      0.39049498	    -13.95234677	     -0.21936394	     -4.00186792	      0.00000000	     15.56829790	     -0.90645931	      0.00000000
      7.56666667	    116.61488200	      4.57074455	   -182.12129871	      0.00166115	     -0.48564282	     -0.60318396	     30.87412770	     -0.98441336	     -2.04466656	      8.02808056	     -2.71802772	      3.37395520	      0.02884086	     -0.05039227	      0.01153269	      0.00000000	      0.00000000	      0.00000000	     -0.00780488	     -0.02408002	      0.00396417	      0.00000000	      0.00000000	      0.00000000	     -0.00514004	     -0.02965850	     -0.00283433	    -55.27683233	   -336.15325646	     -6.94111916	     73.82029332	      0.00000000	      0.00000000	      0.00000000	      0.00000000	   -285.59250803	     18.15942377	     -2.07581640	     68.38830574	      0.00000000	      0.00000000	      0.00000000	      0.00000000	     52.83754203	      3.43929429	    -13.57719340	    -17.43409078	    -13.76208160	     -4.98473282	      0.00000000	      4.22039189	      9.57824772	      0.00000000	     49.33842977	      1.38462535	      1.69257192	    -13.73566592	      1.17299627	     -4.93613311	      0.00000000	     14.68967316	     -1.75327414	      0.00000000
      7.60000000	    114.48513551	      5.17049338	   -182.15644502	      0.00745342	     -0.47489975	     -0.60455115	     28.25135057	     -0.17632799	     -2.64572099	      7.98079835	     -3.88738359	      5.12952205	      0.02415849	     -0.05015688	      0.01161982	      0.00000000	      0.00000000	      0.00000000	     -0.00607229	     -0.02227113	      0.00236319	      0.00000000	      0.00000000	      0.00000000	     -0.00702873	     -0.03221413	     -0.00487988	    -55.58326084	   -332.69342355	     -7.26803486	     70.41296126	      0.00000000	      0.00000000	      0.00000000	      0.00000000	   -285.43135020	     20.01330538	     -0.05603200	     65.62356744	      0.00000000	      0.00000000	      0.00000000	      0.00000000	     51.02975199	      4.48721336	    -10.81753617	    -16.45813374	    -12.29072464	     -4.98473282	      0.00000000	      3.47043166	      5.94199220	      0.00000000	     47.80468321	      0.49616906	      3.13982556	    -13.46632573	      2.01884796	     -4.98473282	      0.00000000	     14.40447308	     -0.11593110	      0.00000000
      7.63333333	    112.31804673	      5.58792065	   -182.26135657	      0.01411925	     -0.46340111	     -0.60669800	     25.46251920	      0.31668921	     -2.97264857	      8.83369109	     -4.68090671	      6.48898947	      0.02109556	     -0.04997095	      0.01184325	      0.00000000	      0.00000000	      0.00000000	     -0.00497866	     -0.02259987	      0.00223426	      0.00000000	      0.00000000	      0.00000000	     -0.00731663	     -0.03353417	     -0.00373564	    -55.72256380	   -329.31249997	     -8.80634402	     67.78351858	      0.00000000	      0.00000000	      0.00000000	      0.00000000	   -284.16845001	     21.62512472	      2.01951472	     62.42244804	      0.00000000	      0.00000000	      0.00000000	      0.00000000	     49.36673229	      5.24818012	     -8.82763877	    -15.69977967	     -9.24002920	     -4.98473282	      0.00000000	      2.62618569	      1.74554269	      0.00000000	     46.30037858	     -0.37893762	      3.48900453	    -13.11537857	     -0.41170441	     -4.98473282	      0.00000000	     15.39129786	      5.04225542	      0.00000000
      7.66666667	    112.10578706	      5.84316506	   -182.35571813	      0.02160147	     -0.45154268	     -0.60872561	     25.22197141	      0.60477504	     -3.02084747	      9.96186699	     -4.41788518	      6.39603445	      0.02215705	     -0.04930413	      0.00882979	      0.00000000	      0.00000000	      0.00000000	     -0.00583108	     -0.02401204	      0.00417123	      0.00000000	      0.00000000	      0.00000000	     -0.00364495	     -0.03317610	     -0.00259052	    -55.52802266	   -326.12277583	    -11.03634358	     64.90520938	      0.00000000	      0.00000000	      0.00000000	      0.00000000	   -283.25800160	     23.91512619	      2.69433205	     58.28647151	      0.00000000	      0.00000000	      0.00000000	      0.00000000	     49.70923821	      5.55586831	     -9.18793496	    -14.46875690	     -9.29860069	     -4.98473282	      0.00000000	      3.24392809	      2.74333456	      0.00000000	     47.01172657	     -0.73682487	      3.39321366	    -13.14965340	     -2.38232733	     -4.98473282	      0.00000000	     15.09385135	      5.90917521	      0.00000000
      7.70000000	    112.17253517	      6.15236649	   -182.05651758	      0.02953512	     -0.43881242	     -0.61066654	     25.22606631	      0.61596015	     -2.78813083	     10.96869483	     -3.62155054	      5.32376542	      0.02259301	     -0.04806368	      0.00654002	      0.00000000	      0.00000000	      0.00000000	     -0.00662442	     -0.02829312	      0.00398403	      0.00000000	      0.00000000	      0.00000000	      0.00284473	     -0.03463595	     -0.00096840	    -56.64580963	   -324.23722990	    -13.83865857	     62.46322939	      0.00000000	      0.00000000	      0.00000000	      0.00000000	   -281.87970386	     27.95915545	      2.26083148	     52.79421737	      0.00000000	      0.00000000	      0.00000000	      0.00000000	     50.52959803	      5.50639318	    -11.21945015	    -13.31308712	    -13.00722210	     -4.98473282	      0.00000000	      4.82178192	      8.37970927	      0.00000000	     48.22185531	     -0.49608876	      4.65037729	    -13.31303903	     -5.89206722	     -4.98473282	      0.00000000	     14.43306460	      6.28033104	      0.00000000
      7.73333333	    112.94918284	      6.30833195	   -182.34267142	      0.03784748	     -0.42577681	     -0.61251090	     26.17952819	      0.68046325	     -2.09046209	     11.98136607	     -2.49314709	      4.00207568	      0.02471065	     -0.04682519	      0.00421213	      0.00000000	      0.00000000	      0.00000000	     -0.00591596	     -0.03311710	      0.00415676	      0.00000000	      0.00000000	      0.00000000	      0.00843517	     -0.03525545	     -0.00145829	    -58.19976385	   -322.35539913	    -15.34282820	     59.34547309	      0.00000000	      0.00000000	      0.00000000	      0.00000000	   -280.92369815	     33.32428219	      1.59150172	     46.18931275	      0.00000000	      0.00000000	      0.00000000	      0.00000000	     52.30450035	      5.76261079	    -12.21829254	    -12.89278893	    -14.89690267	     -4.98473282	      0.00000000	      5.24320428	     11.18456264	      0.00000000	     50.10923876	     -0.50524755	      5.67205382	    -13.50028543	     -7.89896487	     -4.98473282	      0.00000000	     13.42414245	      5.72715817	      0.00000000
      7.76666667	    114.00983356	      6.49896934	   -182.63109916	      0.04700015	     -0.41268461	     -0.61416258	     27.50176414	      0.83740569	     -1.22161319	     12.21651791	     -1.14165131	      2.13801437	      0.02519222	     -0.04479666	      0.00034533	      0.00000000	      0.00000000	      0.00000000	     -0.00503664	     -0.03789795	      0.00472297	      0.00000000	      0.00000000	      0.00000000	      0.01147390	     -0.03665156	     -0.00540971	    -60.11787295	   -320.59591896	    -16.23148742	     55.76465884	      0.00000000	      0.00000000	      0.00000000	      0.00000000	   -278.83803853	     39.82730892	      0.90351121	     38.81831453	      0.00000000	      0.00000000	      0.00000000	      0.00000000	     54.48954615	      5.96071518	    -11.95455745	    -13.23588593	    -14.48749088	     -4.98473282	      0.00000000	      5.05238956	     11.10824609	      0.00000000	     52.23865870	     -0.45109597	      8.00453797	    -13.78389460	     -9.73859414	     -4.98473282	      0.00000000	     12.88410026	      5.41798842	      0.00000000
      7.80000000	    114.75519390	      6.60264026	   -183.00951489	      0.05661331	     -0.39993254	     -0.61621703	     28.48794752	      0.84568326	     -0.13553529	     11.82067739	      0.29130728	      0.41582614	      0.02441218	     -0.04243740	     -0.00317214	      0.00000000	      0.00000000	      0.00000000	     -0.00380567	     -0.04172208	      0.00697567	      0.00000000	      0.00000000	      0.00000000	      0.01368718	     -0.03926074	     -0.01016900	    -61.18586230	   -318.74398857	    -17.64591654	     52.17929419	      0.00000000	      0.00000000	      0.00000000	      0.00000000	   -274.51898715	     45.58905449	      0.65590518	     32.02364767	      0.00000000	      0.00000000	      0.00000000	      0.00000000	     56.31826139	      6.19042612	    -11.39308280	    -14.04576552	    -10.30476087	     -4.98473282	      0.00000000	      3.87160440	      5.61650783	      0.00000000	     54.10788015	     -0.40423202	     11.39308375	    -14.63742154	    -11.87359544	     -4.98473282	      0.00000000	     13.31167372	      5.08438224	      0.00000000
      7.83333333	    113.34412422	      6.47849445	   -183.25362923	      0.06532451	     -0.38823267	     -0.61824731	     26.89248597	      0.57799082	      0.65328807	     11.71498915	      1.28141370	     -0.11127139	      0.02220072	     -0.04193716	     -0.00520077	      0.00000000	      0.00000000	      0.00000000	     -0.00297541	     -0.04625162	      0.00959025	      0.00000000	      0.00000000	      0.00000000	      0.01414337	     -0.04184876	     -0.01477857	    -61.73979733	   -315.52994355	    -20.37073466	     48.08734869	      0.00000000	      0.00000000	      0.00000000	      0.00000000	   -270.33435278	     48.91063793	      2.97978743	     27.35318962	      0.00000000	      0.00000000	      0.00000000	      0.00000000	     55.28018400	      6.24026175	    -12.68569460	    -13.90142253	     -4.06977932	     -4.98473282	      0.00000000	      2.70145592	     -0.85270976	      0.00000000	     53.30006032	     -0.37878455	     13.60861437	    -14.96509861	    -12.74308684	     -4.98473282	      0.00000000	     13.87648791	      3.22697489	      0.00000000
      7.86666667	    111.39358215	      6.00068398	   -183.27958277	      0.07268575	     -0.37735689	     -0.62029785	     24.73784520	     -0.26539043	      1.11383502	     11.77897179	      1.92760489	      0.62766492	      0.02090312	     -0.04274349	     -0.00484856	      0.00000000	      0.00000000	      0.00000000	      0.00066569	     -0.04745577	      0.01001918	      0.00000000	      0.00000000	      0.00000000	      0.01668646	     -0.04195850	     -0.01541049	    -60.69859418	   -312.16478382	    -24.01184613	     44.60614083	      0.00000000	      0.00000000	      0.00000000	      0.00000000	   -268.36104511	     49.87191722	      6.07752670	     25.25865365	      0.00000000	      0.00000000	      0.00000000	      0.00000000	     53.40191895	      5.92745785	    -14.13894129	    -12.99845283	      0.05060323	     -4.98473282	      0.00000000	      2.83688506	     -1.45840351	      0.00000000	     51.75080773	     -0.12973724	     14.04534676	    -14.67112029	    -13.34037179	     -4.98473282	      0.00000000	     13.56281614	      1.04448504	      0.00000000
      7.90000000	    109.29512164	      5.30864940	   -183.35314629	      0.07870467	     -0.36671153	     -0.62204259	     22.23281168	     -1.46423800	      1.40735199	     12.16859109	      2.10676693	      1.70244673	      0.01925849	     -0.04395596	     -0.00200961	      0.00000000	      0.00000000	      0.00000000	      0.00682990	     -0.05036878	      0.00576799	      0.00000000	      0.00000000	      0.00000000	      0.01841284	     -0.04168098	     -0.01198898	    -60.81504173	   -309.02608363	    -28.09013270	     41.13130651	      0.00000000	      0.00000000	      0.00000000	      0.00000000	   -266.71332168	     50.48535184	      8.05627543	     22.51728225	      0.00000000	      0.00000000	      0.00000000	      0.00000000	     51.57607481	      5.45595070	    -14.99256772	    -12.08242640	      3.32945475	     -4.98473282	      0.00000000	      3.20670691	      1.43621501	      0.00000000	     50.08699921	      0.25398810	     13.68332652	    -14.17666531	    -14.38096803	     -4.98473282	      0.00000000	     13.19182745	     -0.71094864	      0.00000000
      7.93333333	    107.45046824	      4.84431503	   -183.31470393	      0.08322883	     -0.35717596	     -0.62313570	     19.93596035	     -2.45309516	      1.48196700	     12.85733788	      2.14915333	      2.94739008	      0.01801193	     -0.04553364	      0.00102398	      0.00000000	      0.00000000	      0.00000000	      0.01204849	     -0.05396699	      0.00095478	      0.00000000	      0.00000000	      0.00000000	      0.01898047	     -0.04304003	     -0.00826645	    -61.79808923	   -305.89969543	    -32.41586888	     36.49727313	      0.00000000	      0.00000000	      0.00000000	      0.00000000	   -264.44851063	     52.13845795	      8.78456446	     18.02962167	      0.00000000	      0.00000000	      0.00000000	      0.00000000	     50.16001830	      4.94034814	    -14.88589813	    -11.35123577	      5.18303088	     -4.98473282	      0.00000000	      3.19888622	      6.25906514	      0.00000000	     48.64221174	      0.53114482	     12.69095395	    -13.54141179	    -14.30271849	     -4.98473282	      0.00000000	     13.29223705	     -2.09512894	      0.00000000
      7.96666667	    105.12244341	      4.77373311	   -183.27035192	      0.08713388	     -0.34993030	     -0.62351430	     17.06470425	     -2.94816696	      1.68436402	     14.06417467	      1.88264217	      3.22270698	      0.01723004	     -0.04657964	      0.00332206	      0.00000000	      0.00000000	      0.00000000	      0.01559044	     -0.05826915	     -0.00262619	      0.00000000	      0.00000000	      0.00000000	      0.01786682	     -0.04717807	     -0.00757959	    -64.20718069	   -303.56951003	    -36.64029760	     31.75978939	      0.00000000	      0.00000000	      0.00000000	      0.00000000	   -259.87870258	     55.42028938	      6.51422805	     10.75272451	      0.00000000	      0.00000000	      0.00000000	      0.00000000	     48.29927814	      4.79614288	    -13.94177670	    -11.00281675	      2.88561884	     -4.98473282	      0.00000000	      3.82165524	     11.70894048	      0.00000000	     46.70184997	      0.64496023	     13.22957780	    -13.45899187	    -14.78225747	     -4.98473282	      0.00000000	     15.15520570	     -1.57421232	      0.00000000
      8.00000000	    104.77835452	      4.92827789	   -182.88007179	      0.09128895	     -0.34477997	     -0.62434001	     16.72499685	     -3.29850308	      1.25342937	     14.41748809	      2.23324527	      3.57257677	      0.01708777	     -0.04572279	      0.00463979	      0.00000000	      0.00000000	      0.00000000	      0.01819432	     -0.05912571	     -0.00027304	      0.00000000	      0.00000000	      0.00000000	      0.01829262	     -0.04675297	     -0.00739064	    -63.40149360	   -301.36578426	    -40.95246859	     28.90855721	      0.00000000	      0.00000000	      0.00000000	      0.00000000	   -257.85350198	     58.17520940	      6.23689618	      5.73064033	      0.00000000	      0.00000000	      0.00000000	      0.00000000	     48.49411840	      4.79704092	    -14.15948669	    -11.17979272	     -0.80979902	     -4.98473282	      0.00000000	      4.70395527	     12.70126269	      0.00000000	     46.80940287	      0.62830160	     13.79700696	    -13.54072742	    -12.70754847	     -4.98473282	      0.00000000	     16.38684006	     -0.17253629	      0.00000000
      8.03333333	    104.94644744	      5.03792492	   -182.49754481	      0.09563918	     -0.34196544	     -0.62476398	     17.10402719	     -3.56309208	      0.94484633	     14.53353610	      2.53362286	      2.93616128	      0.01670458	     -0.04399535	      0.00513473	      0.00000000	      0.00000000	      0.00000000	      0.01783645	     -0.05961805	      0.00026837	      0.00000000	      0.00000000	      0.00000000	      0.01915396	     -0.04549642	     -0.00868507	    -64.80652616	   -300.04252461	    -44.00640896	     25.81161363	      0.00000000	      0.00000000	      0.00000000	      0.00000000	   -256.15721294	     61.01012314	      5.84660349	      1.12696759	      0.00000000	      0.00000000	      0.00000000	      0.00000000	     49.10152017	      4.84600104	    -14.33145731	    -11.33715752	     -5.87601479	     -4.98473282	      0.00000000	      6.91985886	     14.12995979	      0.00000000	     47.38082005	      0.59504451	     14.01712360	    -13.58974771	     -9.68091035	     -4.98473282	      0.00000000	     17.16743350	      1.92401663	      0.00000000
      8.06666667	    105.77520321	      4.60129894	   -182.07632225	      0.09988200	     -0.33988176	     -0.62484332	     18.34322095	     -4.46242488	      0.52738372	     14.01455292	      3.08679895	      2.09358888	      0.01653075	     -0.04175712	      0.00603818	      0.00000000	      0.00000000	      0.00000000	      0.01726008	     -0.06086882	     -0.00461989	      0.00000000	      0.00000000	      0.00000000	      0.02211228	     -0.04192794	     -0.00506316	    -69.55222189	   -299.63095801	    -43.56891937	     20.91095022	      0.00000000	      0.00000000	      0.00000000	      0.00000000	   -256.18673627	     61.58948392	      5.32657515	      0.00000000	      0.00000000	      0.00000000	      0.00000000	      0.00000000	     50.59602516	      4.34988340	    -13.16955628	    -12.06439967	     -8.81453478	     -4.98473282	      0.00000000	      9.26713882	     15.77985359	      0.00000000	     48.60231081	      1.06890123	     13.58033050	    -13.43814653	     -6.96397138	     -4.98473282	      0.00000000	     16.36251548	      3.79623185	      0.00000000
      8.10000000	    107.30586807	      3.48416425	   -182.22278162	      0.10328604	     -0.33846622	     -0.62454516	     20.56558451	     -5.87517371	      0.85971275	     13.28501142	      3.95324491	      1.55506114	      0.01828845	     -0.04002357	      0.00754185	      0.00000000	      0.00000000	      0.00000000	      0.01424735	     -0.06747108	     -0.00809753	      0.00000000	      0.00000000	      0.00000000	      0.02488513	     -0.03807137	     -0.00290652	    -78.74079969	   -298.38744415	    -36.55162595	     11.37302127	      0.00000000	      0.00000000	      0.00000000	      0.00000000	   -256.95825515	     61.83614748	      5.34690381	      0.00000000	      0.00000000	      0.00000000	      0.00000000	      0.00000000	     52.86630796	      3.83077352	    -10.42951513	    -12.83174684	    -10.07274169	     -4.98473282	      0.00000000	     10.26327613	     16.47352972	      0.00000000	     50.28930008	      1.80571164	     12.84052687	    -13.11624281	     -5.47809922	     -4.98473282	      0.00000000	     15.37073024	      3.50868612	      0.00000000
      8.13333333	    108.01007822	      2.78697984	   -182.49006372	      0.10545243	     -0.33713100	     -0.62407948	     21.63858604	     -6.77807282	      0.93225221	     12.80217573	      4.27498140	      1.40996111	      0.01988682	     -0.03979021	      0.01087171	      0.00000000	      0.00000000	      0.00000000	      0.01039194	     -0.07379111	     -0.00000362	      0.00000000	      0.00000000	      0.00000000	      0.02589070	     -0.03651182	     -0.00077361	    -86.86523242	   -294.26654532	    -22.21285772	      0.00000000	      0.00000000	      0.00000000	      0.00000000	      0.00000000	   -256.97189146	     61.31010976	      3.25742697	      0.00000000	      0.00000000	      0.00000000	      0.00000000	      0.00000000	     53.96900506	      3.81623949	     -8.47567796	    -13.18679617	     -9.85573125	     -4.98473282	      0.00000000	     10.05809908	     13.97238886	      0.00000000	     51.23196920	      2.29218940	     13.42295719	    -13.57925546	     -4.66500091	     -4.98473282	      0.00000000	     15.11829797	      0.71559165	      0.00000000
      8.16666667	    107.47685229	      2.70628767	   -182.40804654	      0.10612144	     -0.33675086	     -0.62333397	     21.13595902	     -7.10561699	      0.14929429	     12.19168311	      4.76047948	      2.06206801	      0.02074970	     -0.04072764	      0.01359134	      0.00000000	      0.00000000	      0.00000000	      0.01343049	     -0.07350206	      0.00010401	      0.00000000	      0.00000000	      0.00000000	      0.02463200	     -0.03656323	     -0.00010726	    -86.46188750	   -293.81230230	    -19.49400279	      0.37195709	      0.00000000	      0.00000000	      0.00000000	      0.00000000	   -256.99517125	     60.50101586	      2.46681886	      0.00000000	      0.00000000	      0.00000000	      0.00000000	      0.00000000	     53.48561203	      3.63908462	     -9.39815834	    -13.45139099	     -8.79513807	     -4.98473282	      0.00000000	     10.76486210	     12.37823027	      0.00000000	     50.77749822	      2.55670234	     13.89617737	    -13.96811293	     -5.19886628	     -4.98473282	      0.00000000	     15.76600966	     -0.31579561	      0.00000000
      8.20000000	    106.25637651	      3.25848587	   -182.35460143	      0.10574474	     -0.33697181	     -0.62226281	     19.74490851	     -6.56844872	     -0.68609613	     12.04751543	      4.43291193	      2.54742629	      0.02235567	     -0.04244051	      0.01552857	      0.00000000	      0.00000000	      0.00000000	      0.01773608	     -0.07366421	     -0.00292234	      0.00000000	      0.00000000	      0.00000000	      0.02317835	     -0.03870510	      0.00013492	    -84.56525814	   -294.95661009	    -23.24204067	      4.62457605	      0.00000000	      0.00000000	      0.00000000	      0.00000000	   -256.85344284	     59.72393360	      1.28407842	      0.00000000	      0.00000000	      0.00000000	      0.00000000	      0.00000000	     52.01446138	      3.82485740	    -11.43739566	    -13.52072036	     -5.76523367	     -4.98473282	      0.00000000	     10.45070070	      8.90902191	      0.00000000	     49.46203951	      2.41965297	     15.99687265	    -14.25136291	     -6.71222993	     -4.98473282	      0.00000000	     16.08291335	     -0.68133361	      0.00000000
      8.23333333	    104.97449002	      3.52608420	   -182.57965928	      0.10474413	     -0.33800488	     -0.62129563	     18.25675595	     -6.21938887	     -0.80601388	     11.90010498	      4.52484981	      2.94229442	      0.02180062	     -0.04368453	      0.01604163	      0.00000000	      0.00000000	      0.00000000	      0.02110380	     -0.07307352	     -0.00482812	      0.00000000	      0.00000000	      0.00000000	      0.02052153	     -0.03911072	     -0.00062007	    -79.92434996	   -296.20900731	    -33.05011139	     10.88307228	      0.00000000	      0.00000000	      0.00000000	      0.00000000	   -257.03624023	     59.72303715	      3.04827053	      0.00000000	      0.00000000	      0.00000000	      0.00000000	      0.00000000	     50.36209719	      4.01604538	    -13.00609545	    -13.17725246	     -4.16315315	     -4.98473282	      0.00000000	     10.17024523	      9.09676767	      0.00000000	     47.99082087	      1.98776344	     16.12110619	    -14.14559066	     -7.42852065	     -4.98473282	      0.00000000	     16.24523871	      1.41639692	      0.00000000
      8.26666667	    103.08151692	      3.58476223	   -182.45572130	      0.10342446	     -0.33965370	     -0.61966290	     16.08786112	     -6.03631103	     -0.79282642	     12.54683186	      4.12175443	      2.63202017	      0.02259212	     -0.04518077	      0.01538998	      0.00000000	      0.00000000	      0.00000000	      0.02509662	     -0.06834878	     -0.00670689	      0.00000000	      0.00000000	      0.00000000	      0.01928501	     -0.04005616	     -0.00129418	    -73.97310905	   -297.77648348	    -37.41071801	     17.28957588	      0.00000000	      0.00000000	      0.00000000	      0.00000000	   -257.22106260	     59.80256925	      5.39237498	      0.38885806	      0.00000000	      0.00000000	      0.00000000	      0.00000000	     47.95908063	      3.96975033	    -13.38731492	    -12.51204805	     -4.42113128	     -4.98473282	      0.00000000	      9.60414641	      9.89276554	      0.00000000	     45.60293638	      2.04073955	     16.97462264	    -13.48187333	     -8.34549524	     -4.98473282	      0.00000000	     16.46626874	      2.75796457	      0.00000000
      8.30000000	    102.10829131	      3.31451404	   -182.33716827	      0.10237091	     -0.34119389	     -0.61791674	     14.99508026	     -6.11322176	     -0.52312711	     12.75760187	      4.12036090	      2.42448333	      0.02175259	     -0.04530131	      0.01376176	      0.00000000	      0.00000000	      0.00000000	      0.02770670	     -0.06705796	     -0.00699037	      0.00000000	      0.00000000	      0.00000000	      0.01883721	     -0.04130047	     -0.00264189	    -70.29458249	   -298.53197181	    -40.45601619	     21.06006999	      0.00000000	      0.00000000	      0.00000000	      0.00000000	   -257.25881970	     60.38505642	      6.96326849	      0.02037828	      0.00000000	      0.00000000	      0.00000000	      0.00000000	     46.70976119	      3.65621230	    -13.74701970	    -12.07413215	     -5.27865887	     -4.98473282	      0.00000000	      9.63149390	     11.14437337	      0.00000000	     44.19812828	      2.30009901	     16.38804959	    -12.79104177	     -8.72475693	     -4.98473282	      0.00000000	     17.58459016	      3.74115705	      0.00000000
      8.33333333	    101.46018985	      2.84455214	   -182.31583755	      0.10162085	     -0.34193320	     -0.61575727	     14.24107914	     -6.32264541	     -0.18434424	     13.29496793	      4.04813316	      1.77540591	      0.02178656	     -0.04497548	      0.01196447	      0.00000000	      0.00000000	      0.00000000	      0.02887716	     -0.06634520	     -0.00551178	      0.00000000	      0.00000000	      0.00000000	      0.01903152	     -0.04263168	     -0.00360935	    -68.61960084	   -298.50449478	    -42.36926737	     22.45757391	      0.00000000	      0.00000000	      0.00000000	      0.00000000	   -257.14847408	     60.59407362	      6.78209047	      0.00000000	      0.00000000	      0.00000000	      0.00000000	      0.00000000	     46.15727518	      3.22246139	    -13.16592275	    -12.23731594	     -6.78502260	     -4.98473282	      0.00000000	     10.43670599	     12.65698601	      0.00000000	     43.29502081	      2.82584382	     15.49735067	    -12.54670869	     -9.48314337	     -4.98473282	      0.00000000	     18.96206642	      3.67626123	      0.00000000
      8.36666667	    101.81812707	      2.57513294	   -182.49120497	      0.10153153	     -0.34158532	     -0.61323475	     14.64582771	     -6.13662307	      0.28156374	     13.45255347	      4.07991042	      1.32989983	      0.02204806	     -0.04384406	      0.01006601	      0.00000000	      0.00000000	      0.00000000	      0.02709404	     -0.06690472	     -0.00448709	      0.00000000	      0.00000000	      0.00000000	      0.01994700	     -0.04302288	     -0.00407455	    -70.64401718	   -297.81238867	    -43.86902296	     20.27210635	      0.00000000	      0.00000000	      0.00000000	      0.00000000	   -257.50286365	     60.71758845	      4.89108111	      0.00000000	      0.00000000	      0.00000000	      0.00000000	      0.00000000	     46.90038237	      2.99376954	    -12.18737547	    -12.92870960	     -7.97232384	     -4.98473282	      0.00000000	     11.72864877	     14.49983418	      0.00000000	     43.77603672	      3.09255692	     14.81913804	    -13.02562887	     -9.28435073	     -4.98473282	      0.00000000	     19.50610931	      3.00074229	      0.00000000
      8.40000000	    102.85586895	      2.37694663	   -182.67310439	      0.10190071	     -0.34059097	     -0.61062845	     15.83507504	     -5.88921228	      0.72486068	     13.69677348	      3.97811672	      0.71744881	      0.02341314	     -0.04255418	      0.00869521	      0.00000000	      0.00000000	      0.00000000	      0.02491545	     -0.06613111	     -0.00494237	      0.00000000	      0.00000000	      0.00000000	      0.02096728	     -0.04308857	     -0.00342455	    -74.03868467	   -297.51039936	    -43.36761663	     17.00489586	      0.00000000	      0.00000000	      0.00000000	      0.00000000	   -258.04209197	     60.82301595	      2.67924835	      0.00000000	      0.00000000	      0.00000000	      0.00000000	      0.00000000	     48.46465727	      2.83037670	    -10.77691252	    -13.83782366	     -9.44053602	     -4.98473282	      0.00000000	     12.81304354	     16.79581574	      0.00000000	     45.15580389	      3.26674559	     14.79490479	    -13.84534514	     -7.80159939	     -4.98473282	      0.00000000	     18.70393858	      1.59785365	      0.00000000
      8.43333333	    102.79640498	      2.40241013	   -182.84021485	      0.10155246	     -0.34001094	     -0.60821342	     15.68186552	     -5.60318245	      0.92692897	     13.69671193	      3.98450166	      0.70135450	      0.02300733	     -0.04214391	      0.00873736	      0.00000000	      0.00000000	      0.00000000	      0.02509208	     -0.06225944	     -0.00457737	      0.00000000	      0.00000000	      0.00000000	      0.02088184	     -0.04341034	     -0.00177447	    -73.92933462	   -297.62042631	    -43.26158992	     16.89582614	      0.00000000	      0.00000000	      0.00000000	      0.00000000	   -258.32205408	     60.76710686	      2.69694002	      0.00000000	      0.00000000	      0.00000000	      0.00000000	      0.00000000	     48.49986519	      2.81144742	    -10.28858370	    -14.10436892	     -9.15292252	     -4.98473282	      0.00000000	     12.90432747	     17.16027399	      0.00000000	     45.30971960	      3.18001285	     15.16424026	    -14.34533648	     -7.14550085	     -4.98473282	      0.00000000	     17.82444500	      2.06451464	      0.00000000
      8.46666667	    104.10114344	      1.88733869	   -182.98779601	      0.10189358	     -0.33960657	     -0.60574864	     17.36571280	     -5.82197150	      1.20103865	     13.66137767	      3.74422359	      0.21115553	      0.02481559	     -0.04182824	      0.00838004	      0.00000000	      0.00000000	      0.00000000	      0.02841227	     -0.05898711	     -0.00588760	      0.00000000	      0.00000000	      0.00000000	      0.02166911	     -0.04309116	     -0.00172162	    -72.18973376	   -298.70771823	    -41.02070835	     18.36345145	      0.00000000	      0.00000000	      0.00000000	      0.00000000	   -259.52713053	     61.06020342	      4.89956192	      0.00000000	      0.00000000	      0.00000000	      0.00000000	      0.00000000	     50.26468579	      2.43331399	     -8.54826023	    -14.50837880	    -10.84082923	     -4.98473282	      0.00000000	     12.84314474	     18.97065889	      0.00000000	     46.94196814	      3.54967355	     14.32114650	    -14.73543580	     -5.11288124	     -4.98473282	      0.00000000	     16.76433063	     -0.25403309	      0.00000000
      8.50000000	    104.10886158	      1.87283183	   -182.87796074	      0.10148876	     -0.33979128	     -0.60404148	     17.36569391	     -5.70865507	      0.99405453	     13.58455940	      3.75694790	      0.20355455	      0.02434364	     -0.04230362	      0.00759256	      0.00000000	      0.00000000	      0.00000000	      0.03006528	     -0.06263695	     -0.00435527	      0.00000000	      0.00000000	      0.00000000	      0.02148700	     -0.04432581	     -0.00127384	    -72.52487650	   -298.72637523	    -41.05466668	     18.98634644	      0.00000000	      0.00000000	      0.00000000	      0.00000000	   -259.74417000	     60.92351321	      4.91031208	      0.00000000	      0.00000000	      0.00000000	      0.00000000	      0.00000000	     50.32813675	      2.25475134	     -8.25411496	    -14.38459492	    -10.71944041	     -4.98473282	      0.00000000	     12.55204926	     19.09733159	      0.00000000	     47.08917616	      3.77457823	     13.91040854	    -14.78712562	     -5.40040319	     -4.98473282	      0.00000000	     16.98290815	     -0.64175910	      0.00000000
      8.53333333	    104.31542962	      1.76029866	   -183.17070054	      0.10107706	     -0.34057950	     -0.60354404	     17.81338901	     -5.73567531	      1.41016953	     13.47255492	      3.38961492	      0.33595845	      0.02502426	     -0.04290123	      0.00927532	      0.00000000	      0.00000000	      0.00000000	      0.03159182	     -0.06344862	     -0.00330959	      0.00000000	      0.00000000	      0.00000000	      0.02165766	     -0.04506536	     -0.00123504	    -70.58921735	   -299.37674444	    -40.74796473	     21.08221074	      0.00000000	      0.00000000	      0.00000000	      0.00000000	   -260.08450490	     61.09816647	      4.66315548	      0.00000000	      0.00000000	      0.00000000	      0.00000000	      0.00000000	     50.66052240	      2.53723502	     -6.89797064	    -14.54946104	    -10.56700090	     -4.98473282	      0.00000000	     11.91439815	     17.99036837	      0.00000000	     47.30686497	      3.80045266	     13.67760263	    -14.87771949	     -5.31936000	     -4.98473282	      0.00000000	     17.29796579	     -2.69063769	      0.00000000
      8.56666667	    104.21407678	      1.89390214	   -183.21955800	      0.10079710	     -0.34135882	     -0.60306729	     17.80532150	     -5.44181641	      1.28768306	     13.40196849	      3.41410152	      0.36671365	      0.02525571	     -0.04344582	      0.00819206	      0.00000000	      0.00000000	      0.00000000	      0.03181255	     -0.06147573	     -0.00423829	      0.00000000	      0.00000000	      0.00000000	      0.02001954	     -0.04620068	     -0.00302992	    -69.57125291	   -299.17257020	    -41.03690408	     21.50186192	      0.00000000	      0.00000000	      0.00000000	      0.00000000	   -260.50074448	     61.15542030	      4.60097444	      0.00000000	      0.00000000	      0.00000000	      0.00000000	      0.00000000	     50.76733146	      2.66391674	     -6.93079935	    -15.27949955	    -10.57869473	     -4.98473282	      0.00000000	     11.74669429	     17.55482626	      0.00000000	     47.26373830	      3.77100215	     13.50853021	    -15.08489505	     -5.23345493	     -4.98473282	      0.00000000	     17.71985155	     -3.14873019	      0.00000000
      8.60000000	    104.69498690	      2.14040047	   -183.25816571	      0.10053207	     -0.34263378	     -0.60310750	     18.65498218	     -5.08785838	      1.23790464	     12.96606076	      3.25462069	      1.17987091	      0.02641230	     -0.04320273	      0.00968278	      0.00000000	      0.00000000	      0.00000000	      0.03217682	     -0.05016399	     -0.00241735	      0.00000000	      0.00000000	      0.00000000	      0.02058096	     -0.04649779	     -0.00229867	    -63.32962471	   -298.82191202	    -42.75275802	     23.71964946	      0.00000000	      0.00000000	      0.00000000	      0.00000000	   -261.86267485	     60.61421733	      6.22285255	      1.62629913	      0.00000000	      0.00000000	      0.00000000	      0.00000000	     51.12928651	      2.92678566	     -7.13993949	    -15.55834143	    -10.11033778	     -4.98473282	      0.00000000	     11.19481560	     15.55866646	      0.00000000	     47.71940449	      3.56848565	     13.60528820	    -15.36479854	     -3.08519780	     -4.98473282	      0.00000000	     17.16086353	     -5.47283352	      0.00000000
      8.63333333	    105.15340595	      2.05782882	   -183.61618864	      0.10040292	     -0.34348070	     -0.60174543	     19.44507276	     -4.67453251	      1.48814809	     13.13548085	      2.76447805	      1.28302041	      0.02883548	     -0.04333565	      0.00908539	      0.00000000	      0.00000000	      0.00000000	      0.03011639	     -0.04802703	     -0.00415472	      0.00000000	      0.00000000	      0.00000000	      0.02263536	     -0.04303446	     -0.00053681	    -64.86485386	   -297.77425441	    -43.38594096	     20.61236227	      0.00000000	      0.00000000	      0.00000000	      0.00000000	   -266.10232917	     59.13203151	     14.77241934	      6.30720098	      0.00000000	      0.00000000	      0.00000000	      0.00000000	     51.73444564	      2.82829653	     -7.88555633	    -15.85643185	    -11.75700881	     -4.98473282	      0.00000000	     10.99847123	     19.00749249	      0.00000000	     47.98311095	      3.39229352	     13.25138707	    -15.31749861	     -0.15046933	     -4.98473282	      0.00000000	     15.28832588	     -8.81172430	      0.00000000
      8.66666667	    104.86268009	      1.84002161	   -183.72547387	      0.10016330	     -0.34429738	     -0.59994546	     19.33515113	     -4.52968587	      1.51084248	     12.80175737	      3.19471546	      1.85366630	      0.02950428	     -0.04319103	      0.00694329	      0.00000000	      0.00000000	      0.00000000	      0.03045279	     -0.04721597	     -0.00480653	      0.00000000	      0.00000000	      0.00000000	      0.02375033	     -0.04367394	     -0.00125536	    -64.87088442	   -297.36309051	    -43.60083900	     20.19033844	      0.00000000	      0.00000000	      0.00000000	      0.00000000	   -266.69300581	     59.17009178	     14.73356185	      5.99740219	      0.00000000	      0.00000000	      0.00000000	      0.00000000	     51.46767251	      2.52466708	     -7.69126871	    -15.93151493	    -11.56674286	     -4.98473282	      0.00000000	     10.94521766	     19.91382069	      0.00000000	     47.55045878	      3.59237637	     12.95579877	    -15.16652243	     -0.43205704	     -4.98473282	      0.00000000	     14.39035953	     -8.30880677	      0.00000000
      8.70000000	    103.45386820	      1.39377844	   -183.83317188	      0.09973287	     -0.34473361	     -0.59789874	     17.67321265	     -4.79641337	      1.69877713	     13.17914450	      2.78084184	      2.40603587	      0.02903608	     -0.04346923	      0.00799479	      0.00000000	      0.00000000	      0.00000000	      0.03071466	     -0.04967403	     -0.00456000	      0.00000000	      0.00000000	      0.00000000	      0.02345455	     -0.04646582	     -0.00180441	    -65.28925041	   -297.56242139	    -42.95748025	     21.64869867	      0.00000000	      0.00000000	      0.00000000	      0.00000000	   -264.61166115	     59.77753619	     11.48341541	      3.37762430	      0.00000000	      0.00000000	      0.00000000	      0.00000000	     50.19043208	      1.91055313	     -7.25677035	    -16.02852796	    -12.51128240	     -4.98473282	      0.00000000	     11.61250655	     24.35424083	      0.00000000	     45.78854422	      3.94319415	     12.25245701	    -14.39460065	     -3.06497272	     -4.98473282	      0.00000000	     14.81431342	     -4.45055283	      0.00000000
      8.73333333	    103.06774699	      1.29264393	   -183.94761753	      0.09944596	     -0.34438097	     -0.59584169	     17.02283690	     -4.48948399	      1.97277283	     13.86626280	      2.61374031	      2.16750168	      0.02871915	     -0.04388652	      0.00571141	      0.00000000	      0.00000000	      0.00000000	      0.03190161	     -0.04719288	     -0.00483752	      0.00000000	      0.00000000	      0.00000000	      0.02293340	     -0.04952004	     -0.00360232	    -62.83418596	   -298.48712375	    -42.66606833	     25.75467822	      0.00000000	      0.00000000	      0.00000000	      0.00000000	   -263.23688808	     60.44923842	      8.82896720	      1.47485262	      0.00000000	      0.00000000	      0.00000000	      0.00000000	     49.80422899	      1.81159426	     -6.10229769	    -15.85203463	    -12.21039781	     -4.98473282	      0.00000000	     11.09019595	     24.26642091	      0.00000000	     45.44694426	      4.19421277	     12.79491812	    -14.44458039	     -5.27718679	     -4.98473282	      0.00000000	     15.36996927	     -2.97330283	      0.00000000
      8.76666667	    103.09086469	      1.47472766	   -183.77040577	      0.09930531	     -0.34437970	     -0.59474901	     16.94674191	     -4.15827856	      1.73934503	     13.97051733	      2.56453926	      2.17017166	      0.02814919	     -0.04378553	      0.00507886	      0.00000000	      0.00000000	      0.00000000	      0.03237164	     -0.04426898	     -0.00220723	      0.00000000	      0.00000000	      0.00000000	      0.02190061	     -0.04991197	     -0.00463689	    -59.88248366	   -298.09220642	    -43.27992049	     28.04216466	      0.00000000	      0.00000000	      0.00000000	      0.00000000	   -263.34388964	     60.64256067	      7.50714404	      1.00355251	      0.00000000	      0.00000000	      0.00000000	      0.00000000	     49.85262631	      1.68161136	     -6.96121624	    -15.90066296	    -12.31874181	     -4.98473282	      0.00000000	     10.68922752	     24.00451946	      0.00000000	     45.65848895	      4.28103323	     13.36253433	    -14.84421902	     -6.08498826	     -4.98473282	      0.00000000	     16.50468797	     -1.88956534	      0.00000000
      8.80000000	    103.38480045	      1.78567316	   -183.79333159	      0.09942823	     -0.34466935	     -0.59475161	     17.24525166	     -3.81060489	      1.57461154	     14.14810322	      2.35365234	      1.78440752	      0.02803426	     -0.04333350	      0.00604460	      0.00000000	      0.00000000	      0.00000000	      0.03177402	     -0.04304911	      0.00118377	      0.00000000	      0.00000000	      0.00000000	      0.02029288	     -0.04864397	     -0.00506747	    -57.85765629	   -297.28377713	    -43.79185622	     29.05347088	      0.00000000	      0.00000000	      0.00000000	      0.00000000	   -263.96101985	     60.47218880	      7.23258576	      1.50913556	      0.00000000	      0.00000000	      0.00000000	      0.00000000	     49.99040467	      1.97680412	     -8.04385123	    -15.63480433	    -13.10247294	     -4.98473282	      0.00000000	     10.65290723	     23.33627836	      0.00000000	     46.23679172	      4.06293555	     14.45835753	    -15.63009440	     -6.27987015	     -4.98473282	      0.00000000	     17.48961357	     -1.76597751	      0.00000000
      8.83333333	    104.25096254	      2.30739343	   -183.84085132	      0.09963781	     -0.34563945	     -0.59561644	     18.45498099	     -3.33545552	      1.17667403	     13.92296549	      2.21156715	      1.53562895	      0.02930676	     -0.04266574	      0.00806398	      0.00000000	      0.00000000	      0.00000000	      0.03347929	     -0.04377169	      0.00224489	      0.00000000	      0.00000000	      0.00000000	      0.01902061	     -0.04712224	     -0.00494800	    -56.68581583	   -297.92703767	    -40.85379333	     30.49455844	      0.00000000	      0.00000000	      0.00000000	      0.00000000	   -264.93965587	     59.74271626	      5.91035240	      2.77147736	      0.00000000	      0.00000000	      0.00000000	      0.00000000	     50.40095670	      2.69202490	     -9.15613215	    -14.97347608	    -12.46681188	     -4.98473282	      0.00000000	     10.58795296	     19.74993964	      0.00000000	     47.32076117	      3.60039465	     15.95632363	    -16.31937661	     -6.93979287	     -4.98473282	      0.00000000	     18.18106329	     -1.97637547	      0.00000000
      8.86666667	    106.19565273	      2.61654847	   -184.12040683	      0.10078080	     -0.34678843	     -0.59688685	     20.99398270	     -3.05111444	      0.87929967	     13.15426367	      2.17486580	      1.61131829	      0.02968055	     -0.04047393	      0.01132946	      0.00000000	      0.00000000	      0.00000000	      0.03628958	     -0.04908010	      0.00032521	      0.00000000	      0.00000000	      0.00000000	      0.01564409	     -0.04542852	     -0.00648323	    -57.59097008	   -299.72446668	    -36.81194246	     32.49936550	      0.00000000	      0.00000000	      0.00000000	      0.00000000	   -264.78912585	     59.80969953	     -0.84166133	      1.58571013	      0.00000000	      0.00000000	      0.00000000	      0.00000000	     51.82632156	      3.57412167	    -10.06027457	    -14.61966947	     -4.65640936	     -4.98473282	      0.00000000	     10.06066311	      7.23409356	      0.00000000	     49.63386511	      3.03334720	     16.57085460	    -17.11457924	     -7.86079095	     -4.98473282	      0.00000000	     19.54366625	     -2.02034057	      0.00000000
