Coordinates
version=1
nRows=101
nColumns=64
inDegrees=yes

Units are S.I. units (second, meters, Newtons, ...)
If the header above contains a line with 'inDegrees', this indicates whether rotational values are in degrees (yes) or radians (no).

endheader
time	pelvic_tilt	pelvic_list	pelvic_rotation	pelvic_tx	pelvic_ty	pelvic_tz	lumbar_extension	lumbar_bending	lumbar_rotation	neck_flex	neck_tilt	neck_rot	neck_tx1	neck_ty1	neck_tz1	SternumRRotZ	SternumRRotX	SternumRRotY	SternumRX	SternumRY	SternumRZ	SternumLRotZ	SternumLRotX	SternumLRotY	SternumLX	SternumLY	SternumLZ	shoulder_add_r	shoulder_flex_r	shoulder_rot_r	elbow_flexion_r	elbow_varus_valg_r	pro_sup_r	wrist_dev_r	wrist_flex_r	shoulder_add_l	shoulder_flex_l	shoulder_rot_l	elbow_flexion_l	elbow_varus_valg_l	pro_sup_l	wrist_dev_l	wrist_flex_l	hip_flexion_r	hip_adduction_r	hip_rotation_r	knee_angle_r	knee_rotation_r	knee_adduction_r	knee_tz_r	ankle_angle_r	subtalar_angle_r	mtp_angle_r	hip_flexion_l	hip_adduction_l	hip_rotation_l	knee_angle_l	knee_rotation_l	knee_adduction_l	knee_tz_l	ankle_angle_l	subtalar_angle_l	mtp_angle_l
      0.03333333	    -14.37291214	      1.74926334	    175.79756819	     -0.04331282	     -0.00150137	     -0.48000565	    -22.04017091	     -3.55835145	      7.77632724	     -2.68069273	      9.31016480	    -12.34079693	     -0.02100725	     -0.00210217	      0.01478379	      0.00000000	      0.00000000	      0.00000000	     -0.01009188	     -0.03153696	      0.02435499	      0.00000000	      0.00000000	      0.00000000	     -0.01183960	      0.00647017	      0.00480138	     -8.03642342	      6.00073193	     29.33232142	     24.39992552	      0.00000000	      0.00000000	      0.00000000	      0.00000000	     18.13427428	     13.53773127	    -68.55082981	     13.53886936	      0.00000000	      0.00000000	      0.00000000	      0.00000000	    -19.14686069	     -1.81105581	      0.16590681	      0.80713714	     -3.98656305	     -4.98473282	      0.00000000	      5.71272398	      2.63010643	      0.00000000	    -22.41335512	     -3.97111349	    -19.72003066	      2.44144867	      3.50099843	     -4.98473282	      0.00000000	     12.77891322	     18.55500919	      0.00000000
      0.06666667	    -13.05840165	      1.98678586	    177.05518064	     -0.04445560	      0.00022241	     -0.47586106	    -20.37984739	     -1.10465144	      5.40266196	     -4.81838683	      6.72202667	     -8.58210274	     -0.01715648	     -0.00256376	      0.01638056	      0.00000000	      0.00000000	      0.00000000	     -0.01566997	     -0.02773191	      0.01666494	      0.00000000	      0.00000000	      0.00000000	     -0.01462935	     -0.00040457	     -0.00350521	    -11.32502006	      6.71360086	     32.29140910	     23.10227160	      0.00000000	      0.00000000	      0.00000000	      0.00000000	     18.29378081	     11.22317979	    -65.51109593	     17.88943062	      0.00000000	      0.00000000	      0.00000000	      0.00000000	    -18.39554485	     -1.10917312	     -4.41441939	      1.86807282	     -2.42927225	     -4.98473282	      0.00000000	      4.09038740	      2.29640458	      0.00000000	    -20.92787218	     -4.49658257	    -22.32123972	      2.51368021	      7.16638135	     -4.98473282	      0.00000000	     12.58347938	     18.61843196	      0.00000000
      0.10000000	    -12.23946509	      2.20415242	    178.02954188	     -0.04569445	      0.00167540	     -0.47219532	    -19.28218415	      0.87707039	      3.34080510	     -6.34541969	      4.85767138	     -5.84528529	     -0.01387644	     -0.00244038	      0.01587748	      0.00000000	      0.00000000	      0.00000000	     -0.01853315	     -0.02460292	      0.01245804	      0.00000000	      0.00000000	      0.00000000	     -0.01887882	     -0.00526535	     -0.01198808	    -13.41505605	      7.70230558	     34.89938936	     22.15666243	      0.00000000	      0.00000000	      0.00000000	      0.00000000	     17.28069937	     10.08160504	    -64.24326117	     19.16635104	      0.00000000	      0.00000000	      0.00000000	      0.00000000	    -18.12067586	     -0.53421681	     -8.90941515	      2.91302254	     -0.00068623	     -4.98473282	      0.00000000	      2.29847697	      2.03179800	      0.00000000	    -20.13613360	     -4.78758696	    -25.24736287	      2.81248658	     11.33314313	     -4.98473282	      0.00000000	     12.15991633	     18.30792098	      0.00000000
      0.13333333	    -11.95131309	      2.16553942	    178.74180462	     -0.04662276	      0.00250842	     -0.47008412	    -18.88243453	      1.81039027	      1.87797669	     -6.83694663	      4.01320465	     -4.42234386	     -0.01112257	     -0.00257282	      0.01457303	      0.00000000	      0.00000000	      0.00000000	     -0.01666810	     -0.02247430	      0.01015435	      0.00000000	      0.00000000	      0.00000000	     -0.02390851	     -0.00722087	     -0.01568399	    -14.35114218	      8.38332174	     36.63360026	     21.72547233	      0.00000000	      0.00000000	      0.00000000	      0.00000000	     16.43464033	     10.28345504	    -65.30120915	     17.97952140	      0.00000000	      0.00000000	      0.00000000	      0.00000000	    -18.23839171	     -0.31259560	    -11.68800449	      3.53954719	      2.55500743	     -4.98473282	      0.00000000	      1.04623002	      0.89032810	      0.00000000	    -19.79437309	     -4.86628025	    -27.23270678	      2.78916449	     14.58815402	     -4.98473282	      0.00000000	     11.95909047	     18.03575576	      0.00000000
      0.16666667	    -11.89379707	      1.86724348	    179.20899868	     -0.04670621	      0.00293506	     -0.46916590	    -18.96859979	      1.79210267	      1.03581985	     -6.11853106	      3.87275216	     -4.36640002	     -0.00845426	     -0.00379971	      0.01310446	      0.00000000	      0.00000000	      0.00000000	     -0.01092220	     -0.02061061	      0.01118210	      0.00000000	      0.00000000	      0.00000000	     -0.02624622	     -0.00685985	     -0.01629160	    -14.42534660	      8.37503335	     37.52349769	     22.04076720	      0.00000000	      0.00000000	      0.00000000	      0.00000000	     16.02524451	     10.43076355	    -65.49138274	     17.13132180	      0.00000000	      0.00000000	      0.00000000	      0.00000000	    -18.33268658	     -0.48631430	    -12.16143054	      3.66897159	      3.20201168	     -4.98473282	      0.00000000	      0.59316643	     -0.15918635	      0.00000000	    -19.61469419	     -4.70511678	    -27.04237505	      2.72527851	     14.89690267	     -4.98473282	      0.00000000	     11.66788312	     18.42497917	      0.00000000
      0.20000000	    -11.97760965	      1.69112996	    179.36651247	     -0.04636093	      0.00289224	     -0.46886464	    -19.36233826	      1.53915675	      0.79522234	     -5.35962750	      4.22108176	     -4.84759011	     -0.00760435	     -0.00412557	      0.01091282	      0.00000000	      0.00000000	      0.00000000	     -0.00576350	     -0.01854808	      0.01132151	      0.00000000	      0.00000000	      0.00000000	     -0.02603663	     -0.00590051	     -0.01408227	    -14.87377253	      8.25496322	     38.77017791	     22.32295063	      0.00000000	      0.00000000	      0.00000000	      0.00000000	     16.11347783	     10.33694670	    -64.20060830	     17.21950877	      0.00000000	      0.00000000	      0.00000000	      0.00000000	    -18.32204249	     -0.67048500	    -12.07733049	      3.33741236	      4.12911070	     -4.98473282	      0.00000000	      0.60425919	     -1.93352423	      0.00000000	    -19.54161219	     -4.64911599	    -26.56562421	      2.44907258	     14.89690267	     -4.98473282	      0.00000000	     11.92373310	     18.41268920	      0.00000000
      0.23333333	    -11.92759398	      1.79392982	    179.24728095	     -0.04637108	      0.00238148	     -0.46885872	    -19.59140073	      1.33692859	      1.24581133	     -4.52514740	      4.37295885	     -5.96888463	     -0.00729525	     -0.00389429	      0.00978985	      0.00000000	      0.00000000	      0.00000000	     -0.00383889	     -0.01699982	      0.01251648	      0.00000000	      0.00000000	      0.00000000	     -0.02277696	     -0.00452851	     -0.01131339	    -15.01148079	      8.15224617	     38.88643320	     22.36195125	      0.00000000	      0.00000000	      0.00000000	      0.00000000	     16.50180707	      9.92054151	    -61.84280491	     18.54843265	      0.00000000	      0.00000000	      0.00000000	      0.00000000	    -18.20094088	     -0.66342873	    -11.50792530	      3.13221909	      4.48137662	     -4.98473282	      0.00000000	      0.96970906	     -2.81504534	      0.00000000	    -19.54286029	     -4.72153752	    -26.41991814	      2.47747395	     14.89690267	     -4.98473282	      0.00000000	     12.26404751	     18.07838641	      0.00000000
      0.26666667	    -11.84955963	      2.16864048	    179.06601708	     -0.04674893	      0.00183985	     -0.46872058	    -19.64045198	      1.36515468	      2.03456567	     -4.02898329	      4.35993586	     -6.92747021	     -0.00664880	     -0.00344235	      0.01051910	      0.00000000	      0.00000000	      0.00000000	     -0.00408794	     -0.01673917	      0.01453506	      0.00000000	      0.00000000	      0.00000000	     -0.01908292	     -0.00355984	     -0.00945427	    -14.78448227	      8.22192372	     38.36948453	     22.31933819	      0.00000000	      0.00000000	      0.00000000	      0.00000000	     16.76882408	      9.87957382	    -60.47223316	     19.58756006	      0.00000000	      0.00000000	      0.00000000	      0.00000000	    -18.02047933	     -0.40311092	    -11.08791379	      2.94321440	      4.52787755	     -4.98473282	      0.00000000	      1.22766502	     -2.63757704	      0.00000000	    -19.62065030	     -5.02644573	    -26.54740645	      2.58053160	     14.89690267	     -4.98473282	      0.00000000	     12.53076559	     18.02918781	      0.00000000
      0.30000000	    -11.75575573	      2.50177337	    179.00747518	     -0.04718359	      0.00143769	     -0.46810779	    -19.69669565	      1.42546258	      2.75785207	     -3.88236208	      4.16530613	     -7.67920336	     -0.00701171	     -0.00300803	      0.01277839	      0.00000000	      0.00000000	      0.00000000	     -0.00640765	     -0.01837010	      0.01559947	      0.00000000	      0.00000000	      0.00000000	     -0.01763604	     -0.00324274	     -0.00816474	    -14.58976875	      8.71036096	     37.54666182	     22.45004568	      0.00000000	      0.00000000	      0.00000000	      0.00000000	     17.11413591	     10.18968697	    -60.08347469	     20.38663343	      0.00000000	      0.00000000	      0.00000000	      0.00000000	    -17.89893832	     -0.14947911	    -10.88824566	      2.87213284	      4.59093642	     -4.98473282	      0.00000000	      1.15682743	     -1.98081746	      0.00000000	    -19.69420750	     -5.22170321	    -26.90423455	      2.79305282	     14.89690267	     -4.98473282	      0.00000000	     12.47861398	     17.93420636	      0.00000000
      0.33333333	    -11.98775148	      2.77173905	    178.87856933	     -0.04824924	      0.00098531	     -0.46713241	    -19.92278750	      1.54424800	      3.69303946	     -3.73374000	      3.79067050	     -8.63076733	     -0.00587815	     -0.00295278	      0.01490935	      0.00000000	      0.00000000	      0.00000000	     -0.00800352	     -0.01955680	      0.01698708	      0.00000000	      0.00000000	      0.00000000	     -0.01591406	     -0.00350366	     -0.00704110	    -14.24348143	      8.89565810	     35.64099803	     22.73135278	      0.00000000	      0.00000000	      0.00000000	      0.00000000	     17.66880884	     10.14547101	    -60.50504830	     21.74537885	      0.00000000	      0.00000000	      0.00000000	      0.00000000	    -18.22897844	      0.05164650	    -11.02066554	      2.95947170	      4.53433272	     -4.98473282	      0.00000000	      1.38505399	     -0.73610035	      0.00000000	    -20.17228022	     -5.27722077	    -27.24038198	      3.00703036	     14.89690267	     -4.98473282	      0.00000000	     12.49315948	     17.59580819	      0.00000000
      0.36666667	    -11.99172216	      2.77444956	    179.01332572	     -0.04874500	      0.00094539	     -0.46584318	    -19.98565723	      1.53304891	      3.77841216	     -3.82915087	      3.77014480	     -8.64501178	     -0.00553963	     -0.00322458	      0.01664846	      0.00000000	      0.00000000	      0.00000000	     -0.00842711	     -0.02120529	      0.01870763	      0.00000000	      0.00000000	      0.00000000	     -0.01692898	     -0.00364904	     -0.00723775	    -14.17610888	      9.32939865	     35.49998626	     23.04994917	      0.00000000	      0.00000000	      0.00000000	      0.00000000	     17.63142193	     10.30238673	    -60.55456495	     21.96451267	      0.00000000	      0.00000000	      0.00000000	      0.00000000	    -18.25060385	      0.04821917	    -11.11664448	      2.88345512	      4.47397809	     -4.98473282	      0.00000000	      1.24290495	     -0.67483007	      0.00000000	    -20.20397778	     -5.19297722	    -27.22896441	      3.08733851	     14.89690267	     -4.98473282	      0.00000000	     12.44468982	     17.55234162	      0.00000000
      0.40000000	    -13.03434454	      2.49934254	    179.56807915	     -0.04946775	      0.00118889	     -0.46462701	    -21.24531726	      1.38239719	      3.43184820	     -4.10676585	      3.09624941	     -8.40535774	     -0.00656242	     -0.00280330	      0.01977940	      0.00000000	      0.00000000	      0.00000000	     -0.00903092	     -0.02231514	      0.02058054	      0.00000000	      0.00000000	      0.00000000	     -0.01710554	     -0.00438175	     -0.00337450	    -13.86256985	      9.52366117	     33.95248905	     23.36495379	      0.00000000	      0.00000000	      0.00000000	      0.00000000	     18.75103641	     10.55779648	    -61.57145272	     23.22983661	      0.00000000	      0.00000000	      0.00000000	      0.00000000	    -19.57977023	     -0.10249775	    -12.04668293	      3.20995229	      4.09270878	     -4.98473282	      0.00000000	      0.83220015	     -0.08483953	      0.00000000	    -21.25579519	     -4.98563829	    -26.23263928	      3.18758265	     14.89690267	     -4.98473282	      0.00000000	     12.07375336	     17.08818820	      0.00000000
      0.43333333	    -13.07131203	      2.47867055	    179.41595238	     -0.04984297	      0.00126391	     -0.46335443	    -21.36092272	      1.46297690	      3.27647340	     -4.13956590	      3.15260688	     -8.36754702	     -0.00571336	     -0.00260548	      0.01841675	      0.00000000	      0.00000000	      0.00000000	     -0.00848760	     -0.02357299	      0.02057043	      0.00000000	      0.00000000	      0.00000000	     -0.01768987	     -0.00434514	     -0.00234327	    -13.93531887	      9.61862384	     33.91797783	     23.33052316	      0.00000000	      0.00000000	      0.00000000	      0.00000000	     18.73347296	     10.68922708	    -61.56698069	     23.17212121	      0.00000000	      0.00000000	      0.00000000	      0.00000000	    -19.56127160	     -0.25457455	    -12.20263225	      3.10768356	      3.98631730	     -4.98473282	      0.00000000	      0.66347022	     -0.05200454	      0.00000000	    -21.41993437	     -4.83458713	    -26.04675338	      3.37157100	     14.89690267	     -4.98473282	      0.00000000	     12.20288925	     17.14301793	      0.00000000
      0.46666667	    -14.33988226	      2.35178045	    179.62552950	     -0.05139923	      0.00125117	     -0.46231787	    -22.73016311	      1.41127139	      2.53933656	     -4.16328121	      3.62267303	     -7.95522881	     -0.00522858	     -0.00118296	      0.01669931	      0.00000000	      0.00000000	      0.00000000	     -0.00849254	     -0.02397376	      0.01932602	      0.00000000	      0.00000000	      0.00000000	     -0.02029380	     -0.00264450	     -0.00232796	    -14.14242212	      9.99669263	     35.17895807	     22.75647873	      0.00000000	      0.00000000	      0.00000000	      0.00000000	     18.60475682	     10.97959205	    -61.38580423	     22.55518250	      0.00000000	      0.00000000	      0.00000000	      0.00000000	    -21.17847379	     -0.33547941	    -12.64971229	      3.55857181	      3.26659726	     -4.98473282	      0.00000000	      0.33719239	      0.72224131	      0.00000000	    -23.04726922	     -4.59052003	    -25.65162452	      3.95332889	     14.89690267	     -4.98473282	      0.00000000	     11.88380967	     17.05326720	      0.00000000
      0.50000000	    -14.37039109	      2.41838584	    179.38248977	     -0.05257184	      0.00113752	     -0.46156527	    -22.72872801	      1.39602241	      2.40683205	     -4.12259779	      3.64748748	     -8.00110074	     -0.00435086	     -0.00054863	      0.01564591	      0.00000000	      0.00000000	      0.00000000	     -0.00764990	     -0.02323049	      0.01680168	      0.00000000	      0.00000000	      0.00000000	     -0.02322487	     -0.00270099	     -0.00163166	    -14.45300864	      9.67841613	     35.18521307	     22.44974030	      0.00000000	      0.00000000	      0.00000000	      0.00000000	     18.84803175	     10.98991381	    -61.27228742	     22.52899119	      0.00000000	      0.00000000	      0.00000000	      0.00000000	    -21.20308926	     -0.35373627	    -12.68603077	      3.54423972	      3.19817806	     -4.98473282	      0.00000000	      0.35225561	      0.73113410	      0.00000000	    -23.26732501	     -4.49013761	    -25.75521863	      4.08672518	     14.89690267	     -4.98473282	      0.00000000	     12.09760958	     16.90984164	      0.00000000
      0.53333333	    -15.38975636	      2.95068091	    178.06336470	     -0.05484209	      0.00068325	     -0.46096852	    -23.71034374	      1.37633780	      3.43995836	     -3.99943066	      4.48832113	     -8.58585985	     -0.00280802	      0.00155773	      0.01194926	      0.00000000	      0.00000000	      0.00000000	     -0.00593295	     -0.02015103	      0.01443493	      0.00000000	      0.00000000	      0.00000000	     -0.02384391	     -0.00261379	      0.00030495	    -15.17239082	      9.23193847	     35.93411059	     22.89951681	      0.00000000	      0.00000000	      0.00000000	      0.00000000	     19.40232876	     10.24513182	    -60.22560362	     23.69833126	      0.00000000	      0.00000000	      0.00000000	      0.00000000	    -22.12990941	     -0.40649783	    -11.50376571	      3.35121728	      3.36821363	     -4.98473282	      0.00000000	      0.68504638	      1.16170738	      0.00000000	    -25.16246382	     -4.20858710	    -26.82556365	      4.81024317	     14.89690267	     -4.98473282	      0.00000000	     11.79554117	     15.89956603	      0.00000000
      0.56666667	    -15.51475247	      3.12223055	    177.78717139	     -0.05652505	      0.00018848	     -0.46036903	    -23.79873449	      1.24305989	      3.24025241	     -3.96393537	      4.59135572	     -8.81910500	     -0.00224463	      0.00272423	      0.01186603	      0.00000000	      0.00000000	      0.00000000	     -0.00457544	     -0.01856266	      0.01591030	      0.00000000	      0.00000000	      0.00000000	     -0.02498038	     -0.00211310	      0.00253767	    -14.73968543	      9.16673272	     35.88408594	     23.16185896	      0.00000000	      0.00000000	      0.00000000	      0.00000000	     19.74302515	     10.00073989	    -60.01912960	     23.45033524	      0.00000000	      0.00000000	      0.00000000	      0.00000000	    -22.39787138	     -0.45718857	    -11.00329747	      3.43904797	      3.59113827	     -4.98473282	      0.00000000	      0.92814808	      1.14036971	      0.00000000	    -25.51271860	     -4.21419536	    -27.13284142	      4.76544190	     14.89690267	     -4.98473282	      0.00000000	     11.88243414	     15.98122990	      0.00000000
      0.60000000	    -15.98120235	      3.21812533	    177.18953764	     -0.05792240	     -0.00035630	     -0.45991176	    -24.40879220	      0.82005826	      3.87858500	     -3.92071704	      5.76802776	     -9.58410977	     -0.00330281	      0.00468388	      0.00922510	      0.00000000	      0.00000000	      0.00000000	     -0.00511102	     -0.01827641	      0.01936320	      0.00000000	      0.00000000	      0.00000000	     -0.02183918	     -0.00061764	      0.00449138	    -13.64270324	      9.03876636	     33.86427366	     23.65679340	      0.00000000	      0.00000000	      0.00000000	      0.00000000	     19.76813158	      9.64332523	    -59.07745879	     23.23762048	      0.00000000	      0.00000000	      0.00000000	      0.00000000	    -22.93156877	     -0.70068837	     -9.63996371	      3.34058026	      4.02207936	     -4.98473282	      0.00000000	      0.87039197	     -0.60695902	      0.00000000	    -26.35622415	     -3.91605251	    -29.11479521	      5.15791682	     14.89690267	     -4.98473282	      0.00000000	     11.45467571	     18.42142142	      0.00000000
      0.63333333	    -15.46432368	      2.92879741	    177.41095101	     -0.05826707	     -0.00080391	     -0.45915218	    -24.00566456	      0.45548975	      3.31587186	     -4.04335314	      5.90597951	     -9.54671992	     -0.00467997	      0.00537468	      0.00972190	      0.00000000	      0.00000000	      0.00000000	     -0.00493950	     -0.01992071	      0.02151783	      0.00000000	      0.00000000	      0.00000000	     -0.01999130	      0.00025649	      0.00606858	    -12.71199621	      9.18679205	     33.38864787	     23.53929007	      0.00000000	      0.00000000	      0.00000000	      0.00000000	     19.75139200	      9.50860869	    -58.69208996	     22.31567010	      0.00000000	      0.00000000	      0.00000000	      0.00000000	    -22.55820422	     -0.91460398	     -9.75391340	      3.46928402	      4.35958313	     -4.98473282	      0.00000000	      0.95490344	     -1.41345019	      0.00000000	    -25.55728171	     -3.78575720	    -29.50571632	      4.77967306	     14.89690267	     -4.98473282	      0.00000000	     11.42916402	     19.35105893	      0.00000000
      0.66666667	    -14.71995903	      2.73064678	    177.78617732	     -0.05795670	     -0.00086473	     -0.45859030	    -23.48743226	      0.27652770	      2.64229900	     -3.88158076	      6.10691291	     -9.24973977	     -0.00594656	      0.00526912	      0.01035059	      0.00000000	      0.00000000	      0.00000000	     -0.00444423	     -0.02104580	      0.02294151	      0.00000000	      0.00000000	      0.00000000	     -0.01874072	      0.00054543	      0.00651428	    -12.01241097	      9.12847687	     32.86798349	     23.23581775	      0.00000000	      0.00000000	      0.00000000	      0.00000000	     19.64472294	      9.41912194	    -58.29914883	     21.49873240	      0.00000000	      0.00000000	      0.00000000	      0.00000000	    -21.89079744	     -0.88959047	    -10.34436459	      3.61554604	      4.61949637	     -4.98473282	      0.00000000	      0.72783743	     -2.06720695	      0.00000000	    -24.48817710	     -3.81844174	    -29.43233608	      4.51362442	     14.89690267	     -4.98473282	      0.00000000	     11.33089256	     19.81816041	      0.00000000
      0.70000000	    -14.54527562	      2.74114426	    177.81457890	     -0.05769204	     -0.00062980	     -0.45800979	    -23.62418442	      0.29309316	      2.20468247	     -3.74747127	      6.08989230	     -9.07196775	     -0.00702714	      0.00555088	      0.01003542	      0.00000000	      0.00000000	      0.00000000	     -0.00332000	     -0.01994452	      0.02284833	      0.00000000	      0.00000000	      0.00000000	     -0.01807883	      0.00011768	      0.00664057	    -11.90130316	      8.94555641	     32.71723441	     23.17603231	      0.00000000	      0.00000000	      0.00000000	      0.00000000	     19.69753169	      9.34867730	    -58.44319107	     21.23746617	      0.00000000	      0.00000000	      0.00000000	      0.00000000	    -21.57079624	     -0.87528375	    -10.60504601	      3.40075211	      4.56262137	     -4.98473282	      0.00000000	      0.56149847	     -2.12867435	      0.00000000	    -24.21347111	     -3.81084248	    -29.45295277	      4.44444035	     14.89690267	     -4.98473282	      0.00000000	     11.28235092	     19.72876730	      0.00000000
      0.73333333	    -14.43578100	      2.82302093	    177.56457374	     -0.05809954	     -0.00042839	     -0.45758846	    -23.72296697	      0.32962142	      1.89178046	     -3.65375338	      6.09034198	     -8.94466976	     -0.00750406	      0.00571706	      0.00903250	      0.00000000	      0.00000000	      0.00000000	     -0.00404623	     -0.01874318	      0.02167769	      0.00000000	      0.00000000	      0.00000000	     -0.01723212	     -0.00031660	      0.00686854	    -12.06865147	      9.01093030	     32.54127133	     23.15866128	      0.00000000	      0.00000000	      0.00000000	      0.00000000	     19.72357776	      9.14560234	    -58.62569434	     21.05504022	      0.00000000	      0.00000000	      0.00000000	      0.00000000	    -21.42246821	     -0.90960243	    -10.65407308	      3.39592460	      4.55721650	     -4.98473282	      0.00000000	      0.53674683	     -2.10356553	      0.00000000	    -24.21859935	     -3.80329281	    -29.32638688	      4.46820070	     14.89690267	     -4.98473282	      0.00000000	     11.33345943	     19.76699123	      0.00000000
      0.76666667	    -14.23622839	      3.09428250	    177.33238640	     -0.05868698	     -0.00036802	     -0.45692100	    -23.72758691	      0.75013662	      1.42207015	     -3.08748759	      5.52325729	     -6.71631420	     -0.00699640	      0.00452441	      0.01080808	      0.00000000	      0.00000000	      0.00000000	     -0.00400623	     -0.01776401	      0.01981029	      0.00000000	      0.00000000	      0.00000000	     -0.01909180	     -0.00076288	      0.00578823	    -12.29228741	      8.81965013	     31.29631621	     23.68548522	      0.00000000	      0.00000000	      0.00000000	      0.00000000	     19.35856247	      9.78711390	    -60.96677923	     19.53728635	      0.00000000	      0.00000000	      0.00000000	      0.00000000	    -21.07960572	     -0.80653379	    -10.93654948	      3.20025044	      4.55240814	     -4.98473282	      0.00000000	      0.72072613	     -1.27641703	      0.00000000	    -24.20976296	     -3.92401816	    -29.39366327	      4.61543701	     14.89690267	     -4.98473282	      0.00000000	     11.66615499	     19.67837331	      0.00000000
      0.80000000	    -14.25190987	      3.19901136	    177.05416521	     -0.06012646	     -0.00059547	     -0.45635466	    -23.74432974	      1.02809258	      1.18331948	     -3.20424288	      5.40829156	     -6.67204051	     -0.00667145	      0.00473347	      0.00782443	      0.00000000	      0.00000000	      0.00000000	     -0.00591825	     -0.01783260	      0.01634386	      0.00000000	      0.00000000	      0.00000000	     -0.01723115	     -0.00082035	      0.00524097	    -12.85567936	      8.90310417	     31.12206280	     23.54314405	      0.00000000	      0.00000000	      0.00000000	      0.00000000	     19.17447531	      9.30283957	    -61.16345711	     19.23364485	      0.00000000	      0.00000000	      0.00000000	      0.00000000	    -21.20564090	     -0.81711307	    -10.88554027	      3.36059629	      4.60548018	     -4.98473282	      0.00000000	      0.93543119	     -1.22386947	      0.00000000	    -24.43877227	     -3.83583367	    -29.64876759	      4.72188667	     14.89690267	     -4.98473282	      0.00000000	     11.81377533	     19.56879358	      0.00000000
      0.83333333	    -14.51394517	      3.87877706	    176.26804715	     -0.06174479	     -0.00082852	     -0.45569765	    -24.08561332	      1.93664118	      1.61584658	     -3.95862619	      4.34167205	     -6.20646335	     -0.00795421	      0.00565941	      0.00545865	      0.00000000	      0.00000000	      0.00000000	     -0.00544840	     -0.01648339	      0.01140808	      0.00000000	      0.00000000	      0.00000000	     -0.01809096	     -0.00146413	      0.00291281	    -13.89052007	      8.61375678	     32.07204980	     23.68610808	      0.00000000	      0.00000000	      0.00000000	      0.00000000	     18.34250344	      9.19186479	    -60.68283949	     18.11366227	      0.00000000	      0.00000000	      0.00000000	      0.00000000	    -21.46234016	     -0.42507211	    -10.61487982	      3.36439093	      4.89952130	     -4.98473282	      0.00000000	      0.68208087	     -1.00690189	      0.00000000	    -25.26316566	     -4.00894833	    -30.49890805	      5.17758606	     14.89690267	     -4.98473282	      0.00000000	     11.71363151	     19.55629226	      0.00000000
      0.86666667	    -14.32937028	      3.98578224	    176.13052802	     -0.06215182	     -0.00064337	     -0.45477229	    -24.18450235	      2.48207727	      1.09573285	     -4.12952202	      3.13390098	     -5.61937723	     -0.00952077	      0.00516402	      0.00432877	      0.00000000	      0.00000000	      0.00000000	     -0.00367912	     -0.01540606	      0.00680236	      0.00000000	      0.00000000	      0.00000000	     -0.02097399	     -0.00355229	      0.00194900	    -14.64281377	      8.49814385	     33.77171108	     23.90220648	      0.00000000	      0.00000000	      0.00000000	      0.00000000	     18.36381366	      9.21171082	    -60.05728584	     18.05256396	      0.00000000	      0.00000000	      0.00000000	      0.00000000	    -21.21749219	     -0.37552257	    -10.33716642	      3.24224136	      4.88734211	     -4.98473282	      0.00000000	      0.22177177	     -1.25222070	      0.00000000	    -25.17805337	     -3.92525932	    -31.12001388	      5.35470847	     14.89690267	     -4.98473282	      0.00000000	     11.40543527	     19.89561175	      0.00000000
      0.90000000	    -14.18235573	      3.82996501	    176.17994068	     -0.06150825	     -0.00000236	     -0.45372068	    -24.50403086	      2.77740496	      0.50905013	     -4.17682931	      2.93572702	     -5.59402563	     -0.01125976	      0.00506668	      0.00082962	      0.00000000	      0.00000000	      0.00000000	     -0.00196875	     -0.01349541	      0.00425564	      0.00000000	      0.00000000	      0.00000000	     -0.02272567	     -0.00588042	      0.00046244	    -14.65331561	      8.51881160	     33.99435803	     23.93631151	      0.00000000	      0.00000000	      0.00000000	      0.00000000	     18.46694591	      9.44772981	    -60.06107626	     18.29449265	      0.00000000	      0.00000000	      0.00000000	      0.00000000	    -20.88834788	     -0.62828842	    -10.16823085	      2.89273531	      5.01781030	     -4.98473282	      0.00000000	     -0.20518398	     -1.05636485	      0.00000000	    -24.80280040	     -3.73175510	    -31.39998493	      5.14462597	     14.89690267	     -4.98473282	      0.00000000	     11.08687531	     19.84570591	      0.00000000
      0.93333333	    -13.16728095	      3.22532378	    176.64106679	     -0.05935660	      0.00099962	     -0.45229065	    -24.16128525	      2.73821917	     -0.63362546	     -3.18446611	      1.71825834	     -4.93378905	     -0.01170623	      0.00302692	      0.00296683	      0.00000000	      0.00000000	      0.00000000	     -0.00004017	     -0.01281268	      0.00140723	      0.00000000	      0.00000000	      0.00000000	     -0.02502308	     -0.00914328	     -0.00016861	    -15.25109442	      8.55900915	     35.39698605	     24.44230009	      0.00000000	      0.00000000	      0.00000000	      0.00000000	     19.01665778	      9.71745698	    -60.06255810	     19.19007423	      0.00000000	      0.00000000	      0.00000000	      0.00000000	    -19.43117250	     -1.20685557	    -10.11216727	      2.17531411	      4.73604997	     -4.98473282	      0.00000000	     -0.14932265	     -0.96644001	      0.00000000	    -23.10055728	     -3.31596808	    -31.49754295	      4.70929732	     14.89690267	     -4.98473282	      0.00000000	     10.74503723	     19.97389810	      0.00000000
      0.96666667	    -12.30167061	      2.88661246	    177.03337745	     -0.05622559	      0.00208556	     -0.45040981	    -24.40352978	      3.00406473	     -1.71979072	     -1.67848288	      1.33320487	     -4.21724849	     -0.01268824	      0.00156995	      0.00314616	      0.00000000	      0.00000000	      0.00000000	      0.00312687	     -0.01182957	     -0.00126953	      0.00000000	      0.00000000	      0.00000000	     -0.02877696	     -0.01207882	     -0.00171379	    -16.16384284	      8.30632257	     35.58898342	     25.34852098	      0.00000000	      0.00000000	      0.00000000	      0.00000000	     19.42424888	      9.81082023	    -58.79055139	     20.33486002	      0.00000000	      0.00000000	      0.00000000	      0.00000000	    -17.85682143	     -1.58331481	     -9.88520671	      1.10073402	      4.31905609	     -4.98473282	      0.00000000	     -0.17414061	     -1.25535969	      0.00000000	    -21.22258783	     -3.18750685	    -31.19382991	      3.47484198	     14.89690267	     -4.98473282	      0.00000000	     10.99402119	     19.05983560	      0.00000000
      1.00000000	    -12.10047858	      2.72376467	    177.41060043	     -0.05204284	      0.00311685	     -0.44883379	    -25.85155791	      3.23918228	     -2.32238251	      1.16333677	      1.18580404	     -3.46218398	     -0.01228498	     -0.00050878	      0.00490720	      0.00000000	      0.00000000	      0.00000000	      0.00761211	     -0.01155776	     -0.00296178	      0.00000000	      0.00000000	      0.00000000	     -0.03141836	     -0.01363728	     -0.00219661	    -17.13089751	      7.21108420	     33.88137307	     27.36225538	      0.00000000	      0.00000000	      0.00000000	      0.00000000	     20.49584318	      9.19458646	    -55.59471958	     23.09659069	      0.00000000	      0.00000000	      0.00000000	      0.00000000	    -16.40702977	     -1.77635626	     -9.07570531	     -0.95648968	      3.65255019	     -4.98473282	      0.00000000	     -0.34397333	     -2.42995495	      0.00000000	    -19.52323423	     -3.50187555	    -29.74760284	      0.93370405	     14.89690267	     -4.98473282	      0.00000000	     11.39393807	     16.84246462	      0.00000000
      1.03333333	    -11.87638850	      2.50045355	    177.78076421	     -0.04554859	      0.00325194	     -0.44800224	    -27.87318837	      3.14518245	     -2.71397229	      3.95597346	      1.27835272	     -2.60203737	     -0.01368449	     -0.00149268	      0.00852901	      0.00000000	      0.00000000	      0.00000000	      0.01325059	     -0.01161248	     -0.00292587	      0.00000000	      0.00000000	      0.00000000	     -0.02999625	     -0.01335464	     -0.00073537	    -17.55414675	      5.73699513	     30.66240399	     30.14123498	      0.00000000	      0.00000000	      0.00000000	      0.00000000	     22.14161718	      7.40742036	    -49.85578303	     27.73905579	      0.00000000	      0.00000000	      0.00000000	      0.00000000	    -13.96467991	     -1.94868724	     -6.34357365	     -4.74786943	      1.89793549	     -4.98473282	      0.00000000	      0.57756130	     -3.95820717	      0.00000000	    -16.57363047	     -4.27485478	    -23.81594285	     -4.22185519	     12.22466107	     -4.98473282	      0.00000000	     13.01019410	     13.09576721	      0.00000000
      1.06666667	     -6.12784673	      1.99747681	    180.11855086	     -0.03095741	      0.00124039	     -0.44576928	    -25.01793965	      4.15956330	     -4.88039094	      8.93573878	      1.92756931	     -1.24139769	     -0.01197880	     -0.00635079	      0.00944152	      0.00000000	      0.00000000	      0.00000000	      0.01361668	     -0.01160343	     -0.00367450	      0.00000000	      0.00000000	      0.00000000	     -0.02901488	     -0.01551796	      0.00089582	    -18.57041322	      5.80443175	     29.00449358	     32.08922094	      0.00000000	      0.00000000	      0.00000000	      0.00000000	     23.95181140	      7.07613038	    -47.38095093	     31.45076307	      0.00000000	      0.00000000	      0.00000000	      0.00000000	     -4.18780126	     -2.13125663	     -4.97365347	    -11.01888791	     -2.60407709	     -4.98473282	      0.00000000	      4.22391725	     -0.73647162	      0.00000000	     -4.12016153	     -4.46453517	     -7.01412746	    -14.49394781	      1.22606755	     -4.98473282	      0.00000000	     16.96959237	     10.47478373	      0.00000000
      1.10000000	     -5.39579647	      1.45542022	    180.18092809	     -0.02062586	     -0.00291518	     -0.44392569	    -27.60847995	      4.10183273	     -4.69516408	     13.44204916	      2.17744231	      0.77163508	     -0.01066995	     -0.00711967	      0.01138813	      0.00000000	      0.00000000	      0.00000000	      0.01215107	     -0.00588973	     -0.00315670	      0.00000000	      0.00000000	      0.00000000	     -0.02265541	     -0.01485941	      0.00507860	    -19.65203546	      5.85032252	     26.28707677	     34.79061611	      0.00000000	      0.00000000	      0.00000000	      0.00000000	     26.24282124	      6.56653948	    -46.21950911	     35.40870062	      0.00000000	      0.00000000	      0.00000000	      0.00000000	      0.08077003	     -3.14727751	     -5.40768641	    -16.59622190	     -2.29779883	     -4.98473282	      0.00000000	      7.40335124	      0.85538634	      0.00000000	      0.45715625	     -3.74838087	     -3.93822150	    -20.65543731	     -1.11817767	     -4.98473282	      0.00000000	     19.01414065	     10.10502482	      0.00000000
      1.13333333	      2.37248859	      1.94356629	    181.58172162	     -0.00382138	     -0.01233135	     -0.44133081	    -22.50663655	      6.10648524	     -5.80064560	     16.44075297	      2.33277140	      2.93318878	     -0.00737944	     -0.00762767	      0.00892785	      0.00000000	      0.00000000	      0.00000000	      0.00928261	      0.00255158	     -0.00321219	      0.00000000	      0.00000000	      0.00000000	     -0.01564388	     -0.01538159	      0.00647973	    -21.12856568	      6.41758605	     25.11826054	     35.27240106	      0.00000000	      0.00000000	      0.00000000	      0.00000000	     27.27153229	      6.25166127	    -46.22567683	     36.78426469	      0.00000000	      0.00000000	      0.00000000	      0.00000000	     13.05921399	     -3.64939375	     -6.46290128	    -24.28264619	     -4.63294310	     -4.98473282	      0.00000000	     11.69984674	      5.00701193	      0.00000000	     14.77850746	     -3.01244547	      2.42850498	    -30.14112825	     -5.18895695	     -4.98473282	      0.00000000	     22.54943951	     10.98250327	      0.00000000
      1.16666667	      7.17958647	      2.08037010	    181.17402640	      0.01182431	     -0.02433865	     -0.44067685	    -21.08522837	      6.69163862	     -5.26264909	     19.82666506	      2.53171334	      4.38288538	     -0.00460255	     -0.00660110	      0.00735159	      0.00000000	      0.00000000	      0.00000000	      0.00292536	      0.00898382	     -0.00222543	      0.00000000	      0.00000000	      0.00000000	     -0.01043166	     -0.01417661	      0.00822050	    -22.03495990	      7.51354648	     23.23186421	     34.95611254	      0.00000000	      0.00000000	      0.00000000	      0.00000000	     28.95769402	      5.78815904	    -44.95714078	     38.55083831	      0.00000000	      0.00000000	      0.00000000	      0.00000000	     23.01485967	     -3.88324018	     -4.64083476	    -31.56374238	     -7.29745451	     -4.98473282	      0.00000000	     14.75419720	      7.46719261	      0.00000000	     24.81579863	     -2.85181477	      2.67550462	    -37.79817532	     -6.21365769	     -4.98473282	      0.00000000	     24.70396859	     12.51573553	      0.00000000
      1.20000000	     11.25759051	      2.62678365	    181.29230143	      0.02713161	     -0.04014838	     -0.43996765	    -20.56602453	      7.94028339	     -5.29824854	     22.68934659	      2.35268911	      5.10470137	     -0.00385308	     -0.00494577	      0.00531067	      0.00000000	      0.00000000	      0.00000000	     -0.00238495	      0.01192177	     -0.00024631	      0.00000000	      0.00000000	      0.00000000	     -0.01013277	     -0.01293762	      0.00698426	    -22.33794990	      8.80681804	     20.40275011	     34.13671111	      0.00000000	      0.00000000	      0.00000000	      0.00000000	     30.05821810	      5.25587646	    -42.14485410	     40.33342658	      0.00000000	      0.00000000	      0.00000000	      0.00000000	     31.97013025	     -4.06358092	     -4.45770847	    -38.46881358	     -9.48900326	     -4.98473282	      0.00000000	     17.58376522	     10.07789958	      0.00000000	     34.33470639	     -2.75234020	      3.54427305	    -45.81397382	     -6.59118598	     -4.98473282	      0.00000000	     26.14526469	     13.03128645	      0.00000000
      1.23333333	     14.76399043	      3.04038801	    180.77443183	      0.04168243	     -0.05972668	     -0.43968590	    -21.17018335	      8.60257106	     -4.53728443	     26.21854804	      2.00939121	      4.43165038	     -0.00446220	     -0.00458159	      0.00429181	      0.00000000	      0.00000000	      0.00000000	     -0.00552586	      0.00931251	      0.00252982	      0.00000000	      0.00000000	      0.00000000	     -0.01821591	     -0.01158077	      0.00321507	    -22.62176398	      9.83852145	     17.25614745	     34.82201896	      0.00000000	      0.00000000	      0.00000000	      0.00000000	     30.55793936	      6.50688676	    -39.52086872	     40.66268139	      0.00000000	      0.00000000	      0.00000000	      0.00000000	     40.68140342	     -4.00767364	     -3.96908657	    -45.77101599	    -11.01587841	     -4.98473282	      0.00000000	     19.88835787	     11.78034417	      0.00000000	     43.18793579	     -2.91577048	      3.63462777	    -53.82250835	     -6.63625762	     -4.98473282	      0.00000000	     26.88074336	     12.88333016	      0.00000000
      1.26666667	     16.78519666	      3.24909368	    180.23297117	      0.05358675	     -0.08293888	     -0.43882605	    -23.76130518	      9.12921736	     -3.73001181	     31.12083771	      2.10865941	      3.57794572	     -0.00475190	     -0.00557591	      0.00116946	      0.00000000	      0.00000000	      0.00000000	     -0.00435717	      0.00442561	      0.00150933	      0.00000000	      0.00000000	      0.00000000	     -0.03177460	     -0.01204686	     -0.00217001	    -24.49760846	     10.47308120	     15.65316550	     38.13606161	      0.00000000	      0.00000000	      0.00000000	      0.00000000	     30.75295430	     10.21809011	    -39.84607812	     38.23171213	      0.00000000	      0.00000000	      0.00000000	      0.00000000	     47.89212608	     -4.20418945	     -3.77904244	    -53.44972696	    -11.07879080	     -4.98473282	      0.00000000	     21.89898633	     12.47634004	      0.00000000	     50.05480898	     -2.98623883	      3.71048249	    -61.25130064	     -6.40628365	     -4.98473282	      0.00000000	     28.46789140	     12.55253250	      0.00000000
      1.30000000	     20.49604292	      3.16129966	    179.15850737	      0.06353954	     -0.11148688	     -0.43872838	    -24.05483821	      8.70578881	     -2.22693894	     33.71747908	      1.83250301	      2.23544965	     -0.00770742	     -0.00832361	      0.00207872	      0.00000000	      0.00000000	      0.00000000	      0.00261987	      0.00118220	      0.00103745	      0.00000000	      0.00000000	      0.00000000	     -0.03950181	     -0.01420383	     -0.00278967	    -26.53376354	      9.50742480	     14.51127237	     42.70577267	      0.00000000	      0.00000000	      0.00000000	      0.00000000	     31.58672489	     15.57418318	    -45.01061142	     32.93557131	      0.00000000	      0.00000000	      0.00000000	      0.00000000	     57.25557705	     -4.64038778	     -3.98471809	    -61.71528097	    -10.20957091	     -4.98473282	      0.00000000	     23.14651181	     13.11091709	      0.00000000	     58.91319039	     -3.46854424	      3.24881517	    -69.21531063	     -6.19049478	     -4.98473282	      0.00000000	     30.04775503	     12.28330355	      0.00000000
      1.33333333	     22.42370324	      2.86516772	    178.41589256	      0.06985061	     -0.14202101	     -0.43920499	    -26.13095055	      8.11425168	     -1.31244522	     38.12703525	      2.04215234	      1.78267406	     -0.00656471	     -0.01156787	      0.00206221	      0.00000000	      0.00000000	      0.00000000	      0.01082205	     -0.00001769	     -0.00324224	      0.00000000	      0.00000000	      0.00000000	     -0.03523994	     -0.01661368	     -0.00147866	    -29.44413052	      9.26370365	     14.83485293	     46.34453116	      0.00000000	      0.00000000	      0.00000000	      0.00000000	     32.01777451	     20.90094333	    -49.56570815	     27.51238726	      0.00000000	      0.00000000	      0.00000000	      0.00000000	     64.12806398	     -5.06690338	     -3.53165789	    -69.30657777	     -9.41337805	     -4.98473282	      0.00000000	     24.51044555	     13.82543952	      0.00000000	     65.36308281	     -3.94473835	      2.81693574	    -76.48734548	     -6.41896190	     -4.98473282	      0.00000000	     32.07864134	     12.99915704	      0.00000000
      1.36666667	     24.74594994	      2.30169744	    177.65787578	      0.07311189	     -0.17493024	     -0.44165244	    -26.43645246	      6.79351952	     -0.30290192	     40.45464680	      1.66671652	      1.65838744	     -0.00383426	     -0.01424767	      0.00578500	      0.00000000	      0.00000000	      0.00000000	      0.01512274	     -0.00044404	     -0.00297783	      0.00000000	      0.00000000	      0.00000000	     -0.01751718	     -0.01662731	      0.00275447	    -30.10868758	     10.58894072	     15.08201471	     45.94172901	      0.00000000	      0.00000000	      0.00000000	      0.00000000	     32.18732170	     25.52229593	    -52.51978582	     23.16668853	      0.00000000	      0.00000000	      0.00000000	      0.00000000	     71.21657022	     -5.70562176	     -3.21388036	    -76.72152934	     -8.60606191	     -4.98473282	      0.00000000	     26.90785748	     15.86294069	      0.00000000	     71.78983642	     -4.76170420	      2.21072685	    -83.36793727	     -7.18610417	     -4.98473282	      0.00000000	     34.90895577	     14.53535905	      0.00000000
      1.40000000	     25.76739580	      1.79672303	    177.05323196	      0.07345880	     -0.20615985	     -0.44575348	    -27.27387092	      5.37942196	      0.52287547	     42.98820373	      1.36817561	      2.40371459	      0.00151576	     -0.01487046	      0.00948848	      0.00000000	      0.00000000	      0.00000000	      0.01435464	     -0.00333240	     -0.00187099	      0.00000000	      0.00000000	      0.00000000	      0.00188719	     -0.01743680	      0.00576941	    -28.90421617	     14.42268605	     13.87808566	     42.73000845	      0.00000000	      0.00000000	      0.00000000	      0.00000000	     31.76562411	     29.46064662	    -48.71282490	     20.82158144	      0.00000000	      0.00000000	      0.00000000	      0.00000000	     76.22722678	     -6.07761743	     -3.05651870	    -83.06764266	     -8.45284685	     -4.98473282	      0.00000000	     30.45839218	     17.28648619	      0.00000000	     76.21312375	     -5.81708978	      1.72602749	    -89.58473001	     -7.42715056	     -4.98473282	      0.00000000	     37.63928789	     15.05588563	      0.00000000
      1.43333333	     28.98553946	      0.41764034	    176.67771093	      0.07260014	     -0.23554443	     -0.45003274	    -23.97180634	      3.36618995	      0.24277843	     42.89134476	      0.96606126	      3.73957273	      0.00645704	     -0.01533541	      0.01328320	      0.00000000	      0.00000000	      0.00000000	      0.01144702	     -0.01146582	     -0.00259405	      0.00000000	      0.00000000	      0.00000000	      0.01702163	     -0.02177160	      0.00802415	    -27.10772807	     19.34419013	     13.04230634	     38.49774379	      0.00000000	      0.00000000	      0.00000000	      0.00000000	     31.13349628	     31.11166383	    -39.96028010	     20.98954698	      0.00000000	      0.00000000	      0.00000000	      0.00000000	     83.56842630	     -6.63681743	     -1.88303334	    -88.98905079	     -9.97076411	     -4.63352322	      0.00000000	     33.59212747	     19.48774883	      0.00000000	     82.35092618	     -6.52702256	      0.49781880	    -94.96827531	     -7.60112566	     -4.98473282	      0.00000000	     39.43620441	     14.53883851	      0.00000000
      1.46666667	     30.99979299	     -0.55583374	    176.23993308	      0.06977113	     -0.25791871	     -0.45506874	    -21.46831776	      1.64689142	      0.43070690	     43.39175342	      0.84874855	      5.38004016	      0.01120052	     -0.01436641	      0.01565844	      0.00000000	      0.00000000	      0.00000000	      0.01120055	     -0.01787556	     -0.00557111	      0.00000000	      0.00000000	      0.00000000	      0.02008295	     -0.02635676	      0.00531369	    -26.19103115	     22.33166623	     11.21434510	     37.66053708	      0.00000000	      0.00000000	      0.00000000	      0.00000000	     29.66902489	     34.10890016	    -34.03273315	     19.52907645	      0.00000000	      0.00000000	      0.00000000	      0.00000000	     88.65761964	     -6.35551754	     -1.52041717	    -93.49829241	    -11.36965147	     -4.72649887	      0.00000000	     35.49645552	     19.71630333	      0.00000000	     86.36291543	     -7.37611673	     -0.13917447	    -99.03050566	     -7.91128746	     -4.98473282	      0.00000000	     40.73628037	     13.08232598	      0.00000000
      1.50000000	     33.50116711	     -1.49337356	    176.02689011	      0.06545794	     -0.27279805	     -0.45904066	    -17.56539753	      0.29263483	      0.13661469	     42.90377650	      0.86551340	      6.71474085	      0.01432743	     -0.01405633	      0.01653138	      0.00000000	      0.00000000	      0.00000000	      0.01550237	     -0.02061490	     -0.01152095	      0.00000000	      0.00000000	      0.00000000	      0.01639911	     -0.02667856	      0.00493733	    -27.57118651	     22.63341233	     11.96376975	     40.55498455	      0.00000000	      0.00000000	      0.00000000	      0.00000000	     28.72102545	     36.52811955	    -31.49385223	     18.42663729	      0.00000000	      0.00000000	      0.00000000	      0.00000000	     93.21889816	     -5.92428562	     -1.21798013	    -96.61452868	    -12.60339343	     -4.87342679	      0.00000000	     36.69883422	     19.31836232	      0.00000000	     90.22940171	     -7.95912925	     -0.73412568	   -101.80235652	     -8.13585559	     -4.98473282	      0.00000000	     40.97803735	     11.43184737	      0.00000000
      1.53333333	     34.90520686	     -1.89572278	    175.76247246	      0.05986609	     -0.27803755	     -0.46173803	    -14.68193199	     -0.28603381	      0.09388488	     42.33654915	      0.62955291	      7.06721401	      0.01410703	     -0.01500329	      0.01571371	      0.00000000	      0.00000000	      0.00000000	      0.01879890	     -0.02121851	     -0.01499579	      0.00000000	      0.00000000	      0.00000000	      0.00851360	     -0.02350336	      0.00856669	    -29.72337738	     22.22729331	     12.13982531	     46.32765866	      0.00000000	      0.00000000	      0.00000000	      0.00000000	     29.15800192	     39.36739418	    -28.75151774	     20.60592224	      0.00000000	      0.00000000	      0.00000000	      0.00000000	     95.29284705	     -5.20580461	     -1.23375328	    -98.01391368	    -13.62160953	     -4.98473282	      0.00000000	     36.73520950	     18.46964407	      0.00000000	     92.15619156	     -8.27879654	     -0.70154509	   -103.06720580	     -8.56874490	     -4.98473282	      0.00000000	     40.39059691	     10.32434696	      0.00000000
      1.56666667	     35.46924186	     -1.63764353	    175.50695768	      0.05261931	     -0.27372109	     -0.46361684	    -12.52781699	     -0.06144544	      0.56651741	     41.55733287	     -0.19619036	      6.50028842	      0.01115136	     -0.01795659	      0.01537195	      0.00000000	      0.00000000	      0.00000000	      0.01654975	     -0.02475409	     -0.01238371	      0.00000000	      0.00000000	      0.00000000	      0.00814874	     -0.02063459	      0.01674398	    -30.64830064	     23.55935502	      8.72010702	     53.14056072	      0.00000000	      0.00000000	      0.00000000	      0.00000000	     31.53075437	     39.52101643	    -18.37148566	     34.16236362	      0.00000000	      0.00000000	      0.00000000	      0.00000000	     95.16720252	     -4.67017621	     -1.58071397	    -97.83584892	    -14.15481352	     -4.67533105	      0.00000000	     36.10819804	     17.52417837	      0.00000000	     92.25900353	     -8.51341303	     -0.20496034	   -102.76038741	     -8.50129103	     -4.98473282	      0.00000000	     39.54558195	      9.97148187	      0.00000000
      1.60000000	     34.30339365	     -0.85991970	    175.19162717	      0.04378254	     -0.26022425	     -0.46365058	    -12.15525616	      0.98373174	      0.67689459	     40.71702945	     -0.65015736	      6.20402031	      0.00703441	     -0.02269290	      0.01314882	      0.00000000	      0.00000000	      0.00000000	      0.01023052	     -0.02918610	     -0.00894610	      0.00000000	      0.00000000	      0.00000000	      0.01800184	     -0.02506362	      0.02015670	    -31.86802700	     29.46491805	      3.33852779	     57.79933369	      0.00000000	      0.00000000	      0.00000000	      0.00000000	     36.15423608	     38.45076901	     -5.73755742	     56.08210126	      0.00000000	      0.00000000	      0.00000000	      0.00000000	     91.99578475	     -4.07083591	     -2.51630664	    -95.74089344	    -14.33095735	     -4.98473282	      0.00000000	     34.52527679	     16.92815348	      0.00000000	     89.53297451	     -8.44972887	      0.51487080	   -101.15129076	     -8.81721512	     -4.98473282	      0.00000000	     37.86485343	     10.48060414	      0.00000000
      1.63333333	     30.34286733	      1.15242933	    174.99834460	      0.03210935	     -0.23740406	     -0.46440814	    -14.67825628	      2.94459668	      0.89601669	     40.24683518	     -1.27363988	      5.80399041	      0.00479944	     -0.02839239	      0.01199680	      0.00000000	      0.00000000	      0.00000000	      0.00985178	     -0.03001129	     -0.00584396	      0.00000000	      0.00000000	      0.00000000	      0.03007847	     -0.02892071	      0.02090968	    -35.48195170	     37.33203886	     -4.67781146	     63.95169351	      0.00000000	      0.00000000	      0.00000000	      0.00000000	     47.12549678	     39.54120018	      7.39632661	     73.63567695	      0.00000000	      0.00000000	      0.00000000	      0.00000000	     84.18017905	     -3.05872253	     -3.92883609	    -91.62901677	    -14.69072826	     -4.79662865	      0.00000000	     32.50981212	     15.76269381	      0.00000000	     82.79528994	     -8.89790183	      1.84317342	    -98.02611796	     -9.55211235	     -4.98473282	      0.00000000	     36.07948390	     12.75845449	      0.00000000
      1.66666667	     26.47444879	      2.88347148	    175.14913265	      0.01770003	     -0.20747765	     -0.46552420	    -16.23199875	      4.36153215	      2.03208007	     38.90407362	     -2.08021903	      4.61925529	      0.00458203	     -0.03422255	      0.01029294	      0.00000000	      0.00000000	      0.00000000	      0.01995901	     -0.02640127	     -0.00545867	      0.00000000	      0.00000000	      0.00000000	      0.03904099	     -0.02346299	      0.02169213	    -45.96027228	     42.37144595	    -17.42792314	     76.59739552	      0.00000000	      0.00000000	      0.00000000	      0.00000000	     63.84071090	     40.32709383	     22.66322937	     84.98603478	      0.00000000	      0.00000000	      0.00000000	      0.00000000	     75.56913104	     -2.00969062	     -5.53325964	    -85.92573563	    -14.50056518	     -4.98473282	      0.00000000	     29.79419962	     13.82601064	      0.00000000	     75.16336822	     -9.80013557	      2.24317313	    -93.28077128	    -10.36118117	     -4.98473282	      0.00000000	     34.12890852	     15.73312109	      0.00000000
      1.70000000	     21.37960334	      4.82391803	    175.82455817	     -0.00043099	     -0.16832947	     -0.46830206	    -18.29770715	      5.46206453	      2.78817985	     36.44995700	     -3.01772464	      2.74478000	      0.00583414	     -0.03971698	      0.00980039	      0.00000000	      0.00000000	      0.00000000	      0.03931656	     -0.01737186	     -0.00047742	      0.00000000	      0.00000000	      0.00000000	      0.04800441	     -0.00721860	      0.02162418	    -61.48959030	     45.09810377	    -34.90231031	     93.22627785	      0.00000000	      0.00000000	      0.00000000	      0.00000000	     83.01345023	     38.07428476	     39.66622508	     95.77590690	      0.00000000	      0.00000000	      0.00000000	      0.00000000	     64.06020635	     -0.35234625	     -6.69924627	    -77.75688443	    -14.56943246	     -4.98473282	      0.00000000	     26.35068354	     11.92167489	      0.00000000	     65.21582342	    -11.22246012	      2.10759081	    -86.39239829	    -11.46741992	     -4.98473282	      0.00000000	     31.82601805	     19.11686814	      0.00000000
      1.73333333	     17.94933554	      5.72585519	    176.56035235	     -0.02184193	     -0.11985944	     -0.47150951	    -17.46468916	      5.10727070	      3.08702536	     32.34280820	     -1.75386359	      1.55561133	      0.00691122	     -0.04492334	      0.00756006	      0.00000000	      0.00000000	      0.00000000	      0.04410447	     -0.00108966	     -0.00368555	      0.00000000	      0.00000000	      0.00000000	      0.04746250	      0.00653247	      0.02034515	    -78.25089458	     43.08808556	    -54.65176472	    104.37352048	      0.00000000	      0.00000000	      0.00000000	      0.00000000	    105.90965096	     37.53361856	     56.60538173	     99.90953082	      0.00000000	      0.00000000	      0.00000000	      0.00000000	     52.99881127	      0.74712972	     -7.34047332	    -67.05401203	    -13.04739621	     -4.98473282	      0.00000000	     21.16433387	     10.04119179	      0.00000000	     55.34707770	    -12.54727231	      0.43369300	    -76.62131913	    -10.65186130	     -4.98473282	      0.00000000	     28.99231270	     21.20196389	      0.00000000
      1.76666667	     14.42152291	      5.53757515	    177.31162382	     -0.04708202	     -0.06134120	     -0.47511598	    -16.20041410	      3.29383402	      2.48406950	     27.08650045	      0.84258096	      0.55999889	      0.00334543	     -0.04740069	      0.00315916	      0.00000000	      0.00000000	      0.00000000	      0.02506062	      0.01657265	     -0.02311276	      0.00000000	      0.00000000	      0.00000000	      0.03505193	      0.01681267	      0.01927475	    -91.53082845	     36.98670199	    -70.90097210	    106.47789831	      0.00000000	      0.00000000	      0.00000000	      0.00000000	    130.54088473	     38.49755695	     67.92329821	     94.59922337	      0.00000000	      0.00000000	      0.00000000	      0.00000000	     40.47675281	      1.16084239	     -7.35123241	    -53.31168092	    -10.48101473	     -4.98473282	      0.00000000	     12.22807938	      6.88088522	      0.00000000	     43.46624516	    -13.15209921	     -3.02028701	    -63.51144035	     -7.24515805	     -4.98473282	      0.00000000	     22.75410573	     20.28818755	      0.00000000
      1.80000000	      9.67004579	      4.29667537	    178.22739881	     -0.07758667	      0.00460402	     -0.47801450	    -15.73720013	      0.40959573	      1.40772789	     21.38282844	      3.23027059	     -0.61360620	     -0.00408548	     -0.04516961	     -0.00142205	      0.00000000	      0.00000000	      0.00000000	     -0.00036958	      0.02556343	     -0.04889506	      0.00000000	      0.00000000	      0.00000000	      0.02104013	      0.02824403	      0.02142056	   -104.68663865	     29.87966731	    -84.30187295	     98.91356374	      0.00000000	      0.00000000	      0.00000000	      0.00000000	    150.48772029	     42.47961060	     70.83282432	     86.79810766	      0.00000000	      0.00000000	      0.00000000	      0.00000000	     25.48876843	      0.23864482	     -7.82074813	    -36.81489435	     -7.66723045	     -4.98473282	      0.00000000	     -1.39626607	      3.94701597	      0.00000000	     28.15762007	    -12.07481331	     -7.44326031	    -46.50337426	     -0.76172962	     -4.98473282	      0.00000000	     11.51010122	     14.60530207	      0.00000000
      1.83333333	      6.31542897	      2.36501889	    178.60468229	     -0.11083831	      0.07126893	     -0.47939993	    -13.08294259	     -2.61425512	      0.20796235	     15.85061209	      4.26545720	     -0.93344057	     -0.00938472	     -0.03609290	     -0.00421421	      0.00000000	      0.00000000	      0.00000000	     -0.01465153	      0.02412018	     -0.05598950	      0.00000000	      0.00000000	      0.00000000	      0.01068007	      0.03639022	      0.02818544	   -123.73418769	     27.23704754	    -97.17568857	     79.83796719	      0.00000000	      0.00000000	      0.00000000	      0.00000000	    159.34644194	     51.44572391	     66.77351002	     83.42836920	      0.00000000	      0.00000000	      0.00000000	      0.00000000	     12.57799941	     -1.65389175	    -11.01823454	    -20.60119899	     -4.54395466	     -4.98473282	      0.00000000	    -19.31242896	      1.48698541	      0.00000000	     13.78481047	     -9.61546017	    -12.82108748	    -27.69224983	      5.62222071	     -4.98473282	      0.00000000	     -5.89141622	      7.24100396	      0.00000000
      1.86666667	      8.74048359	      1.09790731	    179.30870892	     -0.13729088	      0.13463841	     -0.48028206	     -4.90494624	     -4.24478055	      0.17095711	     11.34526804	      3.96138040	     -3.29219252	     -0.01317231	     -0.02277308	     -0.00792411	      0.00000000	      0.00000000	      0.00000000	     -0.00812300	      0.02691030	     -0.03975547	      0.00000000	      0.00000000	      0.00000000	      0.00171529	      0.03142719	      0.03052201	   -145.24115630	     23.74129516	   -108.45942459	     54.82920115	      0.00000000	      0.00000000	      0.00000000	      0.00000000	    156.13371310	     64.63030218	     58.05120293	     83.86469942	      0.00000000	      0.00000000	      0.00000000	      0.00000000	      9.19631459	     -2.63460883	    -10.59989392	    -10.69278269	     -6.00686302	     -3.83252304	      0.00000000	    -35.25497525	     -1.89390945	      0.00000000	      9.32439490	     -7.13392811	    -14.86855622	    -14.26406823	      6.62796050	     -4.98473282	      0.00000000	    -23.58283823	      3.54397656	      0.00000000
      1.90000000	      8.83708773	      0.55334103	    179.82335234	     -0.16091605	      0.19544116	     -0.47931838	     -0.33887345	     -4.38527287	     -1.33297059	     10.26955866	      2.03709195	     -1.41091204	     -0.00954457	     -0.01403431	     -0.00577183	      0.00000000	      0.00000000	      0.00000000	      0.01023114	      0.04731938	     -0.02490565	      0.00000000	      0.00000000	      0.00000000	     -0.01373821	      0.02626496	      0.03706257	   -160.28281016	     22.17971831	   -118.81862747	     38.44317404	      0.00000000	      0.00000000	      0.00000000	      0.00000000	    102.96379545	     72.68871172	      6.05382445	     89.23966844	      0.00000000	      0.00000000	      0.00000000	      0.00000000	      6.17696275	     -3.08900372	     -5.02108362	     -7.11948093	    -11.71370924	     -1.94783578	      0.00000000	    -45.40753847	     -7.93757589	      0.00000000	      5.23072881	     -5.60366973	    -19.03325291	     -8.30142131	     13.27187241	     -4.98473282	      0.00000000	    -33.90209714	     -1.64232417	      0.00000000
      1.93333333	      7.10632311	      0.08206462	    181.77322625	     -0.18049710	      0.25082730	     -0.47911029	      0.72528576	     -4.57305281	     -3.01678831	     10.45895534	     -0.79933668	      0.22747421	     -0.00735561	     -0.01133538	      0.00105561	      0.00000000	      0.00000000	      0.00000000	      0.01086312	      0.06278745	     -0.01863681	      0.00000000	      0.00000000	      0.00000000	     -0.02162456	      0.01375871	      0.02558996	   -166.93594453	     23.17711014	   -129.24897881	     34.33306252	      0.00000000	      0.00000000	      0.00000000	      0.00000000	     51.84816475	     67.14936684	    -42.42930084	     89.72467936	      0.00000000	      0.00000000	      0.00000000	      0.00000000	      3.09469333	     -2.88589513	     -5.41390921	     -7.81096562	     -8.79802873	     -2.11895247	      0.00000000	    -48.24735379	    -12.72908684	      0.00000000	      2.80168808	     -4.29720780	    -16.77181758	     -9.95225028	     13.71307384	     -4.98473282	      0.00000000	    -34.13368960	     -0.37415456	      0.00000000
      1.96666667	      3.06912288	     -0.51102055	    183.59278952	     -0.19751400	      0.29469392	     -0.47944694	     -1.63828734	     -4.92293962	     -4.43031413	     11.22283402	     -2.28092673	      1.92454559	     -0.00553540	     -0.01125499	      0.00728048	      0.00000000	      0.00000000	      0.00000000	      0.00775118	      0.06305541	     -0.01832870	      0.00000000	      0.00000000	      0.00000000	     -0.02342151	     -0.00032229	      0.00739268	   -168.88675718	     22.67779414	   -133.89267699	     34.00519226	      0.00000000	      0.00000000	      0.00000000	      0.00000000	     28.98492509	     59.46615528	    -63.93732155	     86.43973720	      0.00000000	      0.00000000	      0.00000000	      0.00000000	     -1.20088206	     -2.37067840	     -5.93352090	    -10.55209457	     -6.06969917	     -2.35955179	      0.00000000	    -44.09030201	    -14.50437970	      0.00000000	     -0.71516663	     -3.42715851	    -12.93078191	    -14.56687235	     14.89690267	     -4.98473282	      0.00000000	    -28.93799512	      4.34288157	      0.00000000
      2.00000000	     -0.41980319	     -1.29802545	    184.99608047	     -0.21140113	      0.32445941	     -0.48047006	     -3.89044413	     -5.81480226	     -5.70406843	     11.33960138	     -2.27444569	      4.01746118	     -0.00441599	     -0.01118107	      0.01379257	      0.00000000	      0.00000000	      0.00000000	      0.00711403	      0.05804206	     -0.02165229	      0.00000000	      0.00000000	      0.00000000	     -0.02125471	     -0.00862644	     -0.00441565	   -167.24579644	     21.35131430	   -132.33589742	     35.64477965	      0.00000000	      0.00000000	      0.00000000	      0.00000000	     20.94303848	     53.17827530	    -73.45000164	     83.06703811	      0.00000000	      0.00000000	      0.00000000	      0.00000000	     -4.70507567	     -1.64574198	     -7.38614274	    -11.81467487	     -2.72594280	     -3.30742422	      0.00000000	    -37.36592577	    -13.90379068	      0.00000000	     -3.29573484	     -2.52962029	     -9.09815688	    -17.88344911	     14.89690267	     -4.98473282	      0.00000000	    -23.43075216	      9.56151447	      0.00000000
      2.03333333	     -3.41024427	     -2.29965789	    185.19530665	     -0.22282641	      0.34098965	     -0.48203999	     -5.95124530	     -7.31184713	     -5.67121926	     10.11731010	     -0.97172674	      3.53165819	     -0.00720781	     -0.00921636	      0.01494878	      0.00000000	      0.00000000	      0.00000000	      0.01078577	      0.05516961	     -0.02443149	      0.00000000	      0.00000000	      0.00000000	     -0.01814614	     -0.01220256	     -0.00585511	   -164.43949301	     18.77568604	   -125.68698428	     36.55891337	      0.00000000	      0.00000000	      0.00000000	      0.00000000	     23.73154884	     47.77415155	    -74.86490676	     82.00244425	      0.00000000	      0.00000000	      0.00000000	      0.00000000	     -7.51994058	     -1.30956364	    -10.52455672	    -11.04759312	      1.72305734	     -4.36748296	      0.00000000	    -30.11927687	    -10.84927143	      0.00000000	     -6.20164941	     -1.25641951	     -8.16847140	    -17.23529716	     14.89690267	     -4.98473282	      0.00000000	    -20.15738747	      8.68994296	      0.00000000
      2.06666667	     -4.32758639	     -2.75585008	    185.19854194	     -0.23169019	      0.34647240	     -0.48396179	     -6.08738308	     -8.53968431	     -5.46384887	      9.05208953	      0.33685071	      2.25410535	     -0.01003531	     -0.00617117	      0.01408043	      0.00000000	      0.00000000	      0.00000000	      0.01811885	      0.05464144	     -0.02388403	      0.00000000	      0.00000000	      0.00000000	     -0.01575109	     -0.01516659	     -0.00402551	   -162.79937774	     15.93253063	   -118.68125166	     35.82755406	      0.00000000	      0.00000000	      0.00000000	      0.00000000	     30.00696475	     41.68800365	    -72.97047485	     80.76846691	      0.00000000	      0.00000000	      0.00000000	      0.00000000	     -8.29210382	     -0.76597520	    -14.60484066	     -7.86846763	      5.82892422	     -4.45152520	      0.00000000	    -26.06423440	     -6.71529311	      0.00000000	     -7.20016403	     -0.35004797	    -11.06566711	    -13.79691052	     14.89690267	     -4.98473282	      0.00000000	    -18.45258051	      5.86688621	      0.00000000
      2.10000000	     -3.10242069	     -2.83102838	    185.27867295	     -0.23896921	      0.34273257	     -0.48573531	     -3.85875524	     -9.65414122	     -5.09072854	      7.11960653	      2.14320304	      0.94863923	     -0.01204772	     -0.00111675	      0.01132951	      0.00000000	      0.00000000	      0.00000000	      0.02608067	      0.05506968	     -0.02206893	      0.00000000	      0.00000000	      0.00000000	     -0.01057200	     -0.01830286	     -0.00077845	   -160.97950930	     14.63334285	   -113.19957352	     35.44553614	      0.00000000	      0.00000000	      0.00000000	      0.00000000	     33.96964776	     34.99487770	    -72.26880919	     77.39461500	      0.00000000	      0.00000000	      0.00000000	      0.00000000	     -6.56217486	     -0.47473284	    -16.76582889	     -4.19687856	      7.40599078	     -2.69503960	      0.00000000	    -26.13772074	     -3.59192595	      0.00000000	     -5.77988850	      0.70764885	    -15.89837275	     -9.66673229	     14.89690267	     -4.98473282	      0.00000000	    -17.92933619	      4.81367700	      0.00000000
      2.13333333	     -0.11851493	     -2.84442358	    185.53815322	     -0.24386813	      0.33071161	     -0.48766893	     -0.27192938	    -10.76867098	     -4.23085648	      6.34467105	      3.07985277	     -0.91651932	     -0.01164183	      0.00321208	      0.00929441	      0.00000000	      0.00000000	      0.00000000	      0.03239159	      0.05331079	     -0.02249861	      0.00000000	      0.00000000	      0.00000000	     -0.00932817	     -0.01935717	     -0.00216598	   -158.35387345	     13.08177629	   -107.36149345	     35.06808691	      0.00000000	      0.00000000	      0.00000000	      0.00000000	     33.19573524	     30.89919771	    -74.03131517	     71.01113367	      0.00000000	      0.00000000	      0.00000000	      0.00000000	     -2.05433313	     -0.35157436	    -18.51486848	     -2.15515118	      8.45456778	     -1.73470465	      0.00000000	    -27.95953497	      1.09624455	      0.00000000	     -1.67652149	      1.48491677	    -20.74164181	     -7.52473102	     14.89690267	     -4.24645324	      0.00000000	    -16.51521564	      7.46522375	      0.00000000
      2.16666667	      2.07227658	     -2.77087428	    186.17083810	     -0.24896739	      0.30958797	     -0.48872470	      2.13382165	    -11.35665803	     -4.00286883	      6.48807737	      3.14185987	     -1.37567627	     -0.00821617	      0.00624637	      0.00959749	      0.00000000	      0.00000000	      0.00000000	      0.03261549	      0.05045972	     -0.02297414	      0.00000000	      0.00000000	      0.00000000	     -0.01550837	     -0.01607792	     -0.00514827	   -156.52729303	     13.89339258	   -106.11433628	     34.81770804	      0.00000000	      0.00000000	      0.00000000	      0.00000000	     30.60336192	     28.42081332	    -74.83589707	     64.99019203	      0.00000000	      0.00000000	      0.00000000	      0.00000000	      2.05599126	     -0.32832425	    -17.94457835	     -1.53603280	      7.54232624	     -1.25323714	      0.00000000	    -30.95476792	      2.67137375	      0.00000000	      2.15029591	      2.22654333	    -24.05321993	     -7.24426120	     14.89690267	     -4.33310011	      0.00000000	    -15.32354970	     11.59240944	      0.00000000
      2.20000000	      2.78664485	     -2.29450608	    186.70264707	     -0.25552095	      0.27695499	     -0.48903503	      3.01569465	    -11.03849972	     -3.93034405	      7.04827777	      2.69970637	     -0.30117553	     -0.00218742	      0.00712577	      0.01208005	      0.00000000	      0.00000000	      0.00000000	      0.02876872	      0.04739967	     -0.02427983	      0.00000000	      0.00000000	      0.00000000	     -0.02640231	     -0.00753393	     -0.00699544	   -155.66379404	     16.42266285	   -107.86373522	     34.50006019	      0.00000000	      0.00000000	      0.00000000	      0.00000000	     28.76757004	     26.34382502	    -73.11599800	     61.58652189	      0.00000000	      0.00000000	      0.00000000	      0.00000000	      4.84513363	      0.04296736	    -15.96645291	     -2.03313525	      6.08762220	     -1.32023606	      0.00000000	    -33.78876751	      1.56417372	      0.00000000	      4.58393801	      2.34622288	    -25.81015775	     -7.58190404	     14.89690267	     -4.98473282	      0.00000000	    -16.31355495	     15.01178659	      0.00000000
      2.23333333	      2.31924755	     -1.42901179	    186.41467901	     -0.26278597	      0.23039826	     -0.48907484	      2.87283705	     -9.89422117	     -3.27905029	      6.62246356	      1.51698344	      2.15801877	      0.00184284	      0.00733158	      0.01757906	      0.00000000	      0.00000000	      0.00000000	      0.02238091	      0.04670713	     -0.02373859	      0.00000000	      0.00000000	      0.00000000	     -0.03665512	      0.00093476	     -0.00436375	   -156.25973085	     20.38657437	   -113.04306516	     34.77458090	      0.00000000	      0.00000000	      0.00000000	      0.00000000	     30.11082558	     24.29834177	    -69.67613963	     62.22867912	      0.00000000	      0.00000000	      0.00000000	      0.00000000	      6.65348664	      0.87999923	    -10.78325016	     -3.73606812	      4.50082310	     -1.74496398	      0.00000000	    -35.34122691	     -1.99630450	      0.00000000	      5.96520160	      1.24492038	    -25.35288762	     -8.83298487	     14.89690267	     -4.98473282	      0.00000000	    -20.28862656	     14.45993749	      0.00000000
      2.26666667	      0.52819432	      0.20542364	    187.24775440	     -0.26978713	      0.17075188	     -0.48890211	      1.18660946	     -7.75940113	     -3.35758794	      5.92824701	      0.71941635	      4.29731284	      0.00487776	      0.00585716	      0.02095754	      0.00000000	      0.00000000	      0.00000000	      0.02086176	      0.04691126	     -0.02070916	      0.00000000	      0.00000000	      0.00000000	     -0.03772303	      0.00484920	      0.00057497	   -157.96147027	     22.44828576	   -115.86850831	     34.41875284	      0.00000000	      0.00000000	      0.00000000	      0.00000000	     33.48695413	     22.23991812	    -67.26718456	     65.09767512	      0.00000000	      0.00000000	      0.00000000	      0.00000000	      7.16243731	      2.18165036	     -6.82021969	     -6.91557574	      1.69564773	     -1.87278259	      0.00000000	    -33.12632991	     -4.85126802	      0.00000000	      6.69655697	     -0.77806720	    -19.12275486	    -12.33588899	     13.28407857	     -4.98473282	      0.00000000	    -23.08090403	     11.23826257	      0.00000000
      2.30000000	     -0.07209526	      2.66085336	    190.19643963	     -0.27231973	      0.10194628	     -0.48764711	      0.37561567	     -4.67378356	     -5.13478456	      4.28995696	     -0.19502975	      5.96591095	      0.00369690	      0.00322707	      0.02137355	      0.00000000	      0.00000000	      0.00000000	      0.02410090	      0.04641997	     -0.01709642	      0.00000000	      0.00000000	      0.00000000	     -0.03232518	      0.00084307	      0.00429173	   -159.77511777	     22.19944972	   -113.30118124	     33.60783658	      0.00000000	      0.00000000	      0.00000000	      0.00000000	     36.92270903	     21.18023997	    -66.98932514	     67.28430437	      0.00000000	      0.00000000	      0.00000000	      0.00000000	      9.75784936	      3.50721177	     -5.41178382	    -13.15006642	     -1.66807752	     -1.98313155	      0.00000000	    -23.14811980	     -4.09440945	      0.00000000	     11.54946241	     -1.79914416	     -3.12785947	    -22.05422177	      2.17514844	     -4.98473282	      0.00000000	    -16.66510804	     11.99893711	      0.00000000
      2.33333333	     -3.03995192	      3.34780796	    192.38577738	     -0.27375038	      0.03260627	     -0.48574407	     -3.52717879	     -2.99416631	     -5.20899479	      3.11581215	     -1.66908639	      5.95826819	      0.00031153	     -0.00113918	      0.02196171	      0.00000000	      0.00000000	      0.00000000	      0.02522354	      0.04244837	     -0.01559502	      0.00000000	      0.00000000	      0.00000000	     -0.02444383	     -0.00838029	      0.01034485	   -158.93588395	     21.13380583	   -106.28101979	     35.25809462	      0.00000000	      0.00000000	      0.00000000	      0.00000000	     40.26097762	     21.40831901	    -67.32580209	     68.16671263	      0.00000000	      0.00000000	      0.00000000	      0.00000000	     10.85156073	      3.37486906	     -5.76408711	    -23.43978281	     -0.87740432	     -2.25433688	      0.00000000	     -6.64267690	     -2.39653200	      0.00000000	     13.45209551	     -0.57051472	      4.96226379	    -34.00353939	     -2.67668179	     -4.98473282	      0.00000000	     -2.29546704	     10.77711796	      0.00000000
      2.36666667	     -6.11936997	      3.88418482	    193.65321546	     -0.27291100	     -0.02965333	     -0.48620928	     -8.00423283	     -1.67480478	     -3.92078599	      1.97436156	     -1.03998789	      4.74742832	     -0.00522099	     -0.00651479	      0.01675708	      0.00000000	      0.00000000	      0.00000000	      0.02336360	      0.03388460	     -0.01975679	      0.00000000	      0.00000000	      0.00000000	     -0.02137874	     -0.01263598	      0.01318473	   -154.19864954	     22.17551723	   -102.04914682	     42.46764611	      0.00000000	      0.00000000	      0.00000000	      0.00000000	     39.96936199	     22.37212395	    -67.40029835	     63.52787668	      0.00000000	      0.00000000	      0.00000000	      0.00000000	     13.59053971	      4.11443766	     -8.68672962	    -36.52562577	     -0.65008854	     -4.98473282	      0.00000000	     10.43425743	      4.38020886	      0.00000000	     15.66531667	      0.01966535	      6.73557660	    -46.79315590	     -5.45324731	     -4.98473282	      0.00000000	     16.13330050	     10.88170442	      0.00000000
      2.40000000	     -6.94451108	      3.66839788	    194.92484520	     -0.26931429	     -0.08076567	     -0.48817361	    -10.52859636	     -1.93006759	     -3.11867910	      2.03389682	      0.20785274	      3.09486391	     -0.00743517	     -0.01121192	      0.01153899	      0.00000000	      0.00000000	      0.00000000	      0.01936219	      0.02146230	     -0.01835022	      0.00000000	      0.00000000	      0.00000000	     -0.01561868	     -0.01306087	      0.01821474	   -148.47076569	     28.69426048	   -105.58213710	     52.91793251	      0.00000000	      0.00000000	      0.00000000	      0.00000000	     37.80565744	     20.57052856	    -65.73065969	     56.55495784	      0.00000000	      0.00000000	      0.00000000	      0.00000000	     19.83134960	      3.73658061	     -8.15046889	    -50.29307717	     -9.28712907	     -4.98473282	      0.00000000	     23.16498163	     15.61649150	      0.00000000	     20.97033273	      1.34175539	      6.75371226	    -59.28861079	     -8.64953762	     -4.98473282	      0.00000000	     30.69028693	     14.53993206	      0.00000000
      2.43333333	     -9.65644191	      2.86629283	    195.71285044	     -0.26692530	     -0.11536371	     -0.49011167	    -15.37908664	     -2.31404912	     -2.46956749	      2.95921870	      1.28789026	      1.56481023	     -0.01080306	     -0.01381976	      0.00785861	      0.00000000	      0.00000000	      0.00000000	      0.01776240	      0.01469445	     -0.01692310	      0.00000000	      0.00000000	      0.00000000	     -0.01085615	     -0.01160776	      0.01886536	   -138.72639448	     38.05641582	   -105.83309213	     68.29368362	      0.00000000	      0.00000000	      0.00000000	      0.00000000	     34.02174590	     17.93702522	    -63.70206974	     46.82812233	      0.00000000	      0.00000000	      0.00000000	      0.00000000	     23.06628570	      3.53669987	     -8.73941146	    -61.32756934	    -10.91531552	     -4.98473282	      0.00000000	     27.13538222	     15.17912447	      0.00000000	     23.33102096	      1.81734359	      5.93627713	    -68.91115966	     -8.62324515	     -4.98473282	      0.00000000	     36.90786883	     16.32987432	      0.00000000
      2.46666667	     -9.93487088	      2.88903065	    196.34228257	     -0.26607202	     -0.13610488	     -0.49182532	    -16.59878368	     -2.69940769	     -1.96964973	      3.76476310	      1.65207347	     -1.27999004	     -0.01095114	     -0.01460823	      0.00671931	      0.00000000	      0.00000000	      0.00000000	      0.01836199	      0.01013848	     -0.01825390	      0.00000000	      0.00000000	      0.00000000	     -0.00374080	     -0.00920702	      0.01930264	   -120.63367165	     45.93554450	    -91.29925546	     82.58622871	      0.00000000	      0.00000000	      0.00000000	      0.00000000	     31.10303555	     14.66169823	    -63.72855930	     37.40321888	      0.00000000	      0.00000000	      0.00000000	      0.00000000	     26.99636622	      3.05461836	    -10.02289290	    -68.39173779	    -11.47107860	     -4.98473282	      0.00000000	     27.70994935	     14.73021883	      0.00000000	     27.04338920	      1.58438019	      5.66762698	    -75.31836874	     -9.74038917	     -4.98473282	      0.00000000	     38.22789488	     21.64170773	      0.00000000
      2.50000000	    -10.94838314	      2.89147578	    196.26631081	     -0.26664630	     -0.14418484	     -0.49045056	    -18.12810775	     -2.62790629	     -1.84210422	      4.40706268	      1.57571088	     -3.07519043	     -0.01204011	     -0.01361145	      0.00600191	      0.00000000	      0.00000000	      0.00000000	      0.01570042	      0.00557007	     -0.02097609	      0.00000000	      0.00000000	      0.00000000	     -0.00101738	     -0.00243728	      0.01656208	    -96.93799029	     50.48161582	    -64.46197903	     90.06826507	      0.00000000	      0.00000000	      0.00000000	      0.00000000	     28.79306101	     11.24114678	    -64.18928009	     30.56350021	      0.00000000	      0.00000000	      0.00000000	      0.00000000	     27.41323721	      2.44462614	    -10.80163589	    -71.28217114	    -10.61551899	     -4.96092067	      0.00000000	     27.44701431	     14.52838286	      0.00000000	     27.59683007	      0.95683213	      5.33909507	    -77.90090967	    -10.35007490	     -4.98473282	      0.00000000	     38.01580938	     24.76442505	      0.00000000
      2.53333333	    -11.33095251	      2.79954071	    195.73687128	     -0.26739396	     -0.14371357	     -0.48736631	    -18.58613127	     -2.90132833	     -1.16322881	      4.82403008	      1.11408864	     -5.30907384	     -0.01250666	     -0.01195520	      0.00631378	      0.00000000	      0.00000000	      0.00000000	      0.00729927	     -0.00028075	     -0.02093651	      0.00000000	      0.00000000	      0.00000000	     -0.00186932	      0.00804771	      0.01542981	    -71.28235246	     51.04395922	    -32.78881302	     88.41992871	      0.00000000	      0.00000000	      0.00000000	      0.00000000	     27.81146463	      8.16908964	    -65.10069510	     27.78601999	      0.00000000	      0.00000000	      0.00000000	      0.00000000	     26.48923960	      1.68756972	    -10.89483466	    -71.39538607	     -8.84163248	     -4.98473282	      0.00000000	     27.39991507	     14.40961291	      0.00000000	     27.06855265	      0.59720479	      4.60257814	    -77.98204531	    -10.43410279	     -4.98473282	      0.00000000	     38.15783339	     24.79650839	      0.00000000
      2.56666667	    -11.40810190	      2.82099714	    195.10566186	     -0.26722733	     -0.13751429	     -0.48344258	    -18.59045595	     -3.14139087	     -0.35323445	      4.85182436	      0.74037819	     -6.77456216	     -0.01355941	     -0.00998098	      0.00752709	      0.00000000	      0.00000000	      0.00000000	      0.00424085	     -0.00753699	     -0.01464824	      0.00000000	      0.00000000	      0.00000000	     -0.00474749	      0.01637095	      0.01825674	    -47.89903372	     48.51307874	     -5.55159957	     81.52575807	      0.00000000	      0.00000000	      0.00000000	      0.00000000	     28.30897660	      4.79084336	    -63.70640347	     28.53709379	      0.00000000	      0.00000000	      0.00000000	      0.00000000	     24.97726313	      1.29840376	    -10.56706076	    -69.72338939	     -6.97872245	     -4.98473282	      0.00000000	     27.10607607	     14.14668715	      0.00000000	     25.98528475	      0.32617671	      3.78404931	    -76.46527213	    -10.16784830	     -4.98473282	      0.00000000	     38.70956513	     23.65273535	      0.00000000
      2.60000000	    -10.78869380	      3.13902790	    194.57176354	     -0.26508497	     -0.12773573	     -0.47967196	    -17.97008098	     -3.09424257	      1.34947005	      4.86468692	     -0.91445414	     -9.09486573	     -0.01469444	     -0.00861661	      0.01029767	      0.00000000	      0.00000000	      0.00000000	      0.00628526	     -0.01626083	     -0.01028347	      0.00000000	      0.00000000	      0.00000000	     -0.00607878	      0.01860324	      0.02147034	    -34.35466817	     42.35999936	     12.34620437	     72.62917648	      0.00000000	      0.00000000	      0.00000000	      0.00000000	     29.55829998	      2.20472769	    -61.68865117	     30.44586529	      0.00000000	      0.00000000	      0.00000000	      0.00000000	     24.08951362	      1.45381246	     -9.95008978	    -66.98408152	     -5.81362229	     -4.98473282	      0.00000000	     26.60362386	     13.87897879	      0.00000000	     25.47030478	     -0.01841900	      3.23864974	    -74.13640488	     -9.37622838	     -4.98473282	      0.00000000	     38.64638296	     23.23086093	      0.00000000
      2.63333333	     -9.05250374	      3.53258967	    194.66656011	     -0.26127850	     -0.11523434	     -0.47626497	    -16.25156497	     -3.22207861	      1.76715151	      4.70491337	     -0.04855005	     -6.95140566	     -0.01527284	     -0.00763541	      0.01352786	      0.00000000	      0.00000000	      0.00000000	      0.01236220	     -0.02227303	     -0.00615399	      0.00000000	      0.00000000	      0.00000000	     -0.00343398	      0.01711301	      0.02295686	    -27.25378796	     37.29808155	     26.64190852	     61.67300729	      0.00000000	      0.00000000	      0.00000000	      0.00000000	     30.50868399	     -1.34752695	    -55.25468298	     32.92340451	      0.00000000	      0.00000000	      0.00000000	      0.00000000	     24.37205542	      1.31078438	    -10.05298250	    -63.66823162	     -5.51864928	     -4.98473282	      0.00000000	     25.55483696	     12.80842034	      0.00000000	     25.93848230	     -0.20504100	      2.75405578	    -70.86238364	     -8.29273094	     -4.98473282	      0.00000000	     37.64905362	     23.14664701	      0.00000000
      2.66666667	     -7.85230713	      4.25732137	    195.13218853	     -0.25718230	     -0.09996521	     -0.47346830	    -15.21906403	     -2.67234363	      2.92584120	      4.61805670	     -0.22833846	     -7.12504472	     -0.01616848	     -0.00726391	      0.01538747	      0.00000000	      0.00000000	      0.00000000	      0.01444735	     -0.02503357	     -0.00220207	      0.00000000	      0.00000000	      0.00000000	     -0.00579059	      0.01512971	      0.01989969	    -23.49979198	     33.52685874	     36.74862067	     51.78825108	      0.00000000	      0.00000000	      0.00000000	      0.00000000	     30.01045529	     -1.03983791	    -50.82874285	     32.23717857	      0.00000000	      0.00000000	      0.00000000	      0.00000000	     23.66855441	      2.01490029	     -9.85206332	    -59.04117987	     -6.40598293	     -4.98473282	      0.00000000	     24.50037809	     12.44010337	      0.00000000	     25.60747260	     -1.04602699	      2.65521212	    -66.85840082	     -7.16567025	     -4.98473282	      0.00000000	     36.08130462	     24.83912681	      0.00000000
      2.70000000	     -6.95328035	      4.80565316	    196.29513689	     -0.25360889	     -0.08309225	     -0.47050271	    -14.56513007	     -2.18071733	      3.18063972	      4.72789515	     -0.13957484	     -6.79783564	     -0.01653078	     -0.00703496	      0.01794667	      0.00000000	      0.00000000	      0.00000000	      0.01495389	     -0.02792416	      0.00265479	      0.00000000	      0.00000000	      0.00000000	     -0.01172478	      0.01234486	      0.01615830	    -19.78623207	     29.75262506	     40.96267776	     46.71249236	      0.00000000	      0.00000000	      0.00000000	      0.00000000	     28.83315258	      0.47349136	    -46.46456975	     30.73456478	      0.00000000	      0.00000000	      0.00000000	      0.00000000	     22.05499882	      2.67885882	     -9.63981284	    -53.47621752	     -7.89401630	     -4.98473282	      0.00000000	     23.27066048	     12.24414278	      0.00000000	     24.55881253	     -1.41118970	      3.10147487	    -62.19492986	     -5.63654445	     -4.98473282	      0.00000000	     34.28195427	     24.98095987	      0.00000000
      2.73333333	     -7.66332639	      4.86387145	    198.18498798	     -0.25115447	     -0.06557190	     -0.46581481	    -15.75492424	     -1.15283147	      3.06525806	      4.89651942	      0.29835478	     -6.20698489	     -0.01828434	     -0.00615329	      0.01661241	      0.00000000	      0.00000000	      0.00000000	      0.00980332	     -0.02924926	      0.00750890	      0.00000000	      0.00000000	      0.00000000	     -0.01715714	      0.00886027	      0.00883440	    -16.64765131	     26.68169389	     40.71742060	     43.97187547	      0.00000000	      0.00000000	      0.00000000	      0.00000000	     26.44791339	      2.39951635	    -42.88450249	     28.58210752	      0.00000000	      0.00000000	      0.00000000	      0.00000000	     17.90740857	      2.99074271	    -10.23679161	    -46.67545895	     -9.48556181	     -4.98473282	      0.00000000	     21.79774298	     12.69467572	      0.00000000	     21.47187646	     -1.52512042	      3.76458436	    -57.00972433	     -4.02046393	     -4.98473282	      0.00000000	     32.14703272	     24.98095987	      0.00000000
      2.76666667	    -12.95280124	      2.42558642	    201.00975737	     -0.25276385	     -0.04653493	     -0.45832700	    -22.42626317	     -0.56535494	      1.96123213	      5.10347373	      0.85350906	     -7.31052034	     -0.02217111	     -0.00403024	      0.01150627	      0.00000000	      0.00000000	      0.00000000	      0.00390768	     -0.02647543	      0.00904141	      0.00000000	      0.00000000	      0.00000000	     -0.02235418	      0.00771665	      0.00317404	    -14.08491927	     24.57786419	     38.74596189	     41.08095514	      0.00000000	      0.00000000	      0.00000000	      0.00000000	     24.82370113	      5.34045340	    -44.68262860	     23.72547581	      0.00000000	      0.00000000	      0.00000000	      0.00000000	      6.98422774	      2.74355276	    -11.09549028	    -37.89213151	    -10.15984045	     -4.98473282	      0.00000000	     19.55846154	     12.21480495	      0.00000000	     11.74019917	     -1.02176161	      4.03914624	    -49.75937378	     -2.71445470	     -4.98473282	      0.00000000	     30.06519294	     24.98095987	      0.00000000
      2.80000000	    -19.45461521	     -2.29603938	    202.03337854	     -0.25726065	     -0.02946149	     -0.44972697	    -30.70927177	     -2.21135344	      1.28090721	      5.54798348	      0.17912453	     -8.49755830	     -0.02437222	     -0.00106507	      0.01396929	      0.00000000	      0.00000000	      0.00000000	      0.00003977	     -0.02272762	      0.00772519	      0.00000000	      0.00000000	      0.00000000	     -0.02041148	      0.01169133	      0.00385271	    -13.55335806	     23.93883721	     41.00892215	     38.13078886	      0.00000000	      0.00000000	      0.00000000	      0.00000000	     25.11366423	      6.18923547	    -47.72732848	     20.68500448	      0.00000000	      0.00000000	      0.00000000	      0.00000000	     -6.65441276	      1.34305629	    -11.34488708	    -28.47124596	     -7.12029639	     -4.98473282	      0.00000000	     16.41334586	      7.93755754	      0.00000000	     -1.40781070	      0.34648392	      2.87244101	    -40.82022100	     -0.97225711	     -4.98473282	      0.00000000	     27.78091626	     24.96372776	      0.00000000
      2.83333333	    -19.39575442	     -3.89645550	    202.68370629	     -0.25715482	     -0.01861353	     -0.44175744	    -30.95788197	     -3.06003412	      0.89237557	      4.32005613	      0.46277045	     -9.83571282	     -0.02603233	      0.00162081	      0.01079396	      0.00000000	      0.00000000	      0.00000000	     -0.00264953	     -0.01799653	      0.00877355	      0.00000000	      0.00000000	      0.00000000	     -0.01405715	      0.01543389	      0.00268385	    -12.21919078	     24.03074753	     43.41267896	     33.42267104	      0.00000000	      0.00000000	      0.00000000	      0.00000000	     24.40011935	      5.83961166	    -49.34538560	     17.86039702	      0.00000000	      0.00000000	      0.00000000	      0.00000000	    -10.69437018	      0.28263223	    -10.84225632	    -22.38997527	     -5.84517643	     -4.98473282	      0.00000000	     13.81031003	      4.54733130	      0.00000000	     -5.72342975	      1.51604202	      1.89316562	    -34.11896129	      0.93874738	     -4.98473282	      0.00000000	     26.28078888	     22.25545246	      0.00000000
      2.86666667	    -19.20000185	     -5.09612074	    202.31924833	     -0.25724760	     -0.01145520	     -0.43419381	    -30.62958942	     -4.05409367	      1.31687907	      2.66890636	     -0.21454479	    -10.40584590	     -0.02733283	      0.00487864	      0.01029655	      0.00000000	      0.00000000	      0.00000000	     -0.00137485	     -0.01332500	      0.00589673	      0.00000000	      0.00000000	      0.00000000	     -0.00873593	      0.01592036	      0.00405834	    -12.57572669	     23.68960113	     45.85926807	     31.85562595	      0.00000000	      0.00000000	      0.00000000	      0.00000000	     25.00635548	      4.97216416	    -51.56308878	     18.07421686	      0.00000000	      0.00000000	      0.00000000	      0.00000000	    -13.64383533	     -0.83549699	     -9.55981034	    -17.74222390	     -4.48964422	     -4.98473282	      0.00000000	     11.85870534	      0.55380766	      0.00000000	     -9.75932466	      2.23224120	     -1.40590233	    -27.70449035	      4.89850041	     -4.98473282	      0.00000000	     25.40498295	     18.92083076	      0.00000000
      2.90000000	    -18.57417836	     -5.39200823	    201.92745393	     -0.25691287	     -0.00739766	     -0.42771209	    -29.37774216	     -4.52543293	      1.80620954	      1.48481649	     -0.74782499	    -10.49436179	     -0.02571066	      0.00702960	      0.01028595	      0.00000000	      0.00000000	      0.00000000	      0.00130592	     -0.01015938	      0.00342987	      0.00000000	      0.00000000	      0.00000000	     -0.00762102	      0.01352243	      0.00540844	    -12.71538822	     23.08635914	     46.68459251	     31.15587606	      0.00000000	      0.00000000	      0.00000000	      0.00000000	     25.60980581	      4.44814133	    -52.91107215	     18.93323741	      0.00000000	      0.00000000	      0.00000000	      0.00000000	    -14.67437616	     -1.53597581	     -8.78181453	    -15.14950445	     -3.48335557	     -4.98473282	      0.00000000	     10.78528134	     -1.97097353	      0.00000000	    -12.55343673	      2.33877689	     -6.18152793	    -22.00862606	     10.02413460	     -4.98473282	      0.00000000	     24.52559789	     16.58172733	      0.00000000
      2.93333333	    -18.04008219	     -5.60997571	    201.76110349	     -0.25684898	     -0.00566579	     -0.42202653	    -28.14896363	     -4.87594438	      1.85328458	      0.07190238	     -1.26716655	    -10.21993639	     -0.02389756	      0.00921613	      0.01078796	      0.00000000	      0.00000000	      0.00000000	      0.00418463	     -0.00879665	      0.00119196	      0.00000000	      0.00000000	      0.00000000	     -0.01064573	      0.01006560	      0.00640824	    -12.41518149	     22.78471980	     47.44982913	     28.98950538	      0.00000000	      0.00000000	      0.00000000	      0.00000000	     26.09700625	      4.65452889	    -53.97621614	     19.30550013	      0.00000000	      0.00000000	      0.00000000	      0.00000000	    -14.89002800	     -2.18474910	     -9.06522768	    -14.29104651	     -2.32202395	     -4.98473282	      0.00000000	     11.08045630	     -2.70077710	      0.00000000	    -14.88530064	      2.59918146	    -11.08915558	    -17.05101245	     14.89690267	     -4.98473282	      0.00000000	     23.38836409	     16.22967950	      0.00000000
      2.96666667	    -18.03035842	     -5.80912458	    201.86756510	     -0.25698153	     -0.00555119	     -0.41621521	    -27.44836996	     -4.87023883	      1.87022147	     -0.51079433	     -1.37305584	     -9.68620534	     -0.01975975	      0.00994670	      0.01103058	      0.00000000	      0.00000000	      0.00000000	      0.00559696	     -0.00946980	     -0.00137866	      0.00000000	      0.00000000	      0.00000000	     -0.01308529	      0.00780616	      0.00809313	    -12.32364102	     23.04871587	     48.72358774	     24.89366106	      0.00000000	      0.00000000	      0.00000000	      0.00000000	     26.22903213	      5.31451278	    -54.34738348	     18.86905166	      0.00000000	      0.00000000	      0.00000000	      0.00000000	    -14.93527772	     -2.72168636	    -10.10627708	    -14.98833836	     -0.29650947	     -4.98473282	      0.00000000	     11.54829853	     -2.45298936	      0.00000000	    -16.85526135	      3.10042840	    -13.97938036	    -13.27484539	     14.89690267	     -4.98473282	      0.00000000	     22.81920317	     19.87267965	      0.00000000
      3.00000000	    -17.90899924	     -6.20305048	    202.76359224	     -0.25737700	     -0.00634277	     -0.41146152	    -26.85879506	     -5.00819073	      1.18409721	     -1.40398245	     -1.31299754	     -9.37496206	     -0.01647588	      0.01046590	      0.01211801	      0.00000000	      0.00000000	      0.00000000	      0.00750894	     -0.01266847	     -0.00175947	      0.00000000	      0.00000000	      0.00000000	     -0.01469610	      0.00766075	      0.01083133	    -12.07341041	     23.43434597	     50.05761889	     21.39344813	      0.00000000	      0.00000000	      0.00000000	      0.00000000	     26.47974423	      6.16760334	    -53.37880202	     18.22972135	      0.00000000	      0.00000000	      0.00000000	      0.00000000	    -14.35802981	     -3.39122441	    -12.07593677	    -17.18987099	      0.99724350	     -4.98473282	      0.00000000	     11.75763984	     -1.44566970	      0.00000000	    -17.94746008	      3.53987817	    -15.98461523	    -10.95104635	     14.89690267	     -4.98473282	      0.00000000	     22.03095323	     23.61767836	      0.00000000
      3.03333333	    -18.37081894	     -6.86832616	    203.85472856	     -0.25693027	     -0.00670660	     -0.40730585	    -27.40462572	     -4.92144977	      0.42678814	     -1.49967505	     -1.08730129	     -9.05090293	     -0.01391700	      0.00984158	      0.01192676	      0.00000000	      0.00000000	      0.00000000	      0.00799343	     -0.01542921	     -0.00393776	      0.00000000	      0.00000000	      0.00000000	     -0.01629945	      0.00721010	      0.01336002	    -13.32628349	     23.66938577	     50.55453818	     21.45555195	      0.00000000	      0.00000000	      0.00000000	      0.00000000	     26.73661151	      7.21915731	    -51.41101928	     18.86418744	      0.00000000	      0.00000000	      0.00000000	      0.00000000	    -13.77019773	     -4.15545082	    -12.97662096	    -21.20215698	      0.31136624	     -4.98473282	      0.00000000	     10.91986702	      0.25876181	      0.00000000	    -18.87808496	      3.94568986	    -15.34347206	    -10.26276046	     14.89690267	     -4.98473282	      0.00000000	     20.67851148	     24.98095987	      0.00000000
      3.06666667	    -19.19051226	     -7.31055069	    205.34612531	     -0.25582305	     -0.00581531	     -0.40389797	    -28.51907543	     -4.27225585	     -0.31631528	     -1.80409440	     -0.79278437	     -9.02767652	     -0.01394432	      0.00904715	      0.01124378	      0.00000000	      0.00000000	      0.00000000	      0.00972075	     -0.01694984	     -0.00631112	      0.00000000	      0.00000000	      0.00000000	     -0.01566612	      0.00612244	      0.01491264	    -15.28869842	     22.51398996	     46.46828519	     25.73614378	      0.00000000	      0.00000000	      0.00000000	      0.00000000	     26.79401349	      7.75635695	    -48.41095064	     21.57088072	      0.00000000	      0.00000000	      0.00000000	      0.00000000	    -12.50557864	     -4.22550183	    -12.08981091	    -28.08375461	     -4.27444049	     -4.98473282	      0.00000000	     11.23589294	      4.08142926	      0.00000000	    -19.40497775	      3.75217557	    -13.10614322	    -10.87394407	     14.89690267	     -4.98473282	      0.00000000	     19.35821161	     24.98095987	      0.00000000
      3.10000000	    -20.11297593	     -8.09174751	    205.89525233	     -0.25475050	     -0.00389696	     -0.40181882	    -30.01954704	     -4.38441514	     -0.38160262	     -1.74570836	     -0.93048490	     -9.56022860	     -0.01395970	      0.00771880	      0.01197594	      0.00000000	      0.00000000	      0.00000000	      0.01219764	     -0.01756315	     -0.00793052	      0.00000000	      0.00000000	      0.00000000	     -0.01582446	      0.00483106	      0.01550140	    -16.69173294	     21.02808736	     42.23778427	     30.43225670	      0.00000000	      0.00000000	      0.00000000	      0.00000000	     26.62089724	      8.82250546	    -48.23638821	     23.40956691	      0.00000000	      0.00000000	      0.00000000	      0.00000000	     -9.96412984	     -4.36988561	     -9.47349369	    -39.67066704	     -7.98203445	     -4.98473282	      0.00000000	     14.45266347	      5.63855930	      0.00000000	    -20.24058799	      3.94296867	    -12.34776438	    -11.51073282	     14.89690267	     -4.98473282	      0.00000000	     18.27493930	     24.98095987	      0.00000000
      3.13333333	    -19.94046712	     -8.10927761	    205.99520459	     -0.25434647	     -0.00231414	     -0.40068623	    -29.93977871	     -4.47303299	      0.80162185	     -2.82677923	     -0.71152487	    -10.66312881	     -0.01595929	      0.00818206	      0.01027890	      0.00000000	      0.00000000	      0.00000000	      0.01517501	     -0.01674960	     -0.00890177	      0.00000000	      0.00000000	      0.00000000	     -0.01546733	      0.00259799	      0.01386366	    -17.36015715	     18.98785600	     38.33059307	     32.91395610	      0.00000000	      0.00000000	      0.00000000	      0.00000000	     25.78911546	     10.29157569	    -49.44552157	     23.96012028	      0.00000000	      0.00000000	      0.00000000	      0.00000000	     -5.24142947	     -3.99668091	     -6.93500125	    -54.10945568	    -11.19437207	     -4.98473282	      0.00000000	     20.07559526	      8.02271529	      0.00000000	    -19.63665413	      3.88126787	    -13.83625149	    -12.68136188	     14.89690267	     -4.98473282	      0.00000000	     19.38573355	     24.98095987	      0.00000000
      3.16666667	    -20.28641437	     -8.56915216	    206.75073974	     -0.25640580	     -0.00085444	     -0.39753320	    -30.33729746	     -4.11577419	      0.95617311	     -3.88748989	     -0.94268323	    -11.14076305	     -0.01721092	      0.00949649	      0.00912450	      0.00000000	      0.00000000	      0.00000000	      0.01511536	     -0.01616547	     -0.00940279	      0.00000000	      0.00000000	      0.00000000	     -0.01725919	      0.00034981	      0.01262566	    -18.08488178	     18.36665403	     38.28162819	     32.29044819	      0.00000000	      0.00000000	      0.00000000	      0.00000000	     24.79637755	     11.37265902	    -49.97144441	     23.34762910	      0.00000000	      0.00000000	      0.00000000	      0.00000000	     -2.28110391	     -4.18223621	     -6.74685544	    -67.60581908	    -10.85284954	     -4.98473282	      0.00000000	     26.64609614	      9.31963388	      0.00000000	    -20.56602538	      3.88585703	    -16.43896900	    -12.45424306	     14.89690267	     -4.98473282	      0.00000000	     20.69426511	     24.98095987	      0.00000000
      3.20000000	    -17.77536942	     -7.32998765	    207.14460900	     -0.25822882	     -0.00078081	     -0.39579042	    -27.17781088	     -4.05632949	      1.93419633	     -4.76839722	     -0.82683269	    -11.11330334	     -0.01744748	      0.00945574	      0.00918938	      0.00000000	      0.00000000	      0.00000000	      0.01477781	     -0.01738736	     -0.00741780	      0.00000000	      0.00000000	      0.00000000	     -0.02063601	     -0.00294391	      0.01303739	    -18.75404102	     17.41478958	     39.54657457	     32.13644519	      0.00000000	      0.00000000	      0.00000000	      0.00000000	     24.36888524	     12.21113575	    -50.80570193	     22.49801856	      0.00000000	      0.00000000	      0.00000000	      0.00000000	      4.40549281	     -3.92210020	     -5.28387560	    -79.87184037	    -12.04954898	     -4.98473282	      0.00000000	     31.36319821	     14.11262225	      0.00000000	    -17.68728286	      3.78844448	    -19.78211867	    -12.91867397	     14.89690267	     -4.98473282	      0.00000000	     22.80167037	     24.98095987	      0.00000000
      3.23333333	    -15.81650057	     -6.50432748	    208.49862137	     -0.26140603	     -0.00076607	     -0.39227584	    -24.71371788	     -3.39862884	      1.46218152	     -5.48548160	     -0.99378638	    -10.46596631	     -0.01692231	      0.00961114	      0.00848473	      0.00000000	      0.00000000	      0.00000000	      0.01585338	     -0.01686465	     -0.00737958	      0.00000000	      0.00000000	      0.00000000	     -0.02083668	     -0.00560756	      0.01127842	    -20.34216208	     15.82813932	     41.50653444	     34.18898186	      0.00000000	      0.00000000	      0.00000000	      0.00000000	     23.75511773	     11.15342417	    -48.87620649	     23.82305050	      0.00000000	      0.00000000	      0.00000000	      0.00000000	      9.12425004	     -4.20406041	     -5.13226825	    -88.64210596	    -14.24799804	     -4.98473282	      0.00000000	     34.45458111	     20.72184358	      0.00000000	    -15.65300393	      3.72695596	    -20.57103233	    -13.01557253	     14.89690267	     -4.98473282	      0.00000000	     23.45007065	     24.98095987	      0.00000000
      3.26666667	    -15.26574004	     -6.72374120	    209.71043337	     -0.26581685	     -0.00070810	     -0.38796657	    -24.30599488	     -3.08823120	      0.68272205	     -5.64604262	     -1.37278215	    -10.18985014	     -0.01647332	      0.01013926	      0.00868818	      0.00000000	      0.00000000	      0.00000000	      0.01685797	     -0.01489006	     -0.00765379	      0.00000000	      0.00000000	      0.00000000	     -0.02048169	     -0.00695828	      0.00918873	    -22.31854162	     13.91363345	     42.71420536	     37.86900052	      0.00000000	      0.00000000	      0.00000000	      0.00000000	     23.51725731	     10.12078977	    -48.95220785	     25.57201527	      0.00000000	      0.00000000	      0.00000000	      0.00000000	     11.36711591	     -4.86890809	     -5.50533009	    -94.83248346	    -14.68590603	     -4.98473282	      0.00000000	     35.86547079	     22.98062783	      0.00000000	    -15.63927473	      4.03869834	    -19.63909050	    -12.75963302	     14.89690267	     -4.98473282	      0.00000000	     22.79988360	     24.98095987	      0.00000000
      3.30000000	    -13.39804164	     -6.32191864	    210.55997608	     -0.26974596	     -0.00203733	     -0.38497780	    -22.56979197	     -3.44409451	     -0.06255804	     -5.30680587	     -1.72136584	     -8.95849410	     -0.01559388	      0.00986176	      0.01245765	      0.00000000	      0.00000000	      0.00000000	      0.01958759	     -0.01433129	     -0.00681705	      0.00000000	      0.00000000	      0.00000000	     -0.01869901	     -0.00765852	      0.00918746	    -23.39728415	     11.24103753	     41.43084283	     41.74775306	      0.00000000	      0.00000000	      0.00000000	      0.00000000	     23.70725040	      8.41804431	    -48.87121162	     27.82652099	      0.00000000	      0.00000000	      0.00000000	      0.00000000	     15.59179152	     -5.46519985	     -5.69887497	    -99.23292066	    -14.89690267	     -4.98473282	      0.00000000	     36.78253649	     23.32472619	      0.00000000	    -13.93046308	      4.49591121	    -18.48210784	    -12.98694526	     14.89690267	     -4.98473282	      0.00000000	     22.89148714	     24.98095987	      0.00000000
      3.33333333	     -7.97533191	     -4.70799364	    210.92740003	     -0.27250779	     -0.00552266	     -0.38421641	    -16.83449851	     -5.49596616	      0.21542889	     -5.67180290	     -1.35282292	     -8.93792062	     -0.01408719	      0.00973357	      0.01767832	      0.00000000	      0.00000000	      0.00000000	      0.01788298	     -0.01662853	     -0.00106683	      0.00000000	      0.00000000	      0.00000000	     -0.01833092	     -0.00655497	      0.01160722	    -22.34126446	      8.76223574	     37.91825543	     42.35586256	      0.00000000	      0.00000000	      0.00000000	      0.00000000	     24.12943192	      7.77505747	    -51.06462090	     28.12933727	      0.00000000	      0.00000000	      0.00000000	      0.00000000	     24.92422652	     -6.37557182	     -4.72281847	   -102.16220607	    -14.89690267	     -4.98473282	      0.00000000	     38.08269506	     22.16556335	      0.00000000	     -8.10882514	      5.81942499	    -17.61588283	    -13.79467065	     14.89690267	     -4.98473282	      0.00000000	     23.98795062	     24.98095987	      0.00000000
      3.36666667	     -6.35501794	     -4.71174250	    211.23003448	     -0.27741261	     -0.00837878	     -0.38168506	    -15.59827872	     -6.82168602	     -0.38121537	     -5.05197568	     -2.24605055	     -7.96416701	     -0.01138987	      0.01057741	      0.02664759	      0.00000000	      0.00000000	      0.00000000	      0.01671293	     -0.01790909	      0.00283529	      0.00000000	      0.00000000	      0.00000000	     -0.02286969	     -0.00533169	      0.01919527	    -21.21422262	      7.30194479	     33.79250451	     41.13082244	      0.00000000	      0.00000000	      0.00000000	      0.00000000	     25.25857949	      7.74282477	    -52.95008339	     27.99971759	      0.00000000	      0.00000000	      0.00000000	      0.00000000	     29.34435323	     -6.80480059	     -3.90020023	   -101.86276539	    -14.89690267	     -4.98473282	      0.00000000	     39.19942223	     21.05324352	      0.00000000	     -7.47716119	      6.76733720	    -17.52142854	    -13.15352453	     14.89690267	     -4.98473282	      0.00000000	     24.66358512	     24.98095987	      0.00000000
