Coordinates
version=1
nRows=279
nColumns=64
inDegrees=yes

Units are S.I. units (second, meters, Newtons, ...)
If the header above contains a line with 'inDegrees', this indicates whether rotational values are in degrees (yes) or radians (no).

endheader
time	pelvic_tilt	pelvic_list	pelvic_rotation	pelvic_tx	pelvic_ty	pelvic_tz	lumbar_extension	lumbar_bending	lumbar_rotation	neck_flex	neck_tilt	neck_rot	neck_tx1	neck_ty1	neck_tz1	SternumRRotZ	SternumRRotX	SternumRRotY	SternumRX	SternumRY	SternumRZ	SternumLRotZ	SternumLRotX	SternumLRotY	SternumLX	SternumLY	SternumLZ	shoulder_add_r	shoulder_flex_r	shoulder_rot_r	elbow_flexion_r	elbow_varus_valg_r	pro_sup_r	wrist_dev_r	wrist_flex_r	shoulder_add_l	shoulder_flex_l	shoulder_rot_l	elbow_flexion_l	elbow_varus_valg_l	pro_sup_l	wrist_dev_l	wrist_flex_l	hip_flexion_r	hip_adduction_r	hip_rotation_r	knee_angle_r	knee_rotation_r	knee_adduction_r	knee_tz_r	ankle_angle_r	subtalar_angle_r	mtp_angle_r	hip_flexion_l	hip_adduction_l	hip_rotation_l	knee_angle_l	knee_rotation_l	knee_adduction_l	knee_tz_l	ankle_angle_l	subtalar_angle_l	mtp_angle_l
      0.03333333	    -22.23137765	     -4.07601065	   -176.84608685	      0.65372552	      0.05433100	     -0.41904717	    -22.62154450	     -2.58514113	      0.77850454	     -3.73276803	      0.41033701	     -2.15177752	      0.01662138	     -0.00777507	      0.02049836	      0.00000000	      0.00000000	      0.00000000	      0.01704887	     -0.00797527	      0.00122480	      0.00000000	      0.00000000	      0.00000000	      0.02508950	     -0.00822681	     -0.02105904	    224.53513790	     19.56004582	    -69.05951206	     29.71710350	      0.00000000	      0.00000000	      0.00000000	      0.00000000	   -218.44871872	     24.23800777	     55.33363426	     18.77640187	      0.00000000	      0.00000000	      0.00000000	      0.00000000	    -27.05375388	    -11.15638993	    -13.77891715	      0.72119154	     -6.98202670	     -4.98473282	      0.00000000	     -5.70644311	      0.88676872	      0.00000000	    -29.46589687	     -3.59317452	    -31.87099701	      8.45899256	     14.89690267	     -4.98473282	      0.00000000	      0.18232987	     14.05612326	      0.00000000
      0.06666667	    -21.23714702	     -4.86720420	   -176.75551549	      0.65201570	      0.05251275	     -0.41686290	    -21.40526489	     -3.33126907	      0.56408110	     -1.05595214	     -0.59264606	     -5.12711760	      0.01767573	     -0.00907775	      0.01815691	      0.00000000	      0.00000000	      0.00000000	      0.02341119	     -0.00547597	      0.01558557	      0.00000000	      0.00000000	      0.00000000	      0.02772037	     -0.00569419	     -0.02025806	    220.72126653	     23.18739614	    -77.35354593	     25.97188325	      0.00000000	      0.00000000	      0.00000000	      0.00000000	   -218.80392953	     25.16520551	     55.08171295	     19.36538903	      0.00000000	      0.00000000	      0.00000000	      0.00000000	    -26.43875846	    -12.34090393	    -13.52095269	      0.63764577	     -6.32073542	     -4.98473282	      0.00000000	     -5.76291989	     -1.10054014	      0.00000000	    -27.95761335	     -3.58447296	    -27.20271586	      5.86438903	     14.89690267	     -4.98473282	      0.00000000	      0.96199185	     11.56371223	      0.00000000
      0.10000000	    -20.44126857	     -5.67766702	   -176.15078212	      0.65142818	      0.05139063	     -0.41532689	    -20.67250647	     -4.02925820	     -0.02749726	      0.85413538	     -1.38268843	     -6.93546118	      0.01727792	     -0.00992447	      0.01791297	      0.00000000	      0.00000000	      0.00000000	      0.02741249	     -0.00179920	      0.02420838	      0.00000000	      0.00000000	      0.00000000	      0.03014653	     -0.00370990	     -0.01878082	    219.14154144	     25.12178882	    -82.67540366	     24.82671195	      0.00000000	      0.00000000	      0.00000000	      0.00000000	   -219.17063297	     25.16778437	     53.73059937	     20.23186807	      0.00000000	      0.00000000	      0.00000000	      0.00000000	    -26.02845108	    -13.17684047	    -14.26820147	      0.47871632	     -6.00481826	     -4.98473282	      0.00000000	     -6.07782235	     -3.03189769	      0.00000000	    -26.33797443	     -3.56358939	    -21.58952703	      3.28130597	     14.89690267	     -4.98473282	      0.00000000	      0.87658715	      6.45292663	      0.00000000
      0.13333333	    -20.48533674	     -6.39815667	   -175.46287930	      0.65068871	      0.05096159	     -0.41415287	    -20.90274254	     -4.51983008	     -0.55645720	      1.59267465	     -2.07636552	     -7.40008363	      0.01587843	     -0.00980218	      0.01945445	      0.00000000	      0.00000000	      0.00000000	      0.02894407	      0.00076607	      0.02610125	      0.00000000	      0.00000000	      0.00000000	      0.03264156	     -0.00241766	     -0.01806566	    219.13303412	     24.90226045	    -81.48683945	     24.38309487	      0.00000000	      0.00000000	      0.00000000	      0.00000000	   -219.46232238	     24.89373174	     53.09824420	     21.00614087	      0.00000000	      0.00000000	      0.00000000	      0.00000000	    -26.51619921	    -13.64885557	    -15.13581999	      0.42818352	     -6.82584778	     -4.98473282	      0.00000000	     -6.66121364	     -4.13125512	      0.00000000	    -26.04512102	     -3.19159308	    -19.49531212	      2.48656793	     14.89690267	     -4.98473282	      0.00000000	     -0.25376386	      4.04977860	      0.00000000
      0.16666667	    -20.64971600	     -6.72714336	   -175.20516709	      0.64970115	      0.05101871	     -0.41367251	    -21.14872069	     -4.72876233	     -0.61283491	      1.39523745	     -2.12088804	     -6.98376053	      0.01466478	     -0.00981714	      0.02032741	      0.00000000	      0.00000000	      0.00000000	      0.02757561	      0.00279848	      0.02550434	      0.00000000	      0.00000000	      0.00000000	      0.03331764	     -0.00151162	     -0.01841686	    219.94851824	     24.88535829	    -81.07060956	     24.91364836	      0.00000000	      0.00000000	      0.00000000	      0.00000000	   -219.56392440	     25.37783722	     54.61272030	     21.10106732	      0.00000000	      0.00000000	      0.00000000	      0.00000000	    -26.93272485	    -13.76848721	    -15.39112803	      0.52459777	     -7.82019919	     -4.98473282	      0.00000000	     -7.30432619	     -5.08188075	      0.00000000	    -26.37449762	     -2.83176215	    -20.25077404	      2.94198858	     14.89690267	     -4.98473282	      0.00000000	     -1.24098180	      4.23911689	      0.00000000
      0.20000000	    -21.13661299	     -6.70148797	   -175.25068849	      0.64888774	      0.05121376	     -0.41375587	    -21.76693723	     -4.59202401	     -0.41207337	      1.13639496	     -2.35915502	     -6.38449583	      0.01409454	     -0.00985694	      0.02101583	      0.00000000	      0.00000000	      0.00000000	      0.02586172	      0.00624722	      0.02308217	      0.00000000	      0.00000000	      0.00000000	      0.03187234	      0.00046390	     -0.01954693	    221.51916791	     24.95516138	    -82.66907129	     27.19269297	      0.00000000	      0.00000000	      0.00000000	      0.00000000	   -219.68592854	     26.17694341	     56.94068568	     21.38432086	      0.00000000	      0.00000000	      0.00000000	      0.00000000	    -27.41356365	    -13.62322930	    -14.65088865	      0.46684043	     -8.44276713	     -4.98473282	      0.00000000	     -7.88697713	     -6.71198135	      0.00000000	    -27.11594468	     -2.75686073	    -21.96216049	      3.53567804	     14.89690267	     -4.98473282	      0.00000000	     -1.17759354	      6.05798975	      0.00000000
      0.23333333	    -21.46734920	     -6.53522330	   -175.29717355	      0.64870579	      0.05141888	     -0.41418231	    -22.31920921	     -4.31578465	     -0.13416835	      0.74239487	     -2.46179976	     -5.92070845	      0.01271975	     -0.00971620	      0.02059677	      0.00000000	      0.00000000	      0.00000000	      0.02395679	      0.00709235	      0.02356912	      0.00000000	      0.00000000	      0.00000000	      0.03059401	      0.00159411	     -0.02031738	    221.72245791	     24.46347986	    -83.49969344	     28.20628085	      0.00000000	      0.00000000	      0.00000000	      0.00000000	   -219.33079319	     26.27608378	     56.71413535	     21.32215149	      0.00000000	      0.00000000	      0.00000000	      0.00000000	    -27.49348533	    -13.46616989	    -14.45848470	      0.10950809	     -8.43853635	     -4.98473282	      0.00000000	     -7.63568543	     -7.38302828	      0.00000000	    -27.41705139	     -3.04407467	    -21.69002201	      3.30167284	     14.89690267	     -4.98473282	      0.00000000	     -0.40667302	      6.67281455	      0.00000000
      0.26666667	    -22.02433718	     -6.21163598	   -175.55338356	      0.64790792	      0.05174536	     -0.41448157	    -22.95870124	     -3.86087344	      0.00307968	      0.79170977	     -3.16961493	     -5.02150401	      0.01340599	     -0.00985650	      0.02099550	      0.00000000	      0.00000000	      0.00000000	      0.02363170	      0.00935427	      0.02481297	      0.00000000	      0.00000000	      0.00000000	      0.02933421	     -0.00026171	     -0.02201059	    221.69700461	     24.50254280	    -84.97036459	     29.49347601	      0.00000000	      0.00000000	      0.00000000	      0.00000000	   -218.08960571	     25.74103111	     53.69855570	     19.44565613	      0.00000000	      0.00000000	      0.00000000	      0.00000000	    -27.98983469	    -13.16424714	    -14.02943066	      0.22556421	     -7.71791240	     -4.98473282	      0.00000000	     -8.29983548	     -9.53927734	      0.00000000	    -28.02062512	     -3.38014038	    -20.99669633	      3.02111348	     14.89690267	     -4.98473282	      0.00000000	      0.09525266	      6.00664396	      0.00000000
      0.30000000	    -22.48487974	     -5.71091256	   -176.03392703	      0.64748235	      0.05192657	     -0.41474689	    -23.44481394	     -3.32354830	      0.34696313	      0.61321575	     -3.08157742	     -4.68931957	      0.01399880	     -0.00927950	      0.01909796	      0.00000000	      0.00000000	      0.00000000	      0.02606451	      0.00939866	      0.02781179	      0.00000000	      0.00000000	      0.00000000	      0.02822725	     -0.00123362	     -0.02216260	    220.22122302	     24.21839620	    -84.70531529	     28.49462377	      0.00000000	      0.00000000	      0.00000000	      0.00000000	   -217.06543498	     25.79290260	     52.89654516	     16.88279562	      0.00000000	      0.00000000	      0.00000000	      0.00000000	    -28.11128662	    -12.85081275	    -14.18372465	     -0.01370187	     -6.82542690	     -4.98473282	      0.00000000	     -8.04148167	     -9.70048303	      0.00000000	    -28.40321265	     -3.80216378	    -20.14446199	      2.40525141	     14.89690267	     -4.98473282	      0.00000000	      0.44700421	      4.54629462	      0.00000000
      0.33333333	    -22.55021175	     -6.06070659	   -175.95030367	      0.64708374	      0.05212742	     -0.41519488	    -23.62266298	     -3.71786275	      0.22750190	      0.50255515	     -3.21461213	     -4.34445546	      0.01432842	     -0.00885964	      0.02017778	      0.00000000	      0.00000000	      0.00000000	      0.02889810	      0.00730470	      0.03143359	      0.00000000	      0.00000000	      0.00000000	      0.02933814	     -0.00240987	     -0.02338717	    218.94290242	     23.88459702	    -83.73325313	     26.92096278	      0.00000000	      0.00000000	      0.00000000	      0.00000000	   -213.93913119	     26.82554579	     51.04910480	     11.20202458	      0.00000000	      0.00000000	      0.00000000	      0.00000000	    -28.57897962	    -13.00524518	    -15.97871004	      0.50007164	     -5.64201747	     -4.98473282	      0.00000000	     -8.25742722	     -9.34325975	      0.00000000	    -28.15751441	     -3.63423939	    -17.80818595	      1.64595320	     14.35600113	     -4.98473282	      0.00000000	     -0.30528690	      1.66817254	      0.00000000
      0.36666667	    -22.23947723	     -6.26533198	   -176.09912385	      0.64663259	      0.05230729	     -0.41546342	    -23.16697292	     -4.06904083	      0.20980092	     -0.29478058	     -2.70765061	     -3.43680300	      0.01587960	     -0.00800987	      0.02029572	      0.00000000	      0.00000000	      0.00000000	      0.03507228	      0.00742258	      0.03057834	      0.00000000	      0.00000000	      0.00000000	      0.03129471	     -0.00010939	     -0.02416521	    219.06324105	     24.25531903	    -83.12013213	     26.71606102	      0.00000000	      0.00000000	      0.00000000	      0.00000000	   -212.08989860	     28.29050656	     50.30099019	      7.25664216	      0.00000000	      0.00000000	      0.00000000	      0.00000000	    -28.37454318	    -13.21921663	    -16.93250433	      0.66738105	     -4.90558891	     -4.98473282	      0.00000000	     -8.38793643	     -8.87971219	      0.00000000	    -27.81740706	     -3.37900537	    -17.03499221	      1.53991771	     13.38196978	     -4.98473282	      0.00000000	     -0.91421039	      1.17761610	      0.00000000
      0.40000000	    -21.86432489	     -6.47829481	   -175.91072782	      0.64663939	      0.05239869	     -0.41519920	    -22.77331031	     -4.20451648	     -0.19671807	     -1.08683478	     -2.09316357	     -2.62733970	      0.01785171	     -0.00680550	      0.01907929	      0.00000000	      0.00000000	      0.00000000	      0.04007396	      0.00839643	      0.02692221	      0.00000000	      0.00000000	      0.00000000	      0.03277933	      0.00458448	     -0.02363455	    219.63136053	     24.57698357	    -82.64147284	     27.06770978	      0.00000000	      0.00000000	      0.00000000	      0.00000000	   -212.14582290	     29.03689697	     50.08845092	      6.96386815	      0.00000000	      0.00000000	      0.00000000	      0.00000000	    -28.07949374	    -13.38730966	    -17.00829496	      0.60107226	     -5.02556833	     -4.98473282	      0.00000000	     -8.87014848	     -9.30619212	      0.00000000	    -27.48803165	     -3.16746653	    -17.22088661	      1.79677415	     13.25346695	     -4.98473282	      0.00000000	     -1.37885714	      1.50320266	      0.00000000
      0.43333333	    -21.26742035	     -6.32591497	   -175.77662442	      0.64756279	      0.05251441	     -0.41524114	    -22.33672253	     -4.01568864	     -0.33043556	     -2.28987621	     -1.82318806	     -1.21455324	      0.01838153	     -0.00471674	      0.01943644	      0.00000000	      0.00000000	      0.00000000	      0.04227104	      0.01043491	      0.02133491	      0.00000000	      0.00000000	      0.00000000	      0.03403973	      0.00769726	     -0.02243275	    221.39997748	     24.33763233	    -82.50654281	     29.48291990	      0.00000000	      0.00000000	      0.00000000	      0.00000000	   -213.27136988	     29.07102028	     51.42847129	      9.58213560	      0.00000000	      0.00000000	      0.00000000	      0.00000000	    -26.98753873	    -13.35217059	    -14.97366411	     -0.34963811	     -5.45657809	     -4.98473282	      0.00000000	     -9.96067792	    -12.76411113	      0.00000000	    -26.87437721	     -3.22045429	    -19.31853413	      2.09426261	     14.24449936	     -4.98473282	      0.00000000	     -1.16095954	      3.08856889	      0.00000000
      0.46666667	    -21.34993510	     -6.25168733	   -175.77706672	      0.64920012	      0.05258205	     -0.41516496	    -22.97995310	     -3.75229049	     -0.41874425	     -3.17211604	     -1.40915253	     -0.54711744	      0.01832996	     -0.00171923	      0.01740231	      0.00000000	      0.00000000	      0.00000000	      0.04077465	      0.01275131	      0.01775544	      0.00000000	      0.00000000	      0.00000000	      0.03414904	      0.00898693	     -0.02159397	    222.82596469	     24.28138215	    -84.56861939	     32.56400241	      0.00000000	      0.00000000	      0.00000000	      0.00000000	   -214.81332056	     28.98647746	     54.98283254	     13.18702583	      0.00000000	      0.00000000	      0.00000000	      0.00000000	    -26.33094808	    -13.45293741	    -11.86844083	     -1.78028254	     -6.97882590	     -4.98473282	      0.00000000	    -10.18851582	    -14.87149458	      0.00000000	    -26.90119000	     -3.10587004	    -21.35196747	      2.45665855	     14.89690267	     -4.98473282	      0.00000000	     -1.01467585	      4.75091886	      0.00000000
      0.50000000	    -21.46042794	     -6.11751782	   -176.12292917	      0.65235286	      0.05257844	     -0.41585308	    -24.08668592	     -3.57399322	     -0.08682646	     -2.94237713	     -1.57385765	     -1.06832689	      0.01860164	      0.00021487	      0.01583157	      0.00000000	      0.00000000	      0.00000000	      0.03738412	      0.01372440	      0.01678142	      0.00000000	      0.00000000	      0.00000000	      0.03270792	      0.00746551	     -0.02316232	    223.96180339	     24.41381625	    -87.85221830	     36.08492678	      0.00000000	      0.00000000	      0.00000000	      0.00000000	   -214.66961827	     29.39792789	     58.37224932	     14.19692684	      0.00000000	      0.00000000	      0.00000000	      0.00000000	    -25.06562396	    -13.63146046	     -9.10203524	     -3.92880990	     -8.67585020	     -4.98473282	      0.00000000	     -8.38412670	    -13.09596556	      0.00000000	    -26.56136329	     -3.04642842	    -22.47524702	      2.06290483	     14.89690267	     -4.98473282	      0.00000000	     -0.73987889	      5.31902368	      0.00000000
      0.53333333	    -21.54775146	     -6.07952103	   -176.67176051	      0.65674444	      0.05230614	     -0.41735860	    -25.54153650	     -3.60851057	      0.37504810	     -2.22052024	     -1.68930521	     -2.20379974	      0.01776036	      0.00143437	      0.01384972	      0.00000000	      0.00000000	      0.00000000	      0.03202828	      0.01510962	      0.01583110	      0.00000000	      0.00000000	      0.00000000	      0.03087022	      0.00698279	     -0.02506349	    225.17617541	     25.24418181	    -91.60611706	     39.67253328	      0.00000000	      0.00000000	      0.00000000	      0.00000000	   -213.86718510	     29.77819008	     60.90343913	     13.89769598	      0.00000000	      0.00000000	      0.00000000	      0.00000000	    -23.26544588	    -13.92042070	     -6.59068868	     -6.75028499	    -10.14738648	     -4.98473282	      0.00000000	     -5.32216837	     -8.45482107	      0.00000000	    -25.70263509	     -3.14774401	    -22.14777286	      0.57095008	     14.89690267	     -4.98473282	      0.00000000	     -0.35325895	      4.26715929	      0.00000000
      0.56666667	    -20.76651736	     -6.43539409	   -176.61154578	      0.66368187	      0.05156293	     -0.42010191	    -26.55522084	     -4.17150695	      0.21397062	     -1.51089120	     -1.60675139	     -3.49106490	      0.01441121	      0.00129651	      0.01423221	      0.00000000	      0.00000000	      0.00000000	      0.02259045	      0.01498516	      0.01548091	      0.00000000	      0.00000000	      0.00000000	      0.02921947	      0.01063849	     -0.02550850	    226.31132419	     26.34626811	    -94.45115991	     41.80332523	      0.00000000	      0.00000000	      0.00000000	      0.00000000	   -212.88373236	     30.29582533	     65.57388190	     13.78565471	      0.00000000	      0.00000000	      0.00000000	      0.00000000	    -20.11989201	    -14.29472208	     -3.42691521	    -10.45179085	    -13.85282495	     -4.98473282	      0.00000000	     -1.73966956	     -1.31218272	      0.00000000	    -22.26737019	     -3.66836759	    -17.54032864	     -4.32126450	     14.89462171	     -4.98473282	      0.00000000	      0.79688633	     -0.63258929	      0.00000000
      0.60000000	    -16.79548637	     -6.54366801	   -174.12675197	      0.67725425	      0.04903985	     -0.42118677	    -24.97671277	     -3.52337626	     -1.87050612	      0.58920384	     -2.48916710	     -4.93252499	      0.01123917	     -0.00292242	      0.01506688	      0.00000000	      0.00000000	      0.00000000	      0.01405509	      0.01399373	      0.01124174	      0.00000000	      0.00000000	      0.00000000	      0.02878607	      0.01377798	     -0.02565429	    226.72255296	     25.81929360	    -95.01978546	     42.25625104	      0.00000000	      0.00000000	      0.00000000	      0.00000000	   -212.29976780	     30.11845920	     71.23804707	     14.14320893	      0.00000000	      0.00000000	      0.00000000	      0.00000000	    -13.11963329	    -14.58985477	     -4.96753266	    -15.70766921	    -13.54700383	     -4.98473282	      0.00000000	     -0.06647405	      1.47321159	      0.00000000	    -11.97114856	     -3.79408183	     -1.92632101	    -14.72004245	      5.90370340	     -4.98473282	      0.00000000	      4.42870398	     -4.06850835	      0.00000000
      0.63333333	    -12.40651926	     -5.85465224	   -172.75096457	      0.68857054	      0.04353644	     -0.42122911	    -22.27013138	     -2.47727378	     -3.27245652	      1.75044986	     -3.13951677	     -5.47469358	      0.00843057	     -0.00684969	      0.01426869	      0.00000000	      0.00000000	      0.00000000	      0.01139798	      0.01617078	      0.00540813	      0.00000000	      0.00000000	      0.00000000	      0.02934542	      0.01514524	     -0.02739141	    226.52154180	     25.67678840	    -95.37465702	     41.84842066	      0.00000000	      0.00000000	      0.00000000	      0.00000000	   -211.67728798	     29.68750741	     76.90209912	     13.63603081	      0.00000000	      0.00000000	      0.00000000	      0.00000000	     -4.93081396	    -15.20786428	     -6.72252707	    -21.90322151	     -9.90337435	     -4.98473282	      0.00000000	      1.11816706	     -0.13212060	      0.00000000	     -2.49978871	     -3.84364659	      2.09225324	    -23.00408338	      2.55324107	     -4.98473282	      0.00000000	      8.41615103	     -1.01209787	      0.00000000
      0.66666667	     -8.21718404	     -4.66436363	   -171.77271001	      0.69801826	      0.03495402	     -0.42243945	    -19.35232082	     -1.35208583	     -4.11639808	      2.38562798	     -4.14701297	     -4.57945269	      0.00560691	     -0.01031097	      0.01758018	      0.00000000	      0.00000000	      0.00000000	      0.01639587	      0.01713287	      0.00026948	      0.00000000	      0.00000000	      0.00000000	      0.03277290	      0.01549887	     -0.02719663	    225.01009232	     24.33925557	    -94.73847660	     39.22645213	      0.00000000	      0.00000000	      0.00000000	      0.00000000	   -210.70699638	     28.25975776	     77.88297451	     12.64373970	      0.00000000	      0.00000000	      0.00000000	      0.00000000	      3.20258413	    -15.52081713	     -7.58090935	    -28.28403240	     -7.06648645	     -4.98473282	      0.00000000	      2.65231016	     -1.89345351	      0.00000000	      6.30887184	     -5.12144693	      0.99076780	    -30.52193215	      3.41177709	     -4.98473282	      0.00000000	     11.86986849	      2.15941214	      0.00000000
      0.70000000	     -3.47074570	     -2.66073759	   -170.39408966	      0.70666167	      0.02275809	     -0.42384640	    -15.35035575	      0.53687334	     -5.39917950	      3.18059934	     -4.69725704	     -3.40287487	      0.00546299	     -0.01417959	      0.01917408	      0.00000000	      0.00000000	      0.00000000	      0.02411572	      0.02118690	     -0.00287408	      0.00000000	      0.00000000	      0.00000000	      0.03491825	      0.01269493	     -0.02615217	    222.67452848	     23.99175243	    -94.96121305	     36.35832814	      0.00000000	      0.00000000	      0.00000000	      0.00000000	   -210.21504792	     25.65564279	     69.91374344	     11.36031809	      0.00000000	      0.00000000	      0.00000000	      0.00000000	     11.63743494	    -15.38341518	     -8.76156004	    -34.52197533	     -4.02961604	     -4.98473282	      0.00000000	      5.26999018	     -2.65210325	      0.00000000	     16.22248033	     -7.41462343	     -0.49585544	    -38.40432646	      4.48725825	     -4.98473282	      0.00000000	     14.80664946	      5.89976267	      0.00000000
      0.73333333	     -0.19104562	     -0.58432649	   -169.68193415	      0.71325208	      0.00822570	     -0.42527578	    -12.70822934	      2.43365945	     -5.83194239	      3.80129906	     -4.80764723	     -1.66383445	      0.00558911	     -0.01686568	      0.02123933	      0.00000000	      0.00000000	      0.00000000	      0.02652157	      0.02490192	     -0.00057890	      0.00000000	      0.00000000	      0.00000000	      0.03349988	      0.00911206	     -0.02451183	    219.52543279	     24.13665311	    -95.80869397	     32.81458391	      0.00000000	      0.00000000	      0.00000000	      0.00000000	   -210.27955953	     23.38928647	     61.35484380	     11.53245544	      0.00000000	      0.00000000	      0.00000000	      0.00000000	     18.47170772	    -15.24272793	    -10.42395061	    -40.40800067	     -0.97172854	     -4.98473282	      0.00000000	      8.40385193	     -2.76282858	      0.00000000	     24.19156748	    -10.35880600	     -2.29041650	    -45.43545129	      5.02879830	     -4.98473282	      0.00000000	     17.26331551	     10.96909965	      0.00000000
      0.76666667	     -0.53350817	      0.68732667	   -169.79012982	      0.71702126	     -0.00667692	     -0.42681660	    -14.40142927	      3.83224914	     -5.32074640	      5.72291882	     -4.05299945	     -0.69127425	      0.00634751	     -0.01982358	      0.02153341	      0.00000000	      0.00000000	      0.00000000	      0.02122055	      0.02634745	      0.00344001	      0.00000000	      0.00000000	      0.00000000	      0.02921584	      0.00861688	     -0.01976670	    217.51129844	     23.89493432	    -97.39375084	     30.92885623	      0.00000000	      0.00000000	      0.00000000	      0.00000000	   -211.94935350	     21.37412774	     60.25998940	     15.03190421	      0.00000000	      0.00000000	      0.00000000	      0.00000000	     20.99774711	    -14.82229301	    -11.14786641	    -45.03483982	      0.25463220	     -4.98473282	      0.00000000	     11.60370338	     -2.60861394	      0.00000000	     27.23236136	    -13.83527990	     -5.05711665	    -51.21141629	      7.12675302	     -4.98473282	      0.00000000	     19.19096394	     14.05506966	      0.00000000
      0.80000000	      0.77554873	      2.30259727	   -170.12205625	      0.72281343	     -0.02403356	     -0.42801503	    -14.53197271	      5.30802094	     -5.00773614	      8.46737316	     -3.35346816	      0.89079103	      0.00849196	     -0.02320514	      0.02244479	      0.00000000	      0.00000000	      0.00000000	      0.01341023	      0.02374097	      0.00744041	      0.00000000	      0.00000000	      0.00000000	      0.02698812	      0.00761315	     -0.01499972	    216.31676729	     24.09414639	   -101.15158975	     31.23499347	      0.00000000	      0.00000000	      0.00000000	      0.00000000	   -213.85701847	     19.16913198	     61.64538552	     18.41017704	      0.00000000	      0.00000000	      0.00000000	      0.00000000	     25.87780223	    -14.44657404	    -11.77791689	    -50.13802139	     -0.06781603	     -4.98473282	      0.00000000	     13.72994266	     -2.33885068	      0.00000000	     32.41972886	    -17.09800606	     -6.18531971	    -57.13820134	      8.36964885	     -4.98473282	      0.00000000	     20.92799173	     16.55894859	      0.00000000
      0.83333333	      6.13221129	      3.47546882	   -170.41719868	      0.73178737	     -0.04446034	     -0.42767436	    -10.26719646	      5.84068508	     -5.23820528	      8.71578073	     -3.31056467	      1.63171611	      0.00714129	     -0.02465231	      0.02343823	      0.00000000	      0.00000000	      0.00000000	      0.00629982	      0.02286233	      0.00681654	      0.00000000	      0.00000000	      0.00000000	      0.02788599	      0.00532093	     -0.01520922	    216.58379700	     25.01711648	   -105.53660290	     33.82936436	      0.00000000	      0.00000000	      0.00000000	      0.00000000	   -214.11546817	     18.83499209	     67.85633632	     19.21596350	      0.00000000	      0.00000000	      0.00000000	      0.00000000	     35.57937379	    -15.60162247	    -10.46358186	    -56.08188332	     -2.72568724	     -3.81168317	      0.00000000	     15.20778829	      0.33638772	      0.00000000	     42.27795962	    -18.15618252	     -5.47469035	    -63.25828023	      9.72008091	     -4.98473282	      0.00000000	     21.79277696	     15.90558800	      0.00000000
      0.86666667	      9.77932793	      3.40014559	   -170.90338142	      0.73980801	     -0.06377450	     -0.42766505	     -8.61181783	      5.14910003	     -5.16762588	     11.24311737	     -2.45969650	      1.64335904	      0.00774521	     -0.02849028	      0.02375889	      0.00000000	      0.00000000	      0.00000000	      0.00488392	      0.02021414	      0.00476848	      0.00000000	      0.00000000	      0.00000000	      0.03066186	      0.00407808	     -0.01603614	    215.73410045	     22.52172400	   -104.63084992	     33.25583669	      0.00000000	      0.00000000	      0.00000000	      0.00000000	   -211.90025808	     17.53404606	     71.96029069	     17.49424015	      0.00000000	      0.00000000	      0.00000000	      0.00000000	     42.98054358	    -17.00485045	     -6.97613236	    -61.55251660	     -4.23522144	     -1.76252334	      0.00000000	     16.48810540	      3.37361329	      0.00000000	     49.16242853	    -18.43926319	     -5.55636377	    -68.23982649	     12.80760436	     -4.98473282	      0.00000000	     22.73573527	     11.84831875	      0.00000000
      0.90000000	     12.78748987	      3.13338057	   -170.87437198	      0.74791005	     -0.08171532	     -0.42821254	     -8.10930037	      4.41122960	     -5.59067703	     13.82588280	     -1.77828552	      1.40702171	      0.00619212	     -0.03296413	      0.02404619	      0.00000000	      0.00000000	      0.00000000	      0.00248574	      0.02057043	      0.00533255	      0.00000000	      0.00000000	      0.00000000	      0.03111101	      0.00320621	     -0.01794168	    213.29546600	     19.51505103	   -102.07586043	     30.11840182	      0.00000000	      0.00000000	      0.00000000	      0.00000000	   -208.59939677	     15.25691050	     73.19240041	     14.68384685	      0.00000000	      0.00000000	      0.00000000	      0.00000000	     49.22001671	    -18.28985123	     -4.33148164	    -66.39522798	     -2.26332101	     -0.39672018	      0.00000000	     17.51628475	      4.55939776	      0.00000000	     55.40587746	    -18.27065429	     -4.52481997	    -72.48409838	     14.89690267	     -4.08407524	      0.00000000	     22.71588258	      7.92767687	      0.00000000
      0.93333333	     16.37378660	      3.14691766	   -170.61874670	      0.75592685	     -0.09885119	     -0.42944035	     -7.04465639	      3.91341907	     -5.91046078	     15.69888478	     -1.46780774	      0.96920610	      0.00351254	     -0.03736550	      0.02365919	      0.00000000	      0.00000000	      0.00000000	     -0.00039887	      0.02175587	      0.00744982	      0.00000000	      0.00000000	      0.00000000	      0.02993789	      0.00145913	     -0.01891232	    210.52108080	     16.11575673	    -97.05811930	     25.94807998	      0.00000000	      0.00000000	      0.00000000	      0.00000000	   -205.81683753	     12.63901762	     70.90617458	     12.28882515	      0.00000000	      0.00000000	      0.00000000	      0.00000000	     55.94231531	    -19.21683342	     -2.57184398	    -70.70411761	      1.36439186	      0.14293115	      0.00000000	     18.40733395	      3.97876660	      0.00000000	     62.43664327	    -18.08805791	     -1.55425965	    -75.81913667	     14.89690267	     -1.30495405	      0.00000000	     22.20953470	      6.35528666	      0.00000000
      0.96666667	     19.10317208	      3.27790397	   -170.44368265	      0.76299776	     -0.11473431	     -0.43111974	     -7.02162263	      3.65436516	     -5.91430632	     17.25033466	     -1.31967501	      0.59536317	      0.00049747	     -0.04095438	      0.02218310	      0.00000000	      0.00000000	      0.00000000	     -0.00086864	      0.02141984	      0.00817304	      0.00000000	      0.00000000	      0.00000000	      0.02628331	     -0.00133150	     -0.01651417	    208.65611189	     12.66359284	    -92.96577241	     23.22752268	      0.00000000	      0.00000000	      0.00000000	      0.00000000	   -204.96575458	      9.94362377	     68.23993562	     12.34529152	      0.00000000	      0.00000000	      0.00000000	      0.00000000	     61.72568129	    -19.56439649	     -2.32157816	    -74.67330805	      3.61561176	     -0.89196956	      0.00000000	     19.03074515	      3.70448661	      0.00000000	     68.42071201	    -18.25564115	     -0.47953687	    -79.27698257	     14.89690267	     -0.42227414	      0.00000000	     21.75747653	      6.26922795	      0.00000000
      1.00000000	     21.45535684	      3.69274162	   -170.31816709	      0.76887158	     -0.13047466	     -0.43319419	     -7.11366081	      3.72318844	     -5.48100854	     18.21806537	     -1.62568856	      0.28798936	     -0.00147362	     -0.04297178	      0.01989475	      0.00000000	      0.00000000	      0.00000000	      0.00288786	      0.02017262	      0.00284061	      0.00000000	      0.00000000	      0.00000000	      0.02457934	     -0.00617856	     -0.01146359	    208.70382390	      9.33944971	    -91.18569781	     23.18131655	      0.00000000	      0.00000000	      0.00000000	      0.00000000	   -205.54031112	      7.47772694	     65.00904122	     13.88392508	      0.00000000	      0.00000000	      0.00000000	      0.00000000	     67.02806022	    -19.52723778	     -2.96008978	    -78.50922405	      3.77518958	     -2.69487197	      0.00000000	     19.68456870	      3.84883606	      0.00000000	     73.90718350	    -18.86970112	     -0.16348716	    -82.60423103	     14.77987738	     -0.34442671	      0.00000000	     22.05204925	      7.08726924	      0.00000000
      1.03333333	     23.51741948	      4.16544721	   -170.27023244	      0.77424307	     -0.14695274	     -0.43537554	     -7.28606182	      3.75014953	     -5.03078117	     19.42188871	     -2.13906902	      0.11414890	     -0.00186709	     -0.04372051	      0.01825942	      0.00000000	      0.00000000	      0.00000000	      0.00820683	      0.01664345	     -0.00172147	      0.00000000	      0.00000000	      0.00000000	      0.02196888	     -0.01035879	     -0.00649910	    208.60371925	      7.04811534	    -92.89810482	     23.13726977	      0.00000000	      0.00000000	      0.00000000	      0.00000000	   -205.76299168	      5.88190250	     62.25603723	     14.50481268	      0.00000000	      0.00000000	      0.00000000	      0.00000000	     72.08442526	    -19.44547653	     -4.09328428	    -82.17376169	      2.30015828	     -4.93938816	      0.00000000	     20.28525821	      4.97033722	      0.00000000	     79.04207355	    -19.65470343	     -0.27659782	    -86.00005759	     14.74960031	     -0.76043632	      0.00000000	     22.76948020	      7.67454475	      0.00000000
      1.06666667	     25.44111485	      4.83844103	   -170.17243394	      0.77938071	     -0.16486135	     -0.43726596	     -7.19931795	      4.05920190	     -4.85604120	     20.23011270	     -2.58276489	      0.35518291	     -0.00261000	     -0.04386390	      0.01607955	      0.00000000	      0.00000000	      0.00000000	      0.01010530	      0.01311892	     -0.00639555	      0.00000000	      0.00000000	      0.00000000	      0.01984577	     -0.01198248	     -0.00532691	    208.39675617	      6.56042458	    -96.77987420	     22.95062572	      0.00000000	      0.00000000	      0.00000000	      0.00000000	   -204.72794463	      5.32686679	     60.04173250	     12.78120443	      0.00000000	      0.00000000	      0.00000000	      0.00000000	     76.96129013	    -19.58233919	     -3.41868903	    -85.51792531	      0.16385205	     -4.98473282	      0.00000000	     20.75580109	      6.39772349	      0.00000000	     84.31550379	    -20.37511965	     -0.00696733	    -89.64639481	     14.53219559	     -1.19871845	      0.00000000	     23.59550519	      8.40816236	      0.00000000
      1.10000000	     27.04820369	      5.43653645	   -170.23553490	      0.78445014	     -0.18398060	     -0.43943840	     -7.34880941	      4.17550319	     -4.76162272	     21.99275688	     -2.87610064	      0.64511515	     -0.00244591	     -0.04518329	      0.01564639	      0.00000000	      0.00000000	      0.00000000	      0.00663618	      0.00781864	     -0.00779117	      0.00000000	      0.00000000	      0.00000000	      0.01757865	     -0.00787093	     -0.00400046	    208.37856740	      6.78008762	    -98.99910158	     22.53529395	      0.00000000	      0.00000000	      0.00000000	      0.00000000	   -203.31576289	      5.15372957	     59.00681916	     10.41815182	      0.00000000	      0.00000000	      0.00000000	      0.00000000	     81.62598048	    -19.79990724	     -2.96267774	    -88.86325017	     -0.87928598	     -4.98473282	      0.00000000	     21.07715230	      6.65792949	      0.00000000	     89.32730748	    -21.13845115	      0.68333983	    -93.33449942	     14.63477115	     -1.48659684	      0.00000000	     24.56709861	      9.21512327	      0.00000000
      1.13333333	     28.88619524	      6.09298225	   -170.64791520	      0.78948544	     -0.20476306	     -0.44105814	     -6.95236036	      4.48595715	     -4.73924219	     23.51608158	     -2.80840634	      1.35685347	     -0.00266780	     -0.04778491	      0.01438115	      0.00000000	      0.00000000	      0.00000000	      0.00164115	      0.00467186	     -0.00901678	      0.00000000	      0.00000000	      0.00000000	      0.01587346	     -0.00260811	     -0.00386269	    208.79155029	      7.37018077	    -99.22761030	     22.94797582	      0.00000000	      0.00000000	      0.00000000	      0.00000000	   -202.55852443	      4.74639808	     57.71177382	      8.41441985	      0.00000000	      0.00000000	      0.00000000	      0.00000000	     86.88026503	    -19.98321807	     -2.50668320	    -92.52412830	     -0.78380076	     -4.98473282	      0.00000000	     20.97750963	      6.50666051	      0.00000000	     94.83830549	    -21.99358149	      1.53986881	    -97.18819234	     14.89690267	     -2.01437953	      0.00000000	     25.02635915	     10.18737532	      0.00000000
      1.16666667	     30.52268416	      6.45313792	   -171.31449497	      0.79421302	     -0.22611675	     -0.44252403	     -6.74181384	      4.57717890	     -4.47916757	     25.24240506	     -2.50274925	      2.27642288	     -0.00212735	     -0.05144192	      0.01378516	      0.00000000	      0.00000000	      0.00000000	     -0.00046718	      0.00459117	     -0.00957140	      0.00000000	      0.00000000	      0.00000000	      0.01512145	      0.00062104	     -0.00125756	    209.19567685	      7.21992477	    -98.72132702	     23.83790262	      0.00000000	      0.00000000	      0.00000000	      0.00000000	   -202.89082573	      3.69017125	     55.89928260	      7.31025690	      0.00000000	      0.00000000	      0.00000000	      0.00000000	     92.16585221	    -20.14959954	     -2.00930225	    -96.30324126	     -0.57620591	     -4.98473282	      0.00000000	     20.85721946	      5.91999042	      0.00000000	     99.94015887	    -22.82522323	      2.13803305	   -100.85100190	     14.89690267	     -2.86806700	      0.00000000	     25.54830041	     11.36395756	      0.00000000
      1.20000000	     31.77697003	      6.57480574	   -172.12663382	      0.79817191	     -0.24742259	     -0.44335150	     -6.90219067	      4.60207655	     -4.04717113	     26.48480479	     -2.21341523	      3.26211194	     -0.00218796	     -0.05535609	      0.01372710	      0.00000000	      0.00000000	      0.00000000	      0.00128842	      0.00836628	     -0.00838716	      0.00000000	      0.00000000	      0.00000000	      0.01358296	     -0.00019119	      0.00050388	    208.67066463	      6.56907985	    -99.10933629	     24.46548548	      0.00000000	      0.00000000	      0.00000000	      0.00000000	   -203.64071548	      2.20017493	     53.56686768	      6.72612196	      0.00000000	      0.00000000	      0.00000000	      0.00000000	     97.12490942	    -20.40515722	     -1.56262108	   -100.08720026	     -0.68321262	     -4.98473282	      0.00000000	     20.47699045	      5.21166349	      0.00000000	    104.39529397	    -23.68018530	      2.45725764	   -104.31726600	     14.89690267	     -3.84747211	      0.00000000	     25.82490998	     11.76279002	      0.00000000
      1.23333333	     32.57972192	      6.45040609	   -172.63698555	      0.80121914	     -0.26791482	     -0.44369780	     -7.40653670	      4.50017331	     -3.71274327	     27.38571445	     -1.99894689	      4.36250630	     -0.00152132	     -0.05847426	      0.01438088	      0.00000000	      0.00000000	      0.00000000	      0.00385317	      0.01277369	     -0.00605058	      0.00000000	      0.00000000	      0.00000000	      0.01316873	     -0.00230921	      0.00144535	    207.41990650	      6.04957686	   -100.72006425	     24.57675928	      0.00000000	      0.00000000	      0.00000000	      0.00000000	   -204.26407813	      0.79884882	     51.86304886	      6.13257041	      0.00000000	      0.00000000	      0.00000000	      0.00000000	    101.28221105	    -21.17144090	     -1.15010890	   -103.56686795	     -0.82656785	     -4.98473282	      0.00000000	     20.65439883	      4.53083611	      0.00000000	    108.02605863	    -24.32329196	      2.44934989	   -107.56555087	     14.89690267	     -4.71643598	      0.00000000	     25.97406347	     11.86719386	      0.00000000
      1.26666667	     32.72705247	      6.08712695	   -172.76679174	      0.80319410	     -0.28717355	     -0.44279062	     -8.34291494	      4.30800206	     -3.70310032	     27.93325136	     -1.81017140	      5.29940603	      0.00021923	     -0.06046003	      0.01539503	      0.00000000	      0.00000000	      0.00000000	      0.00416240	      0.01438459	     -0.00414491	      0.00000000	      0.00000000	      0.00000000	      0.01362297	     -0.00401940	      0.00050231	    206.47298434	      6.16614477	   -101.68660274	     24.81146732	      0.00000000	      0.00000000	      0.00000000	      0.00000000	   -204.35163359	      0.12929455	     53.13855420	      5.09671064	      0.00000000	      0.00000000	      0.00000000	      0.00000000	    104.27699905	    -22.37791563	     -0.38236143	   -106.77673433	     -0.38351772	     -4.98473282	      0.00000000	     21.52831227	      4.39435312	      0.00000000	    110.63010209	    -24.53707149	      2.71316293	   -110.59119495	     14.89690267	     -4.98473282	      0.00000000	     25.55456647	     11.82700528	      0.00000000
      1.30000000	     32.87696385	      5.31732690	   -172.68883433	      0.80443273	     -0.30470747	     -0.44121217	     -9.00104742	      3.60671693	     -3.45377943	     27.76066140	     -1.89097224	      5.57590039	      0.00107991	     -0.06147185	      0.01722050	      0.00000000	      0.00000000	      0.00000000	      0.00193960	      0.01125113	     -0.00403444	      0.00000000	      0.00000000	      0.00000000	      0.01382680	     -0.00295710	      0.00051252	    206.41554018	      6.30477904	   -101.06579537	     25.15927917	      0.00000000	      0.00000000	      0.00000000	      0.00000000	   -204.88955071	      1.15361599	     66.06342134	      5.85449341	      0.00000000	      0.00000000	      0.00000000	      0.00000000	    106.96719302	    -23.57905790	      1.11005929	   -109.73176922	      0.95554804	     -4.98473282	      0.00000000	     22.81186259	      4.87248456	      0.00000000	    112.65197687	    -24.56050674	      2.61005153	   -113.26185668	     14.89690267	     -4.98473282	      0.00000000	     24.83783636	     11.46550185	      0.00000000
      1.33333333	     32.59476205	      5.25188488	   -172.10841703	      0.80484863	     -0.31974366	     -0.43826383	     -9.70908593	      3.97353149	     -4.03807502	     27.67423537	     -1.27030008	      5.68186380	      0.00295552	     -0.06221855	      0.01644486	      0.00000000	      0.00000000	      0.00000000	      0.00302979	      0.00712170	     -0.00623479	      0.00000000	      0.00000000	      0.00000000	      0.01594491	     -0.00381660	     -0.00238484	    206.47833274	      6.62483409	   -100.56603042	     25.41487736	      0.00000000	      0.00000000	      0.00000000	      0.00000000	   -204.20661209	      1.54792261	     68.58341132	      3.59627303	      0.00000000	      0.00000000	      0.00000000	      0.00000000	    108.42139165	    -25.47215854	      1.92587657	   -112.17384161	      2.50415014	     -4.98473282	      0.00000000	     24.14313971	      6.32538037	      0.00000000	    114.28719827	    -23.67487093	      3.15126594	   -115.45859849	     14.89690267	     -4.98473282	      0.00000000	     24.67359337	     11.37386216	      0.00000000
      1.36666667	     32.50899082	      4.95301397	   -171.61275085	      0.80477409	     -0.33207976	     -0.43568731	     -9.98954782	      3.82878558	     -4.22712338	     26.82428547	     -0.81914868	      5.35218024	      0.00307975	     -0.06251134	      0.01716204	      0.00000000	      0.00000000	      0.00000000	      0.00532388	      0.00327948	     -0.00680697	      0.00000000	      0.00000000	      0.00000000	      0.01786175	     -0.00294328	     -0.00210092	    206.50532820	      6.82602167	   -100.96216737	     25.28194958	      0.00000000	      0.00000000	      0.00000000	      0.00000000	   -203.84564392	      2.47553664	     70.04363750	      1.52866868	      0.00000000	      0.00000000	      0.00000000	      0.00000000	    110.07919817	    -26.77452418	      3.26615132	   -114.15762905	      3.47170703	     -4.98473282	      0.00000000	     24.94355029	      7.80203688	      0.00000000	    115.45727528	    -22.95529356	      3.26177699	   -117.12428782	     14.89690267	     -4.98473282	      0.00000000	     25.20715361	     10.82094479	      0.00000000
      1.40000000	     32.49764605	      4.80882828	   -171.07334568	      0.80430450	     -0.34141907	     -0.43357362	    -10.02131770	      3.78798570	     -4.52254727	     25.70414804	     -0.02074154	      4.95142041	      0.00256338	     -0.06267669	      0.01748223	      0.00000000	      0.00000000	      0.00000000	      0.00656429	      0.00103438	     -0.00591061	      0.00000000	      0.00000000	      0.00000000	      0.01653934	     -0.00221702	     -0.00123033	    206.22974141	      7.49612563	   -102.14250575	     24.63206246	      0.00000000	      0.00000000	      0.00000000	      0.00000000	   -203.96975193	      3.67344415	     69.86363016	      0.13291291	      0.00000000	      0.00000000	      0.00000000	      0.00000000	    111.68466812	    -27.85091525	      4.32781057	   -115.60175390	      3.11002432	     -4.98473282	      0.00000000	     25.09509612	      8.66104154	      0.00000000	    116.26067536	    -22.30795444	      3.15677094	   -118.32841943	     14.89690267	     -4.98473282	      0.00000000	     26.28908090	     10.23475703	      0.00000000
      1.43333333	     32.20320356	      4.86261084	   -170.96462151	      0.80354397	     -0.34707753	     -0.43269164	    -10.42107633	      3.87185226	     -4.43450978	     25.46406462	      0.24451905	      4.99456795	      0.00344759	     -0.06297515	      0.01950859	      0.00000000	      0.00000000	      0.00000000	      0.00626335	     -0.00039202	     -0.00407105	      0.00000000	      0.00000000	      0.00000000	      0.01362925	     -0.00240935	      0.00053425	    206.27557822	      8.11237289	   -102.26008065	     24.25272921	      0.00000000	      0.00000000	      0.00000000	      0.00000000	   -204.60752574	      4.55470347	     69.72232237	      0.00000000	      0.00000000	      0.00000000	      0.00000000	      0.00000000	    112.28374559	    -28.18879265	      4.57208110	   -116.38399443	      2.37025665	     -4.98473282	      0.00000000	     25.39536594	      8.31546360	      0.00000000	    116.51711615	    -22.23572439	      3.33185444	   -119.18937707	     14.89690267	     -4.98473282	      0.00000000	     27.26835374	      9.89929026	      0.00000000
      1.46666667	     32.45755780	      4.86487901	   -170.86657542	      0.80291466	     -0.34938080	     -0.43226791	    -10.28132777	      3.84814557	     -4.88271284	     23.97011569	      1.23839427	      5.33421408	     -0.00028859	     -0.06357766	      0.01942824	      0.00000000	      0.00000000	      0.00000000	      0.00561192	     -0.00350457	      0.00102692	      0.00000000	      0.00000000	      0.00000000	      0.01020963	     -0.00514060	      0.00093368	    205.52614080	      9.13431742	   -103.38754031	     22.94286871	      0.00000000	      0.00000000	      0.00000000	      0.00000000	   -204.88151608	      4.76084153	     70.05358976	      0.00000000	      0.00000000	      0.00000000	      0.00000000	      0.00000000	    113.07425042	    -28.35436938	      4.69845748	   -116.67268246	      1.30465755	     -4.98473282	      0.00000000	     25.83952163	      8.18518183	      0.00000000	    116.74624344	    -22.18592190	      3.07822495	   -119.50256007	     14.89690267	     -4.98473282	      0.00000000	     27.81302857	      9.66054716	      0.00000000
      1.50000000	     32.53114988	      4.76679343	   -170.93224240	      0.80220899	     -0.34840119	     -0.43219182	    -10.40718591	      3.80758009	     -5.02766177	     23.91157456	      1.24844072	      5.41132519	     -0.00154030	     -0.06440670	      0.01986998	      0.00000000	      0.00000000	      0.00000000	      0.00424896	     -0.00521733	      0.00471142	      0.00000000	      0.00000000	      0.00000000	      0.00819494	     -0.00852294	      0.00100433	    205.47600249	      9.72891883	   -103.44782274	     22.72188450	      0.00000000	      0.00000000	      0.00000000	      0.00000000	   -204.94252490	      4.55695285	     70.29522699	      0.00000000	      0.00000000	      0.00000000	      0.00000000	      0.00000000	    113.05680689	    -28.17622996	      4.65327420	   -116.52500939	      0.89168108	     -4.98473282	      0.00000000	     26.41939768	      7.83604630	      0.00000000	    116.48290594	    -22.35308847	      2.78509420	   -119.40086451	     14.89690267	     -4.98473282	      0.00000000	     27.94523043	      9.82508522	      0.00000000
      1.53333333	     32.38154115	      4.23487794	   -170.99927922	      0.80137147	     -0.34425241	     -0.43217702	    -10.83119953	      3.30151196	     -5.05942389	     23.96714540	      1.23915443	      5.65415789	     -0.00407249	     -0.06545267	      0.02001528	      0.00000000	      0.00000000	      0.00000000	      0.00276788	     -0.00740328	      0.00763725	      0.00000000	      0.00000000	      0.00000000	      0.00755162	     -0.01043522	      0.00128452	    205.41083727	      9.95973427	   -104.13828579	     22.38607760	      0.00000000	      0.00000000	      0.00000000	      0.00000000	   -204.79178562	      4.25404720	     70.52557261	      0.00000000	      0.00000000	      0.00000000	      0.00000000	      0.00000000	    112.54596202	    -27.68773285	      5.09261254	   -116.02083089	      0.93020815	     -4.98473282	      0.00000000	     26.47873958	      7.62299332	      0.00000000	    115.35015488	    -22.65509687	      2.15247052	   -118.74417276	     14.85714840	     -4.98473282	      0.00000000	     28.27278933	     11.00126301	      0.00000000
      1.56666667	     32.13256898	      3.52768395	   -170.85724121	      0.80068566	     -0.33733297	     -0.43081581	    -11.22756839	      2.84790515	     -5.23670827	     24.86417607	      1.23125031	      5.22196110	     -0.00507265	     -0.06622044	      0.01760588	      0.00000000	      0.00000000	      0.00000000	      0.00101574	     -0.00799700	      0.00553347	      0.00000000	      0.00000000	      0.00000000	      0.00819199	     -0.01068378	      0.00062826	    206.22930770	      9.77319118	   -103.52847741	     23.04613502	      0.00000000	      0.00000000	      0.00000000	      0.00000000	   -204.92848060	      3.99869639	     68.25320391	      0.00000000	      0.00000000	      0.00000000	      0.00000000	      0.00000000	    111.66750196	    -27.43172071	      5.86094526	   -115.07716453	      1.40622294	     -4.98473282	      0.00000000	     26.19558911	      7.54582216	      0.00000000	    113.64592110	    -22.58923604	      1.03171124	   -117.69659544	     14.69464490	     -4.98473282	      0.00000000	     28.26756848	     11.59545419	      0.00000000
      1.60000000	     32.47082297	      3.00833875	   -170.89219227	      0.80035867	     -0.32804779	     -0.42888910	    -10.67452376	      2.48025263	     -5.21072350	     25.90276401	      1.30326901	      4.42826728	     -0.00496510	     -0.06646656	      0.01418840	      0.00000000	      0.00000000	      0.00000000	      0.00040388	     -0.00792415	     -0.00159311	      0.00000000	      0.00000000	      0.00000000	      0.01026315	     -0.01006092	     -0.00118498	    208.40400022	      8.73687320	    -99.12710344	     24.43326538	      0.00000000	      0.00000000	      0.00000000	      0.00000000	   -205.13267042	      3.93065812	     63.90242843	      0.00000000	      0.00000000	      0.00000000	      0.00000000	      0.00000000	    110.94947255	    -26.94988884	      6.30145611	   -113.51130986	      1.25383758	     -4.98473282	      0.00000000	     25.67773847	      8.18661756	      0.00000000	    112.34816061	    -22.43527868	     -0.01831625	   -116.41470088	     14.89690267	     -4.98473282	      0.00000000	     27.75196852	     11.10212078	      0.00000000
      1.63333333	     33.06697217	      2.88060727	   -171.21914567	      0.80034731	     -0.31617861	     -0.42602228	     -9.56907066	      2.62604392	     -5.27743699	     26.12460613	      1.35911902	      4.30833231	     -0.00617560	     -0.06602408	      0.01051605	      0.00000000	      0.00000000	      0.00000000	     -0.00111590	     -0.00863211	     -0.00431283	      0.00000000	      0.00000000	      0.00000000	      0.00955752	     -0.01113510	     -0.00587852	    209.01454301	      8.95500795	    -98.15791942	     24.65415152	      0.00000000	      0.00000000	      0.00000000	      0.00000000	   -205.12613264	      4.09348881	     63.49636117	      0.00000000	      0.00000000	      0.00000000	      0.00000000	      0.00000000	    109.92835702	    -26.43678117	      5.77340048	   -111.39836518	      1.13283849	     -4.98473282	      0.00000000	     24.95253613	      8.31407072	      0.00000000	    111.17948805	    -22.25633098	     -0.59299361	   -114.82104417	     14.73050926	     -4.81141297	      0.00000000	     27.36274094	     10.69797963	      0.00000000
      1.66666667	     33.59263771	      2.92286335	   -172.27566539	      0.80038323	     -0.30252994	     -0.42411250	     -8.35278115	      2.60144975	     -4.18517594	     27.16612960	      1.79408079	      3.26386661	     -0.00367188	     -0.06451888	      0.00683757	      0.00000000	      0.00000000	      0.00000000	      0.00161649	     -0.00368002	     -0.01159726	      0.00000000	      0.00000000	      0.00000000	      0.01111223	     -0.01010278	     -0.00432980	    212.25877088	      7.48606067	    -93.15367161	     27.51165727	      0.00000000	      0.00000000	      0.00000000	      0.00000000	   -206.14479498	      3.81616174	     62.66372327	      2.18204222	      0.00000000	      0.00000000	      0.00000000	      0.00000000	    108.31282734	    -24.82687798	      4.81805800	   -108.82922041	      0.19381257	     -4.98473282	      0.00000000	     24.33964960	      9.24676842	      0.00000000	    110.11040765	    -22.84650562	     -0.56255649	   -113.29883400	     14.89690267	     -4.53407779	      0.00000000	     26.57815836	      9.52839880	      0.00000000
      1.70000000	     33.88538486	      2.91010652	   -173.43757386	      0.79986330	     -0.28724768	     -0.42245299	     -7.16238810	      2.50706907	     -3.11528911	     27.10791129	      1.83413699	      2.84656640	     -0.00194283	     -0.06245446	      0.00562763	      0.00000000	      0.00000000	      0.00000000	      0.00559522	     -0.00039702	     -0.01122626	      0.00000000	      0.00000000	      0.00000000	      0.01090174	     -0.00970591	     -0.00097736	    212.90540680	      7.28612627	    -93.07419503	     28.09110498	      0.00000000	      0.00000000	      0.00000000	      0.00000000	   -206.70174108	      4.06803386	     62.71649338	      3.32967625	      0.00000000	      0.00000000	      0.00000000	      0.00000000	    106.42467900	    -23.34584360	      3.64849079	   -106.20192434	     -0.36492913	     -4.98473282	      0.00000000	     23.52357270	      9.45102089	      0.00000000	    108.54664893	    -23.59984265	     -0.63650598	   -111.45873500	     14.89690267	     -4.38073076	      0.00000000	     26.07798958	      9.09614739	      0.00000000
      1.73333333	     33.51001813	      3.30860710	   -174.94535578	      0.79852421	     -0.27063661	     -0.42161498	     -6.61796534	      2.93196816	     -1.73718273	     26.85433438	      1.73432524	      2.32816968	     -0.00017765	     -0.06012779	      0.00429194	      0.00000000	      0.00000000	      0.00000000	      0.00926385	      0.00282428	     -0.01097897	      0.00000000	      0.00000000	      0.00000000	      0.00991396	     -0.00924006	      0.00351506	    212.85340704	      7.74823976	    -95.76537057	     28.78212472	      0.00000000	      0.00000000	      0.00000000	      0.00000000	   -207.32320992	      4.39542693	     62.12950128	      4.14715177	      0.00000000	      0.00000000	      0.00000000	      0.00000000	    103.37513445	    -21.55724768	      1.98862828	   -103.20630508	     -0.55872585	     -4.98473282	      0.00000000	     22.52565893	      9.50746967	      0.00000000	    106.56381352	    -24.79501508	     -0.60049775	   -109.66566484	     14.89690267	     -4.86020636	      0.00000000	     25.85905993	      9.58674894	      0.00000000
      1.76666667	     33.05445210	      3.49146846	   -175.92597303	      0.79639591	     -0.25365826	     -0.42103890	     -5.88621828	      3.03959550	     -1.13778554	     25.95197540	      1.39930178	      2.29760933	      0.00230764	     -0.05768905	      0.00544858	      0.00000000	      0.00000000	      0.00000000	      0.01262014	      0.00206502	     -0.01185688	      0.00000000	      0.00000000	      0.00000000	      0.00955847	     -0.00837263	      0.00621381	    212.55275601	      8.39377288	    -97.48805195	     28.51792591	      0.00000000	      0.00000000	      0.00000000	      0.00000000	   -207.27777403	      5.11547686	     61.19550503	      4.14702172	      0.00000000	      0.00000000	      0.00000000	      0.00000000	    100.50105296	    -20.27703820	      0.93566171	   -100.23502842	     -0.44435461	     -4.98473282	      0.00000000	     20.61130700	      9.06254950	      0.00000000	    103.92874345	    -25.42683259	     -0.94533522	   -107.34481943	     14.89690267	     -4.98473282	      0.00000000	     26.01194187	      9.52205737	      0.00000000
      1.80000000	     31.41922682	      3.92684992	   -176.40170566	      0.79305442	     -0.23578981	     -0.42086658	     -6.42642656	      3.57766011	     -0.86977990	     25.26845011	      0.79292488	      2.46504758	      0.00494830	     -0.05572528	      0.00656058	      0.00000000	      0.00000000	      0.00000000	      0.01170860	     -0.00228878	     -0.01334718	      0.00000000	      0.00000000	      0.00000000	      0.00982509	     -0.00784335	      0.00458997	    212.28845073	      8.92635899	    -97.43900034	     27.92839038	      0.00000000	      0.00000000	      0.00000000	      0.00000000	   -206.82344094	      5.51358423	     58.98300855	      4.04487382	      0.00000000	      0.00000000	      0.00000000	      0.00000000	     95.92743273	    -19.36754240	     -0.25945773	    -97.19428703	      1.40595424	     -4.98473282	      0.00000000	     18.83160808	      6.83759103	      0.00000000	    100.02849528	    -25.94123428	     -1.41082769	   -104.81887464	     14.89690267	     -4.96056929	      0.00000000	     26.25113587	      9.70129909	      0.00000000
      1.83333333	     30.39893799	      4.09164206	   -176.16171760	      0.78953395	     -0.21815656	     -0.42028880	     -6.03736955	      3.72432075	     -1.24051033	     23.19964422	     -0.05321816	      2.40152809	      0.00483082	     -0.05380153	      0.00896980	      0.00000000	      0.00000000	      0.00000000	      0.01019983	     -0.00612513	     -0.01522723	      0.00000000	      0.00000000	      0.00000000	      0.01163516	     -0.00620652	      0.00200092	    213.19137430	      8.97563885	    -94.21275443	     27.87400207	      0.00000000	      0.00000000	      0.00000000	      0.00000000	   -206.38317516	      5.82601530	     58.40939343	      4.89422481	      0.00000000	      0.00000000	      0.00000000	      0.00000000	     92.28578632	    -19.14752927	     -1.10982602	    -94.24152695	      2.23801924	     -4.98473282	      0.00000000	     16.73083940	      5.52334623	      0.00000000	     96.45244577	    -25.60675382	     -2.39086569	   -102.01402501	     14.89690267	     -4.82609397	      0.00000000	     26.10258000	      9.35610096	      0.00000000
      1.86666667	     28.57115743	      4.04733958	   -175.55338464	      0.78545378	     -0.20020282	     -0.41981154	     -6.48769908	      3.70138819	     -1.46002863	     22.90910604	     -0.87141766	      2.02857229	      0.00856978	     -0.05226790	      0.01129638	      0.00000000	      0.00000000	      0.00000000	      0.00922497	     -0.00628511	     -0.01592620	      0.00000000	      0.00000000	      0.00000000	      0.01421280	     -0.00428028	      0.00040761	    214.56906745	      8.15063615	    -89.07016565	     28.38291733	      0.00000000	      0.00000000	      0.00000000	      0.00000000	   -205.94130474	      6.13919415	     57.43975590	      5.61076303	      0.00000000	      0.00000000	      0.00000000	      0.00000000	     87.64036273	    -19.13160114	     -1.79162628	    -91.59122267	      4.28297556	     -4.98473282	      0.00000000	     16.02943585	      3.42514831	      0.00000000	     91.75606089	    -24.99736660	     -3.57980091	    -98.94335337	     14.71926086	     -4.78835517	      0.00000000	     26.34808665	      9.25549008	      0.00000000
      1.90000000	     26.83727790	      3.83316058	   -174.53200140	      0.78127494	     -0.18232394	     -0.41860350	     -6.78432000	      3.60028228	     -2.07420639	     22.21642103	     -1.52485728	      1.58916548	      0.00906171	     -0.05087017	      0.01347909	      0.00000000	      0.00000000	      0.00000000	      0.00797757	     -0.00053032	     -0.01558505	      0.00000000	      0.00000000	      0.00000000	      0.01598327	     -0.00357060	     -0.00029348	    215.71498670	      8.41664514	    -88.40612664	     29.51589581	      0.00000000	      0.00000000	      0.00000000	      0.00000000	   -205.14548250	      6.66382306	     55.05620170	      4.95741521	      0.00000000	      0.00000000	      0.00000000	      0.00000000	     83.11606244	    -19.81484743	     -2.65079726	    -88.93361600	      5.47887759	     -4.98473282	      0.00000000	     15.73743810	      2.54185742	      0.00000000	     87.06963369	    -23.75267039	     -4.50987699	    -95.70503794	     14.73040763	     -4.74452593	      0.00000000	     26.70948859	      9.65802815	      0.00000000
      1.93333333	     24.96215506	      3.54327002	   -173.40366415	      0.77676232	     -0.16458042	     -0.41712483	     -7.21746578	      3.51662853	     -2.85559529	     21.72238474	     -1.78369379	      1.39799921	      0.00761366	     -0.04957877	      0.01538909	      0.00000000	      0.00000000	      0.00000000	      0.00519814	      0.00818393	     -0.01516200	      0.00000000	      0.00000000	      0.00000000	      0.01647222	     -0.00306676	      0.00039844	    215.87188164	      9.74326160	    -90.81633327	     30.06338512	      0.00000000	      0.00000000	      0.00000000	      0.00000000	   -204.32468266	      7.57875786	     51.79655190	      3.40342803	      0.00000000	      0.00000000	      0.00000000	      0.00000000	     78.32438242	    -20.73528634	     -3.27586874	    -86.09835317	      6.10381645	     -4.72982407	      0.00000000	     15.90414365	      2.95738559	      0.00000000	     82.27415744	    -22.18477754	     -4.97019787	    -92.22049858	     14.77491570	     -4.45757160	      0.00000000	     26.53305064	      9.53779035	      0.00000000
      1.96666667	     23.66024366	      3.15302683	   -172.52568730	      0.77213070	     -0.14763301	     -0.41563524	     -6.88407373	      3.25292148	     -3.67174860	     20.76827260	     -1.56808283	      1.37084150	      0.00396456	     -0.04792804	      0.01659383	      0.00000000	      0.00000000	      0.00000000	      0.00376946	      0.01442846	     -0.01380772	      0.00000000	      0.00000000	      0.00000000	      0.01777389	     -0.00186923	      0.00121127	    214.52584505	     11.02920234	    -92.74797741	     29.17461041	      0.00000000	      0.00000000	      0.00000000	      0.00000000	   -203.97309586	      8.53476249	     50.25035072	      2.96466704	      0.00000000	      0.00000000	      0.00000000	      0.00000000	     74.22009116	    -21.68043139	     -3.51756553	    -83.03613131	      6.60797754	     -4.15408895	      0.00000000	     15.80976422	      3.76586672	      0.00000000	     78.18350735	    -20.65671529	     -5.27325017	    -88.68474574	     14.89690267	     -3.99257828	      0.00000000	     25.70365216	      9.17546866	      0.00000000
      2.00000000	     22.15441589	      2.90692626	   -172.20771363	      0.76701613	     -0.13095388	     -0.41498886	     -6.77367716	      3.02489008	     -4.42615193	     20.14458976	     -0.72005920	      1.69286259	      0.00001520	     -0.04635651	      0.01722569	      0.00000000	      0.00000000	      0.00000000	      0.00144762	      0.01608069	     -0.01049798	      0.00000000	      0.00000000	      0.00000000	      0.01918336	      0.00003465	      0.00149684	    212.24671353	     12.20094009	    -93.32604720	     26.95798272	      0.00000000	      0.00000000	      0.00000000	      0.00000000	   -203.90861087	      8.86863827	     49.49251085	      3.40392807	      0.00000000	      0.00000000	      0.00000000	      0.00000000	     69.77420427	    -21.76508332	     -3.30837508	    -79.53133235	      6.39514574	     -3.04931763	      0.00000000	     15.66926351	      4.19229154	      0.00000000	     74.05480427	    -19.82565289	     -5.20067190	    -85.08069586	     14.89690267	     -3.15419390	      0.00000000	     24.50185626	      8.53999476	      0.00000000
      2.03333333	     20.79168869	      2.91855469	   -172.15913675	      0.76172482	     -0.11474445	     -0.41511317	     -6.38260847	      3.06563971	     -5.12706302	     19.13629840	     -0.04144794	      1.95758388	     -0.00420327	     -0.04422286	      0.01687037	      0.00000000	      0.00000000	      0.00000000	     -0.00129014	      0.01488576	     -0.00533089	      0.00000000	      0.00000000	      0.00000000	      0.02052728	      0.00076378	     -0.00151383	    209.97163635	     13.10902443	    -91.85257213	     24.45261133	      0.00000000	      0.00000000	      0.00000000	      0.00000000	   -203.86429841	      9.02313492	     48.97605481	      4.15781499	      0.00000000	      0.00000000	      0.00000000	      0.00000000	     65.43247576	    -21.22185139	     -3.16502600	    -75.82487806	      5.43034151	     -1.83458006	      0.00000000	     15.52906890	      4.18186148	      0.00000000	     70.32385962	    -19.53964671	     -4.73070894	    -81.50260593	     14.89690267	     -2.13636354	      0.00000000	     23.05661451	      8.28005281	      0.00000000
      2.06666667	     19.57666694	      3.23784064	   -172.08765311	      0.75641914	     -0.09887179	     -0.41596183	     -5.70730811	      3.39590531	     -5.84104740	     17.75867942	      0.08231928	      1.99544109	     -0.00740554	     -0.04172255	      0.01683097	      0.00000000	      0.00000000	      0.00000000	     -0.00310047	      0.01299201	      0.00126396	      0.00000000	      0.00000000	      0.00000000	      0.01970697	      0.00030641	     -0.00555085	    208.69874941	     14.20850031	    -90.40409858	     23.13288688	      0.00000000	      0.00000000	      0.00000000	      0.00000000	   -203.74909412	      9.67213215	     47.94956793	      4.63724774	      0.00000000	      0.00000000	      0.00000000	      0.00000000	     61.21469520	    -20.23405605	     -3.34546101	    -72.07027913	      3.65401521	     -0.79609506	      0.00000000	     15.21889773	      3.87913041	      0.00000000	     66.95704334	    -19.53295022	     -3.89908033	    -77.99967667	     14.81774563	     -1.25345963	      0.00000000	     21.80784896	      8.68234389	      0.00000000
      2.10000000	     18.13113201	      3.73413142	   -171.71733400	      0.75101917	     -0.08326210	     -0.41742588	     -5.25780872	      4.00716178	     -6.66635748	     16.29946522	     -0.44131075	      1.86664315	     -0.00925064	     -0.03931777	      0.01691465	      0.00000000	      0.00000000	      0.00000000	     -0.00415449	      0.01258743	      0.00534496	      0.00000000	      0.00000000	      0.00000000	      0.01588621	     -0.00040655	     -0.00935213	    208.74012447	     15.91003615	    -91.52708336	     23.74905147	      0.00000000	      0.00000000	      0.00000000	      0.00000000	   -203.71220129	     10.95350747	     46.23260801	      4.95592539	      0.00000000	      0.00000000	      0.00000000	      0.00000000	     56.65611612	    -19.03450997	     -3.78880862	    -68.27446197	      1.54085249	     -0.10403317	      0.00000000	     14.80244195	      3.67122491	      0.00000000	     63.41855747	    -19.49921049	     -2.81782877	    -74.44073720	     14.47636819	     -0.54588973	      0.00000000	     20.80760554	      9.37997283	      0.00000000
      2.13333333	     16.52057902	      4.11786275	   -171.17148398	      0.74557583	     -0.06821193	     -0.41874106	     -4.86550610	      4.50972408	     -7.48869384	     14.41601661	     -1.27064755	      1.78773792	     -0.00865714	     -0.03712979	      0.01792219	      0.00000000	      0.00000000	      0.00000000	     -0.00212066	      0.01332853	      0.00639809	      0.00000000	      0.00000000	      0.00000000	      0.01356228	     -0.00010294	     -0.01185946	    209.71936436	     18.09510084	    -95.12323504	     26.37692971	      0.00000000	      0.00000000	      0.00000000	      0.00000000	   -203.52561947	     12.66178955	     46.05810393	      4.89950444	      0.00000000	      0.00000000	      0.00000000	      0.00000000	     51.94805230	    -17.94210476	     -4.48736749	    -64.42554503	      0.18288156	      0.06057747	      0.00000000	     13.85647938	      3.50594764	      0.00000000	     59.71058069	    -19.28141172	     -2.25941844	    -71.14946731	     14.19661081	     -0.42460908	      0.00000000	     19.62142411	      9.73816123	      0.00000000
      2.16666667	     14.14449859	      4.18419597	   -170.76280960	      0.74037838	     -0.05314905	     -0.42011089	     -5.69762483	      4.74529151	     -8.05365006	     13.70107127	     -1.75125396	      1.90175298	     -0.00581029	     -0.03636184	      0.01933039	      0.00000000	      0.00000000	      0.00000000	     -0.00248728	      0.01491391	      0.00575761	      0.00000000	      0.00000000	      0.00000000	      0.01220398	      0.00263920	     -0.01313623	    211.01975032	     20.41457152	    -99.55627578	     30.36038033	      0.00000000	      0.00000000	      0.00000000	      0.00000000	   -203.30824486	     13.85286831	     51.67405083	      5.15051887	      0.00000000	      0.00000000	      0.00000000	      0.00000000	     46.60510450	    -16.65829021	     -5.74846309	    -60.51225188	      0.17819325	     -0.78222142	      0.00000000	     12.61149762	      2.84362285	      0.00000000	     54.91772225	    -18.95400361	     -2.66644600	    -67.83822279	     14.55346988	     -1.00671957	      0.00000000	     18.30739948	      8.77593130	      0.00000000
      2.20000000	     11.91808768	      3.82279965	   -170.66836610	      0.73579325	     -0.03859598	     -0.42080024	     -6.51756915	      4.56729682	     -7.83696474	     11.69376694	     -2.40234813	      1.52039186	     -0.00553103	     -0.03524226	      0.02045404	      0.00000000	      0.00000000	      0.00000000	     -0.00047813	      0.01612150	      0.00161484	      0.00000000	      0.00000000	      0.00000000	      0.01515522	      0.00696040	     -0.01369233	    212.86053828	     20.52051559	    -98.94808325	     34.14208923	      0.00000000	      0.00000000	      0.00000000	      0.00000000	   -203.66829847	     14.99449221	     65.31010996	      6.94844391	      0.00000000	      0.00000000	      0.00000000	      0.00000000	     41.92671341	    -15.59441796	     -7.20123230	    -57.00418598	      1.79130903	     -2.31412432	      0.00000000	     10.79453079	      1.06238054	      0.00000000	     50.06346066	    -18.23724322	     -4.25706136	    -64.65237068	     14.89690267	     -2.50809713	      0.00000000	     16.71534432	      8.10602144	      0.00000000
      2.23333333	     10.70528221	      3.61973615	   -170.93506994	      0.73182377	     -0.02503940	     -0.42115588	     -6.18151239	      4.47720537	     -7.40141197	      8.38371828	     -2.88067366	      1.18013891	     -0.00773235	     -0.03270877	      0.02034625	      0.00000000	      0.00000000	      0.00000000	      0.00569546	      0.01661436	     -0.00289061	      0.00000000	      0.00000000	      0.00000000	      0.01754595	      0.01167384	     -0.01353328	    214.38094553	     19.68914637	    -97.16723712	     36.75005660	      0.00000000	      0.00000000	      0.00000000	      0.00000000	   -205.37491094	     16.13319826	     76.01895581	     10.78125316	      0.00000000	      0.00000000	      0.00000000	      0.00000000	     38.60234804	    -14.21488590	     -8.01245971	    -53.42467731	      2.03304751	     -3.70260846	      0.00000000	      9.19780891	     -0.83361756	      0.00000000	     46.34755953	    -17.40191263	     -5.70042963	    -61.44994791	     14.89690267	     -4.19510098	      0.00000000	     16.01952669	      7.71361759	      0.00000000
      2.26666667	     10.43969870	      3.59406308	   -171.48529921	      0.72871484	     -0.01230096	     -0.42144244	     -4.94548550	      4.58006508	     -6.90455590	      5.43518999	     -3.05434495	      0.74399309	     -0.01039997	     -0.02954310	      0.01755622	      0.00000000	      0.00000000	      0.00000000	      0.00866581	      0.01685791	     -0.00530825	      0.00000000	      0.00000000	      0.00000000	      0.01743283	      0.01307886	     -0.01638241	    214.63117992	     19.82507326	    -96.59167019	     36.92986492	      0.00000000	      0.00000000	      0.00000000	      0.00000000	   -206.78682160	     16.72311487	     76.61375672	     13.32111907	      0.00000000	      0.00000000	      0.00000000	      0.00000000	     36.40934831	    -12.53215000	     -7.92698167	    -49.30978576	     -0.21250994	     -4.92111573	      0.00000000	      7.27016937	     -2.09878241	      0.00000000	     43.79934799	    -16.65328035	     -6.04912011	    -58.07884682	     14.89690267	     -4.98473282	      0.00000000	     15.34116581	      5.79085739	      0.00000000
      2.30000000	      8.19703940	      3.03149198	   -171.65893661	      0.72362833	      0.00087274	     -0.42155544	     -6.02475482	      4.46597664	     -6.34676584	      3.39527721	     -3.34340167	     -0.36634953	     -0.01262289	     -0.02616549	      0.01366480	      0.00000000	      0.00000000	      0.00000000	      0.00765985	      0.01675802	     -0.00771058	      0.00000000	      0.00000000	      0.00000000	      0.01578370	      0.01379851	     -0.01712565	    214.40863945	     20.20551252	    -95.28311378	     35.25219863	      0.00000000	      0.00000000	      0.00000000	      0.00000000	   -208.58220580	     17.13127441	     72.75377224	     15.97960847	      0.00000000	      0.00000000	      0.00000000	      0.00000000	     31.32649713	    -11.42300981	     -6.61813408	    -43.98753984	     -4.72995536	     -4.98473282	      0.00000000	      5.43746628	     -2.69029603	      0.00000000	     38.45335614	    -15.80655610	     -6.04518852	    -53.51898430	     14.89690267	     -4.98473282	      0.00000000	     15.64349224	      4.41753140	      0.00000000
      2.33333333	      2.75921680	      1.21786281	   -171.23252384	      0.71580247	      0.01506609	     -0.42057760	    -10.95274600	      3.45666842	     -6.31685537	      3.15472631	     -3.49965768	     -0.93231000	     -0.01337722	     -0.02331180	      0.01173212	      0.00000000	      0.00000000	      0.00000000	      0.00103925	      0.01622622	     -0.00564799	      0.00000000	      0.00000000	      0.00000000	      0.01702038	      0.00984894	     -0.01988846	    213.31285416	     21.12949490	    -93.80390496	     32.33601961	      0.00000000	      0.00000000	      0.00000000	      0.00000000	   -207.42590570	     16.30347404	     64.32198735	     14.67648241	      0.00000000	      0.00000000	      0.00000000	      0.00000000	     21.60256908	    -11.55243144	     -5.36937700	    -37.13537454	    -10.80775512	     -4.98473282	      0.00000000	      4.47251587	      0.57504457	      0.00000000	     28.73913044	    -13.48333944	     -5.52500674	    -47.31614367	     12.14747042	     -4.98473282	      0.00000000	     15.58249069	      5.33149288	      0.00000000
      2.36666667	     -3.60746382	     -1.01326471	   -171.08632424	      0.70566554	      0.02859183	     -0.41902786	    -16.71106058	      2.23952288	     -6.28882589	      1.97397591	     -3.62981123	     -2.42553896	     -0.01519913	     -0.01794548	      0.00863952	      0.00000000	      0.00000000	      0.00000000	     -0.00135633	      0.01685355	     -0.00322580	      0.00000000	      0.00000000	      0.00000000	      0.01755517	      0.00766866	     -0.01982152	    211.96249492	     21.36537136	    -91.61081182	     29.94901274	      0.00000000	      0.00000000	      0.00000000	      0.00000000	   -206.73975865	     16.81492289	     62.00622324	     13.44706426	      0.00000000	      0.00000000	      0.00000000	      0.00000000	     10.26582924	    -12.28564560	     -5.17363212	    -29.77902274	    -14.34671952	     -4.98473282	      0.00000000	      3.08696898	      3.94960728	      0.00000000	     17.19107848	    -11.00736230	     -5.13361714	    -39.68967057	      9.35599650	     -4.98473282	      0.00000000	     14.93753658	      6.55397632	      0.00000000
      2.40000000	     -2.81396884	     -1.44655951	   -171.18063662	      0.70107964	      0.03748628	     -0.41889533	    -14.24549198	      1.59105665	     -6.06068806	      1.97941962	     -3.58239573	     -2.39348008	     -0.00889644	     -0.01583476	      0.00762999	      0.00000000	      0.00000000	      0.00000000	      0.00266155	      0.01816956	     -0.00147416	      0.00000000	      0.00000000	      0.00000000	      0.01901758	      0.00581201	     -0.01820100	    211.70538659	     21.88160115	    -91.44997720	     30.43406885	      0.00000000	      0.00000000	      0.00000000	      0.00000000	   -206.64098170	     18.38384112	     62.05651052	     12.69692682	      0.00000000	      0.00000000	      0.00000000	      0.00000000	      8.45105718	    -12.19687646	     -4.43892078	    -25.13333941	    -14.89690267	     -4.98473282	      0.00000000	      1.11632124	      3.59925265	      0.00000000	     14.97415399	     -9.55370742	     -4.25399333	    -34.22399916	      7.60904213	     -4.98473282	      0.00000000	     13.16357551	      5.37070917	      0.00000000
      2.43333333	    -10.91052014	     -3.77679726	   -172.17712101	      0.68911260	      0.04829102	     -0.41834512	    -22.00064228	     -0.11381736	     -5.16349909	      2.36958354	     -2.62722034	     -3.18273683	     -0.00705032	     -0.01037565	      0.00744858	      0.00000000	      0.00000000	      0.00000000	      0.00653870	      0.02102192	      0.00021696	      0.00000000	      0.00000000	      0.00000000	      0.01875750	      0.01159139	     -0.01776718	    211.69995253	     20.53911142	    -93.65658982	     31.29894411	      0.00000000	      0.00000000	      0.00000000	      0.00000000	   -204.99239093	     19.43229948	     63.73969897	     11.04291581	      0.00000000	      0.00000000	      0.00000000	      0.00000000	     -4.69764170	    -12.78559361	     -5.16218283	    -17.81733991	    -12.80871551	     -4.98473282	      0.00000000	     -2.03370725	      0.41145636	      0.00000000	      0.58176807	     -7.74281836	     -4.79658467	    -24.62083873	      4.74000779	     -4.98473282	      0.00000000	      9.59296352	      6.24650783	      0.00000000
      2.46666667	    -11.06156378	     -3.87400370	   -173.47670787	      0.68421073	      0.05383728	     -0.41841426	    -20.73995838	     -0.65002932	     -3.68390867	      1.82936767	     -1.86210078	     -3.33687429	     -0.00246147	     -0.00767455	      0.00570638	      0.00000000	      0.00000000	      0.00000000	      0.01170543	      0.02154658	      0.00108623	      0.00000000	      0.00000000	      0.00000000	      0.01958741	      0.01526517	     -0.01728819	    210.63850997	     20.43091610	    -95.97121259	     30.62695797	      0.00000000	      0.00000000	      0.00000000	      0.00000000	   -205.55635825	     20.06576210	     63.61709539	     11.85647505	      0.00000000	      0.00000000	      0.00000000	      0.00000000	     -6.66580404	    -12.57899369	     -4.56261647	    -13.78489282	    -13.19728661	     -4.98473282	      0.00000000	     -4.20609568	     -1.67386774	      0.00000000	     -3.15053593	     -7.23793253	     -5.63815629	    -18.72739964	      3.49994614	     -4.98473282	      0.00000000	      7.06639286	      5.74573436	      0.00000000
      2.50000000	    -10.19536733	     -3.80150968	   -174.39800794	      0.68051495	      0.05749854	     -0.41842626	    -18.48204506	     -0.95506158	     -2.57885034	      0.53271903	     -1.08240852	     -3.27693039	      0.00076115	     -0.00518281	      0.00417286	      0.00000000	      0.00000000	      0.00000000	      0.01529724	      0.02239005	      0.00088735	      0.00000000	      0.00000000	      0.00000000	      0.02139492	      0.01683941	     -0.01767612	    210.06225903	     20.97544430	    -96.49260074	     29.49812295	      0.00000000	      0.00000000	      0.00000000	      0.00000000	   -206.27683061	     19.72371033	     62.62068903	     12.91779510	      0.00000000	      0.00000000	      0.00000000	      0.00000000	     -7.27878670	    -12.53661058	     -5.14989478	    -10.30958465	    -14.09688803	     -4.98473282	      0.00000000	     -5.88459293	     -2.42380758	      0.00000000	     -5.28218662	     -6.84271739	     -7.11741738	    -13.52901663	      2.93590537	     -4.98473282	      0.00000000	      4.58646580	      5.82382324	      0.00000000
      2.53333333	     -9.48893798	     -3.75276563	   -175.62791383	      0.67638100	      0.05971986	     -0.41807925	    -16.42081377	     -1.18428326	     -1.35621094	     -0.89185330	     -0.73575308	     -2.84082491	      0.00417678	     -0.00308877	      0.00300956	      0.00000000	      0.00000000	      0.00000000	      0.01829444	      0.02456073	     -0.00003657	      0.00000000	      0.00000000	      0.00000000	      0.02275771	      0.01533519	     -0.01873640	    209.81677428	     21.90048296	    -94.75202936	     28.03957196	      0.00000000	      0.00000000	      0.00000000	      0.00000000	   -206.70672223	     18.87912762	     60.49545429	     12.90459962	      0.00000000	      0.00000000	      0.00000000	      0.00000000	     -7.95330313	    -12.62660005	     -5.40784139	     -7.05936469	    -14.53632555	     -4.98473282	      0.00000000	     -7.25997741	     -1.97905587	      0.00000000	     -7.60627186	     -6.31386400	     -9.66260631	     -8.41621795	      3.49689720	     -4.98473282	      0.00000000	      2.13452058	      5.82422765	      0.00000000
      2.56666667	     -8.83921871	     -3.82275345	   -176.52750434	      0.67223700	      0.06104783	     -0.41727280	    -14.48421552	     -1.40558625	     -0.48647230	     -2.47468770	     -0.82357821	     -2.28781193	      0.00752640	     -0.00155452	      0.00321587	      0.00000000	      0.00000000	      0.00000000	      0.02217902	      0.02636243	     -0.00162320	      0.00000000	      0.00000000	      0.00000000	      0.02285832	      0.01185168	     -0.02100491	    210.34026984	     22.29777207	    -91.86628272	     27.67871345	      0.00000000	      0.00000000	      0.00000000	      0.00000000	   -206.08884442	     18.69008797	     57.86155919	     11.00598787	      0.00000000	      0.00000000	      0.00000000	      0.00000000	     -8.65429101	    -12.83287991	     -5.83255122	     -4.25822561	    -14.05795903	     -4.98473282	      0.00000000	     -8.94621054	     -1.67307321	      0.00000000	     -9.57497693	     -5.57826622	    -12.99026240	     -3.80638446	      5.86765611	     -4.98473282	      0.00000000	     -0.57438102	      4.82229511	      0.00000000
      2.60000000	     -8.79882991	     -3.61376397	   -177.01380041	      0.66766601	      0.06202092	     -0.41651955	    -13.36230398	     -1.23181836	     -0.09364727	     -3.54956151	     -0.94275710	     -2.07338532	      0.01023049	     -0.00115465	      0.00323326	      0.00000000	      0.00000000	      0.00000000	      0.02410041	      0.02672974	     -0.00369499	      0.00000000	      0.00000000	      0.00000000	      0.01956387	      0.00989086	     -0.02211475	    210.95006082	     22.53280535	    -92.11658485	     28.39217840	      0.00000000	      0.00000000	      0.00000000	      0.00000000	   -205.85426925	     19.11017032	     56.26618638	      9.97932018	      0.00000000	      0.00000000	      0.00000000	      0.00000000	    -10.07895907	    -12.53252006	     -7.72171281	     -1.67456207	    -10.84028693	     -4.98473282	      0.00000000	    -12.05202813	     -4.96585569	      0.00000000	    -11.72711284	     -5.17048083	    -17.75028499	      0.16184225	     10.61562916	     -4.98473282	      0.00000000	     -3.34273040	      3.15462581	      0.00000000
      2.63333333	     -9.09719372	     -3.54386580	   -177.06698724	      0.66339142	      0.06282997	     -0.41550936	    -12.76833389	     -1.17178833	     -0.31042173	     -4.39881586	     -1.17606743	     -1.95129235	      0.01159203	     -0.00182813	      0.00381520	      0.00000000	      0.00000000	      0.00000000	      0.02594471	      0.02388483	     -0.00491721	      0.00000000	      0.00000000	      0.00000000	      0.01393143	      0.01133737	     -0.02003222	    210.89977554	     22.19303449	    -93.39947879	     29.20026319	      0.00000000	      0.00000000	      0.00000000	      0.00000000	   -207.19183551	     19.96346679	     60.56148828	     12.13318760	      0.00000000	      0.00000000	      0.00000000	      0.00000000	    -11.76974143	    -12.16966751	    -12.90841383	      0.50937621	     -5.39921734	     -4.98473282	      0.00000000	    -15.25612197	     -9.27448641	      0.00000000	    -13.57874787	     -4.66986560	    -21.73919444	      3.07141574	     14.15001391	     -4.98473282	      0.00000000	     -5.19157629	      3.10641102	      0.00000000
      2.66666667	     -9.68830131	     -3.58628745	   -176.57659505	      0.65921631	      0.06331561	     -0.41540865	    -12.52341165	     -1.32523825	     -0.71339547	     -5.19229727	     -1.26866516	     -2.59858534	      0.01197196	     -0.00307688	      0.00479094	      0.00000000	      0.00000000	      0.00000000	      0.02674353	      0.01952364	     -0.00487274	      0.00000000	      0.00000000	      0.00000000	      0.01196763	      0.01367461	     -0.01666381	    210.77769698	     20.91893445	    -90.84131802	     29.48906942	      0.00000000	      0.00000000	      0.00000000	      0.00000000	   -208.07299015	     20.76645612	     65.67465065	     14.40502858	      0.00000000	      0.00000000	      0.00000000	      0.00000000	    -13.89307237	    -11.54273273	    -19.76920147	      2.42142569	      0.87256282	     -4.98473282	      0.00000000	    -16.70220850	    -12.15898014	      0.00000000	    -15.18122147	     -4.31636300	    -23.42054137	      4.97976445	     14.89690267	     -4.98473282	      0.00000000	     -5.96132819	      4.45364860	      0.00000000
      2.70000000	    -10.03773044	     -3.59916223	   -176.48750780	      0.65581112	      0.06352581	     -0.41603702	    -12.03211992	     -1.62285644	     -0.53221002	     -6.44215707	     -1.32509214	     -3.03400065	      0.01054801	     -0.00413939	      0.00667940	      0.00000000	      0.00000000	      0.00000000	      0.02565675	      0.01634201	     -0.00230893	      0.00000000	      0.00000000	      0.00000000	      0.01593259	      0.01318779	     -0.01364244	    210.68574149	     20.23776635	    -86.71324832	     29.59402677	      0.00000000	      0.00000000	      0.00000000	      0.00000000	   -207.59448095	     20.61009824	     66.79257212	     14.83821998	      0.00000000	      0.00000000	      0.00000000	      0.00000000	    -15.28749910	    -10.98560973	    -24.09794167	      3.73752742	      4.64076660	     -4.98473282	      0.00000000	    -16.10440401	    -12.01324802	      0.00000000	    -16.27641849	     -3.90164524	    -24.90683822	      6.16477700	     14.89690267	     -4.98473282	      0.00000000	     -6.03431917	      5.12158900	      0.00000000
      2.73333333	    -10.51758128	     -3.66592550	   -176.65744078	      0.65232675	      0.06291696	     -0.41686787	    -11.75673606	     -1.99931786	     -0.30010662	     -5.89290315	     -1.26968467	     -3.58587894	      0.01224887	     -0.00722036	      0.00787116	      0.00000000	      0.00000000	      0.00000000	      0.02569460	      0.01455819	      0.00171993	      0.00000000	      0.00000000	      0.00000000	      0.01894865	      0.01197132	     -0.01222847	    210.64194980	     20.09633519	    -82.74463992	     29.64277360	      0.00000000	      0.00000000	      0.00000000	      0.00000000	   -206.50545384	     20.77400800	     67.34366378	     13.96498666	      0.00000000	      0.00000000	      0.00000000	      0.00000000	    -16.72632422	    -10.65232591	    -28.74700991	      4.97785060	      9.15571348	     -4.98473282	      0.00000000	    -14.48210806	     -9.18337094	      0.00000000	    -17.62596204	     -3.35106463	    -26.79323628	      7.50656788	     14.89690267	     -4.98473282	      0.00000000	     -5.43868204	      7.08863145	      0.00000000
      2.76666667	    -10.72375027	     -3.59324441	   -176.96934441	      0.64942388	      0.06202264	     -0.41762478	    -11.23898326	     -2.04983181	      0.00932542	     -5.43146118	     -1.61360432	     -3.46153269	      0.01378271	     -0.01001701	      0.00856347	      0.00000000	      0.00000000	      0.00000000	      0.02688381	      0.01346818	      0.00329278	      0.00000000	      0.00000000	      0.00000000	      0.02051573	      0.00886029	     -0.01375700	    210.91809207	     20.97919534	    -82.05114391	     29.85906813	      0.00000000	      0.00000000	      0.00000000	      0.00000000	   -206.10095452	     21.39590655	     67.59036193	     13.60599135	      0.00000000	      0.00000000	      0.00000000	      0.00000000	    -17.51499774	    -10.49554457	    -31.41115874	      5.81409079	     11.64310292	     -4.98473282	      0.00000000	    -12.74528643	     -5.17630743	      0.00000000	    -18.59124382	     -2.90173802	    -28.80871735	      8.86648543	     14.89690267	     -4.98473282	      0.00000000	     -5.25099347	      9.34871444	      0.00000000
      2.80000000	    -10.94764409	     -3.19987256	   -177.22172622	      0.64675961	      0.06091356	     -0.41886536	    -10.84380777	     -1.75124204	      0.07648584	     -4.75451176	     -2.21119563	     -2.93587392	      0.01596781	     -0.01247637	      0.00974849	      0.00000000	      0.00000000	      0.00000000	      0.02962722	      0.01104067	      0.00270874	      0.00000000	      0.00000000	      0.00000000	      0.01799071	      0.00643242	     -0.01569686	    211.36796450	     22.22042811	    -83.27627735	     30.05868947	      0.00000000	      0.00000000	      0.00000000	      0.00000000	   -206.87716336	     22.36133233	     68.47795007	     14.54126539	      0.00000000	      0.00000000	      0.00000000	      0.00000000	    -18.04628941	    -10.05930059	    -32.39874753	      6.32607033	     12.17448288	     -4.98473282	      0.00000000	    -11.79273741	     -1.97976772	      0.00000000	    -19.35234372	     -3.12526421	    -30.13362792	      9.66165837	     14.89690267	     -4.98473282	      0.00000000	     -4.87350831	     11.54702852	      0.00000000
      2.83333333	    -11.14148225	     -2.82515899	   -177.26275837	      0.64447235	      0.05990516	     -0.42036985	    -10.51368373	     -1.46673518	      0.16998465	     -4.61297534	     -2.30878838	     -2.76333229	      0.01740168	     -0.01385851	      0.00906840	      0.00000000	      0.00000000	      0.00000000	      0.03082707	      0.00778700	      0.00082949	      0.00000000	      0.00000000	      0.00000000	      0.01522332	      0.00435222	     -0.01842951	    211.84533075	     23.09717594	    -83.30690095	     29.82046523	      0.00000000	      0.00000000	      0.00000000	      0.00000000	   -207.28001879	     23.29655626	     68.37761830	     14.76317460	      0.00000000	      0.00000000	      0.00000000	      0.00000000	    -18.31881377	     -9.62481179	    -32.36428939	      6.17325784	     12.08598663	     -4.98473282	      0.00000000	    -11.45629329	     -1.94638888	      0.00000000	    -19.80314997	     -3.65870861	    -30.03926262	      9.77095223	     14.89690267	     -4.98473282	      0.00000000	     -4.81083625	     11.65309488	      0.00000000
      2.86666667	    -11.74698579	     -2.38492786	   -177.49245817	      0.64250181	      0.05914273	     -0.42127704	    -10.84400881	     -0.96255091	     -0.02652940	     -4.93414880	     -3.02165401	     -1.29777391	      0.01669436	     -0.01351828	      0.00957167	      0.00000000	      0.00000000	      0.00000000	      0.03066286	      0.00847223	     -0.00107540	      0.00000000	      0.00000000	      0.00000000	      0.00974253	      0.00527683	     -0.01769852	    212.24627525	     24.78241057	    -85.34029514	     30.20080872	      0.00000000	      0.00000000	      0.00000000	      0.00000000	   -208.77524676	     23.69907446	     68.60002292	     15.85983983	      0.00000000	      0.00000000	      0.00000000	      0.00000000	    -18.84991277	     -9.15176875	    -31.75868702	      5.99766294	     10.95277370	     -4.98473282	      0.00000000	    -11.97574238	     -2.65647270	      0.00000000	    -20.64631630	     -4.16330842	    -29.87654433	      9.72195198	     14.89690267	     -4.98473282	      0.00000000	     -4.65085602	     10.67629607	      0.00000000
      2.90000000	    -11.95596524	     -2.46626303	   -177.57796357	      0.64115048	      0.05867219	     -0.42164295	    -10.86342449	     -1.04263411	      0.08942505	     -5.02865832	     -2.91148633	     -1.16069683	      0.01660193	     -0.01366106	      0.00754358	      0.00000000	      0.00000000	      0.00000000	      0.03000489	      0.00981065	     -0.00023350	      0.00000000	      0.00000000	      0.00000000	      0.00669410	      0.00553813	     -0.01709739	    212.45387408	     25.48353033	    -85.05103866	     29.92295541	      0.00000000	      0.00000000	      0.00000000	      0.00000000	   -208.96993948	     24.23910418	     68.34720433	     15.68646884	      0.00000000	      0.00000000	      0.00000000	      0.00000000	    -18.90342645	     -9.31625893	    -31.99894454	      5.63974833	     10.62507231	     -4.98473282	      0.00000000	    -12.13776644	     -2.87441204	      0.00000000	    -20.90258675	     -4.06177701	    -29.99511809	      9.65800540	     14.89690267	     -4.98473282	      0.00000000	     -4.48175340	     10.35985430	      0.00000000
      2.93333333	    -12.68903341	     -2.91046903	   -177.68630453	      0.63968979	      0.05810646	     -0.42148438	    -11.55830474	     -1.48218030	      0.19740569	     -5.91528419	     -2.10376697	     -0.49146071	      0.01388278	     -0.01150386	      0.00531629	      0.00000000	      0.00000000	      0.00000000	      0.03168958	      0.01102156	      0.00197381	      0.00000000	      0.00000000	      0.00000000	      0.00622356	      0.00360407	     -0.01733606	    212.18409258	     25.38032460	    -84.10455849	     28.93096057	      0.00000000	      0.00000000	      0.00000000	      0.00000000	   -208.07855421	     23.86225252	     63.41092869	     14.00701951	      0.00000000	      0.00000000	      0.00000000	      0.00000000	    -19.96291672	     -9.85428157	    -30.29062127	      5.97139305	     10.12018854	     -4.98473282	      0.00000000	    -12.27197535	     -3.33653673	      0.00000000	    -21.79839556	     -3.59000029	    -28.25803299	      9.52053071	     14.89690267	     -4.98473282	      0.00000000	     -4.84681909	      6.68941946	      0.00000000
      2.96666667	    -12.62221668	     -3.07325260	   -177.33791745	      0.63912913	      0.05794974	     -0.42100474	    -11.57600514	     -1.41503163	      0.35319109	     -5.91758188	     -2.04183947	     -0.44591146	      0.01242152	     -0.01093315	      0.00432936	      0.00000000	      0.00000000	      0.00000000	      0.03274286	      0.01137777	      0.00215382	      0.00000000	      0.00000000	      0.00000000	      0.00659741	      0.00162442	     -0.01920655	    212.39273638	     24.98193834	    -84.37908427	     28.84307012	      0.00000000	      0.00000000	      0.00000000	      0.00000000	   -208.17619199	     24.14945351	     63.28480285	     14.08711525	      0.00000000	      0.00000000	      0.00000000	      0.00000000	    -20.14178816	    -10.05700080	    -29.79476567	      6.09157842	     10.57041642	     -4.98473282	      0.00000000	    -12.31455782	     -3.00936880	      0.00000000	    -21.68623780	     -3.45163926	    -28.18723767	      9.57299363	     14.89690267	     -4.98473282	      0.00000000	     -4.66472688	      6.68165102	      0.00000000
      3.00000000	    -12.87590832	     -3.25688356	   -177.53101802	      0.63896048	      0.05781096	     -0.42078039	    -12.03037710	     -1.61911570	      0.75271007	     -5.55241732	     -1.50745188	     -1.14855410	      0.01183219	     -0.01086252	      0.00356838	      0.00000000	      0.00000000	      0.00000000	      0.03267710	      0.01263477	      0.00174533	      0.00000000	      0.00000000	      0.00000000	      0.00966238	      0.00241044	     -0.01899856	    213.69778279	     26.05461301	    -89.19924960	     30.84922273	      0.00000000	      0.00000000	      0.00000000	      0.00000000	   -208.82444112	     23.78249448	     63.92552368	     15.08231831	      0.00000000	      0.00000000	      0.00000000	      0.00000000	    -20.47274087	    -10.37172875	    -29.14411000	      6.19702022	     10.43061136	     -4.98473282	      0.00000000	    -12.12870129	     -2.44593033	      0.00000000	    -21.76932748	     -3.37296677	    -27.70990571	      8.97273244	     14.89690267	     -4.98473282	      0.00000000	     -4.31206028	      6.19793507	      0.00000000
      3.03333333	    -12.62680817	     -3.13056955	   -177.32901241	      0.63969416	      0.05788671	     -0.42085129	    -12.06549688	     -1.42803027	      0.70648565	     -5.35622421	     -2.34752443	     -1.26529937	      0.01174764	     -0.01089575	      0.00696176	      0.00000000	      0.00000000	      0.00000000	      0.03131688	      0.01286312	      0.00222655	      0.00000000	      0.00000000	      0.00000000	      0.01217920	      0.00355630	     -0.02142942	    214.08009737	     27.36897078	    -93.89472905	     32.08519132	      0.00000000	      0.00000000	      0.00000000	      0.00000000	   -208.19342259	     23.86099627	     65.57361960	     14.04137933	      0.00000000	      0.00000000	      0.00000000	      0.00000000	    -20.06158865	    -10.24430294	    -28.10801157	      5.81138985	      8.63457013	     -4.98473282	      0.00000000	    -13.03600046	     -4.33636351	      0.00000000	    -21.09969707	     -3.72824164	    -26.99743036	      8.29349809	     14.89690267	     -4.98473282	      0.00000000	     -4.45353723	      5.22106950	      0.00000000
      3.06666667	    -11.99017924	     -3.06809892	   -177.16767599	      0.64149003	      0.05789358	     -0.42099938	    -11.81562964	     -1.29431444	      0.84597080	     -5.54990093	     -3.28527180	     -1.58121965	      0.01144471	     -0.01037112	      0.01008702	      0.00000000	      0.00000000	      0.00000000	      0.02813289	      0.01467448	      0.00443893	      0.00000000	      0.00000000	      0.00000000	      0.01501973	      0.00396907	     -0.02385437	    213.91665483	     28.22176257	    -96.23746844	     32.88666399	      0.00000000	      0.00000000	      0.00000000	      0.00000000	   -206.59509267	     23.85183361	     63.80885097	     11.17427147	      0.00000000	      0.00000000	      0.00000000	      0.00000000	    -19.02220435	    -10.33126807	    -25.96399300	      5.08185173	      5.82109430	     -4.98473282	      0.00000000	    -13.73392956	     -7.03713883	      0.00000000	    -19.79732263	     -4.09962549	    -25.93164777	      7.17763246	     14.89690267	     -4.98473282	      0.00000000	     -4.36550049	      3.81796332	      0.00000000
      3.10000000	    -11.43775249	     -3.12565134	   -177.13409420	      0.64408572	      0.05775248	     -0.42123161	    -11.68714500	     -1.40187391	      0.84022949	     -6.26169266	     -3.88883877	     -1.63916777	      0.01138794	     -0.00848558	      0.01216415	      0.00000000	      0.00000000	      0.00000000	      0.03060009	      0.01763161	      0.00573069	      0.00000000	      0.00000000	      0.00000000	      0.01915150	      0.00268590	     -0.02545165	    214.17991853	     27.34781218	    -93.87188660	     33.33568490	      0.00000000	      0.00000000	      0.00000000	      0.00000000	   -204.10410471	     23.30835126	     51.71157098	      6.09963960	      0.00000000	      0.00000000	      0.00000000	      0.00000000	    -17.63227566	    -10.77674082	    -21.81337327	      3.50592271	      1.76768773	     -4.98473282	      0.00000000	    -12.61294741	     -8.55777407	      0.00000000	    -18.49589513	     -4.50998806	    -24.20498665	      5.57081468	     14.89690267	     -4.98473282	      0.00000000	     -3.41187546	      2.43635394	      0.00000000
      3.13333333	    -11.76481495	     -3.26567292	   -176.74910596	      0.64670205	      0.05783897	     -0.42196230	    -12.70693788	     -1.60935174	      0.47385641	     -7.47321440	     -4.58432792	     -1.46531721	      0.00844090	     -0.00420732	      0.01479236	      0.00000000	      0.00000000	      0.00000000	      0.03399507	      0.02087328	      0.00744499	      0.00000000	      0.00000000	      0.00000000	      0.02299834	      0.00496404	     -0.02256667	    214.65625179	     26.21350393	    -91.73880970	     33.29192073	      0.00000000	      0.00000000	      0.00000000	      0.00000000	   -203.99635024	     22.95808088	     45.74330115	      5.17850076	      0.00000000	      0.00000000	      0.00000000	      0.00000000	    -17.51770452	    -10.90676405	    -20.47424883	      2.66344161	      0.88358659	     -4.98473282	      0.00000000	    -11.29330787	     -7.67412133	      0.00000000	    -18.08098613	     -5.05305277	    -22.84175396	      4.07023156	     14.89690267	     -4.98473282	      0.00000000	     -2.05859424	      3.28909237	      0.00000000
      3.16666667	    -12.54047797	     -3.45429671	   -176.68998064	      0.64975268	      0.05798941	     -0.42285327	    -14.30813491	     -1.94693422	      0.27596326	     -7.40035139	     -4.03598667	     -1.24817923	      0.00748722	     -0.00093021	      0.01349772	      0.00000000	      0.00000000	      0.00000000	      0.03606922	      0.02366905	      0.00898120	      0.00000000	      0.00000000	      0.00000000	      0.02714695	      0.00822949	     -0.02066762	    215.15489867	     26.19481238	    -91.56218173	     32.53446113	      0.00000000	      0.00000000	      0.00000000	      0.00000000	   -204.08184976	     22.86398849	     45.71822039	      5.02120094	      0.00000000	      0.00000000	      0.00000000	      0.00000000	    -17.46885712	    -11.17581791	    -18.85544359	      1.17418214	      1.85652956	     -4.98473282	      0.00000000	     -9.36702949	     -7.16813963	      0.00000000	    -18.18009158	     -5.34522237	    -21.84702452	      2.81757735	     14.89690267	     -4.98473282	      0.00000000	     -1.68425903	      3.35736887	      0.00000000
      3.20000000	    -13.67857874	     -3.92874426	   -176.13480173	      0.65418405	      0.05827502	     -0.42336186	    -16.74203012	     -2.41829420	     -0.16784002	     -5.94502642	     -2.95512647	     -1.29476853	      0.00634064	      0.00117669	      0.01074546	      0.00000000	      0.00000000	      0.00000000	      0.03470427	      0.02323370	      0.01078534	      0.00000000	      0.00000000	      0.00000000	      0.02984173	      0.01363016	     -0.01798024	    214.84699564	     25.63876463	    -91.00119050	     30.55180200	      0.00000000	      0.00000000	      0.00000000	      0.00000000	   -204.65898272	     22.75126990	     53.51676807	      6.86079618	      0.00000000	      0.00000000	      0.00000000	      0.00000000	    -17.78361724	    -11.62383744	    -15.44750489	     -0.30372105	     -1.28124183	     -4.98473282	      0.00000000	     -8.06411985	     -4.24284858	      0.00000000	    -18.04811194	     -5.47102597	    -17.88504342	      0.75088685	     14.70428056	     -4.98473282	      0.00000000	     -2.71414672	     -1.29870678	      0.00000000
      3.23333333	    -13.53225129	     -4.36459683	   -175.70743784	      0.65996965	      0.05782042	     -0.42431804	    -17.83156406	     -2.99843685	     -0.23206325	     -3.93830545	     -2.44702306	     -1.78391966	      0.00739732	      0.00130669	      0.01005464	      0.00000000	      0.00000000	      0.00000000	      0.02828896	      0.02370555	      0.01072881	      0.00000000	      0.00000000	      0.00000000	      0.02834821	      0.01978471	     -0.01463240	    215.47492569	     26.00311494	    -91.83557063	     30.66941741	      0.00000000	      0.00000000	      0.00000000	      0.00000000	   -205.27715316	     23.78228932	     63.24820080	      8.90956364	      0.00000000	      0.00000000	      0.00000000	      0.00000000	    -16.06011445	    -12.20992617	    -11.73026476	     -2.83938876	     -5.52307968	     -4.98473282	      0.00000000	     -6.55035089	     -2.25650499	      0.00000000	    -15.73105872	     -5.56930287	    -13.53740289	     -2.75766120	     12.34759741	     -4.98473282	      0.00000000	     -2.33690073	     -3.98292149	      0.00000000
      3.26666667	    -12.28410952	     -4.65439507	   -174.37377445	      0.66777682	      0.05637380	     -0.42466048	    -18.06726608	     -3.03301864	     -0.93779666	     -2.25741250	     -2.50643483	     -2.76732883	      0.00754001	      0.00050347	      0.00992685	      0.00000000	      0.00000000	      0.00000000	      0.02224939	      0.02250257	      0.01209768	      0.00000000	      0.00000000	      0.00000000	      0.02534005	      0.02249490	     -0.01533206	    214.93523781	     25.16547295	    -92.00660254	     31.16527833	      0.00000000	      0.00000000	      0.00000000	      0.00000000	   -204.72150917	     24.73027609	     66.70496668	      9.19893758	      0.00000000	      0.00000000	      0.00000000	      0.00000000	    -12.73626861	    -12.58794827	     -6.68706436	     -6.75581326	    -11.56265048	     -4.98473282	      0.00000000	     -5.21051291	     -1.60974934	      0.00000000	    -10.94311567	     -5.70458216	     -6.08610408	     -8.19676483	      5.87973433	     -4.98473282	      0.00000000	      0.24003861	     -2.69817806	      0.00000000
      3.30000000	     -9.54143218	     -4.45087361	   -172.77485178	      0.67691923	      0.05332174	     -0.42423870	    -16.81540816	     -2.48098421	     -2.23843549	     -0.43286490	     -3.30285992	     -3.54460469	      0.00845131	     -0.00252775	      0.01169900	      0.00000000	      0.00000000	      0.00000000	      0.02074824	      0.02281841	      0.01253712	      0.00000000	      0.00000000	      0.00000000	      0.02272206	      0.02234342	     -0.01663346	    214.00242721	     24.07199266	    -93.48483951	     32.09596234	      0.00000000	      0.00000000	      0.00000000	      0.00000000	   -204.37276486	     24.88962550	     65.92835442	      8.86374778	      0.00000000	      0.00000000	      0.00000000	      0.00000000	     -7.14112138	    -12.78896699	     -3.72848930	    -12.00973484	    -14.89690267	     -4.98473282	      0.00000000	     -3.71176160	     -1.71256313	      0.00000000	     -3.84410072	     -5.62394971	      0.18338087	    -14.83901202	     -1.05688708	     -4.98473282	      0.00000000	      4.18685205	      2.58813048	      0.00000000
      3.33333333	     -6.45574583	     -3.74101012	   -171.20959997	      0.68561792	      0.04875102	     -0.42310452	    -15.06751763	     -1.30783928	     -3.85619365	      0.78947829	     -4.51941100	     -4.01389627	      0.00881521	     -0.00638387	      0.01374228	      0.00000000	      0.00000000	      0.00000000	      0.02388106	      0.02399910	      0.01163259	      0.00000000	      0.00000000	      0.00000000	      0.02201485	      0.02150094	     -0.01741166	    212.52957981	     22.85405103	    -94.98250087	     32.00726920	      0.00000000	      0.00000000	      0.00000000	      0.00000000	   -205.24677849	     24.37100582	     65.92224390	      9.80855859	      0.00000000	      0.00000000	      0.00000000	      0.00000000	     -0.88306529	    -12.90251366	     -3.68504975	    -17.75494115	    -14.50418676	     -4.98473282	      0.00000000	     -2.25434098	     -2.44366979	      0.00000000	      3.70884701	     -5.57881538	      3.97700778	    -21.58758920	     -5.81783573	     -4.98473282	      0.00000000	      7.56774234	      8.83128742	      0.00000000
      3.36666667	     -3.87370038	     -2.90782759	   -170.10237532	      0.69319037	      0.04274148	     -0.42161232	    -13.77708884	     -0.01907721	     -5.36543110	      1.71359038	     -5.78764467	     -4.19650268	      0.00826315	     -0.01062889	      0.01563886	      0.00000000	      0.00000000	      0.00000000	      0.02778931	      0.02541869	      0.00813073	      0.00000000	      0.00000000	      0.00000000	      0.02207675	      0.02048436	     -0.01786508	    211.51207236	     22.00132230	    -95.97308280	     31.67212788	      0.00000000	      0.00000000	      0.00000000	      0.00000000	   -206.28438274	     23.28888705	     66.92584787	     10.82630738	      0.00000000	      0.00000000	      0.00000000	      0.00000000	      5.02359804	    -13.28644214	     -5.38192891	    -23.65522288	    -11.74044979	     -4.98473282	      0.00000000	     -0.73960466	     -3.47991217	      0.00000000	     10.39230063	     -5.80567906	      4.54094914	    -27.80608203	     -6.21426492	     -4.98473282	      0.00000000	      9.88537135	     12.16401384	      0.00000000
      3.40000000	     -1.12535578	     -1.74562013	   -169.47153130	      0.70076010	      0.03456273	     -0.42041593	    -12.20562882	      1.38939381	     -6.64867797	      2.55780657	     -6.65653612	     -3.98071834	      0.00766260	     -0.01524027	      0.01647988	      0.00000000	      0.00000000	      0.00000000	      0.03041942	      0.02503851	      0.00206043	      0.00000000	      0.00000000	      0.00000000	      0.02145152	      0.01938668	     -0.01675864	    210.95387368	     21.77807109	    -96.39961724	     30.87162802	      0.00000000	      0.00000000	      0.00000000	      0.00000000	   -207.28634479	     22.01036524	     68.20003707	     11.46735443	      0.00000000	      0.00000000	      0.00000000	      0.00000000	     11.32804652	    -13.56568913	     -6.93783977	    -29.57360074	     -8.51864553	     -4.98473282	      0.00000000	      0.24988188	     -5.03363206	      0.00000000	     17.24858074	     -6.60041221	      3.74016367	    -34.14091358	     -3.97523698	     -4.98473282	      0.00000000	     12.23830760	     12.63720217	      0.00000000
      3.43333333	      0.45252999	     -0.73227577	   -169.56431460	      0.70751857	      0.02464075	     -0.41993425	    -12.08103663	      2.50932151	     -7.13915935	      3.27498696	     -6.55247020	     -3.56939170	      0.00486208	     -0.01894582	      0.01575756	      0.00000000	      0.00000000	      0.00000000	      0.02756534	      0.02365708	     -0.00339987	      0.00000000	      0.00000000	      0.00000000	      0.02260590	      0.01762651	     -0.01513831	    210.66390247	     21.97794012	    -96.67689938	     29.67188547	      0.00000000	      0.00000000	      0.00000000	      0.00000000	   -207.49408682	     20.44281288	     69.69846469	     11.39551923	      0.00000000	      0.00000000	      0.00000000	      0.00000000	     16.28712444	    -13.75433556	     -7.76021660	    -34.80739715	     -6.08883915	     -4.98473282	      0.00000000	      1.16022607	     -5.80362296	      0.00000000	     22.17203650	     -8.19263839	      1.32313882	    -39.54968345	     -0.87232577	     -4.98473282	      0.00000000	     15.17821732	     12.53092820	      0.00000000
      3.46666667	     -0.09497824	     -0.33631870	   -169.39310515	      0.71258326	      0.01356827	     -0.42013644	    -14.45205424	      3.13422506	     -7.51100616	      4.37334311	     -5.63857232	     -2.98973127	      0.00201883	     -0.02215802	      0.01499888	      0.00000000	      0.00000000	      0.00000000	      0.02256118	      0.02194479	     -0.00617351	      0.00000000	      0.00000000	      0.00000000	      0.02731668	      0.01662164	     -0.01225222	    210.65955242	     21.74391781	    -96.91481153	     28.60546239	      0.00000000	      0.00000000	      0.00000000	      0.00000000	   -207.17129672	     18.72729367	     70.94238965	     11.05313653	      0.00000000	      0.00000000	      0.00000000	      0.00000000	     18.14388335	    -14.23506683	     -8.78829716	    -38.78883853	     -4.87466206	     -4.98473282	      0.00000000	      3.13961657	     -5.72494193	      0.00000000	     24.16397437	     -9.99670181	     -1.56430699	    -43.88943764	      1.56389981	     -4.98473282	      0.00000000	     18.35511295	     14.04814552	      0.00000000
      3.50000000	      1.27480536	      0.47341756	   -169.87463609	      0.72111957	      0.00042529	     -0.42111194	    -15.17507969	      3.63692381	     -6.94715894	      6.16571638	     -4.18457622	     -1.99478565	     -0.00141788	     -0.02539109	      0.01364444	      0.00000000	      0.00000000	      0.00000000	      0.01924396	      0.01882932	     -0.00492582	      0.00000000	      0.00000000	      0.00000000	      0.02877233	      0.01648821	     -0.00911596	    209.61693889	     20.40423929	    -97.16323681	     26.80232663	      0.00000000	      0.00000000	      0.00000000	      0.00000000	   -207.04713671	     17.70720980	     75.98928801	     11.05068691	      0.00000000	      0.00000000	      0.00000000	      0.00000000	     23.04870924	    -14.41154568	     -8.55121300	    -43.41104481	     -3.51904603	     -4.98473282	      0.00000000	      4.04886082	     -7.00470109	      0.00000000	     28.63908859	    -11.98815148	     -3.70770172	    -49.02183819	      4.06998634	     -4.98473282	      0.00000000	     19.98041027	     14.32310853	      0.00000000
      3.53333333	      3.86703285	      1.34502336	   -169.68249818	      0.72982958	     -0.01486286	     -0.42215328	    -14.43390579	      4.01671131	     -6.86474414	      7.86097297	     -3.15267296	     -1.43397838	     -0.00391151	     -0.02839016	      0.01414189	      0.00000000	      0.00000000	      0.00000000	      0.01974697	      0.01777879	     -0.00442369	      0.00000000	      0.00000000	      0.00000000	      0.02565956	      0.01786574	     -0.00622192	    210.21257438	     18.42894628	    -96.16619009	     27.38999700	      0.00000000	      0.00000000	      0.00000000	      0.00000000	   -207.67565557	     17.58966185	     81.66383573	     12.90324788	      0.00000000	      0.00000000	      0.00000000	      0.00000000	     28.96527882	    -15.27137318	     -9.10107052	    -48.31255324	     -1.61340158	     -4.72186041	      0.00000000	      5.94501710	     -8.30756162	      0.00000000	     35.02266296	    -13.49518541	     -4.84892013	    -54.80819022	      7.26580785	     -4.98473282	      0.00000000	     20.16895248	     12.34860104	      0.00000000
      3.56666667	      6.75604872	      2.16357407	   -169.42748155	      0.73791890	     -0.03171884	     -0.42241233	    -13.29158290	      4.45110934	     -6.97010730	     10.13145863	     -2.27491686	     -0.78359315	     -0.00419674	     -0.03153836	      0.01450462	      0.00000000	      0.00000000	      0.00000000	      0.02204883	      0.01810173	     -0.00307806	      0.00000000	      0.00000000	      0.00000000	      0.01866831	      0.01700902	     -0.00663456	    210.56981963	     16.47898589	    -95.67259300	     27.93328561	      0.00000000	      0.00000000	      0.00000000	      0.00000000	   -207.90179696	     17.26373527	     83.26210273	     13.84421305	      0.00000000	      0.00000000	      0.00000000	      0.00000000	     35.08310749	    -16.50642462	     -8.16512845	    -53.60218830	      0.03976955	     -3.31219218	      0.00000000	      7.97841433	     -7.97656638	      0.00000000	     41.91421151	    -14.53423909	     -4.83308266	    -60.80657645	     10.73422132	     -4.98473282	      0.00000000	     19.54387150	      9.00556765	      0.00000000
      3.60000000	      9.61528177	      2.79028000	   -169.33186649	      0.74424439	     -0.05002719	     -0.42230419	    -12.01313353	      4.63757746	     -7.10431680	     12.31997076	     -1.87391425	     -0.26601846	     -0.00286626	     -0.03478390	      0.01650976	      0.00000000	      0.00000000	      0.00000000	      0.02295199	      0.01912772	      0.00011395	      0.00000000	      0.00000000	      0.00000000	      0.01217363	      0.01436681	     -0.00852152	    210.37542032	     15.00791061	    -94.97647170	     27.29716647	      0.00000000	      0.00000000	      0.00000000	      0.00000000	   -207.63747695	     16.40074747	     80.93328403	     13.85886646	      0.00000000	      0.00000000	      0.00000000	      0.00000000	     41.05892565	    -17.89710113	     -7.14912482	    -58.97526614	      2.09371574	     -2.08736335	      0.00000000	     10.76833554	     -5.25224591	      0.00000000	     48.52030398	    -15.48243640	     -4.67774626	    -66.34642343	     13.34988626	     -4.98473282	      0.00000000	     19.26860343	      6.60506471	      0.00000000
      3.63333333	     11.57544605	      3.16953044	   -169.04587235	      0.74886403	     -0.06877561	     -0.42183841	    -11.82040590	      4.79963712	     -7.15623448	     15.19228987	     -2.02422206	      0.17501258	     -0.00025220	     -0.03867458	      0.01952230	      0.00000000	      0.00000000	      0.00000000	      0.01886619	      0.02082733	      0.00422724	      0.00000000	      0.00000000	      0.00000000	      0.00792308	      0.01074279	     -0.01153359	    209.20770507	     13.84553598	    -94.52292350	     24.95272531	      0.00000000	      0.00000000	      0.00000000	      0.00000000	   -206.54806942	     15.30177431	     78.40568103	     12.90193685	      0.00000000	      0.00000000	      0.00000000	      0.00000000	     45.75051362	    -19.59586683	     -6.77688477	    -63.86178950	      4.29085196	     -1.06741853	      0.00000000	     13.66787795	     -2.15634967	      0.00000000	     53.77392691	    -16.30516343	     -4.26138637	    -70.86042629	     14.50033927	     -4.63510808	      0.00000000	     20.33732431	      6.53380559	      0.00000000
      3.66666667	     14.60573370	      3.62408416	   -169.13429645	      0.75330753	     -0.08917026	     -0.42177882	    -10.27677496	      4.76703809	     -6.97746669	     15.63896897	     -2.38498996	      0.89053033	     -0.00119376	     -0.04076761	      0.02208839	      0.00000000	      0.00000000	      0.00000000	      0.01523411	      0.02253518	      0.00789772	      0.00000000	      0.00000000	      0.00000000	      0.00604363	      0.00711929	     -0.01310384	    207.55287338	     13.34079870	    -93.93712146	     22.28915614	      0.00000000	      0.00000000	      0.00000000	      0.00000000	   -205.01735930	     14.47890183	     74.47905758	     10.45700599	      0.00000000	      0.00000000	      0.00000000	      0.00000000	     52.19575714	    -20.81834038	     -6.34390611	    -69.06693550	      5.28531574	     -1.09484854	      0.00000000	     16.26130879	      1.11910204	      0.00000000	     60.20053237	    -17.22699540	     -3.08389698	    -74.91940778	     13.87295419	     -3.23136321	      0.00000000	     21.74518374	      8.52675365	      0.00000000
      3.70000000	     16.86565855	      3.91587397	   -169.19854151	      0.75795271	     -0.10927689	     -0.42205882	     -9.94802668	      4.64606492	     -6.60181773	     17.40728740	     -2.71345143	      1.41237836	     -0.00025454	     -0.04308827	      0.02408480	      0.00000000	      0.00000000	      0.00000000	      0.01256837	      0.02291324	      0.00736465	      0.00000000	      0.00000000	      0.00000000	      0.00458067	      0.00369848	     -0.01175966	    206.90014770	     12.65287320	    -95.23474028	     21.07784385	      0.00000000	      0.00000000	      0.00000000	      0.00000000	   -203.38720074	     13.50308051	     71.75632175	      8.25115659	      0.00000000	      0.00000000	      0.00000000	      0.00000000	     57.77258762	    -21.66441958	     -6.06499624	    -73.73620433	      5.59625383	     -1.62679132	      0.00000000	     18.08099015	      2.40025039	      0.00000000	     65.75651742	    -17.99914310	     -2.95889964	    -79.16315779	     13.67115077	     -2.83216348	      0.00000000	     23.56318754	      9.11467124	      0.00000000
      3.73333333	     20.17808810	      4.22004134	   -169.36682605	      0.76362020	     -0.13004468	     -0.42209999	     -8.40644855	      4.45357568	     -6.32683922	     17.19672826	     -2.66297832	      2.05201425	     -0.00317752	     -0.04361270	      0.02284381	      0.00000000	      0.00000000	      0.00000000	      0.01265643	      0.02178569	      0.00212342	      0.00000000	      0.00000000	      0.00000000	      0.00514734	     -0.00062926	     -0.00744979	    207.17535959	     12.34921742	    -98.40871315	     21.49429933	      0.00000000	      0.00000000	      0.00000000	      0.00000000	   -202.71612795	     12.11669786	     65.70614338	      6.56913346	      0.00000000	      0.00000000	      0.00000000	      0.00000000	     64.94166361	    -22.39673614	     -5.51473765	    -78.56833380	      5.74728782	     -2.83428820	      0.00000000	     18.68285166	      3.56526641	      0.00000000	     72.57093950	    -18.39483052	     -3.41279729	    -83.77470952	     12.90872294	     -3.28247199	      0.00000000	     24.90476634	      9.94136753	      0.00000000
      3.76666667	     23.16098898	      4.21347819	   -169.69930574	      0.77002140	     -0.14977641	     -0.42228366	     -7.54266243	      3.99378467	     -5.57404439	     18.88743973	     -2.37213065	      2.59391605	     -0.00249006	     -0.04510334	      0.02024648	      0.00000000	      0.00000000	      0.00000000	      0.00982160	      0.01880230	     -0.00401444	      0.00000000	      0.00000000	      0.00000000	      0.00864392	     -0.00438138	     -0.00251174	    207.96788134	     11.69354414	   -102.00004267	     22.46621620	      0.00000000	      0.00000000	      0.00000000	      0.00000000	   -202.35732397	     10.15257304	     59.75240306	      5.73133122	      0.00000000	      0.00000000	      0.00000000	      0.00000000	     71.82027033	    -22.70467293	     -4.61819140	    -82.87348137	      5.59717472	     -4.32574765	      0.00000000	     18.50061963	      4.52700640	      0.00000000	     78.63778466	    -18.72757600	     -3.91565204	    -87.99781602	     12.47082271	     -3.84724390	      0.00000000	     25.99505666	     10.11287034	      0.00000000
      3.80000000	     26.12328176	      4.14543324	   -170.07241379	      0.77621664	     -0.16900969	     -0.42204488	     -6.57231239	      3.52105731	     -5.01565676	     20.21710159	     -2.01227124	      3.06980829	     -0.00248263	     -0.04697339	      0.01723851	      0.00000000	      0.00000000	      0.00000000	      0.00461536	      0.01611759	     -0.00921016	      0.00000000	      0.00000000	      0.00000000	      0.01357267	     -0.00586370	      0.00110967	    209.02842132	     11.14544592	   -104.22642019	     23.91677070	      0.00000000	      0.00000000	      0.00000000	      0.00000000	   -201.85994818	      7.89541965	     50.86828402	      4.65046388	      0.00000000	      0.00000000	      0.00000000	      0.00000000	     78.42404173	    -22.81127456	     -2.85157808	    -86.51051537	      5.23850789	     -4.98473282	      0.00000000	     19.11182281	      6.40730735	      0.00000000	     84.38716985	    -19.01249047	     -3.88900157	    -91.66318129	     12.38372926	     -4.00713565	      0.00000000	     26.82970500	     10.14369366	      0.00000000
      3.83333333	     28.52689371	      4.31682393	   -170.49205250	      0.78185943	     -0.18726028	     -0.42172431	     -6.04117533	      3.31788013	     -4.58176057	     22.37984210	     -1.34645764	      3.48606480	     -0.00001060	     -0.05020534	      0.01518174	      0.00000000	      0.00000000	      0.00000000	     -0.00063691	      0.01279264	     -0.01106672	      0.00000000	      0.00000000	      0.00000000	      0.01455996	     -0.00344652	      0.00361796	    209.92689812	      9.90008368	   -103.29699552	     25.01829122	      0.00000000	      0.00000000	      0.00000000	      0.00000000	   -201.64066590	      6.37663905	     49.64776716	      5.15623120	      0.00000000	      0.00000000	      0.00000000	      0.00000000	     84.21628682	    -22.68397881	     -1.26293846	    -89.73719748	      4.64562312	     -4.98473282	      0.00000000	     18.97331364	      7.00025407	      0.00000000	     89.61938134	    -19.33068685	     -3.07150639	    -94.89678304	     12.56054942	     -3.80720630	      0.00000000	     26.94246062	     10.03760501	      0.00000000
      3.86666667	     30.98383369	      4.34566177	   -170.90921750	      0.78663801	     -0.20543045	     -0.42023850	     -5.06219722	      3.11405587	     -4.30605509	     23.88346205	     -0.61159198	      3.92782292	      0.00244271	     -0.05372493	      0.01288111	      0.00000000	      0.00000000	      0.00000000	     -0.00543716	      0.01002556	     -0.01235270	      0.00000000	      0.00000000	      0.00000000	      0.01444823	     -0.00190751	      0.00334838	    210.47893668	      8.87773548	   -101.46605167	     25.72731659	      0.00000000	      0.00000000	      0.00000000	      0.00000000	   -201.32111365	      5.43971072	     50.14627386	      5.17725387	      0.00000000	      0.00000000	      0.00000000	      0.00000000	     90.08201928	    -22.84506856	      0.14946576	    -92.81442584	      3.78001903	     -4.98473282	      0.00000000	     19.23203216	      6.96846841	      0.00000000	     94.80370942	    -19.41795390	     -2.00719160	    -97.94065502	     12.88853877	     -3.18119148	      0.00000000	     26.35382437	      9.87549509	      0.00000000
      3.90000000	     32.62990511	      4.41689290	   -171.32583734	      0.78994751	     -0.22325289	     -0.41899391	     -4.71443776	      3.01062964	     -4.15921680	     24.95607716	      0.00063053	      4.20303551	      0.00401843	     -0.05720197	      0.01263806	      0.00000000	      0.00000000	      0.00000000	     -0.00645889	      0.00717455	     -0.01093931	      0.00000000	      0.00000000	      0.00000000	      0.01156657	     -0.00327583	      0.00169702	    210.26729713	      7.93244974	   -100.33377085	     25.39115242	      0.00000000	      0.00000000	      0.00000000	      0.00000000	   -201.06043584	      4.72875372	     51.53520716	      5.23524762	      0.00000000	      0.00000000	      0.00000000	      0.00000000	     94.92371653	    -23.18194590	      1.06827885	    -95.91997659	      3.01378277	     -4.98473282	      0.00000000	     19.81503832	      6.35137838	      0.00000000	     99.12847514	    -19.87393742	     -0.96764490	   -100.85875485	     13.16405533	     -2.48797798	      0.00000000	     25.52401161	      9.87239293	      0.00000000
      3.93333333	     34.03111563	      4.56725295	   -171.89480147	      0.79243348	     -0.24095765	     -0.41776710	     -4.48129054	      3.04145060	     -3.65133754	     25.68784547	      0.46254771	      4.36024645	      0.00435592	     -0.05986519	      0.01297756	      0.00000000	      0.00000000	      0.00000000	     -0.00340817	      0.00717652	     -0.00978571	      0.00000000	      0.00000000	      0.00000000	      0.00911942	     -0.00823362	      0.00056323	    209.43470130	      6.79124427	   -100.48928882	     23.81005776	      0.00000000	      0.00000000	      0.00000000	      0.00000000	   -201.23397519	      4.00994985	     53.24842494	      5.35196268	      0.00000000	      0.00000000	      0.00000000	      0.00000000	     99.27840108	    -23.50640979	      1.79108934	    -98.84527338	      2.90883718	     -4.98473282	      0.00000000	     20.23982068	      5.52569634	      0.00000000	    103.02886029	    -20.57138697	      0.26044999	   -103.63752514	     13.61416626	     -1.90618319	      0.00000000	     25.82253225	     10.13707231	      0.00000000
      3.96666667	     34.29617520	      4.71384517	   -172.43724140	      0.79381264	     -0.25812685	     -0.41712265	     -5.50841831	      3.19992516	     -3.06354219	     26.42106579	      0.70619734	      4.53379147	      0.00315059	     -0.06175676	      0.01389355	      0.00000000	      0.00000000	      0.00000000	      0.00109754	      0.01102015	     -0.00923181	      0.00000000	      0.00000000	      0.00000000	      0.00520365	     -0.01401972	     -0.00100865	    208.67777292	      5.59954384	   -101.68528002	     22.69630802	      0.00000000	      0.00000000	      0.00000000	      0.00000000	   -201.22928240	      3.35002610	     53.91193787	      5.35154608	      0.00000000	      0.00000000	      0.00000000	      0.00000000	    102.08602561	    -23.87900813	      2.14662053	   -101.73641197	      3.06999894	     -4.98473282	      0.00000000	     20.55283587	      4.90768691	      0.00000000	    105.72756303	    -21.63639250	      1.28211979	   -106.40892430	     14.17997126	     -1.81351555	      0.00000000	     26.08800440	     10.76546166	      0.00000000
      4.00000000	     33.90335822	      4.78682656	   -172.52987187	      0.79453676	     -0.27475718	     -0.41682041	     -7.14537408	      3.32994099	     -2.69328072	     26.76266240	      0.76263220	      4.67673821	      0.00078702	     -0.06273739	      0.01492495	      0.00000000	      0.00000000	      0.00000000	      0.00412674	      0.01539746	     -0.00993272	      0.00000000	      0.00000000	      0.00000000	      0.00241385	     -0.01689763	     -0.00231041	    208.56298860	      4.26181936	   -102.38072780	     22.74407974	      0.00000000	      0.00000000	      0.00000000	      0.00000000	   -200.84652196	      3.09423335	     53.95271993	      5.33635897	      0.00000000	      0.00000000	      0.00000000	      0.00000000	    103.97232000	    -24.58711519	      2.50705767	   -104.60599698	      2.99332097	     -4.98473282	      0.00000000	     20.80606774	      4.84691527	      0.00000000	    107.63600304	    -22.32275635	      1.99408820	   -109.04533847	     14.89690267	     -2.10422519	      0.00000000	     26.15895315	     11.32042048	      0.00000000
      4.03333333	     33.88545990	      5.08742563	   -173.08737578	      0.79473782	     -0.29083464	     -0.41701537	     -8.06336051	      3.66017416	     -2.20382509	     27.84244323	      0.64930270	      5.20529178	      0.00195160	     -0.06319185	      0.01519402	      0.00000000	      0.00000000	      0.00000000	      0.00330255	      0.01541741	     -0.01128883	      0.00000000	      0.00000000	      0.00000000	     -0.00075075	     -0.01673578	     -0.00607128	    208.72073068	      3.85424456	   -102.60484843	     23.76119689	      0.00000000	      0.00000000	      0.00000000	      0.00000000	   -199.77898699	      3.83444678	     54.80286395	      4.21461811	      0.00000000	      0.00000000	      0.00000000	      0.00000000	    105.75292669	    -24.44605085	      2.45874131	   -107.08368734	      2.55345241	     -4.98473282	      0.00000000	     21.23310337	      4.66868415	      0.00000000	    110.19765395	    -23.32487940	      2.50230887	   -111.93416575	     14.89690267	     -3.00901522	      0.00000000	     26.05248101	     12.04122901	      0.00000000
      4.06666667	     33.60892869	      4.85267116	   -173.12520559	      0.79460314	     -0.30560873	     -0.41704061	     -8.99637817	      3.38945246	     -2.00454525	     27.69114787	     -0.01807199	      5.30060123	      0.00117805	     -0.06297012	      0.01664381	      0.00000000	      0.00000000	      0.00000000	      0.00100098	      0.01061881	     -0.01439512	      0.00000000	      0.00000000	      0.00000000	     -0.00181412	     -0.01231107	     -0.00850658	    209.86063499	      2.75024964	    -98.30302716	     24.84479187	      0.00000000	      0.00000000	      0.00000000	      0.00000000	   -199.17726815	      5.60211409	     65.35144703	      4.28201072	      0.00000000	      0.00000000	      0.00000000	      0.00000000	    107.39339006	    -24.51095905	      3.29173472	   -109.40790729	      1.25507986	     -4.98473282	      0.00000000	     22.03979689	      6.23858100	      0.00000000	    111.91217906	    -23.67143214	      1.02841052	   -114.95616062	     14.89690267	     -4.98473282	      0.00000000	     25.52375870	     10.77644210	      0.00000000
      4.10000000	     33.14539817	      5.18813820	   -172.50193514	      0.79406351	     -0.31832694	     -0.41513783	     -9.63431349	      4.23533542	     -3.12586256	     27.48686420	      0.32903572	      5.74956745	      0.00253579	     -0.06245316	      0.01405084	      0.00000000	      0.00000000	      0.00000000	      0.00058464	      0.00445572	     -0.01384128	      0.00000000	      0.00000000	      0.00000000	     -0.00049690	     -0.00993412	     -0.01025459	    209.37550724	      3.32618764	    -96.80698097	     25.08660901	      0.00000000	      0.00000000	      0.00000000	      0.00000000	   -199.34020455	      6.31953925	     69.11941584	      3.46341911	      0.00000000	      0.00000000	      0.00000000	      0.00000000	    107.98575288	    -25.40936875	      3.93019167	   -111.28484705	      1.83666749	     -4.98473282	      0.00000000	     24.07037038	      6.94002016	      0.00000000	    113.32459771	    -22.72546403	      1.76679365	   -117.06400705	     14.89690267	     -4.98473282	      0.00000000	     25.71640555	      9.72888939	      0.00000000
      4.13333333	     32.91974870	      4.74924891	   -172.09038831	      0.79315293	     -0.32860631	     -0.41366703	     -9.75766754	      3.95690810	     -3.53958634	     26.97065206	      0.03688076	      5.56369660	      0.00482972	     -0.06186724	      0.01431744	      0.00000000	      0.00000000	      0.00000000	      0.00294982	     -0.00185427	     -0.00988189	      0.00000000	      0.00000000	      0.00000000	     -0.00460387	     -0.00477039	     -0.00581305	    207.85171905	      3.19424292	    -92.56656456	     22.71036085	      0.00000000	      0.00000000	      0.00000000	      0.00000000	   -202.47089299	      9.68151834	     91.53824705	      9.92113240	      0.00000000	      0.00000000	      0.00000000	      0.00000000	    109.09664646	    -25.69496267	      5.37314233	   -112.58908522	     -0.31007996	     -4.98473282	      0.00000000	     25.19438467	     10.14760284	      0.00000000	    113.93527782	    -22.19710883	      1.50692368	   -118.62986906	     14.89690267	     -4.98473282	      0.00000000	     26.20322317	      8.18264152	      0.00000000
      4.16666667	     32.68727944	      4.57096011	   -171.41599716	      0.79181119	     -0.33613787	     -0.41134890	     -9.64618823	      4.15550857	     -4.59019484	     25.76306494	      0.47159945	      5.81311138	      0.00557694	     -0.06110421	      0.01328730	      0.00000000	      0.00000000	      0.00000000	      0.00591673	     -0.00300332	     -0.00551522	      0.00000000	      0.00000000	      0.00000000	     -0.00367816	     -0.00708958	     -0.00529917	    206.05429437	      4.79319474	    -94.06221637	     21.06905733	      0.00000000	      0.00000000	      0.00000000	      0.00000000	   -202.83438350	     10.18783514	     91.80940823	      9.31936761	      0.00000000	      0.00000000	      0.00000000	      0.00000000	    109.77104727	    -26.44288043	      6.57688765	   -113.68497485	     -0.63555606	     -4.98473282	      0.00000000	     25.53231719	     10.63987680	      0.00000000	    114.25865666	    -21.21960885	      1.24977101	   -119.56621631	     13.93830171	     -4.98473282	      0.00000000	     27.14859916	      8.44330394	      0.00000000
      4.20000000	     32.74310123	      4.02025232	   -170.83272348	      0.79029555	     -0.34053005	     -0.40914130	     -9.26753838	      3.77528592	     -5.53466740	     25.25603889	      0.98194776	      6.12904230	      0.00771675	     -0.06062572	      0.01371214	      0.00000000	      0.00000000	      0.00000000	      0.00833115	     -0.00222283	     -0.00228133	      0.00000000	      0.00000000	      0.00000000	     -0.00378216	     -0.00999868	     -0.00456678	    205.22515120	      6.68800183	    -98.64980044	     21.10636681	      0.00000000	      0.00000000	      0.00000000	      0.00000000	   -202.77076533	     10.34625690	     89.01482584	      8.55026748	      0.00000000	      0.00000000	      0.00000000	      0.00000000	    110.67115462	    -27.00608354	      8.11377651	   -114.34561421	     -1.53960311	     -4.98473282	      0.00000000	     25.62395720	     11.74211169	      0.00000000	    114.09728664	    -20.41772290	      0.33740059	   -119.78981440	     11.78214045	     -4.98473282	      0.00000000	     28.35089713	     10.38450014	      0.00000000
      4.23333333	     32.60705856	      3.50358259	   -170.31732087	      0.78843124	     -0.34190716	     -0.40762791	     -9.16818720	      3.36163463	     -6.24305433	     24.59346654	      1.37390452	      6.34572976	      0.00813899	     -0.06032954	      0.01445014	      0.00000000	      0.00000000	      0.00000000	      0.00878832	     -0.00023724	     -0.00409740	      0.00000000	      0.00000000	      0.00000000	     -0.00220872	     -0.01166378	     -0.00419570	    206.45586397	      8.15108253	   -102.02395625	     23.61538260	      0.00000000	      0.00000000	      0.00000000	      0.00000000	   -202.27854979	      9.96359479	     85.52495728	      7.37731498	      0.00000000	      0.00000000	      0.00000000	      0.00000000	    111.04920221	    -27.63024162	      9.10424891	   -114.80990291	     -1.86410302	     -4.98473282	      0.00000000	     25.67310564	     11.64106074	      0.00000000	    113.52985723	    -19.90047205	     -0.44689729	   -119.79280798	     10.58813058	     -4.98473282	      0.00000000	     28.71874226	     12.23126245	      0.00000000
      4.26666667	     32.76722268	      3.09825399	   -170.24664869	      0.78715389	     -0.33930474	     -0.40668948	     -9.03850022	      2.97317082	     -6.41456552	     24.79243995	      1.32132951	      6.50593990	      0.00774471	     -0.06070511	      0.01539743	      0.00000000	      0.00000000	      0.00000000	      0.00698642	     -0.00070846	     -0.00620342	      0.00000000	      0.00000000	      0.00000000	     -0.00038542	     -0.01152969	     -0.00454962	    207.62999596	      8.61792688	   -102.89836116	     25.48412477	      0.00000000	      0.00000000	      0.00000000	      0.00000000	   -201.85271474	      9.12461561	     82.86957393	      6.45964415	      0.00000000	      0.00000000	      0.00000000	      0.00000000	    111.16461079	    -27.78628457	      9.45101201	   -114.59733628	     -1.45062496	     -4.98473282	      0.00000000	     25.60286517	     10.96080609	      0.00000000	    112.89198336	    -19.83637216	     -1.18337488	   -119.31406785	      9.55235467	     -4.98473282	      0.00000000	     28.97319109	     13.67104952	      0.00000000
      4.30000000	     33.13726272	      2.95230055	   -170.47630704	      0.78640294	     -0.33348621	     -0.40637476	     -8.67106036	      2.85443335	     -6.42097201	     24.96658432	      1.16825714	      6.49456036	      0.00596931	     -0.06153607	      0.01424449	      0.00000000	      0.00000000	      0.00000000	      0.00368831	     -0.00278855	     -0.00813827	      0.00000000	      0.00000000	      0.00000000	      0.00077566	     -0.01016847	     -0.00453496	    207.87834620	      8.83856900	   -102.49561375	     25.57941450	      0.00000000	      0.00000000	      0.00000000	      0.00000000	   -202.01219491	      8.31490873	     82.81113540	      6.33387340	      0.00000000	      0.00000000	      0.00000000	      0.00000000	    110.89800059	    -27.51953397	      9.13068390	   -113.81445645	     -1.26383549	     -4.98473282	      0.00000000	     25.22687981	     10.98612071	      0.00000000	    112.32545651	    -20.01319716	     -1.60879160	   -118.44546786	      9.57152443	     -4.98473282	      0.00000000	     28.92723445	     13.73688165	      0.00000000
      4.33333333	     33.35494197	      2.56262498	   -171.09231183	      0.78604197	     -0.32422588	     -0.40688092	     -8.54046456	      2.23565240	     -5.61093012	     25.92910008	      0.35964575	      6.17406634	      0.00525920	     -0.06269336	      0.01528256	      0.00000000	      0.00000000	      0.00000000	      0.00168908	     -0.00266533	     -0.01363545	      0.00000000	      0.00000000	      0.00000000	      0.00376253	     -0.00888332	     -0.00106100	    209.59929696	      7.39030189	    -97.64561827	     26.19275956	      0.00000000	      0.00000000	      0.00000000	      0.00000000	   -202.42904845	      7.20425079	     80.06435969	      6.55518464	      0.00000000	      0.00000000	      0.00000000	      0.00000000	    110.05479532	    -26.61911585	      8.68668999	   -112.49655337	     -0.24467559	     -4.98473282	      0.00000000	     24.25365609	     10.14365192	      0.00000000	    111.07635852	    -20.55853910	     -2.02719608	   -117.08758001	      9.91057758	     -4.98473282	      0.00000000	     29.06602984	     13.55333048	      0.00000000
      4.36666667	     33.65937008	      2.51879683	   -172.23120507	      0.78577776	     -0.31229673	     -0.40775002	     -8.08263565	      2.01004146	     -4.58035875	     26.25553164	     -0.30174478	      5.44546206	      0.00289852	     -0.06367507	      0.01414750	      0.00000000	      0.00000000	      0.00000000	      0.00238900	     -0.00166887	     -0.01524645	      0.00000000	      0.00000000	      0.00000000	      0.00455672	     -0.01017400	      0.00223765	    209.73707321	      6.65457556	    -95.82575987	     25.58850110	      0.00000000	      0.00000000	      0.00000000	      0.00000000	   -203.34861727	      5.98949343	     76.51879513	      7.48794796	      0.00000000	      0.00000000	      0.00000000	      0.00000000	    108.74455334	    -25.02803897	      7.56879936	   -110.59656331	      0.15928165	     -4.98473282	      0.00000000	     22.72105675	      9.00380311	      0.00000000	    110.00335103	    -21.49353415	     -1.83213532	   -115.59877953	     11.36928068	     -4.98473282	      0.00000000	     28.73032929	     12.36256343	      0.00000000
      4.40000000	     34.10399573	      2.40813856	   -172.75235420	      0.78512743	     -0.29812053	     -0.40694179	     -7.18952408	      2.03094239	     -4.17020455	     26.00681821	     -0.43912504	      5.27114545	     -0.00020512	     -0.06448397	      0.01154006	      0.00000000	      0.00000000	      0.00000000	      0.00512298	      0.00137356	     -0.01665490	      0.00000000	      0.00000000	      0.00000000	      0.00157649	     -0.01390437	      0.00218448	    209.69943087	      6.26674179	    -95.86659545	     25.66944621	      0.00000000	      0.00000000	      0.00000000	      0.00000000	   -203.82126012	      5.69493413	     75.74602183	      7.68523339	      0.00000000	      0.00000000	      0.00000000	      0.00000000	    107.68524395	    -24.53793385	      6.72343835	   -108.42483985	     -0.03729787	     -4.98473282	      0.00000000	     21.34585631	      8.65220792	      0.00000000	    108.57395197	    -21.33433830	     -2.11760075	   -113.65209660	     11.54454028	     -4.98473282	      0.00000000	     28.05982659	     11.92659153	      0.00000000
      4.43333333	     33.24705892	      3.17644086	   -174.25851661	      0.78304402	     -0.28250218	     -0.40676279	     -7.23880532	      3.06879093	     -2.78871850	     25.07734597	     -1.03874670	      4.74901477	     -0.00176287	     -0.06409720	      0.01003496	      0.00000000	      0.00000000	      0.00000000	      0.01159966	      0.00348248	     -0.01792530	      0.00000000	      0.00000000	      0.00000000	      0.00559636	     -0.01573740	      0.00448925	    209.30302443	      6.04542598	    -96.96936786	     25.64859429	      0.00000000	      0.00000000	      0.00000000	      0.00000000	   -204.71822109	      3.50028049	     60.61958977	      7.11525249	      0.00000000	      0.00000000	      0.00000000	      0.00000000	    104.14806476	    -22.83559460	      4.38771495	   -106.00085327	      2.32439042	     -4.98473282	      0.00000000	     19.65380030	      3.41134644	      0.00000000	    106.66012539	    -22.28985665	     -0.63281535	   -112.62710044	     14.89690267	     -4.67822538	      0.00000000	     26.48871705	      7.04722895	      0.00000000
      4.46666667	     32.13042577	      3.31378078	   -174.91594613	      0.78001424	     -0.26551057	     -0.40571566	     -7.46340786	      3.50593483	     -2.06999128	     24.14117340	     -1.36834472	      3.69207316	     -0.00281885	     -0.06372673	      0.00826281	      0.00000000	      0.00000000	      0.00000000	      0.01450720	      0.00267057	     -0.02032899	      0.00000000	      0.00000000	      0.00000000	      0.00334325	     -0.01451441	      0.00272667	    208.98560887	      5.90879343	    -97.77188791	     25.53144685	      0.00000000	      0.00000000	      0.00000000	      0.00000000	   -205.17834891	      3.89569865	     59.53052700	      7.32612816	      0.00000000	      0.00000000	      0.00000000	      0.00000000	    100.59840976	    -22.18768143	      2.98695036	   -103.37345223	      2.70175238	     -4.98473282	      0.00000000	     18.90576494	      2.76498493	      0.00000000	    103.46944482	    -22.39679282	     -0.23544330	   -110.65446080	     14.89690267	     -4.29812197	      0.00000000	     26.15165560	      6.76975789	      0.00000000
      4.50000000	     30.51552611	      3.74338633	   -175.08236178	      0.77616081	     -0.24791888	     -0.40458398	     -7.96396432	      4.34369077	     -1.73561443	     23.63430650	     -1.87524149	      3.09856082	     -0.00115344	     -0.06236948	      0.00714954	      0.00000000	      0.00000000	      0.00000000	      0.01221086	      0.00083331	     -0.02358332	      0.00000000	      0.00000000	      0.00000000	      0.00164898	     -0.01341789	     -0.00078317	    208.76519735	      6.42567525	    -98.01701770	     25.12501903	      0.00000000	      0.00000000	      0.00000000	      0.00000000	   -204.82049237	      4.74023363	     58.48211521	      6.21633164	      0.00000000	      0.00000000	      0.00000000	      0.00000000	     96.06228052	    -21.98995669	      1.25883974	   -100.52577119	      3.81839320	     -4.98473282	      0.00000000	     18.29410579	      2.05536219	      0.00000000	     99.68007898	    -22.12091038	      0.39404951	   -108.28597504	     14.89690267	     -3.69981984	      0.00000000	     26.35227009	      6.41395740	      0.00000000
      4.53333333	     28.70056158	      4.02254025	   -174.73418823	      0.77222389	     -0.23011275	     -0.40374628	     -8.59527840	      4.88421486	     -1.93336494	     23.58695468	     -2.50535839	      2.68017275	      0.00158854	     -0.06011795	      0.00803079	      0.00000000	      0.00000000	      0.00000000	      0.00666202	      0.00097068	     -0.02689753	      0.00000000	      0.00000000	      0.00000000	      0.00126755	     -0.01236218	     -0.00331758	    209.25595378	      7.18320207	    -97.05232126	     24.75285050	      0.00000000	      0.00000000	      0.00000000	      0.00000000	   -203.90265866	      5.32129191	     57.24753369	      4.82992369	      0.00000000	      0.00000000	      0.00000000	      0.00000000	     91.23258874	    -22.22581692	     -0.30270860	    -97.51973977	      5.18755614	     -4.98473282	      0.00000000	     17.56557147	      1.66435340	      0.00000000	     95.41482247	    -21.52702738	      0.75931036	   -105.33439477	     14.83686832	     -2.99903165	      0.00000000	     26.71299708	      6.22526093	      0.00000000
      4.56666667	     26.88043496	      3.98013453	   -174.28149660	      0.76881846	     -0.21174934	     -0.40300051	     -9.26656916	      4.91196546	     -2.14854039	     24.26919132	     -2.73632537	      2.52097974	      0.00566111	     -0.05748674	      0.00889198	      0.00000000	      0.00000000	      0.00000000	      0.00160222	      0.00413090	     -0.02755671	      0.00000000	      0.00000000	      0.00000000	      0.00335103	     -0.01161978	     -0.00172401	    210.15813122	      7.63987305	    -95.50546502	     24.89816596	      0.00000000	      0.00000000	      0.00000000	      0.00000000	   -202.95139859	      5.33432677	     54.86232279	      3.66372710	      0.00000000	      0.00000000	      0.00000000	      0.00000000	     86.47222821	    -22.39429725	     -1.38056033	    -94.36879702	      6.55070026	     -4.98473282	      0.00000000	     17.11202513	      1.57905794	      0.00000000	     90.81234888	    -20.98160488	      0.80110938	   -101.85795740	     14.18047959	     -2.09006828	      0.00000000	     26.92529565	      6.74995401	      0.00000000
      4.60000000	     25.67427340	      3.71250255	   -173.49784017	      0.76590008	     -0.19352326	     -0.40213056	     -9.11032520	      4.56873763	     -3.02435310	     24.42723323	     -2.59799331	      2.37562982	      0.00745482	     -0.05420864	      0.01047319	      0.00000000	      0.00000000	      0.00000000	      0.00008053	      0.00962184	     -0.02706549	      0.00000000	      0.00000000	      0.00000000	      0.00468529	     -0.00971878	      0.00198747	    211.34373999	      8.21067081	    -95.56350090	     26.04244428	      0.00000000	      0.00000000	      0.00000000	      0.00000000	   -202.25325585	      5.39187304	     52.94828387	      2.78313096	      0.00000000	      0.00000000	      0.00000000	      0.00000000	     82.48839788	    -23.04419349	     -2.08290433	    -91.29494175	      7.62406999	     -4.98473282	      0.00000000	     16.76288705	      2.41377008	      0.00000000	     86.72488041	    -20.02458802	      0.29522783	    -98.20358945	     13.29960311	     -1.51151330	      0.00000000	     26.94425100	      7.59090478	      0.00000000
      4.63333333	     26.04939271	      3.73486963	   -173.19234928	      0.76319066	     -0.17540643	     -0.40143220	     -6.90318456	      4.32399189	     -3.67549731	     24.08055914	     -2.30882995	      2.33460649	      0.00808563	     -0.05113179	      0.01215249	      0.00000000	      0.00000000	      0.00000000	      0.00296817	      0.01265955	     -0.02239496	      0.00000000	      0.00000000	      0.00000000	      0.00454535	     -0.00712726	      0.00546928	    211.30053775	      8.61111216	    -95.82660599	     26.91090364	      0.00000000	      0.00000000	      0.00000000	      0.00000000	   -202.25416903	      6.01922253	     52.76364762	      2.77248613	      0.00000000	      0.00000000	      0.00000000	      0.00000000	     80.09305148	    -23.07679091	     -2.73998195	    -88.00236984	      8.49069675	     -4.98473282	      0.00000000	     15.98490765	      3.07473108	      0.00000000	     84.42833081	    -19.60589552	     -0.54992249	    -94.60858178	     13.08415598	     -1.32341699	      0.00000000	     26.92257622	      7.54117010	      0.00000000
      4.66666667	     24.77918826	      3.07326668	   -172.58988283	      0.75953253	     -0.15583570	     -0.40036751	     -6.71379370	      3.52583133	     -4.89440048	     23.03167904	     -1.16883527	      2.29302930	      0.00321088	     -0.04853542	      0.01308507	      0.00000000	      0.00000000	      0.00000000	      0.00194885	      0.01671696	     -0.01905642	      0.00000000	      0.00000000	      0.00000000	      0.00105909	     -0.00378172	      0.00624062	    212.12341960	     10.10846674	    -98.94477212	     29.87002717	      0.00000000	      0.00000000	      0.00000000	      0.00000000	   -202.24505848	      6.42375467	     52.77732543	      3.17765518	      0.00000000	      0.00000000	      0.00000000	      0.00000000	     75.74744059	    -23.73176761	     -2.46522366	    -84.29032022	      9.05182816	     -4.02171840	      0.00000000	     15.92844911	      3.80732833	      0.00000000	     79.92181037	    -18.64399810	     -1.22147852	    -90.55063568	     13.11826300	     -0.68258452	      0.00000000	     26.49010249	      7.29744490	      0.00000000
      4.70000000	     24.48457263	      3.04523279	   -172.81785583	      0.75508793	     -0.13616955	     -0.40012188	     -5.09601859	      3.32486741	     -5.25842098	     21.14321311	     -0.80394566	      2.17694171	     -0.00326494	     -0.04667662	      0.01498750	      0.00000000	      0.00000000	      0.00000000	     -0.00034562	      0.01677710	     -0.01291110	      0.00000000	      0.00000000	      0.00000000	     -0.00152892	     -0.00180261	      0.00407641	    211.11746315	     11.61839799	    -99.53867469	     29.81230778	      0.00000000	      0.00000000	      0.00000000	      0.00000000	   -202.76262018	      6.98925859	     52.92227906	      4.46661266	      0.00000000	      0.00000000	      0.00000000	      0.00000000	     72.04932905	    -23.12103486	     -2.32679868	    -79.76470669	      8.68406958	     -2.53873241	      0.00000000	     15.17668302	      3.04595064	      0.00000000	     76.61964972	    -18.68786632	     -2.08327228	    -86.48760164	     13.87453514	     -0.53839282	      0.00000000	     26.06327804	      6.40976785	      0.00000000
      4.73333333	     24.01520042	      2.99881205	   -173.46235406	      0.74982613	     -0.11641915	     -0.40054434	     -3.55895900	      3.17752794	     -5.14583657	     19.24354257	     -1.05978962	      1.93383936	     -0.00919299	     -0.04519360	      0.01711807	      0.00000000	      0.00000000	      0.00000000	     -0.00457721	      0.01604317	     -0.00759278	      0.00000000	      0.00000000	      0.00000000	     -0.00243514	      0.00008687	      0.00044389	    209.58096170	     13.12527828	    -98.84870529	     28.09076499	      0.00000000	      0.00000000	      0.00000000	      0.00000000	   -203.16096958	      7.63612245	     53.29711335	      5.36381179	      0.00000000	      0.00000000	      0.00000000	      0.00000000	     68.08445454	    -21.79733425	     -2.44361446	    -74.91170385	      7.99214127	     -1.49426835	      0.00000000	     14.36690276	      1.19938742	      0.00000000	     72.92681517	    -19.15449717	     -3.00080094	    -82.28660267	     14.89690267	     -0.28372630	      0.00000000	     24.99864039	      5.64929721	      0.00000000
      4.76666667	     22.04102572	      3.11245240	   -174.26875567	      0.74393755	     -0.09644559	     -0.40160812	     -3.77686570	      3.47305578	     -4.68588291	     17.96687301	     -1.72864986	      1.52720757	     -0.01306036	     -0.04410178	      0.01855311	      0.00000000	      0.00000000	      0.00000000	     -0.00776247	      0.01438010	     -0.00236369	      0.00000000	      0.00000000	      0.00000000	     -0.00197604	      0.00322209	     -0.00375533	    207.67755816	     13.74089252	    -97.57184975	     25.85409640	      0.00000000	      0.00000000	      0.00000000	      0.00000000	   -203.24014251	      8.43082275	     56.22680877	      5.61836878	      0.00000000	      0.00000000	      0.00000000	      0.00000000	     62.46539217	    -19.83751458	     -2.31979227	    -69.96804363	      8.20831000	     -0.42008330	      0.00000000	     13.40444949	     -2.27158653	      0.00000000	     67.69303027	    -20.01765410	     -3.48763729	    -78.10743580	     14.89690267	      0.17209007	      0.00000000	     23.83065884	      6.71257834	      0.00000000
      4.80000000	     19.58984154	      3.14602990	   -175.27703596	      0.73832358	     -0.07677467	     -0.40355213	     -4.62348059	      3.63732821	     -3.81328200	     16.45694533	     -2.07226360	      1.12901476	     -0.01563705	     -0.04354833	      0.01852079	      0.00000000	      0.00000000	      0.00000000	     -0.00968271	      0.01367247	      0.00014564	      0.00000000	      0.00000000	      0.00000000	      0.00006732	      0.00928156	     -0.00621918	    207.55258567	     14.29462040	    -97.78836801	     27.28402367	      0.00000000	      0.00000000	      0.00000000	      0.00000000	   -203.70414443	      9.91929578	     66.85375105	      7.17455021	      0.00000000	      0.00000000	      0.00000000	      0.00000000	     56.80925571	    -17.31061621	     -3.35242880	    -65.45130183	      8.22960517	     -1.59831718	      0.00000000	     11.66430632	     -4.74718537	      0.00000000	     61.79004962	    -20.80126613	     -5.14748002	    -74.22259484	     14.89690267	     -0.53844578	      0.00000000	     21.87396704	      7.06335847	      0.00000000
      4.83333333	     17.91674199	      3.60613507	   -176.30976199	      0.73331334	     -0.05882451	     -0.40617670	     -4.45555853	      4.12497308	     -2.85373320	     13.46615831	     -2.71325181	      0.72320896	     -0.01842062	     -0.04192978	      0.01887533	      0.00000000	      0.00000000	      0.00000000	     -0.01027781	      0.01463611	      0.00046090	      0.00000000	      0.00000000	      0.00000000	      0.00664881	      0.01406994	     -0.00974566	    208.87699750	     15.52231131	    -98.35657412	     31.00340001	      0.00000000	      0.00000000	      0.00000000	      0.00000000	   -203.38404830	     10.95019636	     71.18522280	      7.53492384	      0.00000000	      0.00000000	      0.00000000	      0.00000000	     52.36204730	    -14.34421912	     -3.86000506	    -61.07753445	      6.08379106	     -3.07207997	      0.00000000	      9.93829544	     -4.17675584	      0.00000000	     57.19194047	    -21.51771581	     -6.18878217	    -70.65831761	     14.89690267	     -1.32755741	      0.00000000	     20.15609741	      7.07499186	      0.00000000
      4.86666667	     14.71966787	      3.77220699	   -176.16892009	      0.72832492	     -0.04032898	     -0.40839419	     -6.34388315	      4.33902121	     -2.72585796	     12.31986996	     -2.37812579	      0.05541169	     -0.01762538	     -0.04225631	      0.01761735	      0.00000000	      0.00000000	      0.00000000	     -0.01090954	      0.01496674	     -0.00010406	      0.00000000	      0.00000000	      0.00000000	      0.01197450	      0.01823521	     -0.01020950	    210.14736701	     16.44496496	    -98.70954033	     32.89231274	      0.00000000	      0.00000000	      0.00000000	      0.00000000	   -204.19083416	     11.25735010	     75.99363740	     10.60822468	      0.00000000	      0.00000000	      0.00000000	      0.00000000	     46.00656273	    -12.46516793	     -5.25969789	    -56.08754640	      2.16108821	     -4.98473282	      0.00000000	      8.50921554	     -1.54606603	      0.00000000	     51.05988274	    -20.76223057	     -8.08899414	    -66.74280741	     14.89690267	     -3.44376605	      0.00000000	     18.69232156	      6.23320024	      0.00000000
      4.90000000	     14.41266437	      3.76568703	   -175.60608803	      0.72576118	     -0.02387966	     -0.40955966	     -4.85840888	      4.30088968	     -3.23338502	     10.53676851	     -2.25360720	     -0.25827927	     -0.01463817	     -0.04141088	      0.01677147	      0.00000000	      0.00000000	      0.00000000	     -0.00896677	      0.01654012	     -0.00229014	      0.00000000	      0.00000000	      0.00000000	      0.01803548	      0.01807555	     -0.01216595	    210.37742781	     17.78788077	    -97.47307320	     31.03190073	      0.00000000	      0.00000000	      0.00000000	      0.00000000	   -204.40546796	     11.45022051	     75.20893172	     11.84524262	      0.00000000	      0.00000000	      0.00000000	      0.00000000	     43.02586093	    -11.55605276	     -4.56755483	    -51.33257693	     -0.74473787	     -4.96270452	      0.00000000	      6.01665789	     -1.92216698	      0.00000000	     48.58077812	    -18.97145121	     -8.77094293	    -62.63619077	     14.55426930	     -4.98473282	      0.00000000	     17.06540827	      5.12266246	      0.00000000
      4.93333333	     10.47257515	      3.43894718	   -174.26613182	      0.72024903	     -0.00628280	     -0.41002449	     -7.55425533	      4.43463208	     -3.70329108	      9.39127752	     -2.00588259	     -1.14554999	     -0.01278240	     -0.04020207	      0.01368231	      0.00000000	      0.00000000	      0.00000000	     -0.00615710	      0.01638724	     -0.00600625	      0.00000000	      0.00000000	      0.00000000	      0.02492336	      0.01523965	     -0.01123136	    209.18333902	     17.12536329	    -92.63195089	     25.95632789	      0.00000000	      0.00000000	      0.00000000	      0.00000000	   -204.73589917	     10.62736821	     68.97754226	     11.93865295	      0.00000000	      0.00000000	      0.00000000	      0.00000000	     35.08922917	    -11.06349718	     -4.68287948	    -45.56572154	     -3.95458261	     -4.98473282	      0.00000000	      5.19564906	      0.38225450	      0.00000000	     41.69154563	    -17.25770672	     -8.35157659	    -57.23748377	     14.89690267	     -4.98473282	      0.00000000	     16.19347657	      2.50775610	      0.00000000
      4.96666667	      8.43091163	      2.57948130	   -172.80592180	      0.71513490	      0.00900906	     -0.40989376	     -7.91398364	      3.84067663	     -4.55824142	      6.40631424	     -2.16175403	     -1.91999622	     -0.01377362	     -0.03564494	      0.01193705	      0.00000000	      0.00000000	      0.00000000	     -0.00143624	      0.01851089	     -0.01117171	      0.00000000	      0.00000000	      0.00000000	      0.02862134	      0.01225923	     -0.00956144	    209.89235387	     17.29559081	    -89.61750713	     25.19156062	      0.00000000	      0.00000000	      0.00000000	      0.00000000	   -204.83446479	     11.62910594	     66.19102292	     11.19784151	      0.00000000	      0.00000000	      0.00000000	      0.00000000	     29.26200310	    -11.34473164	     -4.78253257	    -40.30943810	     -4.85102803	     -4.98473282	      0.00000000	      4.06709024	      0.68341422	      0.00000000	     36.72784006	    -14.84088721	     -7.46252153	    -51.70053213	     14.13019940	     -4.98473282	      0.00000000	     15.44936107	      1.55932180	      0.00000000
      5.00000000	      3.53592408	      0.56540290	   -171.82437500	      0.70825198	      0.02429087	     -0.40965420	    -11.93136830	      2.31710668	     -4.77910867	      6.31831954	     -2.33036574	     -2.54942421	     -0.01125828	     -0.03177108	      0.01107885	      0.00000000	      0.00000000	      0.00000000	      0.00190247	      0.01841317	     -0.01213905	      0.00000000	      0.00000000	      0.00000000	      0.02804653	      0.01175271	     -0.00753077	    210.88555608	     16.51927783	    -87.90765990	     26.97134671	      0.00000000	      0.00000000	      0.00000000	      0.00000000	   -204.73763104	     13.20993671	     67.67657608	     10.76144279	      0.00000000	      0.00000000	      0.00000000	      0.00000000	     20.15748824	    -11.98333620	     -4.07915428	    -34.44872735	     -6.32650958	     -4.98473282	      0.00000000	      1.60022179	      0.36146519	      0.00000000	     27.50600442	    -12.15585180	     -6.99425756	    -44.79651027	     11.81869006	     -4.98473282	      0.00000000	     14.52908302	      3.38899220	      0.00000000
      5.03333333	     -0.71211491	     -1.57928963	   -172.04213441	      0.70108918	      0.03718361	     -0.40917079	    -15.13993799	      0.50461336	     -4.43902614	      4.38573672	     -2.82779890	     -2.69112135	     -0.01254020	     -0.02474359	      0.01070484	      0.00000000	      0.00000000	      0.00000000	      0.00493619	      0.01912022	     -0.01053841	      0.00000000	      0.00000000	      0.00000000	      0.02414854	      0.01326482	     -0.00735818	    211.59460028	     16.24024008	    -87.25535860	     29.63541949	      0.00000000	      0.00000000	      0.00000000	      0.00000000	   -204.88717518	     15.46835775	     72.39331294	     10.92523839	      0.00000000	      0.00000000	      0.00000000	      0.00000000	     12.08683156	    -12.95841244	     -3.55508885	    -28.32857662	     -8.40923251	     -4.98473282	      0.00000000	     -1.52618715	     -0.08913058	      0.00000000	     18.30853352	     -9.69045786	     -6.93243594	    -37.18433431	      9.33794667	     -4.98473282	      0.00000000	     12.68083031	      4.82203852	      0.00000000
      5.06666667	     -3.80730484	     -2.94880431	   -173.25384575	      0.69552508	      0.04718917	     -0.40961493	    -17.15149926	     -0.86831483	     -3.66240875	      3.19383122	     -2.89996259	     -2.55664196	     -0.01247861	     -0.01808074	      0.00865814	      0.00000000	      0.00000000	      0.00000000	      0.00692149	      0.01764434	     -0.00405155	      0.00000000	      0.00000000	      0.00000000	      0.02025096	      0.01632295	     -0.00760506	    209.11583480	     16.05355104	    -86.04965088	     27.51482812	      0.00000000	      0.00000000	      0.00000000	      0.00000000	   -205.31642898	     16.46068872	     73.44469090	     11.31793773	      0.00000000	      0.00000000	      0.00000000	      0.00000000	      5.94594842	    -13.23023560	     -1.80278417	    -22.26554358	    -12.34002793	     -4.98473282	      0.00000000	     -4.98346694	     -1.51704297	      0.00000000	     10.48558665	     -8.08301906	     -7.24133147	    -29.70691409	      7.95618742	     -4.98473282	      0.00000000	      9.58078971	      4.03943933	      0.00000000
      5.10000000	     -5.37484053	     -3.79155751	   -174.82414159	      0.69195377	      0.05436146	     -0.41036436	    -17.51310071	     -2.01211731	     -2.73162791	      1.42115166	     -2.94103717	     -2.12105218	     -0.01248070	     -0.01148325	      0.00689223	      0.00000000	      0.00000000	      0.00000000	      0.00838874	      0.02030515	     -0.00197202	      0.00000000	      0.00000000	      0.00000000	      0.01922147	      0.01886029	     -0.00921947	    207.36004698	     16.47222317	    -85.33461384	     25.37413504	      0.00000000	      0.00000000	      0.00000000	      0.00000000	   -205.29163249	     16.34088052	     69.27106316	     11.06796296	      0.00000000	      0.00000000	      0.00000000	      0.00000000	      2.15424756	    -13.64457194	     -0.60897265	    -17.14882176	    -14.89690267	     -4.98473282	      0.00000000	     -7.07230983	     -2.83304348	      0.00000000	      4.69407835	     -6.89464941	     -8.50361092	    -22.67033332	      7.59924766	     -4.98473282	      0.00000000	      5.81536259	      2.22464751	      0.00000000
      5.13333333	     -5.90921169	     -3.96453038	   -176.32613542	      0.68966724	      0.05931916	     -0.41110748	    -16.80648638	     -2.47688001	     -2.00421481	     -0.82526510	     -2.73948217	     -1.36418276	     -0.01303098	     -0.00552448	      0.00432769	      0.00000000	      0.00000000	      0.00000000	      0.00990179	      0.02531191	     -0.00365193	      0.00000000	      0.00000000	      0.00000000	      0.02004308	      0.02055719	     -0.00999308	    206.86789739	     18.06356736	    -88.14840340	     25.10154039	      0.00000000	      0.00000000	      0.00000000	      0.00000000	   -205.72189760	     15.25906410	     61.33071859	     11.39669401	      0.00000000	      0.00000000	      0.00000000	      0.00000000	     -0.00735562	    -13.69606641	     -0.55160079	    -13.06953551	    -14.89690267	     -4.98473282	      0.00000000	     -8.43251650	     -4.21227568	      0.00000000	      0.66481134	     -6.31325377	    -10.56013478	    -16.57728177	      7.79422433	     -4.98473282	      0.00000000	      2.52277779	      1.04748015	      0.00000000
      5.16666667	     -5.31402881	     -3.92036405	   -177.18316262	      0.68842280	      0.06209335	     -0.41157078	    -14.86337880	     -2.55950969	     -1.62148287	     -3.20692537	     -2.33704605	     -0.97149188	     -0.01151096	     -0.00045036	      0.00060966	      0.00000000	      0.00000000	      0.00000000	      0.01249870	      0.02969871	     -0.00823937	      0.00000000	      0.00000000	      0.00000000	      0.02128353	      0.02221420	     -0.01065765	    208.15975801	     20.21573809	    -93.01923197	     28.04563864	      0.00000000	      0.00000000	      0.00000000	      0.00000000	   -206.66106717	     14.94957371	     57.26008656	     12.59093635	      0.00000000	      0.00000000	      0.00000000	      0.00000000	     -0.56173859	    -13.59228486	     -0.70609410	    -10.24840484	    -14.89690267	     -4.98473282	      0.00000000	     -8.69976390	     -3.58557559	      0.00000000	     -1.37789211	     -5.86090062	    -12.41124555	    -11.59380658	      7.92648202	     -4.98473282	      0.00000000	      0.41954772	      1.33678409	      0.00000000
      5.20000000	     -4.97643605	     -3.64727506	   -177.43600019	      0.68725635	      0.06368262	     -0.41211500	    -13.33752679	     -2.35163604	     -1.63856004	     -4.78851836	     -1.99789985	     -0.84376990	     -0.00851979	      0.00293550	     -0.00149094	      0.00000000	      0.00000000	      0.00000000	      0.01300521	      0.03078050	     -0.01127538	      0.00000000	      0.00000000	      0.00000000	      0.02232207	      0.02323724	     -0.01010977	    209.54539896	     22.49635590	    -98.22048524	     31.36693839	      0.00000000	      0.00000000	      0.00000000	      0.00000000	   -207.28588878	     14.95449732	     56.15298434	     13.10250511	      0.00000000	      0.00000000	      0.00000000	      0.00000000	     -1.49530999	    -13.18990549	     -1.05763448	     -7.63106406	    -14.89690267	     -4.98473282	      0.00000000	    -10.03540055	     -3.07351980	      0.00000000	     -2.95421183	     -5.76317447	    -13.63662970	     -7.76247314	      8.33703315	     -4.98473282	      0.00000000	     -1.20907852	      1.92214107	      0.00000000
      5.23333333	     -4.40272557	     -3.44374370	   -177.41372893	      0.68631593	      0.06397107	     -0.41156108	    -11.62627941	     -2.03311176	     -1.67624573	     -5.22247395	     -1.76709041	     -0.92109045	     -0.00369568	      0.00351182	     -0.00370756	      0.00000000	      0.00000000	      0.00000000	      0.01320581	      0.02802079	     -0.01146436	      0.00000000	      0.00000000	      0.00000000	      0.02439354	      0.02167986	     -0.01032291	    209.07322041	     23.10415055	    -98.56328608	     31.60901286	      0.00000000	      0.00000000	      0.00000000	      0.00000000	   -207.31959045	     14.93137679	     57.14936514	     12.48094615	      0.00000000	      0.00000000	      0.00000000	      0.00000000	     -2.06528147	    -12.98760786	     -1.77440501	     -5.42150005	    -14.89690267	     -4.98473282	      0.00000000	    -11.45711648	     -3.24348793	      0.00000000	     -3.71676933	     -5.55719913	    -13.65696862	     -4.99215757	      8.35539728	     -4.98473282	      0.00000000	     -2.11130429	      1.76068655	      0.00000000
      5.26666667	     -5.37740800	     -3.64245911	   -176.52767153	      0.68390168	      0.06344015	     -0.41072068	    -11.55813628	     -1.95557268	     -2.18243507	     -6.33163879	     -1.40855503	     -1.82983325	     -0.00097638	      0.00481963	     -0.00559408	      0.00000000	      0.00000000	      0.00000000	      0.01499867	      0.02453210	     -0.00913720	      0.00000000	      0.00000000	      0.00000000	      0.02512538	      0.01982262	     -0.01267558	    207.01305169	     22.15326642	    -95.01418962	     28.19565842	      0.00000000	      0.00000000	      0.00000000	      0.00000000	   -206.17677062	     15.95242158	     63.59754249	     10.95282320	      0.00000000	      0.00000000	      0.00000000	      0.00000000	     -4.97393299	    -13.07286564	     -4.47668724	     -2.95010726	    -13.68744787	     -4.98473282	      0.00000000	    -12.62735257	     -5.10168903	      0.00000000	     -5.64048857	     -5.16251898	    -12.87853159	     -3.18444905	      9.25865608	     -4.98473282	      0.00000000	     -2.56193093	      0.52324816	      0.00000000
      5.30000000	     -6.19841723	     -3.95781033	   -175.81610976	      0.68201216	      0.06302256	     -0.40988670	    -11.44394577	     -2.03274219	     -1.87456499	     -5.78629384	     -1.38011682	     -3.08355105	      0.00339005	      0.00167299	     -0.00538686	      0.00000000	      0.00000000	      0.00000000	      0.01741027	      0.02312368	     -0.00715729	      0.00000000	      0.00000000	      0.00000000	      0.02769983	      0.01758866	     -0.01170831	    205.45793616	     20.00215656	    -86.46052817	     24.80500499	      0.00000000	      0.00000000	      0.00000000	      0.00000000	   -205.56267429	     16.54980633	     69.51541907	     11.06065844	      0.00000000	      0.00000000	      0.00000000	      0.00000000	     -7.33429703	    -13.21104100	     -8.64014701	     -1.20402139	    -10.58079571	     -4.98473282	      0.00000000	    -13.21424922	     -7.53927113	      0.00000000	     -7.30868151	     -4.61283623	    -12.49870732	     -1.61039224	      9.75910970	     -4.98473282	      0.00000000	     -3.50331235	     -0.87158661	      0.00000000
      5.33333333	     -7.60454761	     -4.10772641	   -174.90942063	      0.67898366	      0.06265664	     -0.40988655	    -11.89229229	     -1.96826048	     -1.45268665	     -5.61334678	     -1.26139057	     -4.56498454	      0.00569106	     -0.00165052	     -0.00374250	      0.00000000	      0.00000000	      0.00000000	      0.01936151	      0.02499882	     -0.00678112	      0.00000000	      0.00000000	      0.00000000	      0.03019940	      0.01557116	     -0.01023502	    206.11032502	     18.79534286	    -81.23824574	     25.14959212	      0.00000000	      0.00000000	      0.00000000	      0.00000000	   -204.70429145	     17.37385517	     71.07484496	     11.09857238	      0.00000000	      0.00000000	      0.00000000	      0.00000000	    -10.48382533	    -12.84350695	    -16.45490027	      0.61801889	     -3.41073837	     -4.98473282	      0.00000000	    -14.71423450	    -11.24870913	      0.00000000	     -9.79467335	     -4.41217633	    -14.02734803	      0.28533340	     11.48233283	     -4.98473282	      0.00000000	     -3.66510973	     -0.51991718	      0.00000000
      5.36666667	     -8.55902442	     -4.06775135	   -174.62959289	      0.67670315	      0.06261942	     -0.41010563	    -11.97377040	     -1.70962346	     -1.09414372	     -4.83166035	     -1.85391870	     -4.38610132	      0.00727508	     -0.00646847	     -0.00075524	      0.00000000	      0.00000000	      0.00000000	      0.01891105	      0.02848057	     -0.00621711	      0.00000000	      0.00000000	      0.00000000	      0.03052046	      0.01214483	     -0.01109880	    207.38539258	     20.36639142	    -85.59083134	     27.99672365	      0.00000000	      0.00000000	      0.00000000	      0.00000000	   -203.86157356	     17.78576330	     65.88740079	     10.14313051	      0.00000000	      0.00000000	      0.00000000	      0.00000000	    -12.59613746	    -12.27629851	    -23.44149045	      2.25843962	      2.44235202	     -4.98473282	      0.00000000	    -15.77407615	    -12.51629751	      0.00000000	    -11.81993731	     -4.22496472	    -17.67895393	      2.23093341	     13.99485366	     -4.98473282	      0.00000000	     -4.17088972	      0.62287199	      0.00000000
      5.40000000	     -9.31629266	     -3.89279705	   -174.84914612	      0.67507014	      0.06273261	     -0.41097352	    -11.93073894	     -1.54366340	     -0.06139213	     -4.62198254	     -1.74509983	     -4.10871531	      0.00757461	     -0.00981392	      0.00153204	      0.00000000	      0.00000000	      0.00000000	      0.02029918	      0.02933664	     -0.00549369	      0.00000000	      0.00000000	      0.00000000	      0.03234570	      0.00977791	     -0.01315285	    208.77886376	     21.14046872	    -88.36088181	     30.75620918	      0.00000000	      0.00000000	      0.00000000	      0.00000000	   -202.58515009	     18.92995403	     61.43669424	      8.61804180	      0.00000000	      0.00000000	      0.00000000	      0.00000000	    -14.04038592	    -11.69556484	    -27.65693143	      3.60247205	      6.28915619	     -4.98473282	      0.00000000	    -16.75324656	    -12.32984516	      0.00000000	    -13.56518888	     -4.08827244	    -19.90871302	      3.99809680	     14.89690267	     -4.98473282	      0.00000000	     -4.69427969	      1.36342714	      0.00000000
      5.43333333	     -9.46734197	     -3.51440989	   -174.90706562	      0.67454753	      0.06294945	     -0.41202825	    -11.54045063	     -1.24269001	      0.08896340	     -4.20827024	     -1.52135755	     -3.07204217	      0.00703117	     -0.01265808	      0.00339117	      0.00000000	      0.00000000	      0.00000000	      0.02106406	      0.02899646	     -0.00379262	      0.00000000	      0.00000000	      0.00000000	      0.03129646	      0.00892979	     -0.01417463	    209.46828309	     22.77356748	    -92.36506766	     32.91407842	      0.00000000	      0.00000000	      0.00000000	      0.00000000	   -202.36359478	     19.72307872	     59.87196276	      8.37215957	      0.00000000	      0.00000000	      0.00000000	      0.00000000	    -14.68069543	    -10.94409119	    -30.01229797	      4.82210897	      8.27334042	     -4.98473282	      0.00000000	    -17.58566644	    -11.15609663	      0.00000000	    -14.28985321	     -4.22122059	    -21.08360510	      5.24831891	     14.89690267	     -4.98473282	      0.00000000	     -4.82671432	      2.09666898	      0.00000000
      5.46666667	     -9.90600007	     -3.17155047	   -175.28108251	      0.67388512	      0.06294633	     -0.41330814	    -11.49415727	     -1.13156958	      0.10264813	     -4.33886982	     -0.72931624	     -1.85373786	      0.00693830	     -0.01342809	      0.00465777	      0.00000000	      0.00000000	      0.00000000	      0.02235987	      0.02791169	     -0.00225740	      0.00000000	      0.00000000	      0.00000000	      0.02871227	      0.00889631	     -0.01502053	    210.19734526	     24.51942795	    -94.60204351	     34.45703894	      0.00000000	      0.00000000	      0.00000000	      0.00000000	   -202.29999819	     20.39076075	     59.92975797	      8.20664382	      0.00000000	      0.00000000	      0.00000000	      0.00000000	    -15.47819562	    -10.30410748	    -31.27843451	      5.76188547	     10.02592392	     -4.98473282	      0.00000000	    -18.27065140	    -10.52146131	      0.00000000	    -15.29443529	     -4.38538442	    -21.91746609	      6.20271726	     14.89690267	     -4.98473282	      0.00000000	     -4.95095599	      2.46469384	      0.00000000
      5.50000000	    -10.12759577	     -2.71323419	   -175.60770250	      0.67351287	      0.06252596	     -0.41458167	    -11.31338152	     -0.91879283	     -0.11018346	     -4.60264278	      0.44420147	     -0.90216181	      0.00702756	     -0.01329736	      0.00444431	      0.00000000	      0.00000000	      0.00000000	      0.02289028	      0.02548271	     -0.00118521	      0.00000000	      0.00000000	      0.00000000	      0.02320617	      0.00844330	     -0.01617045	    210.70259808	     25.85658733	    -94.67433009	     34.75093711	      0.00000000	      0.00000000	      0.00000000	      0.00000000	   -202.33549917	     20.95293666	     60.05698550	      8.09540175	      0.00000000	      0.00000000	      0.00000000	      0.00000000	    -15.96519456	     -9.64054505	    -31.41136464	      6.44434157	     10.47022513	     -4.98473282	      0.00000000	    -19.25285488	    -10.81680476	      0.00000000	    -15.93529516	     -4.75882420	    -22.20246167	      6.83027312	     14.89690267	     -4.98473282	      0.00000000	     -4.74982222	      2.48948110	      0.00000000
      5.53333333	    -10.86674262	     -2.62856149	   -175.76384495	      0.67281411	      0.06163617	     -0.41567667	    -11.73342454	     -1.09724841	     -0.56710063	     -5.20553644	      1.73711353	      0.08787907	      0.00670833	     -0.01180994	      0.00457164	      0.00000000	      0.00000000	      0.00000000	      0.02360209	      0.02408558	     -0.00023489	      0.00000000	      0.00000000	      0.00000000	      0.01614378	      0.00932976	     -0.01711477	    211.42283184	     27.14862631	    -94.71430633	     35.01686835	      0.00000000	      0.00000000	      0.00000000	      0.00000000	   -202.25167663	     21.67476238	     60.00069493	      8.04742736	      0.00000000	      0.00000000	      0.00000000	      0.00000000	    -17.09850586	     -9.37288777	    -31.21517192	      6.86801502	     10.77344539	     -4.98473282	      0.00000000	    -20.24116333	    -12.27119943	      0.00000000	    -16.92770638	     -4.91599321	    -22.31257889	      7.07020604	     14.89690267	     -4.98473282	      0.00000000	     -4.28765849	      2.85775203	      0.00000000
      5.56666667	    -11.21600025	     -2.73390748	   -175.89143218	      0.67229817	      0.06070087	     -0.41641833	    -11.66678571	     -1.35691785	     -0.78668751	     -5.16979081	      1.80603892	      0.08475484	      0.00843671	     -0.01206832	      0.00473585	      0.00000000	      0.00000000	      0.00000000	      0.02654711	      0.02296998	     -0.00027992	      0.00000000	      0.00000000	      0.00000000	      0.01192904	      0.00974709	     -0.01834727	    211.62857607	     27.91143181	    -94.39813619	     34.60102110	      0.00000000	      0.00000000	      0.00000000	      0.00000000	   -202.38070296	     22.44388991	     59.84045491	      8.21521442	      0.00000000	      0.00000000	      0.00000000	      0.00000000	    -17.62609861	     -9.44841385	    -30.90128025	      6.92894687	     10.95043838	     -4.98473282	      0.00000000	    -20.12145443	    -12.42434463	      0.00000000	    -17.30230039	     -4.82657305	    -22.54650342	      6.98197745	     14.89690267	     -4.98473282	      0.00000000	     -3.89327074	      2.70766478	      0.00000000
      5.60000000	    -12.58677513	     -3.15000426	   -176.20595811	      0.67128220	      0.06004131	     -0.41681923	    -12.83197133	     -1.89603896	     -0.66586911	     -5.34246965	      1.59002266	     -0.25682460	      0.00760438	     -0.01137132	      0.00527022	      0.00000000	      0.00000000	      0.00000000	      0.03035713	      0.02226589	      0.00088255	      0.00000000	      0.00000000	      0.00000000	      0.01053564	      0.01166872	     -0.01730683	    211.12477718	     27.95598275	    -93.73307849	     33.41858946	      0.00000000	      0.00000000	      0.00000000	      0.00000000	   -202.85253649	     22.84984237	     59.91366638	      8.90338365	      0.00000000	      0.00000000	      0.00000000	      0.00000000	    -19.10668320	     -9.93364273	    -29.76351196	      6.72651513	     11.17663983	     -4.98473282	      0.00000000	    -18.87344502	    -11.39912353	      0.00000000	    -18.80277673	     -4.36066067	    -23.32234166	      6.97882482	     14.89690267	     -4.98473282	      0.00000000	     -3.90030027	      2.84350604	      0.00000000
      5.63333333	    -13.71022426	     -3.27828222	   -176.46918396	      0.66929134	      0.05980221	     -0.41670442	    -13.50726868	     -1.87677289	     -0.40821281	     -4.89907977	      0.45518954	     -0.83817411	      0.00929963	     -0.01220981	      0.00516908	      0.00000000	      0.00000000	      0.00000000	      0.03423305	      0.02221543	      0.00121508	      0.00000000	      0.00000000	      0.00000000	      0.01066320	      0.01271607	     -0.01718946	    210.41815369	     28.14907712	    -92.26510201	     32.12427821	      0.00000000	      0.00000000	      0.00000000	      0.00000000	   -203.98546071	     23.60171516	     61.00649209	     10.06034750	      0.00000000	      0.00000000	      0.00000000	      0.00000000	    -20.33844648	    -10.08923214	    -29.47163638	      7.01705051	      9.99529237	     -4.98473282	      0.00000000	    -16.78080989	     -6.37875608	      0.00000000	    -20.21225138	     -3.94913013	    -25.40726632	      7.49971524	     14.89690267	     -4.98473282	      0.00000000	     -3.94217113	      4.43824498	      0.00000000
      5.66666667	    -14.14780640	     -3.62338611	   -176.42280979	      0.66784356	      0.06016778	     -0.41657078	    -13.58614339	     -2.08901302	     -0.28961392	     -4.99152532	     -0.95357274	     -1.48788032	      0.00926527	     -0.01282196	      0.00628860	      0.00000000	      0.00000000	      0.00000000	      0.03363255	      0.02321699	      0.00182767	      0.00000000	      0.00000000	      0.00000000	      0.01301007	      0.01210398	     -0.01803950	    210.69645345	     29.10706687	    -91.71783972	     31.94439786	      0.00000000	      0.00000000	      0.00000000	      0.00000000	   -204.38472927	     24.19330287	     61.14080197	     10.30156110	      0.00000000	      0.00000000	      0.00000000	      0.00000000	    -20.78221940	    -10.51387277	    -29.43413176	      6.80364403	      9.99495222	     -4.98473282	      0.00000000	    -15.79326802	     -5.44727701	      0.00000000	    -20.51862207	     -3.62348051	    -25.89147935	      7.16774850	     14.89690267	     -4.98473282	      0.00000000	     -3.92839125	      5.22197799	      0.00000000
      5.70000000	    -14.58632849	     -3.61315365	   -176.62937823	      0.66584291	      0.06091158	     -0.41629230	    -13.67501297	     -1.89593074	     -0.06930199	     -5.30567652	     -2.11538259	     -1.54784184	      0.00931040	     -0.01272698	      0.00760908	      0.00000000	      0.00000000	      0.00000000	      0.03385047	      0.02373302	      0.00226551	      0.00000000	      0.00000000	      0.00000000	      0.01506210	      0.01123587	     -0.01870251	    210.91878125	     29.61838410	    -90.74522220	     31.91313969	      0.00000000	      0.00000000	      0.00000000	      0.00000000	   -204.75613216	     24.71289700	     61.49347365	     10.13173480	      0.00000000	      0.00000000	      0.00000000	      0.00000000	    -21.15487026	    -10.53676351	    -30.36593974	      6.85520831	      9.76491869	     -4.98473282	      0.00000000	    -16.00550737	     -4.94198369	      0.00000000	    -21.20046088	     -3.40981154	    -27.04287503	      7.60266424	     14.89690267	     -4.98473282	      0.00000000	     -4.47728942	      6.32443954	      0.00000000
      5.73333333	    -14.64958296	     -3.61084051	   -176.87176645	      0.66447933	      0.06146714	     -0.41610167	    -13.59054983	     -1.72654371	      0.00204622	     -5.34116966	     -2.14457034	     -1.50653911	      0.00972915	     -0.01291102	      0.00666472	      0.00000000	      0.00000000	      0.00000000	      0.03197905	      0.02413369	      0.00246382	      0.00000000	      0.00000000	      0.00000000	      0.01720505	      0.01055063	     -0.01962203	    210.73313095	     29.98686579	    -90.42945488	     31.98402212	      0.00000000	      0.00000000	      0.00000000	      0.00000000	   -204.98208140	     24.64631274	     61.58316333	      9.87186480	      0.00000000	      0.00000000	      0.00000000	      0.00000000	    -21.12211615	    -10.58449621	    -30.89133210	      6.78511349	      9.38932894	     -4.98473282	      0.00000000	    -15.99135076	     -5.27589759	      0.00000000	    -21.34217653	     -3.36944823	    -27.08507753	      7.51977882	     14.89690267	     -4.98473282	      0.00000000	     -4.81660396	      6.40325878	      0.00000000
      5.76666667	    -14.50001707	     -3.46677735	   -176.88091522	      0.66374593	      0.06175699	     -0.41553183	    -13.41679695	     -1.30799493	     -0.30638506	     -5.64704797	     -2.21562908	     -1.23580692	      0.01003780	     -0.01259502	      0.00609244	      0.00000000	      0.00000000	      0.00000000	      0.03160643	      0.02351156	      0.00041983	      0.00000000	      0.00000000	      0.00000000	      0.01713607	      0.00943745	     -0.02084715	    210.27027339	     29.60987928	    -89.75382265	     32.25534064	      0.00000000	      0.00000000	      0.00000000	      0.00000000	   -205.19618715	     24.49548418	     61.88936828	      9.30137659	      0.00000000	      0.00000000	      0.00000000	      0.00000000	    -20.87674619	    -10.43136952	    -31.29542686	      6.61045102	      9.37198401	     -4.98473282	      0.00000000	    -16.16628600	     -5.74414331	      0.00000000	    -21.53320004	     -3.27033038	    -27.51482575	      8.43777972	     14.89690267	     -4.98473282	      0.00000000	     -6.00145559	      6.21562562	      0.00000000
      5.80000000	    -14.37797474	     -3.48321855	   -176.87898386	      0.66386866	      0.06136504	     -0.41551281	    -13.46583849	     -1.25441656	     -0.21681396	     -5.68412601	     -2.16004866	     -1.16201712	      0.01043906	     -0.01237570	      0.00730594	      0.00000000	      0.00000000	      0.00000000	      0.02673851	      0.02325251	     -0.00061145	      0.00000000	      0.00000000	      0.00000000	      0.01650397	      0.00896684	     -0.02035377	    210.14494273	     29.43904206	    -89.70934492	     32.37036132	      0.00000000	      0.00000000	      0.00000000	      0.00000000	   -205.34424231	     24.24514263	     61.97290200	      9.17471864	      0.00000000	      0.00000000	      0.00000000	      0.00000000	    -20.81717217	    -10.37522097	    -31.30895287	      6.76997583	      9.40816535	     -4.98473282	      0.00000000	    -16.00485438	     -5.88204371	      0.00000000	    -21.47139739	     -3.25739860	    -27.56609589	      8.63782103	     14.89690267	     -4.98473282	      0.00000000	     -6.10879927	      6.19134641	      0.00000000
      5.83333333	    -13.68532706	     -3.39541618	   -176.89328015	      0.66540481	      0.06096395	     -0.41537684	    -13.07632320	     -1.02253234	     -0.21812918	     -5.33156579	     -1.83716411	     -0.63854485	      0.01054376	     -0.01376276	      0.00587898	      0.00000000	      0.00000000	      0.00000000	      0.02282606	      0.02377345	     -0.00325116	      0.00000000	      0.00000000	      0.00000000	      0.01350300	      0.00785512	     -0.01872804	    210.12661074	     29.61334864	    -90.75863012	     32.51814507	      0.00000000	      0.00000000	      0.00000000	      0.00000000	   -207.13732091	     23.81626573	     64.28931309	     11.71982944	      0.00000000	      0.00000000	      0.00000000	      0.00000000	    -19.77709152	    -10.56000506	    -30.16405249	      6.07562035	     10.09653780	     -4.98473282	      0.00000000	    -16.45497762	     -8.74116294	      0.00000000	    -20.78257130	     -3.18450495	    -28.49041002	      9.02159275	     14.89690267	     -4.98473282	      0.00000000	     -6.01227852	      7.13660313	      0.00000000
      5.86666667	    -13.53284562	     -3.76912545	   -176.14661488	      0.66750329	      0.06030443	     -0.41580303	    -13.49468044	     -1.36168190	     -0.69453203	     -4.30171809	     -1.36810237	     -0.95247948	      0.01073969	     -0.01487255	      0.00463341	      0.00000000	      0.00000000	      0.00000000	      0.01785837	      0.02540954	     -0.00456792	      0.00000000	      0.00000000	      0.00000000	      0.01125710	      0.00697651	     -0.01684418	    210.48324398	     29.54974221	    -91.49119676	     31.69255761	      0.00000000	      0.00000000	      0.00000000	      0.00000000	   -207.62443613	     23.51197980	     64.75040279	     12.95488101	      0.00000000	      0.00000000	      0.00000000	      0.00000000	    -19.66014213	    -10.91862092	    -29.91320898	      5.63994773	      9.53820298	     -4.98473282	      0.00000000	    -16.10664402	     -9.35694504	      0.00000000	    -20.09801666	     -3.24425134	    -27.70687543	      8.31258307	     14.89690267	     -4.98473282	      0.00000000	     -4.88561454	      7.87754281	      0.00000000
      5.90000000	    -13.21776347	     -4.12919539	   -175.16962289	      0.66998138	      0.05993278	     -0.41643445	    -13.79341686	     -1.69038283	     -1.23269710	     -3.42944978	     -1.20502492	     -1.27079591	      0.01028790	     -0.01532016	      0.00342778	      0.00000000	      0.00000000	      0.00000000	      0.01490496	      0.02721237	     -0.00566185	      0.00000000	      0.00000000	      0.00000000	      0.01061032	      0.00654387	     -0.01453587	    210.76545777	     29.14953331	    -91.18511763	     30.11579685	      0.00000000	      0.00000000	      0.00000000	      0.00000000	   -207.97608729	     23.34808699	     64.34962861	     14.27605148	      0.00000000	      0.00000000	      0.00000000	      0.00000000	    -19.33911061	    -11.22829049	    -29.39174286	      5.04741602	      8.47189045	     -4.98473282	      0.00000000	    -15.79392322	     -9.66929896	      0.00000000	    -19.02135446	     -3.44789315	    -26.40037233	      7.23766458	     14.89690267	     -4.98473282	      0.00000000	     -3.80260873	      8.42067270	      0.00000000
      5.93333333	    -12.28121821	     -4.22950220	   -174.06822308	      0.67263371	      0.05997765	     -0.41699046	    -13.37238853	     -1.70890456	     -1.68375616	     -3.15243720	     -1.14060800	     -1.30933821	      0.00933898	     -0.01465586	      0.00187207	      0.00000000	      0.00000000	      0.00000000	      0.01752281	      0.02626401	     -0.00723464	      0.00000000	      0.00000000	      0.00000000	      0.01337366	      0.00447303	     -0.01410312	    210.58919298	     27.22460129	    -86.91519661	     27.90292255	      0.00000000	      0.00000000	      0.00000000	      0.00000000	   -207.32284935	     22.90504512	     60.69303785	     13.88575213	      0.00000000	      0.00000000	      0.00000000	      0.00000000	    -18.25907777	    -11.27922557	    -27.62933167	      4.49364776	      4.70830961	     -4.98473282	      0.00000000	    -15.45493823	     -8.92742896	      0.00000000	    -17.20918363	     -3.89824965	    -23.85822672	      5.95304177	     14.89690267	     -4.98473282	      0.00000000	     -3.44363660	      6.69361134	      0.00000000
      5.96666667	    -11.99034947	     -4.50757183	   -173.27473726	      0.67442654	      0.06026022	     -0.41751218	    -13.69063487	     -2.01136231	     -2.04185048	     -4.00221342	     -1.70475882	     -0.86151606	      0.00644585	     -0.01090921	      0.00419962	      0.00000000	      0.00000000	      0.00000000	      0.02114317	      0.02675228	     -0.00728235	      0.00000000	      0.00000000	      0.00000000	      0.01708030	      0.00373059	     -0.01655122	    210.99412786	     25.54392962	    -83.66911471	     27.53405882	      0.00000000	      0.00000000	      0.00000000	      0.00000000	   -205.28935091	     22.51359705	     57.50604755	     11.44343442	      0.00000000	      0.00000000	      0.00000000	      0.00000000	    -17.90133342	    -11.44111113	    -26.13130866	      4.12560367	      0.73468066	     -4.98473282	      0.00000000	    -15.36368270	     -8.58282356	      0.00000000	    -16.18720358	     -4.06022054	    -21.91864329	      4.75072631	     14.89690267	     -4.98473282	      0.00000000	     -3.68456391	      4.70948368	      0.00000000
      6.00000000	    -11.82065658	     -4.86459370	   -172.95649410	      0.67542778	      0.06043150	     -0.41743804	    -14.11803854	     -2.41657534	     -2.15139551	     -5.42103055	     -1.93010731	     -0.49202190	      0.00347637	     -0.00601176	      0.00655109	      0.00000000	      0.00000000	      0.00000000	      0.02413801	      0.02732730	     -0.00257623	      0.00000000	      0.00000000	      0.00000000	      0.02271524	      0.00667688	     -0.01714049	    210.49623183	     24.51902003	    -83.84055260	     27.42930029	      0.00000000	      0.00000000	      0.00000000	      0.00000000	   -204.66111851	     21.62681581	     58.43222341	     10.93033678	      0.00000000	      0.00000000	      0.00000000	      0.00000000	    -17.59444190	    -11.80520042	    -26.35646958	      3.85635177	     -0.85552760	     -4.98473282	      0.00000000	    -15.92295155	     -9.18670203	      0.00000000	    -15.64716659	     -3.86650855	    -21.45659289	      4.09801139	     14.89690267	     -4.98473282	      0.00000000	     -3.57283096	      4.38802778	      0.00000000
      6.03333333	    -11.05409397	     -4.88155026	   -172.56001760	      0.67715333	      0.06035817	     -0.41768131	    -13.98826390	     -2.54418397	     -2.34198339	     -6.97075325	     -2.13969991	      0.09446037	      0.00055293	     -0.00167088	      0.01024441	      0.00000000	      0.00000000	      0.00000000	      0.02523677	      0.02859218	      0.00450326	      0.00000000	      0.00000000	      0.00000000	      0.02546720	      0.01260044	     -0.01745200	    209.87106569	     23.72852817	    -85.71973355	     27.76414761	      0.00000000	      0.00000000	      0.00000000	      0.00000000	   -204.83983615	     21.56986464	     67.07905154	     11.84124780	      0.00000000	      0.00000000	      0.00000000	      0.00000000	    -16.53182361	    -11.97284369	    -24.57719783	      3.48751996	     -3.18015771	     -4.98473282	      0.00000000	    -16.60167204	    -10.22987655	      0.00000000	    -14.21681351	     -4.00475778	    -19.60840392	      2.98492608	     14.89690267	     -4.98473282	      0.00000000	     -3.61225020	      1.81144110	      0.00000000
      6.06666667	    -10.47272968	     -4.79195934	   -172.70879515	      0.67933865	      0.05946095	     -0.41827749	    -14.16611250	     -2.60865609	     -2.02574174	     -8.48102523	     -1.85986349	     -0.11678478	     -0.00273808	      0.00257689	      0.01149792	      0.00000000	      0.00000000	      0.00000000	      0.02421889	      0.03292673	      0.00885237	      0.00000000	      0.00000000	      0.00000000	      0.02613309	      0.01867725	     -0.01554718	    210.25134500	     23.44958192	    -88.78797069	     29.21159711	      0.00000000	      0.00000000	      0.00000000	      0.00000000	   -205.18416822	     21.51443696	     73.28049023	     12.50316636	      0.00000000	      0.00000000	      0.00000000	      0.00000000	    -15.10694248	    -12.33393280	    -22.76239747	      2.16741171	     -3.40537410	     -4.98473282	      0.00000000	    -15.14962092	     -9.55978746	      0.00000000	    -12.93382626	     -4.27051539	    -18.29733848	      1.62013402	     14.89690267	     -4.98473282	      0.00000000	     -2.90216662	      0.68410017	      0.00000000
      6.10000000	    -10.71148822	     -4.45570019	   -172.73715701	      0.68134422	      0.05804291	     -0.41946323	    -15.35837632	     -2.24387593	     -2.02431759	     -8.63525030	     -1.86282338	     -0.33011854	     -0.00454899	      0.00513817	      0.01204795	      0.00000000	      0.00000000	      0.00000000	      0.02361406	      0.03660163	      0.00969647	      0.00000000	      0.00000000	      0.00000000	      0.02438818	      0.02226061	     -0.01263036	    210.65646087	     23.00189258	    -89.66627417	     29.69378319	      0.00000000	      0.00000000	      0.00000000	      0.00000000	   -205.15201510	     21.10437979	     73.70811538	     11.74704957	      0.00000000	      0.00000000	      0.00000000	      0.00000000	    -14.48705598	    -12.18716645	    -21.17994546	      0.62576811	     -2.37037285	     -4.98473282	      0.00000000	    -13.50004140	     -9.37364223	      0.00000000	    -12.56146019	     -5.00322375	    -17.43805710	      0.56103342	     14.89690267	     -4.98473282	      0.00000000	     -2.15139161	      0.86454644	      0.00000000
      6.13333333	     -9.34567700	     -3.72278608	   -173.00402810	      0.68519603	      0.05690140	     -0.42203782	    -14.87091451	     -1.94886484	     -1.51030844	     -7.19638980	     -1.92577781	     -1.79536899	     -0.00252080	      0.00308522	      0.01168098	      0.00000000	      0.00000000	      0.00000000	      0.01864840	      0.03977147	      0.00785363	      0.00000000	      0.00000000	      0.00000000	      0.02147412	      0.02175092	     -0.01140986	    212.61622110	     24.64679875	    -93.29514645	     31.72405277	      0.00000000	      0.00000000	      0.00000000	      0.00000000	   -203.72975765	     21.40933268	     70.67271858	      8.88284070	      0.00000000	      0.00000000	      0.00000000	      0.00000000	    -11.37402562	    -11.78916429	    -15.83778449	     -1.91849112	     -4.52354781	     -4.98473282	      0.00000000	    -12.10183712	    -11.19648856	      0.00000000	    -10.06548151	     -6.06068378	    -16.28723963	     -1.29461048	     14.89690267	     -4.98473282	      0.00000000	     -1.79438335	     -0.60961269	      0.00000000
      6.16666667	     -8.79794194	     -3.12875323	   -173.39913998	      0.68939784	      0.05613317	     -0.42395261	    -15.48658710	     -1.39141473	     -1.63553740	     -6.00472541	     -2.45549126	     -1.82937440	     -0.00267896	      0.00215894	      0.00985673	      0.00000000	      0.00000000	      0.00000000	      0.01928900	      0.03779978	      0.00473112	      0.00000000	      0.00000000	      0.00000000	      0.01919695	      0.02142547	     -0.01031278	    211.80752427	     24.34723113	    -92.34562971	     29.74024891	      0.00000000	      0.00000000	      0.00000000	      0.00000000	   -204.10056694	     20.67006966	     63.37863573	      8.21323875	      0.00000000	      0.00000000	      0.00000000	      0.00000000	     -8.77058622	    -11.23111778	     -8.43163630	     -4.90184496	    -10.03656559	     -4.98473282	      0.00000000	    -11.57383051	    -12.67090591	      0.00000000	     -7.98765757	     -7.09650546	    -13.18514832	     -4.04263505	     12.28351172	     -4.98473282	      0.00000000	     -0.50907472	     -0.77278287	      0.00000000
      6.20000000	     -8.60575060	     -2.56228474	   -173.53313988	      0.69317781	      0.05621170	     -0.42569824	    -16.63114318	     -0.67354488	     -1.47196395	     -2.62648702	     -3.63144187	     -2.77072512	      0.00143812	     -0.00240490	      0.00877741	      0.00000000	      0.00000000	      0.00000000	      0.01757416	      0.03523018	      0.00222327	      0.00000000	      0.00000000	      0.00000000	      0.02001632	      0.02278029	     -0.01096855	    210.50016461	     23.54886492	    -91.72765475	     27.51244596	      0.00000000	      0.00000000	      0.00000000	      0.00000000	   -205.09739292	     20.53588967	     62.71154575	      9.97039021	      0.00000000	      0.00000000	      0.00000000	      0.00000000	     -6.65435439	    -10.76140914	     -6.84824621	     -7.68673580	    -11.74179554	     -4.98473282	      0.00000000	    -11.17106572	    -11.41932812	      0.00000000	     -5.99652354	     -8.08040761	    -10.65028614	     -7.06889525	      9.66126851	     -4.98473282	      0.00000000	      0.84085326	     -0.02873868	      0.00000000
      6.23333333	     -6.50365234	     -2.22508754	   -172.78454352	      0.69965284	      0.05521123	     -0.42644202	    -15.87800097	     -0.14020654	     -2.55292283	     -0.63583439	     -4.80074493	     -2.62843485	      0.00309195	     -0.00574684	      0.00978479	      0.00000000	      0.00000000	      0.00000000	      0.02032335	      0.03052948	      0.00298357	      0.00000000	      0.00000000	      0.00000000	      0.02282336	      0.02328923	     -0.01392585	    208.05641085	     22.50025468	    -91.90855980	     25.20522195	      0.00000000	      0.00000000	      0.00000000	      0.00000000	   -205.72607484	     20.40817260	     64.21373578	     11.38805876	      0.00000000	      0.00000000	      0.00000000	      0.00000000	     -1.99189962	    -10.76404282	     -4.17645616	    -11.81400703	    -14.89690267	     -4.98473282	      0.00000000	     -9.31082736	     -8.84550322	      0.00000000	     -0.06133189	     -8.09120973	     -2.75030575	    -13.18426493	      2.51342080	     -4.98473282	      0.00000000	      3.47888288	      1.66843935	      0.00000000
      6.26666667	     -4.00388274	     -1.53254852	   -171.80727742	      0.70555629	      0.05241274	     -0.42611318	    -14.45613594	      0.84210486	     -3.51965129	      0.76405408	     -5.72376192	     -2.52610765	      0.00485113	     -0.00912820	      0.01164021	      0.00000000	      0.00000000	      0.00000000	      0.02097872	      0.03050802	      0.00094353	      0.00000000	      0.00000000	      0.00000000	      0.02922254	      0.02090808	     -0.01766049	    208.04617864	     23.00088246	    -95.91743564	     27.48011938	      0.00000000	      0.00000000	      0.00000000	      0.00000000	   -205.47365760	     20.41138820	     66.98080184	     11.31407464	      0.00000000	      0.00000000	      0.00000000	      0.00000000	      3.26006014	    -10.99303242	     -4.61950349	    -16.60407539	    -13.71596415	     -4.98473282	      0.00000000	     -6.89375591	     -5.93239039	      0.00000000	      6.62519424	     -8.12561903	      1.61020029	    -19.75090027	     -2.16497282	     -4.98473282	      0.00000000	      6.49914755	      6.02337890	      0.00000000
      6.30000000	     -2.24240604	     -0.52437823	   -171.04827371	      0.71071213	      0.04735488	     -0.42609918	    -13.86087807	      2.11755323	     -4.26388859	      2.12103399	     -6.44360691	     -2.07563854	      0.00504842	     -0.01249711	      0.01464214	      0.00000000	      0.00000000	      0.00000000	      0.02004487	      0.02999266	     -0.00114682	      0.00000000	      0.00000000	      0.00000000	      0.03564387	      0.01760870	     -0.01813651	    208.55065033	     23.66135535	    -99.48683504	     30.15098016	      0.00000000	      0.00000000	      0.00000000	      0.00000000	   -205.37837243	     19.66383382	     70.25497245	     11.32095446	      0.00000000	      0.00000000	      0.00000000	      0.00000000	      7.99885644	    -10.96594261	     -5.89956730	    -21.72009168	    -11.59836143	     -4.98473282	      0.00000000	     -5.05569730	     -5.15503504	      0.00000000	     12.41145599	     -8.85309758	      2.53937247	    -25.99524405	     -3.65539264	     -4.98473282	      0.00000000	      9.25085242	     10.18325977	      0.00000000
      6.33333333	      0.10383306	      0.98860852	   -170.26580916	      0.71656951	      0.03874373	     -0.42619809	    -12.57805502	      3.70653774	     -5.13344301	      3.20976184	     -6.56819161	     -1.50425134	      0.00444302	     -0.01589418	      0.01663475	      0.00000000	      0.00000000	      0.00000000	      0.01813924	      0.02941884	     -0.00458400	      0.00000000	      0.00000000	      0.00000000	      0.03809776	      0.01558729	     -0.01513425	    209.59674255	     24.02278740	   -100.52626351	     31.93675112	      0.00000000	      0.00000000	      0.00000000	      0.00000000	   -205.99096026	     18.93397837	     73.89379927	     12.32468991	      0.00000000	      0.00000000	      0.00000000	      0.00000000	     13.60334559	    -10.90740803	     -7.90330411	    -27.18482558	     -9.84559204	     -4.98473282	      0.00000000	     -2.95850034	     -3.86214952	      0.00000000	     19.35342977	    -10.19648432	      2.44212100	    -32.89286630	     -3.35295829	     -4.98473282	      0.00000000	     12.23974840	     13.13578264	      0.00000000
      6.36666667	     -0.36185768	      1.91088662	   -170.13465545	      0.72003494	      0.02820321	     -0.42678487	    -14.67157531	      4.80559380	     -5.21764227	      4.66091832	     -5.74261942	     -0.83441243	      0.00208346	     -0.01913535	      0.01688944	      0.00000000	      0.00000000	      0.00000000	      0.01464868	      0.02845373	     -0.00713423	      0.00000000	      0.00000000	      0.00000000	      0.03697670	      0.01639662	     -0.01217781	    209.88480359	     23.24486570	   -100.16681033	     31.27582859	      0.00000000	      0.00000000	      0.00000000	      0.00000000	   -205.79639461	     17.75579770	     74.45948407	     12.67519175	      0.00000000	      0.00000000	      0.00000000	      0.00000000	     15.92509294	    -11.10941517	    -10.11047845	    -32.11881800	     -8.18771051	     -4.98473282	      0.00000000	     -0.71322943	     -2.06724871	      0.00000000	     22.20194427	    -12.35132218	     -0.13634765	    -38.43486571	     -0.84025228	     -4.98473282	      0.00000000	     15.45241803	     14.82732708	      0.00000000
      6.40000000	      2.90043148	      3.19092622	   -170.08697331	      0.72673817	      0.01316350	     -0.42687346	    -12.69357719	      5.66317412	     -5.63062469	      5.51992606	     -5.12662360	      0.90609827	     -0.00119748	     -0.02256095	      0.01746231	      0.00000000	      0.00000000	      0.00000000	      0.01439352	      0.02586943	     -0.00731555	      0.00000000	      0.00000000	      0.00000000	      0.03228084	      0.01787018	     -0.01095588	    208.52206015	     21.68153602	    -97.65826633	     28.06023307	      0.00000000	      0.00000000	      0.00000000	      0.00000000	   -205.33795357	     17.10480398	     74.29926175	     12.47555035	      0.00000000	      0.00000000	      0.00000000	      0.00000000	     23.14018663	    -11.87356786	    -11.35319913	    -38.61170544	     -7.21811917	     -4.98473282	      0.00000000	      2.47955587	      1.12503750	      0.00000000	     29.69900635	    -13.93009379	     -1.21390197	    -45.09691808	      2.38381346	     -4.98473282	      0.00000000	     17.58461724	     13.42418441	      0.00000000
      6.43333333	      3.43802995	      3.44570135	   -170.74946817	      0.73093788	     -0.00228906	     -0.42747616	    -14.11499349	      5.56213710	     -5.16782089	      6.97712109	     -3.95504439	      2.42665562	     -0.00458940	     -0.02651681	      0.01735050	      0.00000000	      0.00000000	      0.00000000	      0.01358796	      0.02477939	     -0.00685991	      0.00000000	      0.00000000	      0.00000000	      0.02669947	      0.01990799	     -0.01030284	    207.64431063	     20.09140936	    -97.14287594	     26.16169319	      0.00000000	      0.00000000	      0.00000000	      0.00000000	   -204.24453184	     15.93685161	     74.29699685	     11.63976157	      0.00000000	      0.00000000	      0.00000000	      0.00000000	     27.15283808	    -12.75730028	    -11.85058529	    -44.69869444	     -4.61665322	     -4.98473282	      0.00000000	      5.56425323	      1.71504428	      0.00000000	     32.92318819	    -15.78742767	     -3.65345018	    -50.38760320	      4.94667555	     -4.98473282	      0.00000000	     19.51675282	     13.39616372	      0.00000000
      6.46666667	      6.16630445	      3.20967692	   -171.22316822	      0.73627489	     -0.02053022	     -0.42617150	    -12.99253085	      4.99080308	     -5.08753659	      8.18519820	     -3.65411627	      3.98164319	     -0.00554785	     -0.03040062	      0.01774260	      0.00000000	      0.00000000	      0.00000000	      0.01481237	      0.02244569	     -0.00480226	      0.00000000	      0.00000000	      0.00000000	      0.02236678	      0.01727162	     -0.01127655	    206.05854187	     18.05756153	    -94.62126738	     23.79374768	      0.00000000	      0.00000000	      0.00000000	      0.00000000	   -203.62858743	     14.96523885	     74.82054514	     10.57212307	      0.00000000	      0.00000000	      0.00000000	      0.00000000	     33.61102329	    -14.93369439	     -9.61597388	    -51.43472467	     -1.04866331	     -2.92043871	      0.00000000	      8.28753281	     -1.21509622	      0.00000000	     38.86307678	    -16.31435012	     -4.85824974	    -56.57770950	      7.93392484	     -4.98473282	      0.00000000	     19.91155736	     11.08361611	      0.00000000
      6.50000000	      9.45205706	      3.19393476	   -171.61619483	      0.74067111	     -0.04055836	     -0.42503415	    -11.15204106	      4.68838684	     -4.81416191	      9.34407480	     -3.47490640	      3.95149296	     -0.00584356	     -0.03412734	      0.01719266	      0.00000000	      0.00000000	      0.00000000	      0.01244628	      0.02314158	     -0.00576486	      0.00000000	      0.00000000	      0.00000000	      0.01785212	      0.01279014	     -0.01006224	    206.50363478	     16.47559208	    -93.13766655	     24.72370070	      0.00000000	      0.00000000	      0.00000000	      0.00000000	   -204.14364245	     14.16087083	     75.53632633	     10.67741624	      0.00000000	      0.00000000	      0.00000000	      0.00000000	     40.32040314	    -16.69093968	     -6.58413267	    -57.12605186	      1.56692694	     -0.27810993	      0.00000000	     10.37589876	     -4.50444778	      0.00000000	     45.71445982	    -17.30954113	     -5.83763570	    -63.10710608	     11.42136987	     -4.98473282	      0.00000000	     20.41644453	      8.82636591	      0.00000000
      6.53333333	     12.15801369	      3.04769806	   -171.34223553	      0.74373564	     -0.06152454	     -0.42311428	     -9.85565749	      4.57644299	     -5.10066521	     10.37650707	     -3.69477294	      3.17412718	     -0.00530872	     -0.03698922	      0.01733822	      0.00000000	      0.00000000	      0.00000000	      0.00815341	      0.02453229	     -0.00407457	      0.00000000	      0.00000000	      0.00000000	      0.01562603	      0.00782476	     -0.01014110	    206.58522836	     15.30842848	    -93.28710184	     25.90719513	      0.00000000	      0.00000000	      0.00000000	      0.00000000	   -204.35153894	     13.28502293	     75.41611599	     10.24844796	      0.00000000	      0.00000000	      0.00000000	      0.00000000	     45.92425874	    -18.86982684	     -5.03961547	    -62.15592245	      3.61658740	      1.23456169	      0.00000000	     12.79655441	     -4.07452035	      0.00000000	     52.10595076	    -17.94279918	     -6.10661457	    -69.23817877	     13.83526441	     -4.81965171	      0.00000000	     20.79431023	      8.07146793	      0.00000000
      6.56666667	     15.41801926	      2.89121757	   -171.15828676	      0.74673123	     -0.08386910	     -0.42157914	     -8.00041543	      4.27971447	     -5.12952623	     11.45572216	     -3.77643321	      2.09539855	     -0.00378714	     -0.03927011	      0.01749530	      0.00000000	      0.00000000	      0.00000000	      0.00253748	      0.02659400	     -0.00088949	      0.00000000	      0.00000000	      0.00000000	      0.01466190	      0.00591816	     -0.01128971	    206.31529416	     14.03505118	    -92.66055154	     26.35725511	      0.00000000	      0.00000000	      0.00000000	      0.00000000	   -204.04979911	     12.40253203	     73.22297453	      9.59427228	      0.00000000	      0.00000000	      0.00000000	      0.00000000	     52.53550633	    -20.83281880	     -4.36677088	    -67.40143563	      5.19669668	      1.02283596	      0.00000000	     15.06487950	     -0.56749901	      0.00000000	     58.99622216	    -18.62424594	     -4.84033807	    -74.35282672	     14.17944397	     -3.02825905	      0.00000000	     21.44292830	      9.41326456	      0.00000000
      6.60000000	     15.13986348	      2.94763683	   -170.53336523	      0.74841867	     -0.10477137	     -0.42124177	    -10.56157498	      4.56070049	     -5.21937630	     12.05929171	     -3.91105944	      1.76271242	     -0.00790251	     -0.04032573	      0.02045261	      0.00000000	      0.00000000	      0.00000000	     -0.00171337	      0.02796245	      0.00217903	      0.00000000	      0.00000000	      0.00000000	      0.01254031	      0.00704947	     -0.01142105	    205.89079587	     11.79446925	    -93.15820517	     26.18265899	      0.00000000	      0.00000000	      0.00000000	      0.00000000	   -203.29384323	     10.66960513	     73.10548619	      9.72184164	      0.00000000	      0.00000000	      0.00000000	      0.00000000	     54.75225098	    -22.00622207	     -3.72902859	    -71.83931156	      7.22626638	      1.13157987	      0.00000000	     17.12957638	      0.65721083	      0.00000000	     62.07842127	    -19.49063752	     -4.22035605	    -78.95115227	     14.89690267	     -2.60241692	      0.00000000	     23.11427662	      9.92651151	      0.00000000
      6.63333333	     20.57051980	      3.56839702	   -170.00927463	      0.75271432	     -0.12922666	     -0.42035669	     -6.02920206	      4.54585247	     -5.86664344	     13.48620985	     -3.87686298	      0.88869494	     -0.00198031	     -0.04223618	      0.01901245	      0.00000000	      0.00000000	      0.00000000	      0.00497054	      0.02376600	      0.00795806	      0.00000000	      0.00000000	      0.00000000	      0.01422939	      0.00410081	     -0.01240500	    202.60416976	      9.30710330	    -88.67090345	     20.77703301	      0.00000000	      0.00000000	      0.00000000	      0.00000000	   -202.33539807	      9.16941446	     65.64079558	      8.51291776	      0.00000000	      0.00000000	      0.00000000	      0.00000000	     64.21797698	    -23.69912650	     -6.38473241	    -77.65544884	      7.43554117	     -2.78946880	      0.00000000	     19.52257684	      4.75963261	      0.00000000	     71.58829321	    -19.16466886	     -4.71937696	    -83.80845722	     13.56668479	     -3.64175548	      0.00000000	     24.41728952	     10.98716901	      0.00000000
      6.66666667	     22.46168345	      3.90064470	   -169.59478476	      0.75689123	     -0.15169283	     -0.42031248	     -6.14334903	      4.65981177	     -6.25419978	     14.97663101	     -3.54260398	      1.05892593	     -0.00199239	     -0.04366991	      0.01803399	      0.00000000	      0.00000000	      0.00000000	      0.00927696	      0.01983701	      0.00894048	      0.00000000	      0.00000000	      0.00000000	      0.01195237	      0.00018915	     -0.00962786	    200.93821361	      6.99683793	    -88.14408610	     17.45039613	      0.00000000	      0.00000000	      0.00000000	      0.00000000	   -201.42906501	      6.88019921	     58.12381736	      7.53722393	      0.00000000	      0.00000000	      0.00000000	      0.00000000	     69.68071096	    -24.59132600	     -7.28574485	    -82.60172657	      6.67097716	     -4.98473282	      0.00000000	     20.67420724	      5.33983696	      0.00000000	     77.13706268	    -19.12416429	     -4.29345343	    -88.29890355	     13.10514027	     -4.00918066	      0.00000000	     25.76918330	     10.37553119	      0.00000000
      6.70000000	     23.99772358	      3.90646037	   -169.60526419	      0.76156960	     -0.17404919	     -0.42086328	     -6.76849342	      4.29591278	     -6.26603902	     16.74521145	     -3.06783048	      1.58405994	     -0.00158517	     -0.04494914	      0.01733409	      0.00000000	      0.00000000	      0.00000000	      0.01117906	      0.01564305	      0.00463530	      0.00000000	      0.00000000	      0.00000000	      0.00924437	     -0.00529717	     -0.00728718	    201.56699643	      5.75617524	    -91.77296872	     17.37432928	      0.00000000	      0.00000000	      0.00000000	      0.00000000	   -199.21432602	      5.20571068	     43.99249960	      3.83884868	      0.00000000	      0.00000000	      0.00000000	      0.00000000	     75.09466955	    -24.91952097	     -5.34865147	    -87.14376517	      5.03849166	     -4.98473282	      0.00000000	     21.17224286	      5.71944442	      0.00000000	     81.99934117	    -19.27620358	     -3.60902055	    -92.67759751	     13.91470019	     -3.90079880	      0.00000000	     26.58929712	      7.99432635	      0.00000000
      6.73333333	     26.03940990	      3.41873212	   -169.82026801	      0.76667519	     -0.19683231	     -0.42127397	     -6.73587921	      3.20081615	     -6.11587439	     17.77049316	     -2.07541785	      2.37198804	     -0.00229278	     -0.04580486	      0.01657465	      0.00000000	      0.00000000	      0.00000000	      0.01136959	      0.01077512	      0.00128869	      0.00000000	      0.00000000	      0.00000000	      0.00279757	     -0.00628510	     -0.00172330	    202.73839213	      5.51535319	    -96.61933556	     18.66591259	      0.00000000	      0.00000000	      0.00000000	      0.00000000	   -198.45241723	      5.32144448	     40.59195586	      2.47977141	      0.00000000	      0.00000000	      0.00000000	      0.00000000	     81.57341945	    -25.26359755	     -2.60672536	    -91.73033554	      3.77234191	     -4.98473282	      0.00000000	     21.13051336	      6.76369634	      0.00000000	     87.01503958	    -19.45181210	     -3.17175797	    -96.73852012	     13.90543739	     -3.57156161	      0.00000000	     26.88314851	      8.02574193	      0.00000000
      6.76666667	     27.69914175	      3.30394748	   -170.13819974	      0.77173025	     -0.21893047	     -0.42164257	     -6.98981980	      2.72055472	     -5.81490903	     19.07070569	     -1.39931690	      3.12718410	     -0.00275025	     -0.04679835	      0.01599302	      0.00000000	      0.00000000	      0.00000000	      0.00939391	      0.00980449	     -0.00360600	      0.00000000	      0.00000000	      0.00000000	     -0.00289922	     -0.00550945	      0.00179848	    204.65680517	      6.02333621	   -100.71743365	     22.26083806	      0.00000000	      0.00000000	      0.00000000	      0.00000000	   -198.19746731	      5.38253393	     39.34470092	      2.00530617	      0.00000000	      0.00000000	      0.00000000	      0.00000000	     87.33913517	    -25.40488731	     -0.65339111	    -95.73926928	      2.58403495	     -4.98473282	      0.00000000	     21.19801446	      8.00084773	      0.00000000	     91.93177866	    -19.87227338	     -2.77853694	   -100.65860647	     13.33535123	     -3.82011160	      0.00000000	     26.61762576	      9.15273245	      0.00000000
      6.80000000	     29.30946043	      3.38483675	   -170.60538973	      0.77643522	     -0.24069174	     -0.42199075	     -7.12493391	      2.62560829	     -5.10999970	     20.41825588	     -1.00822659	      3.82769504	     -0.00304417	     -0.04792441	      0.01526124	      0.00000000	      0.00000000	      0.00000000	      0.00736549	      0.01187740	     -0.00727148	      0.00000000	      0.00000000	      0.00000000	     -0.00426566	     -0.00491976	      0.00352737	    205.80838242	      6.32693649	   -102.28878800	     24.96845500	      0.00000000	      0.00000000	      0.00000000	      0.00000000	   -198.84073504	      4.72251783	     40.75202786	      3.32394757	      0.00000000	      0.00000000	      0.00000000	      0.00000000	     92.82862136	    -25.46903525	      0.80446373	    -99.38921603	      1.71999850	     -4.98473282	      0.00000000	     21.82209135	      8.43526434	      0.00000000	     96.87158349	    -20.54800111	     -2.50700463	   -104.31343154	     12.18566021	     -4.38017292	      0.00000000	     26.15390171	     10.66677881	      0.00000000
      6.83333333	     30.99591537	      3.63432505	   -171.27944094	      0.78039038	     -0.26232244	     -0.42204939	     -6.84241672	      2.81157041	     -4.25531373	     20.88265446	     -1.14207118	      4.31481436	     -0.00391124	     -0.04924082	      0.01520212	      0.00000000	      0.00000000	      0.00000000	      0.00809748	      0.01549266	     -0.01162516	      0.00000000	      0.00000000	      0.00000000	     -0.00057765	     -0.00630497	      0.00508917	    206.45704755	      5.93198125	   -101.40012496	     26.00210643	      0.00000000	      0.00000000	      0.00000000	      0.00000000	   -200.30942922	      3.61657420	     44.48245587	      5.82190300	      0.00000000	      0.00000000	      0.00000000	      0.00000000	     98.08593232	    -25.49978675	      1.75499504	   -102.72517978	      1.04589334	     -4.98473282	      0.00000000	     22.49278662	      8.00886817	      0.00000000	    101.97881567	    -21.39992396	     -1.92864632	   -107.94178247	     10.62179248	     -4.98473282	      0.00000000	     25.80334823	     12.54278884	      0.00000000
      6.86666667	     31.79374929	      3.90979874	   -172.01014201	      0.78391399	     -0.28245782	     -0.42280352	     -7.62284028	      3.15470672	     -2.70387709	     21.75151847	     -1.46441522	      4.39974281	     -0.00455914	     -0.05179700	      0.01510132	      0.00000000	      0.00000000	      0.00000000	      0.00740054	      0.01583584	     -0.01236992	      0.00000000	      0.00000000	      0.00000000	      0.00715971	     -0.00880377	      0.00655684	    205.90093481	      3.77638491	    -97.54304573	     24.95377870	      0.00000000	      0.00000000	      0.00000000	      0.00000000	   -201.84975587	      2.84380092	     52.14437205	      8.30042973	      0.00000000	      0.00000000	      0.00000000	      0.00000000	    101.83536954	    -25.42291923	      2.18949689	   -105.89456982	      1.69751624	     -4.98473282	      0.00000000	     22.74778029	      5.96273088	      0.00000000	    106.03850487	    -22.56202618	     -0.68228657	   -111.17395288	     10.06422127	     -4.98473282	      0.00000000	     25.45040591	     13.32122972	      0.00000000
      6.90000000	     32.64449663	      4.33890607	   -172.51715510	      0.78686399	     -0.30198208	     -0.42404165	     -8.07301467	      3.58481937	     -1.80919538	     22.52551084	     -1.67713211	      4.41634680	     -0.00405787	     -0.05544107	      0.01508845	      0.00000000	      0.00000000	      0.00000000	      0.00375327	      0.01327643	     -0.01233015	      0.00000000	      0.00000000	      0.00000000	      0.01612928	     -0.01262350	      0.00422566	    205.25772968	      2.98554540	    -96.89327469	     24.44236480	      0.00000000	      0.00000000	      0.00000000	      0.00000000	   -201.41824478	      2.46983998	     53.84374460	      7.15741263	      0.00000000	      0.00000000	      0.00000000	      0.00000000	    105.39487995	    -25.55255464	      2.41149586	   -109.09005968	      1.88096726	     -4.98473282	      0.00000000	     22.09840301	      5.49672287	      0.00000000	    110.09965454	    -23.48495357	      0.71590223	   -114.23828770	     10.97941465	     -4.98473282	      0.00000000	     25.25888867	     12.79254158	      0.00000000
      6.93333333	     32.85297011	      4.79081842	   -172.47452768	      0.78928945	     -0.32014073	     -0.42517648	     -8.98809534	      4.11269212	     -1.81650603	     22.72417323	     -1.76924844	      4.03087149	     -0.00411243	     -0.05953238	      0.01472465	      0.00000000	      0.00000000	      0.00000000	      0.00073601	      0.00775423	     -0.00986936	      0.00000000	      0.00000000	      0.00000000	      0.01981620	     -0.01526102	     -0.00082213	    203.99346748	      2.82082026	    -96.53561311	     23.37922772	      0.00000000	      0.00000000	      0.00000000	      0.00000000	   -199.82402556	      3.29096483	     57.22323671	      3.97973158	      0.00000000	      0.00000000	      0.00000000	      0.00000000	    107.95098179	    -26.23706414	      2.79324039	   -112.18170591	      3.14025227	     -4.98473282	      0.00000000	     21.64894081	      5.37512388	      0.00000000	    113.22926677	    -23.64798227	      2.06472833	   -116.89169131	     12.25018370	     -4.98473282	      0.00000000	     25.52339576	     11.91399859	      0.00000000
      6.96666667	     32.65514782	      4.92318938	   -172.14207736	      0.79147984	     -0.33645125	     -0.42683829	    -10.20158214	      4.13017474	     -2.26609052	     22.70213959	     -1.58925320	      3.07037142	     -0.00456258	     -0.06361459	      0.01450670	      0.00000000	      0.00000000	      0.00000000	     -0.00131135	      0.00207996	     -0.00645228	      0.00000000	      0.00000000	      0.00000000	      0.01785952	     -0.01617422	     -0.00670496	    202.91025325	      3.39641895	    -97.15733415	     22.11407527	      0.00000000	      0.00000000	      0.00000000	      0.00000000	   -197.99054196	      4.60621125	     64.42942883	      1.73063162	      0.00000000	      0.00000000	      0.00000000	      0.00000000	    110.10587903	    -26.89925133	      3.66189132	   -114.93727006	      4.17765512	     -4.98473282	      0.00000000	     21.48392485	      4.84790249	      0.00000000	    115.45721494	    -23.61329413	      2.87949284	   -119.08188545	     13.58315388	     -4.98473282	      0.00000000	     25.62699805	     10.40854674	      0.00000000
      7.00000000	     32.12906961	      5.20880961	   -171.44619511	      0.79273918	     -0.35017406	     -0.42802370	    -11.43635799	      4.41137480	     -3.44624000	     23.15722153	     -1.24473636	      2.22525210	     -0.00265969	     -0.06766986	      0.01380560	      0.00000000	      0.00000000	      0.00000000	     -0.00064256	      0.00023524	     -0.00574965	      0.00000000	      0.00000000	      0.00000000	      0.01039373	     -0.01563576	     -0.00532119	    203.10518215	      4.88773400	    -99.71143858	     22.53197815	      0.00000000	      0.00000000	      0.00000000	      0.00000000	   -199.16310206	      5.94526160	     78.90087646	      5.10440972	      0.00000000	      0.00000000	      0.00000000	      0.00000000	    111.24666437	    -27.87716484	      4.56233956	   -116.94475492	      3.07863505	     -4.98473282	      0.00000000	     24.29144920	      7.45618280	      0.00000000	    116.80331191	    -22.98044616	      3.61275203	   -120.57675388	     13.03353382	     -4.98473282	      0.00000000	     26.91564655	     11.18593654	      0.00000000
      7.03333333	     31.68695921	      5.50383569	   -170.75823275	      0.79322743	     -0.36112875	     -0.42868726	    -12.17535020	      4.70354859	     -4.65067735	     23.58042927	     -0.87383987	      1.51007873	      0.00073052	     -0.07062594	      0.01309921	      0.00000000	      0.00000000	      0.00000000	      0.00303248	     -0.00048248	     -0.00552228	      0.00000000	      0.00000000	      0.00000000	      0.00646754	     -0.01845771	     -0.00635576	    203.49311901	      5.90670606	   -100.40033198	     22.23035913	      0.00000000	      0.00000000	      0.00000000	      0.00000000	   -198.65462696	      6.50737943	     79.61786252	      4.33873877	      0.00000000	      0.00000000	      0.00000000	      0.00000000	    112.19229981	    -28.73060125	      5.26545043	   -118.56303289	      1.91044783	     -4.98473282	      0.00000000	     26.64253153	      7.64865369	      0.00000000	    117.81774618	    -22.11731395	      4.24719033	   -121.75261589	     12.33714594	     -4.98473282	      0.00000000	     27.67474573	     11.52005364	      0.00000000
      7.06666667	     31.23663420	      5.55707734	   -170.50424328	      0.79247427	     -0.36862928	     -0.42963177	    -12.71070796	      4.56933968	     -5.15762762	     23.62089168	     -0.82605449	      1.39630162	      0.00353820	     -0.07280809	      0.01413734	      0.00000000	      0.00000000	      0.00000000	      0.00618302	     -0.00174158	     -0.00524099	      0.00000000	      0.00000000	      0.00000000	      0.00505421	     -0.02034704	     -0.00518021	    204.15864927	      6.58090544	   -100.75613766	     21.93355823	      0.00000000	      0.00000000	      0.00000000	      0.00000000	   -198.81672114	      7.00642216	     79.58273983	      4.68705915	      0.00000000	      0.00000000	      0.00000000	      0.00000000	    112.72910540	    -28.83476489	      5.72684597	   -119.82928450	      0.53724155	     -4.98473282	      0.00000000	     28.14844712	      7.01238546	      0.00000000	    118.26188785	    -21.85706654	      4.72782941	   -122.58929620	     12.00740944	     -4.98473282	      0.00000000	     27.90412806	     11.59580102	      0.00000000
      7.10000000	     31.22474314	      5.40353774	   -170.18367784	      0.79116715	     -0.37256474	     -0.42943632	    -12.57699777	      4.37976686	     -6.04833184	     23.29024015	     -0.19201232	      1.66462339	      0.00519208	     -0.07391071	      0.01298666	      0.00000000	      0.00000000	      0.00000000	      0.00771815	     -0.00138140	     -0.00586115	      0.00000000	      0.00000000	      0.00000000	      0.00319467	     -0.01984480	      0.00003352	    204.94814206	      8.52933907	   -105.89415296	     23.53069805	      0.00000000	      0.00000000	      0.00000000	      0.00000000	   -201.20826721	      7.39069591	     81.13530441	      8.11407991	      0.00000000	      0.00000000	      0.00000000	      0.00000000	    113.57505059	    -29.23254494	      6.55689532	   -120.57939014	     -2.48591946	     -4.77957300	      0.00000000	     29.18230996	     10.51317905	      0.00000000	    118.32984628	    -21.43550823	      4.51105033	   -122.75598237	     10.25172959	     -4.98473282	      0.00000000	     28.41782557	     13.50380435	      0.00000000
      7.13333333	     31.24403070	      5.27880266	   -170.31931475	      0.78960984	     -0.37238967	     -0.42942599	    -12.37595168	      4.10878700	     -6.07127336	     22.29696355	      0.15202278	      2.85621013	      0.00414403	     -0.07374585	      0.01459879	      0.00000000	      0.00000000	      0.00000000	      0.01103977	     -0.00230624	     -0.00550220	      0.00000000	      0.00000000	      0.00000000	      0.00158174	     -0.01981918	      0.00253288	    205.43276274	      8.88301066	   -107.07407445	     24.30138314	      0.00000000	      0.00000000	      0.00000000	      0.00000000	   -202.30402777	      8.11376661	     83.70148991	      9.60642269	      0.00000000	      0.00000000	      0.00000000	      0.00000000	    113.83020271	    -29.19571186	      6.75061068	   -120.81982506	     -3.59412104	     -4.67983616	      0.00000000	     28.52015123	     12.47304716	      0.00000000	    117.96293523	    -21.39835960	      4.56835591	   -122.62157276	      9.88431418	     -4.98473282	      0.00000000	     29.27632675	     14.08204834	      0.00000000
      7.16666667	     31.48461054	      5.16167585	   -170.55298035	      0.78869481	     -0.36832144	     -0.42871356	    -11.95460301	      4.03574317	     -5.79058082	     22.09644926	      0.29632844	      3.04602060	      0.00336521	     -0.07254355	      0.01403800	      0.00000000	      0.00000000	      0.00000000	      0.01297246	     -0.00325308	     -0.00477358	      0.00000000	      0.00000000	      0.00000000	      0.00036001	     -0.02073586	      0.00347066	    205.40149619	      8.66572931	   -107.19861792	     24.82101065	      0.00000000	      0.00000000	      0.00000000	      0.00000000	   -202.71108521	      8.36124698	     83.82047922	      9.50630446	      0.00000000	      0.00000000	      0.00000000	      0.00000000	    113.70878889	    -29.21963365	      6.66367316	   -120.28518484	     -3.32225765	     -4.45668283	      0.00000000	     27.64202822	     12.79356003	      0.00000000	    117.37244379	    -21.32674456	      4.49897905	   -122.13568327	     10.14179891	     -4.98473282	      0.00000000	     29.77059109	     14.00809230	      0.00000000
      7.20000000	     32.10917585	      4.68086753	   -170.85824535	      0.78840673	     -0.36057004	     -0.42757048	    -11.09733377	      3.51642054	     -5.84168174	     21.40940057	      0.48670045	      3.83099107	      0.00054666	     -0.07043160	      0.01477207	      0.00000000	      0.00000000	      0.00000000	      0.01002594	     -0.00293009	     -0.00693304	      0.00000000	      0.00000000	      0.00000000	     -0.00086055	     -0.01989324	      0.00426325	    206.93501280	      9.56781235	   -107.97193019	     27.81232480	      0.00000000	      0.00000000	      0.00000000	      0.00000000	   -202.87430001	      8.35569730	     83.59904626	      9.45958644	      0.00000000	      0.00000000	      0.00000000	      0.00000000	    113.64826357	    -28.99463177	      6.91956273	   -119.02092911	     -2.41355091	     -4.20542849	      0.00000000	     27.00155050	     12.31132480	      0.00000000	    116.51395556	    -21.39897699	      3.71727193	   -121.29914500	     11.73298316	     -4.98473282	      0.00000000	     29.45877646	     11.67641914	      0.00000000
      7.23333333	     32.56105436	      4.00249914	   -171.27396812	      0.78864621	     -0.34958692	     -0.42589017	    -10.37952732	      2.90826140	     -5.62073746	     21.12377406	      0.42808996	      4.07992054	     -0.00210892	     -0.06809272	      0.01467791	      0.00000000	      0.00000000	      0.00000000	      0.00495118	     -0.00460689	     -0.00725513	      0.00000000	      0.00000000	      0.00000000	      0.00223385	     -0.01735799	      0.00452081	    207.43376812	      9.97287893	   -107.06039320	     28.84047786	      0.00000000	      0.00000000	      0.00000000	      0.00000000	   -202.19289028	      7.85866073	     82.76113106	      8.26286606	      0.00000000	      0.00000000	      0.00000000	      0.00000000	    112.91305002	    -28.51482756	      5.93704384	   -117.07115126	     -1.86158129	     -4.98473282	      0.00000000	     26.45348892	     11.11680914	      0.00000000	    115.16539020	    -21.62793250	      2.46990930	   -120.04801581	     12.39591632	     -4.98473282	      0.00000000	     28.54306535	      9.94299928	      0.00000000
      7.26666667	     33.06688656	      3.92064089	   -171.71489718	      0.78930406	     -0.33556917	     -0.42375239	     -9.42651199	      3.15536514	     -5.53328725	     21.75287282	     -0.26648936	      3.49561090	     -0.00312651	     -0.06620442	      0.01295651	      0.00000000	      0.00000000	      0.00000000	      0.00426645	     -0.00454514	     -0.01072644	      0.00000000	      0.00000000	      0.00000000	      0.00649034	     -0.01474682	      0.00371002	    207.82228132	      9.31864980	   -104.05060480	     29.01263633	      0.00000000	      0.00000000	      0.00000000	      0.00000000	   -201.39319018	      6.92353604	     81.56073793	      6.49414041	      0.00000000	      0.00000000	      0.00000000	      0.00000000	    111.26947211	    -28.15460231	      4.80857078	   -114.49696854	     -0.74523935	     -4.98473282	      0.00000000	     25.70710836	      9.49597493	      0.00000000	    113.93315948	    -21.60572762	      1.77467795	   -118.30816940	     13.31623439	     -4.98473282	      0.00000000	     28.18201094	      8.79639115	      0.00000000
      7.30000000	     33.27747244	      3.59776031	   -172.30431342	      0.78942381	     -0.31950444	     -0.42189646	     -8.67124303	      2.96399448	     -5.24266807	     22.01696139	     -0.84003603	      2.87502499	     -0.00516503	     -0.06480305	      0.01217675	      0.00000000	      0.00000000	      0.00000000	      0.00644986	     -0.00432200	     -0.01218562	      0.00000000	      0.00000000	      0.00000000	      0.00923190	     -0.01215711	      0.00583052	    207.81144235	      8.16063466	   -100.78030735	     28.13271945	      0.00000000	      0.00000000	      0.00000000	      0.00000000	   -201.48853800	      5.98236191	     80.20084798	      6.25923705	      0.00000000	      0.00000000	      0.00000000	      0.00000000	    109.06340212	    -27.41916436	      3.85564487	   -111.74674007	      0.32064728	     -4.98473282	      0.00000000	     24.52109838	      8.31595739	      0.00000000	    111.90996176	    -21.86022216	      0.86618952	   -116.14423322	     13.43929821	     -4.98473282	      0.00000000	     28.27053523	      8.65888025	      0.00000000
      7.33333333	     33.12948809	      3.47844032	   -172.96730361	      0.78848155	     -0.30204998	     -0.42040989	     -8.04783090	      2.95911108	     -4.69496477	     22.47351630	     -1.35295050	      2.05527357	     -0.00575853	     -0.06414914	      0.01109874	      0.00000000	      0.00000000	      0.00000000	      0.01027938	     -0.00250093	     -0.01439645	      0.00000000	      0.00000000	      0.00000000	      0.00732400	     -0.01243783	      0.00800081	    207.97281165	      7.07633398	    -98.93031835	     27.64734500	      0.00000000	      0.00000000	      0.00000000	      0.00000000	   -202.42860933	      5.33572011	     77.81588268	      7.23515705	      0.00000000	      0.00000000	      0.00000000	      0.00000000	    106.20391175	    -26.51669060	      2.58191975	   -108.90847572	      1.00473594	     -4.98473282	      0.00000000	     23.06034921	      7.30322156	      0.00000000	    109.43864842	    -22.11464742	      0.27182450	   -113.81956942	     13.36243992	     -4.98473282	      0.00000000	     27.96975024	      8.43354721	      0.00000000
      7.36666667	     32.29638232	      3.59540619	   -173.54907125	      0.78634646	     -0.28339520	     -0.41907373	     -7.95050533	      3.31876552	     -4.09375484	     23.07145872	     -1.11830545	      1.45902744	     -0.00467466	     -0.06383285	      0.00808389	      0.00000000	      0.00000000	      0.00000000	      0.01363263	     -0.00147887	     -0.01674933	      0.00000000	      0.00000000	      0.00000000	      0.00465850	     -0.01477126	      0.00880801	    207.94406318	      6.25383335	    -98.36027206	     27.37709169	      0.00000000	      0.00000000	      0.00000000	      0.00000000	   -203.77011037	      3.92276352	     68.46196387	      8.74163847	      0.00000000	      0.00000000	      0.00000000	      0.00000000	    102.43467141	    -25.59555834	      1.03896631	   -106.02852044	      2.57437512	     -4.98473282	      0.00000000	     22.00648541	      4.32106785	      0.00000000	    106.16259679	    -22.10967680	     -0.02569187	   -111.47399675	     13.74800597	     -4.98473282	      0.00000000	     27.31669097	      6.78079982	      0.00000000
      7.40000000	     31.30681217	      3.33126441	   -174.24983552	      0.78361166	     -0.26437009	     -0.41888481	     -7.82891478	      2.96953112	     -3.29610588	     22.88973429	     -1.05008114	      1.43452036	     -0.00344410	     -0.06303527	      0.00830701	      0.00000000	      0.00000000	      0.00000000	      0.01380623	     -0.00253527	     -0.01876349	      0.00000000	      0.00000000	      0.00000000	      0.00525322	     -0.01551401	      0.00749226	    208.29072438	      6.83456622	   -100.98443862	     27.80182167	      0.00000000	      0.00000000	      0.00000000	      0.00000000	   -203.39780982	      2.50120893	     55.17319775	      8.55205517	      0.00000000	      0.00000000	      0.00000000	      0.00000000	     99.09839482	    -24.16337995	      0.22029863	   -103.23991051	      3.81432330	     -4.98473282	      0.00000000	     20.48421609	      0.87359934	      0.00000000	    102.40688483	    -22.45968371	      0.59336239	   -108.69279237	     14.64531799	     -3.68266045	      0.00000000	     26.12153407	      5.19346485	      0.00000000
      7.43333333	     29.44562847	      3.03027587	   -174.53799310	      0.78009595	     -0.24458459	     -0.41932820	     -8.53382595	      2.65067826	     -2.45155396	     22.44267565	     -0.71554675	      1.07595674	     -0.00226193	     -0.06174755	      0.00750188	      0.00000000	      0.00000000	      0.00000000	      0.01080233	     -0.00475853	     -0.02083455	      0.00000000	      0.00000000	      0.00000000	      0.00635393	     -0.01235187	      0.00677768	    208.65571367	      7.31226998	   -101.14837039	     27.71965816	      0.00000000	      0.00000000	      0.00000000	      0.00000000	   -203.11153071	      2.81214297	     53.05661840	      9.14765798	      0.00000000	      0.00000000	      0.00000000	      0.00000000	     94.72739545	    -23.15875550	     -0.50698366	   -100.18678499	      3.73949764	     -4.98473282	      0.00000000	     20.12990577	      0.29904411	      0.00000000	     97.58832692	    -22.61735211	      0.75052075	   -105.70266505	     14.57110707	     -2.77732337	      0.00000000	     25.77828993	      5.91433118	      0.00000000
      7.46666667	     27.35494481	      3.06756326	   -174.07345074	      0.77663429	     -0.22411211	     -0.41948138	     -9.36322886	      2.96084871	     -2.39107385	     22.47832049	     -0.47315224	      1.14880056	      0.00024606	     -0.06025036	      0.00651715	      0.00000000	      0.00000000	      0.00000000	      0.00733334	     -0.00397042	     -0.02315235	      0.00000000	      0.00000000	      0.00000000	      0.00840404	     -0.01111337	      0.00354678	    209.04703678	      8.09981808	   -100.72899991	     27.96580863	      0.00000000	      0.00000000	      0.00000000	      0.00000000	   -201.70394759	      3.66711804	     51.41698371	      7.08233998	      0.00000000	      0.00000000	      0.00000000	      0.00000000	     89.61090758	    -23.04647137	     -1.62553628	    -96.84596042	      4.16903976	     -4.98473282	      0.00000000	     19.77143656	      0.70508729	      0.00000000	     92.72398133	    -22.11418915	      1.39430773	   -102.31863096	     13.59295253	     -1.55172258	      0.00000000	     26.15545021	      8.02936695	      0.00000000
      7.50000000	     25.79313571	      3.22233696	   -172.97047333	      0.77359615	     -0.20342891	     -0.41934659	     -9.47328135	      3.49239972	     -2.93772626	     21.72962073	     -0.81766966	      1.21108071	     -0.00008419	     -0.05835505	      0.00709839	      0.00000000	      0.00000000	      0.00000000	      0.00544770	      0.00021998	     -0.02317161	      0.00000000	      0.00000000	      0.00000000	      0.01015015	     -0.01166198	      0.00089960	    209.34216870	      8.72891153	   -100.34688154	     28.84099393	      0.00000000	      0.00000000	      0.00000000	      0.00000000	   -200.68862266	      4.44008414	     50.84284238	      4.97527259	      0.00000000	      0.00000000	      0.00000000	      0.00000000	     84.75188695	    -23.60593660	     -2.91394978	    -93.36497062	      4.90546061	     -4.98473282	      0.00000000	     18.63855869	      1.94072930	      0.00000000	     88.42088287	    -20.98916386	      1.49743927	    -98.66001162	     12.42554068	     -0.81393687	      0.00000000	     26.77192247	      9.72587694	      0.00000000
      7.53333333	     24.22020807	      3.19226511	   -171.94958746	      0.77071773	     -0.18287971	     -0.41875797	     -9.43468517	      3.85558098	     -3.36825484	     21.69864292	     -1.59379339	      1.18100523	      0.00152121	     -0.05615839	      0.00883633	      0.00000000	      0.00000000	      0.00000000	      0.00431898	      0.00678044	     -0.02087680	      0.00000000	      0.00000000	      0.00000000	      0.01067164	     -0.01226746	     -0.00133254	    209.33590804	      9.56872595	   -101.33853277	     29.96802199	      0.00000000	      0.00000000	      0.00000000	      0.00000000	   -200.48609675	      5.07264441	     49.70837646	      3.91215860	      0.00000000	      0.00000000	      0.00000000	      0.00000000	     79.60593220	    -24.00030565	     -4.02554384	    -89.64911513	      5.98532328	     -4.98473282	      0.00000000	     17.97049176	      3.37452078	      0.00000000	     84.07751800	    -19.98726502	      1.21821618	    -94.90689190	     10.86334075	      0.00864507	      0.00000000	     26.54284171	     10.45437893	      0.00000000
      7.56666667	     24.45305971	      3.17499789	   -171.60668524	      0.76833156	     -0.16334908	     -0.41848665	     -7.11058476	      3.81218077	     -3.35941552	     21.43347266	     -1.85963931	      1.14916004	      0.00368842	     -0.05395892	      0.00993232	      0.00000000	      0.00000000	      0.00000000	      0.00475499	      0.01167526	     -0.01822216	      0.00000000	      0.00000000	      0.00000000	      0.01149533	     -0.01045343	     -0.00312601	    209.09314924	     10.51678436	   -101.80240120	     30.05633816	      0.00000000	      0.00000000	      0.00000000	      0.00000000	   -200.95920287	      5.95065310	     49.13747392	      4.41751517	      0.00000000	      0.00000000	      0.00000000	      0.00000000	     76.68291610	    -23.70960303	     -4.81265704	    -85.83300386	      6.42386605	     -4.98473282	      0.00000000	     17.22559506	      3.56807320	      0.00000000	     81.46643382	    -19.49160103	      0.18287677	    -90.83476188	     10.15391716	      0.46553143	      0.00000000	     25.63469728	      9.83786696	      0.00000000
      7.60000000	     22.56787833	      2.86207560	   -171.11366641	      0.76542452	     -0.14253778	     -0.41742940	     -7.53646589	      3.79251997	     -4.33584283	     21.22240075	     -2.56791530	      1.67896426	      0.00163826	     -0.05148162	      0.01392175	      0.00000000	      0.00000000	      0.00000000	      0.00257053	      0.01388017	     -0.01388898	      0.00000000	      0.00000000	      0.00000000	      0.01067553	     -0.00446135	     -0.00215667	    208.08463389	     12.39034237	   -105.00581349	     29.38781434	      0.00000000	      0.00000000	      0.00000000	      0.00000000	   -201.88252259	      5.48905968	     48.22288836	      6.20536248	      0.00000000	      0.00000000	      0.00000000	      0.00000000	     71.15833459	    -24.01682065	     -5.62004671	    -81.58568526	      7.39380860	     -4.20164497	      0.00000000	     17.16131612	      2.60437237	      0.00000000	     76.33294528	    -18.86396034	     -0.45841931	    -86.07205421	     12.21829051	      1.12080964	      0.00000000	     24.21346581	      7.44291283	      0.00000000
      7.63333333	     22.40508554	      2.86856991	   -171.49036684	      0.76230858	     -0.12293979	     -0.41735876	     -5.68114141	      3.69066773	     -4.85846814	     19.34820885	     -2.71836988	      1.98900263	     -0.00152413	     -0.04912950	      0.01574018	      0.00000000	      0.00000000	      0.00000000	      0.00410828	      0.01329389	     -0.01137659	      0.00000000	      0.00000000	      0.00000000	      0.00792836	      0.00183281	     -0.00473770	    207.05841675	     13.44949954	   -103.28086870	     27.30106760	      0.00000000	      0.00000000	      0.00000000	      0.00000000	   -201.47552712	      6.96881019	     50.03092413	      5.81994847	      0.00000000	      0.00000000	      0.00000000	      0.00000000	     67.86799069	    -23.13862248	     -5.92170131	    -77.19644260	      7.16100563	     -3.44525330	      0.00000000	     16.25500666	      1.73144272	      0.00000000	     73.12868705	    -19.13258173	     -1.28979126	    -81.43128360	     13.43716760	      1.41972050	      0.00000000	     22.77735492	      7.56186377	      0.00000000
      7.66666667	     21.12661107	      2.71456672	   -172.15139768	      0.75864572	     -0.10273259	     -0.41844299	     -5.34538555	      3.41908246	     -5.06988292	     18.37255840	     -2.26080862	      1.93800109	     -0.00297724	     -0.04724440	      0.01602460	      0.00000000	      0.00000000	      0.00000000	      0.00915483	      0.01126849	     -0.01053273	      0.00000000	      0.00000000	      0.00000000	      0.00176188	      0.00959977	     -0.00384085	    205.92231344	     12.42277251	    -96.11298718	     24.27661207	      0.00000000	      0.00000000	      0.00000000	      0.00000000	   -202.22315121	      9.14838858	     64.27954866	      8.06407611	      0.00000000	      0.00000000	      0.00000000	      0.00000000	     63.34914611	    -21.63814142	     -5.04975615	    -72.32350872	      6.06563155	     -1.93749071	      0.00000000	     15.29608012	      1.75710437	      0.00000000	     68.52883824	    -19.69582819	     -2.14207432	    -76.86663880	     12.92101290	      1.59828086	      0.00000000	     21.74981275	     10.05448527	      0.00000000
      7.70000000	     20.33744951	      3.58306141	   -173.17849591	      0.75444073	     -0.08312702	     -0.42062326	     -4.28900824	      4.20045126	     -5.23317256	     16.03600064	     -2.03505243	      2.32434489	     -0.00607230	     -0.04543786	      0.01605309	      0.00000000	      0.00000000	      0.00000000	      0.01279154	      0.01259106	     -0.01064979	      0.00000000	      0.00000000	      0.00000000	      0.00051306	      0.00896110	     -0.00918777	    204.90976991	     13.65091503	    -94.93182191	     23.86791512	      0.00000000	      0.00000000	      0.00000000	      0.00000000	   -200.78149478	     10.11388823	     67.69812296	      6.03204400	      0.00000000	      0.00000000	      0.00000000	      0.00000000	     59.26693573	    -18.76451499	     -5.39928328	    -67.36245048	      4.76574344	     -1.75456059	      0.00000000	     13.52656684	      2.17362130	      0.00000000	     65.07527102	    -21.07789455	     -2.73132728	    -73.17519792	     13.31994110	      1.13124370	      0.00000000	     20.27145753	     11.27725810	      0.00000000
      7.73333333	     17.37478589	      4.08987302	   -173.83735420	      0.74962083	     -0.06226423	     -0.42280584	     -6.24577613	      4.75998287	     -5.12462847	     15.21057645	     -1.60444098	      2.02061104	     -0.00838914	     -0.04539941	      0.01567685	      0.00000000	      0.00000000	      0.00000000	      0.01380313	      0.01382930	     -0.01136332	      0.00000000	      0.00000000	      0.00000000	      0.00168574	      0.00746235	     -0.00796685	    204.89376308	     14.64309810	    -96.25473381	     25.79743355	      0.00000000	      0.00000000	      0.00000000	      0.00000000	   -201.65862903	      9.56094971	     72.44408482	      8.25918744	      0.00000000	      0.00000000	      0.00000000	      0.00000000	     52.93499519	    -16.02314172	     -5.64859039	    -62.20601144	      1.90846735	     -1.81942559	      0.00000000	     11.52515562	      3.41805823	      0.00000000	     58.92343115	    -21.83702483	     -3.85798042	    -69.31354078	     14.89690267	      0.14755240	      0.00000000	     18.07046782	      9.23843427	      0.00000000
      7.76666667	     15.66739064	      4.62874621	   -174.67318102	      0.74504240	     -0.04299751	     -0.42483814	     -6.68660402	      5.22474188	     -4.42354128	     13.17469326	     -1.23127345	      1.91469537	     -0.01191570	     -0.04456026	      0.01479686	      0.00000000	      0.00000000	      0.00000000	      0.01065330	      0.01541334	     -0.01101088	      0.00000000	      0.00000000	      0.00000000	      0.00786224	      0.00663343	     -0.00532098	    205.73422701	     17.05721131	    -99.49992836	     29.60603712	      0.00000000	      0.00000000	      0.00000000	      0.00000000	   -203.49991427	      9.20071883	     75.41061879	     11.81262366	      0.00000000	      0.00000000	      0.00000000	      0.00000000	     48.51791756	    -13.26666357	     -5.46058707	    -57.60061294	     -0.42653386	     -2.11425348	      0.00000000	      9.31570604	      2.53322049	      0.00000000	     53.98590621	    -22.29952270	     -4.90111561	    -65.10496278	     14.89690267	     -0.66828562	      0.00000000	     16.63399846	      8.13304807	      0.00000000
      7.80000000	     12.82585422	      4.92576700	   -175.15434023	      0.73975931	     -0.02373314	     -0.42577450	     -8.63831036	      5.71755652	     -3.55144925	     12.29761278	     -1.15924347	      2.05540865	     -0.01503491	     -0.04427279	      0.01379046	      0.00000000	      0.00000000	      0.00000000	      0.00290834	      0.01502776	     -0.00751701	      0.00000000	      0.00000000	      0.00000000	      0.00852612	      0.00903549	     -0.00403743	    206.03717454	     18.86132174	   -101.44974107	     32.29771085	      0.00000000	      0.00000000	      0.00000000	      0.00000000	   -205.45643878	     10.86151487	     84.18428724	     16.17361886	      0.00000000	      0.00000000	      0.00000000	      0.00000000	     42.76532573	    -10.97228795	     -5.14764809	    -52.73864546	     -2.74611500	     -2.57327554	      0.00000000	      6.96355084	      2.22783046	      0.00000000	     47.66213974	    -22.12964788	     -7.18633085	    -60.49525461	     14.89690267	     -2.64076854	      0.00000000	     16.25904897	      7.23874161	      0.00000000
      7.83333333	     10.04084206	      5.04460288	   -175.22869091	      0.73349336	     -0.00602711	     -0.42659866	    -10.23498274	      6.02732835	     -2.81144838	     10.73224776	     -1.82909134	      2.00102942	     -0.01841997	     -0.04244780	      0.01434003	      0.00000000	      0.00000000	      0.00000000	     -0.00359685	      0.01442056	     -0.00634504	      0.00000000	      0.00000000	      0.00000000	      0.00898730	      0.01197970	     -0.00427754	    206.94508783	     19.48087687	   -100.14664526	     33.89726867	      0.00000000	      0.00000000	      0.00000000	      0.00000000	   -206.23326427	     12.88703850	     87.81736489	     18.02000446	      0.00000000	      0.00000000	      0.00000000	      0.00000000	     36.87843187	     -9.01652585	     -5.13216359	    -47.63912954	     -5.14482001	     -3.79233963	      0.00000000	      4.95232228	      4.01842979	      0.00000000	     41.37963817	    -21.40866410	     -9.32134765	    -55.35979023	     14.89690267	     -4.60198759	      0.00000000	     17.08667641	      6.86671655	      0.00000000
      7.86666667	      9.26118156	      4.82633626	   -174.61942599	      0.72851032	      0.00914507	     -0.42674009	     -9.39146429	      6.04886380	     -2.98031196	      8.16494470	     -2.60174504	      1.84371981	     -0.02271677	     -0.03854036	      0.01376124	      0.00000000	      0.00000000	      0.00000000	     -0.00836401	      0.01407961	     -0.00685961	      0.00000000	      0.00000000	      0.00000000	      0.00901429	      0.01147612	     -0.00694407	    207.26401383	     20.09770020	    -98.57713972	     33.90343592	      0.00000000	      0.00000000	      0.00000000	      0.00000000	   -206.19628500	     14.15987422	     86.60718548	     17.59729765	      0.00000000	      0.00000000	      0.00000000	      0.00000000	     33.01754110	     -8.14009275	     -5.18408703	    -42.35336156	     -6.78455372	     -4.98473282	      0.00000000	      2.30607757	      4.88544888	      0.00000000	     37.96642180	    -19.34788363	     -8.35110036	    -50.27566702	     13.23880542	     -4.98473282	      0.00000000	     16.43267645	      5.53764130	      0.00000000
      7.90000000	      3.24114437	      3.59222123	   -172.99734637	      0.71878800	      0.02499775	     -0.42671738	    -14.24665587	      5.51134278	     -3.96115804	      7.50407617	     -2.95904911	      1.27818616	     -0.02221769	     -0.03463842	      0.01331623	      0.00000000	      0.00000000	      0.00000000	     -0.00677051	      0.01387895	     -0.01096057	      0.00000000	      0.00000000	      0.00000000	      0.01181593	      0.00938716	     -0.00567180	    208.25360550	     19.76365943	    -96.33584412	     34.04355368	      0.00000000	      0.00000000	      0.00000000	      0.00000000	   -206.09613008	     12.75662815	     77.79716275	     16.27955503	      0.00000000	      0.00000000	      0.00000000	      0.00000000	     22.10372012	     -8.22361695	     -5.04311795	    -35.16753995	    -11.12262207	     -4.98473282	      0.00000000	      0.78540876	      6.92276055	      0.00000000	     27.89800461	    -16.77685310	     -6.87578677	    -43.56226392	     10.20361691	     -4.98473282	      0.00000000	     15.33757267	      5.84728235	      0.00000000
      7.93333333	     -0.33606426	      1.74934679	   -171.72474780	      0.71083081	      0.03784114	     -0.42677728	    -16.33917365	      4.02741432	     -4.96376174	      4.96285475	     -2.88496789	     -0.04433441	     -0.02274607	     -0.02781239	      0.01190722	      0.00000000	      0.00000000	      0.00000000	     -0.00586045	      0.01638318	     -0.01293729	      0.00000000	      0.00000000	      0.00000000	      0.01811002	      0.00712842	     -0.00396514	    209.83917946	     21.87297285	    -98.14999087	     35.54673512	      0.00000000	      0.00000000	      0.00000000	      0.00000000	   -205.72861450	     11.46224706	     67.99218373	     15.46176040	      0.00000000	      0.00000000	      0.00000000	      0.00000000	     14.12706453	     -9.09967828	     -5.26162209	    -28.32458698	    -13.30726521	     -4.98473282	      0.00000000	     -2.47084964	      2.69737669	      0.00000000	     20.48615426	    -13.50314820	     -4.01886002	    -37.27593854	      7.59579681	     -4.98473282	      0.00000000	     12.28681369	      4.85651966	      0.00000000
      7.96666667	     -3.58237087	     -0.29529327	   -171.75105777	      0.70304491	      0.04857833	     -0.42650889	    -18.20077783	      2.10880378	     -5.28224928	      2.84612313	     -2.51047813	     -1.02494386	     -0.02013995	     -0.02066406	      0.00947137	      0.00000000	      0.00000000	      0.00000000	      0.00021809	      0.01890497	     -0.01048430	      0.00000000	      0.00000000	      0.00000000	      0.02174506	      0.00631441	     -0.00521307	    210.15450471	     23.98812904	   -100.91671833	     36.00637903	      0.00000000	      0.00000000	      0.00000000	      0.00000000	   -204.63836062	     11.57500975	     60.92416590	     13.69658455	      0.00000000	      0.00000000	      0.00000000	      0.00000000	      6.97536865	    -10.06587108	     -5.41684199	    -21.78594517	    -12.80818306	     -4.98473282	      0.00000000	     -7.39681729	     -6.29382977	      0.00000000	     12.51484469	    -10.66128630	     -2.03407429	    -30.08859063	      4.95204246	     -4.98473282	      0.00000000	      8.75883608	      3.35032598	      0.00000000
      8.00000000	     -2.65569025	     -0.91529924	   -172.17866571	      0.69908869	      0.05520121	     -0.42679372	    -15.36541600	      1.07119584	     -4.92772096	      1.54478704	     -1.93755331	     -1.49384857	     -0.01241369	     -0.01557678	      0.00612545	      0.00000000	      0.00000000	      0.00000000	      0.00787804	      0.02103302	     -0.00639523	      0.00000000	      0.00000000	      0.00000000	      0.02328461	      0.00889465	     -0.00633584	    209.83524592	     25.47133475	   -100.93805153	     34.96898648	      0.00000000	      0.00000000	      0.00000000	      0.00000000	   -204.76485533	     13.99904087	     60.20083188	     13.26295906	      0.00000000	      0.00000000	      0.00000000	      0.00000000	      5.65626561	    -10.43628388	     -5.59515617	    -16.95336585	    -14.89690267	     -4.98473282	      0.00000000	    -10.01379440	     -7.84148729	      0.00000000	     10.14839844	     -9.29309024	     -0.84220905	    -24.49182613	      3.25330406	     -4.98473282	      0.00000000	      5.90220113	      2.13986512	      0.00000000
      8.03333333	     -3.93923282	     -1.58548654	   -172.88630567	      0.69394146	      0.05984825	     -0.42685514	    -15.24065667	      0.21565417	     -3.97858708	      0.33876043	     -0.21933615	     -2.21935651	     -0.00722611	     -0.00939058	      0.00064263	      0.00000000	      0.00000000	      0.00000000	      0.01024705	      0.02199778	      0.00158077	      0.00000000	      0.00000000	      0.00000000	      0.02670371	      0.01309509	     -0.01082270	    207.94225273	     26.29726216	    -99.46330898	     31.13105112	      0.00000000	      0.00000000	      0.00000000	      0.00000000	   -203.59291167	     16.44520860	     60.02607053	     11.10703518	      0.00000000	      0.00000000	      0.00000000	      0.00000000	      1.87778224	    -10.50961815	     -4.44614814	    -12.85023106	    -13.95006095	     -4.98473282	      0.00000000	    -11.78925402	    -10.20579592	      0.00000000	      4.97076161	     -8.30693321	      0.55249902	    -18.24238309	      1.67369650	     -4.98473282	      0.00000000	      3.15118671	      0.22025213	      0.00000000
      8.06666667	     -4.06379404	     -1.43506483	   -173.53776212	      0.69076483	      0.06248945	     -0.42697583	    -14.09892937	      0.31956866	     -3.02438565	      1.52255096	      0.74707882	     -1.36764858	      0.00119791	     -0.00774523	     -0.00291617	      0.00000000	      0.00000000	      0.00000000	      0.01256522	      0.02317169	      0.00232501	      0.00000000	      0.00000000	      0.00000000	      0.02951057	      0.01536657	     -0.01409819	    207.18859397	     26.00107596	    -93.55685084	     28.48939920	      0.00000000	      0.00000000	      0.00000000	      0.00000000	   -203.49092892	     18.15866335	     60.84017605	      9.87008474	      0.00000000	      0.00000000	      0.00000000	      0.00000000	     -0.06284113	    -10.10411115	     -3.85346840	     -9.58712618	    -14.25823877	     -4.98473282	      0.00000000	    -12.17885842	     -8.33327968	      0.00000000	      2.07648200	     -8.56681341	     -1.30007701	    -13.57745277	      2.99744062	     -4.98473282	      0.00000000	      1.43045498	     -0.88034990	      0.00000000
      8.10000000	     -3.23057961	     -1.43419847	   -173.48018179	      0.68965655	      0.06405421	     -0.42687648	    -12.20546719	      0.27346164	     -2.57917910	      2.49184451	      1.42012197	     -0.41066187	      0.00722708	     -0.00790183	     -0.00459602	      0.00000000	      0.00000000	      0.00000000	      0.01161457	      0.02475350	      0.00139695	      0.00000000	      0.00000000	      0.00000000	      0.03196845	      0.01420153	     -0.01615709	    207.94138222	     26.38533936	    -89.29383692	     28.69878849	      0.00000000	      0.00000000	      0.00000000	      0.00000000	   -203.45480689	     19.28286925	     62.06836096	      9.43934872	      0.00000000	      0.00000000	      0.00000000	      0.00000000	     -0.54639148	    -10.05740790	     -3.36744943	     -7.52748694	    -14.89690267	     -4.98473282	      0.00000000	    -12.32110462	     -7.67576261	      0.00000000	      1.50031312	     -8.41431644	     -2.15847924	    -10.90083133	      4.35493589	     -4.98473282	      0.00000000	     -0.33606995	     -2.37490114	      0.00000000
      8.13333333	     -2.76650512	     -1.71730007	   -172.81191148	      0.68887266	      0.06549925	     -0.42621565	    -10.93936526	      0.11964968	     -2.70919130	      2.97014871	      1.36800639	      0.40976475	      0.00986999	     -0.00936586	     -0.00471521	      0.00000000	      0.00000000	      0.00000000	      0.01236977	      0.02500034	      0.00101751	      0.00000000	      0.00000000	      0.00000000	      0.03054895	      0.01124799	     -0.01777419	    208.92760392	     26.72302841	    -88.31023964	     30.01606046	      0.00000000	      0.00000000	      0.00000000	      0.00000000	   -203.47043533	     20.19805113	     62.54832136	      9.51763079	      0.00000000	      0.00000000	      0.00000000	      0.00000000	     -1.35457165	    -10.28924727	     -4.93953021	     -5.67517495	    -14.89690267	     -4.98473282	      0.00000000	    -13.58878180	    -10.37632655	      0.00000000	      1.24564303	     -7.89168048	     -2.27327329	     -9.28291909	      4.87316397	     -4.98473282	      0.00000000	     -1.66673803	     -3.37211547	      0.00000000
      8.16666667	     -2.87864157	     -2.13068358	   -171.89428054	      0.68750846	      0.06683381	     -0.42545505	    -10.29162983	     -0.22222165	     -3.24157601	      2.40553937	      0.79119989	      1.27110904	      0.01020361	     -0.01124922	     -0.00208893	      0.00000000	      0.00000000	      0.00000000	      0.01576027	      0.02325345	      0.00220899	      0.00000000	      0.00000000	      0.00000000	      0.02608448	      0.00939957	     -0.01919608	    210.05280098	     27.06444604	    -89.19359965	     31.13139618	      0.00000000	      0.00000000	      0.00000000	      0.00000000	   -203.42598133	     21.40723940	     61.66397524	      9.90832543	      0.00000000	      0.00000000	      0.00000000	      0.00000000	     -2.70288716	    -10.50679205	     -7.08776890	     -3.94624143	    -14.89690267	     -4.98473282	      0.00000000	    -15.74931503	    -14.43618747	      0.00000000	      0.62639663	     -7.26099964	     -2.13022550	     -8.09863966	      4.54404852	     -4.98473282	      0.00000000	     -2.59324603	     -3.75250921	      0.00000000
      8.20000000	     -3.29516813	     -2.56500214	   -171.05562793	      0.68561669	      0.06750903	     -0.42462313	     -9.99413118	     -0.61971801	     -3.86572560	      0.58017362	     -0.14473308	      1.91305763	      0.00755779	     -0.01251231	      0.00139356	      0.00000000	      0.00000000	      0.00000000	      0.01890171	      0.01954661	      0.00307923	      0.00000000	      0.00000000	      0.00000000	      0.02186261	      0.00916364	     -0.02035171	    210.60272227	     27.34941287	    -90.30191441	     30.48442918	      0.00000000	      0.00000000	      0.00000000	      0.00000000	   -203.40271521	     22.62559714	     59.73392292	     10.07845066	      0.00000000	      0.00000000	      0.00000000	      0.00000000	     -4.26902461	    -10.66340007	     -8.59305310	     -2.48747593	    -14.89690267	     -4.98473282	      0.00000000	    -17.38560874	    -16.88040672	      0.00000000	     -0.47077336	     -6.69833036	     -2.39375526	     -6.69120760	      3.95585119	     -4.98473282	      0.00000000	     -3.04456456	     -3.31766036	      0.00000000
      8.23333333	     -5.33946028	     -2.88349993	   -170.88478898	      0.68127728	      0.06760801	     -0.42413770	    -11.23480195	     -0.89256076	     -4.17431370	     -2.06711882	     -1.11791880	      3.00866807	      0.00499653	     -0.01268578	      0.00667094	      0.00000000	      0.00000000	      0.00000000	      0.02254339	      0.01398231	      0.00327092	      0.00000000	      0.00000000	      0.00000000	      0.02155682	      0.00921855	     -0.02033917	    210.59894297	     27.54715426	    -90.75771617	     28.23060908	      0.00000000	      0.00000000	      0.00000000	      0.00000000	   -202.85528018	     23.37647700	     55.47572793	      9.07002396	      0.00000000	      0.00000000	      0.00000000	      0.00000000	     -7.68960556	    -10.39786886	     -8.64944953	     -0.88010489	    -14.81131466	     -4.98473282	      0.00000000	    -17.31192407	    -15.88230214	      0.00000000	     -3.97433200	     -6.68083499	     -5.10666596	     -4.39527665	      5.18686383	     -4.98473282	      0.00000000	     -3.36818178	     -2.08780454	      0.00000000
      8.26666667	     -8.69264612	     -3.45233371	   -171.87084092	      0.67352589	      0.06718414	     -0.42221960	    -13.60023009	     -1.27789685	     -3.79605148	     -4.49326906	     -1.64018950	      3.19367300	      0.00428908	     -0.01268452	      0.00877530	      0.00000000	      0.00000000	      0.00000000	      0.02528718	      0.01134478	     -0.00003755	      0.00000000	      0.00000000	      0.00000000	      0.02193129	      0.00774417	     -0.02052295	    211.24173743	     27.72467383	    -89.26850202	     27.48285387	      0.00000000	      0.00000000	      0.00000000	      0.00000000	   -202.02522776	     24.19032829	     50.70421620	      6.82536463	      0.00000000	      0.00000000	      0.00000000	      0.00000000	    -12.71507727	    -10.54713953	    -10.70533642	      1.16025693	    -12.08499678	     -4.98473282	      0.00000000	    -15.74659767	    -10.74121313	      0.00000000	    -10.91494462	     -5.97146533	    -16.79368927	      1.31653433	     14.89690267	     -4.98473282	      0.00000000	     -5.98107459	     -2.24401547	      0.00000000
      8.30000000	    -11.25432720	     -3.65095069	   -172.62439771	      0.66815969	      0.06596738	     -0.42114195	    -15.33360248	     -1.55401499	     -3.35666229	     -7.14952223	     -2.09361116	      3.96966504	      0.00219961	     -0.01149589	      0.01394561	      0.00000000	      0.00000000	      0.00000000	      0.02448453	      0.00872141	      0.00038358	      0.00000000	      0.00000000	      0.00000000	      0.02172830	      0.00666573	     -0.01829102	    212.01748411	     28.38051458	    -89.35478844	     27.96742983	      0.00000000	      0.00000000	      0.00000000	      0.00000000	   -201.55824094	     24.92688209	     48.12258156	      5.81492317	      0.00000000	      0.00000000	      0.00000000	      0.00000000	    -16.61292270	    -10.43828009	    -11.47560556	      2.89474086	     -9.71421047	     -4.98473282	      0.00000000	    -15.26517114	     -9.42701406	      0.00000000	    -15.70664640	     -5.30482846	    -19.56594186	      4.99684675	     14.89690267	     -4.98473282	      0.00000000	     -6.34238534	      1.05554758	      0.00000000
      8.33333333	    -13.36568735	     -3.47959941	   -172.95720608	      0.66377543	      0.06457360	     -0.42013497	    -16.56027589	     -1.24491425	     -3.29796070	     -9.33549101	     -1.59950272	      4.75464135	      0.00127314	     -0.01028458	      0.01551258	      0.00000000	      0.00000000	      0.00000000	      0.02526592	      0.00683151	      0.00088748	      0.00000000	      0.00000000	      0.00000000	      0.02031416	      0.00365606	     -0.01800910	    213.00801814	     29.34613757	    -89.38591137	     29.39527560	      0.00000000	      0.00000000	      0.00000000	      0.00000000	   -201.62182822	     25.67508111	     45.97618906	      5.29150966	      0.00000000	      0.00000000	      0.00000000	      0.00000000	    -19.95961322	    -10.02079668	    -12.86943135	      4.58467569	     -8.65081999	     -4.98473282	      0.00000000	    -15.26887427	     -8.64215686	      0.00000000	    -19.50346559	     -5.06562490	    -21.30241404	      7.92204718	     14.89690267	     -4.98473282	      0.00000000	     -6.67254745	      3.42413887	      0.00000000
      8.36666667	    -15.03342463	     -3.01787580	   -173.62251527	      0.66071911	      0.06288848	     -0.41967152	    -17.49280555	     -0.68040309	     -2.85184681	     -9.58603394	     -0.80464628	      5.28832944	      0.00265505	     -0.01026203	      0.01572356	      0.00000000	      0.00000000	      0.00000000	      0.02663335	      0.00504392	      0.00194164	      0.00000000	      0.00000000	      0.00000000	      0.01857838	     -0.00138483	     -0.01867804	    213.98451493	     30.71600510	    -89.28752395	     30.46365677	      0.00000000	      0.00000000	      0.00000000	      0.00000000	   -202.34361367	     26.08712223	     45.25427612	      5.45343831	      0.00000000	      0.00000000	      0.00000000	      0.00000000	    -22.22100771	     -9.53372274	    -13.83196174	      5.70886041	     -8.38330275	     -4.98473282	      0.00000000	    -15.80412894	     -9.04293345	      0.00000000	    -22.33614528	     -5.17772693	    -23.40311168	      9.74234658	     14.89690267	     -4.98473282	      0.00000000	     -6.69198722	      5.95207607	      0.00000000
      8.40000000	    -15.40245776	     -2.62192789	   -174.41208604	      0.65943888	      0.06157390	     -0.41926151	    -17.14176040	     -0.26562339	     -1.95777679	     -9.13960203	      0.00229629	      5.50516625	      0.00540815	     -0.01073220	      0.01526120	      0.00000000	      0.00000000	      0.00000000	      0.02793540	      0.00212777	      0.00333978	      0.00000000	      0.00000000	      0.00000000	      0.01970000	     -0.00809140	     -0.01937164	    214.68903991	     32.21723977	    -88.78212165	     30.37393777	      0.00000000	      0.00000000	      0.00000000	      0.00000000	   -203.33961242	     26.62080570	     45.84874211	      5.46015382	      0.00000000	      0.00000000	      0.00000000	      0.00000000	    -22.51751216	     -9.47731730	    -13.80717724	      5.92939029	     -8.47897963	     -4.98473282	      0.00000000	    -16.20513093	     -9.32996952	      0.00000000	    -23.10930252	     -5.34432061	    -24.56394608	     10.00000028	     14.89690267	     -4.98473282	      0.00000000	     -6.44712150	      6.54574533	      0.00000000
      8.43333333	    -15.47979754	     -2.68192278	   -175.45836018	      0.65983671	      0.06095414	     -0.41860376	    -16.84583895	     -0.38410990	     -0.71969100	     -7.95944510	      0.54878529	      4.90331618	      0.00844915	     -0.01129020	      0.01486949	      0.00000000	      0.00000000	      0.00000000	      0.02708350	      0.00161967	      0.00276617	      0.00000000	      0.00000000	      0.00000000	      0.02263043	     -0.01306046	     -0.01875807	    215.86037368	     33.36111296	    -88.53778940	     30.31277500	      0.00000000	      0.00000000	      0.00000000	      0.00000000	   -204.44081415	     26.90741206	     47.76901708	      5.66469181	      0.00000000	      0.00000000	      0.00000000	      0.00000000	    -21.95648937	    -10.07013056	    -12.85601839	      5.26130420	     -8.31616789	     -4.98473282	      0.00000000	    -16.01332202	     -9.66003762	      0.00000000	    -23.14551983	     -5.04437312	    -25.80577282	      9.46811477	     14.89690267	     -4.98473282	      0.00000000	     -6.02536124	      6.97105583	      0.00000000
      8.46666667	    -14.69844185	     -2.84654316	   -175.88102394	      0.66095903	      0.06116667	     -0.41749951	    -15.70990636	     -0.38493820	     -0.11296672	     -7.32947763	      0.96164375	      3.31495919	      0.01092226	     -0.01195737	      0.01158572	      0.00000000	      0.00000000	      0.00000000	      0.02325287	      0.00210075	      0.00259831	      0.00000000	      0.00000000	      0.00000000	      0.02410153	     -0.01371583	     -0.01527033	    216.26928176	     34.37489754	    -88.30143269	     29.71009315	      0.00000000	      0.00000000	      0.00000000	      0.00000000	   -207.21498208	     27.42632082	     54.33843466	      8.09904839	      0.00000000	      0.00000000	      0.00000000	      0.00000000	    -20.53619713	    -10.61586606	    -10.82719099	      4.51525327	     -9.54393912	     -4.98473282	      0.00000000	    -16.03327257	    -10.34151744	      0.00000000	    -22.03274985	     -4.89205081	    -24.64571031	      8.57092305	     14.89690267	     -4.98473282	      0.00000000	     -5.59920961	      5.05299089	      0.00000000
      8.50000000	    -15.11740493	     -3.22216675	   -176.30113251	      0.66225169	      0.06218500	     -0.41671194	    -16.27917930	     -0.76178862	      0.33264740	     -6.07179799	      0.01871281	      2.34287009	      0.01283714	     -0.01323446	      0.01409502	      0.00000000	      0.00000000	      0.00000000	      0.01758403	      0.00328921	      0.00365691	      0.00000000	      0.00000000	      0.00000000	      0.02421466	     -0.01243860	     -0.01351290	    216.20203152	     34.54083443	    -88.11808745	     28.57033502	      0.00000000	      0.00000000	      0.00000000	      0.00000000	   -208.17377881	     27.25761167	     54.53365663	      8.70967922	      0.00000000	      0.00000000	      0.00000000	      0.00000000	    -20.49849578	    -11.10332172	    -10.92220283	      4.14494280	     -9.71123749	     -4.98473282	      0.00000000	    -16.39277548	    -10.28008324	      0.00000000	    -22.11345431	     -4.55740081	    -24.02075741	      7.69194808	     14.89690267	     -4.98473282	      0.00000000	     -5.16327654	      4.53409858	      0.00000000
      8.53333333	    -15.59747870	     -3.24314881	   -176.39633520	      0.66379817	      0.06310587	     -0.41581953	    -17.00449691	     -0.56574998	      0.28179455	     -4.98916989	     -0.65857962	      0.72091950	      0.01450842	     -0.01489614	      0.01250560	      0.00000000	      0.00000000	      0.00000000	      0.01391320	      0.00441139	      0.00426412	      0.00000000	      0.00000000	      0.00000000	      0.02305476	     -0.01060554	     -0.01347297	    214.95161935	     34.36772475	    -87.45503796	     26.27072777	      0.00000000	      0.00000000	      0.00000000	      0.00000000	   -209.54052637	     26.63510328	     53.99584437	     10.25949918	      0.00000000	      0.00000000	      0.00000000	      0.00000000	    -20.58948452	    -11.11285348	    -10.81732286	      3.67385386	     -9.86802679	     -4.98473282	      0.00000000	    -16.65486694	    -10.91092265	      0.00000000	    -22.25151204	     -4.60853813	    -22.96824577	      6.97246583	     14.89690267	     -4.98473282	      0.00000000	     -5.19432550	      3.17769259	      0.00000000
      8.56666667	    -16.13819415	     -3.17435014	   -176.44017238	      0.66515148	      0.06319200	     -0.41541742	    -17.81667978	     -0.36240741	      0.07330233	     -4.18474539	     -1.57430055	     -0.37724688	      0.01552106	     -0.01609311	      0.01210923	      0.00000000	      0.00000000	      0.00000000	      0.01375336	      0.00547445	      0.00442076	      0.00000000	      0.00000000	      0.00000000	      0.02244718	     -0.00931043	     -0.01423996	    214.06270241	     34.01247525	    -87.08781916	     24.71050165	      0.00000000	      0.00000000	      0.00000000	      0.00000000	   -210.43270984	     25.76760248	     53.07561977	     11.54994770	      0.00000000	      0.00000000	      0.00000000	      0.00000000	    -20.90668375	    -10.95104567	    -10.51698970	      3.30825066	     -9.59541301	     -4.98473282	      0.00000000	    -16.46799877	    -12.16170357	      0.00000000	    -22.41447358	     -4.78166539	    -22.43529514	      6.22717109	     14.89690267	     -4.98473282	      0.00000000	     -5.35661824	      1.90540530	      0.00000000
      8.60000000	    -16.34867110	     -3.08141729	   -176.36411025	      0.66682207	      0.06250646	     -0.41563058	    -18.36661087	     -0.21398809	     -0.37812312	     -4.00707774	     -2.07052660	     -0.73847726	      0.01402869	     -0.01593159	      0.01167282	      0.00000000	      0.00000000	      0.00000000	      0.01758505	      0.00492124	      0.00352786	      0.00000000	      0.00000000	      0.00000000	      0.02108997	     -0.00988349	     -0.01557649	    214.12227695	     33.16489946	    -87.55218350	     24.99921889	      0.00000000	      0.00000000	      0.00000000	      0.00000000	   -210.67490353	     24.99697455	     52.94849360	     11.73520129	      0.00000000	      0.00000000	      0.00000000	      0.00000000	    -20.84947041	    -10.75490199	    -10.42622092	      2.92159093	     -9.36925377	     -4.98473282	      0.00000000	    -15.98225617	    -12.84296197	      0.00000000	    -22.30355653	     -4.98418830	    -22.56685244	      5.90068064	     14.89690267	     -4.98473282	      0.00000000	     -5.64909376	      1.43659710	      0.00000000
      8.63333333	    -16.41408609	     -3.10328848	   -176.40637189	      0.66787206	      0.06135084	     -0.41584976	    -18.59990529	     -0.18788967	     -0.73125670	     -3.63717604	     -2.75029450	     -0.61529389	      0.01429057	     -0.01518540	      0.01146797	      0.00000000	      0.00000000	      0.00000000	      0.02176033	      0.00595250	      0.00216815	      0.00000000	      0.00000000	      0.00000000	      0.02048300	     -0.01132414	     -0.01522644	    216.10089103	     33.00612217	    -89.93608336	     28.55079440	      0.00000000	      0.00000000	      0.00000000	      0.00000000	   -211.51209054	     24.31596359	     52.90509967	     12.28569074	      0.00000000	      0.00000000	      0.00000000	      0.00000000	    -20.91805606	    -10.76006105	    -10.24204650	      3.08761560	     -8.51903428	     -4.98473282	      0.00000000	    -16.41117614	    -14.06300208	      0.00000000	    -22.24934874	     -4.96698620	    -22.35714142	      5.83947418	     14.89690267	     -4.98473282	      0.00000000	     -5.90020151	      0.02366492	      0.00000000
      8.66666667	    -16.26107806	     -3.18224007	   -176.14500947	      0.66854818	      0.06068164	     -0.41613114	    -18.47555301	     -0.17232934	     -1.43682427	     -3.67138047	     -3.05197316	     -0.05639866	      0.01459727	     -0.01367366	      0.01068578	      0.00000000	      0.00000000	      0.00000000	      0.02469026	      0.00642516	      0.00308137	      0.00000000	      0.00000000	      0.00000000	      0.01902257	     -0.01393661	     -0.01623241	    218.56657713	     33.18781828	    -90.95152365	     32.85142312	      0.00000000	      0.00000000	      0.00000000	      0.00000000	   -212.11927142	     24.31462517	     53.21472758	     12.03722084	      0.00000000	      0.00000000	      0.00000000	      0.00000000	    -20.94500356	    -10.76956453	    -10.56577599	      3.41890554	     -8.31760336	     -4.98473282	      0.00000000	    -16.62820246	    -13.34914712	      0.00000000	    -22.07430431	     -4.96500718	    -22.17441366	      6.04770333	     14.89690267	     -4.98473282	      0.00000000	     -5.55794678	      0.33224728	      0.00000000
      8.70000000	    -16.08738988	     -3.29000811	   -175.60766638	      0.66848781	      0.06050515	     -0.41603518	    -18.10178560	     -0.15591013	     -2.32850560	     -3.88300393	     -2.90201638	      0.57341122	      0.01671640	     -0.01192642	      0.00915301	      0.00000000	      0.00000000	      0.00000000	      0.02626959	      0.00663663	      0.00487413	      0.00000000	      0.00000000	      0.00000000	      0.01893147	     -0.01504806	     -0.01844856	    220.94345130	     33.76995650	    -90.37334046	     35.94984223	      0.00000000	      0.00000000	      0.00000000	      0.00000000	   -212.86536787	     24.89902354	     52.85393630	     12.02247115	      0.00000000	      0.00000000	      0.00000000	      0.00000000	    -21.15497521	    -10.73716492	    -11.10486989	      3.76171903	     -8.57315670	     -4.98473282	      0.00000000	    -16.84557734	    -12.27803424	      0.00000000	    -21.95035809	     -4.97347766	    -21.94980001	      6.29602367	     14.89690267	     -4.98473282	      0.00000000	     -4.88302453	      1.45386751	      0.00000000
      8.73333333	    -15.84320152	     -3.40175582	   -174.99315830	      0.66837105	      0.06036789	     -0.41559797	    -17.56325062	     -0.27073666	     -2.98532553	     -4.08208202	     -2.64183581	      0.92651891	      0.02027613	     -0.01017347	      0.00874393	      0.00000000	      0.00000000	      0.00000000	      0.02717681	      0.00578241	      0.00652935	      0.00000000	      0.00000000	      0.00000000	      0.02094445	     -0.01400248	     -0.02174772	    223.17182942	     34.32204092	    -88.56154621	     37.50497444	      0.00000000	      0.00000000	      0.00000000	      0.00000000	   -213.61817673	     25.78385516	     51.68766638	     12.63816673	      0.00000000	      0.00000000	      0.00000000	      0.00000000	    -21.21961755	    -10.70617929	    -11.65634116	      3.78670720	     -9.14964379	     -4.98473282	      0.00000000	    -16.76450206	    -12.23370349	      0.00000000	    -21.73672425	     -5.04971121	    -21.59604404	      6.37122411	     14.89690267	     -4.98473282	      0.00000000	     -4.14406301	      3.22572533	      0.00000000
      8.76666667	    -15.55786698	     -3.40633569	   -174.72531701	      0.66812244	      0.05965911	     -0.41479396	    -16.87683554	     -0.46379840	     -2.99841947	     -4.30610132	     -2.14281452	      0.82861925	      0.02486515	     -0.00876568	      0.00870987	      0.00000000	      0.00000000	      0.00000000	      0.02889606	      0.00433390	      0.00598777	      0.00000000	      0.00000000	      0.00000000	      0.02269522	     -0.01312040	     -0.02466625	    226.12288246	     34.67138470	    -86.13413289	     38.76721891	      0.00000000	      0.00000000	      0.00000000	      0.00000000	   -214.94991339	     26.55380560	     50.09746434	     14.38852220	      0.00000000	      0.00000000	      0.00000000	      0.00000000	    -20.97711830	    -10.72894218	    -11.61478580	      3.49763286	     -9.68688019	     -4.98473282	      0.00000000	    -16.68467436	    -14.15476106	      0.00000000	    -21.67051842	     -4.98908117	    -22.07965961	      6.75025960	     14.89690267	     -4.98473282	      0.00000000	     -3.64847685	      4.86637765	      0.00000000
      8.80000000	    -15.65181011	     -3.59716603	   -174.83813128	      0.66819573	      0.05845849	     -0.41365781	    -16.75740949	     -0.89827460	     -2.57686543	     -4.55552446	     -1.58651454	      0.54420902	      0.02822686	     -0.00784914	      0.00916323	      0.00000000	      0.00000000	      0.00000000	      0.02984275	      0.00199904	      0.00508492	      0.00000000	      0.00000000	      0.00000000	      0.02116667	     -0.01436316	     -0.02472693	    230.20237701	     34.63071829	    -83.26821084	     41.28746243	      0.00000000	      0.00000000	      0.00000000	      0.00000000	   -217.50147793	     26.50637853	     48.75131407	     17.79226943	      0.00000000	      0.00000000	      0.00000000	      0.00000000	    -20.99298183	    -11.07943026	    -10.87942337	      3.11123378	     -9.94033930	     -4.98473282	      0.00000000	    -16.73644844	    -16.67931005	      0.00000000	    -22.28890657	     -4.42802710	    -23.04771266	      7.80867254	     14.89690267	     -4.98473282	      0.00000000	     -3.95275714	      5.90294332	      0.00000000
      8.83333333	    -16.44377681	     -3.89096925	   -175.50348715	      0.66845798	      0.05735676	     -0.41271360	    -17.62841695	     -1.39681968	     -1.61436221	     -4.91629482	     -1.22644521	      0.34248059	      0.02851857	     -0.00727767	      0.01000757	      0.00000000	      0.00000000	      0.00000000	      0.02852980	     -0.00086546	      0.00477948	      0.00000000	      0.00000000	      0.00000000	      0.01693218	     -0.01862753	     -0.02208415	    235.27285615	     33.48212428	    -78.68857683	     45.70230446	      0.00000000	      0.00000000	      0.00000000	      0.00000000	   -220.78874142	     25.46284165	     46.56173012	     22.31296819	      0.00000000	      0.00000000	      0.00000000	      0.00000000	    -21.70561048	    -11.65873128	     -9.82529348	      2.95024029	     -9.50016232	     -4.98473282	      0.00000000	    -16.73764089	    -17.65769520	      0.00000000	    -23.90093744	     -3.41793549	    -24.76128820	      9.52160014	     14.89690267	     -4.98473282	      0.00000000	     -4.89916725	      6.55847237	      0.00000000
      8.86666667	    -17.62998196	     -4.26402156	   -176.29247664	      0.66982169	      0.05699256	     -0.41279122	    -19.34888958	     -1.91469666	     -0.77363575	     -5.44024785	     -1.00051487	      0.65743929	      0.02461477	     -0.00708015	      0.01082012	      0.00000000	      0.00000000	      0.00000000	      0.02371664	     -0.00683331	      0.00544828	      0.00000000	      0.00000000	      0.00000000	      0.01152707	     -0.02344762	     -0.01945160	    239.77218709	     31.24012897	    -73.21551728	     50.75332396	      0.00000000	      0.00000000	      0.00000000	      0.00000000	   -223.95660287	     23.78387140	     43.52007176	     27.27661842	      0.00000000	      0.00000000	      0.00000000	      0.00000000	    -22.86455264	    -12.23168959	     -9.25656109	      3.09243048	     -8.51384105	     -4.98473282	      0.00000000	    -16.57284701	    -16.92497001	      0.00000000	    -25.29403026	     -2.59053854	    -25.88990648	     10.00000028	     14.89690267	     -4.98473282	      0.00000000	     -5.41993199	      6.17190049	      0.00000000
      8.90000000	    -18.90924201	     -4.20274346	   -176.93911377	      0.67112561	      0.05704891	     -0.41415412	    -21.31001096	     -1.92215882	     -0.55180837	     -6.14103020	     -1.20219514	      1.64440420	      0.01873237	     -0.00681111	      0.01190082	      0.00000000	      0.00000000	      0.00000000	      0.01566614	     -0.01457549	      0.00456831	      0.00000000	      0.00000000	      0.00000000	      0.00310740	     -0.02580182	     -0.01833827	    243.54634510	     29.05035626	    -67.80035164	     55.69533873	      0.00000000	      0.00000000	      0.00000000	      0.00000000	   -227.62927527	     22.77821457	     41.66965072	     32.53683037	      0.00000000	      0.00000000	      0.00000000	      0.00000000	    -24.26238260	    -12.11059873	    -10.11108494	      3.80430439	     -7.24483586	     -4.98473282	      0.00000000	    -16.55482348	    -15.45384834	      0.00000000	    -26.58047870	     -2.50687919	    -26.38772437	     10.00000028	     14.89690267	     -4.98473282	      0.00000000	     -5.62894258	      5.39566098	      0.00000000
      8.93333333	    -19.94373415	     -3.74272584	   -177.50791076	      0.67186572	      0.05697918	     -0.41599651	    -22.98841623	     -1.47273224	     -0.87077734	     -6.81126710	     -1.70654367	      3.14561021	      0.01325446	     -0.00600201	      0.01258038	      0.00000000	      0.00000000	      0.00000000	      0.00340640	     -0.02319435	      0.00196405	      0.00000000	      0.00000000	      0.00000000	     -0.00831694	     -0.02802760	     -0.01850293	    247.05823131	     27.87567180	    -62.88047211	     60.04479052	      0.00000000	      0.00000000	      0.00000000	      0.00000000	   -233.15441706	     22.26837801	     41.14208601	     39.30861685	      0.00000000	      0.00000000	      0.00000000	      0.00000000	    -25.47665754	    -11.43216639	    -12.88832638	      4.90965524	     -5.34644723	     -4.98473282	      0.00000000	    -16.62742034	    -14.00134989	      0.00000000	    -27.70232358	     -2.95094862	    -26.63327152	     10.00000028	     14.89690267	     -4.98473282	      0.00000000	     -5.62070669	      5.35084433	      0.00000000
      8.96666667	    -20.48569237	     -3.00603065	   -177.92426116	      0.67154594	      0.05647461	     -0.41835553	    -23.92035920	     -0.90071231	     -1.53754648	     -7.25242205	     -2.00452781	      4.35984325	      0.01065425	     -0.00494027	      0.01307164	      0.00000000	      0.00000000	      0.00000000	     -0.00808102	     -0.03109275	     -0.00155338	      0.00000000	      0.00000000	      0.00000000	     -0.01821311	     -0.03334287	     -0.01648372	    252.31275418	     26.91753126	    -57.70176141	     65.37091483	      0.00000000	      0.00000000	      0.00000000	      0.00000000	   -240.96371891	     20.43820463	     39.12128330	     49.07229185	      0.00000000	      0.00000000	      0.00000000	      0.00000000	    -26.36367318	    -10.32683015	    -16.81971654	      6.34525874	     -2.78187709	     -4.98473282	      0.00000000	    -16.54183798	    -12.39617775	      0.00000000	    -28.42733546	     -3.75576318	    -26.84378141	     10.00000028	     14.89690267	     -4.98473282	      0.00000000	     -5.27626991	      5.94267526	      0.00000000
      9.00000000	    -20.90306071	     -2.26974898	   -178.16224579	      0.67004848	      0.05572399	     -0.42064989	    -24.48727152	     -0.47260700	     -2.05890204	     -7.16678287	     -1.64217291	      4.34818220	      0.01145898	     -0.00433508	      0.01282957	      0.00000000	      0.00000000	      0.00000000	     -0.01487910	     -0.03423235	     -0.00358975	      0.00000000	      0.00000000	      0.00000000	     -0.01959019	     -0.03944439	     -0.01058039	    260.69901984	     24.88860825	    -51.50776433	     73.00628962	      0.00000000	      0.00000000	      0.00000000	      0.00000000	   -250.66282037	     15.97290560	     34.62337104	     62.44720069	      0.00000000	      0.00000000	      0.00000000	      0.00000000	    -27.34759382	     -9.16400563	    -20.37328012	      7.89880091	     -0.33468648	     -4.98473282	      0.00000000	    -16.32195226	     -9.83670287	      0.00000000	    -29.09107895	     -4.54739678	    -27.13720318	     10.00000028	     14.89690267	     -4.98473282	      0.00000000	     -4.63794983	      6.31043552	      0.00000000
      9.03333333	    -21.75933927	     -1.82585653	   -178.64536062	      0.66713195	      0.05512064	     -0.42286255	    -25.33173762	     -0.59794958	     -1.85991499	     -6.44305169	     -0.75371091	      2.69572825	      0.01501269	     -0.00443402	      0.01227825	      0.00000000	      0.00000000	      0.00000000	     -0.01560877	     -0.03049701	     -0.00074728	      0.00000000	      0.00000000	      0.00000000	     -0.01022971	     -0.04251517	     -0.00246037	    271.85693640	     21.17205125	    -43.70105242	     82.52073216	      0.00000000	      0.00000000	      0.00000000	      0.00000000	   -260.38848726	      9.31371760	     27.85614711	     76.59429454	      0.00000000	      0.00000000	      0.00000000	      0.00000000	    -28.79696221	     -8.26604766	    -25.05275806	      9.52248688	      2.52368944	     -4.98473282	      0.00000000	    -15.71532226	     -4.78781865	      0.00000000	    -30.37981569	     -4.93442260	    -27.30392385	     10.00000028	     14.89690267	     -4.98473282	      0.00000000	     -4.23966394	      6.20446432	      0.00000000
      9.06666667	    -23.14908736	     -1.35423982	   -179.39233107	      0.66373611	      0.05471980	     -0.42384675	    -26.78403579	     -0.56863533	     -1.25769381	     -5.33435193	     -0.33151117	      0.25624734	      0.01834106	     -0.00460164	      0.01093570	      0.00000000	      0.00000000	      0.00000000	     -0.01232555	     -0.02610752	      0.00513550	      0.00000000	      0.00000000	      0.00000000	      0.00234152	     -0.04400520	      0.00500559	    281.74895004	     16.63737130	    -34.40270078	     90.41800907	      0.00000000	      0.00000000	      0.00000000	      0.00000000	   -268.66916953	      2.11687986	     19.07400346	     87.64354767	      0.00000000	      0.00000000	      0.00000000	      0.00000000	    -30.45688012	     -7.98835896	    -24.88080258	      9.90480964	      3.32097248	     -4.98473282	      0.00000000	    -15.60429459	     -3.34144681	      0.00000000	    -32.31835037	     -5.08377898	    -27.62590463	     10.00000028	     14.89690267	     -4.98473282	      0.00000000	     -4.00665373	      5.38958299	      0.00000000
      9.10000000	    -24.98400068	     -1.00185131	   -179.91787883	      0.65933209	      0.05428050	     -0.42454643	    -28.57455957	     -0.46540755	     -0.57716527	     -4.61702778	      0.07682104	     -2.10263187	      0.02112881	     -0.00400457	      0.00935555	      0.00000000	      0.00000000	      0.00000000	     -0.01079267	     -0.02388976	      0.00910902	      0.00000000	      0.00000000	      0.00000000	      0.00837267	     -0.04413800	      0.01209984	    288.89416416	     12.44366137	    -23.74641528	     94.75457041	      0.00000000	      0.00000000	      0.00000000	      0.00000000	   -276.00929034	     -1.45559736	      9.13562281	     92.25611441	      0.00000000	      0.00000000	      0.00000000	      0.00000000	    -32.58739058	     -7.81935785	    -24.62859694	     10.00000028	      3.42030855	     -4.98473282	      0.00000000	    -16.05225922	     -2.75792014	      0.00000000	    -34.79440474	     -5.26281204	    -27.28007771	     10.00000028	     14.89690267	     -4.98473282	      0.00000000	     -3.85307780	      4.32018503	      0.00000000
      9.13333333	    -26.94039065	     -0.63356906	   -180.37384405	      0.65484795	      0.05360378	     -0.42518856	    -30.62197487	     -0.20755774	      0.21473518	     -4.40537459	      0.31138172	     -4.13250156	      0.02058249	     -0.00227402	      0.00709570	      0.00000000	      0.00000000	      0.00000000	     -0.01609214	     -0.02542377	      0.00654557	      0.00000000	      0.00000000	      0.00000000	      0.00552929	     -0.04374914	      0.01621062	    293.13116246	     10.11059797	    -13.95956445	     94.91485474	      0.00000000	      0.00000000	      0.00000000	      0.00000000	   -284.10275461	     -1.34753579	      0.13320593	     91.99999504	      0.00000000	      0.00000000	      0.00000000	      0.00000000	    -34.82297035	     -7.69498274	    -23.52978733	     10.00000028	      2.87127970	     -4.98473282	      0.00000000	    -16.93665797	     -3.97298719	      0.00000000	    -37.46947647	     -5.54163162	    -26.18497848	     10.00000028	     14.89690267	     -4.98473282	      0.00000000	     -4.05882906	      2.65185440	      0.00000000
      9.16666667	    -28.19287446	     -0.16901834	   -181.02977399	      0.65113047	      0.05265145	     -0.42581099	    -32.02730741	      0.11583909	      0.77913758	     -4.66329898	     -0.07628388	     -4.82857990	      0.01785540	     -0.00031348	      0.00589801	      0.00000000	      0.00000000	      0.00000000	     -0.02385343	     -0.02760069	      0.00018673	      0.00000000	      0.00000000	      0.00000000	     -0.00367498	     -0.04543346	      0.01505765	    297.54007304	      9.12118215	     -6.48874409	     92.44041891	      0.00000000	      0.00000000	      0.00000000	      0.00000000	   -292.52689697	     -0.48595773	     -7.95364815	     89.25450850	      0.00000000	      0.00000000	      0.00000000	      0.00000000	    -36.18263951	     -7.65151523	    -21.62164106	     10.00000028	      1.88409383	     -4.98473282	      0.00000000	    -17.36316722	     -6.20578149	      0.00000000	    -39.41790056	     -5.76461005	    -25.36641971	     10.00000028	     14.89690267	     -4.98473282	      0.00000000	     -4.46287550	      1.32124436	      0.00000000
      9.20000000	    -28.82996611	      0.07004935	   -181.73099752	      0.64845011	      0.05142268	     -0.42601033	    -32.90688857	      0.21580947	      0.91399231	     -5.08196170	     -0.58471628	     -4.53171000	      0.01385459	      0.00165841	      0.00538696	      0.00000000	      0.00000000	      0.00000000	     -0.02717975	     -0.02967252	     -0.00478631	      0.00000000	      0.00000000	      0.00000000	     -0.01346843	     -0.05116855	      0.01127250	    303.31153042	      6.40497973	     -0.34208157	     89.83896390	      0.00000000	      0.00000000	      0.00000000	      0.00000000	   -298.62694478	     -1.14278956	    -17.02470838	     86.13667410	      0.00000000	      0.00000000	      0.00000000	      0.00000000	    -36.82420520	     -7.88419145	    -20.19449542	     10.00000028	      1.06055628	     -4.98473282	      0.00000000	    -16.51810503	     -7.50946654	      0.00000000	    -40.53443373	     -5.62627767	    -25.29265821	     10.00000028	     14.89690267	     -4.98473282	      0.00000000	     -4.72043606	      0.86510171	      0.00000000
      9.23333333	    -29.31634506	      0.21152334	   -182.47266755	      0.64710367	      0.05065256	     -0.42580126	    -33.81604810	      0.05587793	      0.94185744	     -5.74208232	     -1.10170239	     -3.75992993	      0.00833937	      0.00382383	      0.00715961	      0.00000000	      0.00000000	      0.00000000	     -0.02636207	     -0.03323691	     -0.00491004	      0.00000000	      0.00000000	      0.00000000	     -0.02245541	     -0.05689267	      0.00976649	    309.53358705	      1.83335468	      7.02257017	     87.00045137	      0.00000000	      0.00000000	      0.00000000	      0.00000000	   -302.36249881	     -2.56851613	    -27.65338329	     81.40300964	      0.00000000	      0.00000000	      0.00000000	      0.00000000	    -37.17191839	     -8.24455463	    -19.28406189	     10.00000028	      0.24297682	     -4.98473282	      0.00000000	    -15.79620943	     -8.02142828	      0.00000000	    -41.30123812	     -5.25067999	    -25.73899748	     10.00000028	     14.89690267	     -4.98473282	      0.00000000	     -4.95966160	      0.78423999	      0.00000000
      9.26666667	    -29.96489335	      0.33497584	   -182.95791582	      0.64657744	      0.05068137	     -0.42516878	    -35.00677271	     -0.13291867	      0.68127937	     -6.42600379	     -1.25071515	     -3.17964016	      0.00267489	      0.00582040	      0.00965876	      0.00000000	      0.00000000	      0.00000000	     -0.02210811	     -0.03758698	     -0.00261219	      0.00000000	      0.00000000	      0.00000000	     -0.02713392	     -0.05890485	      0.00828337	    314.80443487	     -2.54110505	     18.19749350	     82.43586899	      0.00000000	      0.00000000	      0.00000000	      0.00000000	   -306.69131982	     -4.26886405	    -37.34442990	     74.05774003	      0.00000000	      0.00000000	      0.00000000	      0.00000000	    -37.74498557	     -8.47720446	    -19.39753927	     10.00000028	      0.24328778	     -4.98473282	      0.00000000	    -15.85595960	     -7.69191072	      0.00000000	    -42.03658940	     -4.85239988	    -26.67863265	     10.00000028	     14.89690267	     -4.98473282	      0.00000000	     -4.94669991	      0.80330101	      0.00000000
      9.30000000	    -30.89619404	      0.57001006	   -183.21438015	      0.64648430	      0.05147296	     -0.42396690	    -36.59748944	     -0.08561142	      0.32067760	     -7.24103088	     -1.10211902	     -3.04277852	     -0.00359622	      0.00801888	      0.01108807	      0.00000000	      0.00000000	      0.00000000	     -0.01944662	     -0.04113315	     -0.00021891	      0.00000000	      0.00000000	      0.00000000	     -0.02783201	     -0.06092706	      0.00338805	    318.99624702	     -3.16036086	     34.36189084	     72.88593537	      0.00000000	      0.00000000	      0.00000000	      0.00000000	   -313.05945740	     -5.81714988	    -43.64600273	     64.20090448	      0.00000000	      0.00000000	      0.00000000	      0.00000000	    -38.67007173	     -8.47382199	    -20.81274270	     10.00000028	      1.68195791	     -4.98473282	      0.00000000	    -16.86106021	     -6.91339235	      0.00000000	    -42.95581947	     -4.54828689	    -28.00242744	     10.00000028	     14.89690267	     -4.98473282	      0.00000000	     -4.76703059	      0.84853416	      0.00000000
