Coordinates
version=1
nRows=227
nColumns=64
inDegrees=yes

Units are S.I. units (second, meters, Newtons, ...)
If the header above contains a line with 'inDegrees', this indicates whether rotational values are in degrees (yes) or radians (no).

endheader
time	pelvic_tilt	pelvic_list	pelvic_rotation	pelvic_tx	pelvic_ty	pelvic_tz	lumbar_extension	lumbar_bending	lumbar_rotation	neck_flex	neck_tilt	neck_rot	neck_tx1	neck_ty1	neck_tz1	SternumRRotZ	SternumRRotX	SternumRRotY	SternumRX	SternumRY	SternumRZ	SternumLRotZ	SternumLRotX	SternumLRotY	SternumLX	SternumLY	SternumLZ	shoulder_add_r	shoulder_flex_r	shoulder_rot_r	elbow_flexion_r	elbow_varus_valg_r	pro_sup_r	wrist_dev_r	wrist_flex_r	shoulder_add_l	shoulder_flex_l	shoulder_rot_l	elbow_flexion_l	elbow_varus_valg_l	pro_sup_l	wrist_dev_l	wrist_flex_l	hip_flexion_r	hip_adduction_r	hip_rotation_r	knee_angle_r	knee_rotation_r	knee_adduction_r	knee_tz_r	ankle_angle_r	subtalar_angle_r	mtp_angle_r	hip_flexion_l	hip_adduction_l	hip_rotation_l	knee_angle_l	knee_rotation_l	knee_adduction_l	knee_tz_l	ankle_angle_l	subtalar_angle_l	mtp_angle_l
      0.03333333	     73.81254521	      3.04769133	   -187.52683082	      0.18258754	     -0.39431166	     -0.47434514	    -11.51823872	     -2.74119895	      5.57374303	     26.40044514	      1.96221494	      1.41721361	      0.01269131	     -0.02999643	      0.01161561	      0.00000000	      0.00000000	      0.00000000	      0.01361027	     -0.03882959	     -0.00372604	      0.00000000	      0.00000000	      0.00000000	     -0.00446164	     -0.05629317	     -0.01085861	    115.94906711	   -243.47214631	   -210.05771827	     22.70551219	      0.00000000	      0.00000000	      0.00000000	      0.00000000	    -85.49166285	    116.13610535	    173.64605162	      0.00000000	      0.00000000	      0.00000000	      0.00000000	      0.00000000	     13.90600029	     -0.24009316	     -6.38212120	    -14.09514890	     -0.99212776	     -4.98473282	      0.00000000	     32.63407295	     11.89565557	      0.00000000	      3.40003543	      2.43798964	    -22.35596765	      0.36791688	     14.89690267	     -4.98473282	      0.00000000	     33.84520196	     24.98095987	      0.00000000
      0.06666667	     58.97985135	      7.23341411	   -183.10331185	      0.17334045	     -0.41156700	     -0.47595203	    -25.99780857	      1.42197799	      3.95947742	     25.29673797	      1.93425896	      2.53468033	      0.01492785	     -0.02481803	      0.00960972	      0.00000000	      0.00000000	      0.00000000	      0.01394811	     -0.03881009	     -0.00609406	      0.00000000	      0.00000000	      0.00000000	      0.01234651	     -0.04570330	     -0.00136967	    108.34056443	   -245.00649374	   -208.05920255	     15.76766098	      0.00000000	      0.00000000	      0.00000000	      0.00000000	    -88.12811529	    116.98312868	    170.71349549	      0.00000000	      0.00000000	      0.00000000	      0.00000000	      0.00000000	     -7.96558979	      3.01643648	    -20.73946682	     -3.13587999	     -0.16667355	     -4.98473282	      0.00000000	     27.63391022	     24.98095987	      0.00000000	    -15.40318315	      0.51285701	    -22.44684475	      5.73537568	     14.89690267	     -4.98473282	      0.00000000	     34.64348948	     24.98095987	      0.00000000
      0.10000000	     56.00262357	      7.92328750	   -181.62197026	      0.17135812	     -0.41713568	     -0.47667014	    -27.96342769	      2.36664302	      3.26341933	     24.06426974	      3.18054618	      2.78237305	      0.01734684	     -0.02342724	      0.00704219	      0.00000000	      0.00000000	      0.00000000	      0.01558945	     -0.03998731	     -0.00590757	      0.00000000	      0.00000000	      0.00000000	      0.02015998	     -0.04096906	      0.00193153	    106.58604737	   -245.98949232	   -203.38032460	     11.77599749	      0.00000000	      0.00000000	      0.00000000	      0.00000000	    -90.70163324	    117.10685895	    171.83381213	      0.00000000	      0.00000000	      0.00000000	      0.00000000	      0.00000000	    -12.53434755	      4.30341726	    -24.82043863	     -0.15882510	      1.79023657	     -4.98473282	      0.00000000	     25.40220054	     24.98095987	      0.00000000	    -19.19671905	      0.21487792	    -23.53941783	      7.57140550	     14.89690267	     -4.98473282	      0.00000000	     35.46620842	     24.98095987	      0.00000000
      0.13333333	     55.04222670	      7.92766759	   -181.42281489	      0.17126878	     -0.41864709	     -0.47650585	    -28.44606660	      2.26016788	      3.04549409	     23.56255440	      3.66406361	      3.14672568	      0.01916537	     -0.02267478	      0.00807725	      0.00000000	      0.00000000	      0.00000000	      0.01567327	     -0.04290484	     -0.00314531	      0.00000000	      0.00000000	      0.00000000	      0.01965198	     -0.03980635	      0.00057591	    106.09070328	   -247.31521963	   -202.06673209	      9.31227612	      0.00000000	      0.00000000	      0.00000000	      0.00000000	    -91.91477411	    116.80933029	    172.77348901	      0.00000000	      0.00000000	      0.00000000	      0.00000000	      0.00000000	    -13.77698034	      4.16539666	    -26.32250145	      0.19194576	      2.09489565	     -4.98473282	      0.00000000	     24.96909899	     24.01043309	      0.00000000	    -20.35139265	      0.44749210	    -23.63191424	      8.07364029	     14.89690267	     -4.98473282	      0.00000000	     35.16518773	     23.30326430	      0.00000000
      0.16666667	     55.06098730	      7.43893564	   -181.92159310	      0.17232691	     -0.41751684	     -0.47559741	    -28.42149909	      1.52670232	      3.24784845	     23.67562354	      3.53580321	      3.93488872	      0.02026877	     -0.02212120	      0.01102784	      0.00000000	      0.00000000	      0.00000000	      0.01538495	     -0.04160114	     -0.00378005	      0.00000000	      0.00000000	      0.00000000	      0.01659979	     -0.04122412	     -0.00225882	    107.68598106	   -247.02603743	   -203.42067982	     10.15987384	      0.00000000	      0.00000000	      0.00000000	      0.00000000	    -91.71009998	    116.14711259	    175.89698396	      0.00000000	      0.00000000	      0.00000000	      0.00000000	      0.00000000	    -13.47391450	      3.23436541	    -24.67821809	     -1.11684162	      5.53501710	     -4.98473282	      0.00000000	     25.26570487	     15.47094044	      0.00000000	    -20.28420045	      1.09622920	    -22.63774653	      8.07783637	     14.89690267	     -4.98473282	      0.00000000	     34.26915424	     20.16844034	      0.00000000
      0.20000000	     55.63334830	      6.88017616	   -182.49271246	      0.17354406	     -0.41553762	     -0.47435979	    -27.93143326	      0.74401555	      3.35927172	     23.93663907	      2.99438676	      3.87686254	      0.02136468	     -0.02225251	      0.01446707	      0.00000000	      0.00000000	      0.00000000	      0.01625112	     -0.03970506	     -0.00593845	      0.00000000	      0.00000000	      0.00000000	      0.01549069	     -0.03992302	     -0.00138510	    109.32849566	   -246.40459562	   -206.17417511	     11.59059228	      0.00000000	      0.00000000	      0.00000000	      0.00000000	    -91.78068598	    116.09373167	    177.55317117	      0.00000000	      0.00000000	      0.00000000	      0.00000000	      0.00000000	    -12.38794987	      2.19216018	    -24.18246947	     -2.50357843	      7.58399576	     -4.98473282	      0.00000000	     26.03499309	     13.94450601	      0.00000000	    -19.74241381	      1.96209385	    -24.54820515	      8.91811193	     14.89690267	     -4.98473282	      0.00000000	     33.66672155	     22.21575091	      0.00000000
      0.23333333	     56.15167257	      6.50388160	   -183.06687762	      0.17478498	     -0.41361094	     -0.47306588	    -27.51040925	      0.21168946	      3.84433838	     24.38634167	      2.29362538	      3.96975025	      0.02300706	     -0.02239867	      0.01748858	      0.00000000	      0.00000000	      0.00000000	      0.01616217	     -0.03758406	     -0.00728476	      0.00000000	      0.00000000	      0.00000000	      0.01702768	     -0.03753637	      0.00009001	    108.44322931	   -246.12642059	   -206.46469574	     10.79492841	      0.00000000	      0.00000000	      0.00000000	      0.00000000	    -91.96161758	    115.92993073	    179.06611679	      0.00000000	      0.00000000	      0.00000000	      0.00000000	      0.00000000	    -11.29818189	      1.47316093	    -23.56085636	     -3.60889591	      7.87148333	     -4.98473282	      0.00000000	     26.86732959	     15.85693862	      0.00000000	    -19.31706480	      2.70343015	    -26.82923562	      9.86865680	     14.89690267	     -4.98473282	      0.00000000	     33.38531439	     24.98095987	      0.00000000
      0.26666667	     57.47388461	      6.14621750	   -183.23319180	      0.17627694	     -0.41051698	     -0.47178411	    -26.36542428	      0.00882639	      4.19024429	     24.94046533	      1.67993604	      3.31119150	      0.02391691	     -0.02307829	      0.01777518	      0.00000000	      0.00000000	      0.00000000	      0.01394020	     -0.04030396	     -0.00559188	      0.00000000	      0.00000000	      0.00000000	      0.01897985	     -0.03528648	     -0.00062358	    104.01962345	   -246.79427539	   -204.26993387	      7.23735999	      0.00000000	      0.00000000	      0.00000000	      0.00000000	    -92.46928713	    115.30690331	    181.15472640	      0.00000000	      0.00000000	      0.00000000	      0.00000000	      0.00000000	     -9.00248976	      0.98295209	    -23.16070163	     -4.91930487	      5.13768234	     -4.98473282	      0.00000000	     27.17767601	     18.44507515	      0.00000000	    -17.53107737	      3.05552280	    -27.13970316	      9.56307838	     14.89690267	     -4.98473282	      0.00000000	     33.60695515	     24.98095987	      0.00000000
      0.30000000	     58.36133533	      5.81748835	   -182.63237097	      0.17732153	     -0.40832560	     -0.47151958	    -25.53780507	     -0.12904824	      3.80121826	     25.07305498	      1.84761310	      2.74453697	      0.02412129	     -0.02326523	      0.01711788	      0.00000000	      0.00000000	      0.00000000	      0.01309059	     -0.04291872	     -0.00134905	      0.00000000	      0.00000000	      0.00000000	      0.02007624	     -0.03407667	     -0.00178109	    102.38760451	   -247.18311857	   -203.08023810	      5.90509289	      0.00000000	      0.00000000	      0.00000000	      0.00000000	    -92.58518233	    114.70152519	    182.64754178	      0.00000000	      0.00000000	      0.00000000	      0.00000000	      0.00000000	     -7.47512505	      0.80910432	    -22.73514543	     -5.75162591	      1.73880523	     -4.98473282	      0.00000000	     26.29581600	     17.19848545	      0.00000000	    -16.12620073	      3.06571751	    -26.19990293	      8.81078591	     14.89690267	     -4.98473282	      0.00000000	     33.89666108	     24.98095987	      0.00000000
      0.33333333	     59.31878199	      5.62806303	   -182.34701657	      0.17800566	     -0.40668234	     -0.47142213	    -24.57157123	     -0.21446612	      3.94932516	     25.12248617	      1.98304393	      1.95388450	      0.02426871	     -0.02348537	      0.01509586	      0.00000000	      0.00000000	      0.00000000	      0.01308223	     -0.04412736	      0.00055769	      0.00000000	      0.00000000	      0.00000000	      0.02166875	     -0.03414187	     -0.00280430	    103.84853552	   -246.05771639	   -205.46534185	      8.29067537	      0.00000000	      0.00000000	      0.00000000	      0.00000000	    -92.70602968	    113.89915635	    184.09322868	      0.00000000	      0.00000000	      0.00000000	      0.00000000	      0.00000000	     -5.93894218	      0.71889678	    -21.84353418	     -6.43558926	     -0.69534014	     -4.98473282	      0.00000000	     24.90770081	     13.46845915	      0.00000000	    -14.84707519	      3.11668910	    -25.87497208	      8.38428627	     14.89690267	     -4.98473282	      0.00000000	     33.62665098	     24.98095987	      0.00000000
      0.36666667	     59.34642064	      5.75001566	   -182.21321226	      0.17794824	     -0.40654839	     -0.47157616	    -24.52777906	     -0.20203135	      4.25303662	     24.98253001	      2.22274441	      1.76839384	      0.02360938	     -0.02317040	      0.01447198	      0.00000000	      0.00000000	      0.00000000	      0.01489047	     -0.04165420	      0.00110141	      0.00000000	      0.00000000	      0.00000000	      0.02293298	     -0.03304857	     -0.00187517	    108.41485845	   -244.26599459	   -209.77137978	     13.32921551	      0.00000000	      0.00000000	      0.00000000	      0.00000000	    -92.64389001	    113.44336446	    184.47937157	      0.00000000	      0.00000000	      0.00000000	      0.00000000	      0.00000000	     -5.78938456	      0.82171100	    -21.22408472	     -6.63241154	     -0.37169525	     -4.98473282	      0.00000000	     24.18726913	     11.11464006	      0.00000000	    -15.00473316	      3.16051146	    -26.86546384	      8.93530567	     14.89690267	     -4.98473282	      0.00000000	     32.66877047	     24.98095987	      0.00000000
      0.40000000	     59.45886041	      5.96910690	   -181.32566100	      0.17766439	     -0.40672538	     -0.47132220	    -24.38843439	      0.30957830	      3.63526690	     24.97156515	      2.23544206	      1.71572287	      0.02351081	     -0.02361387	      0.01387232	      0.00000000	      0.00000000	      0.00000000	      0.01500822	     -0.04215870	     -0.00027269	      0.00000000	      0.00000000	      0.00000000	      0.02385587	     -0.03251954	     -0.00000526	    108.49766150	   -243.85591007	   -209.92451383	     13.55409227	      0.00000000	      0.00000000	      0.00000000	      0.00000000	    -92.50351278	    113.46468583	    184.41373897	      0.00000000	      0.00000000	      0.00000000	      0.00000000	      0.00000000	     -5.99044249	      1.13466508	    -20.31453599	     -6.28000643	      0.72523644	     -4.98473282	      0.00000000	     24.87090017	     11.72141125	      0.00000000	    -14.85103814	      2.94164110	    -27.65712250	      9.34888821	     14.89690267	     -4.98473282	      0.00000000	     32.25046978	     24.98095987	      0.00000000
      0.43333333	     59.22893345	      6.35930560	   -181.55620273	      0.17748257	     -0.40733251	     -0.47091880	    -24.58110561	      0.61550571	      3.96201979	     24.79092584	      2.21426700	      2.03422909	      0.02331807	     -0.02369602	      0.01400018	      0.00000000	      0.00000000	      0.00000000	      0.01518163	     -0.03957547	     -0.00373727	      0.00000000	      0.00000000	      0.00000000	      0.02405961	     -0.03261481	      0.00119953	    107.83403448	   -243.69884267	   -208.63730980	     12.52918781	      0.00000000	      0.00000000	      0.00000000	      0.00000000	    -92.42474091	    113.62510986	    183.22312984	      0.00000000	      0.00000000	      0.00000000	      0.00000000	      0.00000000	     -6.24115556	      1.32761450	    -20.00718090	     -6.47012576	      3.32074657	     -4.98473282	      0.00000000	     26.58219191	     14.16579859	      0.00000000	    -15.25716850	      2.98758272	    -29.49179648	     10.00000028	     14.89690267	     -4.98473282	      0.00000000	     32.09375696	     24.98095987	      0.00000000
      0.46666667	     59.87056801	      6.60257433	   -180.81472009	      0.17726570	     -0.40766168	     -0.47056430	    -23.85828910	      1.26647069	      3.22524476	     24.69728425	      1.69466010	      2.97693239	      0.02309476	     -0.02508341	      0.01579137	      0.00000000	      0.00000000	      0.00000000	      0.01019296	     -0.04788533	     -0.00049262	      0.00000000	      0.00000000	      0.00000000	      0.02373812	     -0.03552596	      0.00219379	     99.78211047	   -246.94628037	   -199.85132759	      3.05065962	      0.00000000	      0.00000000	      0.00000000	      0.00000000	    -91.87240769	    114.12044938	    178.59161055	      0.00000000	      0.00000000	      0.00000000	      0.00000000	      0.00000000	     -6.02568937	      1.62616020	    -22.67567528	     -5.78636509	      4.94472974	     -4.98473282	      0.00000000	     27.12520536	     16.77400588	      0.00000000	    -14.50304278	      2.65831478	    -28.60699905	     10.00000028	     14.89690267	     -4.98473282	      0.00000000	     32.52286632	     24.98095987	      0.00000000
      0.50000000	     59.93716411	      6.73840239	   -180.97351256	      0.17704425	     -0.40847089	     -0.47152232	    -23.62107402	      1.18347890	      3.11085590	     24.61865862	      2.23480647	      3.09590437	      0.02422027	     -0.02577258	      0.01539324	      0.00000000	      0.00000000	      0.00000000	      0.01026315	     -0.04718551	      0.00251355	      0.00000000	      0.00000000	      0.00000000	      0.02312470	     -0.03764498	      0.00241785	    100.05512305	   -248.21891662	   -196.43785823	      0.88371997	      0.00000000	      0.00000000	      0.00000000	      0.00000000	    -91.45931468	    114.54956689	    176.94655941	      0.00000000	      0.00000000	      0.00000000	      0.00000000	      0.00000000	     -6.15703811	      1.99135540	    -22.29150212	     -5.49181518	      4.73407748	     -4.98473282	      0.00000000	     26.34170821	     14.19834631	      0.00000000	    -14.59892725	      2.51629211	    -27.92537308	     10.00000028	     14.89690267	     -4.98473282	      0.00000000	     33.21674466	     24.98095987	      0.00000000
      0.53333333	     60.81188844	      6.73635729	   -181.31618336	      0.17719820	     -0.40816247	     -0.47229215	    -22.60784325	      1.11710400	      3.13563993	     24.43249915	      2.01824602	      3.73853989	      0.02496641	     -0.02665742	      0.01626522	      0.00000000	      0.00000000	      0.00000000	      0.01271238	     -0.04680918	     -0.00018446	      0.00000000	      0.00000000	      0.00000000	      0.02258152	     -0.03995355	      0.00123931	    102.61708888	   -246.96969851	   -199.36863585	      4.44254571	      0.00000000	      0.00000000	      0.00000000	      0.00000000	    -91.51153222	    114.78194420	    176.10620242	      0.00000000	      0.00000000	      0.00000000	      0.00000000	      0.00000000	     -5.05480818	      2.10239403	    -22.81620434	     -5.66342989	      5.18805548	     -4.98473282	      0.00000000	     25.37784664	     10.15109112	      0.00000000	    -13.63440854	      2.38155647	    -27.56826517	      9.60063380	     14.89690267	     -4.98473282	      0.00000000	     33.68827338	     24.98095987	      0.00000000
      0.56666667	     60.89540437	      6.46265660	   -181.65875295	      0.17716061	     -0.40834893	     -0.47378913	    -22.47977767	      0.41367500	      3.17290465	     24.45272087	      2.87442660	      2.99170812	      0.02526779	     -0.02655503	      0.01500175	      0.00000000	      0.00000000	      0.00000000	      0.01570295	     -0.04530248	     -0.00214598	      0.00000000	      0.00000000	      0.00000000	      0.02197664	     -0.04023023	      0.00181866	    107.67351752	   -245.24369043	   -205.96331374	     10.22091311	      0.00000000	      0.00000000	      0.00000000	      0.00000000	    -91.00334476	    115.01054335	    176.21841998	      0.00000000	      0.00000000	      0.00000000	      0.00000000	      0.00000000	     -4.93315048	      1.88569608	    -23.32373400	     -5.45579827	      5.88461893	     -4.98473282	      0.00000000	     25.19669693	      8.48234551	      0.00000000	    -13.77248957	      2.69456783	    -28.21082452	      9.88298345	     14.89690267	     -4.98473282	      0.00000000	     33.31073293	     24.98095987	      0.00000000
      0.60000000	     60.88215087	      6.42604548	   -181.56880674	      0.17681831	     -0.40813419	     -0.47490512	    -22.48065612	      0.28576722	      2.88579916	     24.44735182	      2.70898647	      2.86490188	      0.02596364	     -0.02647271	      0.01557209	      0.00000000	      0.00000000	      0.00000000	      0.01660118	     -0.04714413	     -0.00341245	      0.00000000	      0.00000000	      0.00000000	      0.02141353	     -0.03963149	      0.00203820	    107.65635791	   -245.25529815	   -206.00786664	     10.49867557	      0.00000000	      0.00000000	      0.00000000	      0.00000000	    -91.04998507	    115.20422590	    176.23920778	      0.00000000	      0.00000000	      0.00000000	      0.00000000	      0.00000000	     -5.02935485	      1.87417027	    -23.17237675	     -5.13077644	      6.03419567	     -4.98473282	      0.00000000	     25.29777540	      8.51137323	      0.00000000	    -13.67147807	      2.52836017	    -28.33270381	      9.56021612	     14.89690267	     -4.98473282	      0.00000000	     33.06051827	     24.98095987	      0.00000000
      0.63333333	     60.49096696	      5.94139910	   -181.08120277	      0.17621026	     -0.40799364	     -0.47561986	    -22.89781851	     -0.25292322	      2.23024022	     24.55196446	      2.41345418	      2.14203451	      0.02672886	     -0.02626651	      0.01669963	      0.00000000	      0.00000000	      0.00000000	      0.01711025	     -0.04603762	     -0.00581847	      0.00000000	      0.00000000	      0.00000000	      0.02128666	     -0.03752913	      0.00331399	    107.45823413	   -245.15816956	   -205.74565760	      9.98087830	      0.00000000	      0.00000000	      0.00000000	      0.00000000	    -90.87491863	    115.23734535	    176.23816340	      0.00000000	      0.00000000	      0.00000000	      0.00000000	      0.00000000	     -5.64118933	      1.35182361	    -22.76838374	     -4.88742998	      6.24844729	     -4.98473282	      0.00000000	     25.53377885	      8.30756230	      0.00000000	    -13.84556775	      2.64285644	    -26.87102642	      8.96056574	     14.89690267	     -4.98473282	      0.00000000	     32.89181245	     24.98095987	      0.00000000
      0.66666667	     58.71001061	      5.94686074	   -180.60010784	      0.17484255	     -0.40844881	     -0.47667673	    -24.96150351	     -0.38734523	      2.16159872	     24.97049116	      3.02133861	      0.98214566	      0.02628090	     -0.02532741	      0.01502857	      0.00000000	      0.00000000	      0.00000000	      0.01341596	     -0.04918113	     -0.00271514	      0.00000000	      0.00000000	      0.00000000	      0.02168471	     -0.03443463	      0.00580010	    102.41881295	   -246.98315928	   -203.36376037	      4.60306556	      0.00000000	      0.00000000	      0.00000000	      0.00000000	    -89.82238701	    115.19605470	    175.26726998	      0.00000000	      0.00000000	      0.00000000	      0.00000000	      0.00000000	     -8.03968648	      1.52152700	    -22.91417446	     -4.08115485	      6.98304242	     -4.98473282	      0.00000000	     24.59118547	      7.86060667	      0.00000000	    -15.66769184	      2.26972934	    -24.88875377	      8.54678295	     14.89690267	     -4.98473282	      0.00000000	     32.56960574	     24.98095987	      0.00000000
      0.70000000	     57.79201288	      5.77259449	   -181.03189104	      0.17417008	     -0.40947767	     -0.47682917	    -25.88491223	     -0.78752472	      2.79175980	     25.04512304	      2.34269487	      0.30036889	      0.02631807	     -0.02477587	      0.01623098	      0.00000000	      0.00000000	      0.00000000	      0.01137323	     -0.04915594	     -0.00060589	      0.00000000	      0.00000000	      0.00000000	      0.02296842	     -0.03264550	      0.00753333	    100.44556522	   -248.01968827	   -202.18183073	      1.56437256	      0.00000000	      0.00000000	      0.00000000	      0.00000000	    -89.51924082	    115.20433479	    173.34932802	      0.00000000	      0.00000000	      0.00000000	      0.00000000	      0.00000000	     -9.20828066	      1.26682010	    -22.86175774	     -3.78325423	      7.99773388	     -4.98473282	      0.00000000	     24.95378411	      9.37341114	      0.00000000	    -16.85327265	      2.50680463	    -23.90931043	      8.60530245	     14.89690267	     -4.98473282	      0.00000000	     32.54193364	     24.98095987	      0.00000000
      0.73333333	     57.73960671	      5.84389176	   -181.52494855	      0.17403353	     -0.41024895	     -0.47717523	    -25.85889537	     -0.90768008	      3.52417171	     25.10123131	      2.50084071	      0.44460546	      0.02650620	     -0.02484181	      0.01592622	      0.00000000	      0.00000000	      0.00000000	      0.00997748	     -0.04757195	     -0.00062150	      0.00000000	      0.00000000	      0.00000000	      0.02434161	     -0.03362781	      0.00789446	    100.73740894	   -248.00439539	   -202.14303464	      1.04796173	      0.00000000	      0.00000000	      0.00000000	      0.00000000	    -89.16235861	    115.06446111	    173.17915469	      0.00000000	      0.00000000	      0.00000000	      0.00000000	      0.00000000	     -9.27557412	      1.37914013	    -22.35590527	     -3.73003525	      8.61826589	     -4.98473282	      0.00000000	     24.93160950	     10.02330434	      0.00000000	    -17.08985705	      2.47886155	    -23.24062726	      8.69964412	     14.89690267	     -4.98473282	      0.00000000	     33.09156692	     24.98095987	      0.00000000
      0.76666667	     57.34822654	      6.21740640	   -182.54431575	      0.17428858	     -0.41104427	     -0.47812688	    -26.22131987	     -1.01261208	      4.98634778	     25.11638182	      2.61178812	      0.48799408	      0.02623460	     -0.02412854	      0.01580692	      0.00000000	      0.00000000	      0.00000000	      0.00791129	     -0.04567515	     -0.00030427	      0.00000000	      0.00000000	      0.00000000	      0.02565756	     -0.03503289	      0.00711522	    100.66891523	   -248.11293564	   -201.32866838	      0.00000000	      0.00000000	      0.00000000	      0.00000000	      0.00000000	    -88.53806161	    114.72820547	    172.38819402	      0.00000000	      0.00000000	      0.00000000	      0.00000000	      0.00000000	     -9.49848684	      1.64242164	    -22.15083473	     -4.00825516	      9.14767178	     -4.98473282	      0.00000000	     25.88585913	     11.42580074	      0.00000000	    -17.56994781	      2.33675182	    -24.26431232	      8.61439413	     14.89690267	     -4.98473282	      0.00000000	     34.04705874	     24.98095987	      0.00000000
      0.80000000	     56.68792520	      6.50127457	   -183.31279370	      0.17412348	     -0.41264558	     -0.47787093	    -26.77671412	     -0.92734020	      5.82840352	     24.91418293	      1.95840208	      0.72952645	      0.02587254	     -0.02360858	      0.01647634	      0.00000000	      0.00000000	      0.00000000	      0.00781187	     -0.04296214	     -0.00109332	      0.00000000	      0.00000000	      0.00000000	      0.02551283	     -0.03517634	      0.00686076	    100.96944677	   -247.78048743	   -194.72584533	      0.00000000	      0.00000000	      0.00000000	      0.00000000	      0.00000000	    -88.92534614	    114.95008480	    168.94547068	      0.00000000	      0.00000000	      0.00000000	      0.00000000	      0.00000000	    -10.14821597	      1.68791699	    -22.17396180	     -4.01124861	      6.99891430	     -4.98473282	      0.00000000	     26.68270490	     15.39574866	      0.00000000	    -18.75275849	      2.69025952	    -26.26212724	      9.61959285	     14.89690267	     -4.98473282	      0.00000000	     33.49981475	     24.98095987	      0.00000000
      0.83333333	     56.71461771	      6.45354410	   -183.02367599	      0.17398977	     -0.41242028	     -0.47793530	    -26.79203344	     -0.84275897	      5.52746016	     24.72513804	      2.03385914	      0.81072287	      0.02500311	     -0.02386925	      0.01588018	      0.00000000	      0.00000000	      0.00000000	      0.00822113	     -0.04419867	     -0.00141270	      0.00000000	      0.00000000	      0.00000000	      0.02534289	     -0.03452787	      0.00796491	    100.54373221	   -247.73723714	   -194.52879893	      0.00000000	      0.00000000	      0.00000000	      0.00000000	      0.00000000	    -89.26945530	    115.18542829	    168.93686591	      0.00000000	      0.00000000	      0.00000000	      0.00000000	      0.00000000	    -10.07914867	      1.65916353	    -22.58846992	     -4.14307391	      6.49581578	     -4.98473282	      0.00000000	     26.61555175	     15.11720895	      0.00000000	    -18.59301425	      2.75130853	    -27.13405337	      9.68830139	     14.89690267	     -4.98473282	      0.00000000	     33.13950498	     24.98095987	      0.00000000
      0.86666667	     57.15219300	      6.35593709	   -182.84971036	      0.17372094	     -0.41201546	     -0.47742897	    -26.31464606	     -0.69841337	      4.95847503	     23.96104972	      2.01586153	      1.64050894	      0.02369492	     -0.02449089	      0.01580286	      0.00000000	      0.00000000	      0.00000000	      0.01024904	     -0.04694617	     -0.00115142	      0.00000000	      0.00000000	      0.00000000	      0.02423671	     -0.03697890	      0.00712026	    100.49549589	   -247.83152627	   -194.60918810	      0.72424861	      0.00000000	      0.00000000	      0.00000000	      0.00000000	    -89.48633286	    115.54446363	    169.82321233	      0.00000000	      0.00000000	      0.00000000	      0.00000000	      0.00000000	     -9.61790187	      1.47561914	    -22.84997216	     -4.07609675	      6.53491415	     -4.98473282	      0.00000000	     25.91455625	     15.18877456	      0.00000000	    -18.13987695	      3.01309349	    -28.42304509	     10.00000028	     14.89690267	     -4.98473282	      0.00000000	     32.56398913	     24.98095987	      0.00000000
      0.90000000	     58.86156151	      5.91736851	   -182.43115854	      0.17399875	     -0.41104497	     -0.47661053	    -24.49062244	     -0.70065977	      3.91579213	     23.59884052	      1.53433258	      2.74689446	      0.02428369	     -0.02598984	      0.01775480	      0.00000000	      0.00000000	      0.00000000	      0.01612010	     -0.04192476	     -0.00758363	      0.00000000	      0.00000000	      0.00000000	      0.02235279	     -0.04224672	      0.00321565	    108.33212879	   -244.22649025	   -204.26392341	     11.06960496	      0.00000000	      0.00000000	      0.00000000	      0.00000000	    -89.95353515	    115.37260943	    174.78972514	      0.00000000	      0.00000000	      0.00000000	      0.00000000	      0.00000000	     -7.74181526	      0.94562474	    -25.21493407	     -3.96343522	      7.16729448	     -4.98473282	      0.00000000	     26.12629012	     16.26335012	      0.00000000	    -16.13149431	      3.46448165	    -29.33085826	     10.00000028	     14.89690267	     -4.98473282	      0.00000000	     32.56516119	     24.98095987	      0.00000000
      0.93333333	     59.58025640	      5.73668562	   -182.12434064	      0.17391767	     -0.41092366	     -0.47619911	    -23.84018263	     -0.60924712	      3.38674513	     22.80104243	      1.81500206	      3.18770198	      0.02227035	     -0.02638848	      0.01683599	      0.00000000	      0.00000000	      0.00000000	      0.01845875	     -0.03667196	     -0.00582794	      0.00000000	      0.00000000	      0.00000000	      0.02102055	     -0.05042369	      0.00046165	    115.18524354	   -242.71392443	   -208.15534841	     17.55300362	      0.00000000	      0.00000000	      0.00000000	      0.00000000	    -88.65054520	    115.34557337	    176.12458418	      0.00000000	      0.00000000	      0.00000000	      0.00000000	      0.00000000	     -7.13689497	      0.86147841	    -26.77685335	     -3.34878059	      6.66027904	     -4.98473282	      0.00000000	     26.09318364	     16.50556871	      0.00000000	    -15.27674826	      3.72309918	    -29.94645210	     10.00000028	     14.89690267	     -4.98473282	      0.00000000	     32.50361439	     24.98095987	      0.00000000
      0.96666667	     60.82826715	      5.67172152	   -182.20855745	      0.17369613	     -0.41195260	     -0.47608501	    -22.39473365	     -0.46155247	      3.07972677	     21.53518068	      1.81631660	      4.02515715	      0.02108408	     -0.02708548	      0.01677130	      0.00000000	      0.00000000	      0.00000000	      0.01894039	     -0.03706943	     -0.00408357	      0.00000000	      0.00000000	      0.00000000	      0.01921255	     -0.05472413	     -0.00141792	    117.30051687	   -242.44407453	   -206.84153844	     19.28728746	      0.00000000	      0.00000000	      0.00000000	      0.00000000	    -89.25543277	    115.45286012	    176.21934743	      0.00000000	      0.00000000	      0.00000000	      0.00000000	      0.00000000	     -6.02950613	      1.00482181	    -28.40644499	     -2.78961906	      6.51401564	     -4.98473282	      0.00000000	     26.79048724	     16.66406869	      0.00000000	    -13.94196545	      3.87753849	    -30.24664947	     10.00000028	     14.89690267	     -4.98473282	      0.00000000	     32.38848907	     24.98095987	      0.00000000
      1.00000000	     61.80390272	      5.73261113	   -182.63494490	      0.17294878	     -0.41452388	     -0.47655911	    -21.20084276	     -0.29348503	      3.36530477	     20.59977490	      1.87482537	      4.54582379	      0.02080540	     -0.02741259	      0.01547092	      0.00000000	      0.00000000	      0.00000000	      0.01542031	     -0.04144608	     -0.00496215	      0.00000000	      0.00000000	      0.00000000	      0.01772318	     -0.05534537	     -0.00091741	    114.54215644	   -243.25391290	   -204.53412151	     16.48156629	      0.00000000	      0.00000000	      0.00000000	      0.00000000	    -90.28055732	    115.76390698	    174.54009679	      0.00000000	      0.00000000	      0.00000000	      0.00000000	      0.00000000	     -5.34348429	      1.36819950	    -29.67208109	     -2.27874384	      6.85027555	     -4.98473282	      0.00000000	     27.70034774	     16.91290599	      0.00000000	    -13.07383072	      3.83670281	    -30.01143494	     10.00000028	     14.89690267	     -4.98473282	      0.00000000	     32.32552959	     24.98095987	      0.00000000
      1.03333333	     61.75045738	      6.08180245	   -183.03018699	      0.17087559	     -0.41923402	     -0.47823153	    -21.01393247	     -0.01251906	      4.02188446	     19.31333477	      2.09069387	      4.55245667	      0.01995556	     -0.02703657	      0.01362319	      0.00000000	      0.00000000	      0.00000000	      0.01022952	     -0.04595671	     -0.00497177	      0.00000000	      0.00000000	      0.00000000	      0.01631170	     -0.05398072	     -0.00056805	    110.94453366	   -244.37712955	   -201.22021244	     12.25766064	      0.00000000	      0.00000000	      0.00000000	      0.00000000	    -91.28088254	    116.01784458	    171.83978872	      0.00000000	      0.00000000	      0.00000000	      0.00000000	      0.00000000	     -6.03428479	      1.97378993	    -30.02399789	     -1.84664396	      7.62970784	     -4.98473282	      0.00000000	     27.97600475	     17.56966483	      0.00000000	    -13.57506638	      3.31578022	    -29.27302468	     10.00000028	     14.89690267	     -4.98473282	      0.00000000	     32.20070726	     24.98095987	      0.00000000
      1.06666667	     61.18126407	      6.50652396	   -183.49703450	      0.16778959	     -0.42563075	     -0.48072673	    -21.42317375	      0.23417647	      4.99840136	     18.24103240	      2.38452068	      4.06797867	      0.01916567	     -0.02596724	      0.01081066	      0.00000000	      0.00000000	      0.00000000	      0.00567545	     -0.04385015	     -0.00287058	      0.00000000	      0.00000000	      0.00000000	      0.01310828	     -0.05520839	     -0.00577346	    112.50007261	   -243.61862644	   -199.91368501	     13.39851422	      0.00000000	      0.00000000	      0.00000000	      0.00000000	    -91.70824751	    115.65300072	    170.04158906	      0.00000000	      0.00000000	      0.00000000	      0.00000000	      0.00000000	     -7.41154953	      2.50249751	    -29.54257400	     -1.59271265	      8.34423114	     -4.98473282	      0.00000000	     27.45335745	     17.78076648	      0.00000000	    -14.82814012	      2.59865390	    -28.69081247	     10.00000028	     14.89690267	     -4.98473282	      0.00000000	     32.66235294	     24.98095987	      0.00000000
      1.10000000	     60.58211046	      6.69541219	   -183.65069837	      0.16370586	     -0.43378999	     -0.48386455	    -21.61255181	      0.12095885	      5.65856121	     17.22320660	      2.81337081	      2.85850430	      0.02115959	     -0.02471361	      0.00913449	      0.00000000	      0.00000000	      0.00000000	      0.00653734	     -0.03456555	      0.00193820	      0.00000000	      0.00000000	      0.00000000	      0.01193410	     -0.05555861	     -0.00898211	    120.43020659	   -239.65154941	   -199.89892495	     21.96956012	      0.00000000	      0.00000000	      0.00000000	      0.00000000	    -93.41882215	    117.45151965	    172.99284997	      5.05605961	      0.00000000	      0.00000000	      0.00000000	      0.00000000	     -8.91893858	      2.71932002	    -28.35936175	     -1.57217122	      9.00454623	     -4.98473282	      0.00000000	     26.20577490	     16.40711619	      0.00000000	    -16.20763290	      1.98143160	    -28.15826918	     10.00000028	     14.89690267	     -4.98473282	      0.00000000	     33.13085187	     24.98095987	      0.00000000
      1.13333333	     61.22391582	      6.81712403	   -183.95751622	      0.15994601	     -0.44163521	     -0.48593830	    -20.81805718	      0.21339711	      6.23451044	     15.85192801	      3.26749443	      2.39672135	      0.02070547	     -0.02311277	      0.00749138	      0.00000000	      0.00000000	      0.00000000	      0.00595233	     -0.03049635	      0.00986591	      0.00000000	      0.00000000	      0.00000000	      0.01901006	     -0.04128967	     -0.00619212	    124.82702665	   -236.32313840	   -198.91342304	     29.29151395	      0.00000000	      0.00000000	      0.00000000	      0.00000000	   -104.90320758	    124.80506776	    187.34572024	     22.90885075	      0.00000000	      0.00000000	      0.00000000	      0.00000000	     -8.80859017	      2.78500889	    -26.32641755	     -2.10739104	      9.88506274	     -4.98473282	      0.00000000	     25.07097890	     13.20211660	      0.00000000	    -16.14716736	      1.43713716	    -26.81275219	      9.71485255	     14.89690267	     -4.98473282	      0.00000000	     33.99675662	     23.16655372	      0.00000000
      1.16666667	     62.46770093	      6.52098991	   -184.08526123	      0.15571238	     -0.44969668	     -0.48687667	    -19.36664724	      0.08300709	      6.39200454	     14.56484516	      3.05815910	      1.40858954	      0.02244972	     -0.02199378	      0.00775364	      0.00000000	      0.00000000	      0.00000000	      0.00624260	     -0.03082878	      0.01286887	      0.00000000	      0.00000000	      0.00000000	      0.02124581	     -0.03427580	     -0.00749177	    125.44761684	   -232.88787519	   -196.72368632	     35.00752734	      0.00000000	      0.00000000	      0.00000000	      0.00000000	   -109.33148953	    128.14552832	    186.89248461	     30.16433227	      0.00000000	      0.00000000	      0.00000000	      0.00000000	     -8.00007787	      2.46167612	    -25.01822909	     -2.39871785	      9.58518928	     -4.98473282	      0.00000000	     24.17477198	     12.44860586	      0.00000000	    -15.15483890	      1.28253441	    -24.28876112	      8.64129443	     14.89690267	     -4.98473282	      0.00000000	     33.90995480	     20.41291221	      0.00000000
      1.20000000	     65.45941813	      6.07706757	   -184.13418027	      0.15137335	     -0.45579464	     -0.48653708	    -16.49670413	      0.10803220	      5.91441177	     12.87012601	      2.66175294	      1.41605989	      0.02181965	     -0.02198959	      0.00954795	      0.00000000	      0.00000000	      0.00000000	      0.00540673	     -0.03273779	      0.01128798	      0.00000000	      0.00000000	      0.00000000	      0.02282639	     -0.02685308	     -0.00326275	    124.95733888	   -230.48833244	   -195.32218349	     38.89614958	      0.00000000	      0.00000000	      0.00000000	      0.00000000	   -111.59661179	    132.22576457	    186.13939224	     36.31090433	      0.00000000	      0.00000000	      0.00000000	      0.00000000	     -4.93567287	      2.03187748	    -23.45029194	     -2.99104957	      7.69867461	     -4.98473282	      0.00000000	     24.08355771	     13.11157265	      0.00000000	    -11.75782920	      1.10240600	    -20.37015158	      6.38858371	     14.89690267	     -4.98473282	      0.00000000	     33.08610966	     15.95952499	      0.00000000
      1.23333333	     68.63800105	      5.73132804	   -184.35178052	      0.14626799	     -0.46173335	     -0.48497446	    -13.73845735	      0.43907721	      5.43119498	     11.37251283	      1.93126608	      2.07792377	      0.02157666	     -0.02245978	      0.01163281	      0.00000000	      0.00000000	      0.00000000	      0.00526542	     -0.02909526	      0.00631055	      0.00000000	      0.00000000	      0.00000000	      0.02308676	     -0.01988293	      0.00392879	    125.07287122	   -227.82722182	   -193.93168579	     42.92996431	      0.00000000	      0.00000000	      0.00000000	      0.00000000	   -112.01310696	    136.34908500	    184.41764005	     40.38995454	      0.00000000	      0.00000000	      0.00000000	      0.00000000	     -1.40355023	      1.44680005	    -21.73636885	     -3.94908360	      4.74421316	     -4.98473282	      0.00000000	     24.88625608	     15.56905514	      0.00000000	     -8.02973325	      1.06379929	    -16.99994569	      3.77589747	     14.89690267	     -4.98473282	      0.00000000	     31.82966225	     10.15010618	      0.00000000
      1.26666667	     86.36183215	      3.48458812	   -183.56354140	      0.14630141	     -0.45097296	     -0.47973252	      3.61806469	      0.25202450	      2.93911640	      9.95774174	      0.81239602	      1.02933145	      0.02045015	     -0.02743717	      0.00992708	      0.00000000	      0.00000000	      0.00000000	      0.00183742	     -0.02174465	      0.00160275	      0.00000000	      0.00000000	      0.00000000	      0.01435715	     -0.02557048	      0.00710942	    126.37677455	   -224.44958347	   -191.74964220	     47.01518365	      0.00000000	      0.00000000	      0.00000000	      0.00000000	   -110.94681063	    137.99965728	    182.98245701	     40.55287670	      0.00000000	      0.00000000	      0.00000000	      0.00000000	     21.58287638	     -1.18512845	    -14.94716290	    -10.59988461	    -10.60725638	     -4.98473282	      0.00000000	     27.73120655	     24.98095987	      0.00000000	     16.98966892	      2.77507568	      5.94029500	     -8.20209973	      1.65467203	     -4.98473282	      0.00000000	     29.50613910	     -4.92980007	      0.00000000
      1.30000000	    101.20215393	      1.02916635	   -185.25202271	      0.14276310	     -0.45014633	     -0.47823542	     19.15609945	     -0.61708611	      3.96190299	      6.81444145	      1.19832713	      2.46106566	      0.02139931	     -0.02535592	      0.01055669	      0.00000000	      0.00000000	      0.00000000	      0.00172055	     -0.00710111	      0.00000255	      0.00000000	      0.00000000	      0.00000000	      0.01362220	     -0.01465630	      0.01026451	    128.57396717	   -219.48739274	   -187.77070085	     52.46857775	      0.00000000	      0.00000000	      0.00000000	      0.00000000	   -114.42931310	    142.57720226	    181.93700518	     45.59681456	      0.00000000	      0.00000000	      0.00000000	      0.00000000	     40.67438418	     -1.98783575	     -8.01384394	    -16.79799994	    -10.76138626	     -4.98473282	      0.00000000	     25.15327021	     17.49215035	      0.00000000	     34.80775146	      4.16131694	      7.99490622	    -12.45673219	     -3.29964272	     -4.98473282	      0.00000000	     25.41192026	     -6.94914822	      0.00000000
      1.33333333	    103.79185121	     -0.16646322	   -186.31924490	      0.13154139	     -0.45899125	     -0.47943761	     20.74018906	     -1.16374504	      5.03347445	      6.37808862	      1.13662812	      1.95506635	      0.02311873	     -0.02791539	      0.00845583	      0.00000000	      0.00000000	      0.00000000	     -0.00121431	      0.00282936	     -0.00094649	      0.00000000	      0.00000000	      0.00000000	      0.01425395	     -0.00619031	      0.01077343	    128.57545595	   -215.43557870	   -185.43975443	     58.12480832	      0.00000000	      0.00000000	      0.00000000	      0.00000000	   -117.99320816	    147.49958553	    183.79407875	     52.94977440	      0.00000000	      0.00000000	      0.00000000	      0.00000000	     44.00866364	     -2.04050780	     -5.67518213	    -18.72697927	    -11.60790241	     -4.98473282	      0.00000000	     22.38222263	     17.69480337	      0.00000000	     37.06646391	      4.12627146	      6.17393318	    -12.49865917	     -4.27912627	     -4.98473282	      0.00000000	     22.17289922	     -5.83196128	      0.00000000
      1.36666667	    105.77116615	     -0.68681114	   -187.07992057	      0.11847777	     -0.47072341	     -0.48262695	     21.84963961	     -1.33989018	      5.98935415	      6.40697137	      1.69519337	      0.93573719	      0.02850592	     -0.03204417	      0.00439702	      0.00000000	      0.00000000	      0.00000000	     -0.00400580	      0.00393656	     -0.00699678	      0.00000000	      0.00000000	      0.00000000	      0.01917469	     -0.00212663	      0.01252967	    126.44306334	   -210.86482733	   -183.72848938	     64.41889754	      0.00000000	      0.00000000	      0.00000000	      0.00000000	   -120.14577383	    153.23977705	    183.67814475	     61.12759534	      0.00000000	      0.00000000	      0.00000000	      0.00000000	     45.87234093	     -1.52976784	     -4.96189020	    -19.85792464	    -10.85438318	     -4.98473282	      0.00000000	     20.12991125	     18.68689286	      0.00000000	     38.40052760	      3.50317452	      4.77435419	    -12.74028735	     -3.19772915	     -4.98473282	      0.00000000	     20.20742562	     -2.91682956	      0.00000000
      1.40000000	    108.73826771	     -0.68154324	   -187.37618626	      0.10480701	     -0.48464777	     -0.48749608	     24.57156328	     -1.31935326	      6.24864029	      5.12112375	      2.32647199	     -1.24791656	      0.03442511	     -0.03531358	      0.00064461	      0.00000000	      0.00000000	      0.00000000	     -0.00821886	      0.00258635	     -0.01188076	      0.00000000	      0.00000000	      0.00000000	      0.02423763	     -0.00105076	      0.01460243	    125.83559634	   -207.25210528	   -182.35449387	     68.94015984	      0.00000000	      0.00000000	      0.00000000	      0.00000000	   -121.02289605	    158.86753866	    182.29582435	     68.14890435	      0.00000000	      0.00000000	      0.00000000	      0.00000000	     48.14154076	     -0.77812989	     -6.01746043	    -20.22318972	     -9.50050940	     -4.98473282	      0.00000000	     18.73627101	     21.24717985	      0.00000000	     40.63727401	      2.44071997	      2.29420582	    -13.10748736	     -1.51914813	     -4.98473282	      0.00000000	     19.48309762	      3.25373685	      0.00000000
      1.43333333	    109.67502402	      0.79876147	   -186.85275063	      0.09156077	     -0.50147425	     -0.49273421	     25.35574601	     -0.26603816	      5.25953364	      3.63435565	      2.35038309	     -3.20495863	      0.04195152	     -0.03877822	     -0.00256578	      0.00000000	      0.00000000	      0.00000000	     -0.01180587	      0.00098620	     -0.01726235	      0.00000000	      0.00000000	      0.00000000	      0.02576023	     -0.00436893	      0.01483680	    126.45596518	   -204.22730610	   -181.84293946	     72.51878979	      0.00000000	      0.00000000	      0.00000000	      0.00000000	   -120.39636985	    162.90589024	    179.69637966	     72.66244859	      0.00000000	      0.00000000	      0.00000000	      0.00000000	     47.25205757	      0.25569754	     -8.26890773	    -19.54130437	     -7.64059131	     -4.98473282	      0.00000000	     20.06912704	     23.35787429	      0.00000000	     40.29253881	      1.25545754	      1.10459587	    -13.17223271	     -0.32680756	     -4.98473282	      0.00000000	     19.25964993	      6.91172884	      0.00000000
      1.46666667	    109.36978992	      3.15356988	   -185.47508906	      0.07963191	     -0.51863958	     -0.49777874	     25.03391972	      1.15776494	      3.03346371	      1.38269902	      2.39917033	     -4.73476582	      0.04775795	     -0.04137004	     -0.00525770	      0.00000000	      0.00000000	      0.00000000	     -0.01416103	      0.00105733	     -0.01954575	      0.00000000	      0.00000000	      0.00000000	      0.01964051	     -0.00959065	      0.01408517	    128.45629503	   -201.73696532	   -181.43360623	     75.20891536	      0.00000000	      0.00000000	      0.00000000	      0.00000000	   -119.33324864	    164.66834617	    177.82077250	     74.49182909	      0.00000000	      0.00000000	      0.00000000	      0.00000000	     44.72380244	      1.11119380	    -12.17100454	    -18.37266520	     -6.02360156	     -4.98473282	      0.00000000	     21.75071586	     24.98095987	      0.00000000	     38.68552341	     -0.02989219	     -0.67411376	    -12.94401693	      0.02431105	     -4.98473282	      0.00000000	     19.61340535	     10.35016551	      0.00000000
      1.50000000	    108.30252720	      5.28748803	   -183.72170283	      0.06959892	     -0.53371601	     -0.50223460	     24.13500515	      2.18069768	      0.54929372	     -1.45806128	      2.21465085	     -5.11246809	      0.05248101	     -0.04260235	     -0.00566654	      0.00000000	      0.00000000	      0.00000000	     -0.01443956	      0.00119713	     -0.01895989	      0.00000000	      0.00000000	      0.00000000	      0.01031738	     -0.01530038	      0.01299980	    130.85415380	   -199.53083670	   -181.41584724	     77.87429123	      0.00000000	      0.00000000	      0.00000000	      0.00000000	   -118.42695237	    165.21830654	    177.44533975	     75.42096494	      0.00000000	      0.00000000	      0.00000000	      0.00000000	     41.78582223	      1.79335990	    -14.59971332	    -17.49444750	     -5.79300738	     -4.98473282	      0.00000000	     22.40290275	     24.98095987	      0.00000000	     36.74581539	     -1.00160001	     -1.45340879	    -12.90887709	     -0.30334926	     -4.98473282	      0.00000000	     20.05930588	     12.55379163	      0.00000000
      1.53333333	     99.83310008	      7.62435413	   -180.70775718	      0.05903899	     -0.54956802	     -0.50522989	     14.51860700	      3.29687717	     -2.29332022	     -2.42239089	      1.56467925	     -3.82732374	      0.05339771	     -0.04494223	     -0.00308928	      0.00000000	      0.00000000	      0.00000000	     -0.01693161	     -0.00205379	     -0.01837935	      0.00000000	      0.00000000	      0.00000000	     -0.00125386	     -0.02253965	      0.01242479	    131.56373344	   -198.69221791	   -182.83184000	     80.27942159	      0.00000000	      0.00000000	      0.00000000	      0.00000000	   -118.55561799	    165.16702794	    181.13575478	     77.03354239	      0.00000000	      0.00000000	      0.00000000	      0.00000000	     30.17146883	      2.18499317	    -20.67018782	    -15.27330755	     -1.92987007	     -4.98473282	      0.00000000	     22.34582236	     24.98095987	      0.00000000	     26.23498229	     -2.34882029	     -1.66689118	    -10.54047127	     -3.91853046	     -4.98473282	      0.00000000	     22.17185139	     22.27172803	      0.00000000
      1.56666667	     98.91530056	      8.22799371	   -179.87130347	      0.05233432	     -0.55774551	     -0.50734773	     13.45319163	      3.35297805	     -3.25217877	     -4.51437298	      1.96662469	     -2.14429196	      0.05672381	     -0.04347575	     -0.00145597	      0.00000000	      0.00000000	      0.00000000	     -0.01225758	     -0.00034085	     -0.01909743	      0.00000000	      0.00000000	      0.00000000	     -0.00346827	     -0.02556284	      0.01431866	    132.48933486	   -196.02661449	   -184.03554117	     83.46552272	      0.00000000	      0.00000000	      0.00000000	      0.00000000	   -119.07120620	    167.02017840	    184.12355657	     80.67426060	      0.00000000	      0.00000000	      0.00000000	      0.00000000	     28.54659560	      2.48302656	    -20.40363001	    -15.41233583	     -2.43634358	     -4.98473282	      0.00000000	     20.57382948	     24.98095987	      0.00000000	     25.16114256	     -3.37409336	     -1.44382129	    -11.23119438	     -1.61618130	     -4.98473282	      0.00000000	     23.24932528	     24.47935002	      0.00000000
      1.60000000	     95.71826773	      8.55260743	   -179.62793324	      0.04586925	     -0.56526564	     -0.50702164	      9.39198036	      3.70915436	     -3.57160795	     -6.14053457	      1.12424453	      1.34974485	      0.05645283	     -0.04035044	      0.00310971	      0.00000000	      0.00000000	      0.00000000	     -0.00905864	      0.00283800	     -0.01826397	      0.00000000	      0.00000000	      0.00000000	     -0.00324563	     -0.02899083	      0.01575825	    133.41079312	   -194.58271535	   -184.93489250	     85.93140347	      0.00000000	      0.00000000	      0.00000000	      0.00000000	   -119.53515028	    170.04327323	    186.95605606	     85.54234334	      0.00000000	      0.00000000	      0.00000000	      0.00000000	     24.20694503	      2.92195250	    -20.51151853	    -14.60719139	     -2.33394157	     -4.98473282	      0.00000000	     18.37757185	     24.98095987	      0.00000000	     21.41010258	     -4.62671061	     -2.13054730	    -11.88407814	      2.52375156	     -4.98473282	      0.00000000	     23.87338892	     24.98095987	      0.00000000
      1.63333333	     93.35264445	      8.22393403	   -179.62323361	      0.04100665	     -0.57248641	     -0.50477407	      6.27713325	      3.51210141	     -3.20324510	     -7.59303093	      1.62836057	      3.19299720	      0.05591195	     -0.03588975	      0.00254209	      0.00000000	      0.00000000	      0.00000000	     -0.00715091	      0.00405416	     -0.01636777	      0.00000000	      0.00000000	      0.00000000	      0.00040909	     -0.02889878	      0.01446869	    134.72366038	   -192.76435676	   -185.37848438	     88.45918897	      0.00000000	      0.00000000	      0.00000000	      0.00000000	   -120.61105230	    173.21413017	    187.68541966	     90.57199695	      0.00000000	      0.00000000	      0.00000000	      0.00000000	     20.71200561	      2.72978518	    -20.05747539	    -13.70837738	     -2.48297010	     -4.98473282	      0.00000000	     17.29235650	     24.82949376	      0.00000000	     18.52711175	     -4.91705755	     -2.23680080	    -12.69140704	      4.85455324	     -4.98473282	      0.00000000	     23.90394382	     23.58377511	      0.00000000
      1.66666667	     91.93429620	      7.94781053	   -180.61220379	      0.03732760	     -0.58061001	     -0.50214414	      4.35425450	      3.53887068	     -2.00432985	     -9.00065167	      2.04801954	      4.38134998	      0.05498151	     -0.03133431	      0.00112826	      0.00000000	      0.00000000	      0.00000000	     -0.00947595	      0.00195940	     -0.01211683	      0.00000000	      0.00000000	      0.00000000	      0.00075297	     -0.02508473	      0.01156996	    136.24519422	   -191.81029037	   -184.90177980	     90.19416834	      0.00000000	      0.00000000	      0.00000000	      0.00000000	   -122.44399731	    175.64096705	    186.98050452	     93.68897124	      0.00000000	      0.00000000	      0.00000000	      0.00000000	     18.13144865	      2.96573230	    -19.35020118	    -13.14841663	      2.27337579	     -4.98473282	      0.00000000	     15.62921427	     16.58313898	      0.00000000	     16.34362219	     -5.14645855	     -3.08859314	    -13.39869194	      6.87586780	     -4.98473282	      0.00000000	     23.61920392	     18.70778815	      0.00000000
      1.70000000	     91.93668836	      7.53970229	   -181.36551757	      0.03493510	     -0.58925720	     -0.49976999	      4.21957264	      3.31721462	     -1.51790404	    -11.15589537	      2.79248338	      4.41823870	      0.05168836	     -0.02610902	     -0.00224336	      0.00000000	      0.00000000	      0.00000000	     -0.01311850	     -0.00472224	     -0.00962703	      0.00000000	      0.00000000	      0.00000000	     -0.00129725	     -0.01893225	      0.01025172	    136.63880468	   -191.24391321	   -184.26317876	     91.82058038	      0.00000000	      0.00000000	      0.00000000	      0.00000000	   -124.04502081	    177.84592837	    185.73594300	     95.27187472	      0.00000000	      0.00000000	      0.00000000	      0.00000000	     17.03709812	      2.71322128	    -19.97863929	    -12.46518093	      2.60359376	     -4.98473282	      0.00000000	     14.89168980	     16.80257402	      0.00000000	     15.79359010	     -4.85747635	     -3.87591673	    -13.79251822	      5.51576789	     -4.88261172	      0.00000000	     23.41912123	     17.08554595	      0.00000000
      1.73333333	     90.08935822	      7.17092329	   -181.04162971	      0.03300843	     -0.60008884	     -0.49930850	      2.19616954	      2.64800736	     -1.82167313	    -12.77707103	      4.09478942	      3.58884914	      0.04745455	     -0.02127542	     -0.00510402	      0.00000000	      0.00000000	      0.00000000	     -0.01926174	     -0.01080366	     -0.00781480	      0.00000000	      0.00000000	      0.00000000	     -0.00586519	     -0.01209701	      0.01303207	    136.72981811	   -191.00377872	   -184.57878817	     92.97424665	      0.00000000	      0.00000000	      0.00000000	      0.00000000	   -124.34396310	    179.04690085	    185.04924478	     95.43976154	      0.00000000	      0.00000000	      0.00000000	      0.00000000	     13.38899381	      2.34500213	    -22.24265222	    -10.82854849	      1.68264808	     -4.98473282	      0.00000000	     15.11900128	     20.97012593	      0.00000000	     12.89490134	     -4.32952871	     -3.53303268	    -13.25801164	      4.54253995	     -4.66925173	      0.00000000	     23.67036239	     16.11810093	      0.00000000
      1.76666667	     88.46180534	      7.00991713	   -181.10670510	      0.03182777	     -0.61035505	     -0.50054450	      0.48877236	      2.08520940	     -1.95406850	    -14.41566613	      4.69287080	      3.42867523	      0.04310716	     -0.01699493	     -0.00447028	      0.00000000	      0.00000000	      0.00000000	     -0.02468394	     -0.01370045	     -0.00783389	      0.00000000	      0.00000000	      0.00000000	     -0.00949222	     -0.00873627	      0.01715412	    136.89363067	   -190.72520103	   -185.43009958	     93.63026421	      0.00000000	      0.00000000	      0.00000000	      0.00000000	   -123.97037830	    180.42547395	    185.58456230	     95.97066742	      0.00000000	      0.00000000	      0.00000000	      0.00000000	     10.42029687	      2.59186129	    -21.55300980	     -9.74429992	      0.33649646	     -4.98473282	      0.00000000	     14.95909616	     21.60228971	      0.00000000	      9.63911626	     -4.13469708	     -4.83434498	    -11.54995720	      4.20270966	     -4.98473282	      0.00000000	     24.38343565	     18.41528137	      0.00000000
      1.80000000	     86.60199476	      6.87036232	   -180.82279541	      0.03134185	     -0.61857741	     -0.50254192	     -1.58792647	      1.51801019	     -2.32414816	    -13.80677364	      4.84020945	      2.98216719	      0.04277083	     -0.01695854	     -0.00309803	      0.00000000	      0.00000000	      0.00000000	     -0.02977567	     -0.01399648	     -0.00917395	      0.00000000	      0.00000000	      0.00000000	     -0.01486772	     -0.00978948	      0.01863243	    137.04578279	   -190.60198027	   -186.18232628	     93.76221631	      0.00000000	      0.00000000	      0.00000000	      0.00000000	   -123.30192555	    181.17270146	    186.77794524	     96.76339872	      0.00000000	      0.00000000	      0.00000000	      0.00000000	      7.62982943	      2.92064863	    -18.88180881	     -9.11712941	     -0.30990371	     -4.98473282	      0.00000000	     15.05497183	     18.49986227	      0.00000000	      6.05221696	     -4.05864496	     -5.28270364	     -9.27016850	      3.58502094	     -4.98473282	      0.00000000	     24.57130112	     20.49743361	      0.00000000
      1.83333333	     85.90298755	      6.77119192	   -180.94692225	      0.03163330	     -0.62332420	     -0.50416879	     -2.37764063	      1.22020501	     -2.28951429	    -13.17975362	      4.07535227	      3.35523026	      0.04346523	     -0.01783483	      0.00063068	      0.00000000	      0.00000000	      0.00000000	     -0.03221816	     -0.01116366	     -0.01058942	      0.00000000	      0.00000000	      0.00000000	     -0.02032745	     -0.01229453	      0.01568097	    137.03572850	   -190.40897145	   -185.85448405	     93.55163053	      0.00000000	      0.00000000	      0.00000000	      0.00000000	   -123.28242210	    181.50046668	    187.73126865	     97.66979751	      0.00000000	      0.00000000	      0.00000000	      0.00000000	      6.91828047	      3.02019043	    -16.69378377	     -9.64284492	      0.38146411	     -4.98473282	      0.00000000	     15.06390747	     14.85599330	      0.00000000	      3.98137474	     -4.14881820	     -6.65769358	     -7.27386674	      3.87246492	     -4.98473282	      0.00000000	     24.65579847	     21.91464520	      0.00000000
      1.86666667	     85.90651050	      6.77251886	   -180.70802033	      0.03236895	     -0.62383338	     -0.50482828	     -2.44504386	      1.24740190	     -2.44407019	    -12.71771702	      3.76294073	      3.30006518	      0.04416260	     -0.01843792	      0.00196056	      0.00000000	      0.00000000	      0.00000000	     -0.03179553	     -0.00599829	     -0.01059858	      0.00000000	      0.00000000	      0.00000000	     -0.02400618	     -0.01259243	      0.01209451	    136.92640824	   -190.28297022	   -184.91799414	     93.22877366	      0.00000000	      0.00000000	      0.00000000	      0.00000000	   -123.25556643	    181.28395358	    187.37856892	     97.60593113	      0.00000000	      0.00000000	      0.00000000	      0.00000000	      7.51836389	      2.83294906	    -16.61512136	    -10.73700996	      0.24719346	     -4.98473282	      0.00000000	     15.05562298	     14.54205552	      0.00000000	      3.54765121	     -4.21419378	     -6.48986731	     -6.39653328	      4.04085317	     -4.98473282	      0.00000000	     24.70043611	     22.02815244	      0.00000000
      1.90000000	     88.37368647	      6.36228939	   -182.03716436	      0.03410752	     -0.61848120	     -0.50404184	      0.05170476	      1.19079665	     -1.21487813	    -11.73072617	      1.35245185	      4.76523430	      0.04607588	     -0.02153729	      0.00998500	      0.00000000	      0.00000000	      0.00000000	     -0.03119744	     -0.00064986	     -0.01073069	      0.00000000	      0.00000000	      0.00000000	     -0.02496287	     -0.00994311	      0.01035024	    136.50967494	   -190.64616926	   -184.17634016	     92.31655685	      0.00000000	      0.00000000	      0.00000000	      0.00000000	   -123.27968650	    180.36517373	    186.01227277	     96.06441499	      0.00000000	      0.00000000	      0.00000000	      0.00000000	     12.00288366	      2.37450033	    -14.12918089	    -13.69079128	     -0.29984698	     -4.98473282	      0.00000000	     15.53004566	     12.82040493	      0.00000000	      6.31805745	     -3.87981659	     -7.04461132	     -6.33119530	      3.06443013	     -4.98473282	      0.00000000	     24.71828018	     23.00503200	      0.00000000
      1.93333333	     93.00110802	      5.65003076	   -182.03428235	      0.03715857	     -0.60843745	     -0.50195137	      5.18890500	      0.80632264	     -1.30069677	    -12.13740530	      1.13323473	      3.73494962	      0.04658241	     -0.02292185	      0.01091277	      0.00000000	      0.00000000	      0.00000000	     -0.02951963	      0.00191858	     -0.01081829	      0.00000000	      0.00000000	      0.00000000	     -0.02197686	     -0.00711912	      0.01522398	    135.70608771	   -190.96682055	   -183.62410331	     91.08382654	      0.00000000	      0.00000000	      0.00000000	      0.00000000	   -122.24967910	    178.43166039	    184.27045956	     92.86013687	      0.00000000	      0.00000000	      0.00000000	      0.00000000	     18.84861490	      1.32944250	    -13.73368842	    -16.07947964	     -4.67119833	     -4.98473282	      0.00000000	     16.87681566	     17.80977348	      0.00000000	     13.03381404	     -2.96203649	     -2.33711054	     -8.49039270	      0.31517365	     -4.98473282	      0.00000000	     25.16516962	     22.73852568	      0.00000000
      1.96666667	     92.62380944	      5.52379423	   -182.04615471	      0.03967540	     -0.60033497	     -0.50037747	      5.01192790	      0.83417529	     -0.91405862	    -12.73800373	      0.44323491	      3.87441795	      0.04499024	     -0.02311155	      0.01524598	      0.00000000	      0.00000000	      0.00000000	     -0.02977700	      0.00245636	     -0.01047207	      0.00000000	      0.00000000	      0.00000000	     -0.01819363	     -0.00602079	      0.02136585	    134.85259582	   -192.41647144	   -183.79572636	     89.05519892	      0.00000000	      0.00000000	      0.00000000	      0.00000000	   -121.44923268	    175.47154677	    184.08392942	     89.47181118	      0.00000000	      0.00000000	      0.00000000	      0.00000000	     19.39177637	      1.21198787	    -13.23739073	    -16.60055978	     -5.32268444	     -4.98473282	      0.00000000	     18.10808711	     18.00534438	      0.00000000	     13.36964326	     -2.77765012	     -2.04707297	     -8.84369146	      0.63155274	     -4.98473282	      0.00000000	     25.01029114	     22.65174630	      0.00000000
      2.00000000	     91.18452464	      5.49570605	   -181.51807363	      0.04271357	     -0.59072460	     -0.49850396	      3.59954218	      0.82793314	     -1.09607318	    -12.99208518	      0.64092845	      2.88433726	      0.04207615	     -0.02410088	      0.01570766	      0.00000000	      0.00000000	      0.00000000	     -0.03142038	     -0.00060542	     -0.01040683	      0.00000000	      0.00000000	      0.00000000	     -0.01471773	     -0.01045992	      0.02520003	    133.14156452	   -194.60984693	   -183.71008545	     86.57205685	      0.00000000	      0.00000000	      0.00000000	      0.00000000	   -120.93773350	    172.76844303	    185.60906080	     87.62716859	      0.00000000	      0.00000000	      0.00000000	      0.00000000	     18.58888466	      1.05934056	    -12.27210497	    -15.82823804	     -9.18223933	     -4.98473282	      0.00000000	     19.78103892	     24.38297658	      0.00000000	     12.67944597	     -2.30343897	     -1.45044112	     -9.21273406	      2.38818378	     -4.98473282	      0.00000000	     24.22971013	     18.03274308	      0.00000000
      2.03333333	     90.04024596	      5.74639144	   -180.99782927	      0.04578790	     -0.57991982	     -0.49760788	      2.55698052	      1.02311966	     -1.57104069	    -13.78649995	      0.91448143	      2.53978652	      0.03795626	     -0.02536799	      0.01582919	      0.00000000	      0.00000000	      0.00000000	     -0.03520593	     -0.00801076	     -0.01093459	      0.00000000	      0.00000000	      0.00000000	     -0.01008949	     -0.01603063	      0.02261847	    130.71335838	   -197.87800126	   -183.17946560	     82.91849494	      0.00000000	      0.00000000	      0.00000000	      0.00000000	   -121.45053699	    171.56218781	    187.35462904	     87.82852264	      0.00000000	      0.00000000	      0.00000000	      0.00000000	     17.82214342	      1.32039341	    -11.87404404	    -14.36759534	     -7.51637127	     -4.98473282	      0.00000000	     20.02269217	     24.98095987	      0.00000000	     12.20507232	     -2.11201572	     -3.36079364	     -8.93485361	      3.82519758	     -4.98473282	      0.00000000	     23.53927922	     16.21149547	      0.00000000
      2.06666667	     82.99939711	      6.42231867	   -178.96586345	      0.04697891	     -0.57372949	     -0.49749461	     -4.92573529	      1.61139770	     -3.04115326	    -13.67200100	      1.51339135	      2.30885092	      0.03316018	     -0.02651723	      0.01433944	      0.00000000	      0.00000000	      0.00000000	     -0.03274299	     -0.01412604	     -0.01242240	      0.00000000	      0.00000000	      0.00000000	     -0.00672480	     -0.01853691	      0.01713539	    128.66376397	   -200.40923004	   -183.12902888	     80.57240361	      0.00000000	      0.00000000	      0.00000000	      0.00000000	   -122.18157625	    170.66510061	    188.95195788	     87.81714875	      0.00000000	      0.00000000	      0.00000000	      0.00000000	      8.87319316	      1.81387372	    -17.52939028	     -9.85870569	      0.25066277	     -4.98473282	      0.00000000	     18.50903028	     24.98095987	      0.00000000	      4.28681593	     -2.29341831	     -8.27724770	     -6.86133072	     13.33881164	     -4.98473282	      0.00000000	     21.32950333	      8.88649627	      0.00000000
      2.10000000	     78.00936278	      6.62170826	   -176.76934465	      0.04950879	     -0.56550309	     -0.49872983	    -10.31524653	      1.79075568	     -4.95604050	    -13.16599676	      2.15973337	      1.50253297	      0.02900758	     -0.02758099	      0.01205825	      0.00000000	      0.00000000	      0.00000000	     -0.03083433	     -0.01934292	     -0.01129476	      0.00000000	      0.00000000	      0.00000000	     -0.00402136	     -0.01717717	      0.01446983	    128.80286438	   -203.40795017	   -184.16297890	     78.01277213	      0.00000000	      0.00000000	      0.00000000	      0.00000000	   -121.92295695	    169.60956349	    189.55952555	     86.36457655	      0.00000000	      0.00000000	      0.00000000	      0.00000000	      2.25358969	      2.76799643	    -22.85132190	     -5.35162784	      6.32236876	     -4.98473282	      0.00000000	     16.05151168	     24.98095987	      0.00000000	     -0.94739582	     -2.43338412	    -10.53203786	     -4.69671557	     13.09998979	     -4.75684315	      0.00000000	     20.63248928	     14.66485242	      0.00000000
      2.13333333	     77.75969931	      6.62357538	   -175.28882209	      0.05482323	     -0.55443282	     -0.50017051	    -10.47439721	      1.63515859	     -6.62435029	    -13.10837656	      2.76297549	      1.27131718	      0.02638389	     -0.02916024	      0.01037838	      0.00000000	      0.00000000	      0.00000000	     -0.02613380	     -0.02448072	     -0.01034643	      0.00000000	      0.00000000	      0.00000000	     -0.00288980	     -0.01514695	      0.01690605	    130.15830333	   -205.35541486	   -185.57426591	     76.38554412	      0.00000000	      0.00000000	      0.00000000	      0.00000000	   -120.64762718	    167.16379413	    189.06831963	     82.36427028	      0.00000000	      0.00000000	      0.00000000	      0.00000000	      1.76478575	      3.56268699	    -24.84171592	     -2.89508711	      6.69473603	     -4.98473282	      0.00000000	     15.01418872	     24.98095987	      0.00000000	     -0.38442247	     -2.30457585	    -11.58423939	     -4.18178785	     13.91879508	     -4.98473282	      0.00000000	     20.11200227	     16.61374958	      0.00000000
      2.16666667	     73.96972681	      6.06666717	   -173.40550746	      0.06050117	     -0.54826519	     -0.50204880	    -14.15641111	      1.08124983	     -7.93136257	    -12.86511520	      4.18131703	      0.42650148	      0.02536811	     -0.02793554	      0.00816440	      0.00000000	      0.00000000	      0.00000000	     -0.02088571	     -0.02757404	     -0.00913184	      0.00000000	      0.00000000	      0.00000000	     -0.00007716	     -0.00955676	      0.02369119	    131.65149446	   -206.66110217	   -187.19845365	     75.15956231	      0.00000000	      0.00000000	      0.00000000	      0.00000000	   -118.51396040	    163.71991670	    188.51680674	     77.38015665	      0.00000000	      0.00000000	      0.00000000	      0.00000000	     -3.27574343	      4.49273811	    -33.72672866	      0.29263542	     12.68588975	     -4.98473282	      0.00000000	     14.36221576	     23.62993778	      0.00000000	     -4.57168600	     -2.23820552	    -13.91619204	     -1.96737032	     12.47120664	     -4.98473282	      0.00000000	     19.19950395	     22.71037307	      0.00000000
      2.20000000	     71.96216698	      5.66528263	   -172.67021470	      0.06799288	     -0.54028351	     -0.50183023	    -15.93614472	      0.79969640	     -8.34409146	    -12.95915960	      4.38880365	      0.82538325	      0.02353509	     -0.02655459	      0.00977018	      0.00000000	      0.00000000	      0.00000000	     -0.01728682	     -0.02858047	     -0.00608809	      0.00000000	      0.00000000	      0.00000000	      0.00211808	     -0.00635688	      0.03038142	    132.36441862	   -208.53496086	   -187.91464211	     73.21218928	      0.00000000	      0.00000000	      0.00000000	      0.00000000	   -116.24527253	    160.56554988	    187.66423732	     72.15550034	      0.00000000	      0.00000000	      0.00000000	      0.00000000	     -5.23668698	      4.89799827	    -35.50162203	      1.20922310	     11.58513010	     -4.98473282	      0.00000000	     15.24548336	     21.15382535	      0.00000000	     -6.55993130	     -1.91966170	    -14.72323195	     -0.81524473	     12.96318228	     -4.98473282	      0.00000000	     18.85170683	     21.81178637	      0.00000000
      2.23333333	     68.93249453	      5.29187917	   -172.41857253	      0.07558174	     -0.53347344	     -0.49926723	    -18.51486355	      0.98567320	     -7.96234410	    -13.05296574	      4.25803481	      0.63821388	      0.02224761	     -0.02489999	      0.00996655	      0.00000000	      0.00000000	      0.00000000	     -0.01330547	     -0.02538974	     -0.00358454	      0.00000000	      0.00000000	      0.00000000	      0.00827168	     -0.00247803	      0.03336887	    132.18763659	   -210.41783252	   -188.06845428	     70.62291672	      0.00000000	      0.00000000	      0.00000000	      0.00000000	   -115.02439911	    158.58285707	    185.93619750	     68.26789480	      0.00000000	      0.00000000	      0.00000000	      0.00000000	     -8.28856097	      5.07650516	    -36.48041523	      2.06494984	     10.89529919	     -4.98473282	      0.00000000	     16.08207228	     19.83416609	      0.00000000	     -9.97497408	     -1.36217505	    -15.95762695	      0.69751633	     14.89690267	     -4.98473282	      0.00000000	     18.63281125	     20.08523079	      0.00000000
      2.26666667	     63.30076174	      5.11731970	   -172.85813443	      0.08238683	     -0.52765200	     -0.49498411	    -23.82780252	      1.72995951	     -6.24816591	    -12.71422288	      3.59935906	      0.56638561	      0.02029525	     -0.02225549	      0.01102004	      0.00000000	      0.00000000	      0.00000000	     -0.00940456	     -0.01777873	     -0.00274777	      0.00000000	      0.00000000	      0.00000000	      0.01398286	     -0.00050077	      0.03404536	    131.20690594	   -212.28473297	   -188.78004715	     67.69549023	      0.00000000	      0.00000000	      0.00000000	      0.00000000	   -113.56091189	    156.16494182	    183.84192562	     64.02093264	      0.00000000	      0.00000000	      0.00000000	      0.00000000	    -14.32755942	      5.30940950	    -35.18225847	      3.19207968	     12.18098779	     -4.98473282	      0.00000000	     15.86222515	     19.20883585	      0.00000000	    -16.72022559	     -0.97760367	    -16.64005876	      3.17920318	     14.89690267	     -4.98473282	      0.00000000	     18.33844582	     21.98655483	      0.00000000
      2.30000000	     59.31728114	      6.00472359	   -174.49126094	      0.08908565	     -0.51883255	     -0.49043220	    -27.44940679	      3.02233932	     -3.27876128	    -12.90832346	      2.30873259	      0.48536971	      0.01660779	     -0.01991492	      0.01112032	      0.00000000	      0.00000000	      0.00000000	     -0.00511139	     -0.00893652	     -0.00306199	      0.00000000	      0.00000000	      0.00000000	      0.01489996	     -0.00699231	      0.03172008	    130.19542034	   -214.07573214	   -189.92272189	     64.97130536	      0.00000000	      0.00000000	      0.00000000	      0.00000000	   -110.93526430	    152.22970119	    181.70893363	     58.22261185	      0.00000000	      0.00000000	      0.00000000	      0.00000000	    -18.03957809	      5.46090106	    -32.39654828	      3.55734832	     14.75816596	     -4.98473282	      0.00000000	     15.26924292	     20.49198537	      0.00000000	    -21.34698281	     -1.12020678	    -18.70574749	      5.04435672	     14.89690267	     -4.98473282	      0.00000000	     18.84356093	     24.98095987	      0.00000000
      2.33333333	     56.59087873	      7.43760717	   -177.17888746	      0.09597336	     -0.50698538	     -0.48686136	    -30.08140532	      4.00957101	      0.40669202	    -12.84494869	      1.05837716	      0.65287798	      0.01368737	     -0.01830404	      0.01025760	      0.00000000	      0.00000000	      0.00000000	      0.00021808	     -0.00073140	     -0.00601682	      0.00000000	      0.00000000	      0.00000000	      0.01078007	     -0.01845777	      0.02599859	    129.08720209	   -215.73120502	   -191.48741035	     62.28116565	      0.00000000	      0.00000000	      0.00000000	      0.00000000	   -107.72694569	    146.98374886	    181.28441147	     51.14406136	      0.00000000	      0.00000000	      0.00000000	      0.00000000	    -19.71176777	      5.27812298	    -27.29443401	      2.98254070	     14.23235220	     -4.98473282	      0.00000000	     14.26721981	     23.68936415	      0.00000000	    -24.46021302	     -1.28883851	    -20.75638821	      6.38604289	     14.89690267	     -4.98473282	      0.00000000	     19.17569459	     24.98095987	      0.00000000
      2.36666667	     55.71292730	      8.61336442	   -180.02884393	      0.10384729	     -0.49238003	     -0.48606327	    -31.10413361	      4.01066154	      3.86699991	    -12.90105878	      0.07599839	      0.95948507	      0.01058837	     -0.01672120	      0.01085744	      0.00000000	      0.00000000	      0.00000000	      0.00303841	      0.00318585	     -0.00950714	      0.00000000	      0.00000000	      0.00000000	      0.00615600	     -0.02900253	      0.01759235	    127.92677310	   -217.54470972	   -193.40955793	     58.72935052	      0.00000000	      0.00000000	      0.00000000	      0.00000000	   -105.00752309	    141.45440403	    183.14112176	     44.59141712	      0.00000000	      0.00000000	      0.00000000	      0.00000000	    -18.84711956	      4.97948355	    -24.22992451	      1.30343151	     14.46162843	     -4.98473282	      0.00000000	     13.72984593	     23.35164530	      0.00000000	    -25.09548135	     -1.29926265	    -23.17216273	      6.96743799	     14.89690267	     -4.98473282	      0.00000000	     20.02745332	     24.98095987	      0.00000000
      2.40000000	     58.37947979	      9.18401943	   -182.73225132	      0.11309651	     -0.47460844	     -0.48749690	    -28.56557349	      3.37137595	      6.21954858	    -13.11225313	     -0.55564570	      1.71644589	      0.00773534	     -0.01702802	      0.01271501	      0.00000000	      0.00000000	      0.00000000	      0.00250014	     -0.00284137	     -0.01135997	      0.00000000	      0.00000000	      0.00000000	      0.00255362	     -0.03634075	      0.01096358	    126.36788782	   -220.70601251	   -195.57781043	     53.32894910	      0.00000000	      0.00000000	      0.00000000	      0.00000000	   -102.89138087	    136.81883672	    185.44694821	     38.40731744	      0.00000000	      0.00000000	      0.00000000	      0.00000000	    -13.52989283	      4.75751159	    -20.59025374	     -1.70007623	     10.67419292	     -4.98473282	      0.00000000	     13.92774670	     20.98470872	      0.00000000	    -21.16745652	     -1.48465691	    -24.65024238	      6.38994840	     14.89690267	     -4.98473282	      0.00000000	     21.84133377	     24.98095987	      0.00000000
      2.43333333	     64.23918489	      8.85309415	   -184.68789998	      0.12333467	     -0.45564522	     -0.49018668	    -22.39290726	      2.45816693	      7.13447199	    -13.76332109	     -0.53073707	      2.76822716	      0.00596791	     -0.01888990	      0.01528157	      0.00000000	      0.00000000	      0.00000000	      0.00096727	     -0.01380264	     -0.00758948	      0.00000000	      0.00000000	      0.00000000	      0.00198696	     -0.03910127	      0.00842164	    126.04553225	   -224.80530983	   -197.39418820	     47.04080977	      0.00000000	      0.00000000	      0.00000000	      0.00000000	   -101.66624832	    133.03602071	    186.45954657	     32.28747831	      0.00000000	      0.00000000	      0.00000000	      0.00000000	     -4.73464950	      4.58484190	    -16.85185293	     -4.85443544	      4.83509620	     -4.98473282	      0.00000000	     14.90908376	     19.56717336	      0.00000000	    -12.88095695	     -2.08611734	    -24.10964796	      4.16401628	     14.89690267	     -4.98473282	      0.00000000	     25.03785413	     24.82235563	      0.00000000
      2.46666667	    114.33775568	      5.80668080	   -184.12973829	      0.15554622	     -0.40664997	     -0.48570968	     33.46462177	      3.24699349	     -0.25798964	    -19.76539914	     -1.46378259	      4.49823439	      0.01703542	     -0.00938737	      0.01581276	      0.00000000	      0.00000000	      0.00000000	      0.00385572	     -0.01832608	     -0.00471273	      0.00000000	      0.00000000	      0.00000000	      0.00417571	     -0.03276866	      0.00545621	    128.69730840	   -226.71551278	   -192.30753425	     39.77066026	      0.00000000	      0.00000000	      0.00000000	      0.00000000	   -107.55046405	    130.54760045	    178.24015552	     24.55076026	      0.00000000	      0.00000000	      0.00000000	      0.00000000	     58.11044052	      1.69585272	    -10.86800467	    -18.99750092	    -11.14035654	     -4.98473282	      0.00000000	     15.59372493	     20.80246739	      0.00000000	     55.97141324	      1.54900794	     17.44048784	    -21.72595426	     -4.92231030	     -4.98473282	      0.00000000	     27.40217170	      8.85532659	      0.00000000
      2.50000000	    111.37553678	      7.38621911	   -183.08923648	      0.16156340	     -0.39780842	     -0.48674148	     30.16690843	      4.26828709	     -1.56698629	    -19.49017079	     -2.31384972	      6.05535767	      0.01381821	     -0.00940151	      0.01611379	      0.00000000	      0.00000000	      0.00000000	      0.00133634	     -0.02837369	     -0.00209638	      0.00000000	      0.00000000	      0.00000000	      0.00289483	     -0.03916332	      0.00007306	    125.65144999	   -231.44017925	   -193.47965919	     33.14696480	      0.00000000	      0.00000000	      0.00000000	      0.00000000	   -105.15585681	    125.51542533	    176.54489860	     15.62083223	      0.00000000	      0.00000000	      0.00000000	      0.00000000	     54.44532415	      2.28372355	    -11.29145484	    -17.64704941	    -11.99741945	     -4.98473282	      0.00000000	     16.55082983	     19.49019400	      0.00000000	     53.62734471	      1.27189760	     19.02857974	    -22.05823022	     -4.45720764	     -4.98473282	      0.00000000	     28.81975196	      7.31859717	      0.00000000
      2.53333333	    108.36063200	      8.17358015	   -181.97555681	      0.16637835	     -0.39078886	     -0.48617389	     26.96235890	      4.75780818	     -2.42645134	    -19.83846158	     -2.69579029	      6.96962365	      0.01003313	     -0.00885098	      0.01451478	      0.00000000	      0.00000000	      0.00000000	      0.00151077	     -0.03359305	     -0.00099209	      0.00000000	      0.00000000	      0.00000000	      0.00576795	     -0.04299339	     -0.00524905	    123.78673562	   -234.85557849	   -195.07779817	     28.16881490	      0.00000000	      0.00000000	      0.00000000	      0.00000000	   -104.95364225	    122.92360323	    178.58109148	     12.05867549	      0.00000000	      0.00000000	      0.00000000	      0.00000000	     50.53189084	      2.57589475	    -11.59290837	    -15.64413933	    -12.84204259	     -4.98473282	      0.00000000	     17.63566335	     18.22750437	      0.00000000	     51.05883222	      1.57381650	     20.21552908	    -22.31119410	     -4.14793637	     -4.98473282	      0.00000000	     29.33644281	      5.24990067	      0.00000000
      2.56666667	    104.02850669	      8.47273911	   -180.32129215	      0.16980182	     -0.38531440	     -0.48449695	     22.10797316	      4.73745386	     -3.14046494	    -19.25628155	     -2.81389554	      7.28406936	      0.00624126	     -0.01079462	      0.01288098	      0.00000000	      0.00000000	      0.00000000	      0.00208546	     -0.03787130	     -0.00465110	      0.00000000	      0.00000000	      0.00000000	      0.01225092	     -0.04246342	     -0.00593981	    121.11094505	   -237.09448646	   -198.23527504	     24.40096688	      0.00000000	      0.00000000	      0.00000000	      0.00000000	   -106.40476733	    123.01190724	    184.65084219	     14.30936662	      0.00000000	      0.00000000	      0.00000000	      0.00000000	     45.01900593	      2.28128932	    -13.20537360	    -13.07158163	    -13.98602074	     -4.98473282	      0.00000000	     19.02563115	     18.95585273	      0.00000000	     46.86553116	      2.34012779	     21.20019793	    -22.04175594	     -4.12446140	     -4.98473282	      0.00000000	     30.08525619	      4.98379800	      0.00000000
      2.60000000	    102.75267067	      8.15600362	   -179.75017318	      0.17345952	     -0.37977863	     -0.48259952	     20.81712751	      4.37219944	     -3.11858953	    -19.57055315	     -2.54380447	      7.30404468	      0.00460532	     -0.01052440	      0.01145963	      0.00000000	      0.00000000	      0.00000000	      0.00430386	     -0.03784409	     -0.00709730	      0.00000000	      0.00000000	      0.00000000	      0.01823297	     -0.03870322	     -0.00536410	    120.88252516	   -238.53863153	   -201.41211602	     22.12826649	      0.00000000	      0.00000000	      0.00000000	      0.00000000	   -107.94777566	    122.61436735	    185.42291225	     14.36398109	      0.00000000	      0.00000000	      0.00000000	      0.00000000	     43.49371887	      1.81285375	    -13.99806601	    -11.85719591	    -14.89690267	     -4.98473282	      0.00000000	     19.50169610	     19.88974897	      0.00000000	     46.00697159	      3.02653675	     21.40077109	    -22.05520685	     -3.95684101	     -4.98473282	      0.00000000	     30.96866446	      6.44940579	      0.00000000
      2.63333333	    100.96335782	      7.41364360	   -179.94098810	      0.17619333	     -0.37408190	     -0.48087743	     18.43786018	      3.75565565	     -2.11412411	    -18.81397070	     -2.06064873	      6.62264798	      0.00261752	     -0.01256774	      0.01044892	      0.00000000	      0.00000000	      0.00000000	      0.00466707	     -0.04049987	     -0.01058064	      0.00000000	      0.00000000	      0.00000000	      0.02103108	     -0.03966184	     -0.00318436	    118.00749869	   -239.97936182	   -204.24277143	     19.20813611	      0.00000000	      0.00000000	      0.00000000	      0.00000000	   -105.57718199	    120.83077499	    183.95212756	     11.28280120	      0.00000000	      0.00000000	      0.00000000	      0.00000000	     42.19868632	      1.14621718	    -14.67988162	    -12.11541587	    -14.89690267	     -4.98473282	      0.00000000	     19.47346588	     20.69094167	      0.00000000	     44.48743444	      3.46352413	     20.95765557	    -21.93543613	     -4.94648154	     -4.98473282	      0.00000000	     32.27643408	      8.69134957	      0.00000000
      2.66666667	    101.09922059	      6.54525900	   -180.81640507	      0.17958700	     -0.36841236	     -0.47992457	     18.24010647	      2.96323174	     -1.06052265	    -17.96907302	     -1.73586879	      6.60825139	      0.00316227	     -0.01404292	      0.01146629	      0.00000000	      0.00000000	      0.00000000	      0.00553221	     -0.04349360	     -0.01286789	      0.00000000	      0.00000000	      0.00000000	      0.02033062	     -0.04079462	     -0.00382856	    114.32477141	   -241.49730955	   -204.01156636	     15.59281640	      0.00000000	      0.00000000	      0.00000000	      0.00000000	   -102.12401545	    117.96816319	    177.85309579	      5.10351797	      0.00000000	      0.00000000	      0.00000000	      0.00000000	     43.84994524	      0.77517620	    -12.30727764	    -14.29057063	    -14.89690267	     -4.98473282	      0.00000000	     19.22104129	     17.04047557	      0.00000000	     45.03576452	      3.74123271	     19.97223975	    -22.12244749	     -5.50430597	     -4.98473282	      0.00000000	     33.59625603	      7.78768449	      0.00000000
      2.70000000	    103.42335421	      5.46591394	   -182.21936492	      0.18338255	     -0.36404836	     -0.47966093	     20.88868036	      2.06835977	      0.51738659	    -18.21064593	     -1.48144861	      6.72652493	      0.00550473	     -0.01308118	      0.01295291	      0.00000000	      0.00000000	      0.00000000	      0.00612630	     -0.04337676	     -0.01514748	      0.00000000	      0.00000000	      0.00000000	      0.02203964	     -0.04075681	     -0.00432896	    112.15286726	   -242.12381966	   -201.10471425	     12.27676786	      0.00000000	      0.00000000	      0.00000000	      0.00000000	   -100.88814905	    116.28449800	    170.59405313	      1.74016478	      0.00000000	      0.00000000	      0.00000000	      0.00000000	     47.99553843	      0.84369883	     -9.18042776	    -16.81592366	    -14.89328741	     -4.98473282	      0.00000000	     18.25496859	     11.12510491	      0.00000000	     47.91533244	      3.74272504	     17.95278693	    -22.61594684	     -4.68081174	     -4.98473282	      0.00000000	     34.35065559	      4.52063576	      0.00000000
      2.73333333	    104.01288360	      4.94832674	   -182.87963807	      0.18644939	     -0.36110855	     -0.47867040	     21.34588139	      1.74183912	      1.09566467	    -18.19481473	     -1.93592424	      7.11716941	      0.00596218	     -0.01198224	      0.01427337	      0.00000000	      0.00000000	      0.00000000	      0.00832273	     -0.03922176	     -0.01936499	      0.00000000	      0.00000000	      0.00000000	      0.02149890	     -0.04186889	     -0.00532562	    111.73912501	   -241.82808879	   -200.27914986	     12.32129527	      0.00000000	      0.00000000	      0.00000000	      0.00000000	    -99.46322413	    115.76691761	    171.74746796	      1.08902695	      0.00000000	      0.00000000	      0.00000000	      0.00000000	     49.79941504	      0.65444177	     -9.33920752	    -18.63437708	    -14.57541552	     -4.98473282	      0.00000000	     17.94729311	     10.45812197	      0.00000000	     48.91218145	      3.93138711	     17.54275410	    -22.99980728	     -5.81298831	     -4.98473282	      0.00000000	     34.35430415	      3.25746341	      0.00000000
      2.76666667	    106.22527744	      3.54189917	   -183.81338140	      0.18950709	     -0.35905577	     -0.47799863	     23.88609659	      0.65710551	      2.07057407	    -18.43252960	     -2.74858198	      8.55284349	      0.00845743	     -0.01002540	      0.01716655	      0.00000000	      0.00000000	      0.00000000	      0.00955019	     -0.03858080	     -0.02186759	      0.00000000	      0.00000000	      0.00000000	      0.02151843	     -0.03608814	     -0.00590945	    110.93956600	   -242.14297164	   -198.09728741	     11.21422511	      0.00000000	      0.00000000	      0.00000000	      0.00000000	   -101.37657519	    116.47799568	    179.24427001	      3.33787902	      0.00000000	      0.00000000	      0.00000000	      0.00000000	     53.54286061	      0.47632208	     -6.87702411	    -20.67145752	    -14.76146451	     -4.98473282	      0.00000000	     17.79054542	     10.70168049	      0.00000000	     51.34711353	      4.27543602	     15.97940316	    -22.47777285	     -6.62156208	     -4.98473282	      0.00000000	     33.53766756	      4.82769847	      0.00000000
      2.80000000	    105.63093345	      3.11280772	   -183.44966528	      0.19047342	     -0.35877632	     -0.47746852	     23.03979546	      0.00472279	      1.83085863	    -18.74211720	     -3.62623678	      9.02988079	      0.00792500	     -0.00860885	      0.01808961	      0.00000000	      0.00000000	      0.00000000	      0.01048600	     -0.03988242	     -0.02449906	      0.00000000	      0.00000000	      0.00000000	      0.02181484	     -0.03174275	     -0.00360811	    108.63750521	   -242.21264705	   -196.32291315	     10.53704355	      0.00000000	      0.00000000	      0.00000000	      0.00000000	   -102.35497695	    117.85593388	    184.49036054	      6.40417281	      0.00000000	      0.00000000	      0.00000000	      0.00000000	     53.24320416	     -0.17110292	     -6.91075796	    -21.08625868	    -14.53349873	     -4.98473282	      0.00000000	     19.43012201	     13.88709421	      0.00000000	     50.62683242	      4.69685602	     15.11495447	    -21.45715039	     -7.61515255	     -4.98473282	      0.00000000	     33.55117059	      9.99578714	      0.00000000
      2.83333333	    104.71105219	      2.88565550	   -183.09742642	      0.19030078	     -0.35883522	     -0.47706871	     21.71614810	     -0.42878642	      1.45828373	    -18.58969238	     -4.27665986	      9.82106010	      0.00750038	     -0.00859248	      0.01864623	      0.00000000	      0.00000000	      0.00000000	      0.00998797	     -0.04144102	     -0.02379773	      0.00000000	      0.00000000	      0.00000000	      0.01861462	     -0.03261375	     -0.00401824	    106.16270065	   -243.13558486	   -194.92466321	      8.70518479	      0.00000000	      0.00000000	      0.00000000	      0.00000000	   -100.90071588	    117.79943684	    183.74344070	      6.05614117	      0.00000000	      0.00000000	      0.00000000	      0.00000000	     52.53450970	     -0.57276813	     -6.09420296	    -21.47012071	    -14.89690267	     -4.98473282	      0.00000000	     20.37131384	     15.71154112	      0.00000000	     49.36667833	      5.03992411	     14.87886047	    -20.17128471	     -9.85984073	     -4.98473282	      0.00000000	     33.66243542	     15.39602314	      0.00000000
      2.86666667	    103.28778340	      3.31423065	   -182.48742453	      0.18840871	     -0.35988479	     -0.47669333	     19.91746988	     -0.25516439	      0.48406164	    -18.36796982	     -4.38473673	     10.24996915	      0.00728725	     -0.01023884	      0.01728034	      0.00000000	      0.00000000	      0.00000000	      0.01197101	     -0.03764222	     -0.02532638	      0.00000000	      0.00000000	      0.00000000	      0.01376565	     -0.04063853	     -0.00595440	    107.41259722	   -242.51568146	   -196.95739610	     10.56535224	      0.00000000	      0.00000000	      0.00000000	      0.00000000	    -97.33378087	    116.63840390	    176.84476610	      2.46183859	      0.00000000	      0.00000000	      0.00000000	      0.00000000	     50.48560008	     -0.79402773	     -6.66701897	    -20.79278067	    -14.89690267	     -4.98473282	      0.00000000	     19.99272271	     14.93929891	      0.00000000	     47.57617110	      5.16174117	     15.55462292	    -19.32224380	    -13.18320322	     -4.98473282	      0.00000000	     33.69787317	     20.01113123	      0.00000000
      2.90000000	    103.05591077	      3.37143550	   -182.10801515	      0.18662695	     -0.36135297	     -0.47627886	     19.65830599	     -0.37585359	     -0.12612540	    -18.62611440	     -4.39507688	     10.20306280	      0.00689065	     -0.01072226	      0.01630654	      0.00000000	      0.00000000	      0.00000000	      0.01350529	     -0.03145283	     -0.02530751	      0.00000000	      0.00000000	      0.00000000	      0.01036544	     -0.04702378	     -0.00760863	    111.76931932	   -241.38722456	   -200.67721733	     14.11391789	      0.00000000	      0.00000000	      0.00000000	      0.00000000	    -95.79856888	    115.71996334	    173.03522949	      0.00000000	      0.00000000	      0.00000000	      0.00000000	      0.00000000	     49.89866245	     -1.23298597	     -8.15413362	    -20.52203609	    -14.89690267	     -4.98473282	      0.00000000	     19.33824833	     13.10088029	      0.00000000	     47.13666841	      5.51367247	     16.46054297	    -19.26167482	    -13.74806630	     -4.98473282	      0.00000000	     33.16929251	     19.02732329	      0.00000000
      2.93333333	    102.84495345	      3.67508861	   -182.00118702	      0.18405670	     -0.36405639	     -0.47694089	     19.62741948	     -0.39111285	     -0.50729007	    -19.06279834	     -4.23625122	      9.96261510	      0.00716369	     -0.01120428	      0.01697212	      0.00000000	      0.00000000	      0.00000000	      0.01655463	     -0.02690584	     -0.02368127	      0.00000000	      0.00000000	      0.00000000	      0.00968911	     -0.04978196	     -0.00481707	    117.76794940	   -239.54025598	   -203.15988358	     19.23745014	      0.00000000	      0.00000000	      0.00000000	      0.00000000	    -95.60151696	    116.28454536	    170.68713929	      0.00000000	      0.00000000	      0.00000000	      0.00000000	      0.00000000	     48.90686396	     -1.06545875	     -9.58497970	    -19.45888027	    -14.77313735	     -4.98473282	      0.00000000	     18.82240927	     12.79017931	      0.00000000	     46.62664054	      5.35942254	     17.19920615	    -19.19206311	    -13.85541103	     -4.98473282	      0.00000000	     33.00210413	     17.53542622	      0.00000000
      2.96666667	    103.26457559	      3.62819451	   -182.07525119	      0.18146088	     -0.36751712	     -0.47725098	     20.37233551	     -0.60084758	     -0.53499771	    -19.94480589	     -4.09311071	      9.51675228	      0.00632757	     -0.00984216	      0.01693685	      0.00000000	      0.00000000	      0.00000000	      0.01873416	     -0.02640506	     -0.02104160	      0.00000000	      0.00000000	      0.00000000	      0.00738346	     -0.05168222	     -0.00527477	    121.70670956	   -237.70178971	   -202.32512736	     23.40201446	      0.00000000	      0.00000000	      0.00000000	      0.00000000	    -96.22396667	    116.38050344	    170.85829630	      0.00000000	      0.00000000	      0.00000000	      0.00000000	      0.00000000	     48.62236047	     -1.03598003	    -10.57120522	    -18.23915810	    -12.95455233	     -4.98473282	      0.00000000	     19.86570513	     14.81200307	      0.00000000	     46.70832368	      5.30963977	     17.22771712	    -18.90794397	    -13.67329785	     -4.98473282	      0.00000000	     33.26026540	     17.07993089	      0.00000000
      3.00000000	    104.71484197	      3.89211550	   -182.07097670	      0.17921238	     -0.37148435	     -0.47725887	     22.25088164	     -0.35938821	     -0.93456885	    -21.18294801	     -4.07947489	      9.04972887	      0.00528041	     -0.00619112	      0.01574499	      0.00000000	      0.00000000	      0.00000000	      0.02179272	     -0.02441544	     -0.01780017	      0.00000000	      0.00000000	      0.00000000	      0.00934404	     -0.04460034	      0.00111525	    125.69752301	   -235.81065011	   -200.93784201	     27.58832258	      0.00000000	      0.00000000	      0.00000000	      0.00000000	   -102.41278823	    121.60383472	    185.63347234	     11.19185459	      0.00000000	      0.00000000	      0.00000000	      0.00000000	     49.46469361	     -0.98546083	    -12.51175849	    -16.89992020	    -11.49259440	     -4.98473282	      0.00000000	     21.67816440	     19.61978114	      0.00000000	     48.15071326	      5.17634041	     17.14644800	    -19.07331023	    -14.89690267	     -4.98473282	      0.00000000	     33.88752329	     18.94638144	      0.00000000
      3.03333333	    103.91473827	      3.41707741	   -182.40750922	      0.17487405	     -0.37813021	     -0.47812744	     21.53846938	     -0.85516424	      0.23403794	    -21.89589879	     -3.54740642	      8.01662472	      0.00333779	     -0.00350723	      0.01292683	      0.00000000	      0.00000000	      0.00000000	      0.01923415	     -0.02617756	     -0.01796456	      0.00000000	      0.00000000	      0.00000000	      0.01410560	     -0.03659126	      0.00207370	    124.94813006	   -233.51000161	   -198.52865700	     29.32273497	      0.00000000	      0.00000000	      0.00000000	      0.00000000	   -109.54173622	    125.47037528	    190.98232186	     21.46486119	      0.00000000	      0.00000000	      0.00000000	      0.00000000	     47.66487006	     -0.85634105	    -11.86968412	    -15.38716274	    -10.42920294	     -4.98473282	      0.00000000	     23.14675860	     20.94073122	      0.00000000	     46.37670762	      4.78637512	     14.78202844	    -17.95905017	    -14.64661157	     -4.98473282	      0.00000000	     33.74707290	     20.00032683	      0.00000000
      3.06666667	    102.99570335	      3.53685998	   -182.40732190	      0.16981013	     -0.38579319	     -0.47951366	     20.61585797	     -1.00170738	      0.82596563	    -22.79317511	     -3.95412388	      7.20279307	      0.00217517	      0.00080017	      0.01380856	      0.00000000	      0.00000000	      0.00000000	      0.01500409	     -0.02344968	     -0.01498268	      0.00000000	      0.00000000	      0.00000000	      0.01680455	     -0.03326837	      0.00289102	    125.39671185	   -231.40456700	   -196.84299337	     30.75327894	      0.00000000	      0.00000000	      0.00000000	      0.00000000	   -112.94321718	    128.06482200	    190.92032346	     27.54048417	      0.00000000	      0.00000000	      0.00000000	      0.00000000	     45.84860988	     -0.59616379	    -11.83154064	    -14.95474556	    -11.23224443	     -4.98473282	      0.00000000	     23.24069612	     19.66529542	      0.00000000	     44.55411439	      4.29370614	     13.83857044	    -17.54803780	    -14.31688859	     -4.98473282	      0.00000000	     32.61866806	     19.07563902	      0.00000000
      3.10000000	    101.62375053	      3.80660947	   -182.30422540	      0.16328983	     -0.39439937	     -0.48096363	     19.00893533	     -0.95865563	      1.21910608	    -22.68869261	     -3.78853483	      6.62539051	      0.00240624	      0.00260859	      0.01236572	      0.00000000	      0.00000000	      0.00000000	      0.00891261	     -0.01983064	     -0.01128944	      0.00000000	      0.00000000	      0.00000000	      0.01790368	     -0.03113334	      0.00235198	    125.36882261	   -229.34529687	   -194.93648558	     32.16214708	      0.00000000	      0.00000000	      0.00000000	      0.00000000	   -115.04132719	    130.35694844	    189.89701837	     32.47683644	      0.00000000	      0.00000000	      0.00000000	      0.00000000	     43.54333528	     -0.34474083	    -11.52360671	    -15.08846961	    -11.54638441	     -4.98473282	      0.00000000	     21.71720983	     16.23286196	      0.00000000	     42.13844099	      3.66082786	     13.13397093	    -17.27221529	    -12.68299918	     -4.98473282	      0.00000000	     31.34026457	     17.52609145	      0.00000000
      3.13333333	     99.90594839	      4.07640092	   -182.28011611	      0.15478494	     -0.40444732	     -0.48359070	     16.88832678	     -1.16088337	      1.52369295	    -21.87913069	     -3.66758891	      6.54807176	      0.00261729	      0.00233389	      0.01369340	      0.00000000	      0.00000000	      0.00000000	      0.00330968	     -0.02038196	     -0.00630214	      0.00000000	      0.00000000	      0.00000000	      0.01658084	     -0.02869178	      0.00151065	    125.21754370	   -227.05267173	   -192.62744216	     35.06962671	      0.00000000	      0.00000000	      0.00000000	      0.00000000	   -115.79167705	    132.66382966	    188.35933102	     36.91034462	      0.00000000	      0.00000000	      0.00000000	      0.00000000	     40.56412901	     -0.01333807	    -11.94419103	    -14.85790340	     -7.61366822	     -4.98473282	      0.00000000	     19.47606465	     10.39760810	      0.00000000	     38.83552709	      2.75345536	     11.19971427	    -16.40822978	     -6.22288852	     -4.98473282	      0.00000000	     29.68123040	     11.15708234	      0.00000000
      3.16666667	    100.41405078	      4.09184336	   -182.18358259	      0.14725370	     -0.41432928	     -0.48531884	     17.21182567	     -1.50557732	      1.31160197	    -20.63122814	     -3.56068443	      6.86857042	      0.00406131	      0.00191128	      0.01556930	      0.00000000	      0.00000000	      0.00000000	      0.00088812	     -0.02269900	     -0.00256023	      0.00000000	      0.00000000	      0.00000000	      0.01299484	     -0.02679995	      0.00143811	    125.06711960	   -224.43955616	   -190.00880654	     39.45466031	      0.00000000	      0.00000000	      0.00000000	      0.00000000	   -115.03060393	    135.53505695	    186.28620098	     41.17786129	      0.00000000	      0.00000000	      0.00000000	      0.00000000	     40.56128584	     -0.35462508	    -12.72150652	    -15.45913017	     -4.33203947	     -4.98473282	      0.00000000	     18.94436168	     10.76440663	      0.00000000	     38.37886360	      2.59137089	     10.48199815	    -16.29791766	     -4.10697824	     -4.98473282	      0.00000000	     29.13718522	      7.64146803	      0.00000000
      3.20000000	    102.74443990	      3.92344550	   -182.00630568	      0.13962488	     -0.42501268	     -0.48757046	     19.50967336	     -2.14075525	      0.71477215	    -19.42694759	     -3.68112929	      7.29605333	      0.00454389	      0.00233389	      0.01882531	      0.00000000	      0.00000000	      0.00000000	      0.00186105	     -0.02288383	     -0.00028365	      0.00000000	      0.00000000	      0.00000000	      0.00774571	     -0.02070078	      0.00080237	    127.00637117	   -220.91860906	   -189.03034987	     46.03734992	      0.00000000	      0.00000000	      0.00000000	      0.00000000	   -115.53105069	    138.95607488	    185.78789312	     46.49133607	      0.00000000	      0.00000000	      0.00000000	      0.00000000	     42.38377342	     -0.92404100	    -13.40306549	    -15.69472672	     -1.85549202	     -4.98473282	      0.00000000	     19.65337050	     13.31656395	      0.00000000	     39.90441749	      2.75027414	      9.93024037	    -16.29990655	     -3.42259544	     -4.98473282	      0.00000000	     27.96805376	      3.90426521	      0.00000000
      3.23333333	    109.11150416	      3.69948463	   -181.77729473	      0.13320933	     -0.43548535	     -0.48827950	     26.40291368	     -2.52296071	     -0.39921639	    -19.40837916	     -4.07406147	      7.43159744	      0.00406551	      0.00653827	      0.02036918	      0.00000000	      0.00000000	      0.00000000	      0.00462373	     -0.01703159	      0.00174601	      0.00000000	      0.00000000	      0.00000000	      0.00009368	     -0.01197974	      0.00183740	    130.18980945	   -216.61410363	   -188.19999704	     53.61987360	      0.00000000	      0.00000000	      0.00000000	      0.00000000	   -117.04746224	    142.71909116	    185.60260914	     50.89203268	      0.00000000	      0.00000000	      0.00000000	      0.00000000	     49.00989407	     -1.76862981	    -13.64287019	    -16.67319653	     -3.35064293	     -4.98473282	      0.00000000	     20.38452587	     18.33680941	      0.00000000	     46.27683457	      3.33448932	     10.06474455	    -17.30700933	     -3.84618674	     -4.98473282	      0.00000000	     25.54430154	      0.54963206	      0.00000000
      3.26666667	    114.34563115	      4.03519697	   -181.59905098	      0.12504085	     -0.44810415	     -0.48974282	     31.94649074	     -2.47482962	     -0.91274969	    -18.38794143	     -4.30364550	      6.87702605	      0.00477997	      0.00797301	      0.02209728	      0.00000000	      0.00000000	      0.00000000	      0.00403854	     -0.00896615	      0.00267369	      0.00000000	      0.00000000	      0.00000000	     -0.00465031	     -0.00424855	      0.00798519	    132.18613706	   -211.49908753	   -187.81783686	     60.48410980	      0.00000000	      0.00000000	      0.00000000	      0.00000000	   -118.20742555	    146.20226737	    184.86053897	     54.30760222	      0.00000000	      0.00000000	      0.00000000	      0.00000000	     53.99547448	     -1.51701915	    -11.81794930	    -16.90795022	     -6.59138547	     -4.98473282	      0.00000000	     21.19683232	     20.78643489	      0.00000000	     51.12377156	      3.13067057	      9.78526428	    -17.60969482	     -4.52067130	     -4.98473282	      0.00000000	     23.16526098	      2.51046767	      0.00000000
      3.30000000	    118.64730593	      5.02091043	   -180.95288729	      0.11545891	     -0.46217991	     -0.49085885	     36.31152506	     -1.99583625	     -1.75485910	    -17.61244886	     -4.58452321	      5.30408178	      0.00493967	      0.00832450	      0.02128619	      0.00000000	      0.00000000	      0.00000000	     -0.00245308	     -0.00126183	      0.00283320	      0.00000000	      0.00000000	      0.00000000	     -0.00841290	      0.00023036	      0.01348932	    131.67890241	   -207.16693300	   -185.88064010	     64.97111919	      0.00000000	      0.00000000	      0.00000000	      0.00000000	   -119.67510632	    148.85194732	    183.02824076	     56.49470743	      0.00000000	      0.00000000	      0.00000000	      0.00000000	     57.83880730	     -0.79575074	     -9.03545170	    -16.96339960	    -10.91262516	     -4.98473282	      0.00000000	     20.83258750	     21.33487029	      0.00000000	     54.67748083	      2.67309425	      8.46835028	    -16.94992080	     -4.88610191	     -4.98473282	      0.00000000	     20.94624177	      9.29132350	      0.00000000
      3.33333333	    118.77203179	      7.02849446	   -179.93004726	      0.10421035	     -0.47890850	     -0.49185840	     35.98659716	     -0.62596445	     -2.99415231	    -16.49409730	     -4.70930397	      3.65147790	      0.00583816	      0.00437139	      0.01896600	      0.00000000	      0.00000000	      0.00000000	     -0.00695271	      0.00318286	      0.00099945	      0.00000000	      0.00000000	      0.00000000	     -0.00609648	      0.00154520	      0.01785189	    130.16896095	   -202.96650488	   -183.92226634	     69.48461346	      0.00000000	      0.00000000	      0.00000000	      0.00000000	   -121.65294080	    151.83634316	    181.26599387	     60.02543554	      0.00000000	      0.00000000	      0.00000000	      0.00000000	     56.73656223	      0.59650516	     -8.62206852	    -16.35582322	    -13.88160608	     -4.98473282	      0.00000000	     20.12841816	     19.58203656	      0.00000000	     53.19157903	      1.64720924	      6.52023677	    -15.29824835	     -3.40650743	     -4.98473282	      0.00000000	     19.39240809	     14.39313987	      0.00000000
      3.36666667	    115.01520926	      8.67952043	   -178.62562831	      0.09150769	     -0.49780522	     -0.49282198	     31.57222296	      0.64214773	     -3.72980761	    -15.69218571	     -4.07611387	      1.78966093	      0.00819704	     -0.00307083	      0.01429683	      0.00000000	      0.00000000	      0.00000000	     -0.01167714	      0.00330063	      0.00064689	      0.00000000	      0.00000000	      0.00000000	      0.00024915	      0.00192356	      0.01854671	    129.91754346	   -199.87634586	   -182.67595659	     72.98640010	      0.00000000	      0.00000000	      0.00000000	      0.00000000	   -124.14066745	    154.68733125	    180.74010115	     65.26743041	      0.00000000	      0.00000000	      0.00000000	      0.00000000	     51.08192844	      1.91046842	     -9.60146908	    -15.29965854	    -14.89690267	     -4.98473282	      0.00000000	     19.35508505	     16.93234584	      0.00000000	     47.06773367	      0.44476544	      2.40166947	    -12.79167705	     -4.33234422	     -4.98473282	      0.00000000	     18.45321512	     22.51909701	      0.00000000
      3.40000000	    102.93322264	      9.65513441	   -174.85357899	      0.07710282	     -0.51870316	     -0.49261033	     17.57210607	      1.74379998	     -5.49827845	    -13.81266537	     -3.40556168	      0.57755488	      0.00825682	     -0.01339726	      0.00940388	      0.00000000	      0.00000000	      0.00000000	     -0.01229972	     -0.00372068	     -0.00055481	      0.00000000	      0.00000000	      0.00000000	      0.00207879	      0.00211349	      0.01677847	    130.97193029	   -197.13498306	   -184.51841221	     78.05714641	      0.00000000	      0.00000000	      0.00000000	      0.00000000	   -125.68403817	    156.40527354	    182.36997962	     70.85614258	      0.00000000	      0.00000000	      0.00000000	      0.00000000	     35.86231969	      2.11186049	    -14.10342610	    -13.41706343	    -14.89690267	     -4.98473282	      0.00000000	     20.87798904	     18.91986049	      0.00000000	     31.88913557	     -0.00538138	      0.05367711	    -10.04033255	     -4.58543307	     -4.98473282	      0.00000000	     17.67502553	     24.98095987	      0.00000000
      3.43333333	     72.80555985	      6.57187010	   -168.57808971	      0.05728217	     -0.55531228	     -0.49262289	    -15.74240211	      2.43319821	     -6.74586832	    -11.65160656	     -1.91552424	      0.76415860	      0.00629626	     -0.01220562	      0.01055866	      0.00000000	      0.00000000	      0.00000000	     -0.01285880	     -0.00848038	      0.00266169	      0.00000000	      0.00000000	      0.00000000	     -0.00075247	      0.01183562	      0.01906783	    134.13513900	   -195.24042356	   -188.46170261	     83.59464303	      0.00000000	      0.00000000	      0.00000000	      0.00000000	   -123.85500571	    157.07230057	    184.68619917	     75.54017990	      0.00000000	      0.00000000	      0.00000000	      0.00000000	     -3.16335852	      3.62115348	    -28.02161840	     -4.49586966	     -4.73161093	     -4.98473282	      0.00000000	     19.99020494	     24.54363027	      0.00000000	     -6.63643292	     -1.53289529	    -11.83607482	     -1.09296048	      7.63116361	     -4.98473282	      0.00000000	     14.26354087	     24.98095987	      0.00000000
      3.46666667	     71.55421068	      6.36901788	   -166.82833250	      0.04724267	     -0.56472271	     -0.49489081	    -17.69307289	      2.65102756	     -8.69347350	    -12.09310029	     -0.85909196	      1.83436696	      0.00901575	     -0.01240773	      0.00913725	      0.00000000	      0.00000000	      0.00000000	     -0.01355396	     -0.01987313	      0.00277542	      0.00000000	      0.00000000	      0.00000000	     -0.00619367	      0.00825949	      0.02122519	    136.07642126	   -193.24249811	   -189.73276684	     87.84799245	      0.00000000	      0.00000000	      0.00000000	      0.00000000	   -121.46961041	    160.31879947	    184.55071440	     79.43670810	      0.00000000	      0.00000000	      0.00000000	      0.00000000	     -4.63498668	      3.44509150	    -29.45119441	     -6.27320951	     -0.06148899	     -4.98473282	      0.00000000	     19.89208244	     21.44613786	      0.00000000	     -7.66165051	     -2.24083872	     -8.83915300	     -2.45199629	      7.08669605	     -4.98473282	      0.00000000	     14.01230379	     24.98095987	      0.00000000
      3.50000000	     71.40994808	      6.69198562	   -166.46618361	      0.03865008	     -0.57322818	     -0.49752339	    -18.16417682	      2.85424488	     -9.32421721	    -12.72974165	     -0.53163528	      3.36136634	      0.01147214	     -0.01211302	      0.00968375	      0.00000000	      0.00000000	      0.00000000	     -0.01811055	     -0.03091521	      0.00044013	      0.00000000	      0.00000000	      0.00000000	     -0.01121066	     -0.00454875	      0.02407869	    136.01288132	   -191.97526895	   -189.87626537	     90.19185454	      0.00000000	      0.00000000	      0.00000000	      0.00000000	   -117.69569282	    163.95569832	    183.42094941	     82.21130512	      0.00000000	      0.00000000	      0.00000000	      0.00000000	     -4.68002254	      3.68759043	    -29.92752913	     -7.52244067	      1.79445793	     -4.98473282	      0.00000000	     18.20605259	     20.36921545	      0.00000000	     -7.66101401	     -3.20931413	     -7.04234835	     -3.19404376	      8.39038567	     -4.98473282	      0.00000000	     14.08344340	     24.98095987	      0.00000000
      3.53333333	     72.01296716	      7.11532610	   -166.81068012	      0.03249612	     -0.58212174	     -0.49936290	    -17.58445037	      2.86227000	     -9.68527525	    -13.65412095	     -0.51867956	      5.90703566	      0.01337037	     -0.01035696	      0.01174844	      0.00000000	      0.00000000	      0.00000000	     -0.02442322	     -0.03794704	     -0.00281146	      0.00000000	      0.00000000	      0.00000000	     -0.01377553	     -0.01264393	      0.02570351	    135.05844039	   -191.97986831	   -189.20853965	     90.51092579	      0.00000000	      0.00000000	      0.00000000	      0.00000000	   -115.91359185	    168.05284923	    182.88900468	     84.85586218	      0.00000000	      0.00000000	      0.00000000	      0.00000000	     -4.43643294	      3.98316519	    -30.76910548	     -8.05116134	      2.82182125	     -4.98473282	      0.00000000	     14.92171599	     18.45640754	      0.00000000	     -6.84704212	     -3.98108901	     -5.04881146	     -4.03125414	      8.13837292	     -4.98473282	      0.00000000	     14.48413948	     24.93789382	      0.00000000
      3.56666667	     74.78307623	      7.41686250	   -168.52941783	      0.02954472	     -0.59051861	     -0.50028563	    -14.77393935	      2.19321511	     -9.15294480	    -14.61757209	     -1.43581842	      9.02387374	      0.01432531	     -0.00821542	      0.01600885	      0.00000000	      0.00000000	      0.00000000	     -0.03041788	     -0.04098145	     -0.00431694	      0.00000000	      0.00000000	      0.00000000	     -0.01533585	     -0.01122076	      0.02662720	    135.13347053	   -192.20677648	   -188.78718856	     90.77922977	      0.00000000	      0.00000000	      0.00000000	      0.00000000	   -117.21925490	    171.67146587	    184.12542080	     87.45412864	      0.00000000	      0.00000000	      0.00000000	      0.00000000	     -2.14396881	      3.55163239	    -30.58520923	     -8.80103683	      2.29389725	     -4.98473282	      0.00000000	     12.67503534	     17.04964910	      0.00000000	     -3.86003323	     -4.05503495	     -2.23839108	     -5.41278763	      5.11207739	     -4.98473282	      0.00000000	     15.67249008	     24.98095987	      0.00000000
      3.60000000	     78.80622953	      7.39891120	   -171.61919977	      0.02893515	     -0.59926477	     -0.49998796	    -10.46957188	      1.08297300	     -7.29031165	    -15.74153887	     -1.60829926	     11.15670536	      0.01589558	     -0.00540768	      0.01589756	      0.00000000	      0.00000000	      0.00000000	     -0.03442807	     -0.04109659	     -0.00386536	      0.00000000	      0.00000000	      0.00000000	     -0.01335301	     -0.00287164	      0.02726781	    137.07427594	   -191.58219355	   -189.38065077	     91.95506425	      0.00000000	      0.00000000	      0.00000000	      0.00000000	   -120.39342874	    175.23190979	    185.65933454	     90.59137564	      0.00000000	      0.00000000	      0.00000000	      0.00000000	      1.59195883	      2.57312642	    -27.69884448	    -10.09629206	     -0.00281369	     -4.98473282	      0.00000000	     12.63526594	     18.54225450	      0.00000000	     -0.06292486	     -3.71380647	     -1.01338006	     -6.97338074	      1.69221633	     -4.98473282	      0.00000000	     18.37490909	     24.98095987	      0.00000000
      3.63333333	     80.91730281	      6.72653026	   -174.51494852	      0.02867462	     -0.61008282	     -0.49906530	     -8.13308174	     -0.22882584	     -5.10319778	    -16.24268627	     -1.12138547	     12.11710036	      0.01752972	     -0.00245831	      0.01350737	      0.00000000	      0.00000000	      0.00000000	     -0.03650606	     -0.04082199	     -0.00243224	      0.00000000	      0.00000000	      0.00000000	     -0.01327362	      0.00314684	      0.02725894	    139.27413077	   -189.94097280	   -190.04937472	     93.94753862	      0.00000000	      0.00000000	      0.00000000	      0.00000000	   -123.03626006	    177.83689569	    187.00660930	     93.71298553	      0.00000000	      0.00000000	      0.00000000	      0.00000000	      2.74384108	      1.73293831	    -25.34436073	    -10.20897525	      0.46945271	     -4.98473282	      0.00000000	     14.06240264	     19.09334594	      0.00000000	      0.86805028	     -3.29523756	     -1.85825902	     -7.56439875	      0.42673111	     -4.98473282	      0.00000000	     21.26938402	     24.98095987	      0.00000000
      3.66666667	     85.06793921	      6.14487566	   -177.77312387	      0.02920441	     -0.61726493	     -0.49790745	     -3.70740800	     -1.22573175	     -2.43420650	    -16.69639334	     -1.23344961	     12.54059329	      0.01674662	      0.00011109	      0.01156489	      0.00000000	      0.00000000	      0.00000000	     -0.03933125	     -0.04020662	     -0.00400264	      0.00000000	      0.00000000	      0.00000000	     -0.01599981	     -0.00124013	      0.02719175	    139.83789387	   -187.88685379	   -190.35477237	     95.18148254	      0.00000000	      0.00000000	      0.00000000	      0.00000000	   -123.30790056	    179.68242469	    187.10263927	     96.33004975	      0.00000000	      0.00000000	      0.00000000	      0.00000000	      7.09065930	      1.23459249	    -20.62223180	    -11.32021529	      1.83177359	     -4.98473282	      0.00000000	     15.69535545	     15.07026116	      0.00000000	      4.31399460	     -2.88251105	     -4.46950270	     -8.32269683	      0.77684868	     -4.98473282	      0.00000000	     24.05599264	     24.30364285	      0.00000000
      3.70000000	     86.04349031	      5.56598953	   -178.68445784	      0.02855997	     -0.62492130	     -0.49624365	     -2.72112897	     -1.81026248	     -1.63192928	    -16.16608526	     -1.43525070	     12.18282931	      0.01547225	      0.00160166	      0.01015097	      0.00000000	      0.00000000	      0.00000000	     -0.03840626	     -0.04167042	     -0.01102167	      0.00000000	      0.00000000	      0.00000000	     -0.01875894	     -0.00774468	      0.02655569	    137.47171755	   -185.63953595	   -189.88804044	     96.15897749	      0.00000000	      0.00000000	      0.00000000	      0.00000000	   -122.42871471	    181.09882261	    186.67490759	     98.41765245	      0.00000000	      0.00000000	      0.00000000	      0.00000000	      6.97147896	      1.06075544	    -20.26308139	     -9.88632168	      2.34978204	     -4.98473282	      0.00000000	     15.61772775	     14.17548547	      0.00000000	      4.33478621	     -2.32482639	     -4.71635874	     -7.79159459	      0.56394986	     -4.98473282	      0.00000000	     24.63980790	     23.45488256	      0.00000000
      3.73333333	     87.24048570	      5.21441728	   -179.39232878	      0.02796029	     -0.62984648	     -0.49540085	     -1.47807893	     -2.17959505	     -0.81007955	    -15.54030782	     -2.32008224	     11.23516603	      0.01387348	      0.00234183	      0.01125432	      0.00000000	      0.00000000	      0.00000000	     -0.03638374	     -0.04528998	     -0.01986044	      0.00000000	      0.00000000	      0.00000000	     -0.01935653	     -0.00990449	      0.02425214	    134.33545970	   -183.55894953	   -189.32772480	     96.91456104	      0.00000000	      0.00000000	      0.00000000	      0.00000000	   -122.82124772	    182.27244157	    186.56043805	     99.70222926	      0.00000000	      0.00000000	      0.00000000	      0.00000000	      7.47536822	      1.17074929	    -19.83438739	     -8.80830447	      3.38849653	     -4.98473282	      0.00000000	     14.66324519	     11.29280884	      0.00000000	      4.87226772	     -1.99477554	     -6.01211051	     -7.06014005	      1.42428586	     -4.98473282	      0.00000000	     23.94056750	     22.40480029	      0.00000000
      3.76666667	     88.68377612	      4.99309167	   -179.71636425	      0.02739174	     -0.63201208	     -0.49476652	      0.02021157	     -2.38139849	     -0.39505402	    -14.61481196	     -3.57479369	     11.13347432	      0.01375943	      0.00114804	      0.01531280	      0.00000000	      0.00000000	      0.00000000	     -0.03739522	     -0.04843721	     -0.02495943	      0.00000000	      0.00000000	      0.00000000	     -0.02032653	     -0.00788707	      0.02144292	    133.21613777	   -182.67822755	   -189.52924691	     96.99142937	      0.00000000	      0.00000000	      0.00000000	      0.00000000	   -124.96686186	    183.03178283	    187.32950427	     99.95655553	      0.00000000	      0.00000000	      0.00000000	      0.00000000	      8.86344457	      1.16349403	    -19.16887248	     -8.71742787	      4.50293576	     -4.98473282	      0.00000000	     13.84901783	      8.45864643	      0.00000000	      6.04183295	     -1.78594660	     -7.26382494	     -6.58033157	      3.11647847	     -4.98473282	      0.00000000	     22.50708642	     21.33225392	      0.00000000
      3.80000000	     89.07258286	      4.95659774	   -179.38094145	      0.02686580	     -0.63301616	     -0.49512087	      0.40833075	     -2.56138162	     -0.53718917	    -14.10852573	     -3.94579203	     11.21215403	      0.01440537	      0.00011874	      0.01830155	      0.00000000	      0.00000000	      0.00000000	     -0.04007229	     -0.04746590	     -0.02406764	      0.00000000	      0.00000000	      0.00000000	     -0.02206007	     -0.00384652	      0.01945024	    134.68133626	   -182.49020012	   -190.10768109	     96.79848232	      0.00000000	      0.00000000	      0.00000000	      0.00000000	   -127.40680940	    182.96000633	    188.64426359	     99.73536938	      0.00000000	      0.00000000	      0.00000000	      0.00000000	      9.49981492	      1.10461025	    -19.05514756	     -9.22078302	      4.35473369	     -4.98473282	      0.00000000	     13.68179816	      8.15544157	      0.00000000	      6.26067632	     -1.76251947	     -7.11934362	     -6.14736155	      3.74827437	     -4.98473282	      0.00000000	     21.54591717	     21.45322741	      0.00000000
      3.83333333	     90.99249508	      5.16792441	   -179.54004808	      0.02746942	     -0.63099396	     -0.49506700	      2.47627755	     -2.26774380	     -0.76166242	    -12.72707044	     -5.13962494	     13.27099849	      0.02006452	     -0.00286611	      0.02304439	      0.00000000	      0.00000000	      0.00000000	     -0.04143945	     -0.04240888	     -0.02157334	      0.00000000	      0.00000000	      0.00000000	     -0.02474279	     -0.00305245	      0.01772013	    135.86361933	   -182.84004495	   -189.71372057	     96.12334338	      0.00000000	      0.00000000	      0.00000000	      0.00000000	   -128.63467254	    182.48326591	    189.56430150	    100.12376565	      0.00000000	      0.00000000	      0.00000000	      0.00000000	     12.49877837	      1.25372175	    -16.82283640	    -10.98911337	      3.60543355	     -4.98473282	      0.00000000	     13.70940338	      6.73150314	      0.00000000	      8.59008083	     -1.99548431	     -6.92585886	     -6.62073655	      5.25200060	     -4.98473282	      0.00000000	     22.09793063	     20.22732377	      0.00000000
      3.86666667	     91.13093296	      5.37116702	   -179.17840255	      0.02826838	     -0.62936053	     -0.49465384	      2.72927848	     -2.03832879	     -1.14603828	    -12.15045805	     -4.42129577	     13.50060214	      0.02456385	     -0.00467553	      0.02004856	      0.00000000	      0.00000000	      0.00000000	     -0.03998694	     -0.03281740	     -0.01731776	      0.00000000	      0.00000000	      0.00000000	     -0.02611910	     -0.00343891	      0.01726607	    136.56340534	   -183.21787027	   -188.92729710	     95.25943815	      0.00000000	      0.00000000	      0.00000000	      0.00000000	   -127.61995190	    180.91227920	    188.73331630	    100.23528400	      0.00000000	      0.00000000	      0.00000000	      0.00000000	     12.68101408	      1.42050438	    -16.55522511	    -11.13295658	      3.33307565	     -4.98473282	      0.00000000	     13.31974733	      6.50921155	      0.00000000	      9.06666511	     -2.14004863	     -6.31863501	     -6.97989262	      5.66889984	     -4.98473282	      0.00000000	     23.44232299	     20.43326497	      0.00000000
      3.90000000	     91.16690729	      5.78938205	   -178.87219127	      0.02953861	     -0.62571857	     -0.49374577	      2.89121592	     -1.53897552	     -1.75554398	    -11.12801711	     -3.55836323	     13.86600463	      0.03016518	     -0.00709229	      0.01589490	      0.00000000	      0.00000000	      0.00000000	     -0.03664213	     -0.02506220	     -0.01457338	      0.00000000	      0.00000000	      0.00000000	     -0.02595291	     -0.00631739	      0.01881908	    135.70377002	   -184.39932573	   -187.67137952	     93.97216769	      0.00000000	      0.00000000	      0.00000000	      0.00000000	   -124.61461320	    179.46089162	    186.78309315	     99.53410391	      0.00000000	      0.00000000	      0.00000000	      0.00000000	     12.61130307	      1.90964851	    -16.72599277	    -10.63184466	      2.62692215	     -4.98473282	      0.00000000	     12.70414032	      5.66636117	      0.00000000	      9.61223356	     -2.54518490	     -5.47120720	     -7.37167074	      5.79440044	     -4.98473282	      0.00000000	     24.44079999	     20.87957435	      0.00000000
      3.93333333	     91.01423624	      6.27657813	   -178.29154542	      0.03143578	     -0.61868163	     -0.49246988	      2.74631524	     -0.97133777	     -2.71214197	    -10.06748415	     -2.01377376	     13.08740633	      0.03400669	     -0.00927813	      0.00883320	      0.00000000	      0.00000000	      0.00000000	     -0.03588865	     -0.02072644	     -0.01093135	      0.00000000	      0.00000000	      0.00000000	     -0.02491995	     -0.00703747	      0.02015956	    135.03357893	   -186.90039919	   -187.14146670	     91.95686104	      0.00000000	      0.00000000	      0.00000000	      0.00000000	   -122.09244255	    178.04051118	    184.76887167	     97.51485056	      0.00000000	      0.00000000	      0.00000000	      0.00000000	     12.71845983	      2.36455144	    -16.86894767	    -10.27585188	      2.50019665	     -4.98473282	      0.00000000	     12.11935979	      2.53121120	      0.00000000	     10.57195987	     -2.92304842	     -3.02576769	     -8.32242259	      3.58868218	     -4.98473282	      0.00000000	     25.08426107	     22.14635177	      0.00000000
      3.96666667	     90.75281925	      6.20308131	   -178.41943032	      0.03380983	     -0.60845352	     -0.49086635	      2.38382594	     -1.01395548	     -2.63447470	     -9.72486250	     -1.45937391	     11.45823105	      0.03345139	     -0.00930124	      0.00638788	      0.00000000	      0.00000000	      0.00000000	     -0.03939127	     -0.02306348	     -0.00804213	      0.00000000	      0.00000000	      0.00000000	     -0.02118008	     -0.00864803	      0.02329361	    133.94347357	   -189.95748249	   -187.25000894	     89.31333805	      0.00000000	      0.00000000	      0.00000000	      0.00000000	   -119.95347218	    177.02450214	    183.52949798	     95.42349837	      0.00000000	      0.00000000	      0.00000000	      0.00000000	     13.50251037	      2.06662670	    -16.73704586	    -10.71294285	      3.45463878	     -4.98473282	      0.00000000	     12.73827389	      1.28571631	      0.00000000	     11.40466093	     -2.74626764	     -2.53352965	     -9.05567987	      1.79874240	     -4.98473282	      0.00000000	     24.69403615	     22.25210700	      0.00000000
      4.00000000	     90.21824910	      5.81088587	   -178.44847019	      0.03693134	     -0.59568673	     -0.48925423	      1.61475269	     -1.43509892	     -2.60606477	    -10.07604303	     -1.32392407	      9.12775676	      0.02861186	     -0.00755947	      0.00655911	      0.00000000	      0.00000000	      0.00000000	     -0.04328622	     -0.02859654	     -0.00511217	      0.00000000	      0.00000000	      0.00000000	     -0.01561879	     -0.00993871	      0.02751539	    132.65581423	   -193.24741124	   -187.50952429	     86.38959805	      0.00000000	      0.00000000	      0.00000000	      0.00000000	   -118.62293696	    176.57053876	    183.53684816	     93.95755089	      0.00000000	      0.00000000	      0.00000000	      0.00000000	     14.57225853	      1.40202723	    -15.83353368	    -11.70500181	      4.86107432	     -4.98473282	      0.00000000	     13.76378798	      1.87379476	      0.00000000	     12.15408297	     -2.01422037	     -2.74085130	     -9.76156606	      0.41316140	     -4.98473282	      0.00000000	     24.53050649	     21.25511832	      0.00000000
      4.03333333	     89.69880748	      5.22782326	   -178.39653375	      0.04021797	     -0.58109418	     -0.48791270	      0.66988822	     -2.08187062	     -2.33452315	    -10.97677314	     -0.91985092	      6.15298498	      0.02003338	     -0.00511632	      0.00730004	      0.00000000	      0.00000000	      0.00000000	     -0.04769799	     -0.03411252	     -0.00174581	      0.00000000	      0.00000000	      0.00000000	     -0.00910802	     -0.01044419	      0.02992656	    131.38859536	   -196.45873739	   -187.84355189	     83.12766398	      0.00000000	      0.00000000	      0.00000000	      0.00000000	   -118.10863907	    175.53578898	    184.19250929	     93.12878757	      0.00000000	      0.00000000	      0.00000000	      0.00000000	     15.81420553	      0.69218360	    -15.39347015	    -12.47645212	      6.00941477	     -4.98473282	      0.00000000	     14.47041702	      4.47511496	      0.00000000	     13.06985031	     -0.87255164	     -3.32128102	    -10.42970901	     -0.35684631	     -4.98473282	      0.00000000	     23.79941209	     19.91774526	      0.00000000
      4.06666667	     88.17375064	      5.15804175	   -177.33760439	      0.04292378	     -0.56835042	     -0.48670782	     -1.27898738	     -2.07102664	     -2.92510036	    -12.21503623	     -0.34851157	      3.37286485	      0.01044977	     -0.00322716	      0.00791571	      0.00000000	      0.00000000	      0.00000000	     -0.04676493	     -0.03744221	      0.00109005	      0.00000000	      0.00000000	      0.00000000	     -0.00351983	     -0.01084901	      0.03006315	    130.65042361	   -198.58220779	   -188.37108582	     81.01493907	      0.00000000	      0.00000000	      0.00000000	      0.00000000	   -117.80512092	    173.33951254	    184.51270260	     91.87817433	      0.00000000	      0.00000000	      0.00000000	      0.00000000	     15.15827250	      0.38103679	    -17.53782831	    -11.49514659	      1.52228954	     -4.98473282	      0.00000000	     15.84080282	     16.02174374	      0.00000000	     12.73031480	     -0.18678065	     -4.54684019	    -10.90100726	      2.54824765	     -4.98473282	      0.00000000	     22.89395731	     17.22744036	      0.00000000
      4.10000000	     83.60666579	      5.73189434	   -176.10748559	      0.04425598	     -0.55895990	     -0.48555979	     -6.63647141	     -0.85351684	     -3.33131020	    -12.53918175	      0.73410453	      0.30284184	      0.00082230	     -0.00324745	      0.00366898	      0.00000000	      0.00000000	      0.00000000	     -0.04519921	     -0.04001315	      0.00089766	      0.00000000	      0.00000000	      0.00000000	     -0.00297501	     -0.01257723	      0.02823027	    129.63018902	   -200.43114116	   -189.70999564	     79.31646115	      0.00000000	      0.00000000	      0.00000000	      0.00000000	   -117.19527324	    169.07825876	    184.81879467	     89.02491226	      0.00000000	      0.00000000	      0.00000000	      0.00000000	     10.35254542	      1.10794120	    -21.77133058	     -9.43501558	      0.60992570	     -4.98473282	      0.00000000	     15.14404242	     20.63988941	      0.00000000	      8.26853793	     -0.73206584	     -7.25580844	     -9.98157663	      4.84950643	     -4.98473282	      0.00000000	     22.13369350	     19.29728886	      0.00000000
      4.13333333	     75.46584275	      6.03876509	   -173.82449335	      0.04504567	     -0.55586598	     -0.48406297	    -15.28762808	      0.74298940	     -4.89638447	    -13.55916279	     -0.02271371	      1.23675526	     -0.00753328	     -0.00088738	      0.00737684	      0.00000000	      0.00000000	      0.00000000	     -0.04218432	     -0.03903290	      0.00226528	      0.00000000	      0.00000000	      0.00000000	     -0.00873410	     -0.01444155	      0.02603468	    129.83228621	   -202.89653126	   -190.99269351	     77.60313149	      0.00000000	      0.00000000	      0.00000000	      0.00000000	   -115.92150284	    163.75616495	    185.49568296	     84.16151890	      0.00000000	      0.00000000	      0.00000000	      0.00000000	      0.38441739	      2.47338670	    -27.21409168	     -6.12276576	      5.49335240	     -4.98473282	      0.00000000	     13.91161324	     15.45077562	      0.00000000	     -1.38601786	     -1.51769978	     -9.25571127	     -6.97753024	      6.56723535	     -4.98473282	      0.00000000	     20.49631362	     22.53170468	      0.00000000
      4.16666667	     72.51641147	      6.37051636	   -172.64360138	      0.04858776	     -0.54991310	     -0.48259978	    -18.09468325	      2.05982759	     -5.97037078	    -13.88074042	     -0.59107290	      1.63375700	     -0.01034892	     -0.00259430	      0.00632606	      0.00000000	      0.00000000	      0.00000000	     -0.03783049	     -0.04078672	      0.00107259	      0.00000000	      0.00000000	      0.00000000	     -0.01531122	     -0.02202643	      0.02400141	    129.36457491	   -204.70625115	   -191.94442453	     76.53995666	      0.00000000	      0.00000000	      0.00000000	      0.00000000	   -114.42587045	    158.90493228	    186.59337780	     78.78424328	      0.00000000	      0.00000000	      0.00000000	      0.00000000	     -3.20908049	      3.48616557	    -31.27335833	     -4.08314099	      8.17236721	     -4.98473282	      0.00000000	     12.72938398	     12.89798686	      0.00000000	     -4.79589388	     -2.12091572	    -10.87877456	     -5.50852625	      8.48322275	     -4.98473282	      0.00000000	     18.79423621	     24.33133105	      0.00000000
      4.20000000	     70.12841059	      6.24800709	   -171.60831566	      0.05365777	     -0.54417850	     -0.48203585	    -20.05821731	      2.59722546	     -7.22669935	    -14.11253279	     -1.27219951	      2.79631832	     -0.01011239	     -0.00446166	      0.00650997	      0.00000000	      0.00000000	      0.00000000	     -0.03285285	     -0.04207064	      0.00123188	      0.00000000	      0.00000000	      0.00000000	     -0.01642438	     -0.02814485	      0.02332352	    129.22642555	   -206.83965571	   -192.25181748	     74.94928989	      0.00000000	      0.00000000	      0.00000000	      0.00000000	   -113.20674135	    156.46632666	    187.67018962	     74.96699934	      0.00000000	      0.00000000	      0.00000000	      0.00000000	     -6.25678390	      4.22812740	    -34.16788289	     -2.17067163	     10.23922666	     -4.98473282	      0.00000000	     12.05318639	     13.00762492	      0.00000000	     -7.57347042	     -2.23042315	    -11.01615578	     -4.11353683	      9.69248710	     -4.98473282	      0.00000000	     16.82689715	     24.98095987	      0.00000000
      4.23333333	     67.22441533	      5.65327148	   -170.92994482	      0.05953477	     -0.53848255	     -0.48243038	    -22.53690910	      2.26936539	     -8.19191492	    -13.78189186	     -1.62658059	      3.64464225	     -0.00806516	     -0.00631798	      0.00751083	      0.00000000	      0.00000000	      0.00000000	     -0.02767178	     -0.04365791	      0.00196155	      0.00000000	      0.00000000	      0.00000000	     -0.01204903	     -0.02766133	      0.02368377	    129.11202779	   -209.30138072	   -192.35724498	     72.43952977	      0.00000000	      0.00000000	      0.00000000	      0.00000000	   -112.96489611	    156.14704053	    188.12073579	     72.80286165	      0.00000000	      0.00000000	      0.00000000	      0.00000000	    -10.03559887	      4.84616986	    -36.51280638	      0.19239975	     12.49853689	     -4.98473282	      0.00000000	     11.86996333	     15.49973462	      0.00000000	    -11.11586434	     -1.94407682	    -11.23085646	     -2.25056218	     10.91614991	     -4.98473282	      0.00000000	     15.29656512	     24.98095987	      0.00000000
      4.26666667	     63.85620018	      4.91201235	   -170.60905255	      0.06566737	     -0.53183902	     -0.48255276	    -25.54983942	      1.77137375	     -8.63528318	    -13.04986382	     -1.65961053	      4.03164433	     -0.00586515	     -0.00783677	      0.00688166	      0.00000000	      0.00000000	      0.00000000	     -0.02204910	     -0.04281771	      0.00224851	      0.00000000	      0.00000000	      0.00000000	     -0.00556002	     -0.02298394	      0.02226449	    129.23380065	   -211.65844665	   -192.52505216	     69.50390145	      0.00000000	      0.00000000	      0.00000000	      0.00000000	   -113.62664529	    155.86324301	    188.15983579	     70.94170405	      0.00000000	      0.00000000	      0.00000000	      0.00000000	    -14.19704715	      5.41681528	    -38.15556371	      2.80914541	     14.89690267	     -4.98473282	      0.00000000	     12.02097156	     17.57822859	      0.00000000	    -15.12220615	     -1.51961924	    -11.94596696	     -0.27779314	     11.54066998	     -4.98473282	      0.00000000	     14.35615631	     24.98095987	      0.00000000
      4.30000000	     60.53758035	      4.29110950	   -170.52369276	      0.07230676	     -0.52457037	     -0.48188303	    -28.41703236	      1.28925271	     -8.59825530	    -12.16076355	     -1.57656844	      4.08885318	     -0.00333126	     -0.00869255	      0.00709451	      0.00000000	      0.00000000	      0.00000000	     -0.01609069	     -0.04138075	      0.00151444	      0.00000000	      0.00000000	      0.00000000	     -0.00312670	     -0.01810948	      0.01914562	    129.11205908	   -213.60382361	   -192.85622262	     66.36845273	      0.00000000	      0.00000000	      0.00000000	      0.00000000	   -114.07636416	    153.23969885	    187.78728968	     67.06018537	      0.00000000	      0.00000000	      0.00000000	      0.00000000	    -18.18826071	      5.87039242	    -37.68099319	      5.60038877	     14.89690267	     -4.98473282	      0.00000000	     12.77248507	     20.02100624	      0.00000000	    -18.92882768	     -1.17365584	    -13.34628453	      1.41983991	     12.42499317	     -4.98473282	      0.00000000	     14.63936469	     24.98095987	      0.00000000
      4.33333333	     59.15745075	      4.27208466	   -171.10482884	      0.07985917	     -0.51523026	     -0.47981507	    -29.19288334	      1.05833882	     -7.81986092	    -11.75153491	     -1.68092578	      4.07820987	     -0.00213161	     -0.00951250	      0.00753434	      0.00000000	      0.00000000	      0.00000000	     -0.01019476	     -0.03890676	     -0.00004939	      0.00000000	      0.00000000	      0.00000000	     -0.00631565	     -0.01811278	      0.01423748	    128.67592176	   -215.18339189	   -193.17262434	     63.17435637	      0.00000000	      0.00000000	      0.00000000	      0.00000000	   -114.10476173	    148.10064854	    187.72255653	     60.81528944	      0.00000000	      0.00000000	      0.00000000	      0.00000000	    -19.39817525	      5.80810479	    -36.47264815	      6.95825022	     14.89690267	     -4.98473282	      0.00000000	     14.26825145	     21.52072497	      0.00000000	    -20.13879137	     -0.96453630	    -14.99431714	      2.12876595	     13.60303763	     -4.98473282	      0.00000000	     16.25853616	     24.98095987	      0.00000000
      4.36666667	     59.00101802	      4.84639428	   -172.61390168	      0.08770490	     -0.50381577	     -0.47648377	    -28.75445816	      1.16470983	     -6.18621149	    -11.84403831	     -2.02994030	      4.37470116	     -0.00260284	     -0.00994182	      0.00711535	      0.00000000	      0.00000000	      0.00000000	     -0.00487036	     -0.03524326	     -0.00274559	      0.00000000	      0.00000000	      0.00000000	     -0.01256075	     -0.02205725	      0.00954944	    127.72501983	   -217.01441298	   -193.89291645	     59.45275282	      0.00000000	      0.00000000	      0.00000000	      0.00000000	   -113.15940370	    142.26056574	    188.07649083	     53.01772031	      0.00000000	      0.00000000	      0.00000000	      0.00000000	    -18.30391454	      5.15694187	    -34.77838422	      5.84940328	     14.89690267	     -4.98473282	      0.00000000	     15.83033669	     22.59986407	      0.00000000	    -19.76199700	     -0.82009479	    -16.66925732	      2.36849482	     14.89690267	     -4.98473282	      0.00000000	     18.25376412	     24.71810327	      0.00000000
      4.40000000	     60.68263649	      5.77449389	   -175.54026360	      0.09549032	     -0.48948957	     -0.47278626	    -26.68499200	      1.22123192	     -3.32112652	    -11.84590827	     -3.05874386	      4.84211956	     -0.00341716	     -0.01172636	      0.00670463	      0.00000000	      0.00000000	      0.00000000	     -0.00308229	     -0.03264511	     -0.00668264	      0.00000000	      0.00000000	      0.00000000	     -0.01812673	     -0.02962609	      0.00830082	    125.66420076	   -219.33475342	   -194.92949409	     54.48912923	      0.00000000	      0.00000000	      0.00000000	      0.00000000	   -110.34761758	    137.41377300	    188.67837664	     44.99717448	      0.00000000	      0.00000000	      0.00000000	      0.00000000	    -14.24515635	      3.84951955	    -32.52170877	      2.23856165	     14.89690267	     -4.98473282	      0.00000000	     16.82269248	     22.65733589	      0.00000000	    -17.20357973	     -0.47857599	    -17.74552983	      2.29518655	     14.89690267	     -4.98473282	      0.00000000	     19.75541003	     23.98707972	      0.00000000
      4.43333333	    115.78426804	      2.50724974	   -183.42929252	      0.12753270	     -0.43376983	     -0.46488835	     34.28480224	     -0.93009068	     -0.65979203	    -18.16378027	     -4.83272450	      6.67879458	      0.00903512	     -0.00575396	      0.00519919	      0.00000000	      0.00000000	      0.00000000	      0.00308143	     -0.02536537	     -0.00867977	      0.00000000	      0.00000000	      0.00000000	     -0.01684862	     -0.02863946	      0.00880250	    128.50432265	   -219.46503875	   -189.78112455	     49.39822456	      0.00000000	      0.00000000	      0.00000000	      0.00000000	   -113.81199855	    137.57667533	    182.42455778	     39.42869388	      0.00000000	      0.00000000	      0.00000000	      0.00000000	     59.48713230	     -1.09306344	     -7.67133101	    -21.80483668	     -6.80086694	     -4.98473282	      0.00000000	     18.06384637	     19.40600653	      0.00000000	     54.36347881	      3.71869187	      7.41784621	    -19.01099003	      0.23720052	     -4.98473282	      0.00000000	     21.74707056	      7.22108154	      0.00000000
      4.46666667	    114.57611247	      0.49333235	   -184.15209718	      0.13541222	     -0.42210793	     -0.46232159	     33.44482752	     -2.28598656	      1.28090135	    -18.46769912	     -4.83067927	      7.70469872	      0.00886476	     -0.00438903	      0.00586598	      0.00000000	      0.00000000	      0.00000000	     -0.00040529	     -0.02890211	     -0.00541490	      0.00000000	      0.00000000	      0.00000000	     -0.01345640	     -0.02341803	      0.00795842	    128.04990782	   -223.43809182	   -191.37359972	     43.77044722	      0.00000000	      0.00000000	      0.00000000	      0.00000000	   -113.45127980	    135.33829333	    182.99073761	     35.10380179	      0.00000000	      0.00000000	      0.00000000	      0.00000000	     59.90595798	     -2.64570397	     -8.32394276	    -23.28018764	     -7.93243614	     -4.98473282	      0.00000000	     16.36393936	     20.04533897	      0.00000000	     54.10503307	      4.94021184	      7.87147850	    -19.13724060	     -1.37834103	     -4.98473282	      0.00000000	     21.97927289	      8.05990440	      0.00000000
      4.50000000	    112.22840349	      0.19073606	   -184.48423170	      0.14254783	     -0.41161980	     -0.46197512	     31.06624075	     -2.36841432	      1.62309566	    -18.79858686	     -5.49245481	      9.02162725	      0.00734288	     -0.00310322	      0.00677822	      0.00000000	      0.00000000	      0.00000000	     -0.00120914	     -0.03854048	     -0.00455669	      0.00000000	      0.00000000	      0.00000000	     -0.00996618	     -0.02110296	      0.00349893	    125.70613487	   -227.42958168	   -191.94769672	     38.60398657	      0.00000000	      0.00000000	      0.00000000	      0.00000000	   -114.48509039	    132.98594714	    184.67015393	     31.12191348	      0.00000000	      0.00000000	      0.00000000	      0.00000000	     57.96668261	     -2.90200450	     -8.56436297	    -22.61053051	     -9.71401955	     -4.98473282	      0.00000000	     15.36340574	     20.08338108	      0.00000000	     52.58425836	      5.26942871	      9.66833660	    -19.63505445	     -3.55668702	     -4.98473282	      0.00000000	     23.29389995	      9.80169299	      0.00000000
      4.53333333	    109.05766363	      1.35622115	   -184.07439069	      0.14871595	     -0.40322477	     -0.46295944	     27.65240418	     -1.44190468	      0.66359307	    -18.78519960	     -6.08296739	      9.94131902	      0.00599135	     -0.00363711	      0.00615355	      0.00000000	      0.00000000	      0.00000000	      0.00082258	     -0.04764566	     -0.00654402	      0.00000000	      0.00000000	      0.00000000	     -0.00428044	     -0.02046137	     -0.00186034	    122.36986677	   -230.77809433	   -191.61720321	     33.46989645	      0.00000000	      0.00000000	      0.00000000	      0.00000000	   -116.53517011	    130.78363019	    186.63047885	     28.00943001	      0.00000000	      0.00000000	      0.00000000	      0.00000000	     54.12875169	     -2.33685332	     -8.99724572	    -20.70761897	    -10.08670583	     -4.98473282	      0.00000000	     16.18859369	     19.64002248	      0.00000000	     49.93144635	      5.04200864	     12.07581131	    -20.17414341	     -5.17462919	     -4.98473282	      0.00000000	     25.89368403	     11.55467682	      0.00000000
      4.56666667	    107.25700953	      2.77794618	   -183.29345163	      0.15417794	     -0.39604034	     -0.46529349	     25.89948283	     -0.61289488	     -0.44047226	    -19.37806726	     -6.32191320	     10.10873258	      0.00422011	     -0.00325810	      0.00723274	      0.00000000	      0.00000000	      0.00000000	      0.00315769	     -0.05278110	     -0.00852284	      0.00000000	      0.00000000	      0.00000000	      0.00217487	     -0.02097132	     -0.00401899	    120.10374495	   -233.48174082	   -191.01839461	     27.85125509	      0.00000000	      0.00000000	      0.00000000	      0.00000000	   -117.60335777	    128.41434783	    188.23990988	     24.71818079	      0.00000000	      0.00000000	      0.00000000	      0.00000000	     51.55436224	     -1.28700497	     -8.42990160	    -18.91587210	     -9.91283478	     -4.98473282	      0.00000000	     17.23839571	     17.34339380	      0.00000000	     48.67116965	      4.51949135	     13.46149631	    -20.72224793	     -4.52010229	     -4.98473282	      0.00000000	     28.26111144	     11.69846645	      0.00000000
      4.60000000	    106.44187880	      3.92356310	   -182.46371966	      0.15889140	     -0.38982281	     -0.46665679	     25.24361541	      0.11090855	     -1.33677249	    -19.59547814	     -6.31346615	      9.66312494	      0.00252107	     -0.00389627	      0.00675425	      0.00000000	      0.00000000	      0.00000000	      0.00504771	     -0.05227935	     -0.01043546	      0.00000000	      0.00000000	      0.00000000	      0.00724083	     -0.02350138	     -0.00337100	    119.31560157	   -235.87076358	   -191.61706653	     22.46799265	      0.00000000	      0.00000000	      0.00000000	      0.00000000	   -116.63707434	    126.18081409	    188.24365283	     20.87949802	      0.00000000	      0.00000000	      0.00000000	      0.00000000	     50.37309536	     -0.51913609	     -7.37053901	    -18.01571323	    -10.13161612	     -4.98473282	      0.00000000	     17.53031296	     14.07791006	      0.00000000	     48.49036282	      4.16391638	     13.70760074	    -21.24658753	     -3.17773302	     -4.98473282	      0.00000000	     29.85458050	     11.43269550	      0.00000000
      4.63333333	    106.30467039	      4.43349448	   -182.06541250	      0.16292604	     -0.38434243	     -0.46802242	     25.23690172	      0.20881486	     -1.35425761	    -19.40273976	     -5.94183704	      8.81355850	      0.00075122	     -0.00579927	      0.00798556	      0.00000000	      0.00000000	      0.00000000	      0.00513350	     -0.05243769	     -0.01008708	      0.00000000	      0.00000000	      0.00000000	      0.00967485	     -0.02848282	     -0.00139596	    118.81563673	   -237.95360321	   -193.51203561	     17.92084477	      0.00000000	      0.00000000	      0.00000000	      0.00000000	   -112.95466166	    123.31908701	    185.12886482	     15.36772132	      0.00000000	      0.00000000	      0.00000000	      0.00000000	     50.47341129	     -0.03187140	     -5.88896763	    -18.22951001	    -10.43576281	     -4.98473282	      0.00000000	     17.07221766	     10.30993390	      0.00000000	     49.03465487	      3.89571467	     12.77085846	    -21.72714442	     -2.57986800	     -4.98473282	      0.00000000	     30.07561698	     11.62143347	      0.00000000
      4.66666667	    106.58436627	      4.34604142	   -182.12154757	      0.16590936	     -0.37988428	     -0.46871165	     25.65228830	      0.08673252	     -0.66527776	    -19.34101225	     -5.26894288	      7.71715293	     -0.00134091	     -0.00756112	      0.00681340	      0.00000000	      0.00000000	      0.00000000	      0.00447077	     -0.05312721	     -0.00957615	      0.00000000	      0.00000000	      0.00000000	      0.00997982	     -0.03644563	     -0.00296472	    118.59138657	   -239.30189448	   -196.04383831	     15.37482147	      0.00000000	      0.00000000	      0.00000000	      0.00000000	   -108.70919042	    119.76477030	    177.54095048	      8.75192787	      0.00000000	      0.00000000	      0.00000000	      0.00000000	     51.35878544	      0.02965600	     -5.23173543	    -18.90724577	    -11.10665978	     -4.98473282	      0.00000000	     16.53840416	      9.60523840	      0.00000000	     49.57141848	      3.75444359	     11.71444684	    -21.34859633	     -4.63367803	     -4.98473282	      0.00000000	     28.92078230	     14.29631042	      0.00000000
      4.70000000	    106.13520359	      3.62413518	   -182.26140096	      0.16849647	     -0.37706338	     -0.46844622	     25.27165954	     -0.42326416	      0.28885948	    -19.50756645	     -4.91707739	      6.87090823	     -0.00319006	     -0.00821449	      0.00494857	      0.00000000	      0.00000000	      0.00000000	      0.00396007	     -0.05425069	     -0.00925610	      0.00000000	      0.00000000	      0.00000000	      0.01149729	     -0.03893097	     -0.00637830	    117.95680589	   -240.06454271	   -197.33095846	     14.29549695	      0.00000000	      0.00000000	      0.00000000	      0.00000000	   -108.01591981	    117.18339592	    172.07573731	      4.68341458	      0.00000000	      0.00000000	      0.00000000	      0.00000000	     51.58948460	     -0.71386460	     -6.63387348	    -19.61772307	    -11.84254522	     -4.98473282	      0.00000000	     18.09295156	     13.78207327	      0.00000000	     49.28909353	      4.35518166	     11.79059687	    -21.23730408	     -8.20588187	     -4.98473282	      0.00000000	     28.32918580	     17.34025199	      0.00000000
      4.73333333	    105.18504836	      3.10431320	   -182.50604929	      0.17010407	     -0.37504488	     -0.46870214	     24.25902003	     -0.71777585	      1.02332711	    -19.05868592	     -5.10323661	      6.55991063	     -0.00295328	     -0.00991375	      0.00434771	      0.00000000	      0.00000000	      0.00000000	      0.00465132	     -0.05159351	     -0.01022516	      0.00000000	      0.00000000	      0.00000000	      0.01424700	     -0.03823299	     -0.00595507	    118.36619407	   -240.05806420	   -198.16748952	     14.65321403	      0.00000000	      0.00000000	      0.00000000	      0.00000000	   -108.10468964	    116.28158694	    169.32216871	      3.02312738	      0.00000000	      0.00000000	      0.00000000	      0.00000000	     51.22461543	     -1.00326034	     -6.91801978	    -20.22034140	    -14.89690267	     -4.98473282	      0.00000000	     19.50441525	     20.65758639	      0.00000000	     48.35942498	      4.94930140	     13.50850236	    -21.33870347	    -10.46364392	     -4.98473282	      0.00000000	     28.46239342	     18.47002077	      0.00000000
      4.76666667	    104.89109550	      2.38587550	   -183.00119907	      0.17122772	     -0.37325605	     -0.46936834	     23.95785180	     -1.26160204	      1.92828679	    -18.82302302	     -5.45771082	      6.43268720	     -0.00237381	     -0.01058634	      0.00473091	      0.00000000	      0.00000000	      0.00000000	      0.00436701	     -0.04711185	     -0.01163291	      0.00000000	      0.00000000	      0.00000000	      0.01724798	     -0.03555145	     -0.00391193	    118.80657381	   -240.01592769	   -198.16115080	     14.44366982	      0.00000000	      0.00000000	      0.00000000	      0.00000000	   -108.15221130	    116.23627018	    169.38321632	      2.89541241	      0.00000000	      0.00000000	      0.00000000	      0.00000000	     51.46739487	     -1.09510451	     -6.87450756	    -20.79444799	    -14.79391651	     -4.98473282	      0.00000000	     19.49588688	     21.33559668	      0.00000000	     48.20422449	      5.45271044	     14.66276218	    -21.76888130	    -10.35420456	     -4.98473282	      0.00000000	     29.54264954	     18.11745162	      0.00000000
      4.80000000	    104.44217548	      1.03866763	   -183.81383575	      0.17216777	     -0.37206562	     -0.46808779	     23.56639080	     -1.99686802	      3.18851239	    -18.45444987	     -6.68951744	      6.29329498	     -0.00045388	     -0.01070932	      0.00474248	      0.00000000	      0.00000000	      0.00000000	      0.00718828	     -0.04040904	     -0.01713449	      0.00000000	      0.00000000	      0.00000000	      0.01842946	     -0.03674438	     -0.00391513	    119.18090298	   -239.53108335	   -198.27779257	     14.83667139	      0.00000000	      0.00000000	      0.00000000	      0.00000000	   -107.20768946	    115.97317160	    170.11395336	      2.04996524	      0.00000000	      0.00000000	      0.00000000	      0.00000000	     51.81151206	     -1.69963909	     -6.26513878	    -21.68449678	    -14.89690267	     -4.98473282	      0.00000000	     19.84750376	     22.44657464	      0.00000000	     47.73701302	      6.70901713	     16.75232024	    -22.02516716	    -11.94048026	     -4.98473282	      0.00000000	     29.21746721	     15.26613212	      0.00000000
      4.83333333	    104.27781925	      0.43496756	   -183.89628879	      0.17236831	     -0.37156535	     -0.46773216	     23.42940797	     -2.63416631	      3.38342814	    -18.12098080	     -7.45749780	      6.74200020	      0.00094563	     -0.01072414	      0.00640118	      0.00000000	      0.00000000	      0.00000000	      0.01053010	     -0.03654491	     -0.02104506	      0.00000000	      0.00000000	      0.00000000	      0.01761246	     -0.03905520	     -0.00537237	    119.54145347	   -239.14480169	   -197.88941450	     15.01414267	      0.00000000	      0.00000000	      0.00000000	      0.00000000	   -105.88171177	    115.38777235	    170.95098993	      1.16984258	      0.00000000	      0.00000000	      0.00000000	      0.00000000	     51.88515978	     -2.18854539	     -6.47372953	    -21.92037361	    -14.89690267	     -4.98473282	      0.00000000	     19.24813082	     20.38878852	      0.00000000	     47.53996803	      7.48085403	     17.97093133	    -21.95383134	    -13.25458334	     -4.98473282	      0.00000000	     28.10750213	     13.33322816	      0.00000000
      4.86666667	    104.27182003	      0.36130837	   -183.95581841	      0.17214834	     -0.37214937	     -0.46801030	     23.50118262	     -2.86490541	      3.15949937	    -17.70411761	     -7.95784668	      7.57747894	      0.00233710	     -0.01076089	      0.00821206	      0.00000000	      0.00000000	      0.00000000	      0.01420324	     -0.03449872	     -0.02233630	      0.00000000	      0.00000000	      0.00000000	      0.01519639	     -0.04033460	     -0.00684147	    120.59305905	   -239.20018881	   -197.53058997	     15.10999598	      0.00000000	      0.00000000	      0.00000000	      0.00000000	   -105.11094739	    115.03950253	    171.60591264	      0.56376057	      0.00000000	      0.00000000	      0.00000000	      0.00000000	     51.77026239	     -2.15379688	     -6.68576187	    -21.80908004	    -14.89690267	     -4.98473282	      0.00000000	     18.36585568	     17.00075176	      0.00000000	     47.31413245	      7.62985956	     19.04350368	    -21.52977523	    -14.89690267	     -4.98473282	      0.00000000	     26.59362890	     12.39225725	      0.00000000
      4.90000000	    104.23698474	      0.92331842	   -183.90685724	      0.17164286	     -0.37391453	     -0.46862709	     23.57471216	     -2.59582891	      2.42413408	    -17.49283963	     -7.91483403	      8.84272954	      0.00319489	     -0.01082140	      0.01060834	      0.00000000	      0.00000000	      0.00000000	      0.01785582	     -0.03275895	     -0.02124554	      0.00000000	      0.00000000	      0.00000000	      0.01190409	     -0.03895250	     -0.00584824	    122.85524539	   -239.22397913	   -198.15106020	     16.13561223	      0.00000000	      0.00000000	      0.00000000	      0.00000000	   -105.10407982	    115.42317874	    171.47669573	      0.78711927	      0.00000000	      0.00000000	      0.00000000	      0.00000000	     51.21446781	     -1.55360704	     -6.54260448	    -21.29350773	    -14.89690267	     -4.98473282	      0.00000000	     18.01728793	     14.07666452	      0.00000000	     47.13363114	      7.20671544	     19.25957875	    -21.43182955	    -14.89690267	     -4.98473282	      0.00000000	     25.80319446	     11.65066598	      0.00000000
      4.93333333	    104.14800850	      1.46599362	   -183.66004868	      0.17070766	     -0.37629344	     -0.46947617	     23.56116978	     -2.43532027	      1.79745158	    -17.69725805	     -7.11296148	      9.69980014	      0.00237774	     -0.01042310	      0.01135769	      0.00000000	      0.00000000	      0.00000000	      0.01835578	     -0.03170703	     -0.01901963	      0.00000000	      0.00000000	      0.00000000	      0.00925847	     -0.03648450	     -0.00371978	    124.97839575	   -238.93126033	   -199.07394118	     17.45002008	      0.00000000	      0.00000000	      0.00000000	      0.00000000	   -105.36916603	    115.96201979	    170.47806184	      1.42676421	      0.00000000	      0.00000000	      0.00000000	      0.00000000	     50.54492032	     -1.09098794	     -6.01779054	    -20.70748882	    -14.89690267	     -4.98473282	      0.00000000	     18.80154943	     14.47189379	      0.00000000	     46.80973842	      6.82772303	     18.90476461	    -21.07485681	    -14.89690267	     -4.98473282	      0.00000000	     25.72698421	     11.74760243	      0.00000000
      4.96666667	    104.08386114	      1.95530487	   -183.23566027	      0.16924916	     -0.37832491	     -0.47032280	     23.43489158	     -2.31202326	      1.09740187	    -18.18220476	     -6.37879935	      9.81469309	      0.00004499	     -0.00964828	      0.01133179	      0.00000000	      0.00000000	      0.00000000	      0.01763036	     -0.03294477	     -0.01801629	      0.00000000	      0.00000000	      0.00000000	      0.00648987	     -0.03671750	     -0.00226481	    126.16097570	   -238.26851059	   -200.13203553	     19.29971436	      0.00000000	      0.00000000	      0.00000000	      0.00000000	   -105.04985153	    116.36148332	    169.36353581	      1.67569902	      0.00000000	      0.00000000	      0.00000000	      0.00000000	     49.89989728	     -0.83344510	     -5.79420487	    -19.86292225	    -14.89690267	     -4.98473282	      0.00000000	     20.25184138	     17.06068634	      0.00000000	     46.58276792	      6.48625067	     17.83201574	    -20.72153111	    -14.54472648	     -4.98473282	      0.00000000	     25.76239441	     12.09413417	      0.00000000
      5.00000000	    104.20051453	      2.40601037	   -182.68915316	      0.16750366	     -0.37998399	     -0.47112711	     23.47175501	     -2.15404695	      0.53212612	    -18.78275887	     -5.55321720	      9.28877006	     -0.00203170	     -0.00883416	      0.01000455	      0.00000000	      0.00000000	      0.00000000	      0.01416749	     -0.03900506	     -0.01804480	      0.00000000	      0.00000000	      0.00000000	      0.00508482	     -0.04008990	     -0.00218811	    124.57361384	   -238.24282636	   -200.39338029	     18.76826673	      0.00000000	      0.00000000	      0.00000000	      0.00000000	   -104.96854197	    116.41900268	    170.42109812	      1.82007468	      0.00000000	      0.00000000	      0.00000000	      0.00000000	     49.45733697	     -0.88032445	     -6.85598954	    -18.92712281	    -14.63719365	     -4.98473282	      0.00000000	     21.35171987	     19.90913527	      0.00000000	     46.63769288	      6.21605100	     16.48908493	    -20.68914030	    -13.25445407	     -4.98473282	      0.00000000	     25.71549565	     11.44439385	      0.00000000
      5.03333333	    104.17391987	      3.38375867	   -181.77519456	      0.16552678	     -0.38162603	     -0.47205985	     23.20014722	     -1.42643956	     -0.47528086	    -19.25675764	     -5.00514980	      8.12571658	     -0.00403189	     -0.00810933	      0.00686120	      0.00000000	      0.00000000	      0.00000000	      0.00826875	     -0.04638407	     -0.01786156	      0.00000000	      0.00000000	      0.00000000	      0.00504775	     -0.04534457	     -0.00238274	    120.94279742	   -239.07806325	   -199.62114521	     16.13311221	      0.00000000	      0.00000000	      0.00000000	      0.00000000	   -105.47014168	    117.27570057	    176.19061671	      4.27933452	      0.00000000	      0.00000000	      0.00000000	      0.00000000	     48.49348061	     -0.97244288	     -9.73382522	    -17.67227988	    -14.89690267	     -4.98473282	      0.00000000	     21.79369482	     22.10463376	      0.00000000	     46.64077216	      5.86843612	     16.02077184	    -21.31192542	    -10.14780354	     -4.98473282	      0.00000000	     25.24158732	      8.82192999	      0.00000000
      5.06666667	    103.35948951	      3.91965405	   -180.59047987	      0.16271805	     -0.38414430	     -0.47285131	     22.08670929	     -1.21838309	     -1.78929862	    -19.35633027	     -5.47529531	      8.34509024	     -0.00418466	     -0.00778991	      0.00745245	      0.00000000	      0.00000000	      0.00000000	      0.00578996	     -0.04645426	     -0.01805547	      0.00000000	      0.00000000	      0.00000000	      0.00983805	     -0.03935488	     -0.00072753	    120.51080449	   -238.80639555	   -199.36114339	     16.54873683	      0.00000000	      0.00000000	      0.00000000	      0.00000000	   -112.44782731	    121.73281479	    190.05808252	     14.92261658	      0.00000000	      0.00000000	      0.00000000	      0.00000000	     46.62056863	     -1.53783957	    -12.38147813	    -16.74181463	    -14.89690267	     -4.98473282	      0.00000000	     21.17141956	     21.22316068	      0.00000000	     45.47772295	      6.06094339	     16.59447519	    -21.41980647	     -7.80506449	     -4.98473282	      0.00000000	     24.22606273	      7.53586382	      0.00000000
      5.10000000	    103.37880263	      4.78866109	   -180.00281955	      0.15968361	     -0.38783618	     -0.47442311	     22.11834000	     -0.40586956	     -2.54188958	    -19.55802679	     -5.39331817	      7.71625436	     -0.00249827	     -0.00684377	      0.00462062	      0.00000000	      0.00000000	      0.00000000	      0.00281521	     -0.04389018	     -0.01683131	      0.00000000	      0.00000000	      0.00000000	      0.01079636	     -0.03991814	     -0.00249137	    121.50369624	   -237.61781848	   -198.18904816	     18.46354685	      0.00000000	      0.00000000	      0.00000000	      0.00000000	   -114.41911078	    123.37285634	    190.07634148	     18.38783457	      0.00000000	      0.00000000	      0.00000000	      0.00000000	     45.72394994	     -1.35794634	    -13.91421437	    -16.24602636	    -14.89690267	     -4.98473282	      0.00000000	     19.75940325	     20.45908573	      0.00000000	     45.21637102	      5.31616169	     16.79332899	    -21.18058511	     -6.39480780	     -4.98473282	      0.00000000	     24.77093285	     10.87688915	      0.00000000
      5.13333333	    103.38695093	      5.50828069	   -179.74440003	      0.15552527	     -0.39345279	     -0.47600634	     22.27135797	      0.37332146	     -3.07741743	    -19.54614705	     -5.43715794	      7.82359473	      0.00064354	     -0.00596018	      0.00267733	      0.00000000	      0.00000000	      0.00000000	      0.00147308	     -0.04221390	     -0.01587680	      0.00000000	      0.00000000	      0.00000000	      0.01032634	     -0.03774835	     -0.00443502	    122.84338866	   -235.17522218	   -194.92850360	     22.49924085	      0.00000000	      0.00000000	      0.00000000	      0.00000000	   -116.55284205	    125.54044311	    189.22337539	     22.49629886	      0.00000000	      0.00000000	      0.00000000	      0.00000000	     44.84997777	     -0.84779639	    -13.33155210	    -15.70248862	    -14.63751631	     -4.98473282	      0.00000000	     18.21744580	     19.79908510	      0.00000000	     44.49273650	      4.42666366	     17.04439088	    -19.77584613	     -6.19879103	     -4.98473282	      0.00000000	     25.68088516	     14.87719830	      0.00000000
      5.16666667	    103.60100716	      6.05489893	   -180.14838059	      0.15030496	     -0.40099028	     -0.47742807	     22.77530812	      1.18722891	     -2.90758106	    -19.24848667	     -5.17137579	      8.24835310	      0.00526863	     -0.00541929	      0.00092283	      0.00000000	      0.00000000	      0.00000000	      0.00069846	     -0.04234938	     -0.01478824	      0.00000000	      0.00000000	      0.00000000	      0.01011937	     -0.03546672	     -0.00370670	    123.32887260	   -232.19501206	   -190.61011381	     26.79957030	      0.00000000	      0.00000000	      0.00000000	      0.00000000	   -117.78737979	    128.33025037	    186.92806094	     26.84176107	      0.00000000	      0.00000000	      0.00000000	      0.00000000	     44.13100871	      0.06086813	    -11.86500171	    -14.93090109	    -11.57856288	     -4.98473282	      0.00000000	     16.74882496	     17.16093628	      0.00000000	     43.71082124	      3.30768108	     16.37762006	    -18.18834322	     -6.38103676	     -4.98473282	      0.00000000	     26.66371182	     16.66052447	      0.00000000
      5.20000000	    104.28058789	      6.00406971	   -181.40342761	      0.14452827	     -0.41017703	     -0.47913254	     23.84651403	      1.43244604	     -1.78197126	    -18.67129941	     -4.72482134	      8.91762569	      0.01130031	     -0.00459481	      0.00172376	      0.00000000	      0.00000000	      0.00000000	      0.00064096	     -0.04033446	     -0.01105656	      0.00000000	      0.00000000	      0.00000000	      0.01049304	     -0.03196046	     -0.00078306	    124.84651441	   -229.25395690	   -187.35584922	     31.20115420	      0.00000000	      0.00000000	      0.00000000	      0.00000000	   -118.89200130	    131.36148488	    184.90138572	     30.90076769	      0.00000000	      0.00000000	      0.00000000	      0.00000000	     44.01676907	      1.00477248	    -11.44115460	    -14.48074967	     -3.86603690	     -4.98473282	      0.00000000	     15.12629376	      8.39944337	      0.00000000	     43.19188243	      2.18903044	     14.58799493	    -17.28121610	     -5.17392704	     -4.98473282	      0.00000000	     27.27178424	     13.75429530	      0.00000000
      5.23333333	    104.87173939	      5.87933066	   -181.91428028	      0.13846670	     -0.42004366	     -0.48070195	     24.58694312	      1.14759991	     -1.23595907	    -18.17097565	     -4.37688877	      9.72759394	      0.01505084	     -0.00257455	      0.00461371	      0.00000000	      0.00000000	      0.00000000	      0.00148936	     -0.03666594	     -0.00983057	      0.00000000	      0.00000000	      0.00000000	      0.00863759	     -0.03377606	      0.00522241	    125.74621874	   -226.00499393	   -185.75345438	     35.81570024	      0.00000000	      0.00000000	      0.00000000	      0.00000000	   -117.23050807	    133.77785414	    182.49816217	     33.09915333	      0.00000000	      0.00000000	      0.00000000	      0.00000000	     43.97072612	      1.24758887	    -11.70536222	    -14.40120881	     -1.70593694	     -4.98473282	      0.00000000	     16.10107831	      6.50361629	      0.00000000	     42.66220610	      1.73485605	     12.91194370	    -16.82152917	     -4.81502228	     -4.98473282	      0.00000000	     26.43811729	      9.76166854	      0.00000000
      5.26666667	    106.18701952	      5.57920430	   -182.22402531	      0.13185670	     -0.42970479	     -0.48206027	     25.83972659	      0.48722699	     -0.91851053	    -17.08893223	     -4.30082716	     10.36816699	      0.01767809	     -0.00161577	      0.00913575	      0.00000000	      0.00000000	      0.00000000	      0.00370796	     -0.02929333	     -0.00748318	      0.00000000	      0.00000000	      0.00000000	      0.00291095	     -0.03469727	      0.00996948	    128.36112718	   -222.37704620	   -186.32038572	     41.60240122	      0.00000000	      0.00000000	      0.00000000	      0.00000000	   -115.75655974	    135.72867853	    181.02213738	     34.91529822	      0.00000000	      0.00000000	      0.00000000	      0.00000000	     45.07931694	      1.01102451	    -11.85855984	    -15.34898979	     -0.77701481	     -4.98473282	      0.00000000	     17.22372708	      6.93243406	      0.00000000	     43.25986412	      1.52190948	     10.48432077	    -16.90986197	     -3.82658615	     -4.98473282	      0.00000000	     24.36134106	      7.06926726	      0.00000000
      5.30000000	    108.40540079	      5.45874268	   -181.77274829	      0.12435057	     -0.43951053	     -0.48308160	     27.82350162	     -0.35211323	     -1.41592761	    -15.75537525	     -4.57652824	     10.59496465	      0.01832151	     -0.00185698	      0.01435494	      0.00000000	      0.00000000	      0.00000000	      0.00687881	     -0.02085279	     -0.00686498	      0.00000000	      0.00000000	      0.00000000	     -0.00444916	     -0.03350532	      0.01656788	    131.08237774	   -217.86206571	   -187.41695438	     48.20414677	      0.00000000	      0.00000000	      0.00000000	      0.00000000	   -114.42683735	    138.62988793	    180.65231750	     38.48187673	      0.00000000	      0.00000000	      0.00000000	      0.00000000	     47.37104796	      0.31333111	    -11.80734567	    -16.75952574	     -1.44948225	     -4.98473282	      0.00000000	     18.14548782	     10.35007796	      0.00000000	     44.94304587	      1.61374496	      8.08471241	    -16.80756899	     -2.10887633	     -4.98473282	      0.00000000	     22.13164113	      7.33467615	      0.00000000
      5.33333333	    112.00525207	      5.52370954	   -180.66344436	      0.11635865	     -0.44976693	     -0.48392207	     31.03624502	     -1.35641586	     -2.51276029	    -14.98065403	     -5.38691056	     10.23362697	      0.01531338	     -0.00068240	      0.02010532	      0.00000000	      0.00000000	      0.00000000	      0.00446621	     -0.01504681	     -0.00560574	      0.00000000	      0.00000000	      0.00000000	     -0.00916612	     -0.02444146	      0.02179612	    132.01578391	   -213.78684564	   -186.91290586	     53.57588412	      0.00000000	      0.00000000	      0.00000000	      0.00000000	   -115.95618984	    143.14442837	    182.25533366	     45.94545587	      0.00000000	      0.00000000	      0.00000000	      0.00000000	     51.47780939	     -0.57856507	    -10.59629336	    -18.08742943	     -8.01315553	     -4.98473282	      0.00000000	     19.15753418	     19.82923415	      0.00000000	     48.40573221	      2.17301870	      6.55771925	    -17.15558192	     -1.47164390	     -4.98473282	      0.00000000	     20.67630482	     11.30828323	      0.00000000
      5.36666667	    112.07116921	      6.44177376	   -179.24018828	      0.10636315	     -0.46290706	     -0.48445714	     30.03973462	     -1.34485047	     -3.79177157	    -13.10599765	     -5.60405662	      9.55765651	      0.01031850	     -0.00483316	      0.02275705	      0.00000000	      0.00000000	      0.00000000	      0.00183542	     -0.00928165	     -0.00372595	      0.00000000	      0.00000000	      0.00000000	     -0.00973116	     -0.01600093	      0.02533336	    132.42872192	   -209.32714526	   -186.35126537	     59.86937469	      0.00000000	      0.00000000	      0.00000000	      0.00000000	   -118.42036173	    148.03493099	    183.77950129	     54.49010926	      0.00000000	      0.00000000	      0.00000000	      0.00000000	     51.08664620	     -0.62829261	    -11.08572645	    -18.14394260	    -10.83616375	     -4.98473282	      0.00000000	     19.42672222	     21.87596170	      0.00000000	     47.49046623	      2.24036080	      5.99758854	    -16.58844340	     -2.12433843	     -4.98473282	      0.00000000	     20.14099148	     14.47061042	      0.00000000
      5.40000000	    108.94220292	      7.36502767	   -177.44201927	      0.09518454	     -0.47845845	     -0.48405886	     25.43909958	     -0.71415715	     -5.36012748	    -10.88997333	     -6.10835299	      8.35590254	      0.00439089	     -0.01131586	      0.02224016	      0.00000000	      0.00000000	      0.00000000	     -0.00301143	     -0.00757862	     -0.00275289	      0.00000000	      0.00000000	      0.00000000	     -0.00846564	     -0.01215324	      0.02561618	    131.35481216	   -206.38655439	   -185.22108464	     64.99492533	      0.00000000	      0.00000000	      0.00000000	      0.00000000	   -121.14501309	    152.25780211	    185.04600907	     61.35614258	      0.00000000	      0.00000000	      0.00000000	      0.00000000	     46.65792401	     -0.36413842	    -11.93527500	    -17.04061564	    -14.89690267	     -4.98473282	      0.00000000	     20.92652071	     23.58417433	      0.00000000	     42.92955351	      2.22715524	      6.75573356	    -15.54631039	     -7.29787807	     -4.98473282	      0.00000000	     19.83147112	     21.47088700	      0.00000000
      5.43333333	    106.40249703	      7.89321819	   -176.79545811	      0.08418965	     -0.49403303	     -0.48372513	     21.88287671	      0.35660705	     -5.59436340	     -9.49947596	     -6.21058134	      6.88244113	      0.00216489	     -0.01712870	      0.01862044	      0.00000000	      0.00000000	      0.00000000	     -0.00314556	     -0.00502404	     -0.00236656	      0.00000000	      0.00000000	      0.00000000	     -0.00287500	     -0.01224902	      0.02558431	    131.13978212	   -202.92325056	   -185.06632798	     70.78937353	      0.00000000	      0.00000000	      0.00000000	      0.00000000	   -123.14843375	    155.76021834	    184.82425959	     66.28738786	      0.00000000	      0.00000000	      0.00000000	      0.00000000	     43.03334765	      0.51614359	    -11.98537074	    -16.87344596	    -14.89690267	     -4.98473282	      0.00000000	     21.64132549	     20.03189243	      0.00000000	     38.74396869	      1.70710904	      6.53833646	    -14.42196699	     -9.11434348	     -4.98473282	      0.00000000	     18.39951368	     22.88310214	      0.00000000
      5.46666667	     67.29042051	      5.67376691	   -169.88554446	      0.05972889	     -0.53888866	     -0.48352301	    -21.39283212	      2.67915605	     -7.12290897	     -4.56482188	     -5.48403017	      5.61345054	     -0.00336643	     -0.01986407	      0.01802803	      0.00000000	      0.00000000	      0.00000000	     -0.00984094	     -0.00628676	     -0.00155508	      0.00000000	      0.00000000	      0.00000000	     -0.00549535	     -0.00887474	      0.02792221	    130.20952156	   -203.06471251	   -188.43010750	     74.42313547	      0.00000000	      0.00000000	      0.00000000	      0.00000000	   -120.87649647	    155.08560486	    187.10857183	     67.82525354	      0.00000000	      0.00000000	      0.00000000	      0.00000000	     -8.84710102	      4.03144909	    -31.58505747	     -2.36429423	      5.68305082	     -4.98473282	      0.00000000	     17.73625021	     17.04147756	      0.00000000	    -11.40903582	     -1.52502015	     -4.23112905	     -1.36097873	      1.67294241	     -4.98473282	      0.00000000	     13.58204745	     24.54622612	      0.00000000
      5.50000000	     67.28947646	      6.24712787	   -170.07974636	      0.05118419	     -0.54968969	     -0.48342176	    -21.76044901	      3.96612177	     -6.98872700	     -4.60662970	     -5.37553956	      4.70479569	      0.00009061	     -0.02151368	      0.01039937	      0.00000000	      0.00000000	      0.00000000	     -0.01172192	     -0.00937156	     -0.00520179	      0.00000000	      0.00000000	      0.00000000	     -0.00975465	     -0.01390116	      0.02690981	    129.94167941	   -201.53229823	   -188.62278241	     77.09352063	      0.00000000	      0.00000000	      0.00000000	      0.00000000	   -120.95941384	    155.76066753	    186.93583431	     69.07800006	      0.00000000	      0.00000000	      0.00000000	      0.00000000	     -8.91198276	      4.12816852	    -30.18293532	     -4.34481454	      6.72578097	     -4.98473282	      0.00000000	     17.23177738	     17.59718130	      0.00000000	    -11.98471227	     -1.95250662	     -4.19618925	     -1.55386303	      1.63502643	     -4.98473282	      0.00000000	     12.31234598	     24.98095987	      0.00000000
      5.53333333	     68.29688547	      6.57521635	   -171.36904155	      0.04418941	     -0.56001348	     -0.48503290	    -20.77632640	      4.19157234	     -5.25014943	     -5.84025662	     -4.39011026	      2.31781632	      0.00499790	     -0.02138936	     -0.00038989	      0.00000000	      0.00000000	      0.00000000	     -0.01095646	     -0.01227556	     -0.00935234	      0.00000000	      0.00000000	      0.00000000	     -0.00975716	     -0.01421321	      0.02095018	    130.73948200	   -197.85346956	   -188.97193481	     81.23563717	      0.00000000	      0.00000000	      0.00000000	      0.00000000	   -122.73771664	    156.66129010	    186.34362767	     73.03399852	      0.00000000	      0.00000000	      0.00000000	      0.00000000	     -7.74309779	      3.85893905	    -26.90958439	     -6.00213963	      5.39017960	     -4.98473282	      0.00000000	     16.86143885	     18.42718414	      0.00000000	    -11.87103858	     -1.97888033	     -7.40828430	     -1.41255728	      3.91278227	     -4.98473282	      0.00000000	     11.96636202	     24.98095987	      0.00000000
      5.56666667	     70.87639758	      6.81315129	   -172.02951064	      0.03918129	     -0.56823366	     -0.48827925	    -18.06347107	      3.91793520	     -4.64773635	     -7.30752324	     -3.46877894	      3.01859356	      0.01030322	     -0.01982544	     -0.00440927	      0.00000000	      0.00000000	      0.00000000	     -0.01112725	     -0.01614246	     -0.01035289	      0.00000000	      0.00000000	      0.00000000	     -0.01040628	     -0.01451324	      0.01718975	    133.13647194	   -194.98852638	   -189.70510346	     84.84419564	      0.00000000	      0.00000000	      0.00000000	      0.00000000	   -123.29342845	    159.33528782	    185.68876947	     77.46276547	      0.00000000	      0.00000000	      0.00000000	      0.00000000	     -4.56375277	      3.42971757	    -26.13798871	     -7.59414732	      2.57991077	     -4.98473282	      0.00000000	     17.18485507	     21.33101434	      0.00000000	     -9.42603249	     -2.32330266	    -10.56561396	     -2.21611401	      6.78752304	     -4.98473282	      0.00000000	     12.28905558	     24.98095987	      0.00000000
      5.60000000	     73.45888194	      6.84164985	   -172.31846192	      0.03572159	     -0.57593630	     -0.49324191	    -15.33992303	      2.97053879	     -4.19552530	     -9.09636153	     -2.30565134	      4.38853361	      0.01385222	     -0.01594683	     -0.00372989	      0.00000000	      0.00000000	      0.00000000	     -0.01332399	     -0.02009914	     -0.00696716	      0.00000000	      0.00000000	      0.00000000	     -0.00837193	     -0.01328534	      0.01626672	    136.33439089	   -192.57916005	   -190.93799439	     88.29639146	      0.00000000	      0.00000000	      0.00000000	      0.00000000	   -122.41871571	    163.42919208	    184.18345939	     81.93174953	      0.00000000	      0.00000000	      0.00000000	      0.00000000	     -1.49895221	      3.07335078	    -26.38793575	     -8.83465032	      0.49458747	     -4.98473282	      0.00000000	     17.74257860	     23.07374156	      0.00000000	     -6.91222680	     -2.88941603	    -12.64568500	     -2.98449980	      9.16440064	     -4.98473282	      0.00000000	     12.41131439	     24.98095987	      0.00000000
      5.63333333	     74.68647631	      6.62560465	   -172.31041546	      0.03340599	     -0.58408166	     -0.49829532	    -14.09007538	      1.76416460	     -3.88710491	    -10.56812952	     -1.57085585	      5.91847575	      0.01640901	     -0.01052095	      0.00058821	      0.00000000	      0.00000000	      0.00000000	     -0.01750271	     -0.02392451	     -0.00394635	      0.00000000	      0.00000000	      0.00000000	     -0.00476027	     -0.01222725	      0.01961341	    138.81058394	   -190.74505216	   -192.28584468	     90.74256503	      0.00000000	      0.00000000	      0.00000000	      0.00000000	   -120.19763065	    167.69610155	    182.49671498	     85.19909707	      0.00000000	      0.00000000	      0.00000000	      0.00000000	     -0.56717515	      2.87363360	    -26.96728392	     -9.21073325	      0.70736615	     -4.98473282	      0.00000000	     18.01780107	     23.43173082	      0.00000000	     -5.81278560	     -3.34204062	    -13.60864529	     -3.66688364	     10.28858601	     -4.98473282	      0.00000000	     12.71189751	     24.98095987	      0.00000000
      5.66666667	     76.07079272	      6.30499254	   -172.62252172	      0.03229295	     -0.59164534	     -0.50267480	    -12.81377187	      0.42703213	     -3.74285018	    -11.83202334	     -1.02933345	      7.92597207	      0.01720097	     -0.00519552	      0.00552505	      0.00000000	      0.00000000	      0.00000000	     -0.02591114	     -0.03172708	     -0.00462296	      0.00000000	      0.00000000	      0.00000000	     -0.00257315	     -0.00844649	      0.02336289	    139.36626042	   -190.14715473	   -192.99357491	     91.60491243	      0.00000000	      0.00000000	      0.00000000	      0.00000000	   -119.07538500	    170.94519145	    181.90255001	     87.71869008	      0.00000000	      0.00000000	      0.00000000	      0.00000000	      0.02136704	      2.59251703	    -28.06746157	     -9.05640718	      2.45112659	     -4.98473282	      0.00000000	     17.91241283	     23.37931673	      0.00000000	     -4.52364723	     -3.53792406	    -14.56393211	     -4.35537316	     11.77731326	     -4.98473282	      0.00000000	     14.09159590	     24.98095987	      0.00000000
      5.70000000	     76.31036339	      5.89971280	   -173.22944866	      0.03192868	     -0.59999016	     -0.50583390	    -12.86512093	     -0.74233771	     -3.36320463	    -12.23733236	     -0.56965782	      8.74607382	      0.01703996	     -0.00053255	      0.00831976	      0.00000000	      0.00000000	      0.00000000	     -0.03653632	     -0.03964966	     -0.00758648	      0.00000000	      0.00000000	      0.00000000	     -0.00273564	     -0.00312617	      0.02721885	    139.12232286	   -190.19999112	   -193.51901077	     91.75226482	      0.00000000	      0.00000000	      0.00000000	      0.00000000	   -118.58936315	    172.63525855	    182.39037038	     89.99516948	      0.00000000	      0.00000000	      0.00000000	      0.00000000	     -1.24817438	      2.57937406	    -28.30591689	     -7.86300265	      3.42045678	     -4.98473282	      0.00000000	     17.03943784	     22.55437115	      0.00000000	     -4.69191448	     -3.53915447	    -14.28259770	     -4.63706906	     11.60239103	     -4.98473282	      0.00000000	     17.07635297	     24.45838860	      0.00000000
      5.73333333	     75.26937184	      5.28869549	   -173.51863825	      0.03145528	     -0.60931811	     -0.50730672	    -14.24546762	     -1.69575336	     -3.97813311	    -11.80511492	      0.09424091	      8.68626998	      0.01776912	      0.00281619	      0.00654828	      0.00000000	      0.00000000	      0.00000000	     -0.04291000	     -0.04331249	     -0.00845948	      0.00000000	      0.00000000	      0.00000000	     -0.00530373	      0.00163347	      0.02900010	    139.21397663	   -190.65002276	   -193.06349105	     92.29299953	      0.00000000	      0.00000000	      0.00000000	      0.00000000	   -118.50144211	    174.11824876	    183.88151387	     92.39581375	      0.00000000	      0.00000000	      0.00000000	      0.00000000	     -4.47306495	      2.67613860	    -27.98956684	     -5.73233405	      4.31841746	     -4.98473282	      0.00000000	     14.94438075	     18.27808739	      0.00000000	     -6.33692524	     -3.29953112	    -12.10134463	     -4.85450191	     11.46422717	     -4.98473282	      0.00000000	     20.06989185	     20.82933177	      0.00000000
      5.76666667	     74.70274641	      5.31139796	   -174.38908267	      0.03093062	     -0.61777838	     -0.50802568	    -14.98104520	     -2.01420757	     -3.84401416	    -10.65362089	      1.20351649	      7.47202316	      0.01993539	      0.00336354	      0.00115105	      0.00000000	      0.00000000	      0.00000000	     -0.04530189	     -0.04071916	     -0.00663021	      0.00000000	      0.00000000	      0.00000000	     -0.00897101	      0.00225747	      0.02962388	    139.72086534	   -190.32976892	   -192.71231857	     93.36740401	      0.00000000	      0.00000000	      0.00000000	      0.00000000	   -117.94795528	    175.16209665	    184.99390952	     94.14688268	      0.00000000	      0.00000000	      0.00000000	      0.00000000	     -6.35208899	      2.96962266	    -26.62502302	     -4.93728358	      4.41516992	     -4.98473282	      0.00000000	     12.91674471	     12.82107103	      0.00000000	     -7.51589870	     -3.52394342	    -10.72700813	     -5.05151925	     11.12689158	     -4.98473282	      0.00000000	     23.01308446	     18.07231295	      0.00000000
      5.80000000	     75.48110295	      5.90589530	   -175.43358317	      0.03042240	     -0.62319913	     -0.50848647	    -14.22006665	     -1.72228961	     -3.54935230	     -9.08560699	      2.43081095	      5.94312915	      0.02337111	      0.00194246	     -0.00665460	      0.00000000	      0.00000000	      0.00000000	     -0.04489713	     -0.03388953	     -0.00359242	      0.00000000	      0.00000000	      0.00000000	     -0.01449369	      0.00092185	      0.02820664	    139.49639783	   -189.74202193	   -191.74257413	     94.20560643	      0.00000000	      0.00000000	      0.00000000	      0.00000000	   -117.76746688	    175.77655993	    185.22772158	     94.79467052	      0.00000000	      0.00000000	      0.00000000	      0.00000000	     -5.68018071	      3.42916183	    -23.50975551	     -5.69048035	      4.03486780	     -4.98473282	      0.00000000	     11.56056542	      6.51446753	      0.00000000	     -6.97819982	     -4.08990775	     -9.98747253	     -5.59676037	     10.42385027	     -4.98473282	      0.00000000	     25.28261729	     17.15752546	      0.00000000
      5.83333333	     78.17899509	      6.80161295	   -176.45436231	      0.03040124	     -0.62485412	     -0.50914331	    -11.35040046	     -1.15050704	     -3.09271959	     -7.25009334	      3.62338893	      4.42459773	      0.02848210	     -0.00143795	     -0.01385131	      0.00000000	      0.00000000	      0.00000000	     -0.04511356	     -0.02663000	     -0.00085604	      0.00000000	      0.00000000	      0.00000000	     -0.01907531	     -0.00021581	      0.02558982	    138.27025786	   -189.42053685	   -190.06617176	     93.88893519	      0.00000000	      0.00000000	      0.00000000	      0.00000000	   -118.35824000	    175.93570581	    184.82521487	     95.15991209	      0.00000000	      0.00000000	      0.00000000	      0.00000000	     -2.05465843	      3.98891665	    -20.09235537	     -7.35426744	      3.57915651	     -4.98473282	      0.00000000	     11.45254309	      2.82556071	      0.00000000	     -4.04132034	     -4.86569124	     -9.60259266	     -6.48159396	      9.91819251	     -4.98473282	      0.00000000	     27.15508837	     17.97912334	      0.00000000
      5.86666667	     83.97102676	      7.46877514	   -177.55346567	      0.03182702	     -0.62091124	     -0.50934025	     -5.17342543	     -0.76724891	     -2.97586237	     -6.31443782	      4.27226598	      3.71419292	      0.03246048	     -0.00476527	     -0.01796490	      0.00000000	      0.00000000	      0.00000000	     -0.04399921	     -0.02174162	      0.00116821	      0.00000000	      0.00000000	      0.00000000	     -0.02247157	     -0.00309091	      0.02315022	    136.56786287	   -189.54013936	   -187.49370126	     92.98705679	      0.00000000	      0.00000000	      0.00000000	      0.00000000	   -118.74854083	    176.14801579	    184.34236030	     95.68078974	      0.00000000	      0.00000000	      0.00000000	      0.00000000	      5.89419601	      4.06275572	    -17.27181286	    -10.02871126	      1.80004476	     -4.98473282	      0.00000000	     12.86579122	      4.35220489	      0.00000000	      3.07423698	     -5.29627516	     -7.58556594	     -8.40743313	      8.61109030	     -4.98473282	      0.00000000	     28.63854853	     19.24822473	      0.00000000
      5.90000000	     86.23713888	      7.80514446	   -177.56338753	      0.03364403	     -0.61756864	     -0.50894583	     -2.63715532	     -0.42994088	     -2.92035580	     -4.92396694	      4.51101167	      3.39620198	      0.03702711	     -0.00689775	     -0.01768871	      0.00000000	      0.00000000	      0.00000000	     -0.04572439	     -0.01662405	      0.00295963	      0.00000000	      0.00000000	      0.00000000	     -0.02154514	     -0.00249087	      0.01975375	    135.61354447	   -190.27449878	   -185.74590080	     91.12381125	      0.00000000	      0.00000000	      0.00000000	      0.00000000	   -118.96557640	    175.94010930	    183.75576947	     96.63797541	      0.00000000	      0.00000000	      0.00000000	      0.00000000	      9.16445853	      4.19059298	    -16.40492705	    -10.83240790	      0.67681097	     -4.98473282	      0.00000000	     13.36752350	      6.31905014	      0.00000000	      6.15807733	     -5.46544262	     -5.72192623	     -9.24365273	      7.96130919	     -4.98473282	      0.00000000	     29.14675039	     19.94818799	      0.00000000
      5.93333333	    100.67176516	      7.22450616	   -179.95584439	      0.03976506	     -0.60280873	     -0.50615661	     13.63982319	     -0.86870281	     -2.14019654	     -6.23470332	      3.73575556	      3.79689753	      0.04235612	     -0.00893118	     -0.01433379	      0.00000000	      0.00000000	      0.00000000	     -0.03887500	     -0.01239479	      0.00254382	      0.00000000	      0.00000000	      0.00000000	     -0.01789414	     -0.00535380	      0.01900043	    135.05823626	   -188.91598496	   -183.72014644	     90.81645497	      0.00000000	      0.00000000	      0.00000000	      0.00000000	   -117.96762009	    176.52693361	    181.47675031	     96.58797323	      0.00000000	      0.00000000	      0.00000000	      0.00000000	     28.11402240	      2.74178710	    -13.94710044	    -16.30513359	     -2.61848919	     -4.98473282	      0.00000000	     14.25630489	      9.27348749	      0.00000000	     24.14251319	     -4.04561784	     -1.04190301	    -12.59015996	     -0.62819894	     -4.98473282	      0.00000000	     28.95479397	     24.98095987	      0.00000000
      5.96666667	    100.76253165	      6.84455904	   -180.01557304	      0.04235730	     -0.59532532	     -0.50423096	     13.74949265	     -1.19876944	     -1.39750424	     -6.42929657	      2.83066693	      4.33177305	      0.03930083	     -0.00941517	     -0.00439504	      0.00000000	      0.00000000	      0.00000000	     -0.03743496	     -0.01258071	      0.00513954	      0.00000000	      0.00000000	      0.00000000	     -0.01764647	     -0.00618289	      0.02286573	    135.13495038	   -189.29977569	   -184.57574399	     90.33584693	      0.00000000	      0.00000000	      0.00000000	      0.00000000	   -116.01127368	    174.87669220	    180.36512572	     94.04738395	      0.00000000	      0.00000000	      0.00000000	      0.00000000	     29.13014652	      2.36718115	    -12.98268980	    -17.54622921	     -3.36627388	     -4.98473282	      0.00000000	     14.13566220	      8.36698489	      0.00000000	     24.84348738	     -3.43575808	     -1.67557616	    -12.30137013	     -1.05675720	     -4.98473282	      0.00000000	     26.20037951	     24.23473196	      0.00000000
      6.00000000	    100.69742875	      6.28924869	   -179.92862322	      0.04487948	     -0.58603685	     -0.50101040	     13.75590230	     -1.53955797	     -1.04044306	     -7.51182669	      1.97549501	      4.83439918	      0.03392097	     -0.01096735	      0.00447584	      0.00000000	      0.00000000	      0.00000000	     -0.03569356	     -0.01616147	      0.00631532	      0.00000000	      0.00000000	      0.00000000	     -0.01655886	     -0.00766284	      0.02563747	    134.11423869	   -190.41731090	   -185.38391628	     89.48923827	      0.00000000	      0.00000000	      0.00000000	      0.00000000	   -115.45072561	    173.17075993	    179.83784652	     91.13014122	      0.00000000	      0.00000000	      0.00000000	      0.00000000	     29.94149198	      1.56987895	    -12.72355504	    -18.50489407	     -2.61905304	     -4.98473282	      0.00000000	     14.22417523	      8.74535449	      0.00000000	     25.57574448	     -2.42009968	     -2.65099881	    -12.06230717	     -2.39161759	     -4.98473282	      0.00000000	     23.25626929	     23.94946265	      0.00000000
      6.03333333	    100.48897776	      5.86554548	   -180.01872511	      0.04706591	     -0.57508826	     -0.49797057	     13.44519823	     -1.61810828	     -0.84165979	     -8.88118329	      1.41797729	      5.12555113	      0.02694805	     -0.01325673	      0.01061874	      0.00000000	      0.00000000	      0.00000000	     -0.03572050	     -0.02157852	      0.00714895	      0.00000000	      0.00000000	      0.00000000	     -0.01447566	     -0.01184361	      0.02737632	    132.64381561	   -192.59193683	   -185.92237809	     87.84132804	      0.00000000	      0.00000000	      0.00000000	      0.00000000	   -115.91657142	    171.44823361	    180.85558965	     88.59390591	      0.00000000	      0.00000000	      0.00000000	      0.00000000	     30.69172753	      1.12539667	    -12.56991529	    -18.67618765	     -0.43755490	     -4.98473282	      0.00000000	     14.32581974	     10.27538967	      0.00000000	     26.29649810	     -1.62655581	     -3.63266491	    -12.13293134	     -3.49186522	     -4.98473282	      0.00000000	     20.81570769	     24.27711666	      0.00000000
      6.06666667	     99.80820391	      6.03897888	   -179.96830757	      0.04901964	     -0.56389767	     -0.49589536	     12.45262799	     -1.07777258	     -1.19054041	     -9.80511108	      1.09448095	      5.06658079	      0.02009145	     -0.01650141	      0.01361097	      0.00000000	      0.00000000	      0.00000000	     -0.03554838	     -0.02683031	      0.00802469	      0.00000000	      0.00000000	      0.00000000	     -0.01008618	     -0.01826139	      0.02859230	    131.39805086	   -195.22165549	   -186.10098738	     85.71992904	      0.00000000	      0.00000000	      0.00000000	      0.00000000	   -116.34341765	    169.83461389	    182.85838428	     87.22064255	      0.00000000	      0.00000000	      0.00000000	      0.00000000	     30.75001193	      1.21966372	    -14.35001930	    -17.68927275	      2.98043499	     -4.98473282	      0.00000000	     14.04753237	     12.95990228	      0.00000000	     26.52711940	     -1.46914216	     -4.40729419	    -12.39765467	     -3.33904233	     -4.98473282	      0.00000000	     19.58013398	     24.98095987	      0.00000000
      6.10000000	     80.16433789	      7.48603780	   -175.75264129	      0.04449245	     -0.56721468	     -0.49531661	     -9.72370337	      1.45606146	     -3.60589830	     -7.40492324	      1.59484947	      4.18310642	      0.00942575	     -0.01943942	      0.01062913	      0.00000000	      0.00000000	      0.00000000	     -0.03417414	     -0.02863904	      0.00855811	      0.00000000	      0.00000000	      0.00000000	     -0.00732776	     -0.02183452	      0.03071492	    130.47079274	   -198.79919005	   -187.80121877	     83.93276446	      0.00000000	      0.00000000	      0.00000000	      0.00000000	   -115.14420183	    167.20845831	    186.63391837	     86.12461441	      0.00000000	      0.00000000	      0.00000000	      0.00000000	      6.22071323	      3.24662710	    -25.75107767	     -9.70296057	     13.15271016	     -4.98473282	      0.00000000	     11.66872928	     14.52650749	      0.00000000	      3.50172454	     -3.28147930	     -8.18081444	     -7.58453824	      4.26199415	     -4.98473282	      0.00000000	     18.70486390	     24.98095987	      0.00000000
      6.13333333	     80.11087316	      8.04075577	   -175.36528661	      0.04719397	     -0.55728561	     -0.49537133	    -10.09223865	      2.53173301	     -4.49402670	     -7.01251723	      1.56762254	      4.11378594	      0.00446138	     -0.02253396	      0.00668796	      0.00000000	      0.00000000	      0.00000000	     -0.02932431	     -0.02760920	      0.00786450	      0.00000000	      0.00000000	      0.00000000	     -0.00685777	     -0.02375901	      0.03193105	    130.97116960	   -200.53590532	   -187.79385857	     82.49608766	      0.00000000	      0.00000000	      0.00000000	      0.00000000	   -113.58649130	    165.12596339	    186.97856274	     83.89333076	      0.00000000	      0.00000000	      0.00000000	      0.00000000	      6.60519603	      3.91529271	    -28.26513387	     -8.56478464	     14.05213601	     -4.98473282	      0.00000000	     12.07472641	     16.50649673	      0.00000000	      3.92536776	     -3.75206697	     -8.52001545	     -7.37306986	      6.71054115	     -4.98473282	      0.00000000	     18.87958896	     24.98095987	      0.00000000
      6.16666667	     80.18745521	      7.89394977	   -174.93714736	      0.05114434	     -0.54862995	     -0.49517999	    -10.20720588	      2.90316696	     -5.61436152	     -5.79045480	      1.04280600	      3.83642620	      0.00155740	     -0.02579508	      0.00189355	      0.00000000	      0.00000000	      0.00000000	     -0.02389135	     -0.02407602	      0.00671139	      0.00000000	      0.00000000	      0.00000000	     -0.01012937	     -0.02385641	      0.03074026	    131.95553928	   -202.16255891	   -187.76138853	     81.29422768	      0.00000000	      0.00000000	      0.00000000	      0.00000000	   -112.26009199	    163.11779280	    187.01371130	     80.98947709	      0.00000000	      0.00000000	      0.00000000	      0.00000000	      6.59711673	      3.85008297	    -30.10116315	     -7.41896422	     13.62148652	     -4.98473282	      0.00000000	     14.03513652	     17.68271810	      0.00000000	      4.14899179	     -3.44994709	     -7.87903995	     -6.55834705	      7.32087853	     -4.98473282	      0.00000000	     18.91066442	     24.92819313	      0.00000000
      6.20000000	     80.68043659	      6.92330469	   -174.20906811	      0.05684328	     -0.54100910	     -0.49473547	     -9.55265828	      2.33290346	     -6.89441672	     -4.72939722	      0.17121661	      4.18535447	      0.00016134	     -0.02813535	     -0.00098002	      0.00000000	      0.00000000	      0.00000000	     -0.02021110	     -0.02301045	      0.00297630	      0.00000000	      0.00000000	      0.00000000	     -0.01291879	     -0.02291454	      0.02560754	    132.06109517	   -203.61593730	   -188.24824216	     80.10211881	      0.00000000	      0.00000000	      0.00000000	      0.00000000	   -112.15476056	    161.33196381	    187.09770199	     78.44338158	      0.00000000	      0.00000000	      0.00000000	      0.00000000	      6.42324333	      2.89914402	    -32.53062781	     -5.73944865	     12.79866956	     -4.98473282	      0.00000000	     16.96359443	     21.73527785	      0.00000000	      4.74235447	     -2.14990596	     -5.67526864	     -5.59919608	      6.36958645	     -4.98473282	      0.00000000	     18.40230573	     23.60457946	      0.00000000
      6.23333333	     81.60349998	      5.51178978	   -173.54899645	      0.06389915	     -0.53318449	     -0.49399744	     -8.25290470	      1.10621250	     -8.02754912	     -4.51187646	     -1.24523866	      4.57062817	     -0.00159061	     -0.02909890	     -0.00110297	      0.00000000	      0.00000000	      0.00000000	     -0.01789997	     -0.02325358	      0.00016278	      0.00000000	      0.00000000	      0.00000000	     -0.01287262	     -0.02156669	      0.01763196	    131.51395770	   -205.19638696	   -188.59138100	     78.69213302	      0.00000000	      0.00000000	      0.00000000	      0.00000000	   -113.48947779	    159.84150624	    187.77472083	     76.85647406	      0.00000000	      0.00000000	      0.00000000	      0.00000000	      6.77354682	      1.56536217	    -32.92740000	     -4.29516625	     11.37066724	     -4.98473282	      0.00000000	     18.88686916	     24.34635192	      0.00000000	      5.83348337	     -0.27720294	     -4.67227206	     -4.79643825	      5.40723965	     -4.98473282	      0.00000000	     17.66701195	     22.54138466	      0.00000000
      6.26666667	     81.87699428	      4.74980270	   -172.83855248	      0.07085526	     -0.52508773	     -0.49403438	     -7.40203275	      0.35180293	     -8.83574492	     -4.97912306	     -2.10804996	      4.72944382	     -0.00306559	     -0.02976271	     -0.00070279	      0.00000000	      0.00000000	      0.00000000	     -0.01478249	     -0.02478670	     -0.00078373	      0.00000000	      0.00000000	      0.00000000	     -0.00830153	     -0.01937264	      0.01116992	    130.49979463	   -206.57975113	   -188.45200525	     77.12496843	      0.00000000	      0.00000000	      0.00000000	      0.00000000	   -114.52269808	    158.51867564	    187.45104136	     75.11370197	      0.00000000	      0.00000000	      0.00000000	      0.00000000	      6.84926940	      1.09370832	    -32.84683405	     -3.26057471	     10.25492103	     -4.98473282	      0.00000000	     19.74098759	     24.22818609	      0.00000000	      6.34723046	      0.77838330	     -4.80806899	     -4.28518826	      5.35342049	     -4.98473282	      0.00000000	     17.51736876	     22.49359529	      0.00000000
      6.30000000	     82.32874950	      5.11221256	   -173.25700407	      0.07750437	     -0.51454472	     -0.49414931	     -6.35294964	      0.63616656	     -8.42000437	     -5.04147173	     -3.28883442	      5.70656391	     -0.00296488	     -0.03159270	      0.00277689	      0.00000000	      0.00000000	      0.00000000	     -0.01216201	     -0.02667766	     -0.00041123	      0.00000000	      0.00000000	      0.00000000	     -0.00515786	     -0.02086457	      0.00853937	    129.20989672	   -208.50876551	   -187.78995108	     74.33874845	      0.00000000	      0.00000000	      0.00000000	      0.00000000	   -113.39636100	    156.22909462	    185.84714590	     70.87088397	      0.00000000	      0.00000000	      0.00000000	      0.00000000	      8.28423081	      1.73739500	    -29.42820754	     -3.49043078	      7.40720178	     -4.98473282	      0.00000000	     20.26550300	     21.15420935	      0.00000000	      7.58308202	      0.55185091	     -5.87762909	     -4.71910741	      5.96282053	     -4.98473282	      0.00000000	     19.05511963	     22.22357212	      0.00000000
      6.33333333	    114.02616664	      6.73109116	   -179.41172493	      0.09575777	     -0.48046880	     -0.49444364	     29.78676452	      0.99061540	     -6.27274696	    -10.47528190	     -4.15061418	      5.97935203	      0.00310566	     -0.02220100	      0.00133871	      0.00000000	      0.00000000	      0.00000000	     -0.00404323	     -0.01844817	      0.00115521	      0.00000000	      0.00000000	      0.00000000	     -0.00357392	     -0.02099867	      0.00783332	    130.11584136	   -208.65250992	   -183.14477009	     71.23807526	      0.00000000	      0.00000000	      0.00000000	      0.00000000	   -112.99595347	    154.44154683	    179.04655375	     64.08838530	      0.00000000	      0.00000000	      0.00000000	      0.00000000	     50.52398248	      2.11364896	    -10.77450409	    -15.26633820	     -8.77258857	     -4.98473282	      0.00000000	     20.14955067	     17.09881755	      0.00000000	     47.61057691	      0.64069307	      1.89551697	    -14.47858760	     -1.37002000	     -4.98473282	      0.00000000	     20.89277043	     19.12935467	      0.00000000
      6.36666667	    118.26237648	      7.60713614	   -181.14623796	      0.10383710	     -0.46617484	     -0.49497162	     34.98541517	      2.17486060	     -5.53178948	    -11.51758451	     -3.84322105	      6.04547875	      0.00378832	     -0.01807533	      0.00313924	      0.00000000	      0.00000000	      0.00000000	     -0.00164599	     -0.01673712	      0.00301942	      0.00000000	      0.00000000	      0.00000000	     -0.00944366	     -0.02512521	      0.00876366	    130.68002154	   -210.56030034	   -183.14077257	     68.13998006	      0.00000000	      0.00000000	      0.00000000	      0.00000000	   -109.07698116	    148.67371849	    174.93113866	     54.74783529	      0.00000000	      0.00000000	      0.00000000	      0.00000000	     56.76532508	      3.64902856	    -11.00102331	    -16.25945567	     -8.34162217	     -4.98473282	      0.00000000	     18.05946796	     14.53381850	      0.00000000	     53.78814203	     -0.87869331	      3.06471402	    -16.18035259	      0.01208937	     -4.98473282	      0.00000000	     22.15169861	     17.19104570	      0.00000000
      6.40000000	    119.52352440	      7.69504207	   -182.72010768	      0.11147624	     -0.45205960	     -0.49384379	     36.48545234	      2.95266079	     -4.32229557	    -11.73613660	     -3.37210886	      6.11690412	      0.00222723	     -0.01514907	      0.00453202	      0.00000000	      0.00000000	      0.00000000	     -0.00206992	     -0.01694681	      0.00371044	      0.00000000	      0.00000000	      0.00000000	     -0.01479964	     -0.03013094	      0.00909048	    130.62854755	   -213.49967605	   -184.42743761	     64.12698533	      0.00000000	      0.00000000	      0.00000000	      0.00000000	   -105.92421631	    143.50328345	    173.66932980	     46.89627763	      0.00000000	      0.00000000	      0.00000000	      0.00000000	     59.62465178	      4.41807869	    -11.01601076	    -17.00874014	     -8.27546386	     -4.98473282	      0.00000000	     14.90645394	     15.17677406	      0.00000000	     56.40642174	     -1.91014830	      4.42257511	    -16.94443299	      0.44684847	     -4.98473282	      0.00000000	     22.43899345	     15.21228012	      0.00000000
      6.43333333	    119.49205649	      6.53821534	   -184.14779630	      0.11970049	     -0.43844886	     -0.49113992	     36.57020961	      2.82075932	     -1.93835488	    -11.63739164	     -2.92509984	      5.65019268	      0.00040302	     -0.01223707	      0.00490763	      0.00000000	      0.00000000	      0.00000000	     -0.00297819	     -0.01710263	      0.00066531	      0.00000000	      0.00000000	      0.00000000	     -0.01245636	     -0.02824786	      0.00851685	    129.44222981	   -215.82448174	   -186.77530250	     59.77541201	      0.00000000	      0.00000000	      0.00000000	      0.00000000	   -106.55868426	    140.38837757	    176.01111420	     42.87224135	      0.00000000	      0.00000000	      0.00000000	      0.00000000	     61.18539728	      4.26673155	     -8.98813080	    -18.36199435	     -8.78244074	     -4.98473282	      0.00000000	     12.39358516	     16.25488988	      0.00000000	     57.43353976	     -1.77994237	      5.52851826	    -17.54262983	     -0.25759764	     -4.98473282	      0.00000000	     22.55976629	     12.06051173	      0.00000000
      6.46666667	    117.85603232	      4.88351281	   -185.33640951	      0.12770221	     -0.42641529	     -0.48799183	     35.10064549	      2.23668221	      0.77434888	    -11.25718898	     -2.68553454	      5.23962199	     -0.00062521	     -0.01109348	      0.00439996	      0.00000000	      0.00000000	      0.00000000	     -0.00626326	     -0.02030980	     -0.00310389	      0.00000000	      0.00000000	      0.00000000	     -0.00435358	     -0.02206642	      0.00712477	    127.14562717	   -218.75767581	   -188.72670730	     53.47034271	      0.00000000	      0.00000000	      0.00000000	      0.00000000	   -109.87502340	    138.89654280	    179.50124687	     41.12740389	      0.00000000	      0.00000000	      0.00000000	      0.00000000	     60.83180661	      3.81014265	     -6.67492097	    -19.58876643	    -10.07409630	     -4.98473282	      0.00000000	     11.25338269	     15.78342640	      0.00000000	     56.46536256	     -1.03925330	      6.17046362	    -17.78897427	     -1.65378120	     -4.98473282	      0.00000000	     23.20259531	      9.45690080	      0.00000000
      6.50000000	    115.38080992	      3.46801490	   -185.98225204	      0.13525648	     -0.41547224	     -0.48526728	     32.80704180	      1.50201217	      2.84205859	    -11.16112308	     -2.64992576	      4.89636759	     -0.00227253	     -0.01092189	      0.00317650	      0.00000000	      0.00000000	      0.00000000	     -0.01062267	     -0.02830133	     -0.00512101	      0.00000000	      0.00000000	      0.00000000	      0.00292232	     -0.02018275	      0.00515587	    124.21614745	   -222.51875115	   -189.93520648	     45.79600417	      0.00000000	      0.00000000	      0.00000000	      0.00000000	   -111.67498557	    136.68003515	    181.10597812	     37.40450704	      0.00000000	      0.00000000	      0.00000000	      0.00000000	     59.21056490	      3.25786768	     -4.75950980	    -19.99335277	    -12.16616520	     -4.98473282	      0.00000000	     11.05625838	     14.54604431	      0.00000000	     54.66957661	      0.07642477	      7.20997111	    -18.16111179	     -3.04290868	     -4.98473282	      0.00000000	     24.16072211	      7.12254605	      0.00000000
      6.53333333	    112.71340362	      2.65702999	   -186.09376384	      0.14218369	     -0.40586040	     -0.48318463	     30.45160081	      0.95256158	      3.87295881	    -11.12564528	     -2.86182827	      5.20368384	     -0.00279390	     -0.01251643	      0.00242751	      0.00000000	      0.00000000	      0.00000000	     -0.01321107	     -0.03810221	     -0.00187393	      0.00000000	      0.00000000	      0.00000000	      0.00599175	     -0.02626443	      0.00376316	    122.24565318	   -226.87671757	   -190.19375894	     38.32507601	      0.00000000	      0.00000000	      0.00000000	      0.00000000	   -109.36581755	    132.58229813	    178.28477557	     29.42164439	      0.00000000	      0.00000000	      0.00000000	      0.00000000	     56.88904557	      2.68375495	     -4.11441562	    -19.24985714	    -14.29259381	     -4.98473282	      0.00000000	     11.99500465	     15.55972812	      0.00000000	     52.65851979	      1.16172195	      9.69276376	    -18.78313356	     -4.16659981	     -4.98473282	      0.00000000	     25.19245802	      5.22303133	      0.00000000
      6.56666667	    110.51108482	      2.54222045	   -185.51746569	      0.14872111	     -0.39776108	     -0.48113990	     28.63588218	      0.75340429	      3.38086688	    -10.90699607	     -3.34382270	      6.25697891	     -0.00209663	     -0.01510630	      0.00246105	      0.00000000	      0.00000000	      0.00000000	     -0.00970550	     -0.04388806	      0.00267660	      0.00000000	      0.00000000	      0.00000000	      0.00565522	     -0.03625910	      0.00177031	    122.44299474	   -230.62290172	   -190.49879283	     33.24004614	      0.00000000	      0.00000000	      0.00000000	      0.00000000	   -104.71961406	    127.97039662	    171.60892598	     20.04111968	      0.00000000	      0.00000000	      0.00000000	      0.00000000	     54.62562729	      1.80380966	     -5.12566854	    -17.90138717	    -14.89690267	     -4.98473282	      0.00000000	     14.03594662	     20.59360433	      0.00000000	     51.13514125	      2.26232568	     12.98368776	    -19.57985362	     -5.92373160	     -4.98473282	      0.00000000	     26.28770869	      3.62713582	      0.00000000
      6.60000000	    109.29113083	      2.64205192	   -184.65757022	      0.15463804	     -0.39076890	     -0.48034289	     27.92760413	      0.31291488	      2.37102620	    -10.82786271	     -3.57693707	      7.42533488	     -0.00108726	     -0.01728652	      0.00489718	      0.00000000	      0.00000000	      0.00000000	     -0.00377782	     -0.04479202	      0.00775317	      0.00000000	      0.00000000	      0.00000000	      0.00751318	     -0.03930507	      0.00059510	    124.95297637	   -233.51907434	   -191.39271724	     29.69370265	      0.00000000	      0.00000000	      0.00000000	      0.00000000	   -103.42324306	    125.39669910	    169.45223888	     15.34080737	      0.00000000	      0.00000000	      0.00000000	      0.00000000	     53.35686880	      1.03878683	     -6.57897649	    -16.75634557	    -14.89690267	     -4.98473282	      0.00000000	     15.79820627	     24.92668244	      0.00000000	     50.51658248	      3.14394222	     15.63440687	    -20.21854941	     -7.52954805	     -4.98473282	      0.00000000	     26.74552556	      3.24132480	      0.00000000
      6.63333333	    108.75043665	      2.79555975	   -183.71656127	      0.16025965	     -0.38505267	     -0.48032532	     27.92319889	     -0.25836109	      1.16755755	    -10.31800961	     -3.49560133	      7.88715495	      0.00093082	     -0.01857981	      0.00706686	      0.00000000	      0.00000000	      0.00000000	      0.00207803	     -0.04525281	      0.00746596	      0.00000000	      0.00000000	      0.00000000	      0.00909305	     -0.03911549	      0.00005675	    126.62818389	   -235.67740453	   -193.09776831	     26.78519204	      0.00000000	      0.00000000	      0.00000000	      0.00000000	   -104.05537053	    124.03069147	    171.14576457	     12.88171838	      0.00000000	      0.00000000	      0.00000000	      0.00000000	     52.98075958	      0.51039998	     -7.18741583	    -16.53348461	    -14.89690267	     -4.98473282	      0.00000000	     17.91500412	     24.98095987	      0.00000000	     50.51393195	      3.84043438	     16.74491300	    -20.70244133	     -7.47158575	     -4.98473282	      0.00000000	     27.72741724	      3.85808806	      0.00000000
      6.66666667	    108.14430263	      3.15446902	   -183.18272215	      0.16520365	     -0.38023440	     -0.48056389	     27.52417439	     -0.60270715	      0.44609823	     -9.27894878	     -3.43195340	      8.17341041	      0.00248893	     -0.01908707	      0.01135461	      0.00000000	      0.00000000	      0.00000000	      0.00435843	     -0.04760359	      0.00446656	      0.00000000	      0.00000000	      0.00000000	      0.00882083	     -0.03940747	     -0.00104265	    126.38298033	   -237.89832745	   -195.98263491	     23.21576069	      0.00000000	      0.00000000	      0.00000000	      0.00000000	   -104.77815712	    121.96938524	    174.13142143	      9.76027025	      0.00000000	      0.00000000	      0.00000000	      0.00000000	     52.52311512	      0.33021537	     -8.71021736	    -16.56194679	    -14.89690267	     -4.98473282	      0.00000000	     19.79443063	     23.69099463	      0.00000000	     50.36322878	      4.10484003	     17.24727070	    -21.01136652	     -7.08391270	     -4.98473282	      0.00000000	     28.75071567	      5.29820384	      0.00000000
      6.70000000	    107.67520637	      3.30405740	   -183.14506039	      0.16926081	     -0.37607245	     -0.48022868	     27.06630860	     -0.75544547	      0.35073115	     -8.03937277	     -3.22641517	      7.59609374	      0.00341682	     -0.01892034	      0.01337420	      0.00000000	      0.00000000	      0.00000000	      0.00536759	     -0.05126495	     -0.00122156	      0.00000000	      0.00000000	      0.00000000	      0.00789442	     -0.04002527	     -0.00275244	    124.61530792	   -239.88934476	   -199.44878753	     19.87148057	      0.00000000	      0.00000000	      0.00000000	      0.00000000	   -104.99695465	    119.48437378	    175.46038057	      5.81898049	      0.00000000	      0.00000000	      0.00000000	      0.00000000	     52.23384366	      0.50450371	     -9.18175004	    -16.57261366	    -14.89690267	     -4.98473282	      0.00000000	     20.52958216	     19.66528547	      0.00000000	     50.20297448	      4.04768174	     16.58726129	    -20.89113285	     -6.39715696	     -4.98473282	      0.00000000	     29.89122356	      7.17659440	      0.00000000
      6.73333333	    107.01026250	      2.62288477	   -183.72324291	      0.17214489	     -0.37238365	     -0.47997944	     26.28001330	     -1.55458394	      1.54943205	     -6.55244846	     -2.65649095	      6.04046961	      0.00429633	     -0.01918620	      0.01465428	      0.00000000	      0.00000000	      0.00000000	      0.00523492	     -0.05607312	     -0.00693226	      0.00000000	      0.00000000	      0.00000000	      0.00829204	     -0.03983840	     -0.00360092	    121.80303427	   -241.21174764	   -202.63308346	     16.93349841	      0.00000000	      0.00000000	      0.00000000	      0.00000000	   -103.75130473	    116.65065398	    170.02474097	      1.03747856	      0.00000000	      0.00000000	      0.00000000	      0.00000000	     52.04540622	      0.83039794	     -7.14904495	    -16.94905210	    -14.89690267	     -4.98473282	      0.00000000	     20.28027529	     14.44457297	      0.00000000	     49.54603384	      3.90083125	     14.08945516	    -19.81986231	     -7.50440683	     -4.98473282	      0.00000000	     30.41321635	      9.97718918	      0.00000000
      6.76666667	    107.17692398	      2.64527428	   -184.04235356	      0.17421892	     -0.36992966	     -0.47862074	     26.54097944	     -1.39364128	      1.64585256	     -5.42240678	     -2.75447416	      5.35791025	      0.00695691	     -0.01928560	      0.01569153	      0.00000000	      0.00000000	      0.00000000	      0.00814755	     -0.05409644	     -0.00986130	      0.00000000	      0.00000000	      0.00000000	      0.00951094	     -0.03616782	     -0.00332663	    122.05463334	   -241.75473442	   -203.38817014	     16.30180072	      0.00000000	      0.00000000	      0.00000000	      0.00000000	   -104.64683772	    116.01472693	    169.27987550	      0.00000000	      0.00000000	      0.00000000	      0.00000000	      0.00000000	     52.48247266	      0.97674358	     -8.16655023	    -17.18595738	    -14.89690267	     -4.98473282	      0.00000000	     20.16078858	     14.10426780	      0.00000000	     49.72486363	      3.56268483	     12.53673607	    -18.84718717	     -8.05855685	     -4.98473282	      0.00000000	     30.43767822	     10.19174716	      0.00000000
      6.80000000	    107.48737335	      2.06416152	   -184.39279467	      0.17570103	     -0.36825702	     -0.47717052	     27.02713381	     -1.69686700	      2.59587382	     -4.96278358	     -2.18092117	      3.82724455	      0.00856620	     -0.01908463	      0.01281002	      0.00000000	      0.00000000	      0.00000000	      0.00846385	     -0.05139097	     -0.01135257	      0.00000000	      0.00000000	      0.00000000	      0.01313330	     -0.03211797	     -0.00431818	    122.53870019	   -241.35816765	   -204.49301975	     16.85686902	      0.00000000	      0.00000000	      0.00000000	      0.00000000	   -105.85085103	    115.28452072	    167.29357891	      0.00000000	      0.00000000	      0.00000000	      0.00000000	      0.00000000	     53.45690708	      0.60196877	     -8.27471245	    -18.32496686	    -14.89690267	     -4.98473282	      0.00000000	     20.81702630	     16.46970388	      0.00000000	     50.04679688	      3.46553388	      9.53328078	    -17.67934796	     -8.84494716	     -4.98473282	      0.00000000	     30.14701787	     11.97885160	      0.00000000
      6.83333333	    107.19111901	      2.01877419	   -184.15534958	      0.17644208	     -0.36780056	     -0.47506924	     26.76565423	     -1.61140268	      2.23049852	     -4.39089681	     -1.89070088	      3.18563683	      0.01068710	     -0.01993269	      0.00939108	      0.00000000	      0.00000000	      0.00000000	      0.01136502	     -0.04685788	     -0.01170729	      0.00000000	      0.00000000	      0.00000000	      0.01490288	     -0.02853205	     -0.00565037	    124.24394995	   -240.62089101	   -203.75362588	     19.16147189	      0.00000000	      0.00000000	      0.00000000	      0.00000000	   -107.15745180	    115.18915207	    167.01409002	      0.00000000	      0.00000000	      0.00000000	      0.00000000	      0.00000000	     53.50123049	      0.00949835	     -8.76151668	    -19.23805390	    -14.89690267	     -4.98473282	      0.00000000	     21.37224166	     18.92790814	      0.00000000	     49.62499681	      3.76376329	      9.24487203	    -16.86888738	     -9.40235739	     -4.98473282	      0.00000000	     29.69993194	     12.66181722	      0.00000000
      6.86666667	    106.95221700	      2.17974919	   -183.82828906	      0.17668906	     -0.36753269	     -0.47360841	     26.46796339	     -1.46592099	      1.68543976	     -4.24478145	     -1.79112993	      3.10620487	      0.01156486	     -0.02036273	      0.00795530	      0.00000000	      0.00000000	      0.00000000	      0.01280823	     -0.04648586	     -0.01238310	      0.00000000	      0.00000000	      0.00000000	      0.01633472	     -0.02639541	     -0.00482454	    124.31978356	   -240.63614697	   -203.67323234	     19.63860435	      0.00000000	      0.00000000	      0.00000000	      0.00000000	   -107.67811240	    115.45569789	    167.02979351	      0.00000000	      0.00000000	      0.00000000	      0.00000000	      0.00000000	     53.53533187	     -0.30538590	     -8.43284855	    -19.98590111	    -14.58496781	     -4.98473282	      0.00000000	     20.93166889	     19.31884357	      0.00000000	     49.43944805	      4.01360270	      9.70491654	    -16.96202001	     -9.10026952	     -4.98473282	      0.00000000	     29.52934116	     12.90337121	      0.00000000
      6.90000000	    105.84192360	      3.28571189	   -182.69762962	      0.17606505	     -0.36841470	     -0.47166571	     25.22735926	     -0.61672319	     -0.15477231	     -3.77611290	     -1.25130832	      2.75666072	      0.01359755	     -0.02253067	      0.00329747	      0.00000000	      0.00000000	      0.00000000	      0.01768790	     -0.04066080	     -0.01444533	      0.00000000	      0.00000000	      0.00000000	      0.01687709	     -0.02644031	     -0.00391758	    125.85137146	   -239.99593298	   -202.79385094	     20.97572462	      0.00000000	      0.00000000	      0.00000000	      0.00000000	   -108.08902783	    116.04915901	    168.11496784	      0.00000000	      0.00000000	      0.00000000	      0.00000000	      0.00000000	     51.80010256	     -0.66066346	    -10.35842626	    -19.40672610	    -14.02950040	     -4.98473282	      0.00000000	     20.82095489	     19.12827300	      0.00000000	     48.54375620	      4.74150933	     14.58544373	    -18.39467105	    -10.39204771	     -4.98473282	      0.00000000	     29.31510054	     11.28549072	      0.00000000
      6.93333333	    105.52498891	      3.16217263	   -182.57669984	      0.17511699	     -0.36886260	     -0.47127802	     24.99549232	     -0.99531586	     -0.24826145	     -3.61167991	     -1.00092564	      2.86075043	      0.01527205	     -0.02412650	      0.00466414	      0.00000000	      0.00000000	      0.00000000	      0.01871750	     -0.04000421	     -0.01520271	      0.00000000	      0.00000000	      0.00000000	      0.01788152	     -0.02556958	     -0.00100366	    125.91081518	   -240.22946055	   -202.95461817	     19.82155688	      0.00000000	      0.00000000	      0.00000000	      0.00000000	   -108.10634136	    116.48096395	    168.04116916	      0.00000000	      0.00000000	      0.00000000	      0.00000000	      0.00000000	     51.56137231	     -0.85347565	    -10.62371802	    -19.49150501	    -14.18535967	     -4.98473282	      0.00000000	     20.34476849	     18.65436273	      0.00000000	     48.32783017	      5.00383713	     15.78676320	    -19.41027468	    -10.10290225	     -4.98473282	      0.00000000	     29.27272064	     11.44391774	      0.00000000
      6.96666667	    104.65729847	      4.17053073	   -181.82202379	      0.17372478	     -0.36925812	     -0.47038071	     23.84057112	     -0.17284521	     -1.42539785	     -3.07782053	     -0.55753279	      3.05852393	      0.01478051	     -0.02640994	      0.00275157	      0.00000000	      0.00000000	      0.00000000	      0.01383970	     -0.04575665	     -0.01473684	      0.00000000	      0.00000000	      0.00000000	      0.01683909	     -0.03043583	      0.00326605	    122.39225290	   -242.82529663	   -204.88229909	     14.99327028	      0.00000000	      0.00000000	      0.00000000	      0.00000000	   -106.06680203	    117.26750909	    164.33542587	      0.00000000	      0.00000000	      0.00000000	      0.00000000	      0.00000000	     50.12252747	     -0.62915251	    -11.59844965	    -19.03158357	    -13.53419269	     -4.98473282	      0.00000000	     19.74896143	     16.29840810	      0.00000000	     47.43611857	      5.28044275	     19.99079664	    -20.33457583	    -11.35421108	     -4.98473282	      0.00000000	     29.07678385	     10.75307953	      0.00000000
      7.00000000	    104.56185694	      4.22800031	   -181.82633784	      0.17243090	     -0.36989353	     -0.47099895	     23.82945103	     -0.46341115	     -1.59163976	     -1.87144925	      0.82985821	      3.28119476	      0.01757160	     -0.02924086	      0.00232068	      0.00000000	      0.00000000	      0.00000000	      0.01174899	     -0.04927404	     -0.01219274	      0.00000000	      0.00000000	      0.00000000	      0.01472998	     -0.03229168	      0.00622786	    123.07866435	   -243.90271207	   -206.35491052	     13.88303323	      0.00000000	      0.00000000	      0.00000000	      0.00000000	   -105.03666417	    117.77361807	    160.89237166	      0.00000000	      0.00000000	      0.00000000	      0.00000000	      0.00000000	     49.86763257	     -0.44764229	    -11.60364199	    -18.90373864	    -13.99036234	     -4.98473282	      0.00000000	     19.60011844	     15.52720757	      0.00000000	     47.26122804	      5.11123536	     20.48024065	    -20.57556615	    -10.81477276	     -4.98473282	      0.00000000	     29.44835622	     11.88242413	      0.00000000
      7.03333333	    105.07722825	      4.05909194	   -182.14522822	      0.17134658	     -0.37043803	     -0.47200577	     24.55952479	     -0.83009459	     -0.71629689	     -1.44089985	      0.90681788	      2.95497042	      0.01790969	     -0.02984669	      0.00537711	      0.00000000	      0.00000000	      0.00000000	      0.00921935	     -0.05068485	     -0.01113879	      0.00000000	      0.00000000	      0.00000000	      0.01372621	     -0.03599713	      0.00772308	    125.00844595	   -243.06291437	   -208.82751112	     15.65822493	      0.00000000	      0.00000000	      0.00000000	      0.00000000	   -103.64683865	    117.45232378	    154.48694953	      0.00000000	      0.00000000	      0.00000000	      0.00000000	      0.00000000	     50.53159286	     -0.18143584	    -10.48473231	    -19.21026905	    -14.61324195	     -4.98473282	      0.00000000	     19.21373311	     15.93058211	      0.00000000	     47.61690345	      4.75614457	     20.01155075	    -20.21761331	    -10.53603710	     -4.98473282	      0.00000000	     29.55250508	     14.18689585	      0.00000000
      7.06666667	    105.52003406	      3.97165139	   -182.11551918	      0.17016462	     -0.37145572	     -0.47250643	     25.29040192	     -1.13063455	     -0.59142968	     -0.15896233	      1.20268558	      3.12900987	      0.02041335	     -0.03088114	      0.00710685	      0.00000000	      0.00000000	      0.00000000	      0.00844673	     -0.05296689	     -0.01099930	      0.00000000	      0.00000000	      0.00000000	      0.01169450	     -0.03840584	      0.00647678	    125.57282500	   -242.40501641	   -208.40336571	     16.43250658	      0.00000000	      0.00000000	      0.00000000	      0.00000000	   -103.42313654	    117.07380190	    153.43685911	      0.00000000	      0.00000000	      0.00000000	      0.00000000	      0.00000000	     51.01477982	     -0.21652125	    -10.13944043	    -19.23015873	    -14.89690267	     -4.98473282	      0.00000000	     18.69359786	     16.50474540	      0.00000000	     47.88213441	      4.65748979	     19.36957934	    -19.69310695	    -10.18761313	     -4.98473282	      0.00000000	     28.40562198	     15.56713497	      0.00000000
      7.10000000	    105.74743745	      3.82352931	   -182.10629720	      0.16940449	     -0.37331452	     -0.47242486	     25.93214781	     -1.38309950	     -0.16617887	      1.18833902	      0.78810589	      3.02015361	      0.02333881	     -0.03068609	      0.01065840	      0.00000000	      0.00000000	      0.00000000	      0.00785462	     -0.05299376	     -0.00991931	      0.00000000	      0.00000000	      0.00000000	      0.01269223	     -0.03959502	      0.00681709	    125.73479319	   -241.22542084	   -206.68687098	     17.20489044	      0.00000000	      0.00000000	      0.00000000	      0.00000000	   -103.68815389	    116.67836087	    151.47814944	      0.00000000	      0.00000000	      0.00000000	      0.00000000	      0.00000000	     51.31596378	     -0.37735083	     -9.56233323	    -19.41592926	    -14.89690267	     -4.98473282	      0.00000000	     18.72994077	     17.58625465	      0.00000000	     47.97309914	      4.59926623	     17.78461310	    -19.14778405	    -10.58485210	     -4.98473282	      0.00000000	     27.14744811	     16.77527569	      0.00000000
      7.13333333	    105.24538258	      3.94582189	   -181.67066504	      0.16871133	     -0.37566630	     -0.47193988	     25.75117563	     -1.41898073	     -0.32433195	      2.55662334	      0.17413590	      2.78468315	      0.02568325	     -0.02988815	      0.01342218	      0.00000000	      0.00000000	      0.00000000	      0.00848629	     -0.05270411	     -0.01027935	      0.00000000	      0.00000000	      0.00000000	      0.01441648	     -0.03991046	      0.00678393	    125.43078791	   -240.24534792	   -205.21740093	     17.59507624	      0.00000000	      0.00000000	      0.00000000	      0.00000000	   -104.44560852	    116.37906181	    150.12870919	      0.00000000	      0.00000000	      0.00000000	      0.00000000	      0.00000000	     50.55729915	     -0.67432316	    -10.09269482	    -19.23152239	    -14.89690267	     -4.98473282	      0.00000000	     18.86365769	     17.77130656	      0.00000000	     47.35703909	      4.82200381	     17.19199009	    -18.93324612	    -11.52285399	     -4.98473282	      0.00000000	     25.84632070	     16.09565892	      0.00000000
      7.16666667	    103.95413372	      4.30606575	   -181.04447462	      0.16788239	     -0.37821258	     -0.47097791	     24.61594190	     -1.07127233	     -0.73384506	      4.32527391	     -0.75700264	      2.32296177	      0.02807621	     -0.02937017	      0.01493315	      0.00000000	      0.00000000	      0.00000000	      0.01030492	     -0.05038220	     -0.01200424	      0.00000000	      0.00000000	      0.00000000	      0.01675407	     -0.04061608	      0.00598205	    125.52099984	   -239.27295243	   -204.34964676	     18.23813266	      0.00000000	      0.00000000	      0.00000000	      0.00000000	   -105.55193005	    116.11756217	    150.32239756	      0.00000000	      0.00000000	      0.00000000	      0.00000000	      0.00000000	     48.71720099	     -0.90393609	    -11.55925231	    -18.87676948	    -14.89690267	     -4.98473282	      0.00000000	     19.33796499	     17.77689560	      0.00000000	     46.02756768	      5.14730530	     17.82295689	    -19.28457453	    -11.80278684	     -4.98473282	      0.00000000	     25.38790536	     14.11633803	      0.00000000
      7.20000000	    102.21563744	      5.08756191	   -180.27687920	      0.16661683	     -0.37998682	     -0.47046500	     22.67307375	     -0.34873681	     -1.53191977	      6.56748536	     -1.35541743	      1.99846380	      0.02917207	     -0.02951576	      0.01601250	      0.00000000	      0.00000000	      0.00000000	      0.01008231	     -0.04960236	     -0.01116691	      0.00000000	      0.00000000	      0.00000000	      0.01765970	     -0.04183412	      0.00373803	    125.71065571	   -239.97918631	   -206.31096768	     17.38695249	      0.00000000	      0.00000000	      0.00000000	      0.00000000	   -106.63847204	    115.53292468	    156.98543377	      0.00000000	      0.00000000	      0.00000000	      0.00000000	      0.00000000	     46.23349442	     -0.82053060	    -14.41767312	    -18.30882402	    -13.90699737	     -4.98473282	      0.00000000	     19.39753890	     17.16369218	      0.00000000	     44.34162648	      5.16368640	     19.26557850	    -19.94380621	    -10.21058719	     -4.98473282	      0.00000000	     25.80212915	     11.80062492	      0.00000000
      7.23333333	    101.94077423	      5.30811061	   -180.56415052	      0.16569932	     -0.38038195	     -0.47085985	     22.26443513	      0.02456301	     -1.45943664	      8.69552276	     -1.31007083	      1.88290921	      0.02990975	     -0.02993232	      0.01675485	      0.00000000	      0.00000000	      0.00000000	      0.00846581	     -0.05215138	     -0.01014303	      0.00000000	      0.00000000	      0.00000000	      0.01786285	     -0.04341126	      0.00332090	    124.30093264	   -241.76278870	   -207.14074798	     14.19911020	      0.00000000	      0.00000000	      0.00000000	      0.00000000	   -106.76081828	    115.41233740	    162.28275916	      0.00000000	      0.00000000	      0.00000000	      0.00000000	      0.00000000	     45.91736096	     -0.32868107	    -14.73666673	    -18.47932552	    -12.60835431	     -4.98473282	      0.00000000	     19.67434068	     16.33409359	      0.00000000	     44.25888337	      4.70565230	     19.08136551	    -20.35904719	     -9.17100418	     -4.98473282	      0.00000000	     27.04108576	     12.83216569	      0.00000000
      7.26666667	    102.53161058	      5.93235539	   -181.01396636	      0.16477248	     -0.38022892	     -0.47155321	     22.79775915	      0.95827899	     -1.74329173	     11.11767977	     -0.81321398	      1.80515817	      0.03200164	     -0.03058999	      0.01496658	      0.00000000	      0.00000000	      0.00000000	      0.00703221	     -0.05522052	     -0.00986191	      0.00000000	      0.00000000	      0.00000000	      0.01653085	     -0.04565569	      0.00259480	    121.91321425	   -243.81526235	   -206.04668361	     10.33802723	      0.00000000	      0.00000000	      0.00000000	      0.00000000	   -106.68518176	    115.75060046	    164.45962263	      0.00000000	      0.00000000	      0.00000000	      0.00000000	      0.00000000	     46.57543892	      0.52266885	    -14.50804590	    -18.47481193	    -12.17906998	     -4.98473282	      0.00000000	     19.90523398	     17.28440678	      0.00000000	     45.07346313	      3.84935736	     18.54611039	    -20.53603667	     -9.35011286	     -4.98473282	      0.00000000	     28.20594018	     14.65822782	      0.00000000
      7.30000000	    103.90747302	      6.15228409	   -181.81315564	      0.16467079	     -0.37988603	     -0.47298956	     24.23468968	      1.41516495	     -1.69080905	     13.19462817	      0.14192851	      1.91696503	      0.03353783	     -0.03008327	      0.01398229	      0.00000000	      0.00000000	      0.00000000	      0.00505605	     -0.05858933	     -0.00779148	      0.00000000	      0.00000000	      0.00000000	      0.01398488	     -0.04546101	      0.00164535	    119.19667934	   -245.64860805	   -199.59503582	      6.21832548	      0.00000000	      0.00000000	      0.00000000	      0.00000000	   -106.77802095	    116.18644987	    164.25037456	      0.00000000	      0.00000000	      0.00000000	      0.00000000	      0.00000000	     48.45701262	      1.24720983	    -13.27355491	    -18.73236743	    -14.89690267	     -4.98473282	      0.00000000	     20.45613274	     21.55504523	      0.00000000	     46.63827623	      3.06341202	     17.21648329	    -20.58556845	    -10.64037452	     -4.98473282	      0.00000000	     29.22807533	     16.37495467	      0.00000000
      7.33333333	    105.09823635	      6.13557165	   -182.13739310	      0.16484847	     -0.38034345	     -0.47424590	     25.70130366	      1.39759426	     -2.07659894	     14.95763734	      1.28350640	      2.21863285	      0.03552995	     -0.02893133	      0.01325377	      0.00000000	      0.00000000	      0.00000000	      0.00727203	     -0.05442324	     -0.00910655	      0.00000000	      0.00000000	      0.00000000	      0.01149224	     -0.04320103	      0.00087702	    121.24941001	   -244.90554637	   -195.41120319	      7.53279567	      0.00000000	      0.00000000	      0.00000000	      0.00000000	   -107.25588423	    116.81280431	    163.72803565	      0.00000000	      0.00000000	      0.00000000	      0.00000000	      0.00000000	     49.95864717	      1.31787191	    -13.22944581	    -19.13334237	    -14.89690267	     -4.98473282	      0.00000000	     20.66076200	     22.40818131	      0.00000000	     47.78977213	      2.84152804	     16.26087471	    -20.34974596	    -11.54854418	     -4.98473282	      0.00000000	     29.34397594	     15.82142017	      0.00000000
      7.36666667	    106.65400181	      6.32814992	   -182.19653944	      0.16597434	     -0.38060963	     -0.47615199	     27.65229295	      1.38271772	     -2.80347519	     16.16041300	      2.41500740	      2.69728610	      0.03639909	     -0.02621990	      0.01302346	      0.00000000	      0.00000000	      0.00000000	      0.01092643	     -0.04776781	     -0.01124922	      0.00000000	      0.00000000	      0.00000000	      0.00947370	     -0.03812915	     -0.00007194	    124.56607589	   -243.40433731	   -194.13857796	     10.46314904	      0.00000000	      0.00000000	      0.00000000	      0.00000000	   -108.06669811	    117.28680288	    164.69298370	      0.00000000	      0.00000000	      0.00000000	      0.00000000	      0.00000000	     51.85774971	      1.71848799	    -11.86958004	    -19.85714914	    -14.89690267	     -4.98473282	      0.00000000	     19.88540494	     19.05323618	      0.00000000	     49.54698457	      2.61387665	     16.00572481	    -20.54995878	    -11.79905362	     -4.98473282	      0.00000000	     29.37818954	     15.18554796	      0.00000000
      7.40000000	    108.31554410	      6.33118864	   -182.14710963	      0.16753224	     -0.38046191	     -0.47829272	     29.73545592	      0.97831817	     -3.18926734	     16.88895872	      3.30014409	      3.23201208	      0.03613889	     -0.02283687	      0.01477629	      0.00000000	      0.00000000	      0.00000000	      0.01335127	     -0.04254507	     -0.01233052	      0.00000000	      0.00000000	      0.00000000	      0.00943983	     -0.03331227	      0.00035443	    127.21672734	   -242.21985564	   -194.86218028	     12.42402802	      0.00000000	      0.00000000	      0.00000000	      0.00000000	   -108.44516974	    117.41289650	    166.28877594	      0.00000000	      0.00000000	      0.00000000	      0.00000000	      0.00000000	     54.01528245	      2.00413148	    -10.08559776	    -20.91624161	    -14.89690267	     -4.98473282	      0.00000000	     18.48428968	     14.38022827	      0.00000000	     51.36468632	      2.47702315	     15.76821400	    -20.59316309	    -11.89374817	     -4.98473282	      0.00000000	     29.36901305	     14.94142682	      0.00000000
      7.43333333	    109.35087285	      6.26173729	   -182.18197454	      0.16904482	     -0.38040178	     -0.47967756	     31.09575236	      0.67816782	     -3.31290062	     17.20729215	      3.67447529	      3.60303315	      0.03489945	     -0.01961133	      0.01666244	      0.00000000	      0.00000000	      0.00000000	      0.01399389	     -0.03972992	     -0.01160482	      0.00000000	      0.00000000	      0.00000000	      0.01020329	     -0.03264127	      0.00108965	    128.59161019	   -242.06149055	   -195.38105098	     12.75130479	      0.00000000	      0.00000000	      0.00000000	      0.00000000	   -107.91598542	    117.60297642	    166.22170122	      0.00000000	      0.00000000	      0.00000000	      0.00000000	      0.00000000	     55.39207014	      2.13640345	     -9.22431769	    -21.61999352	    -14.76930642	     -4.98473282	      0.00000000	     17.48158290	     11.29683549	      0.00000000	     52.44182294	      2.27006980	     14.74706849	    -20.43669378	    -12.18558918	     -4.98473282	      0.00000000	     29.43390136	     14.39545224	      0.00000000
      7.46666667	    109.64646132	      5.87198514	   -182.18175507	      0.17017577	     -0.38065052	     -0.47991970	     31.60046086	      0.15734817	     -3.15392297	     17.49783557	      3.63530254	      3.75930946	      0.03374582	     -0.01716593	      0.01893626	      0.00000000	      0.00000000	      0.00000000	      0.01323027	     -0.03853450	     -0.00790396	      0.00000000	      0.00000000	      0.00000000	      0.01067520	     -0.03515920	      0.00098771	    129.60138918	   -242.51095324	   -195.21201277	     12.41014620	      0.00000000	      0.00000000	      0.00000000	      0.00000000	   -106.98897998	    117.76189319	    163.81105034	      0.00000000	      0.00000000	      0.00000000	      0.00000000	      0.00000000	     55.87863169	      1.78183156	     -9.16708436	    -21.94494018	    -14.49927382	     -4.98473282	      0.00000000	     17.59009686	     10.90309948	      0.00000000	     52.56896606	      2.36023632	     13.22519934	    -19.97810937	    -12.03288098	     -4.98473282	      0.00000000	     29.24437659	     12.59489386	      0.00000000
      7.50000000	    109.76826602	      5.17499219	   -182.15404740	      0.17050227	     -0.38124373	     -0.47935502	     31.87128353	     -0.61207437	     -2.59488538	     17.60494320	      3.66675762	      3.61885510	      0.03241040	     -0.01563621	      0.02077595	      0.00000000	      0.00000000	      0.00000000	      0.01135022	     -0.03903875	     -0.00532590	      0.00000000	      0.00000000	      0.00000000	      0.01134545	     -0.03673693	      0.00115924	    129.38784345	   -242.67725738	   -193.97866109	     11.77102808	      0.00000000	      0.00000000	      0.00000000	      0.00000000	   -106.55846772	    117.73859182	    160.15081838	      0.00000000	      0.00000000	      0.00000000	      0.00000000	      0.00000000	     56.12475119	      1.10976994	     -9.01976341	    -22.08448387	    -13.80903129	     -4.98473282	      0.00000000	     18.39879420	     11.67736336	      0.00000000	     52.45667162	      2.83783992	     11.86029229	    -19.74659500	     -9.82220996	     -4.98473282	      0.00000000	     28.35270321	      8.39610260	      0.00000000
      7.53333333	    110.50841135	      4.08343980	   -182.28227072	      0.16983243	     -0.38127830	     -0.47750204	     32.76187216	     -1.42169299	     -1.76473091	     17.82388546	      3.47415338	      3.11351276	      0.03205410	     -0.01505563	      0.02086076	      0.00000000	      0.00000000	      0.00000000	      0.00985864	     -0.04135140	     -0.00722689	      0.00000000	      0.00000000	      0.00000000	      0.01195009	     -0.03422026	      0.00285464	    127.58493683	   -242.89290059	   -191.37667960	      9.78714880	      0.00000000	      0.00000000	      0.00000000	      0.00000000	   -107.51602647	    117.69411145	    160.56065739	      0.00000000	      0.00000000	      0.00000000	      0.00000000	      0.00000000	     57.40108006	      0.20092208	     -8.07334520	    -22.94821484	    -10.48539466	     -4.98473282	      0.00000000	     17.86074880	      9.34744626	      0.00000000	     53.16294331	      3.76771931	     11.08472318	    -20.23125425	     -7.26196643	     -4.98473282	      0.00000000	     26.60717609	      3.74299476	      0.00000000
      7.56666667	    111.91416851	      2.76790770	   -182.41181673	      0.16862366	     -0.38108641	     -0.47540987	     34.42899689	     -2.51794818	     -0.97906981	     18.13351097	      3.32932838	      2.55396208	      0.03304746	     -0.01489576	      0.02218976	      0.00000000	      0.00000000	      0.00000000	      0.00944139	     -0.04678963	     -0.01059490	      0.00000000	      0.00000000	      0.00000000	      0.01288865	     -0.02386865	      0.00717729	    125.25528291	   -243.46162404	   -186.80881697	      6.58367512	      0.00000000	      0.00000000	      0.00000000	      0.00000000	   -110.42902685	    117.78511613	    165.80935409	      0.00000000	      0.00000000	      0.00000000	      0.00000000	      0.00000000	     59.64998143	     -0.94340930	     -7.40144997	    -24.38177928	     -3.98586593	     -4.98473282	      0.00000000	     16.33326212	      3.02358350	      0.00000000	     54.89087265	      4.94713859	     10.63817189	    -21.71029796	     -4.24771919	     -4.98473282	      0.00000000	     24.90294203	     -0.86741946	      0.00000000
