Coordinates
version=1
nRows=274
nColumns=64
inDegrees=yes

Units are S.I. units (second, meters, Newtons, ...)
If the header above contains a line with 'inDegrees', this indicates whether rotational values are in degrees (yes) or radians (no).

endheader
time	pelvic_tilt	pelvic_list	pelvic_rotation	pelvic_tx	pelvic_ty	pelvic_tz	lumbar_extension	lumbar_bending	lumbar_rotation	neck_flex	neck_tilt	neck_rot	neck_tx1	neck_ty1	neck_tz1	SternumRRotZ	SternumRRotX	SternumRRotY	SternumRX	SternumRY	SternumRZ	SternumLRotZ	SternumLRotX	SternumLRotY	SternumLX	SternumLY	SternumLZ	shoulder_add_r	shoulder_flex_r	shoulder_rot_r	elbow_flexion_r	elbow_varus_valg_r	pro_sup_r	wrist_dev_r	wrist_flex_r	shoulder_add_l	shoulder_flex_l	shoulder_rot_l	elbow_flexion_l	elbow_varus_valg_l	pro_sup_l	wrist_dev_l	wrist_flex_l	hip_flexion_r	hip_adduction_r	hip_rotation_r	knee_angle_r	knee_rotation_r	knee_adduction_r	knee_tz_r	ankle_angle_r	subtalar_angle_r	mtp_angle_r	hip_flexion_l	hip_adduction_l	hip_rotation_l	knee_angle_l	knee_rotation_l	knee_adduction_l	knee_tz_l	ankle_angle_l	subtalar_angle_l	mtp_angle_l
      0.03333333	     90.05280886	      6.35282878	   -178.13987765	     -0.53460166	     -0.42040827	     -0.45961040	      1.55080638	      0.75287585	    -11.93612551	     27.41379634	     10.34133454	      2.19018169	     -0.02344142	     -0.01847819	      0.03254411	      0.00000000	      0.00000000	      0.00000000	      0.02362537	     -0.00783687	      0.02408565	      0.00000000	      0.00000000	      0.00000000	     -0.03224062	     -0.01440966	     -0.02119427	    -17.34077928	   -273.99211448	     32.05025361	      0.00000000	      0.00000000	      0.00000000	      0.00000000	      0.00000000	    -67.02805277	    108.59843717	    -22.93895470	      0.00000000	      0.00000000	      0.00000000	      0.00000000	      0.00000000	     35.00942388	      6.62343681	     -6.01058663	    -16.39295367	    -13.71566664	     -4.98473282	      0.00000000	     31.23777974	     24.98095987	      0.00000000	     30.36548790	     -2.91916127	    -24.95639108	     -8.10577302	     12.25808952	     -4.98471538	      0.00000000	     41.28492081	     20.21704032	      0.00000000
      0.06666667	    102.33892934	      3.89356257	   -179.37693465	     -0.53232077	     -0.41397715	     -0.45407248	     16.95204926	     -1.09782475	     -4.99970079	     27.04928679	      6.14535434	     -2.32117206	     -0.00955017	     -0.02191901	      0.02575549	      0.00000000	      0.00000000	      0.00000000	      0.01306053	     -0.01061960	      0.00342023	      0.00000000	      0.00000000	      0.00000000	     -0.00892606	     -0.01291809	     -0.02475166	    -60.82014253	   -285.63724355	      5.99761456	      3.94529607	      0.00000000	      0.00000000	      0.00000000	      0.00000000	    -75.43885975	    101.55738303	    -40.99212448	      0.00000000	      0.00000000	      0.00000000	      0.00000000	      0.00000000	     47.87088951	      4.12606230	     -5.37781545	    -17.09045893	     -9.44079918	     -4.98473282	      0.00000000	     32.12632474	     24.98095987	      0.00000000	     43.16036762	     -0.55225043	    -16.39888384	     -8.82160704	      3.37532247	     -2.41891035	      0.00000000	     40.56849765	     18.84811050	      0.00000000
      0.10000000	    104.06807520	      4.67948377	   -178.16038039	     -0.53367725	     -0.41288034	     -0.44805555	     20.55312687	      0.49057199	     -5.12256683	     25.95426714	      4.15197407	     -1.66497952	      0.00051160	     -0.02703567	      0.02405854	      0.00000000	      0.00000000	      0.00000000	      0.01895322	     -0.01211351	     -0.00753829	      0.00000000	      0.00000000	      0.00000000	      0.00677130	      0.00356386	      0.00467368	    -62.46309167	   -290.66927918	      7.75854152	      7.50882187	      0.00000000	      0.00000000	      0.00000000	      0.00000000	   -103.46956205	    110.36537420	   -199.42694487	      0.00000000	      0.00000000	      0.00000000	      0.00000000	      0.00000000	     48.37780292	      3.04242766	     -9.83509745	    -15.37860453	     -5.60841462	     -4.98473282	      0.00000000	     32.35462472	     24.98095987	      0.00000000	     44.92912380	      0.03559763	     -9.08579503	     -9.00863632	     -0.59763208	     -0.70378760	      0.00000000	     40.52469838	     16.99754350	      0.00000000
      0.13333333	    107.44207023	      5.31915979	   -178.00560965	     -0.53327027	     -0.41152158	     -0.44505615	     25.43021874	      1.36406290	     -4.35775961	     25.61755275	      3.66316798	     -1.35689924	      0.00736062	     -0.02887060	      0.02375357	      0.00000000	      0.00000000	      0.00000000	      0.02093485	     -0.01246424	     -0.00975780	      0.00000000	      0.00000000	      0.00000000	      0.01386999	      0.00652701	     -0.00210285	    -62.91168949	   -292.84843282	      9.41092800	      7.41353212	      0.00000000	      0.00000000	      0.00000000	      0.00000000	   -113.19673340	    108.48918976	   -200.17755920	      0.00000000	      0.00000000	      0.00000000	      0.00000000	      0.00000000	     51.72125141	      2.85176589	    -10.73586564	    -15.01407674	     -6.78272976	     -4.98473282	      0.00000000	     32.46354230	     24.98095987	      0.00000000	     48.75645611	      0.16036877	     -4.11041416	     -9.36415280	     -1.82136047	      0.11387532	      0.00000000	     39.49514568	     13.66040713	      0.00000000
      0.16666667	    110.38752408	      6.39118242	   -178.01973761	     -0.53239283	     -0.41059660	     -0.44363189	     29.19016448	      2.27832457	     -4.90935583	     26.50907537	      5.01337170	     -0.54999344	      0.01150172	     -0.02882831	      0.02344685	      0.00000000	      0.00000000	      0.00000000	      0.01998442	     -0.01286183	     -0.00265602	      0.00000000	      0.00000000	      0.00000000	      0.01508380	      0.00724328	     -0.00634021	    -60.83955081	   -290.98392306	     10.87918039	      4.13773700	      0.00000000	      0.00000000	      0.00000000	      0.00000000	   -117.91558424	    107.85582204	   -200.09729008	      0.00000000	      0.00000000	      0.00000000	      0.00000000	      0.00000000	     54.95418135	      3.05322741	    -11.63288887	    -15.04677362	     -8.74149682	     -4.98473282	      0.00000000	     33.66638919	     24.98095987	      0.00000000	     52.45173020	      0.15382619	     -4.17004254	    -10.10606711	     -0.68708603	     -1.04028949	      0.00000000	     38.80754853	     14.16491998	      0.00000000
      0.20000000	    112.13912964	      6.64349305	   -177.92107500	     -0.53124740	     -0.41084200	     -0.44394950	     31.39542190	      1.91188634	     -4.66821515	     27.70210827	      6.38944189	     -0.78351630	      0.01343520	     -0.02770131	      0.02431218	      0.00000000	      0.00000000	      0.00000000	      0.01686370	     -0.01334180	      0.00371339	      0.00000000	      0.00000000	      0.00000000	      0.01679879	      0.00812219	     -0.00539601	    -59.93940422	   -290.43081049	     13.00699107	      2.36754486	      0.00000000	      0.00000000	      0.00000000	      0.00000000	   -120.52490848	    107.26182829	   -198.92338378	      0.00000000	      0.00000000	      0.00000000	      0.00000000	      0.00000000	     57.06247633	      2.84987636	    -11.92202681	    -15.43462107	    -10.18342343	     -4.98473282	      0.00000000	     36.21736408	     24.98095987	      0.00000000	     54.85453690	      0.46207297	     -4.31321585	    -11.31453749	     -0.29424072	     -1.88520898	      0.00000000	     39.22139447	     14.90447083	      0.00000000
      0.23333333	    112.42589226	      6.62185850	   -178.14092432	     -0.53046925	     -0.41181298	     -0.44479238	     31.81691785	      1.60060228	     -3.95611964	     28.07833158	      6.57354915	     -1.08479757	      0.01125297	     -0.02700373	      0.02713696	      0.00000000	      0.00000000	      0.00000000	      0.01325340	     -0.01446136	      0.00877264	      0.00000000	      0.00000000	      0.00000000	      0.01752508	      0.00734342	     -0.00199973	    -59.53640415	   -290.38575419	     13.52616126	      2.05092405	      0.00000000	      0.00000000	      0.00000000	      0.00000000	   -120.25924672	    106.92154074	   -198.39936917	      0.00000000	      0.00000000	      0.00000000	      0.00000000	      0.00000000	     57.44540589	      3.04190703	    -11.88628695	    -15.70974111	     -9.77979281	     -4.98473282	      0.00000000	     37.07656176	     24.98095987	      0.00000000	     55.40466992	      0.33342771	     -4.32010145	    -12.23002080	     -0.56893600	     -2.16433772	      0.00000000	     40.27661225	     14.81362075	      0.00000000
      0.26666667	    112.94174295	      6.15617204	   -178.37209024	     -0.52966685	     -0.41228649	     -0.44507983	     32.31962551	      1.14828996	     -3.40091294	     29.51785896	      7.02728485	     -1.75535019	      0.01078734	     -0.02577394	      0.02618235	      0.00000000	      0.00000000	      0.00000000	      0.01001576	     -0.01571477	      0.01201885	      0.00000000	      0.00000000	      0.00000000	      0.01645898	      0.00675617	      0.00052397	    -59.40799477	   -289.92008095	     14.38433266	      1.64147998	      0.00000000	      0.00000000	      0.00000000	      0.00000000	   -119.04402406	    106.91553065	   -197.85098467	      0.00000000	      0.00000000	      0.00000000	      0.00000000	      0.00000000	     58.10291089	      2.93106012	    -11.75239118	    -16.18976674	     -8.24388543	     -4.98473282	      0.00000000	     35.84671538	     24.98095987	      0.00000000	     55.88453460	      0.63885804	     -4.40292160	    -12.39256304	     -1.81018015	     -2.33142360	      0.00000000	     39.95059133	     14.17630052	      0.00000000
      0.30000000	    113.16753269	      5.48498514	   -178.30023105	     -0.52869657	     -0.41218548	     -0.44516218	     32.43038563	      0.53703944	     -3.39109060	     30.55987732	      6.97574999	     -1.80138725	      0.00963252	     -0.02460727	      0.02547170	      0.00000000	      0.00000000	      0.00000000	      0.00923092	     -0.01587199	      0.01151022	      0.00000000	      0.00000000	      0.00000000	      0.01479524	      0.00726664	      0.00205603	    -59.72274628	   -289.72576650	     15.51950231	      1.88695889	      0.00000000	      0.00000000	      0.00000000	      0.00000000	   -117.36754813	    107.41764891	   -198.45228986	      0.00000000	      0.00000000	      0.00000000	      0.00000000	      0.00000000	     58.58763282	      2.43387983	    -11.54094200	    -16.89037577	     -6.78419183	     -4.98473282	      0.00000000	     34.44056179	     24.98095987	      0.00000000	     55.99490567	      1.21993601	     -3.84322300	    -12.19004501	     -3.17901444	     -2.04274071	      0.00000000	     39.40961699	     13.00590475	      0.00000000
      0.33333333	    113.11684848	      4.94373431	   -178.15095457	     -0.52777576	     -0.41150392	     -0.44482088	     32.25732906	      0.36004006	     -3.65999945	     31.72991812	      6.15953336	     -0.89367898	      0.01001800	     -0.02365729	      0.02497240	      0.00000000	      0.00000000	      0.00000000	      0.01042592	     -0.01424122	      0.00723496	      0.00000000	      0.00000000	      0.00000000	      0.01354722	      0.00651693	      0.00302506	    -60.75354077	   -289.92972061	     17.27288979	      2.56457079	      0.00000000	      0.00000000	      0.00000000	      0.00000000	   -114.58739811	    108.42783948	   -203.11866384	      0.00000000	      0.00000000	      0.00000000	      0.00000000	      0.00000000	     58.92905450	      1.95647617	    -11.11523921	    -17.74773449	     -6.31207035	     -4.98473282	      0.00000000	     34.09184786	     24.98095987	      0.00000000	     55.80626105	      1.63878996	     -2.48856184	    -11.89581676	     -3.85644793	     -1.33301793	      0.00000000	     38.52149625	     10.89602269	      0.00000000
      0.36666667	    113.08301559	      5.07031959	   -178.18278018	     -0.52730495	     -0.41106724	     -0.44486141	     32.29375257	      0.94773827	     -4.03665700	     31.92631750	      6.05322318	     -1.01505820	      0.00930377	     -0.02292474	      0.02107826	      0.00000000	      0.00000000	      0.00000000	      0.01214394	     -0.01296817	      0.00438376	      0.00000000	      0.00000000	      0.00000000	      0.01268615	      0.00595553	     -0.00043036	    -60.71198284	   -289.72162150	     17.23951664	      2.72941306	      0.00000000	      0.00000000	      0.00000000	      0.00000000	   -114.51280840	    108.70852448	   -203.64126341	      0.00000000	      0.00000000	      0.00000000	      0.00000000	      0.00000000	     58.96652516	      2.12745536	    -10.87418163	    -17.98731756	     -6.24475766	     -4.98473282	      0.00000000	     34.39332593	     24.98095987	      0.00000000	     55.60525546	      1.42796832	     -2.77794385	    -11.52731429	     -3.83216780	     -1.13808179	      0.00000000	     37.91661097	     10.82694793	      0.00000000
      0.40000000	    111.42921593	      4.65361937	   -178.35054238	     -0.52737840	     -0.41150725	     -0.44573359	     30.51671537	      0.79230436	     -4.24264699	     31.96597507	      6.55516604	     -0.11156184	      0.00848396	     -0.02335339	      0.02037714	      0.00000000	      0.00000000	      0.00000000	      0.01501474	     -0.01243972	      0.00460696	      0.00000000	      0.00000000	      0.00000000	      0.01204754	     -0.00267596	      0.00491520	    -58.07666443	   -289.03199107	     13.03474031	      3.56252766	      0.00000000	      0.00000000	      0.00000000	      0.00000000	   -104.43172248	    110.46318219	   -224.60056324	      0.00000000	      0.00000000	      0.00000000	      0.00000000	      0.00000000	     57.20180083	      2.48367594	     -9.28973093	    -17.99756134	     -7.14118936	     -4.98473282	      0.00000000	     35.11723317	     24.98095987	      0.00000000	     53.57431298	      1.08165326	     -5.91471719	    -11.42167258	      3.46756792	     -1.30153471	      0.00000000	     36.82648837	      5.71435279	      0.00000000
      0.43333333	    111.38562204	      4.74254262	   -178.81035384	     -0.52700758	     -0.41170780	     -0.44697932	     30.58371460	      1.06333617	     -3.50553171	     32.91092115	      6.22469277	     -1.13431678	      0.01069390	     -0.02237194	      0.01949737	      0.00000000	      0.00000000	      0.00000000	      0.01523251	     -0.01062086	      0.00225154	      0.00000000	      0.00000000	      0.00000000	      0.01368606	     -0.00318074	      0.00418799	    -58.58677129	   -289.99346603	     13.57589687	      4.02028864	      0.00000000	      0.00000000	      0.00000000	      0.00000000	   -104.37113009	    110.06478233	   -225.27563716	      0.00000000	      0.00000000	      0.00000000	      0.00000000	      0.00000000	     57.27565650	      2.96909582	     -9.57733419	    -18.40317136	     -6.28486893	     -4.98473282	      0.00000000	     34.72955936	     24.98095987	      0.00000000	     53.48669167	      0.12153099	     -5.51563333	    -11.60793116	      3.33526546	     -0.42654131	      0.00000000	     36.85457817	      5.54726837	      0.00000000
      0.46666667	    110.96556878	      4.95622016	   -179.01057483	     -0.52690919	     -0.41236729	     -0.44804195	     30.20460588	      1.24270080	     -3.28136429	     32.77118715	      6.76271039	     -1.89274413	      0.00994772	     -0.02159858	      0.01797240	      0.00000000	      0.00000000	      0.00000000	      0.01530908	     -0.01036655	      0.00050588	      0.00000000	      0.00000000	      0.00000000	      0.01459407	     -0.00260400	      0.00394995	    -59.27490478	   -290.70488423	     14.10799272	      4.57929135	      0.00000000	      0.00000000	      0.00000000	      0.00000000	   -104.71693017	    109.91461959	   -226.21650491	      0.00000000	      0.00000000	      0.00000000	      0.00000000	      0.00000000	     56.86209602	      3.33653125	     -9.64084494	    -18.65253806	     -5.71480218	     -4.98473282	      0.00000000	     34.38230831	     24.98095987	      0.00000000	     53.15144808	     -0.48662485	     -5.19620648	    -11.96393399	      3.66431687	     -0.14171255	      0.00000000	     37.40476828	      5.50784552	      0.00000000
      0.50000000	    110.40609654	      5.10869050	   -179.09339969	     -0.52731631	     -0.41319274	     -0.44870465	     29.61195602	      1.37720605	     -2.81614127	     32.94499591	      7.10019421	     -3.25126547	      0.00956540	     -0.02074014	      0.01549269	      0.00000000	      0.00000000	      0.00000000	      0.01429420	     -0.01019450	     -0.00307209	      0.00000000	      0.00000000	      0.00000000	      0.01565115	     -0.00222312	      0.00457510	    -61.23039331	   -292.02056740	     15.67554972	      5.27341240	      0.00000000	      0.00000000	      0.00000000	      0.00000000	   -105.02958802	    109.65508731	   -228.18788767	      0.00000000	      0.00000000	      0.00000000	      0.00000000	      0.00000000	     56.17841598	      3.53121759	    -10.12634877	    -18.53742854	     -5.38709380	     -4.98473282	      0.00000000	     34.59060374	     24.98095987	      0.00000000	     52.57189789	     -0.82440834	     -4.87424432	    -11.98713577	      4.24274456	     -0.03173039	      0.00000000	     37.86100574	      5.34050667	      0.00000000
      0.53333333	    110.30994544	      5.12536595	   -179.26015347	     -0.52813274	     -0.41365996	     -0.44872593	     29.42532177	      1.44394578	     -2.15845947	     33.28727120	      6.96783270	     -3.70744451	      0.00953267	     -0.01998916	      0.01534461	      0.00000000	      0.00000000	      0.00000000	      0.01236196	     -0.01188233	     -0.00561457	      0.00000000	      0.00000000	      0.00000000	      0.01567696	     -0.00633519	      0.00599735	    -64.16349180	   -292.89848302	     19.56134267	      5.21268997	      0.00000000	      0.00000000	      0.00000000	      0.00000000	   -101.83557413	    109.20602873	   -235.18097360	      0.00000000	      0.00000000	      0.00000000	      0.00000000	      0.00000000	     55.93120324	      3.64574640	    -10.45324014	    -18.26947981	     -4.85044177	     -4.98473282	      0.00000000	     34.68361779	     24.98095987	      0.00000000	     52.37912090	     -0.79352782	     -4.60926633	    -11.82831638	      5.25611343	     -0.42831678	      0.00000000	     37.62509622	      4.60084137	      0.00000000
      0.56666667	    110.44056854	      5.20444679	   -179.14123629	     -0.52898435	     -0.41423000	     -0.44837770	     29.64066020	      1.39953582	     -2.04923507	     32.77610743	      6.63953524	     -3.84682318	      0.00928965	     -0.01908625	      0.01660127	      0.00000000	      0.00000000	      0.00000000	      0.01171066	     -0.01211996	     -0.00440983	      0.00000000	      0.00000000	      0.00000000	      0.01564019	     -0.00796315	      0.00702529	    -63.79364329	   -293.01355310	     19.40573638	      4.94078911	      0.00000000	      0.00000000	      0.00000000	      0.00000000	   -101.45140028	    108.92994554	   -235.53461114	      0.00000000	      0.00000000	      0.00000000	      0.00000000	      0.00000000	     55.98081741	      3.60525695	    -10.44603581	    -18.13106475	     -5.14824184	     -4.98473282	      0.00000000	     35.38267363	     24.98095987	      0.00000000	     52.40162846	     -0.51291001	     -4.04790174	    -11.71099834	      5.76193233	     -0.90918211	      0.00000000	     37.66210090	      5.04654114	      0.00000000
      0.60000000	    110.66063993	      5.49758942	   -178.95090216	     -0.53005482	     -0.41448574	     -0.44774179	     29.91662642	      1.57145737	     -2.23173013	     31.41899312	      5.62036488	     -3.60358362	      0.00739607	     -0.01880487	      0.01997531	      0.00000000	      0.00000000	      0.00000000	      0.01089104	     -0.01313128	     -0.00039333	      0.00000000	      0.00000000	      0.00000000	      0.01530399	     -0.00856602	      0.00795234	    -63.04128027	   -292.32230175	     18.12484490	      4.12124323	      0.00000000	      0.00000000	      0.00000000	      0.00000000	   -101.50685064	    108.74019785	   -237.27134928	      0.00000000	      0.00000000	      0.00000000	      0.00000000	      0.00000000	     56.04847137	      3.62761808	    -10.33295222	    -17.67942208	     -6.66205910	     -4.98473282	      0.00000000	     36.09383177	     24.98095987	      0.00000000	     52.76351826	     -0.30397216	     -3.73519058	    -12.13055867	      5.79364095	     -1.43909895	      0.00000000	     37.85785102	      5.94524975	      0.00000000
      0.63333333	    110.81055057	      5.82635622	   -179.13473930	     -0.53149020	     -0.41508217	     -0.44674816	     30.28736513	      2.07026747	     -2.26506594	     30.04953300	      4.94173900	     -2.22881165	      0.00714883	     -0.01878903	      0.02328901	      0.00000000	      0.00000000	      0.00000000	      0.01129704	     -0.01313919	      0.00288901	      0.00000000	      0.00000000	      0.00000000	      0.01578930	     -0.00704862	      0.00881949	    -61.40225224	   -291.83785719	     15.77968225	      3.71773328	      0.00000000	      0.00000000	      0.00000000	      0.00000000	   -103.48194882	    108.89447074	   -240.04486806	      0.00000000	      0.00000000	      0.00000000	      0.00000000	      0.00000000	     55.94775066	      3.90920523	     -9.74644186	    -16.91084716	     -9.00138003	     -4.98473282	      0.00000000	     36.92691571	     24.98095987	      0.00000000	     52.97870909	     -0.48914461	     -3.59808691	    -12.32382986	      4.16623574	     -1.53542959	      0.00000000	     38.56892880	      6.98594914	      0.00000000
      0.66666667	    111.03918345	      6.16265736	   -179.15790844	     -0.53276809	     -0.41553469	     -0.44594648	     30.74679204	      2.46815354	     -2.30051044	     28.29043280	      4.38181576	     -1.51680267	      0.00606054	     -0.01844065	      0.02499777	      0.00000000	      0.00000000	      0.00000000	      0.01144899	     -0.01243281	      0.00531283	      0.00000000	      0.00000000	      0.00000000	      0.01719251	     -0.00434805	      0.00893685	    -60.07019657	   -291.79754055	     14.45996017	      3.67931303	      0.00000000	      0.00000000	      0.00000000	      0.00000000	   -106.28476042	    108.95180911	   -240.86774995	      0.00000000	      0.00000000	      0.00000000	      0.00000000	      0.00000000	     56.10128970	      3.91690028	     -9.77476957	    -16.47789017	    -10.47488146	     -4.98473282	      0.00000000	     37.87476976	     24.98095987	      0.00000000	     53.32104961	     -0.67490367	     -3.58146479	    -12.32180904	      2.32356645	     -1.25497641	      0.00000000	     39.06017533	      8.23766474	      0.00000000
      0.70000000	    110.91897371	      6.28452695	   -179.07849835	     -0.53406034	     -0.41670046	     -0.44618292	     30.80904768	      2.36971783	     -1.98500494	     25.95384983	      4.03855579	     -1.32774792	      0.00277186	     -0.01887500	      0.02664010	      0.00000000	      0.00000000	      0.00000000	      0.00999278	     -0.01222014	      0.00649604	      0.00000000	      0.00000000	      0.00000000	      0.01861108	     -0.00355031	      0.00990110	    -59.02331091	   -292.19742882	     14.57898286	      3.46888855	      0.00000000	      0.00000000	      0.00000000	      0.00000000	   -107.99450461	    108.70520794	   -239.71502090	      0.00000000	      0.00000000	      0.00000000	      0.00000000	      0.00000000	     55.82648616	      3.86502335	    -10.42476748	    -16.27101564	    -10.31597627	     -4.98473282	      0.00000000	     37.66720551	     24.98095987	      0.00000000	     53.23242447	     -0.96701783	     -3.64610983	    -12.26194144	      2.15483281	     -0.59686500	      0.00000000	     39.03143459	      8.97944244	      0.00000000
      0.73333333	    110.83176017	      6.38079495	   -178.70779175	     -0.53553157	     -0.41894693	     -0.44621895	     31.29703230	      2.17953733	     -1.96479318	     24.13470953	      3.56624656	     -1.11193849	      0.00332711	     -0.01902141	      0.02744201	      0.00000000	      0.00000000	      0.00000000	      0.00973603	     -0.01017136	      0.00811152	      0.00000000	      0.00000000	      0.00000000	      0.02145824	      0.00193537	      0.00726956	    -56.04611424	   -292.56286584	     16.38696104	      2.71172597	      0.00000000	      0.00000000	      0.00000000	      0.00000000	   -116.13450586	    108.47925327	   -231.26507167	      0.00000000	      0.00000000	      0.00000000	      0.00000000	      0.00000000	     55.53324806	      3.40330847	    -12.85520341	    -16.69800736	     -6.57886146	     -4.98473282	      0.00000000	     35.83481784	     24.98095987	      0.00000000	     53.18494834	     -0.84471813	     -4.42887828	    -12.35581821	      2.49717072	     -0.62824605	      0.00000000	     38.91475754	     10.94855049	      0.00000000
      0.76666667	    110.77176494	      6.35144100	   -178.92726540	     -0.53764004	     -0.42062198	     -0.44637998	     31.39290470	      2.39765486	     -1.56216624	     22.49182837	      3.06556312	     -1.76122477	      0.00097109	     -0.01946858	      0.02499409	      0.00000000	      0.00000000	      0.00000000	      0.00886495	     -0.00850035	      0.00576470	      0.00000000	      0.00000000	      0.00000000	      0.02146107	     -0.00119793	      0.00661731	    -55.18791452	   -293.25572412	     16.73637374	      2.85635489	      0.00000000	      0.00000000	      0.00000000	      0.00000000	   -116.52778492	    108.21818202	   -230.07604939	      0.00000000	      0.00000000	      0.00000000	      0.00000000	      0.00000000	     55.32050854	      3.67175221	    -12.37859024	    -17.22839495	     -4.47480824	     -4.98473282	      0.00000000	     32.42662380	     24.98095987	      0.00000000	     52.87157110	     -1.22562056	     -4.31983136	    -12.01337810	      2.72509164	     -0.21146646	      0.00000000	     38.60543105	     11.01531441	      0.00000000
      0.80000000	    110.95429696	      6.09710436	   -179.34051014	     -0.54062243	     -0.42246953	     -0.44642300	     31.83682439	      2.39051428	     -1.13098199	     20.73957585	      2.70276291	     -2.53256141	     -0.00089077	     -0.02007938	      0.02317738	      0.00000000	      0.00000000	      0.00000000	      0.00916860	     -0.00761744	      0.00462996	      0.00000000	      0.00000000	      0.00000000	      0.02140133	     -0.00177147	      0.00561501	    -53.72424028	   -293.88038448	     16.71725314	      3.21328577	      0.00000000	      0.00000000	      0.00000000	      0.00000000	   -118.45913219	    108.27435872	   -229.38463431	      0.00000000	      0.00000000	      0.00000000	      0.00000000	      0.00000000	     55.45336860	      3.51573427	    -12.94158371	    -18.06521699	     -0.96212153	     -4.98473282	      0.00000000	     30.39874431	     24.98095987	      0.00000000	     52.66973086	     -1.47351807	     -4.59469282	    -11.66412638	      3.30909024	     -0.09204617	      0.00000000	     38.75513411	     10.54340312	      0.00000000
      0.83333333	    111.65412109	      5.76044496	   -179.98290786	     -0.54475926	     -0.42404300	     -0.44528078	     32.79597401	      2.63336037	     -0.83836128	     19.35403488	      2.41179010	     -3.35612743	     -0.00173222	     -0.02084757	      0.02030802	      0.00000000	      0.00000000	      0.00000000	      0.01057156	     -0.00777305	      0.00319472	      0.00000000	      0.00000000	      0.00000000	      0.02035551	     -0.00314956	      0.00362856	    -52.49235923	   -294.46518618	     16.06442617	      4.21653814	      0.00000000	      0.00000000	      0.00000000	      0.00000000	   -120.05586773	    108.67826596	   -229.89657787	      0.00000000	      0.00000000	      0.00000000	      0.00000000	      0.00000000	     56.23383005	      3.12454558	    -13.87432685	    -18.84244554	      1.80623202	     -4.98473282	      0.00000000	     29.71219456	     24.98095987	      0.00000000	     53.06586683	     -1.55523770	     -4.76907957	    -11.56125004	      3.99448728	     -0.23998669	      0.00000000	     38.12724371	      9.70036230	      0.00000000
      0.86666667	    112.49664327	      5.49058256	   -180.55871127	     -0.54917812	     -0.42557712	     -0.44415917	     33.81113435	      2.73080288	     -0.82692762	     18.24955478	      2.35632483	     -4.16103690	     -0.00243836	     -0.02106704	      0.01866524	      0.00000000	      0.00000000	      0.00000000	      0.01151840	     -0.01106957	      0.00282323	      0.00000000	      0.00000000	      0.00000000	      0.01850088	     -0.00526171	      0.00272384	    -51.66666717	   -294.78889417	     15.54376526	      5.47900321	      0.00000000	      0.00000000	      0.00000000	      0.00000000	   -120.67065554	    109.30589392	   -230.13060792	      0.00000000	      0.00000000	      0.00000000	      0.00000000	      0.00000000	     57.20574060	      2.73513789	    -14.70480783	    -19.45495335	      3.73446206	     -4.98473282	      0.00000000	     29.64477798	     24.98095987	      0.00000000	     53.71450605	     -1.53884327	     -4.71982580	    -11.60088700	      4.66805552	     -0.58896634	      0.00000000	     36.82596745	      9.22295233	      0.00000000
      0.90000000	    112.65766769	      5.32386202	   -180.99999936	     -0.55380728	     -0.42769975	     -0.44285111	     33.95918313	      2.82998893	     -0.94535478	     17.68533123	      2.34549687	     -4.57400988	     -0.00281780	     -0.02128584	      0.01799866	      0.00000000	      0.00000000	      0.00000000	      0.01067386	     -0.01805920	      0.00406431	      0.00000000	      0.00000000	      0.00000000	      0.01576771	     -0.00818635	      0.00255613	    -51.41940061	   -294.44324650	     15.66959774	      6.37182875	      0.00000000	      0.00000000	      0.00000000	      0.00000000	   -120.83652276	    109.95544651	   -229.69067033	      0.00000000	      0.00000000	      0.00000000	      0.00000000	      0.00000000	     57.16070858	      2.68559223	    -14.82716793	    -19.31614243	      4.51735510	     -4.98473282	      0.00000000	     28.96485417	     24.98095987	      0.00000000	     53.62941658	     -1.51510390	     -4.56062516	    -11.59420866	      5.02256347	     -1.08915993	      0.00000000	     35.34555449	      9.59472907	      0.00000000
      0.93333333	    112.39624509	      5.15102134	   -181.22260584	     -0.55830334	     -0.43106302	     -0.44142320	     33.77860673	      2.68750783	     -1.49163632	     16.64799606	      2.69931938	     -4.65516868	     -0.00345036	     -0.02082119	      0.01778618	      0.00000000	      0.00000000	      0.00000000	      0.01129020	     -0.02448830	      0.00406765	      0.00000000	      0.00000000	      0.00000000	      0.01237071	     -0.00988502	      0.00331222	    -50.58803914	   -294.74961143	     16.11532348	      8.45006608	      0.00000000	      0.00000000	      0.00000000	      0.00000000	   -121.40937849	    110.99890366	   -227.15826005	      0.00000000	      0.00000000	      0.00000000	      0.00000000	      0.00000000	     56.40265177	      2.53679519	    -15.76368717	    -18.90837429	      5.85416801	     -4.98473282	      0.00000000	     28.33737858	     24.98095987	      0.00000000	     53.00210781	     -1.38966263	     -5.07086068	    -11.54593317	      5.94554433	     -1.70344642	      0.00000000	     34.27367170	     10.61223731	      0.00000000
      0.96666667	    111.55226919	      5.45706709	   -181.32658897	     -0.56301082	     -0.43508663	     -0.43960708	     32.82751139	      3.17031124	     -2.19358490	     16.16111555	      2.58965673	     -3.68083767	     -0.00418796	     -0.02076716	      0.01786256	      0.00000000	      0.00000000	      0.00000000	      0.01084949	     -0.02895032	      0.00421596	      0.00000000	      0.00000000	      0.00000000	      0.00805278	     -0.01097346	      0.00206412	    -49.77200851	   -295.26486651	     15.03691376	     10.90214994	      0.00000000	      0.00000000	      0.00000000	      0.00000000	   -122.36973357	    111.71434472	   -225.45028780	      0.00000000	      0.00000000	      0.00000000	      0.00000000	      0.00000000	     54.62317307	      2.86113405	    -16.20998247	    -17.75266369	      5.79790865	     -4.98473282	      0.00000000	     27.93479245	     24.98095987	      0.00000000	     51.74676556	     -1.49450269	     -5.55797076	    -11.50252105	      6.95870661	     -2.16821531	      0.00000000	     33.53696582	     11.44349047	      0.00000000
      1.00000000	    110.25211462	      5.92861975	   -181.27055008	     -0.56817995	     -0.44007702	     -0.43780620	     31.38028408	      3.83500309	     -2.70281304	     15.60122109	      2.34102126	     -2.11756596	     -0.00600590	     -0.02097203	      0.01793543	      0.00000000	      0.00000000	      0.00000000	      0.01065462	     -0.02870159	      0.00297259	      0.00000000	      0.00000000	      0.00000000	      0.00389936	     -0.01326070	      0.00009362	    -48.47232597	   -297.06453584	     11.98595397	     14.47680544	      0.00000000	      0.00000000	      0.00000000	      0.00000000	   -123.03210408	    112.10201675	   -225.95394609	      0.00000000	      0.00000000	      0.00000000	      0.00000000	      0.00000000	     52.30537094	      3.20716354	    -16.79537141	    -16.58023363	      4.74075903	     -4.98473282	      0.00000000	     28.73977365	     24.98095987	      0.00000000	     49.96169559	     -1.68699442	     -5.67781000	    -11.47390168	      7.61630948	     -2.17061287	      0.00000000	     32.95991012	     11.67181179	      0.00000000
      1.03333333	    108.70119946	      6.38439730	   -180.73823956	     -0.57403821	     -0.44658526	     -0.43676108	     29.81935813	      4.17363915	     -2.81514983	     14.93778417	      1.90944193	     -0.56567207	     -0.00882871	     -0.02131029	      0.01862593	      0.00000000	      0.00000000	      0.00000000	      0.00915530	     -0.02622616	      0.00052608	      0.00000000	      0.00000000	      0.00000000	      0.00123612	     -0.01765474	      0.00023930	    -47.19007545	   -300.09628484	      7.84687333	     18.31870004	      0.00000000	      0.00000000	      0.00000000	      0.00000000	   -122.90484061	    112.57224328	   -225.92303703	      1.41550202	      0.00000000	      0.00000000	      0.00000000	      0.00000000	     49.61139308	      3.31085352	    -17.50934805	    -15.29576299	      3.09965604	     -4.98473282	      0.00000000	     30.07424222	     24.98095987	      0.00000000	     47.85469440	     -1.81828789	     -5.09523763	    -11.43733946	      7.01515594	     -1.42864346	      0.00000000	     32.19425594	     11.34071019	      0.00000000
      1.06666667	    102.20297521	      6.80525496	   -179.05795761	     -0.58111293	     -0.45586402	     -0.43772764	     22.31335762	      3.95336580	     -3.01656999	     15.72099144	      2.44173634	     -0.11349754	     -0.01459554	     -0.02339575	      0.01707123	      0.00000000	      0.00000000	      0.00000000	      0.00382704	     -0.02743280	     -0.00340979	      0.00000000	      0.00000000	      0.00000000	      0.00632213	     -0.01244581	      0.01119877	    -47.07606150	   -302.69384263	      1.96413843	     21.95083473	      0.00000000	      0.00000000	      0.00000000	      0.00000000	   -123.88705979	    120.38502804	   -196.23286251	     18.54326614	      0.00000000	      0.00000000	      0.00000000	      0.00000000	     41.25055388	      3.30060182	    -19.88879049	    -13.35884720	      2.75765269	     -4.98473282	      0.00000000	     31.85561657	     24.98095987	      0.00000000	     40.35092824	     -2.00831454	     -3.04731226	    -11.22842761	      3.54906341	     -0.03746046	      0.00000000	     32.30172841	     12.84920070	      0.00000000
      1.10000000	    101.93762177	      6.84104173	   -178.25725792	     -0.58731938	     -0.46604955	     -0.43956334	     22.52379491	      3.40674072	     -3.36485148	     15.81966403	      1.53206257	      2.97123439	     -0.01393282	     -0.02200708	      0.02177273	      0.00000000	      0.00000000	      0.00000000	      0.00333460	     -0.02441563	     -0.00815916	      0.00000000	      0.00000000	      0.00000000	      0.00836065	     -0.00909523	      0.01367988	    -43.03049027	   -307.80622496	     -1.41080929	     28.72550643	      0.00000000	      0.00000000	      0.00000000	      0.00000000	   -129.30106646	    124.75569281	   -190.71349988	     25.73132511	      0.00000000	      0.00000000	      0.00000000	      0.00000000	     39.68648840	      3.32888965	    -20.33077466	    -12.15429265	      2.18434428	     -4.98473282	      0.00000000	     30.89209139	     24.98095987	      0.00000000	     39.60565195	     -1.85596434	     -0.84134236	    -11.99528263	      1.84534250	      0.80473911	      0.00000000	     31.58934385	     11.52580977	      0.00000000
      1.13333333	    102.07157572	      7.01370368	   -177.73761036	     -0.59382745	     -0.47761718	     -0.44267079	     23.04036584	      2.95762681	     -3.93886771	     16.58723558	      1.97882055	      4.19506039	     -0.01158420	     -0.01980081	      0.02148206	      0.00000000	      0.00000000	      0.00000000	      0.00291558	     -0.02517833	     -0.01353454	      0.00000000	      0.00000000	      0.00000000	      0.00910005	     -0.00773402	      0.01860808	    -39.96483749	   -312.73135564	     -3.50519444	     36.08637964	      0.00000000	      0.00000000	      0.00000000	      0.00000000	   -132.07455339	    129.17418208	   -187.46065085	     31.80733392	      0.00000000	      0.00000000	      0.00000000	      0.00000000	     38.50889293	      3.62576533	    -20.36263275	    -11.40203987	      3.00484927	     -4.98473282	      0.00000000	     29.68501986	     24.98095987	      0.00000000	     39.17750009	     -1.96708546	      1.99170088	    -12.75017240	      0.26254018	      1.63110655	      0.00000000	     30.95273307	     10.63098647	      0.00000000
      1.16666667	    103.16488027	      7.42513951	   -177.74445000	     -0.60067715	     -0.49015024	     -0.44606292	     24.51481339	      2.92618455	     -4.65437995	     17.54623948	      2.01112997	      4.34991975	     -0.00678334	     -0.01666263	      0.02097897	      0.00000000	      0.00000000	      0.00000000	      0.00334366	     -0.02685011	     -0.01773534	      0.00000000	      0.00000000	      0.00000000	      0.01149246	     -0.00625839	      0.02133278	    -37.09182988	   -317.05357869	     -4.66623147	     43.29478712	      0.00000000	      0.00000000	      0.00000000	      0.00000000	   -135.20779383	    134.17157243	   -184.17218221	     39.11287778	      0.00000000	      0.00000000	      0.00000000	      0.00000000	     38.44161926	      4.25381198	    -19.79393515	    -11.26306677	      3.84331522	     -4.98473282	      0.00000000	     28.04339399	     24.98095987	      0.00000000	     39.52393030	     -2.47934017	      5.27400647	    -13.07812685	     -1.06871409	      2.30231404	      0.00000000	     31.13002836	     10.59937748	      0.00000000
      1.20000000	    104.90418062	      7.74872513	   -178.09206532	     -0.60750044	     -0.50381548	     -0.44830084	     26.58551630	      3.14264288	     -5.48496736	     18.75401320	      2.02948968	      3.53930344	      0.00088432	     -0.01336712	      0.01870093	      0.00000000	      0.00000000	      0.00000000	      0.00389891	     -0.02722361	     -0.02171904	      0.00000000	      0.00000000	      0.00000000	      0.01580620	     -0.00665878	      0.01942950	    -34.52687821	   -320.34693535	     -5.24096432	     48.91294151	      0.00000000	      0.00000000	      0.00000000	      0.00000000	   -138.64116786	    139.40088869	   -181.57940264	     48.14933931	      0.00000000	      0.00000000	      0.00000000	      0.00000000	     39.29523070	      4.84141392	    -18.41135511	    -11.98295555	      3.79546495	     -4.98473282	      0.00000000	     26.38174247	     24.98095987	      0.00000000	     40.10276047	     -3.14855434	      7.16419361	    -12.61136674	     -2.87822720	      2.71674055	      0.00000000	     32.36998243	     11.18884363	      0.00000000
      1.23333333	    106.36401348	      7.62989036	   -178.51794359	     -0.61395972	     -0.51855025	     -0.44880526	     28.05219428	      3.25878148	     -6.09793757	     20.02259485	      1.85696461	      2.07913549	      0.00846949	     -0.01020525	      0.01602740	      0.00000000	      0.00000000	      0.00000000	      0.00313616	     -0.02447530	     -0.02194411	      0.00000000	      0.00000000	      0.00000000	      0.01731876	     -0.00942054	      0.01519204	    -31.02418172	   -322.64511954	     -5.99065706	     53.39754345	      0.00000000	      0.00000000	      0.00000000	      0.00000000	   -141.21064936	    143.32468339	   -179.90378954	     56.19905932	      0.00000000	      0.00000000	      0.00000000	      0.00000000	     40.01684363	      5.14073832	    -16.73503331	    -12.99252782	      3.28085852	     -4.98473282	      0.00000000	     24.94726668	     24.98095987	      0.00000000	     40.06512309	     -3.54071632	      6.96840480	    -11.73716067	     -5.09106744	      2.53211213	      0.00000000	     34.00575519	     11.34619333	      0.00000000
      1.26666667	    107.15689230	      7.17662864	   -178.66561672	     -0.62031363	     -0.53401475	     -0.44820118	     28.41012977	      2.99881145	     -6.43957289	     21.14098668	      1.83472724	      0.51249460	      0.01323808	     -0.00826255	      0.01465179	      0.00000000	      0.00000000	      0.00000000	      0.00044895	     -0.01973294	     -0.01747538	      0.00000000	      0.00000000	      0.00000000	      0.01455927	     -0.01080904	      0.01279063	    -26.78975656	   -324.88806120	     -6.79078967	     58.12483552	      0.00000000	      0.00000000	      0.00000000	      0.00000000	   -142.92414571	    145.87569540	   -178.62073799	     62.41085680	      0.00000000	      0.00000000	      0.00000000	      0.00000000	     40.00725950	      5.02568688	    -15.63945529	    -13.66199953	      4.01367404	     -4.98473282	      0.00000000	     23.59828213	     24.98095987	      0.00000000	     39.16907834	     -3.61030619	      5.16375168	    -10.62333276	     -7.05067099	      2.17141022	      0.00000000	     34.42663727	     10.14886837	      0.00000000
      1.30000000	    107.58414898	      6.46500859	   -178.56483143	     -0.62715737	     -0.54977172	     -0.44713689	     28.11207930	      2.34427531	     -6.45871483	     22.11606806	      2.36895022	     -0.86142777	      0.01495794	     -0.00819649	      0.01348609	      0.00000000	      0.00000000	      0.00000000	     -0.00159115	     -0.01468568	     -0.01300943	      0.00000000	      0.00000000	      0.00000000	      0.00921109	     -0.00886348	      0.01480774	    -23.53439270	   -328.49045805	     -7.39137211	     64.51285684	      0.00000000	      0.00000000	      0.00000000	      0.00000000	   -143.78315747	    148.06329153	   -177.51438067	     67.47375819	      0.00000000	      0.00000000	      0.00000000	      0.00000000	     39.36047321	      4.29445414	    -15.85298512	    -13.74720364	      7.57970008	     -4.98473282	      0.00000000	     22.25591141	     24.98095987	      0.00000000	     37.87786226	     -3.35737693	      2.46404096	     -9.55646499	     -8.13690129	      2.20686823	      0.00000000	     33.01786026	      7.46448745	      0.00000000
      1.33333333	    107.28706351	      5.58350181	   -178.12081477	     -0.63487024	     -0.56528997	     -0.44556970	     26.54620437	      1.45710176	     -6.07180531	     22.41226663	      3.29608241	     -2.53816299	      0.00979831	     -0.00992066	      0.01130590	      0.00000000	      0.00000000	      0.00000000	     -0.00481456	     -0.01259203	     -0.01156414	      0.00000000	      0.00000000	      0.00000000	      0.00017678	     -0.00547401	      0.01971504	    -22.64922961	   -332.77050538	     -8.25038319	     72.13776369	      0.00000000	      0.00000000	      0.00000000	      0.00000000	   -143.80644741	    149.56830330	   -176.96418751	     71.57650052	      0.00000000	      0.00000000	      0.00000000	      0.00000000	     37.54506741	      2.51348734	    -19.33980714	    -13.40538099	     14.89690267	     -4.64274131	      0.00000000	     21.37222585	     24.98095987	      0.00000000	     35.90820437	     -2.68018271	     -1.71396756	     -8.51817296	     -2.59688106	      2.31133932	      0.00000000	     29.38626807	     -0.13755368	      0.00000000
      1.36666667	    108.02182798	      4.97506733	   -177.14858616	     -0.64237361	     -0.58016732	     -0.44303239	     26.11398397	      0.90004818	     -6.71315747	     23.14528090	      3.32197995	     -2.60719860	      0.00618506	     -0.01242142	      0.00954911	      0.00000000	      0.00000000	      0.00000000	     -0.00401553	     -0.01009324	     -0.01605502	      0.00000000	      0.00000000	      0.00000000	     -0.00847356	      0.00007065	      0.02412753	    -23.87172516	   -337.65355928	     -8.21139574	     79.89716014	      0.00000000	      0.00000000	      0.00000000	      0.00000000	   -143.47416859	    152.74298542	   -177.17385446	     76.25594138	      0.00000000	      0.00000000	      0.00000000	      0.00000000	     36.52406727	      0.22666163	    -18.12294410	    -12.44923049	     14.67055851	     -2.48152282	      0.00000000	     21.60023529	     24.98095987	      0.00000000	     35.51639191	     -1.71990017	     -2.29289283	     -8.56931396	     -1.58762702	      2.75535391	      0.00000000	     27.80895901	     -1.28455439	      0.00000000
      1.40000000	    108.89070408	      4.24322828	   -176.64894921	     -0.64949242	     -0.59455609	     -0.44159935	     25.55990777	      0.35018307	     -6.22442157	     22.85733363	      3.04072694	     -2.99435886	     -0.00073733	     -0.01473373	      0.00727247	      0.00000000	      0.00000000	      0.00000000	     -0.00626855	     -0.00708570	     -0.02134261	      0.00000000	      0.00000000	      0.00000000	     -0.01427339	      0.00547599	      0.02816194	    -25.19685159	   -341.92087406	     -8.71373886	     86.08570305	      0.00000000	      0.00000000	      0.00000000	      0.00000000	   -142.30513729	    156.90839619	   -178.45940962	     81.83021377	      0.00000000	      0.00000000	      0.00000000	      0.00000000	     35.80243517	     -0.75382495	    -18.61843232	    -11.87562652	     13.27292626	     -2.77344504	      0.00000000	     22.64907163	     24.98095987	      0.00000000	     35.16392273	     -0.93038842	     -2.39272994	     -8.64107072	     -0.35390707	      2.72035488	      0.00000000	     27.34351124	     -0.80571246	      0.00000000
      1.43333333	    109.66962021	      3.75066206	   -176.78033808	     -0.65628299	     -0.60838046	     -0.44139757	     24.70773228	      0.29237175	     -4.86928293	     21.67175152	      2.23001442	     -3.65644123	     -0.00917295	     -0.01699986	      0.00454073	      0.00000000	      0.00000000	      0.00000000	     -0.01258641	     -0.00238920	     -0.02548481	      0.00000000	      0.00000000	      0.00000000	     -0.01353850	      0.01134349	      0.03079051	    -25.66291415	   -345.37508857	     -9.06924230	     90.13274422	      0.00000000	      0.00000000	      0.00000000	      0.00000000	   -141.47652698	    162.53046190	   -179.38550897	     88.56068642	      0.00000000	      0.00000000	      0.00000000	      0.00000000	     35.31543076	     -0.14732358	    -19.16552469	    -11.36917852	      9.73641789	     -4.46001430	      0.00000000	     23.19746148	     24.61515031	      0.00000000	     34.72193302	     -0.94762731	     -2.13180210	     -8.85620205	      0.28331037	      2.72295619	      0.00000000	     27.16146011	      0.49333890	      0.00000000
      1.46666667	    110.50506815	      3.77951573	   -177.39250398	     -0.66322050	     -0.62131350	     -0.44085935	     23.82348312	      1.25179636	     -3.58245989	     19.74331483	      1.02126575	     -4.32369605	     -0.01761955	     -0.01945852	     -0.00006459	      0.00000000	      0.00000000	      0.00000000	     -0.02039737	      0.00258394	     -0.02683221	      0.00000000	      0.00000000	      0.00000000	     -0.00915170	      0.01664689	      0.03096726	    -25.13237891	   -348.34423771	     -8.43055674	     92.90652564	      0.00000000	      0.00000000	      0.00000000	      0.00000000	   -141.59988644	    168.62013581	   -179.54176684	     94.85945607	      0.00000000	      0.00000000	      0.00000000	      0.00000000	     35.19180155	      1.09553594	    -15.91678806	    -11.00298515	      4.22146335	     -4.98473282	      0.00000000	     21.96805136	     22.27152181	      0.00000000	     34.50995771	     -1.44370347	     -1.10372939	     -9.21087140	     -0.63510334	      2.60582845	      0.00000000	     26.65238725	      1.50374631	      0.00000000
      1.50000000	    113.06856397	      3.58233765	   -178.32091432	     -0.67053738	     -0.63125647	     -0.44090226	     24.28555681	      1.77179227	     -1.65592108	     18.30403416	      0.05865455	     -4.74621173	     -0.02578934	     -0.02252581	     -0.00329055	      0.00000000	      0.00000000	      0.00000000	     -0.02938747	      0.00230842	     -0.02656314	      0.00000000	      0.00000000	      0.00000000	     -0.00790017	      0.01895571	      0.03341373	    -23.98716238	   -351.65694371	     -8.94338579	     95.93220516	      0.00000000	      0.00000000	      0.00000000	      0.00000000	   -141.97552294	    172.43377348	   -178.25429933	     99.49275709	      0.00000000	      0.00000000	      0.00000000	      0.00000000	     37.35002842	      1.96334087	     -9.48603453	    -11.50987326	      1.08931647	     -4.98473282	      0.00000000	     19.24369502	     19.56811949	      0.00000000	     36.81602515	     -1.59323391	      1.31629689	    -10.37138996	     -2.01017783	      2.65562033	      0.00000000	     24.95825164	      0.24816618	      0.00000000
      1.53333333	    115.27922979	      3.36374145	   -178.63506179	     -0.67844582	     -0.64098112	     -0.44080204	     24.24341243	      1.84843006	     -0.70444935	     18.86174700	     -0.55405732	     -5.61808262	     -0.02895404	     -0.02748458	     -0.00580166	      0.00000000	      0.00000000	      0.00000000	     -0.03532995	     -0.00399307	     -0.02236251	      0.00000000	      0.00000000	      0.00000000	     -0.01267521	      0.01940033	      0.03275873	    -22.26490394	   -355.11773426	     -9.70673073	    101.14061769	      0.00000000	      0.00000000	      0.00000000	      0.00000000	   -144.12606882	    174.40404815	   -175.92281052	    103.86064680	      0.00000000	      0.00000000	      0.00000000	      0.00000000	     38.98336791	      1.88032829	     -7.99812265	    -11.78076254	      2.91236964	     -4.98473282	      0.00000000	     17.29908384	     20.04569509	      0.00000000	     38.62422799	     -1.16525263	      2.26332437	    -10.61446805	     -1.81945647	      2.08481802	      0.00000000	     23.75102698	     -0.68642422	      0.00000000
      1.56666667	    122.20628215	      3.11839235	   -178.61605014	     -0.68439392	     -0.64837357	     -0.44000393	     29.96601695	      1.42774355	     -0.61103344	     18.69396272	     -0.50474137	     -7.37882077	     -0.02764840	     -0.02868236	     -0.00897571	      0.00000000	      0.00000000	      0.00000000	     -0.03721209	     -0.00814600	     -0.02046121	      0.00000000	      0.00000000	      0.00000000	     -0.02091202	      0.01894091	      0.02894118	    -21.24534023	   -359.20152580	    -10.71599486	    107.09773764	      0.00000000	      0.00000000	      0.00000000	      0.00000000	   -147.04045768	    176.27382277	   -173.95412417	    108.31122947	      0.00000000	      0.00000000	      0.00000000	      0.00000000	     46.28636143	      0.95998114	     -8.63582174	    -13.05996954	      5.50713835	     -4.98473282	      0.00000000	     16.60220187	     20.74228354	      0.00000000	     45.95947138	      0.02446454	      3.54401155	    -11.54754871	     -0.24507593	      0.99890127	      0.00000000	     22.84678408	     -2.66627963	      0.00000000
      1.60000000	    123.27427476	      3.05682776	   -178.33489212	     -0.68987566	     -0.65781755	     -0.43930283	     29.27700265	      1.20652694	     -1.36582845	     20.99646803	     -0.63951334	     -8.09920872	     -0.02137151	     -0.03243892	     -0.00834146	      0.00000000	      0.00000000	      0.00000000	     -0.03695575	     -0.01309658	     -0.02231834	      0.00000000	      0.00000000	      0.00000000	     -0.02789984	      0.01430616	      0.02192285	    -21.41667163	   -361.98261487	    -11.34276876	    112.64497135	      0.00000000	      0.00000000	      0.00000000	      0.00000000	   -149.91480162	    179.92000301	   -171.61423945	    114.03017977	      0.00000000	      0.00000000	      0.00000000	      0.00000000	     46.63218642	      0.61307138	     -9.43571074	    -12.44821156	      3.98244403	     -4.98473282	      0.00000000	     17.20874934	     22.40382957	      0.00000000	     46.17498968	      0.67950059	      3.49364468	    -10.82255941	     -0.47515404	     -0.03474893	      0.00000000	     23.21494604	     -0.44760683	      0.00000000
      1.63333333	    123.81666949	      3.32326329	   -178.47273738	     -0.69384139	     -0.66583033	     -0.43888512	     28.25687025	      1.43935211	     -2.18324214	     23.19731337	     -0.61912001	     -8.93570993	     -0.01314349	     -0.03442372	     -0.00653534	      0.00000000	      0.00000000	      0.00000000	     -0.03575588	     -0.01587681	     -0.02581769	      0.00000000	      0.00000000	      0.00000000	     -0.03033357	      0.00880602	      0.01481198	    -22.27267165	   -364.26227789	    -10.92493675	    116.27555804	      0.00000000	      0.00000000	      0.00000000	      0.00000000	   -152.09850148	    185.40951007	   -169.60519049	    119.13149071	      0.00000000	      0.00000000	      0.00000000	      0.00000000	     46.67256027	      0.84540942	    -10.86732635	    -11.93737742	      0.58678772	     -4.98473282	      0.00000000	     17.08048544	     24.98095987	      0.00000000	     45.98758973	      0.46577406	      2.61655941	    -10.43303396	     -2.56472221	     -0.47373742	      0.00000000	     23.24574405	      4.14415897	      0.00000000
      1.66666667	    125.17930138	      4.10172196	   -179.00737673	     -0.69709199	     -0.67224716	     -0.43915039	     28.65839724	      2.27567090	     -3.45626206	     25.17709115	     -0.39267770	     -8.90087515	     -0.00244550	     -0.03491425	     -0.00313051	      0.00000000	      0.00000000	      0.00000000	     -0.03192946	     -0.01892842	     -0.02761243	      0.00000000	      0.00000000	      0.00000000	     -0.02960771	      0.00499212	      0.01070661	    -22.94304593	   -366.53034124	     -9.61289187	    118.29689522	      0.00000000	      0.00000000	      0.00000000	      0.00000000	   -154.13904024	    191.52186824	   -167.13903198	    121.53909148	      0.00000000	      0.00000000	      0.00000000	      0.00000000	     47.35079127	      1.96436773	     -9.79007008	    -11.02914336	     -2.38297730	     -4.98473282	      0.00000000	     14.02795799	     24.98095987	      0.00000000	     46.99179637	     -0.62296338	      3.01351039	    -10.60417009	    -14.89690267	     -0.29492104	      0.00000000	     24.16903670	     20.76444631	      0.00000000
      1.70000000	    125.77838712	      4.06579792	   -180.01911597	     -0.69929570	     -0.67642457	     -0.43947733	     28.25946675	      2.65784643	     -2.95082149	     26.75162287	     -0.83945806	     -9.73408312	      0.00521132	     -0.03471098	      0.00113299	      0.00000000	      0.00000000	      0.00000000	     -0.02908478	     -0.02297604	     -0.02585925	      0.00000000	      0.00000000	      0.00000000	     -0.02586377	      0.00294040	      0.00875741	    -22.40173399	   -368.86217464	     -9.52473199	    120.21127874	      0.00000000	      0.00000000	      0.00000000	      0.00000000	   -156.11449075	    195.24545259	   -164.65350010	    122.07771843	      0.00000000	      0.00000000	      0.00000000	      0.00000000	     47.71974299	      2.54396799	     -9.61821420	    -11.20056889	     -1.08626369	     -4.98473282	      0.00000000	     11.18298842	     24.98095987	      0.00000000	     47.35694905	     -1.62302266	      2.30026710	    -11.25926866	    -14.89690267	      0.45160346	      0.00000000	     23.65737973	     20.10671074	      0.00000000
      1.73333333	    126.97874391	      3.75384857	   -180.62136312	     -0.70005493	     -0.67886546	     -0.43933291	     29.04300771	      2.79947006	     -2.90174988	     27.18392852	     -0.69598096	    -10.44682026	      0.00879058	     -0.03342861	      0.00375865	      0.00000000	      0.00000000	      0.00000000	     -0.02720121	     -0.02474956	     -0.02287607	      0.00000000	      0.00000000	      0.00000000	     -0.02513360	      0.00209050	      0.00711774	    -21.56916677	   -370.30067999	     -9.52641687	    121.78879779	      0.00000000	      0.00000000	      0.00000000	      0.00000000	   -158.15254747	    196.41278184	   -161.90624056	    122.10134627	      0.00000000	      0.00000000	      0.00000000	      0.00000000	     48.91618190	      2.59501089	     -8.85521206	    -11.69792430	      0.76001940	     -4.98473282	      0.00000000	      9.29113127	     24.98095987	      0.00000000	     48.60346511	     -2.01453098	      2.11668339	    -12.04559920	    -14.89690267	      1.20433364	      0.00000000	     24.41123466	     19.28801220	      0.00000000
      1.76666667	    130.18216941	      2.65747513	   -180.48401427	     -0.69913724	     -0.67947664	     -0.43865886	     32.81398412	      1.85847875	     -3.03954351	     25.69090669	     -0.32740849	    -12.05594894	      0.00727091	     -0.03074724	      0.00552592	      0.00000000	      0.00000000	      0.00000000	     -0.02818063	     -0.02331835	     -0.02169442	      0.00000000	      0.00000000	      0.00000000	     -0.02553330	      0.00276691	      0.00564969	    -21.01755350	   -370.56495782	    -10.20287946	    122.84324095	      0.00000000	      0.00000000	      0.00000000	      0.00000000	   -159.07448035	    196.88152491	   -160.49358092	    122.52891703	      0.00000000	      0.00000000	      0.00000000	      0.00000000	     52.55123489	      1.53455456	     -8.56817117	    -12.46120981	      1.79735149	     -4.98473282	      0.00000000	      9.50112967	     24.98095987	      0.00000000	     52.06954758	     -0.90491335	      2.26293678	    -12.54905037	    -14.89446575	      1.34309704	      0.00000000	     24.50149285	     18.44869022	      0.00000000
      1.80000000	    130.38494327	      1.94853603	   -179.88815912	     -0.69796025	     -0.67850939	     -0.43827780	     33.40438123	      1.34542858	     -3.49815862	     24.00531216	     -0.94188043	    -13.19955023	     -0.00057546	     -0.03015680	      0.00802682	      0.00000000	      0.00000000	      0.00000000	     -0.03128721	     -0.02127152	     -0.02364777	      0.00000000	      0.00000000	      0.00000000	     -0.02794182	      0.00106550	      0.00475624	    -21.32202075	   -368.89844154	    -11.37773864	    123.30232090	      0.00000000	      0.00000000	      0.00000000	      0.00000000	   -158.88167074	    196.95376660	   -159.44163261	    122.72712989	      0.00000000	      0.00000000	      0.00000000	      0.00000000	     53.23905755	      0.71164403	     -8.58217563	    -13.10700584	      0.53087419	     -4.98473282	      0.00000000	     10.84801458	     24.98095987	      0.00000000	     52.52693202	      0.11882814	      2.10216902	    -12.88300328	    -14.18914959	      1.27765805	      0.00000000	     24.79785878	     18.76309481	      0.00000000
      1.83333333	    130.25116367	      1.16604691	   -179.13693304	     -0.69709866	     -0.67673711	     -0.43823206	     34.56031528	      0.74058636	     -3.97274044	     21.32965551	     -1.50583614	    -14.78723101	     -0.00946457	     -0.02999448	      0.00756442	      0.00000000	      0.00000000	      0.00000000	     -0.03449422	     -0.01728514	     -0.02772490	      0.00000000	      0.00000000	      0.00000000	     -0.02921523	      0.00085559	      0.00341324	    -22.41833238	   -366.54642254	    -11.71439661	    121.89320784	      0.00000000	      0.00000000	      0.00000000	      0.00000000	   -158.15516501	    197.52106520	   -159.57831015	    121.89769991	      0.00000000	      0.00000000	      0.00000000	      0.00000000	     53.48819223	     -0.19994137	     -8.34493177	    -13.40741530	     -1.24089517	     -4.98473282	      0.00000000	     11.95784993	     24.98095987	      0.00000000	     52.39866486	      1.40271395	      1.49008741	    -12.44021784	    -13.18468812	      0.79934921	      0.00000000	     24.48699102	     19.00772441	      0.00000000
      1.86666667	    129.68928924	     -0.05428800	   -179.32438386	     -0.69690818	     -0.67382831	     -0.44000298	     36.13864345	     -0.01196418	     -2.83467563	     18.28308920	     -1.98766023	    -16.02499332	     -0.01672148	     -0.02986793	      0.00570505	      0.00000000	      0.00000000	      0.00000000	     -0.03637588	     -0.01153745	     -0.03094603	      0.00000000	      0.00000000	      0.00000000	     -0.02785829	      0.00479270	      0.00253845	    -22.84807590	   -364.50896050	    -10.94000319	    118.55847083	      0.00000000	      0.00000000	      0.00000000	      0.00000000	   -156.18991850	    197.04162698	   -162.47471799	    119.31773326	      0.00000000	      0.00000000	      0.00000000	      0.00000000	     53.41292874	     -0.38323680	     -5.22731888	    -13.86098887	     -3.95670917	     -4.98473282	      0.00000000	     12.30020844	     24.98095987	      0.00000000	     51.68767897	      2.08547428	     -1.85293339	    -11.63956403	     -9.55122534	     -0.09128349	      0.00000000	     24.07051925	     18.17605556	      0.00000000
      1.90000000	    128.43752644	      0.02250508	   -179.32454120	     -0.69718334	     -0.66997225	     -0.44235812	     37.72159657	      0.34664127	     -3.27746466	     15.87153076	     -1.44001300	    -15.41661458	     -0.02036027	     -0.02920322	      0.00023248	      0.00000000	      0.00000000	      0.00000000	     -0.03264053	     -0.00613036	     -0.03430055	      0.00000000	      0.00000000	      0.00000000	     -0.02689554	      0.01036070	      0.00573366	    -24.13617550	   -362.87132957	     -8.20339247	    114.02489072	      0.00000000	      0.00000000	      0.00000000	      0.00000000	   -153.23670474	    194.44852965	   -166.76576375	    114.38072184	      0.00000000	      0.00000000	      0.00000000	      0.00000000	     52.25235607	     -0.09318201	     -4.52185960	    -14.08620420	     -4.34425622	     -4.98473282	      0.00000000	     12.77395682	     24.98095987	      0.00000000	     50.45454846	      2.08435831	     -1.91808475	    -11.09966711	     -8.55839404	     -0.66327576	      0.00000000	     23.48479279	     18.13890562	      0.00000000
      1.93333333	    125.78226404	      0.23541505	   -179.87913844	     -0.69692115	     -0.66576145	     -0.44595086	     38.18162537	      0.81924441	     -2.65473005	     14.10085426	     -1.36412703	    -12.88853022	     -0.02219768	     -0.02830405	     -0.00231002	      0.00000000	      0.00000000	      0.00000000	     -0.02716313	     -0.00143828	     -0.03074792	      0.00000000	      0.00000000	      0.00000000	     -0.02451792	      0.01645932	      0.01040906	    -23.39745559	   -361.81139974	     -6.00575089	    109.18723629	      0.00000000	      0.00000000	      0.00000000	      0.00000000	   -150.24766534	    188.52520307	   -172.06598120	    107.57912134	      0.00000000	      0.00000000	      0.00000000	      0.00000000	     49.63760913	      0.96080099	     -2.34121053	    -14.33380361	     -5.04582745	     -4.98473282	      0.00000000	     14.42523491	     23.42116182	      0.00000000	     47.62537721	      1.49900952	     -2.95017400	    -10.46868786	     -7.33825266	     -1.22877442	      0.00000000	     22.97112476	     18.06117741	      0.00000000
      1.96666667	    123.86162409	      0.93011125	   -180.15993688	     -0.69554992	     -0.66083713	     -0.44914878	     39.70594055	      1.29216285	     -2.65978219	     13.14111852	      0.40940177	     -9.84596472	     -0.02068162	     -0.02572705	     -0.00675011	      0.00000000	      0.00000000	      0.00000000	     -0.01765646	      0.00079090	     -0.02580019	      0.00000000	      0.00000000	      0.00000000	     -0.02202680	      0.01907322	      0.01755048	    -22.92065237	   -361.49279117	     -4.26960110	    104.96614947	      0.00000000	      0.00000000	      0.00000000	      0.00000000	   -147.80110284	    181.82873527	   -175.93884238	     99.80178543	      0.00000000	      0.00000000	      0.00000000	      0.00000000	     48.05766412	      1.94489016	     -2.59877736	    -14.64479291	     -5.54140742	     -4.98473282	      0.00000000	     15.92686312	     22.11070967	      0.00000000	     45.60529120	      0.85340644	     -3.39127655	     -9.82912199	     -7.47053184	     -1.59504336	      0.00000000	     21.85104488	     18.08668683	      0.00000000
      2.00000000	    121.87746847	      1.34410093	   -180.28679852	     -0.69305164	     -0.65562102	     -0.45156558	     41.02625819	      1.07199523	     -2.35143762	     13.28671496	      1.72598244	     -6.62748391	     -0.01659290	     -0.02338821	     -0.00590676	      0.00000000	      0.00000000	      0.00000000	     -0.00868484	      0.00195276	     -0.02168313	      0.00000000	      0.00000000	      0.00000000	     -0.01792990	      0.01804547	      0.02651954	    -21.96384956	   -360.76358415	     -3.88407010	    100.53432035	      0.00000000	      0.00000000	      0.00000000	      0.00000000	   -145.63412774	    176.52989069	   -178.47505686	     92.54080857	      0.00000000	      0.00000000	      0.00000000	      0.00000000	     46.78341854	      2.36187063	     -4.05994987	    -15.18087042	     -6.18321203	     -4.98473282	      0.00000000	     17.23304505	     23.09847628	      0.00000000	     43.52233926	      0.47979808	     -3.82318570	     -9.14054673	     -8.42501168	     -1.58971860	      0.00000000	     21.48783277	     17.59639956	      0.00000000
      2.03333333	    119.81311247	      1.48811668	   -179.72254389	     -0.69016476	     -0.64956942	     -0.45269221	     41.68885360	     -0.01644473	     -2.36140121	     14.22618944	      2.20406131	     -4.24188880	     -0.01265429	     -0.02221578	     -0.00043358	      0.00000000	      0.00000000	      0.00000000	     -0.00258658	      0.00394620	     -0.02195651	      0.00000000	      0.00000000	      0.00000000	     -0.01595101	      0.01468995	      0.03509711	    -21.56015263	   -358.84195827	     -3.34907471	     94.95690817	      0.00000000	      0.00000000	      0.00000000	      0.00000000	   -143.30989436	    172.65367225	   -180.72574117	     86.24775082	      0.00000000	      0.00000000	      0.00000000	      0.00000000	     45.65706880	      1.87413937	     -6.19768955	    -16.10309099	     -5.59333345	     -4.98473282	      0.00000000	     17.32843106	     24.98095987	      0.00000000	     41.70071074	      0.83843915	     -3.77495547	     -8.73391240	    -10.03685443	     -1.60116576	      0.00000000	     22.32421291	     17.09574244	      0.00000000
      2.06666667	    118.70160106	      1.72407045	   -179.02908479	     -0.68779284	     -0.64245084	     -0.45312996	     42.94136121	     -1.15057966	     -2.68143098	     14.62794562	      2.47941889	     -3.50353874	     -0.01003549	     -0.02138416	      0.00516376	      0.00000000	      0.00000000	      0.00000000	      0.00038441	      0.00683714	     -0.02800160	      0.00000000	      0.00000000	      0.00000000	     -0.01609498	      0.01216274	      0.04223785	    -22.17154843	   -355.93180954	     -2.59758472	     87.68568832	      0.00000000	      0.00000000	      0.00000000	      0.00000000	   -141.20122434	    169.46726382	   -183.47582911	     79.72435593	      0.00000000	      0.00000000	      0.00000000	      0.00000000	     45.47057593	      1.33546274	     -7.87323371	    -17.16305968	     -1.61311120	     -4.98473282	      0.00000000	     15.48050367	     24.98095987	      0.00000000	     41.52493872	      1.10367890	     -3.44498292	     -9.34413518	    -11.49668943	     -1.51808202	      0.00000000	     23.52481816	     17.10924415	      0.00000000
      2.10000000	    118.49905994	      2.10685357	   -178.14018660	     -0.68575679	     -0.63417765	     -0.45319262	     44.72365815	     -2.29102702	     -3.46148916	     14.61300596	      2.33714872	     -4.07717950	     -0.00799559	     -0.02058648	      0.01039100	      0.00000000	      0.00000000	      0.00000000	     -0.00163537	      0.00906068	     -0.03416283	      0.00000000	      0.00000000	      0.00000000	     -0.01891938	      0.01247994	      0.04525090	    -23.43182401	   -352.03831454	     -1.29340298	     79.20179255	      0.00000000	      0.00000000	      0.00000000	      0.00000000	   -140.71460558	    165.51373551	   -185.99720081	     72.09015407	      0.00000000	      0.00000000	      0.00000000	      0.00000000	     45.89417506	      0.58284209	    -10.91863583	    -17.53218433	      4.78672695	     -4.98473282	      0.00000000	     13.20224131	     24.98095987	      0.00000000	     42.99849128	      1.34047229	     -1.68739209	    -11.27259060	    -12.44919310	     -1.19877566	      0.00000000	     24.19457110	     17.81046682	      0.00000000
      2.13333333	    118.14248704	      2.89913672	   -177.92232137	     -0.68372914	     -0.62515979	     -0.45408947	     46.01956786	     -2.54959799	     -4.37862827	     13.15487939	      2.47519567	     -4.91572449	     -0.00847265	     -0.01922276	      0.01294022	      0.00000000	      0.00000000	      0.00000000	     -0.00765153	      0.00888258	     -0.03438560	      0.00000000	      0.00000000	      0.00000000	     -0.02089370	      0.01351155	      0.04298618	    -24.38503052	   -347.17744877	      0.99127196	     70.63361289	      0.00000000	      0.00000000	      0.00000000	      0.00000000	   -141.82064994	    161.33678391	   -187.56669867	     64.72162832	      0.00000000	      0.00000000	      0.00000000	      0.00000000	     45.94544994	      1.01566080	    -12.56274215	    -17.00244659	      8.62435875	     -4.98473282	      0.00000000	     11.51774215	     24.98095987	      0.00000000	     44.25381679	      0.57504226	     -0.14514673	    -13.04487140	    -11.74993725	     -0.34878069	      0.00000000	     23.86713787	     17.63371091	      0.00000000
      2.16666667	    117.26209803	      3.81101270	   -177.58575184	     -0.68077408	     -0.61492465	     -0.45491137	     46.30161097	     -2.54226323	     -5.70160128	     12.08222265	      2.83252489	     -5.55774339	     -0.00821691	     -0.01804009	      0.01273292	      0.00000000	      0.00000000	      0.00000000	     -0.01376453	      0.00475542	     -0.03139406	      0.00000000	      0.00000000	      0.00000000	     -0.02064264	      0.01418118	      0.04007338	    -25.12323565	   -342.10613821	      3.08682909	     63.77293786	      0.00000000	      0.00000000	      0.00000000	      0.00000000	   -143.34985638	    157.64876767	   -187.42340161	     57.66988192	      0.00000000	      0.00000000	      0.00000000	      0.00000000	     45.34025993	      1.42294768	    -15.55733911	    -16.04999456	     10.96283292	     -4.98473282	      0.00000000	     11.68683779	     24.98095987	      0.00000000	     44.93443782	     -0.45011538	      2.07435410	    -14.49652731	     -9.39715275	      1.05980422	      0.00000000	     22.83854160	     15.80179502	      0.00000000
      2.20000000	    115.24751772	      4.43282399	   -177.59579632	     -0.67675300	     -0.60393845	     -0.45560214	     45.04057147	     -2.22621099	     -6.64132676	     10.95967092	      3.52626687	     -5.47211689	     -0.00866719	     -0.01717073	      0.01078408	      0.00000000	      0.00000000	      0.00000000	     -0.01628568	     -0.00054344	     -0.02610392	      0.00000000	      0.00000000	      0.00000000	     -0.01974749	      0.01179083	      0.03655616	    -24.92202174	   -337.53546720	      4.60975961	     58.49890369	      0.00000000	      0.00000000	      0.00000000	      0.00000000	   -144.32432385	    154.10874416	   -186.52449194	     51.40073178	      0.00000000	      0.00000000	      0.00000000	      0.00000000	     43.72589965	      2.00629359	    -17.62380299	    -15.32880901	     10.43207631	     -4.98473282	      0.00000000	     13.10310923	     24.98095987	      0.00000000	     43.93633508	     -1.54126971	      3.71540402	    -14.73899536	     -7.05040734	      2.20571432	      0.00000000	     22.04061635	     13.00403923	      0.00000000
      2.23333333	    113.08779778	      4.78615845	   -177.79809198	     -0.67170058	     -0.59190018	     -0.45525261	     43.30519846	     -1.76649895	     -6.94912993	      9.80832610	      4.27131389	     -5.10371750	     -0.01068381	     -0.01671037	      0.00873701	      0.00000000	      0.00000000	      0.00000000	     -0.01635196	     -0.00473667	     -0.02085681	      0.00000000	      0.00000000	      0.00000000	     -0.01822498	      0.00740698	      0.03261822	    -24.09641754	   -333.62366374	      5.02266944	     53.54222392	      0.00000000	      0.00000000	      0.00000000	      0.00000000	   -144.70459160	    150.67954241	   -186.43158439	     46.13335143	      0.00000000	      0.00000000	      0.00000000	      0.00000000	     42.31521107	      2.47583425	    -17.54535558	    -15.38263672	      8.24463325	     -4.98473282	      0.00000000	     14.12739647	     24.98095987	      0.00000000	     42.54039669	     -2.28157520	      4.64569227	    -14.60175853	     -6.08065722	      2.61172443	      0.00000000	     22.35857912	     11.35159724	      0.00000000
      2.26666667	    111.16354020	      5.31502513	   -178.09745145	     -0.66606807	     -0.57947140	     -0.45443670	     41.67527724	     -1.01163140	     -6.80351214	      9.03883449	      4.90757063	     -4.57291565	     -0.01232259	     -0.01697116	      0.00740522	      0.00000000	      0.00000000	      0.00000000	     -0.01622247	     -0.00632554	     -0.01753699	      0.00000000	      0.00000000	      0.00000000	     -0.01642644	      0.00208885	      0.02930284	    -23.39435655	   -329.85409341	      4.80733139	     46.54599987	      0.00000000	      0.00000000	      0.00000000	      0.00000000	   -144.26815364	    147.27930587	   -188.06363874	     41.45795869	      0.00000000	      0.00000000	      0.00000000	      0.00000000	     41.49492559	      3.11890199	    -16.09749490	    -16.29195927	      5.85263058	     -4.98473282	      0.00000000	     14.10896087	     24.98095987	      0.00000000	     41.38029983	     -3.10173850	      5.30741905	    -14.70194515	     -5.70795787	      2.82746270	      0.00000000	     23.74716961	     10.66807215	      0.00000000
      2.30000000	    109.77704170	      5.75115178	   -178.65673241	     -0.66068479	     -0.56746027	     -0.45341596	     40.54704126	     -0.14965504	     -6.15992061	      8.34679713	      5.51684486	     -4.26317489	     -0.01375207	     -0.01815372	      0.00614493	      0.00000000	      0.00000000	      0.00000000	     -0.01656788	     -0.00798864	     -0.01469604	      0.00000000	      0.00000000	      0.00000000	     -0.01436202	     -0.00117740	      0.02625634	    -23.17587982	   -325.69299753	      5.19452112	     38.11433084	      0.00000000	      0.00000000	      0.00000000	      0.00000000	   -143.48281155	    144.21111219	   -190.69410235	     36.60360793	      0.00000000	      0.00000000	      0.00000000	      0.00000000	     41.36693259	      3.78432612	    -14.59865573	    -17.48630637	      4.58454758	     -4.98473282	      0.00000000	     12.95324254	     24.98095987	      0.00000000	     40.57790841	     -3.78240573	      5.35734873	    -14.60170846	     -5.10227752	      2.68495054	      0.00000000	     25.28268203	     11.02575031	      0.00000000
      2.33333333	    108.84999181	      5.78862015	   -179.27456274	     -0.65586409	     -0.55607388	     -0.45216405	     39.75926885	      0.30136829	     -5.01514182	      7.65990740	      6.09219821	     -4.52976538	     -0.01546599	     -0.01952069	      0.00575596	      0.00000000	      0.00000000	      0.00000000	     -0.01696077	     -0.01149563	     -0.01017567	      0.00000000	      0.00000000	      0.00000000	     -0.01282152	     -0.00231327	      0.02454282	    -23.96243580	   -321.21175819	      8.10454376	     29.69168329	      0.00000000	      0.00000000	      0.00000000	      0.00000000	   -142.54927111	    141.16833546	   -193.70599076	     31.03732831	      0.00000000	      0.00000000	      0.00000000	      0.00000000	     41.61684842	      3.96424215	    -14.50602021	    -18.31627407	      5.20887561	     -4.98473282	      0.00000000	     12.00883864	     24.98095987	      0.00000000	     40.01270782	     -3.91696575	      3.80570596	    -13.99314339	     -3.68625293	      1.93346264	      0.00000000	     25.46063349	     13.14425957	      0.00000000
      2.36666667	    108.30834686	      5.37233538	   -179.82039390	     -0.65146145	     -0.54607406	     -0.45079165	     39.32088434	      0.31628610	     -3.84387891	      6.75669801	      6.79139886	     -4.77972820	     -0.01751778	     -0.02059315	      0.00433816	      0.00000000	      0.00000000	      0.00000000	     -0.01637240	     -0.01638521	     -0.00512727	      0.00000000	      0.00000000	      0.00000000	     -0.01054104	     -0.00146657	      0.01987213	    -25.18611898	   -317.36796148	     12.47437511	     23.71768362	      0.00000000	      0.00000000	      0.00000000	      0.00000000	   -142.58923798	    138.67348535	   -196.27105363	     26.39417376	      0.00000000	      0.00000000	      0.00000000	      0.00000000	     41.81838544	      3.43902737	    -16.60293479	    -18.23476450	      7.90222890	     -4.98473282	      0.00000000	     12.62847241	     24.98095987	      0.00000000	     39.64161725	     -3.47638724	      0.34088939	    -13.00563192	     -1.92895218	      0.65949280	      0.00000000	     23.97970311	     16.78228268	      0.00000000
      2.40000000	    108.02831528	      5.15170551	   -180.28645725	     -0.64696970	     -0.53659367	     -0.44970892	     39.05563193	      0.49961625	     -3.16489775	      6.21236854	      7.33529277	     -4.42434466	     -0.01772111	     -0.02112279	      0.00283219	      0.00000000	      0.00000000	      0.00000000	     -0.01328033	     -0.01892139	     -0.00107417	      0.00000000	      0.00000000	      0.00000000	     -0.00640572	     -0.00164230	      0.01403041	    -25.96597323	   -315.03839969	     14.93817748	     20.80310158	      0.00000000	      0.00000000	      0.00000000	      0.00000000	   -142.87194800	    137.08041056	   -198.00425177	     24.46440287	      0.00000000	      0.00000000	      0.00000000	      0.00000000	     41.92279083	      3.03014193	    -19.59373822	    -17.27297438	     10.99163827	     -4.98473282	      0.00000000	     14.59009226	     24.98095987	      0.00000000	     39.72494955	     -3.28712263	     -3.23042846	    -12.33528000	     -1.39388672	     -0.13475763	      0.00000000	     20.91058469	     19.12661530	      0.00000000
      2.43333333	    108.15849011	      5.41717906	   -180.64159911	     -0.64172323	     -0.52660447	     -0.44942742	     38.80606311	      0.89229365	     -3.18098991	      6.41768955	      7.55449263	     -3.64742469	     -0.01716297	     -0.02108313	      0.00312052	      0.00000000	      0.00000000	      0.00000000	     -0.01090164	     -0.02009571	      0.00257453	      0.00000000	      0.00000000	      0.00000000	     -0.00387876	     -0.00281313	      0.00882526	    -26.34042384	   -313.02403984	     15.76973891	     19.09981123	      0.00000000	      0.00000000	      0.00000000	      0.00000000	   -142.31672190	    135.32741887	   -200.24765236	     23.58936908	      0.00000000	      0.00000000	      0.00000000	      0.00000000	     42.42435791	      3.07993146	    -22.45575116	    -16.11759838	     14.18230902	     -4.98473282	      0.00000000	     15.84095474	     24.98095987	      0.00000000	     40.55163147	     -3.55955978	     -5.57579595	    -12.21462891	     -2.00995925	     -0.47050465	      0.00000000	     18.32158069	     18.56380994	      0.00000000
      2.46666667	    108.65213990	      6.42648366	   -180.35314098	     -0.63558950	     -0.51616344	     -0.44943020	     38.66380741	      1.61702323	     -4.33426145	      7.50186226	      7.22404072	     -2.86457995	     -0.01492913	     -0.02041009	      0.00365216	      0.00000000	      0.00000000	      0.00000000	     -0.00749052	     -0.01728466	      0.00379902	      0.00000000	      0.00000000	      0.00000000	     -0.00365875	     -0.00521552	      0.00563599	    -26.85645317	   -311.30576759	     17.02987936	     17.40883254	      0.00000000	      0.00000000	      0.00000000	      0.00000000	   -140.71412993	    132.91216940	   -203.24972350	     21.68747196	      0.00000000	      0.00000000	      0.00000000	      0.00000000	     43.29730581	      3.50178875	    -23.75189375	    -14.91229105	     14.89690267	     -4.58487415	      0.00000000	     15.51814058	     24.98095987	      0.00000000	     42.27221374	     -3.97135652	     -5.86637913	    -12.85222740	     -2.48149181	     -0.72522161	      0.00000000	     17.10789492	     15.55550856	      0.00000000
      2.50000000	    109.32396397	      7.42388959	   -180.08729478	     -0.62887525	     -0.50601191	     -0.44902483	     38.58948299	      2.50633461	     -5.43658386	      9.06504440	      6.55828920	     -2.43296186	     -0.01178224	     -0.01902649	      0.00384685	      0.00000000	      0.00000000	      0.00000000	     -0.00439755	     -0.01331378	      0.00368858	      0.00000000	      0.00000000	      0.00000000	     -0.00403744	     -0.00607754	      0.00412422	    -28.07489977	   -309.12028566	     21.08862849	     14.80204042	      0.00000000	      0.00000000	      0.00000000	      0.00000000	   -139.24377449	    130.30592598	   -206.21142734	     18.42329506	      0.00000000	      0.00000000	      0.00000000	      0.00000000	     44.36335186	      3.73501650	    -24.21762864	    -14.02628700	     14.89690267	     -3.71184868	      0.00000000	     13.86295407	     24.98095987	      0.00000000	     44.09679068	     -4.17477083	     -5.26097289	    -13.31225281	     -2.00304628	     -1.06627718	      0.00000000	     17.93000015	     12.55278834	      0.00000000
      2.53333333	    109.64265010	      8.49341455	   -179.61992701	     -0.62254076	     -0.49682160	     -0.44926172	     38.07172753	      3.23699658	     -6.35850549	     10.99833205	      5.70942845	     -2.54731553	     -0.00849413	     -0.01774446	      0.00517946	      0.00000000	      0.00000000	      0.00000000	     -0.00288698	     -0.01114996	      0.00457912	      0.00000000	      0.00000000	      0.00000000	     -0.00368902	     -0.00489921	      0.00304705	    -29.54236317	   -306.30030428	     27.81336705	     11.10902730	      0.00000000	      0.00000000	      0.00000000	      0.00000000	   -138.54027364	    127.52977331	   -209.44993450	     14.40699416	      0.00000000	      0.00000000	      0.00000000	      0.00000000	     45.21208042	      4.25411738	    -25.40527283	    -13.73751642	     14.89690267	     -3.73167599	      0.00000000	     12.23999793	     24.98095987	      0.00000000	     45.30602994	     -4.36845824	     -4.01565708	    -13.28247971	      0.33231971	     -1.49440824	      0.00000000	     19.80463134	     12.13536630	      0.00000000
      2.56666667	    109.01709404	      9.35790208	   -179.05513854	     -0.61689494	     -0.48978201	     -0.44904210	     36.88556077	      3.99871562	     -7.60189548	     11.62467516	      5.10458930	     -2.22428558	     -0.00639889	     -0.01618924	      0.00568122	      0.00000000	      0.00000000	      0.00000000	      0.00050519	     -0.00968292	      0.00809393	      0.00000000	      0.00000000	      0.00000000	     -0.00641289	     -0.00839966	      0.00055637	    -28.99806026	   -302.46132080	     43.78203352	      4.93316262	      0.00000000	      0.00000000	      0.00000000	      0.00000000	   -136.79255356	    123.12261392	   -224.24336583	      6.28277109	      0.00000000	      0.00000000	      0.00000000	      0.00000000	     45.04373489	      4.53363518	    -26.32713634	    -13.81797299	     14.84150853	     -3.79285605	      0.00000000	     12.19075157	     24.98095987	      0.00000000	     45.27977262	     -4.48477340	     -2.21871691	    -13.02887986	      2.53102867	     -1.33504514	      0.00000000	     21.98228050	     10.24306134	      0.00000000
      2.60000000	    108.45047879	      9.86934004	   -179.19949340	     -0.61221018	     -0.48373812	     -0.45064532	     35.58388959	      4.53709354	     -6.70965256	     13.33674570	      4.55095913	     -3.05488287	     -0.00336297	     -0.01609731	      0.00753736	      0.00000000	      0.00000000	      0.00000000	      0.00092136	     -0.00843523	      0.01049770	      0.00000000	      0.00000000	      0.00000000	     -0.00424156	     -0.00901591	     -0.00127245	    -29.25875962	   -301.39246962	     43.76240161	      3.14409370	      0.00000000	      0.00000000	      0.00000000	      0.00000000	   -137.40082991	    119.24298744	   -247.49353241	      0.00000000	      0.00000000	      0.00000000	      0.00000000	      0.00000000	     44.98594308	      5.33445628	    -26.28916669	    -13.93111975	     13.31493326	     -4.05655293	      0.00000000	     13.16533715	     24.98095987	      0.00000000	     45.13570704	     -5.31917303	     -1.24260195	    -12.78883826	      4.35508394	     -0.51192350	      0.00000000	     22.77637292	      6.46688591	      0.00000000
      2.63333333	    108.49636638	     10.08209756	   -179.77098225	     -0.60850447	     -0.47947924	     -0.45252799	     35.16295400	      4.93319165	     -5.93469787	     13.96188438	      3.96471792	     -3.53384866	     -0.00190719	     -0.01579709	      0.00980560	      0.00000000	      0.00000000	      0.00000000	      0.00183667	     -0.00880940	      0.01118772	      0.00000000	      0.00000000	      0.00000000	     -0.00084588	     -0.00605856	      0.00016863	    -29.88314515	   -300.69633908	     43.82320217	      2.92959923	      0.00000000	      0.00000000	      0.00000000	      0.00000000	   -136.63741625	    118.63564270	   -248.17857281	      0.00000000	      0.00000000	      0.00000000	      0.00000000	      0.00000000	     45.52830165	      6.08337936	    -26.79288959	    -14.27909931	     12.74970509	     -4.49400740	      0.00000000	     14.65120085	     24.98095987	      0.00000000	     45.18237255	     -6.28309552	     -1.94314124	    -12.11031715	      3.68836649	      0.11225512	      0.00000000	     23.66205053	      5.41437036	      0.00000000
      2.66666667	    107.69919082	      9.55848692	   -180.66540700	     -0.60620883	     -0.47702756	     -0.45441497	     33.89779154	      4.77925807	     -3.87835588	     14.64320443	      3.90838005	     -4.57068204	     -0.00072700	     -0.01653872	      0.01104083	      0.00000000	      0.00000000	      0.00000000	     -0.00007296	     -0.01159970	      0.01183207	      0.00000000	      0.00000000	      0.00000000	      0.00227460	     -0.00568052	      0.00285057	    -31.42508201	   -300.19035588	     43.74883535	      2.74192481	      0.00000000	      0.00000000	      0.00000000	      0.00000000	   -135.42612747	    117.68500118	   -252.07247237	      0.00000000	      0.00000000	      0.00000000	      0.00000000	      0.00000000	     44.95040569	      6.54292719	    -26.91917611	    -14.40156902	     13.42505737	     -4.72990381	      0.00000000	     15.40214693	     24.98095987	      0.00000000	     43.78417539	     -6.83761106	     -3.20394588	    -10.85423344	      3.45497838	      0.36729525	      0.00000000	     24.32976863	      3.78598682	      0.00000000
      2.70000000	    107.59931257	      9.28200260	   -180.80972300	     -0.60405697	     -0.47487841	     -0.45606100	     33.44899100	      4.35631455	     -3.06968477	     14.32657316	      4.08371353	     -4.64182655	     -0.00256221	     -0.01613175	      0.01223205	      0.00000000	      0.00000000	      0.00000000	     -0.00155577	     -0.01284954	      0.01302142	      0.00000000	      0.00000000	      0.00000000	      0.00307740	     -0.00564701	      0.00367994	    -31.75188489	   -299.58565272	     43.04215478	      2.33088908	      0.00000000	      0.00000000	      0.00000000	      0.00000000	   -134.55606660	    116.89527774	   -252.65945852	      0.00000000	      0.00000000	      0.00000000	      0.00000000	      0.00000000	     45.24985389	      6.60730237	    -26.79690069	    -14.80664027	     14.39018666	     -4.98473282	      0.00000000	     15.83687163	     24.98095987	      0.00000000	     43.58604307	     -7.04170576	     -4.06413155	    -10.15154435	      4.84152620	      0.48917022	      0.00000000	     26.04284340	      5.23436243	      0.00000000
      2.73333333	    107.10964227	      8.20533376	   -181.45401462	     -0.60284651	     -0.47338404	     -0.45687277	     32.54325462	      3.49521446	     -1.62081359	     14.75284865	      4.51512706	     -4.46935849	     -0.00322768	     -0.01664800	      0.01259136	      0.00000000	      0.00000000	      0.00000000	     -0.00267584	     -0.01483320	      0.01521920	      0.00000000	      0.00000000	      0.00000000	      0.00310172	     -0.00536968	      0.00524761	    -30.41567760	   -298.54021711	     40.05840684	      1.00687291	      0.00000000	      0.00000000	      0.00000000	      0.00000000	   -133.41477791	    116.50281564	   -253.36659584	      0.00000000	      0.00000000	      0.00000000	      0.00000000	      0.00000000	     45.12714222	      6.41721001	    -24.49104368	    -15.19575486	     14.42907852	     -4.98473282	      0.00000000	     15.15214892	     24.98095987	      0.00000000	     42.55002455	     -6.69733497	     -8.11553740	     -9.08554016	      6.79639264	     -0.37663976	      0.00000000	     27.27526758	     10.41762358	      0.00000000
      2.76666667	    106.87143201	      7.66127591	   -181.38637099	     -0.60167157	     -0.47214229	     -0.45754410	     31.95762098	      2.64662975	     -0.99650423	     14.54758813	      4.78768512	     -3.94975391	     -0.00586045	     -0.01647030	      0.01391276	      0.00000000	      0.00000000	      0.00000000	     -0.00351859	     -0.01518676	      0.01629755	      0.00000000	      0.00000000	      0.00000000	      0.00333935	     -0.00459768	      0.00727399	    -30.07734875	   -298.03426162	     38.70962070	      0.00000000	      0.00000000	      0.00000000	      0.00000000	      0.00000000	   -132.63942760	    116.04457301	   -253.49594849	      0.00000000	      0.00000000	      0.00000000	      0.00000000	      0.00000000	     44.86205814	      6.18196633	    -23.10870237	    -14.90384518	     13.69978604	     -4.98473282	      0.00000000	     14.96535044	     24.98095987	      0.00000000	     42.31770717	     -6.45427276	     -8.50659021	     -8.98163150	      6.92439394	     -0.20723397	      0.00000000	     27.40071256	     11.41247280	      0.00000000
      2.80000000	    105.70161426	      6.70881579	   -182.19202408	     -0.60052279	     -0.47084505	     -0.45749748	     30.21702472	      1.97084855	     -0.21940527	     15.12041251	      5.31491233	     -3.38882561	     -0.00633943	     -0.01695635	      0.01476447	      0.00000000	      0.00000000	      0.00000000	     -0.00181983	     -0.01623085	      0.01730583	      0.00000000	      0.00000000	      0.00000000	      0.00081115	     -0.00575313	      0.00827836	    -28.83123090	   -297.08524923	     34.57895725	      0.00000000	      0.00000000	      0.00000000	      0.00000000	      0.00000000	   -129.77783636	    115.77035769	   -254.60428983	      0.00000000	      0.00000000	      0.00000000	      0.00000000	      0.00000000	     43.89590851	      6.40121768	    -18.94039035	    -15.15038956	      9.54302237	     -4.98473282	      0.00000000	     15.72622338	     24.98095987	      0.00000000	     40.80199178	     -6.44648899	    -10.04984362	     -8.96733629	      6.12540748	     -0.09776343	      0.00000000	     27.17592190	     11.52770363	      0.00000000
      2.83333333	    105.36680044	      6.32251012	   -182.04652099	     -0.59942752	     -0.46998366	     -0.45718659	     29.59122521	      1.43812116	      0.06971182	     14.87032657	      5.56455489	     -3.59880907	     -0.00753904	     -0.01634003	      0.01450735	      0.00000000	      0.00000000	      0.00000000	     -0.00258876	     -0.01540779	      0.01716104	      0.00000000	      0.00000000	      0.00000000	      0.00010801	     -0.00797799	      0.00791358	    -29.56364274	   -297.05389518	     33.96041767	      0.01190864	      0.00000000	      0.00000000	      0.00000000	      0.00000000	   -128.60028712	    114.94867057	   -254.76240862	      0.00000000	      0.00000000	      0.00000000	      0.00000000	      0.00000000	     43.58653531	      5.94620815	    -18.76113519	    -15.44374965	      8.22816554	     -4.98473282	      0.00000000	     17.81052812	     24.98095987	      0.00000000	     40.61028580	     -6.09642620	    -10.23209994	     -9.48797943	      5.80760741	     -0.08544898	      0.00000000	     27.16094873	     10.63815359	      0.00000000
      2.86666667	    105.00595940	      5.75273722	   -181.93151766	     -0.59883482	     -0.46928734	     -0.45645682	     28.96375372	      0.83923248	      0.17766362	     14.60687891	      5.85524424	     -4.20727530	     -0.00790265	     -0.01598752	      0.01367346	      0.00000000	      0.00000000	      0.00000000	     -0.00292156	     -0.01629384	      0.01676188	      0.00000000	      0.00000000	      0.00000000	     -0.00079215	     -0.00958229	      0.00750572	    -30.53312540	   -297.01621111	     33.74093529	      0.72922730	      0.00000000	      0.00000000	      0.00000000	      0.00000000	   -127.48380143	    114.61066407	   -254.53270034	      0.00000000	      0.00000000	      0.00000000	      0.00000000	      0.00000000	     43.37640520	      5.30884288	    -18.51936293	    -15.86279646	      7.96259798	     -4.98473282	      0.00000000	     19.27792967	     24.98095987	      0.00000000	     40.24896095	     -5.45861302	     -9.95937919	     -9.47492535	      5.92493592	     -0.07620215	      0.00000000	     27.20450177	     10.07565019	      0.00000000
      2.90000000	    105.04001888	      5.58514885	   -181.84254538	     -0.59881507	     -0.46918510	     -0.45547717	     28.86226168	      0.80543210	      0.17293453	     14.37162936	      5.91810221	     -4.41491775	     -0.00724417	     -0.01554703	      0.01285927	      0.00000000	      0.00000000	      0.00000000	     -0.00344721	     -0.01759279	      0.01720866	      0.00000000	      0.00000000	      0.00000000	     -0.00103819	     -0.01084040	      0.00723789	    -31.01482412	   -296.97321224	     33.66723189	      0.96552945	      0.00000000	      0.00000000	      0.00000000	      0.00000000	   -127.32853729	    114.51401795	   -254.32965440	      0.00000000	      0.00000000	      0.00000000	      0.00000000	      0.00000000	     43.40328367	      4.83692469	    -17.86366726	    -15.78799813	      8.96926079	     -4.48746723	      0.00000000	     19.05993418	     24.98095987	      0.00000000	     40.12827490	     -5.02627015	     -9.14545438	     -8.82218592	      6.68598940	     -0.30161426	      0.00000000	     27.49602933	     10.57844938	      0.00000000
      2.93333333	    104.90474125	      5.04632322	   -181.43755286	     -0.59903505	     -0.46975363	     -0.45303941	     28.43054756	      0.66623022	      0.09206775	     13.05300235	      5.57152603	     -4.92160388	     -0.01093469	     -0.01396737	      0.00962479	      0.00000000	      0.00000000	      0.00000000	     -0.00424166	     -0.01967888	      0.01214728	      0.00000000	      0.00000000	      0.00000000	     -0.00238017	     -0.01130239	      0.00479530	    -34.48018289	   -297.72989208	     32.52926321	      2.90265531	      0.00000000	      0.00000000	      0.00000000	      0.00000000	   -128.39191017	    114.48976998	   -252.26784278	      0.00000000	      0.00000000	      0.00000000	      0.00000000	      0.00000000	     43.17502067	      3.43213251	    -17.85847092	    -15.49654371	     11.32725813	     -3.45917447	      0.00000000	     18.57167296	     24.98095987	      0.00000000	     39.84922593	     -3.77613618	     -9.06319702	     -8.20068448	      7.05345546	     -1.24807827	      0.00000000	     27.29437206	     12.53912281	      0.00000000
      2.96666667	    105.61391475	      5.50420679	   -181.57259222	     -0.59953256	     -0.47166326	     -0.45185894	     28.91206299	      1.69728457	      0.10995436	     12.55713128	      3.96113456	     -3.17120898	     -0.01327058	     -0.01241772	      0.01087283	      0.00000000	      0.00000000	      0.00000000	     -0.00734245	     -0.02230148	      0.00697718	      0.00000000	      0.00000000	      0.00000000	     -0.00512866	     -0.01009748	     -0.00002911	    -37.90269790	   -299.35717299	     25.95144054	      6.34885983	      0.00000000	      0.00000000	      0.00000000	      0.00000000	   -131.41981925	    114.41154979	   -247.52883533	      0.00000000	      0.00000000	      0.00000000	      0.00000000	      0.00000000	     43.38032608	      3.61861123	    -18.60814122	    -14.33818304	     13.18816715	     -3.11270520	      0.00000000	     18.14967141	     24.98095987	      0.00000000	     40.50436665	     -4.09777960	     -8.89308905	     -7.91833155	      6.23807920	     -1.51461793	      0.00000000	     27.94612254	     15.33962412	      0.00000000
      3.00000000	    106.85614452	      5.55740275	   -181.62666415	     -0.60041621	     -0.47462370	     -0.45048298	     29.86269450	      2.20639331	     -0.27811745	     12.23033153	      3.07054506	     -1.42126495	     -0.01569391	     -0.01020500	      0.01011030	      0.00000000	      0.00000000	      0.00000000	     -0.00834333	     -0.02373367	      0.00019227	      0.00000000	      0.00000000	      0.00000000	     -0.01118946	     -0.01161587	     -0.00283419	    -39.95731449	   -303.49675602	     14.02202983	     15.19806523	      0.00000000	      0.00000000	      0.00000000	      0.00000000	   -131.67654099	    114.80268498	   -242.17138747	      0.52532860	      0.00000000	      0.00000000	      0.00000000	      0.00000000	     44.15711064	      3.38401738	    -19.37082041	    -13.47162781	     12.16356433	     -2.56304853	      0.00000000	     19.58051991	     24.98095987	      0.00000000	     41.65616908	     -3.94329387	     -7.63990397	     -7.79826380	      5.15234844	     -1.45964815	      0.00000000	     27.93029788	     15.69708308	      0.00000000
      3.03333333	    107.83950891	      5.23641113	   -181.93921774	     -0.60177608	     -0.47937446	     -0.45083852	     30.39505024	      2.01884458	      0.51085981	     12.15329012	      2.85128507	     -1.40816057	     -0.01794375	     -0.00801563	      0.00801670	      0.00000000	      0.00000000	      0.00000000	     -0.00949573	     -0.02405549	     -0.00131637	      0.00000000	      0.00000000	      0.00000000	     -0.00130617	      0.00017969	      0.00981938	    -39.07097546	   -309.24718576	      4.47483956	     26.52814189	      0.00000000	      0.00000000	      0.00000000	      0.00000000	   -131.22323089	    125.71818728	   -201.39367458	     22.56072015	      0.00000000	      0.00000000	      0.00000000	      0.00000000	     44.64053213	      3.62938050	    -19.06603547	    -12.79186656	      8.81685189	     -2.72873459	      0.00000000	     23.55907483	     24.98095987	      0.00000000	     42.30561806	     -4.03055772	     -7.54382879	     -7.83215178	      5.27247791	     -0.63586966	      0.00000000	     29.40353002	     14.12090716	      0.00000000
      3.06666667	    108.40724724	      5.80214785	   -181.95801527	     -0.60441463	     -0.48550054	     -0.45178181	     30.21356225	      2.53258740	      0.06275653	     12.24805397	      1.71576919	      0.51492904	     -0.01991423	     -0.00768620	      0.01048325	      0.00000000	      0.00000000	      0.00000000	     -0.00792519	     -0.02681708	     -0.00177470	      0.00000000	      0.00000000	      0.00000000	     -0.00197538	      0.00072342	      0.01000368	    -37.61967980	   -313.98314836	     -0.04399680	     37.45628927	      0.00000000	      0.00000000	      0.00000000	      0.00000000	   -134.01724268	    129.80061074	   -192.40644651	     30.55972081	      0.00000000	      0.00000000	      0.00000000	      0.00000000	     44.16108203	      4.36364786	    -20.61998186	    -11.37322352	      6.76759667	     -2.91563757	      0.00000000	     26.49397264	     24.98095987	      0.00000000	     42.42852174	     -4.85296676	     -6.61049689	     -7.83641615	      4.32802490	      0.63171207	      0.00000000	     31.57096604	     12.73652535	      0.00000000
      3.10000000	    108.75644505	      6.68357584	   -182.10899591	     -0.60799526	     -0.49282421	     -0.45270193	     29.58881743	      3.43696408	     -0.47837887	     12.52968591	      1.78641927	      0.44983895	     -0.02054503	     -0.00824273	      0.00912630	      0.00000000	      0.00000000	      0.00000000	     -0.00715598	     -0.03034153	     -0.00297802	      0.00000000	      0.00000000	      0.00000000	     -0.00225611	      0.00009071	      0.00950152	    -36.92792104	   -317.17125837	     -1.90156915	     45.44005459	      0.00000000	      0.00000000	      0.00000000	      0.00000000	   -137.32663632	    133.63547483	   -185.62543395	     38.72591608	      0.00000000	      0.00000000	      0.00000000	      0.00000000	     43.31287424	      5.26548299	    -21.06872964	    -10.12248946	      5.99260545	     -2.79091980	      0.00000000	     27.13302166	     24.98095987	      0.00000000	     42.23052108	     -5.93664253	     -5.35698766	     -8.01015470	      2.62739730	      1.45624704	      0.00000000	     33.59211824	     11.23655168	      0.00000000
      3.13333333	    108.63100898	      7.57917045	   -181.94316328	     -0.61204625	     -0.50141218	     -0.45299118	     28.30900571	      4.32333308	     -1.20992469	     12.33701855	      1.90269411	     -0.45288443	     -0.02166502	     -0.00948388	      0.00829224	      0.00000000	      0.00000000	      0.00000000	     -0.00769959	     -0.03180319	     -0.00595152	      0.00000000	      0.00000000	      0.00000000	     -0.00459073	     -0.00172539	      0.01017031	    -36.20677779	   -319.62349908	     -3.74987705	     51.46793487	      0.00000000	      0.00000000	      0.00000000	      0.00000000	   -139.72632885	    136.31433326	   -180.93942871	     45.12669441	      0.00000000	      0.00000000	      0.00000000	      0.00000000	     41.90076256	      5.90503363	    -20.96038557	     -9.31330538	      6.69166213	     -2.49319768	      0.00000000	     25.16231403	     24.98095987	      0.00000000	     41.48939265	     -6.66515297	     -3.67801940	     -8.16065316	      0.84243742	      1.55909262	      0.00000000	     34.02040547	     10.36811559	      0.00000000
      3.16666667	    107.67682338	      7.58031668	   -181.04458829	     -0.61644915	     -0.51151510	     -0.45200180	     26.11767096	      4.15659722	     -2.04885223	     11.37877175	      2.11306814	     -1.91021586	     -0.02389902	     -0.01098235	      0.00852710	      0.00000000	      0.00000000	      0.00000000	     -0.00937268	     -0.03059765	     -0.00809270	      0.00000000	      0.00000000	      0.00000000	     -0.00703689	     -0.00132366	      0.01205433	    -34.80891148	   -321.88186592	     -5.66802368	     56.83445647	      0.00000000	      0.00000000	      0.00000000	      0.00000000	   -142.12678117	    138.49551881	   -176.99988141	     50.91688359	      0.00000000	      0.00000000	      0.00000000	      0.00000000	     39.80955051	      5.33875429	    -20.78507559	     -9.39477051	      8.45791824	     -2.16169206	      0.00000000	     21.72750241	     24.98095987	      0.00000000	     39.61062655	     -5.96606868	     -1.69993388	     -7.71511689	     -0.23060025	      0.94495984	      0.00000000	     32.67979781	     10.35510990	      0.00000000
      3.20000000	    106.03620380	      6.45910394	   -179.73014616	     -0.62095192	     -0.52328109	     -0.44998028	     23.18415925	      2.81512024	     -2.84475283	      9.48386745	      2.13399564	     -3.24456680	     -0.02732898	     -0.01220921	      0.01094855	      0.00000000	      0.00000000	      0.00000000	     -0.01094416	     -0.02721204	     -0.00858011	      0.00000000	      0.00000000	      0.00000000	     -0.00808330	      0.00134755	      0.01420105	    -32.78479434	   -324.33797504	     -7.11582875	     62.41029962	      0.00000000	      0.00000000	      0.00000000	      0.00000000	   -144.97550247	    140.61231507	   -173.63628587	     57.16820428	      0.00000000	      0.00000000	      0.00000000	      0.00000000	     37.18345588	      3.62580605	    -20.66103311	    -10.12261117	     11.01173384	     -2.01898981	      0.00000000	     19.15617330	     24.98095987	      0.00000000	     36.60782875	     -4.01435781	     -0.38021787	     -6.62243797	     -0.44614412	      0.07529634	      0.00000000	     31.04039049	     10.08256523	      0.00000000
      3.23333333	    103.12520561	      5.09109894	   -178.57506950	     -0.62628555	     -0.53690782	     -0.44831689	     18.67959279	      1.24213670	     -3.36490918	      7.40285052	      1.83804766	     -3.55110473	     -0.03087710	     -0.01390786	      0.01660379	      0.00000000	      0.00000000	      0.00000000	     -0.01227769	     -0.02370050	     -0.00764778	      0.00000000	      0.00000000	      0.00000000	     -0.00815613	      0.00511022	      0.01562365	    -30.28335289	   -327.05840256	     -8.40602199	     68.79502774	      0.00000000	      0.00000000	      0.00000000	      0.00000000	   -147.55560730	    142.96179728	   -171.96296607	     64.33544970	      0.00000000	      0.00000000	      0.00000000	      0.00000000	     32.86027414	      1.97680286	    -20.91552832	    -10.10731117	     14.89690267	     -2.12835697	      0.00000000	     18.19520243	     24.98095987	      0.00000000	     31.87048350	     -2.34212685	     -0.26483526	     -5.11554866	      0.32891234	     -0.22874701	      0.00000000	     30.47299104	      7.70774512	      0.00000000
      3.26666667	     99.06689893	      4.35845516	   -177.84645218	     -0.63324846	     -0.55161825	     -0.44566047	     12.82839210	      0.91255814	     -4.25551943	      5.61115599	      0.82142535	     -2.17891340	     -0.03170285	     -0.01661549	      0.02298996	      0.00000000	      0.00000000	      0.00000000	     -0.01007342	     -0.01732670	     -0.00840396	      0.00000000	      0.00000000	      0.00000000	     -0.01156567	      0.00625508	      0.01557094	    -27.24157699	   -330.21759338	     -9.23218758	     75.46759035	      0.00000000	      0.00000000	      0.00000000	      0.00000000	   -148.77883638	    145.92221066	   -171.12565876	     71.14356428	      0.00000000	      0.00000000	      0.00000000	      0.00000000	     27.23219981	      0.87360836	    -18.95097665	     -9.50754074	     14.89690267	     -1.19908383	      0.00000000	     17.39293876	     24.98095987	      0.00000000	     25.85452804	     -1.55279936	     -1.97770622	     -3.71444341	      1.70612198	     -0.07695759	      0.00000000	     30.17273865	      1.92891895	      0.00000000
      3.30000000	     98.83878074	      4.72047528	   -177.89924383	     -0.64060179	     -0.56624670	     -0.44370160	     11.40798911	      1.73568506	     -5.01932850	      5.67332997	     -0.29857256	     -1.99590484	     -0.02352516	     -0.01995745	      0.02521555	      0.00000000	      0.00000000	      0.00000000	     -0.00868174	     -0.01254990	     -0.01332123	      0.00000000	      0.00000000	      0.00000000	     -0.01523289	      0.00554174	      0.02100547	    -25.52056426	   -333.86397688	     -9.93440462	     81.47519619	      0.00000000	      0.00000000	      0.00000000	      0.00000000	   -146.52589105	    151.41898594	   -171.09250952	     78.49857781	      0.00000000	      0.00000000	      0.00000000	      0.00000000	     25.30132465	      1.09938177	    -18.19710217	     -7.79852543	     14.89690267	     -0.46593652	      0.00000000	     15.95784890	     24.98095987	      0.00000000	     24.20857918	     -1.91159738	     -3.87432062	     -3.07630669	      0.16537583	      0.13854357	      0.00000000	     30.87691083	     -0.23129995	      0.00000000
      3.33333333	     98.42362495	      4.92850237	   -178.10503691	     -0.64854059	     -0.58103541	     -0.44190360	      9.43481063	      2.28762285	     -4.98681652	      7.52126028	     -0.71108654	     -0.06348252	     -0.01292548	     -0.02417813	      0.02679834	      0.00000000	      0.00000000	      0.00000000	     -0.01107159	     -0.01040038	     -0.01654560	      0.00000000	      0.00000000	      0.00000000	     -0.02004173	      0.00560362	      0.02833589	    -24.45438154	   -336.94384920	    -11.41544318	     86.90508218	      0.00000000	      0.00000000	      0.00000000	      0.00000000	   -143.07456629	    156.91981434	   -171.28067424	     85.26756644	      0.00000000	      0.00000000	      0.00000000	      0.00000000	     23.11834391	      1.06296953	    -18.28322757	     -6.01512876	     14.07127348	      0.82898728	      0.00000000	     13.65707780	     24.98095987	      0.00000000	     22.52381236	     -2.35406739	     -5.35657191	     -3.02430285	     -1.19532196	      0.69334020	      0.00000000	     31.15963074	     -0.76562060	      0.00000000
      3.36666667	     98.08996992	      4.53306316	   -178.22091691	     -0.65615086	     -0.59543822	     -0.44016332	      7.21489196	      2.03719183	     -4.38376326	     11.08111022	     -0.54337547	      1.34651173	     -0.00136418	     -0.02852837	      0.02576658	      0.00000000	      0.00000000	      0.00000000	     -0.01742675	     -0.00871639	     -0.01943796	      0.00000000	      0.00000000	      0.00000000	     -0.02338649	      0.00654900	      0.03883406	    -25.03640174	   -339.64144011	    -12.48884823	     90.38332597	      0.00000000	      0.00000000	      0.00000000	      0.00000000	   -138.88531801	    161.80877935	   -171.24548792	     91.17386806	      0.00000000	      0.00000000	      0.00000000	      0.00000000	     21.52474910	      0.42439746	    -17.15384416	     -5.40326362	     11.50857500	      1.83843037	      0.00000000	     11.89253640	     24.98095987	      0.00000000	     21.06935397	     -2.06289867	     -6.37660540	     -3.33215948	     -2.10159138	      0.90287041	      0.00000000	     31.00678593	      0.53425615	      0.00000000
      3.40000000	     98.97203610	      3.57532282	   -178.54467822	     -0.66296088	     -0.60923763	     -0.43913129	      6.17345711	      1.01318829	     -2.85755836	     14.78474086	      0.06331045	      0.85125163	      0.00735389	     -0.03200493	      0.02143921	      0.00000000	      0.00000000	      0.00000000	     -0.02632401	     -0.00732347	     -0.02191687	      0.00000000	      0.00000000	      0.00000000	     -0.02574823	      0.01072824	      0.04749904	    -26.51647192	   -342.72246278	    -12.61638884	     92.73895228	      0.00000000	      0.00000000	      0.00000000	      0.00000000	   -136.24298124	    165.53564828	   -172.03610179	     95.82173918	      0.00000000	      0.00000000	      0.00000000	      0.00000000	     21.71630858	     -0.39924474	    -16.44464730	     -5.82798850	      9.95226334	      1.62629385	      0.00000000	     12.39524543	     24.98095987	      0.00000000	     21.07567990	     -1.26179468	     -6.52856933	     -4.02752731	     -2.24377008	      0.80830114	      0.00000000	     29.84990034	      1.64141878	      0.00000000
      3.43333333	    103.23809099	      2.00937007	   -179.87357765	     -0.66841829	     -0.62063583	     -0.43901181	      8.74594057	     -0.80050361	     -0.17149111	     16.63796873	      2.74903994	     -3.42478771	      0.00925978	     -0.03368806	      0.00922175	      0.00000000	      0.00000000	      0.00000000	     -0.03262512	     -0.00481772	     -0.02019252	      0.00000000	      0.00000000	      0.00000000	     -0.02765631	      0.01863544	      0.04803730	    -25.98015023	   -346.90660240	    -11.70106736	     96.18021373	      0.00000000	      0.00000000	      0.00000000	      0.00000000	   -137.38319933	    168.90205443	   -173.39170430	    100.98901945	      0.00000000	      0.00000000	      0.00000000	      0.00000000	     26.62325688	     -1.08349935	    -12.92077903	     -8.03909978	      6.19214716	      0.46503161	      0.00000000	     14.80986431	     24.98095987	      0.00000000	     24.96334371	     -0.24940948	     -7.40304984	     -5.16952137	     -3.39393455	      0.59963968	      0.00000000	     28.81034553	      3.33949572	      0.00000000
      3.46666667	    106.37966416	      1.51340965	   -180.11198994	     -0.67397498	     -0.63316828	     -0.43876387	     10.29112144	     -1.24606237	      0.24395938	     16.94491615	      3.31403519	     -5.13471386	      0.00683991	     -0.03519419	      0.00336269	      0.00000000	      0.00000000	      0.00000000	     -0.03151461	     -0.00467983	     -0.01729592	      0.00000000	      0.00000000	      0.00000000	     -0.02911345	      0.02349297	      0.04149065	    -23.83307247	   -351.37712947	    -10.62749764	    102.25742115	      0.00000000	      0.00000000	      0.00000000	      0.00000000	   -141.06799551	    173.55356463	   -173.89579894	    107.22351701	      0.00000000	      0.00000000	      0.00000000	      0.00000000	     29.42915084	     -0.86431035	    -13.19463436	     -8.83142270	      4.73314663	     -1.12092210	      0.00000000	     16.57011933	     24.98095987	      0.00000000	     27.69551163	      0.12976070	     -6.29393108	     -5.95190783	     -4.04711041	      0.43351567	      0.00000000	     27.24307124	      3.40510293	      0.00000000
      3.50000000	    108.71664480	      1.38265235	   -180.38386808	     -0.67906686	     -0.64630255	     -0.43908884	     11.16625157	     -1.30693194	      0.28553438	     16.70252186	      3.75852289	     -6.50396666	      0.00380200	     -0.03596577	     -0.00037088	      0.00000000	      0.00000000	      0.00000000	     -0.03074498	     -0.00862884	     -0.01294058	      0.00000000	      0.00000000	      0.00000000	     -0.03099746	      0.02454880	      0.03320654	    -20.31022393	   -354.84516615	    -11.19408148	    109.49360864	      0.00000000	      0.00000000	      0.00000000	      0.00000000	   -145.41843995	    177.74898978	   -173.60325312	    112.97164951	      0.00000000	      0.00000000	      0.00000000	      0.00000000	     30.84441880	     -0.35235080	    -13.06574320	     -8.68246248	      3.63775220	     -1.94303525	      0.00000000	     17.36135894	     24.27570947	      0.00000000	     29.50837589	      0.04783720	     -5.17158297	     -6.66109519	     -3.47731855	      0.42443653	      0.00000000	     26.73027961	      4.07555456	      0.00000000
      3.53333333	    110.26921203	      1.21342538	   -180.61601179	     -0.68381372	     -0.65869064	     -0.43938909	     11.18142338	     -1.45540843	      0.23304347	     15.89785746	      3.91083727	     -7.04625075	     -0.00104810	     -0.03563768	     -0.00032299	      0.00000000	      0.00000000	      0.00000000	     -0.03385558	     -0.01452960	     -0.01072080	      0.00000000	      0.00000000	      0.00000000	     -0.03152997	      0.02311181	      0.02644874	    -18.07102479	   -356.93262282	    -11.88587437	    115.84259726	      0.00000000	      0.00000000	      0.00000000	      0.00000000	   -149.31819016	    180.80546497	   -172.95956755	    118.16013578	      0.00000000	      0.00000000	      0.00000000	      0.00000000	     31.36350011	     -0.14704766	    -12.69625605	     -8.26258591	      3.11707493	     -2.10226647	      0.00000000	     16.57881108	     24.51189587	      0.00000000	     30.47544437	      0.11274545	     -4.05453863	     -7.26904760	     -2.01769367	      0.21034547	      0.00000000	     25.91889401	      5.28136872	      0.00000000
      3.56666667	    112.07403160	      1.01086399	   -180.74493845	     -0.68775653	     -0.67058204	     -0.43945268	     12.09933744	     -1.62743775	     -0.15317621	     14.89548966	      3.84733249	     -7.02921964	     -0.00245356	     -0.03445020	      0.00213038	      0.00000000	      0.00000000	      0.00000000	     -0.03511731	     -0.01739940	     -0.01400318	      0.00000000	      0.00000000	      0.00000000	     -0.02792899	      0.02042621	      0.02331401	    -17.47849957	   -359.30288053	    -12.31867930	    119.93172452	      0.00000000	      0.00000000	      0.00000000	      0.00000000	   -153.06625195	    184.04549446	   -170.72315475	    122.14651728	      0.00000000	      0.00000000	      0.00000000	      0.00000000	     32.24498925	     -0.36296141	    -11.25091887	     -7.97555244	      2.80817832	     -1.64159089	      0.00000000	     15.20748633	     24.98095987	      0.00000000	     31.32494142	      0.30778208	     -3.28867992	     -7.07924354	      0.09632067	     -0.26598941	      0.00000000	     25.48078223	      6.64513482	      0.00000000
      3.60000000	    113.23394692	      0.75828520	   -181.16288353	     -0.69077240	     -0.67953995	     -0.43950793	     12.16345824	     -1.88538403	      0.06589137	     15.03870385	      3.51720681	     -6.72764695	     -0.00371687	     -0.03343756	      0.00741178	      0.00000000	      0.00000000	      0.00000000	     -0.03763022	     -0.01616618	     -0.01667756	      0.00000000	      0.00000000	      0.00000000	     -0.02651769	      0.01431344	      0.02051146	    -17.05967453	   -361.59918915	    -11.97028875	    121.87467474	      0.00000000	      0.00000000	      0.00000000	      0.00000000	   -156.06093202	    186.11690322	   -167.75015651	    125.14389791	      0.00000000	      0.00000000	      0.00000000	      0.00000000	     32.82617068	     -0.57466038	     -9.68339157	     -7.93322323	      3.25018702	     -1.26529951	      0.00000000	     14.20580740	     24.98095987	      0.00000000	     31.52357530	      0.53330686	     -3.12451602	     -6.48699541	      0.70636689	     -0.98433373	      0.00000000	     25.26336453	      6.75032652	      0.00000000
      3.63333333	    114.06145798	      0.85454944	   -181.43156229	     -0.69260593	     -0.68535824	     -0.43968532	     12.07956354	     -1.80231877	      0.17402325	     15.72722283	      3.15094773	     -6.28306199	     -0.00422154	     -0.03304696	      0.01316377	      0.00000000	      0.00000000	      0.00000000	     -0.03895231	     -0.01483981	     -0.01911321	      0.00000000	      0.00000000	      0.00000000	     -0.02721864	      0.00430116	      0.02011181	    -17.14684349	   -364.07272507	    -11.88328563	    122.67543207	      0.00000000	      0.00000000	      0.00000000	      0.00000000	   -156.88810250	    187.87864595	   -164.79830317	    127.03474509	      0.00000000	      0.00000000	      0.00000000	      0.00000000	     33.52126915	     -0.50011212	     -8.46000737	     -8.42035948	      3.55366435	     -1.25345114	      0.00000000	     14.65399851	     24.97815016	      0.00000000	     31.67194173	      0.43857470	     -3.39478149	     -5.84728801	      0.23630336	     -1.37471874	      0.00000000	     25.54770634	      5.78624702	      0.00000000
      3.66666667	    117.09416349	      1.09770412	   -181.58542224	     -0.69267018	     -0.68702620	     -0.43982223	     14.91924033	     -1.47041646	     -0.27246247	     16.06138689	      2.41994094	     -4.10559281	     -0.00435462	     -0.03275143	      0.02113799	      0.00000000	      0.00000000	      0.00000000	     -0.03888251	     -0.01737546	     -0.02026930	      0.00000000	      0.00000000	      0.00000000	     -0.03032406	     -0.00481523	      0.01975170	    -18.27824931	   -366.33163000	    -11.90513440	    123.30160793	      0.00000000	      0.00000000	      0.00000000	      0.00000000	   -156.42539313	    189.35288159	   -163.23046679	    128.35800092	      0.00000000	      0.00000000	      0.00000000	      0.00000000	     37.10333833	     -0.22991100	     -6.39921501	     -9.42144453	      3.15669590	     -0.99161934	      0.00000000	     16.05166722	     22.51934366	      0.00000000	     34.73902485	      0.11837941	     -1.80757248	     -5.73801278	     -0.09845716	     -0.96839068	      0.00000000	     24.57198028	      0.98211080	      0.00000000
      3.70000000	    119.34857287	      2.03842749	   -181.14699445	     -0.69136190	     -0.68579011	     -0.44055351	     17.26126877	     -0.47499814	     -1.14599130	     16.81232019	      2.33627833	     -5.00448016	     -0.00398883	     -0.03220026	      0.02188009	      0.00000000	      0.00000000	      0.00000000	     -0.04141818	     -0.02391677	     -0.02371096	      0.00000000	      0.00000000	      0.00000000	     -0.03381412	     -0.00991189	      0.01974039	    -21.09075847	   -367.20702915	    -12.77524593	    123.20851135	      0.00000000	      0.00000000	      0.00000000	      0.00000000	   -155.10469377	    189.45355302	   -163.86729543	    128.51704834	      0.00000000	      0.00000000	      0.00000000	      0.00000000	     40.06196283	      0.62444276	     -7.55720965	    -10.37419488	      4.07982966	     -1.57403413	      0.00000000	     17.34141174	     20.97057568	      0.00000000	     38.05109278	     -0.62859316	     -0.03862255	     -7.29621142	     -0.09023966	      0.01152248	      0.00000000	     24.51227703	     -2.34646613	      0.00000000
      3.73333333	    121.53642174	      2.89103338	   -180.46483213	     -0.68928166	     -0.68305726	     -0.44140049	     20.23184724	      0.40414060	     -2.79392995	     16.07020720	      1.88254464	     -4.97303256	     -0.00660190	     -0.03084865	      0.02298169	      0.00000000	      0.00000000	      0.00000000	     -0.04110877	     -0.02852160	     -0.02365307	      0.00000000	      0.00000000	      0.00000000	     -0.03734630	     -0.00751795	      0.01589038	    -22.91954086	   -366.72334693	    -12.60927120	    123.59221446	      0.00000000	      0.00000000	      0.00000000	      0.00000000	   -155.34797049	    189.19127170	   -165.70173138	    127.76407104	      0.00000000	      0.00000000	      0.00000000	      0.00000000	     42.85014274	      1.30882292	     -8.87363583	    -10.89217898	      5.16441819	     -2.29416595	      0.00000000	     17.98201140	     19.49152598	      0.00000000	     41.31719333	     -1.21763274	      2.73996844	     -8.56632314	     -0.57814651	      1.51265944	      0.00000000	     24.23356867	     -4.73808981	      0.00000000
      3.76666667	    121.24613589	      2.81277936	   -180.26667694	     -0.68800861	     -0.68057076	     -0.44208547	     21.16366317	      0.48872679	     -3.65482619	     16.02201814	      1.60042407	     -5.46169617	     -0.00695817	     -0.03094808	      0.02288631	      0.00000000	      0.00000000	      0.00000000	     -0.03568260	     -0.02813747	     -0.02265227	      0.00000000	      0.00000000	      0.00000000	     -0.03620515	     -0.00106685	      0.01198658	    -23.24673529	   -365.70423833	    -11.95895188	    124.41954541	      0.00000000	      0.00000000	      0.00000000	      0.00000000	   -155.81792690	    189.85615672	   -167.36999418	    126.07256899	      0.00000000	      0.00000000	      0.00000000	      0.00000000	     42.64833410	      1.50284405	     -8.71026231	    -10.69822247	      5.32603037	     -2.79954881	      0.00000000	     17.90098398	     19.34790482	      0.00000000	     41.25094057	     -1.17325923	      2.58666559	     -8.57482594	     -0.93068625	      1.88163757	      0.00000000	     24.22775275	     -4.86796476	      0.00000000
      3.80000000	    121.26190270	      3.10398143	   -179.39155117	     -0.68764339	     -0.67658437	     -0.44282528	     23.01266535	      0.90080295	     -4.53432132	     14.70205258	      0.63626389	     -9.02319514	     -0.00978524	     -0.03042991	      0.01857859	      0.00000000	      0.00000000	      0.00000000	     -0.03078214	     -0.02150011	     -0.02324109	      0.00000000	      0.00000000	      0.00000000	     -0.03508971	      0.00777346	      0.00823626	    -22.66483887	   -364.35817098	    -11.66299733	    124.79692016	      0.00000000	      0.00000000	      0.00000000	      0.00000000	   -156.06233473	    189.49028442	   -168.90759588	    122.33107123	      0.00000000	      0.00000000	      0.00000000	      0.00000000	     42.23079198	      1.44379162	     -8.67956529	     -9.75735328	      5.93741542	     -2.96817197	      0.00000000	     16.58121913	     15.81873523	      0.00000000	     41.87487037	     -0.78907510	      4.69146942	     -9.13883795	     -2.35838116	      1.50246921	      0.00000000	     24.29946127	     -4.03286013	      0.00000000
      3.83333333	    120.24402140	      2.15796468	   -179.13244834	     -0.68818779	     -0.67198951	     -0.44327598	     24.14186216	      0.22054435	     -4.14425798	     13.70823214	      0.60586988	    -12.77996882	     -0.01150784	     -0.03039591	      0.01287663	      0.00000000	      0.00000000	      0.00000000	     -0.02724218	     -0.01336825	     -0.02275233	      0.00000000	      0.00000000	      0.00000000	     -0.03086767	      0.01526301	      0.01029229	    -20.96710769	   -362.53405804	    -11.14503016	    123.58221467	      0.00000000	      0.00000000	      0.00000000	      0.00000000	   -154.42087788	    188.90936131	   -169.78355913	    118.19524892	      0.00000000	      0.00000000	      0.00000000	      0.00000000	     41.06854085	      0.44471448	     -7.16053911	     -9.50456477	      8.48908657	     -2.61140360	      0.00000000	     14.93957804	      9.73769392	      0.00000000	     40.75697768	      0.31842686	      5.22588480	     -8.72149569	     -3.83496044	      0.44444518	      0.00000000	     23.32054875	     -2.02380811	      0.00000000
      3.86666667	    119.18349727	      1.34386109	   -178.85035163	     -0.68890573	     -0.66618680	     -0.44506082	     25.41618251	     -0.61037675	     -4.07029670	     12.36038796	     -0.15576332	    -15.39696735	     -0.01494617	     -0.03063477	      0.01100523	      0.00000000	      0.00000000	      0.00000000	     -0.02514136	     -0.00758883	     -0.02222535	      0.00000000	      0.00000000	      0.00000000	     -0.02811784	      0.01948884	      0.01711684	    -19.32893828	   -360.50458229	    -10.20868786	    119.80892090	      0.00000000	      0.00000000	      0.00000000	      0.00000000	   -151.82041533	    186.53121288	   -169.69841891	    113.75329926	      0.00000000	      0.00000000	      0.00000000	      0.00000000	     40.25929083	      0.00667417	     -7.25367505	     -9.54000323	      8.87583079	     -3.17696813	      0.00000000	     13.39346067	      7.96580512	      0.00000000	     39.60571587	      1.17151704	      4.67956295	     -8.18248148	     -2.99923114	     -0.38332772	      0.00000000	     21.50973735	     -0.03059839	      0.00000000
      3.90000000	    118.00696391	      0.77739247	   -178.91548750	     -0.68886440	     -0.65927230	     -0.44767799	     26.67258130	     -1.20702670	     -3.71046722	     11.13317201	     -0.21079539	    -17.63377036	     -0.01910802	     -0.03024546	      0.00721244	      0.00000000	      0.00000000	      0.00000000	     -0.02488937	     -0.00462084	     -0.02077731	      0.00000000	      0.00000000	      0.00000000	     -0.02798338	      0.02159486	      0.02358564	    -18.31961012	   -358.12311047	     -9.07090180	    113.35817440	      0.00000000	      0.00000000	      0.00000000	      0.00000000	   -148.98552597	    181.94375160	   -170.87805279	    108.21892236	      0.00000000	      0.00000000	      0.00000000	      0.00000000	     39.82385016	      0.14923413	     -7.75191528	    -10.00571291	      8.53417201	     -3.81699197	      0.00000000	     12.50085892	      9.49712091	      0.00000000	     38.42377491	      1.48241409	      3.18074039	     -7.51530479	     -1.96516691	     -0.64178996	      0.00000000	     20.14127165	      2.51606290	      0.00000000
      3.93333333	    116.54943132	      0.60479916	   -179.31315930	     -0.68708993	     -0.65227925	     -0.45113272	     27.72079857	     -1.44021893	     -2.81133598	     11.13864210	      0.15656820	    -18.65504905	     -0.02105866	     -0.02977249	      0.00283611	      0.00000000	      0.00000000	      0.00000000	     -0.02527008	     -0.00243776	     -0.01997708	      0.00000000	      0.00000000	      0.00000000	     -0.03105363	      0.02358222	      0.02550745	    -18.28545512	   -355.83788304	     -8.35597670	    105.34790984	      0.00000000	      0.00000000	      0.00000000	      0.00000000	   -147.15009379	    175.74403962	   -173.33138801	    101.10749730	      0.00000000	      0.00000000	      0.00000000	      0.00000000	     39.38552970	      0.97171051	    -10.53211314	    -10.37438077	      4.44898918	     -4.98473282	      0.00000000	     14.09714194	     22.19575180	      0.00000000	     37.03607953	      1.12118819	     -1.16996805	     -6.74027703	     -1.81636415	     -0.74365762	      0.00000000	     21.45581128	      7.67178245	      0.00000000
      3.96666667	    115.77656206	      1.58548650	   -179.43594305	     -0.68462120	     -0.64433204	     -0.45411846	     29.53963677	     -0.59013125	     -3.86789343	     10.13420193	      1.03213628	    -17.09320789	     -0.02493297	     -0.02817529	     -0.00225468	      0.00000000	      0.00000000	      0.00000000	     -0.02059733	     -0.00044342	     -0.02219782	      0.00000000	      0.00000000	      0.00000000	     -0.03625930	      0.02361662	      0.02374102	    -20.18482129	   -353.40260540	     -5.78043270	     97.86625932	      0.00000000	      0.00000000	      0.00000000	      0.00000000	   -146.53992361	    170.98693626	   -174.65694030	     93.81762339	      0.00000000	      0.00000000	      0.00000000	      0.00000000	     39.50867906	      2.32772371	    -11.08599619	    -10.87717164	      2.94140051	     -4.78970242	      0.00000000	     13.49533465	     24.98095987	      0.00000000	     36.71198081	     -0.21708554	     -2.69556714	     -6.26551469	     -3.31568641	      0.00073042	      0.00000000	     22.23319968	      8.03269592	      0.00000000
      4.00000000	    115.29602405	      2.51661944	   -179.45370900	     -0.68044228	     -0.63622111	     -0.45615498	     31.57550206	      0.08325103	     -4.52433898	     10.57762499	      1.69816568	    -13.74713843	     -0.02483489	     -0.02646148	     -0.00463224	      0.00000000	      0.00000000	      0.00000000	     -0.01787609	      0.00192485	     -0.02711866	      0.00000000	      0.00000000	      0.00000000	     -0.03894082	      0.02266899	      0.02204504	    -22.20551362	   -350.72529675	     -4.26764899	     91.38848556	      0.00000000	      0.00000000	      0.00000000	      0.00000000	   -146.30762242	    167.47344038	   -175.60493530	     87.09855444	      0.00000000	      0.00000000	      0.00000000	      0.00000000	     39.99146446	      3.32886198	    -11.04397448	    -11.85914821	      3.57822277	     -4.52509642	      0.00000000	     14.08321494	     24.98095987	      0.00000000	     37.10196032	     -1.50997144	     -3.81158012	     -6.74485111	     -4.69080600	      0.59239387	      0.00000000	     24.63185167	      8.22872954	      0.00000000
      4.03333333	    115.40205813	      2.93080850	   -179.50579982	     -0.67564551	     -0.62774990	     -0.45622758	     34.05583323	      0.28476365	     -5.13321701	     11.37472191	      1.56088863	     -8.70019518	     -0.02233956	     -0.02442070	     -0.00176471	      0.00000000	      0.00000000	      0.00000000	     -0.01511616	      0.00413130	     -0.03038308	      0.00000000	      0.00000000	      0.00000000	     -0.03735346	      0.01937504	      0.02346051	    -23.07924618	   -347.82022458	     -2.94630202	     85.97291674	      0.00000000	      0.00000000	      0.00000000	      0.00000000	   -145.56484872	    165.57407662	   -176.04927993	     81.95217006	      0.00000000	      0.00000000	      0.00000000	      0.00000000	     41.39816159	      3.54991979	    -12.27361802	    -13.37857080	      5.90499046	     -4.82924392	      0.00000000	     14.06736078	     24.98095987	      0.00000000	     38.33217695	     -2.17331932	     -4.54690763	     -7.76424897	     -6.35347970	      0.93302317	      0.00000000	     26.13349127	      8.96867163	      0.00000000
      4.06666667	    115.49678996	      2.83604175	   -179.60179150	     -0.67074209	     -0.61982160	     -0.45427243	     36.47484147	      0.18479424	     -5.20111042	     11.73543242	      1.48899460	     -5.32323472	     -0.01724184	     -0.02133947	      0.00063996	      0.00000000	      0.00000000	      0.00000000	     -0.01154730	      0.00378820	     -0.03171695	      0.00000000	      0.00000000	      0.00000000	     -0.02972054	      0.01570513	      0.02759492	    -23.14908424	   -345.37227642	     -2.52709918	     81.72185817	      0.00000000	      0.00000000	      0.00000000	      0.00000000	   -144.69467188	    164.20435556	   -177.15446097	     77.24738188	      0.00000000	      0.00000000	      0.00000000	      0.00000000	     42.69417552	      2.89746217	    -13.61649462	    -14.71203683	      8.39588637	     -4.98473282	      0.00000000	     13.89863529	     24.98095987	      0.00000000	     39.34976134	     -2.21006954	     -4.24984848	     -8.54854149	     -7.10137016	      1.35536713	      0.00000000	     26.85622513	      9.85724171	      0.00000000
      4.10000000	    115.24826418	      2.66677434	   -179.70269403	     -0.66640198	     -0.61200684	     -0.45131838	     38.23175012	      0.16599748	     -4.94885485	     11.53839130	      1.27975567	     -3.62717569	     -0.01225763	     -0.01804868	      0.00243193	      0.00000000	      0.00000000	      0.00000000	     -0.00810199	      0.00440276	     -0.03057283	      0.00000000	      0.00000000	      0.00000000	     -0.02193495	      0.01102215	      0.03085655	    -23.11400282	   -343.42911468	     -2.02246093	     77.52164721	      0.00000000	      0.00000000	      0.00000000	      0.00000000	   -144.12072171	    161.57636832	   -178.79842636	     72.31008045	      0.00000000	      0.00000000	      0.00000000	      0.00000000	     43.31651760	      2.17049595	    -14.49456935	    -15.37578592	      9.55218368	     -4.98473282	      0.00000000	     13.49533309	     24.71629184	      0.00000000	     39.91993177	     -1.95365049	     -3.54343813	     -9.04119199	     -7.16332710	      1.72552971	      0.00000000	     26.92184541	     10.69104835	      0.00000000
      4.13333333	    114.87964494	      2.42141713	   -179.96673886	     -0.66294660	     -0.60355000	     -0.44852443	     39.39409144	      0.16246094	     -4.57329162	     10.87266116	      0.95324869	     -3.30247097	     -0.00896304	     -0.01532597	      0.00456179	      0.00000000	      0.00000000	      0.00000000	     -0.00600746	      0.00469921	     -0.02923428	      0.00000000	      0.00000000	      0.00000000	     -0.01765528	      0.00753154	      0.03119467	    -23.86159876	   -341.36006187	     -1.00978636	     73.35742203	      0.00000000	      0.00000000	      0.00000000	      0.00000000	   -144.54416631	    157.95151116	   -180.02065709	     66.91742225	      0.00000000	      0.00000000	      0.00000000	      0.00000000	     43.64125016	      1.64679509	    -15.78556321	    -15.68224095	     10.07150115	     -4.98473282	      0.00000000	     13.07383470	     24.30601099	      0.00000000	     40.35703675	     -1.64245609	     -2.41806834	     -9.40788475	     -6.84638941	      2.03579182	      0.00000000	     26.50325511	     11.45268416	      0.00000000
      4.16666667	    114.39734510	      2.45156324	   -180.07227727	     -0.66012652	     -0.59437103	     -0.44669109	     39.98463585	      0.24328635	     -4.31452122	     10.03611218	      1.07772284	     -3.92388668	     -0.00738230	     -0.01356363	      0.00505080	      0.00000000	      0.00000000	      0.00000000	     -0.00641118	      0.00497903	     -0.02809538	      0.00000000	      0.00000000	      0.00000000	     -0.01547168	      0.00480912	      0.02896271	    -24.92194710	   -338.90294887	     -0.00919694	     68.93439665	      0.00000000	      0.00000000	      0.00000000	      0.00000000	   -146.02346984	    154.31585356	   -180.22726935	     61.89321489	      0.00000000	      0.00000000	      0.00000000	      0.00000000	     43.70605632	      1.49031906	    -17.58231590	    -15.64832994	      9.66411379	     -4.98473282	      0.00000000	     13.14082817	     24.98095987	      0.00000000	     40.84088462	     -1.52416668	     -0.87557658	     -9.93011403	     -6.21998782	      2.35896495	      0.00000000	     25.79026891	     11.61279602	      0.00000000
      4.20000000	    113.74454468	      3.01406443	   -179.87986473	     -0.65731994	     -0.58473556	     -0.44655295	     40.03285124	      0.36341774	     -4.70512431	      9.62158024	      1.91346700	     -4.81987832	     -0.00597746	     -0.01297676	      0.00434753	      0.00000000	      0.00000000	      0.00000000	     -0.00849646	      0.00322549	     -0.02540403	      0.00000000	      0.00000000	      0.00000000	     -0.01360990	      0.00342779	      0.02647919	    -25.27252677	   -335.65059682	      0.76760169	     63.98747472	      0.00000000	      0.00000000	      0.00000000	      0.00000000	   -147.42908202	    151.80612444	   -179.80124544	     57.82980827	      0.00000000	      0.00000000	      0.00000000	      0.00000000	     43.49566141	      1.86699059	    -19.29526662	    -15.34190591	      9.43629487	     -4.98473282	      0.00000000	     13.44145099	     24.98095987	      0.00000000	     41.43332869	     -1.91837202	      1.42310226	    -10.86814101	     -5.43343782	      3.02453187	      0.00000000	     25.15598282	     10.38990327	      0.00000000
      4.23333333	    112.85803506	      4.07382598	   -179.39236778	     -0.65409046	     -0.57545670	     -0.44782504	     39.67109812	      0.57743800	     -5.72709770	      9.54043596	      3.30321268	     -5.03006016	     -0.00441102	     -0.01298699	      0.00283566	      0.00000000	      0.00000000	      0.00000000	     -0.01024154	     -0.00008889	     -0.02092020	      0.00000000	      0.00000000	      0.00000000	     -0.01157223	      0.00286153	      0.02417401	    -24.57613479	   -331.98391982	      1.36035867	     58.19085067	      0.00000000	      0.00000000	      0.00000000	      0.00000000	   -148.05318715	    150.14586890	   -179.48902869	     54.46348772	      0.00000000	      0.00000000	      0.00000000	      0.00000000	     42.86062880	      2.55884407	    -21.09152074	    -14.65578742	      9.65471621	     -4.98473282	      0.00000000	     13.90407702	     24.98095987	      0.00000000	     41.81127197	     -2.69630695	      3.47812361	    -11.69868835	     -5.06485236	      3.87812517	      0.00000000	     24.84395041	      7.84610123	      0.00000000
      4.26666667	    111.90030669	      5.13895536	   -178.99411048	     -0.65060676	     -0.56705113	     -0.44993498	     39.20569881	      0.76227534	     -6.75307013	      9.63393275	      4.63464447	     -4.43563307	     -0.00246105	     -0.01359966	      0.00184878	      0.00000000	      0.00000000	      0.00000000	     -0.01130709	     -0.00617818	     -0.01643919	      0.00000000	      0.00000000	      0.00000000	     -0.00962194	      0.00371286	      0.02264730	    -23.76469151	   -328.33725815	      2.05627126	     52.42154713	      0.00000000	      0.00000000	      0.00000000	      0.00000000	   -147.50654738	    148.85895968	   -180.09281315	     51.12259889	      0.00000000	      0.00000000	      0.00000000	      0.00000000	     42.07719444	      3.19654912	    -23.11785619	    -14.03677147	     10.69666636	     -4.98473282	      0.00000000	     14.01710996	     24.98095987	      0.00000000	     41.74724331	     -3.57737302	      4.74574529	    -11.84246691	     -4.76357542	      4.35654863	      0.00000000	     25.00657143	      6.16198986	      0.00000000
      4.30000000	    111.44038839	      5.98944836	   -179.06356110	     -0.64716426	     -0.55852567	     -0.45241109	     39.10814889	      0.95815784	     -7.04886394	      9.26682714	      5.89230564	     -3.46573422	     -0.00249607	     -0.01440028	      0.00163580	      0.00000000	      0.00000000	      0.00000000	     -0.01217291	     -0.01298410	     -0.01328012	      0.00000000	      0.00000000	      0.00000000	     -0.00847560	      0.00433595	      0.02220320	    -23.55627118	   -325.21428930	      2.73216486	     47.28168622	      0.00000000	      0.00000000	      0.00000000	      0.00000000	   -145.89273641	    147.12580796	   -181.84650907	     47.60260932	      0.00000000	      0.00000000	      0.00000000	      0.00000000	     42.03479818	      3.72467153	    -24.64419368	    -14.12395434	     12.24707411	     -4.98473282	      0.00000000	     13.03491719	     24.98095987	      0.00000000	     42.14245643	     -4.45188546	      4.44193014	    -12.07325810	     -4.47694683	      4.15012985	      0.00000000	     25.06009197	      6.82917646	      0.00000000
      4.33333333	    111.52962847	      6.62461529	   -179.19111471	     -0.64420083	     -0.55035988	     -0.45457925	     39.55716417	      1.02647104	     -7.25865040	      8.98078551	      6.58557004	     -2.73835202	     -0.00243926	     -0.01582546	      0.00204750	      0.00000000	      0.00000000	      0.00000000	     -0.01284242	     -0.01921393	     -0.01183804	      0.00000000	      0.00000000	      0.00000000	     -0.00954773	      0.00458404	      0.02250177	    -24.39532714	   -322.33199686	      4.56871226	     42.47912297	      0.00000000	      0.00000000	      0.00000000	      0.00000000	   -143.76049469	    144.91667328	   -184.04192669	     43.15127436	      0.00000000	      0.00000000	      0.00000000	      0.00000000	     42.65128112	      3.95576986	    -26.20187505	    -14.64805087	     14.04559051	     -4.98473282	      0.00000000	     11.38787021	     24.98095987	      0.00000000	     43.00960068	     -5.00823001	      3.59723374	    -12.26227232	     -3.45577153	      3.38821012	      0.00000000	     24.50860584	      9.35398623	      0.00000000
      4.36666667	    111.98152483	      7.08021415	   -179.47995442	     -0.64140070	     -0.54230214	     -0.45609146	     40.30128287	      1.18575706	     -7.16994837	      8.40192324	      6.64469380	     -2.49367594	     -0.00379219	     -0.01707484	      0.00286956	      0.00000000	      0.00000000	      0.00000000	     -0.01277139	     -0.02238910	     -0.00904844	      0.00000000	      0.00000000	      0.00000000	     -0.01242680	      0.00444603	      0.02154424	    -25.07185380	   -319.74999888	      6.58588573	     38.05413789	      0.00000000	      0.00000000	      0.00000000	      0.00000000	   -142.28525977	    142.10078487	   -186.08500458	     37.85660035	      0.00000000	      0.00000000	      0.00000000	      0.00000000	     43.87231157	      4.18887770	    -27.06581832	    -15.42856087	     14.89690267	     -4.98473282	      0.00000000	      9.11531184	     24.98095987	      0.00000000	     44.27383866	     -5.39147684	      2.78337290	    -12.68949677	     -1.74079844	      2.39976489	      0.00000000	     23.91051339	     12.43963088	      0.00000000
      4.40000000	    112.22842580	      7.42247989	   -179.72099056	     -0.63817442	     -0.53472959	     -0.45703613	     40.71812427	      1.41474016	     -6.85532708	      7.71760331	      6.27424222	     -2.73327775	     -0.00632329	     -0.01755791	      0.00383285	      0.00000000	      0.00000000	      0.00000000	     -0.01232347	     -0.02193911	     -0.00444502	      0.00000000	      0.00000000	      0.00000000	     -0.01468440	      0.00426980	      0.01859530	    -25.50276351	   -317.37787366	      8.53176274	     33.52118316	      0.00000000	      0.00000000	      0.00000000	      0.00000000	   -141.67730722	    139.19493572	   -188.17349601	     32.64489840	      0.00000000	      0.00000000	      0.00000000	      0.00000000	     45.04255514	      4.66419118	    -26.37490820	    -16.00403242	     13.90050615	     -4.98473282	      0.00000000	      7.57593862	     24.98095987	      0.00000000	     45.26237279	     -5.66804396	      2.37774976	    -13.15345578	     -0.05037323	      1.62863209	      0.00000000	     24.40444093	     14.89781418	      0.00000000
      4.43333333	    111.84259934	      7.53360445	   -179.87614132	     -0.63445692	     -0.52752361	     -0.45778095	     40.27079102	      1.50077107	     -6.22053225	      7.38381137	      5.88076944	     -3.36036535	     -0.00919260	     -0.01749256	      0.00489002	      0.00000000	      0.00000000	      0.00000000	     -0.01283432	     -0.02050755	     -0.00073900	      0.00000000	      0.00000000	      0.00000000	     -0.01447078	      0.00340655	      0.01353972	    -26.64914730	   -315.05449219	     10.76098183	     28.77782192	      0.00000000	      0.00000000	      0.00000000	      0.00000000	   -141.43597951	    136.66510018	   -190.61882969	     28.86932844	      0.00000000	      0.00000000	      0.00000000	      0.00000000	     45.60972829	      5.28147254	    -24.25314507	    -16.23878036	     11.13352810	     -4.98473282	      0.00000000	      8.18561724	     24.98095987	      0.00000000	     45.31261367	     -5.79833083	      1.95705235	    -13.13612686	      0.35576057	      1.13693249	      0.00000000	     25.44988517	     16.87215718	      0.00000000
      4.46666667	    110.84685805	      7.48943029	   -179.88194294	     -0.63050303	     -0.52095212	     -0.45783502	     39.23607476	      1.55071634	     -5.50415019	      7.23034866	      5.55087290	     -4.38382154	     -0.01061840	     -0.01679906	      0.00499391	      0.00000000	      0.00000000	      0.00000000	     -0.01304939	     -0.01935509	      0.00031187	      0.00000000	      0.00000000	      0.00000000	     -0.00927899	      0.00394554	      0.00743803	    -28.34183065	   -313.19225214	     12.87666831	     24.64489177	      0.00000000	      0.00000000	      0.00000000	      0.00000000	   -142.02870153	    135.27616442	   -192.72537354	     27.02775480	      0.00000000	      0.00000000	      0.00000000	      0.00000000	     45.20768016	      5.70396567	    -22.50070295	    -15.81238862	      8.26710562	     -4.98473282	      0.00000000	     11.83105657	     24.98095987	      0.00000000	     44.56907163	     -5.57292048	      1.51369461	    -12.79860105	     -1.27368486	      0.68395271	      0.00000000	     26.40680934	     18.41303168	      0.00000000
      4.50000000	    109.93216898	      7.76556407	   -180.10767605	     -0.62654297	     -0.51435773	     -0.45777067	     38.23548067	      2.03925684	     -4.94275210	      7.52014855	      5.32260052	     -5.47851686	     -0.01056734	     -0.01593480	      0.00498328	      0.00000000	      0.00000000	      0.00000000	     -0.01240316	     -0.01890842	      0.00045370	      0.00000000	      0.00000000	      0.00000000	     -0.00340457	      0.00520284	      0.00264223	    -29.95072554	   -311.60078988	     15.19738976	     21.38807972	      0.00000000	      0.00000000	      0.00000000	      0.00000000	   -142.46555240	    133.84418883	   -195.04144690	     25.18403515	      0.00000000	      0.00000000	      0.00000000	      0.00000000	     44.46345299	      6.26006876	    -22.32646066	    -14.63896466	      6.77615923	     -4.98473282	      0.00000000	     16.34359736	     24.98095987	      0.00000000	     43.96096236	     -5.77516807	      1.24629464	    -12.39183580	     -4.09143906	      0.60500802	      0.00000000	     26.84656979	     19.81462196	      0.00000000
      4.53333333	    109.56224718	      8.76144192	   -180.75473971	     -0.62253945	     -0.50762298	     -0.45749444	     37.79325981	      3.50014438	     -4.88488464	      8.01412134	      4.98081456	     -6.20926697	     -0.00906501	     -0.01472019	      0.00503709	      0.00000000	      0.00000000	      0.00000000	     -0.00920425	     -0.01740391	      0.00101989	      0.00000000	      0.00000000	      0.00000000	     -0.00061744	      0.00620925	      0.00091754	    -30.76889512	   -310.19650296	     17.47293227	     18.85462137	      0.00000000	      0.00000000	      0.00000000	      0.00000000	   -142.24714304	    131.53385375	   -198.11356714	     21.32368006	      0.00000000	      0.00000000	      0.00000000	      0.00000000	     44.02667163	      7.37878924	    -23.70142044	    -13.08151244	      7.10345320	     -4.98473282	      0.00000000	     18.96061432	     24.98095987	      0.00000000	     44.15035605	     -6.88938292	      1.40917791	    -12.34499276	     -6.28971525	      0.96823089	      0.00000000	     27.19065524	     20.70532795	      0.00000000
      4.56666667	    109.64118422	      9.85895793	   -181.77863867	     -0.61824539	     -0.50074553	     -0.45708093	     37.56878703	      5.27237443	     -4.99608385	      8.59808720	      4.30295234	     -6.52778707	     -0.00791385	     -0.01332317	      0.00630282	      0.00000000	      0.00000000	      0.00000000	     -0.00459863	     -0.01533417	      0.00281786	      0.00000000	      0.00000000	      0.00000000	     -0.00050517	      0.00815215	      0.00209607	    -31.01314492	   -308.63719928	     19.64665776	     17.02149680	      0.00000000	      0.00000000	      0.00000000	      0.00000000	   -141.63561992	    129.16739291	   -200.82441213	     16.95918210	      0.00000000	      0.00000000	      0.00000000	      0.00000000	     44.29326125	      8.78684112	    -24.65707594	    -12.07975741	      7.77723288	     -4.98473282	      0.00000000	     19.63562970	     24.98095987	      0.00000000	     44.80734623	     -8.51702629	      1.66403413	    -12.42056416	     -6.59039129	      1.75449456	      0.00000000	     27.88960314	     21.10758387	      0.00000000
      4.60000000	    109.83569074	     10.94418335	   -181.98863653	     -0.61416074	     -0.49432803	     -0.45613494	     37.44268530	      6.55669599	     -5.38249255	      9.18287078	      3.22066683	     -5.93555583	     -0.00660825	     -0.01254909	      0.00936602	      0.00000000	      0.00000000	      0.00000000	     -0.00301895	     -0.01323181	      0.00614741	      0.00000000	      0.00000000	      0.00000000	     -0.00234432	      0.00466566	      0.00437505	    -31.43680972	   -305.93516325	     25.30580758	     12.27269561	      0.00000000	      0.00000000	      0.00000000	      0.00000000	   -140.29469357	    125.38519098	   -207.74255734	     10.72474540	      0.00000000	      0.00000000	      0.00000000	      0.00000000	     44.79653690	      9.38509155	    -25.74578384	    -11.50334494	      7.94816702	     -4.25610001	      0.00000000	     19.31341356	     24.98095987	      0.00000000	     45.82094742	     -9.27520979	      2.33746693	    -12.63123888	     -5.61984638	      1.77129581	      0.00000000	     28.73266101	     21.51929634	      0.00000000
      4.63333333	    110.37489862	     10.14948451	   -182.60203877	     -0.61041629	     -0.48869684	     -0.45424302	     37.43520971	      6.42148517	     -4.66400355	      9.45316519	      2.49755923	     -4.94965662	     -0.00661506	     -0.01230551	      0.01193068	      0.00000000	      0.00000000	      0.00000000	     -0.00296000	     -0.01219408	      0.01142818	      0.00000000	      0.00000000	      0.00000000	     -0.00299775	      0.00178698	      0.00708927	    -30.21074457	   -302.69790201	     32.59258154	      7.40449607	      0.00000000	      0.00000000	      0.00000000	      0.00000000	   -138.16194737	    123.46318858	   -215.66268274	      7.35312104	      0.00000000	      0.00000000	      0.00000000	      0.00000000	     46.04974988	      8.83519209	    -25.62718239	    -11.86920446	      8.42308657	     -4.01766038	      0.00000000	     19.45537449	     24.98095987	      0.00000000	     46.32889025	     -8.51421160	      1.37734587	    -11.71738681	     -4.66648089	      1.07151063	      0.00000000	     30.02993364	     20.40565737	      0.00000000
      4.66666667	    110.50829635	      9.54502203	   -182.12502732	     -0.60700157	     -0.48382305	     -0.45357066	     36.86890431	      5.61740173	     -4.30967662	      9.47031442	      2.04317893	     -4.36783925	     -0.00856514	     -0.01250984	      0.01385124	      0.00000000	      0.00000000	      0.00000000	     -0.00403684	     -0.01061052	      0.01185283	      0.00000000	      0.00000000	      0.00000000	     -0.00158145	      0.00146446	      0.00822471	    -30.22188214	   -301.16268488	     33.62698014	      5.01308199	      0.00000000	      0.00000000	      0.00000000	      0.00000000	   -137.66604550	    122.15021683	   -216.73316530	      5.97205154	      0.00000000	      0.00000000	      0.00000000	      0.00000000	     46.89655997	      8.03995194	    -25.51201189	    -12.17623119	      7.81347270	     -4.23801638	      0.00000000	     20.63011335	     24.98095987	      0.00000000	     46.89882461	     -7.39794506	      0.97913212	    -11.43039980	     -3.89125173	      0.41098623	      0.00000000	     31.82888034	     19.90599321	      0.00000000
      4.70000000	    109.96618085	      8.19667060	   -182.16731221	     -0.60468273	     -0.48039572	     -0.45235862	     35.62528870	      4.59099925	     -3.16749040	      9.77641241	      1.32418973	     -3.07461056	     -0.00922441	     -0.01431178	      0.01654245	      0.00000000	      0.00000000	      0.00000000	     -0.00478789	     -0.00922517	      0.01499722	      0.00000000	      0.00000000	      0.00000000	     -0.00154826	      0.00040942	      0.00758496	    -28.32560180	   -299.35742657	     36.11242655	      1.81864481	      0.00000000	      0.00000000	      0.00000000	      0.00000000	   -136.85358573	    120.60634793	   -219.99886826	      4.30155620	      0.00000000	      0.00000000	      0.00000000	      0.00000000	     46.83880941	      6.65483621	    -24.03103562	    -12.63372804	      7.17129083	     -3.74346020	      0.00000000	     21.34214782	     24.98095987	      0.00000000	     46.19643229	     -5.95079110	     -0.66379680	    -10.68022674	     -2.45424669	     -0.68370469	      0.00000000	     32.91027904	     17.94128460	      0.00000000
      4.73333333	    107.80394813	      7.77697421	   -181.68293424	     -0.60323032	     -0.47836771	     -0.45186657	     32.57166179	      4.23202955	     -2.83854914	     10.23961719	      1.41740101	     -2.51263331	     -0.01113206	     -0.01659736	      0.01529986	      0.00000000	      0.00000000	      0.00000000	     -0.00510515	     -0.00896431	      0.01291777	      0.00000000	      0.00000000	      0.00000000	     -0.00416476	     -0.00223207	      0.00607611	    -29.50309503	   -298.50045621	     37.96388721	      1.08611405	      0.00000000	      0.00000000	      0.00000000	      0.00000000	   -135.28034365	    118.46632739	   -227.30510977	      1.81747315	      0.00000000	      0.00000000	      0.00000000	      0.00000000	     44.55767032	      5.69502622	    -22.21628343	    -12.34362048	      5.75473634	     -2.70123696	      0.00000000	     22.28801863	     24.98095987	      0.00000000	     43.91310351	     -5.32025488	     -2.70283472	    -10.36454143	      0.90811232	     -1.12293715	      0.00000000	     32.98415488	     14.68086426	      0.00000000
      4.76666667	    105.39085899	      7.51910308	   -181.86655493	     -0.60226389	     -0.47784782	     -0.45240668	     29.51690268	      4.23803623	     -1.67259381	     10.10458730	      2.11207804	     -3.16014330	     -0.01315502	     -0.01775479	      0.01204710	      0.00000000	      0.00000000	      0.00000000	     -0.00544184	     -0.00826003	      0.01062561	      0.00000000	      0.00000000	      0.00000000	     -0.00575111	     -0.00593557	      0.00556772	    -31.32792762	   -298.57259669	     37.09836847	      1.45998954	      0.00000000	      0.00000000	      0.00000000	      0.00000000	   -133.30710788	    116.63638374	   -237.06566901	      0.37812032	      0.00000000	      0.00000000	      0.00000000	      0.00000000	     41.92238636	      5.45736935	    -21.64648821	    -12.16344088	      6.02230903	     -2.10130465	      0.00000000	     22.89290944	     24.98095987	      0.00000000	     41.11252957	     -5.55557777	     -4.59505787	    -10.21781080	      3.07990492	     -0.89358807	      0.00000000	     32.56291780	     11.92337543	      0.00000000
      4.80000000	    105.37345634	      7.68032161	   -181.84319533	     -0.60107403	     -0.47765661	     -0.45225850	     29.46150457	      4.57148643	     -1.64442971	     10.01880355	      2.22092110	     -3.11301204	     -0.01280824	     -0.01718857	      0.01026678	      0.00000000	      0.00000000	      0.00000000	     -0.00519658	     -0.00645406	      0.01065001	      0.00000000	      0.00000000	      0.00000000	     -0.00756507	     -0.00835963	      0.00271188	    -31.30213108	   -298.53673694	     37.11575529	      1.61761657	      0.00000000	      0.00000000	      0.00000000	      0.00000000	   -133.21856316	    115.88964971	   -237.20956142	      0.36861629	      0.00000000	      0.00000000	      0.00000000	      0.00000000	     41.81755757	      5.28671354	    -21.91978614	    -12.24997318	      5.84506129	     -1.54883540	      0.00000000	     23.09774022	     24.98095987	      0.00000000	     41.06623527	     -5.75745160	     -5.03761341	    -10.45837331	      2.86541435	     -0.66559427	      0.00000000	     31.98581161	     11.81592571	      0.00000000
      4.83333333	    102.56649042	      6.95282129	   -181.36082023	     -0.60090811	     -0.47885471	     -0.45234883	     26.29793404	      3.63530289	     -1.06069610	     10.23537871	      3.99967338	     -4.51383612	     -0.01324561	     -0.01756899	      0.00534685	      0.00000000	      0.00000000	      0.00000000	     -0.00548618	     -0.00829692	      0.00795079	      0.00000000	      0.00000000	      0.00000000	     -0.00802743	     -0.01206806	      0.00275854	    -33.50318325	   -298.79793357	     35.57299890	      2.83649957	      0.00000000	      0.00000000	      0.00000000	      0.00000000	   -131.39802577	    114.98737719	   -243.16241272	      0.00000000	      0.00000000	      0.00000000	      0.00000000	      0.00000000	     38.88159979	      4.43492611	    -21.89399558	    -12.69049947	      5.55810987	     -1.23519261	      0.00000000	     23.85611188	     24.98095987	      0.00000000	     37.60880997	     -5.06283460	     -7.23263088	     -9.78632123	      4.53300399	     -0.64302873	      0.00000000	     31.18123353	     10.44914085	      0.00000000
      4.86666667	    102.18664513	      6.81137919	   -181.23190735	     -0.60102473	     -0.47962079	     -0.45292740	     25.91959349	      3.45164687	     -0.86188278	      9.86444188	      3.76891462	     -4.73834864	     -0.01399554	     -0.01724933	      0.00535904	      0.00000000	      0.00000000	      0.00000000	     -0.00745859	     -0.01169472	      0.00916497	      0.00000000	      0.00000000	      0.00000000	     -0.00665845	     -0.01094612	      0.00142974	    -33.22050554	   -298.01794877	     32.84630785	      2.21593780	      0.00000000	      0.00000000	      0.00000000	      0.00000000	   -132.18879593	    114.93875469	   -243.71787960	      0.00000000	      0.00000000	      0.00000000	      0.00000000	      0.00000000	     38.58516161	      4.80099303	    -22.21017913	    -13.02099176	      5.88930194	     -2.28706775	      0.00000000	     22.62296377	     24.98095987	      0.00000000	     37.02795363	     -5.12397230	     -8.26314613	     -9.46228827	      5.95399633	     -0.37396568	      0.00000000	     31.23152655	      9.60363777	      0.00000000
      4.90000000	    102.70238623	      6.61744089	   -181.24700146	     -0.60137784	     -0.48052071	     -0.45317831	     26.67687273	      3.28416766	     -0.65949441	      9.28515934	      3.98439203	     -4.83938941	     -0.01384593	     -0.01655592	      0.00429057	      0.00000000	      0.00000000	      0.00000000	     -0.00747313	     -0.01217571	      0.00731678	      0.00000000	      0.00000000	      0.00000000	     -0.00419084	     -0.00759949	      0.00029553	    -34.20945754	   -299.01882680	     29.38230242	      3.95853850	      0.00000000	      0.00000000	      0.00000000	      0.00000000	   -133.81680329	    115.31950547	   -243.86381010	      0.00000000	      0.00000000	      0.00000000	      0.00000000	      0.00000000	     39.44228874	      5.09479273	    -22.81655612	    -13.89749274	      7.55804599	     -3.65178604	      0.00000000	     20.95590114	     24.98095987	      0.00000000	     37.53535801	     -5.13148941	     -8.96297342	     -9.51178493	      8.08724709	     -0.36955803	      0.00000000	     31.71905644	      7.76620636	      0.00000000
      4.93333333	    102.71033694	      6.75186659	   -180.89420128	     -0.60221822	     -0.48164611	     -0.45302802	     26.68377691	      3.35342582	     -1.15905638	      9.16867523	      3.89503048	     -4.79890711	     -0.01426707	     -0.01655627	      0.00326969	      0.00000000	      0.00000000	      0.00000000	     -0.00979632	     -0.01487211	      0.00851427	      0.00000000	      0.00000000	      0.00000000	     -0.00444273	     -0.00601497	     -0.00054357	    -34.48046610	   -298.80502226	     29.21329974	      4.10151699	      0.00000000	      0.00000000	      0.00000000	      0.00000000	   -134.18729690	    115.72231898	   -243.90350418	      0.00000000	      0.00000000	      0.00000000	      0.00000000	      0.00000000	     39.47630968	      5.17217328	    -22.27328323	    -14.33003507	      8.00618967	     -4.08834125	      0.00000000	     20.08636094	     24.98095987	      0.00000000	     37.59357877	     -5.08260928	     -9.17204599	     -9.72594245	      7.83685462	     -0.61780589	      0.00000000	     31.92692317	      7.48571104	      0.00000000
      4.96666667	    105.63162770	      7.95183618	   -181.36675117	     -0.60277261	     -0.48300087	     -0.45179897	     30.22493864	      5.43299418	     -1.04404963	      7.70098875	      1.06185927	     -2.45270075	     -0.01528814	     -0.01437010	      0.00547228	      0.00000000	      0.00000000	      0.00000000	     -0.01144612	     -0.01307999	      0.00069066	      0.00000000	      0.00000000	      0.00000000	     -0.00326506	     -0.00490874	     -0.00600434	    -38.29869925	   -302.59104800	     21.83036387	      9.72003112	      0.00000000	      0.00000000	      0.00000000	      0.00000000	   -139.19464336	    116.08720597	   -240.98637591	      0.00000000	      0.00000000	      0.00000000	      0.00000000	      0.00000000	     42.35990233	      6.19264713	    -23.07015621	    -14.34217660	      7.77376797	     -4.32462762	      0.00000000	     19.54768521	     24.98095987	      0.00000000	     41.01438816	     -6.17845048	     -7.60649474	    -10.71227949	      6.89573352	     -0.62272406	      0.00000000	     32.04936942	      6.87749367	      0.00000000
      5.00000000	    106.97580870	      8.58035751	   -181.85973022	     -0.60387100	     -0.48631745	     -0.45115963	     31.94737146	      6.55298236	     -1.07191871	      6.59514164	      1.15673930	     -0.71504180	     -0.01566914	     -0.01141603	      0.00320267	      0.00000000	      0.00000000	      0.00000000	     -0.01056330	     -0.01365545	     -0.00181527	      0.00000000	      0.00000000	      0.00000000	     -0.00564300	     -0.00760468	     -0.00745313	    -38.63417139	   -306.41475873	     14.05337474	     16.78745293	      0.00000000	      0.00000000	      0.00000000	      0.00000000	   -139.82183608	    116.68250586	   -239.27823635	      0.76020506	      0.00000000	      0.00000000	      0.00000000	      0.00000000	     43.29118833	      7.07613453	    -22.92813009	    -13.65016787	      5.81361276	     -4.46661710	      0.00000000	     21.24200389	     24.98095987	      0.00000000	     42.29412184	     -6.96487637	     -6.58899315	    -10.89331990	      4.89465743	     -0.06075654	      0.00000000	     32.21992984	      6.86383245	      0.00000000
      5.03333333	    107.80278274	      8.06766522	   -181.80284488	     -0.60457969	     -0.49116524	     -0.45066417	     32.90475277	      5.95862550	     -0.37939217	      6.90554980	      1.13835859	     -1.17981315	     -0.01366876	     -0.00876734	      0.00184594	      0.00000000	      0.00000000	      0.00000000	     -0.01124871	     -0.01556575	     -0.00083014	      0.00000000	      0.00000000	      0.00000000	      0.00270561	      0.00106268	      0.00176622	    -37.67058692	   -310.36604620	      7.37988193	     24.06862267	      0.00000000	      0.00000000	      0.00000000	      0.00000000	   -138.32399725	    125.10729125	   -207.39156539	     18.26506266	      0.00000000	      0.00000000	      0.00000000	      0.00000000	     43.65295781	      6.92335429	    -20.89230876	    -12.74757530	      2.47007062	     -4.44745506	      0.00000000	     24.93620277	     24.98095987	      0.00000000	     42.70836130	     -6.50241678	     -5.55695316	    -10.57152830	      2.43546012	      0.46445223	      0.00000000	     33.24877189	      9.10619931	      0.00000000
      5.06666667	    107.70707569	      7.82122400	   -180.80719450	     -0.60622833	     -0.49783391	     -0.44962985	     32.68060313	      5.12454262	     -1.25263661	      7.27544860	      0.91673336	     -0.04556129	     -0.01255364	     -0.00650594	      0.00423003	      0.00000000	      0.00000000	      0.00000000	     -0.00912715	     -0.01773560	     -0.00035583	      0.00000000	      0.00000000	      0.00000000	      0.00233791	      0.00026031	      0.00586242	    -35.98045787	   -314.18500090	      3.03708694	     32.25089051	      0.00000000	      0.00000000	      0.00000000	      0.00000000	   -136.72368942	    129.31560437	   -201.61505301	     26.42764177	      0.00000000	      0.00000000	      0.00000000	      0.00000000	     42.68278721	      6.60397456	    -20.39035616	    -11.32421485	      2.10581690	     -4.98473282	      0.00000000	     27.05258501	     24.98095987	      0.00000000	     42.04912289	     -5.47765410	     -4.32839781	    -10.02426175	      2.76208394	      0.20708105	      0.00000000	     33.66490654	      8.65291142	      0.00000000
      5.10000000	    107.63496390	      7.14593871	   -180.12141849	     -0.60873188	     -0.50581609	     -0.44862079	     32.22291027	      3.92781396	     -2.02547558	      8.36118981	      1.55627018	     -0.86060507	     -0.00928381	     -0.00543023	      0.00511048	      0.00000000	      0.00000000	      0.00000000	     -0.00866594	     -0.02137444	      0.00019253	      0.00000000	      0.00000000	      0.00000000	      0.00150559	      0.00210081	      0.00791813	    -34.53888481	   -316.74417140	      1.13138178	     38.71249054	      0.00000000	      0.00000000	      0.00000000	      0.00000000	   -137.66653500	    133.93569305	   -194.82278430	     34.55336327	      0.00000000	      0.00000000	      0.00000000	      0.00000000	     41.72413970	      5.88556940	    -19.28429377	    -10.58320072	      2.96022400	     -4.98473282	      0.00000000	     27.41562006	     24.98095987	      0.00000000	     41.15549718	     -4.45974138	     -3.35245092	     -9.63911412	      3.17329138	     -0.21495242	      0.00000000	     34.31129906	      8.79549326	      0.00000000
      5.13333333	    107.80908218	      6.80037021	   -179.73639959	     -0.61240506	     -0.51425601	     -0.44784725	     31.62561498	      3.29191921	     -3.06894839	      9.33864989	      1.94083388	     -2.21253021	     -0.00761051	     -0.00513102	      0.00662212	      0.00000000	      0.00000000	      0.00000000	     -0.00880497	     -0.02465429	     -0.00157368	      0.00000000	      0.00000000	      0.00000000	     -0.00335620	      0.00095654	      0.00938875	    -33.29382561	   -318.69160873	     -0.57575887	     44.56888263	      0.00000000	      0.00000000	      0.00000000	      0.00000000	   -138.94466032	    137.21721046	   -188.85513064	     40.58950763	      0.00000000	      0.00000000	      0.00000000	      0.00000000	     41.13331236	      5.46769676	    -18.46767509	    -10.62051818	      4.83926817	     -4.98473282	      0.00000000	     25.34526463	     24.98095987	      0.00000000	     40.51665062	     -3.98258880	     -2.89194306	     -9.42871000	      3.47627410	     -0.55025796	      0.00000000	     34.75449740	      9.89789204	      0.00000000
      5.16666667	    107.85037478	      6.65410219	   -179.56626264	     -0.61708069	     -0.52359548	     -0.44731682	     30.64419364	      3.07807058	     -3.93212850	      9.96326663	      2.37306087	     -3.80743152	     -0.00796291	     -0.00524648	      0.00782547	      0.00000000	      0.00000000	      0.00000000	     -0.00893304	     -0.02584792	     -0.00423213	      0.00000000	      0.00000000	      0.00000000	     -0.00855682	     -0.00121011	      0.01113689	    -31.68398934	   -320.69958399	     -2.50022110	     50.31221569	      0.00000000	      0.00000000	      0.00000000	      0.00000000	   -141.03231181	    139.49473024	   -183.34008281	     45.85625217	      0.00000000	      0.00000000	      0.00000000	      0.00000000	     40.41957921	      5.26440175	    -18.59793461	    -11.01215638	      6.68557476	     -4.98473282	      0.00000000	     22.68646453	     24.98095987	      0.00000000	     39.65683226	     -3.88484745	     -2.87680464	     -8.96686898	      3.45389803	     -0.44870785	      0.00000000	     34.64649299	     11.59408098	      0.00000000
      5.20000000	    107.20016551	      6.19483670	   -179.13863494	     -0.62192603	     -0.53399793	     -0.44643648	     28.73884597	      2.63818026	     -4.62167882	     10.23146597	      2.89776483	     -5.42978062	     -0.01090488	     -0.00521471	      0.00770964	      0.00000000	      0.00000000	      0.00000000	     -0.00898360	     -0.02434029	     -0.00742750	      0.00000000	      0.00000000	      0.00000000	     -0.01226089	     -0.00218435	      0.01289260	    -30.17886829	   -323.04551546	     -4.09010044	     56.07544660	      0.00000000	      0.00000000	      0.00000000	      0.00000000	   -143.48559644	    141.04536329	   -178.98770700	     51.03736690	      0.00000000	      0.00000000	      0.00000000	      0.00000000	     39.05557350	      4.59944769	    -19.06152553	    -11.75836668	      8.05787131	     -4.98473282	      0.00000000	     21.62772775	     24.98095987	      0.00000000	     38.00050876	     -3.35867053	     -3.23809890	     -8.29449470	      2.89433139	     -0.07542585	      0.00000000	     34.52744801	     12.43920304	      0.00000000
      5.23333333	    103.57140963	      5.38884260	   -178.24144450	     -0.62728717	     -0.54602956	     -0.44549723	     23.24384659	      1.83969391	     -4.56670434	     10.24881586	      4.10346236	     -7.65090334	     -0.01862858	     -0.00578595	      0.00461115	      0.00000000	      0.00000000	      0.00000000	     -0.01188850	     -0.02195939	     -0.00889022	      0.00000000	      0.00000000	      0.00000000	     -0.01233407	     -0.00103594	      0.01422174	    -28.99969864	   -325.67454107	     -6.20418636	     62.06323717	      0.00000000	      0.00000000	      0.00000000	      0.00000000	   -146.06281336	    142.12671590	   -176.73262247	     57.26476858	      0.00000000	      0.00000000	      0.00000000	      0.00000000	     34.28166340	      3.63328070	    -20.04451333	    -12.06435905	      9.58718221	     -4.98473282	      0.00000000	     22.01568757	     24.98095987	      0.00000000	     32.97091754	     -2.63412497	     -4.16606703	     -7.39475902	      2.26858030	      0.61475940	      0.00000000	     34.57035803	     10.57287792	      0.00000000
      5.26666667	     98.55689946	      4.16679537	   -177.31548398	     -0.63271300	     -0.55923696	     -0.44413728	     16.02727709	      1.02035884	     -4.56738596	     10.51996021	      4.94454746	    -10.07480399	     -0.02726361	     -0.00660977	     -0.00188161	      0.00000000	      0.00000000	      0.00000000	     -0.01413497	     -0.01795289	     -0.01163207	      0.00000000	      0.00000000	      0.00000000	     -0.01393051	      0.00049003	      0.01305451	    -28.34008397	   -328.72094409	     -7.76606391	     68.84834621	      0.00000000	      0.00000000	      0.00000000	      0.00000000	   -148.52243399	    143.24694771	   -174.66646780	     63.81007415	      0.00000000	      0.00000000	      0.00000000	      0.00000000	     27.76569275	      2.50640909	    -19.45079172	    -11.81809309	     10.77651497	     -4.98473282	      0.00000000	     22.69380875	     24.98095987	      0.00000000	     26.19224390	     -1.24419169	     -5.79225781	     -6.32587824	      4.22096966	      0.42553742	      0.00000000	     33.80411807	      2.14093101	      0.00000000
      5.30000000	     98.25458611	      3.59901931	   -176.79605638	     -0.63807439	     -0.57161193	     -0.44322673	     14.52735753	      0.61518593	     -5.29417259	     10.52458660	      4.86607625	    -10.37167177	     -0.02922316	     -0.00809517	     -0.00524141	      0.00000000	      0.00000000	      0.00000000	     -0.01271165	     -0.01390018	     -0.01512138	      0.00000000	      0.00000000	      0.00000000	     -0.01348762	      0.00418716	      0.01267055	    -27.47384963	   -332.55499120	     -8.12848779	     75.67321579	      0.00000000	      0.00000000	      0.00000000	      0.00000000	   -149.92995439	    147.18779371	   -173.66030465	     71.27434051	      0.00000000	      0.00000000	      0.00000000	      0.00000000	     26.54691904	      1.62568518	    -19.05937862	    -11.86516326	     11.01581216	     -4.56385395	      0.00000000	     21.70591375	     24.98095987	      0.00000000	     24.84981272	     -0.58166343	     -7.69621294	     -6.33281322	      2.82537479	      0.39571318	      0.00000000	     32.52191509	     -0.75818504	      0.00000000
      5.33333333	     98.23256774	      3.87016760	   -176.48426027	     -0.64387827	     -0.58449973	     -0.44354942	     13.28104649	      0.96950145	     -5.28304047	      9.89359702	      4.34592835	    -10.04292796	     -0.03017259	     -0.00987159	     -0.00711016	      0.00000000	      0.00000000	      0.00000000	     -0.01410278	     -0.01294133	     -0.01901195	      0.00000000	      0.00000000	      0.00000000	     -0.01330783	      0.00780221	      0.01330906	    -26.45560504	   -335.97115981	    -10.13931224	     82.16052038	      0.00000000	      0.00000000	      0.00000000	      0.00000000	   -150.05807831	    151.71763739	   -173.64411228	     78.58879561	      0.00000000	      0.00000000	      0.00000000	      0.00000000	     25.53605637	      1.56354281	    -18.59676711	    -11.41326864	     10.94474107	     -3.86321808	      0.00000000	     20.33324233	     24.98095987	      0.00000000	     23.81937040	     -1.03642914	     -8.63726408	     -6.41391396	      2.13049872	      0.66031712	      0.00000000	     31.25363690	     -2.15045704	      0.00000000
      5.36666667	     98.85811845	      4.50334420	   -176.40845728	     -0.65003633	     -0.59835588	     -0.44466317	     12.79979611	      1.54316410	     -4.88963796	      9.37153329	      3.25850764	     -8.39298977	     -0.02617676	     -0.01234870	     -0.00522329	      0.00000000	      0.00000000	      0.00000000	     -0.01772156	     -0.01267841	     -0.02443499	      0.00000000	      0.00000000	      0.00000000	     -0.01394986	      0.01282526	      0.01496389	    -26.04651611	   -339.16381874	    -11.77863238	     86.59903250	      0.00000000	      0.00000000	      0.00000000	      0.00000000	   -149.32818251	    156.53513168	   -174.21349556	     84.94726018	      0.00000000	      0.00000000	      0.00000000	      0.00000000	     25.09677970	      1.85270398	    -18.26657122	    -10.78766842	     10.60429005	     -3.08554585	      0.00000000	     19.82119511	     24.98095987	      0.00000000	     23.43934076	     -2.12548514	     -8.89672400	     -6.56862239	      2.35733526	      1.17857261	      0.00000000	     30.62457852	     -1.04257863	      0.00000000
      5.40000000	    100.59449231	      4.94556951	   -176.66968220	     -0.65670523	     -0.61258924	     -0.44571119	     13.41098788	      1.84711315	     -4.23326325	      9.19093936	      1.69586227	     -5.53686424	     -0.01852801	     -0.01534018	      0.00096430	      0.00000000	      0.00000000	      0.00000000	     -0.02339448	     -0.01089007	     -0.02911710	      0.00000000	      0.00000000	      0.00000000	     -0.01540755	      0.01882344	      0.01642422	    -26.11597918	   -342.70568158	    -11.45765321	     88.84648819	      0.00000000	      0.00000000	      0.00000000	      0.00000000	   -148.82808551	    161.09210658	   -175.00767783	     90.56363076	      0.00000000	      0.00000000	      0.00000000	      0.00000000	     25.81400625	      1.94551060	    -17.84433408	    -10.44437709	     10.11334873	     -2.39211456	      0.00000000	     19.73760388	     24.98095987	      0.00000000	     24.20704290	     -3.08394558	     -8.69664392	     -6.86002586	      2.45456060	      1.44160334	      0.00000000	     30.41794518	      2.14429280	      0.00000000
      5.43333333	    103.87670958	      4.71656194	   -177.11348330	     -0.66371788	     -0.62585812	     -0.44645601	     15.33889714	      1.30842719	     -3.32749261	      9.90699647	      0.49914422	     -3.24739735	     -0.00919036	     -0.01919886	      0.00779251	      0.00000000	      0.00000000	      0.00000000	     -0.03050655	     -0.00776306	     -0.03039851	      0.00000000	      0.00000000	      0.00000000	     -0.01846191	      0.02388189	      0.01862561	    -25.98642265	   -346.73766314	     -9.27045737	     90.29640502	      0.00000000	      0.00000000	      0.00000000	      0.00000000	   -148.76784116	    164.88275724	   -175.41638018	     95.59031948	      0.00000000	      0.00000000	      0.00000000	      0.00000000	     28.29674802	      1.44237607	    -17.05095196	    -10.61205664	      8.90165828	     -1.86583545	      0.00000000	     19.42861481	     24.98095987	      0.00000000	     26.74178461	     -3.20987033	     -7.43651974	     -7.47589602	      1.17402541	      1.30159263	      0.00000000	     29.59166960	      5.76624926	      0.00000000
      5.46666667	    112.14032521	      4.25469289	   -177.69845999	     -0.67050369	     -0.63618296	     -0.44712482	     22.61338251	      0.26650338	     -2.18605849	     10.11835653	      0.72132298	     -3.42874838	     -0.00170973	     -0.02238275	      0.00928662	      0.00000000	      0.00000000	      0.00000000	     -0.03679100	     -0.00510407	     -0.02800479	      0.00000000	      0.00000000	      0.00000000	     -0.02376213	      0.02596201	      0.02141221	    -24.93868256	   -351.71652612	     -7.11546719	     93.53641356	      0.00000000	      0.00000000	      0.00000000	      0.00000000	   -148.86441176	    168.15530456	   -175.70634154	    100.15631618	      0.00000000	      0.00000000	      0.00000000	      0.00000000	     36.23859108	      0.69688707	    -13.59696754	    -10.84156434	      3.98037274	     -1.07544626	      0.00000000	     17.50448587	     24.98095987	      0.00000000	     35.04637384	     -2.56192282	     -2.65865227	     -8.77806450	     -4.96966874	      1.19452568	      0.00000000	     27.38280220	      9.64477881	      0.00000000
      5.50000000	    113.52433008	      3.71113427	   -177.76672225	     -0.67795790	     -0.64804342	     -0.44704831	     21.62937618	     -0.25372362	     -1.72552591	     13.18893745	      0.06744942	     -4.70183369	      0.00308179	     -0.02907039	      0.00953698	      0.00000000	      0.00000000	      0.00000000	     -0.03760224	     -0.00869314	     -0.02236754	      0.00000000	      0.00000000	      0.00000000	     -0.02755680	      0.02470099	      0.02203652	    -22.86462974	   -356.02199994	     -6.54107593	    100.91021269	      0.00000000	      0.00000000	      0.00000000	      0.00000000	   -149.58476440	    172.50672788	   -174.44067414	    106.56999073	      0.00000000	      0.00000000	      0.00000000	      0.00000000	     36.34087101	      0.13642597	    -13.70301969	     -9.98173032	      2.99383934	     -0.62982151	      0.00000000	     16.05425638	     24.98095987	      0.00000000	     35.53109204	     -1.86376197	     -1.74067279	     -8.69138865	     -5.45164847	      0.53966421	      0.00000000	     25.56261739	      9.73592584	      0.00000000
      5.53333333	    115.19398595	      3.60707406	   -177.79262909	     -0.68423690	     -0.65847345	     -0.44744656	     21.02643332	     -0.31002686	     -1.73632727	     15.07994125	      0.54716222	     -7.13436080	      0.00291654	     -0.03353698	      0.00437599	      0.00000000	      0.00000000	      0.00000000	     -0.03218590	     -0.01508755	     -0.01897948	      0.00000000	      0.00000000	      0.00000000	     -0.02620758	      0.02418125	      0.01755734	    -21.06353964	   -360.81143924	     -7.54029967	    110.20301849	      0.00000000	      0.00000000	      0.00000000	      0.00000000	   -151.68286539	    178.29703752	   -173.50269839	    113.53298920	      0.00000000	      0.00000000	      0.00000000	      0.00000000	     36.90098110	     -0.00076428	    -12.04536162	     -9.02140058	      0.68243865	     -0.12141601	      0.00000000	     14.93148234	     24.98095987	      0.00000000	     36.39396331	     -1.54505442	      0.43931238	     -8.29380645	     -6.77205230	      0.61623075	      0.00000000	     24.97502151	      8.89726087	      0.00000000
      5.56666667	    116.31557341	      3.96055132	   -178.41654331	     -0.68948729	     -0.66723433	     -0.44770107	     19.75902287	      0.65085119	     -1.79838084	     17.79863805	     -0.06309332	     -8.65746126	      0.00228361	     -0.03716720	      0.00054240	      0.00000000	      0.00000000	      0.00000000	     -0.03050109	     -0.02022135	     -0.01809807	      0.00000000	      0.00000000	      0.00000000	     -0.02531954	      0.02204631	      0.00768638	    -20.63172594	   -363.68880728	     -8.14962425	    116.80626972	      0.00000000	      0.00000000	      0.00000000	      0.00000000	   -155.06534765	    183.49531611	   -172.56783482	    119.15299455	      0.00000000	      0.00000000	      0.00000000	      0.00000000	     37.16874633	      0.66985956	    -10.77171198	     -8.14134576	     -0.17109917	     -0.02035533	      0.00000000	     13.36613358	     24.98095987	      0.00000000	     36.80204611	     -1.89624027	      1.26246050	     -7.79770610	     -7.28187460	      0.53228429	      0.00000000	     25.03682408	      8.27460784	      0.00000000
      5.60000000	    117.03960358	      4.43147784	   -178.90456317	     -0.69290042	     -0.67562464	     -0.44836231	     18.56902252	      1.60044026	     -2.04601952	     19.40639680	     -0.76611397	     -9.49142509	      0.00070054	     -0.03775967	     -0.00070149	      0.00000000	      0.00000000	      0.00000000	     -0.03084846	     -0.02292080	     -0.02107481	      0.00000000	      0.00000000	      0.00000000	     -0.02625798	      0.01778497	     -0.00026340	    -21.35017012	   -366.21464264	     -8.80611044	    120.30225080	      0.00000000	      0.00000000	      0.00000000	      0.00000000	   -158.32005565	    186.88442545	   -170.19671271	    122.50591474	      0.00000000	      0.00000000	      0.00000000	      0.00000000	     37.25534210	      1.80061857	     -9.46621424	     -7.60884654	     -0.29201900	     -0.82776884	      0.00000000	     12.83146037	     24.98095987	      0.00000000	     36.85206212	     -2.42388087	      1.81304500	     -7.32585482	     -6.94979169	      0.48539329	      0.00000000	     25.49585267	      7.98832443	      0.00000000
      5.63333333	    117.39955869	      4.67612946	   -178.88485793	     -0.69440763	     -0.68450948	     -0.44885049	     17.77504387	      2.05977634	     -2.51129354	     20.44453144	     -1.73535786	     -9.34583124	      0.00072035	     -0.03594898	      0.00253790	      0.00000000	      0.00000000	      0.00000000	     -0.03255988	     -0.02364743	     -0.02289139	      0.00000000	      0.00000000	      0.00000000	     -0.02905010	      0.00981026	     -0.00281112	    -22.03868421	   -368.70082121	     -8.21756698	    121.80352196	      0.00000000	      0.00000000	      0.00000000	      0.00000000	   -159.91483642	    188.52921116	   -166.33345966	    124.93863553	      0.00000000	      0.00000000	      0.00000000	      0.00000000	     36.95748673	      2.71931187	     -9.00129047	     -7.31769772	     -0.24567201	     -2.09834348	      0.00000000	     13.81328070	     24.98095987	      0.00000000	     36.36470167	     -2.61843616	      1.69930958	     -6.61318903	     -5.81578437	      0.46179061	      0.00000000	     25.88991469	      8.22725413	      0.00000000
      5.66666667	    117.23132872	      4.47965841	   -178.44334380	     -0.69475955	     -0.69309123	     -0.44886784	     17.10762806	      1.81875628	     -3.31913169	     20.76396117	     -2.53193749	     -7.85422742	      0.00119366	     -0.03343825	      0.00991124	      0.00000000	      0.00000000	      0.00000000	     -0.03457883	     -0.02437125	     -0.02236220	      0.00000000	      0.00000000	      0.00000000	     -0.03286783	      0.00102337	      0.00010095	    -22.08385043	   -370.41812941	     -6.76647051	    122.23469128	      0.00000000	      0.00000000	      0.00000000	      0.00000000	   -159.63555777	    189.62859755	   -161.98149962	    126.79351550	      0.00000000	      0.00000000	      0.00000000	      0.00000000	     36.15824435	      3.02722888	    -10.18267205	     -7.35371556	      1.00203591	     -3.54517480	      0.00000000	     16.08115745	     24.98095987	      0.00000000	     35.42684810	     -2.14576593	     -0.13182554	     -6.22999929	     -4.09635278	      0.12571304	      0.00000000	     25.52776648	      9.55718463	      0.00000000
      5.70000000	    117.40279727	      4.32822319	   -178.28094509	     -0.69463757	     -0.69977878	     -0.44934562	     17.26362199	      1.53183293	     -3.36642484	     20.44715921	     -2.90988739	     -7.74350601	      0.00077392	     -0.03148304	      0.01627162	      0.00000000	      0.00000000	      0.00000000	     -0.03967863	     -0.02626412	     -0.02157870	      0.00000000	      0.00000000	      0.00000000	     -0.03602808	     -0.00545175	      0.00423147	    -21.87364940	   -371.19135608	     -6.22939967	    122.28704490	      0.00000000	      0.00000000	      0.00000000	      0.00000000	   -158.24831743	    190.29194418	   -160.05804562	    127.89637248	      0.00000000	      0.00000000	      0.00000000	      0.00000000	     35.79752573	      3.23497355	    -12.67981474	     -7.48388957	      3.76468373	     -4.55485884	      0.00000000	     18.06021536	     24.98095987	      0.00000000	     35.27745506	     -2.03560775	     -2.54378947	     -6.78118618	     -3.34601298	      0.23857284	      0.00000000	     24.95355020	     11.23242848	      0.00000000
      5.73333333	    118.35023048	      4.69947260	   -178.34287025	     -0.69425030	     -0.70376371	     -0.45082662	     18.68969454	      1.69471032	     -2.99625520	     19.77005771	     -2.71847539	     -8.87258456	     -0.00054656	     -0.03063926	      0.01969774	      0.00000000	      0.00000000	      0.00000000	     -0.04729817	     -0.02846712	     -0.02363974	      0.00000000	      0.00000000	      0.00000000	     -0.03789052	     -0.00807466	      0.00580203	    -22.20262071	   -371.46284988	     -7.63449015	    122.15761409	      0.00000000	      0.00000000	      0.00000000	      0.00000000	   -157.30326166	    190.41091069	   -161.27096196	    128.05649490	      0.00000000	      0.00000000	      0.00000000	      0.00000000	     36.41392131	      3.84734955	    -14.30526135	     -7.49816366	      5.60170931	     -4.98473282	      0.00000000	     18.33579413	     24.98095987	      0.00000000	     36.34870814	     -2.59927645	     -3.18502517	     -7.85022646	     -3.77032538	      0.79781963	      0.00000000	     24.65636377	     11.43746470	      0.00000000
      5.76666667	    120.99522397	      4.95455333	   -178.55042818	     -0.69329484	     -0.70446978	     -0.45237133	     22.45463355	      1.78447176	     -2.82584384	     18.50165162	     -1.99426871	    -11.23574250	     -0.00235930	     -0.02984242	      0.01831947	      0.00000000	      0.00000000	      0.00000000	     -0.05158723	     -0.02856893	     -0.02599200	      0.00000000	      0.00000000	      0.00000000	     -0.03801030	     -0.00819952	      0.00533337	    -22.56882146	   -372.08950515	     -9.92843591	    122.79522449	      0.00000000	      0.00000000	      0.00000000	      0.00000000	   -156.98131007	    190.71308070	   -163.63193989	    127.28739719	      0.00000000	      0.00000000	      0.00000000	      0.00000000	     39.16934923	      4.09089642	    -15.48091674	     -7.69504604	      7.18354391	     -4.98473282	      0.00000000	     18.15113350	     24.98095987	      0.00000000	     39.59109192	     -2.93798578	     -2.37529588	     -9.19622013	     -4.88852422	      1.40188016	      0.00000000	     23.80408609	      9.86254499	      0.00000000
      5.80000000	    124.43820728	      4.97202395	   -178.49851257	     -0.69192830	     -0.70218526	     -0.45415077	     27.53406682	      1.48847122	     -3.69160702	     16.84542217	     -0.92938513	    -12.42707169	     -0.00448938	     -0.02830979	      0.01580701	      0.00000000	      0.00000000	      0.00000000	     -0.04984910	     -0.02593678	     -0.02735267	      0.00000000	      0.00000000	      0.00000000	     -0.03590335	     -0.00681463	      0.00760346	    -22.91991403	   -372.44561508	    -11.52921016	    123.69382182	      0.00000000	      0.00000000	      0.00000000	      0.00000000	   -156.00084666	    192.47979082	   -164.49458179	    125.64912576	      0.00000000	      0.00000000	      0.00000000	      0.00000000	     43.14064677	      3.97031619	    -14.23414854	     -8.07281951	      5.69431961	     -4.98473282	      0.00000000	     17.91475027	     24.98095987	      0.00000000	     43.87252074	     -2.81794339	     -0.35837224	    -10.32601486	     -5.75258885	      2.00079826	      0.00000000	     22.37237911	      7.03167271	      0.00000000
      5.83333333	    126.22712956	      4.56810999	   -178.50192897	     -0.69097901	     -0.69767468	     -0.45565860	     30.89601140	      1.07277714	     -4.29547680	     15.45054652	     -0.60809748	    -13.04528905	     -0.00818426	     -0.02715131	      0.01342554	      0.00000000	      0.00000000	      0.00000000	     -0.04511474	     -0.02140931	     -0.02752395	      0.00000000	      0.00000000	      0.00000000	     -0.03221651	     -0.00397939	      0.01021507	    -22.69906254	   -371.71720093	    -12.20612878	    123.87416355	      0.00000000	      0.00000000	      0.00000000	      0.00000000	   -154.87306046	    194.64628618	   -163.86865545	    123.16713177	      0.00000000	      0.00000000	      0.00000000	      0.00000000	     45.62977459	      3.55214414	    -12.71287714	     -8.59489781	      3.35640520	     -4.98473282	      0.00000000	     17.09136384	     24.98095987	      0.00000000	     46.32389838	     -2.45549274	      0.44546954	    -11.05710137	     -5.31734801	      2.01647996	      0.00000000	     22.08694895	      6.25519309	      0.00000000
      5.86666667	    125.85487146	      3.98140030	   -178.29300381	     -0.69086759	     -0.69150370	     -0.45654312	     32.05617696	      0.61180540	     -4.82232370	     13.96752238	     -0.57471596	    -13.48137478	     -0.01358104	     -0.02666042	      0.01026804	      0.00000000	      0.00000000	      0.00000000	     -0.03835773	     -0.01739576	     -0.02754055	      0.00000000	      0.00000000	      0.00000000	     -0.02839894	     -0.00011177	      0.01386632	    -22.68109372	   -370.10653087	    -11.30383350	    122.62248683	      0.00000000	      0.00000000	      0.00000000	      0.00000000	   -152.48550741	    196.15140260	   -164.15759099	    119.43268647	      0.00000000	      0.00000000	      0.00000000	      0.00000000	     45.90716653	      2.80964572	    -12.30924565	     -9.09975447	      2.28540110	     -4.98473282	      0.00000000	     15.62222991	     24.98095987	      0.00000000	     46.48859001	     -1.82874567	      0.83751111	    -11.57653113	     -4.67766068	      1.79581969	      0.00000000	     22.90278234	      6.92585210	      0.00000000
      5.90000000	    125.35189641	      3.72376042	   -177.86751013	     -0.69130273	     -0.68404616	     -0.45760246	     33.49098717	      0.11814628	     -5.53035288	     11.52120347	      0.01321579	    -13.17397018	     -0.02061532	     -0.02524213	      0.00713206	      0.00000000	      0.00000000	      0.00000000	     -0.03539705	     -0.01335410	     -0.02684622	      0.00000000	      0.00000000	      0.00000000	     -0.02639175	      0.00571402	      0.01615659	    -22.36170189	   -367.15982887	     -9.71173995	    118.62376035	      0.00000000	      0.00000000	      0.00000000	      0.00000000	   -149.64910767	    195.44141773	   -166.57760938	    115.04611801	      0.00000000	      0.00000000	      0.00000000	      0.00000000	     46.17397439	      2.29519489	    -11.49474382	     -9.69610455	      0.16942760	     -4.98473282	      0.00000000	     13.17698787	     24.98095987	      0.00000000	     46.57931050	     -1.26803107	      0.78416185	    -11.92087547	     -4.03216818	      1.54473125	      0.00000000	     24.25172360	      8.92156380	      0.00000000
      5.93333333	    124.30657739	      3.93097317	   -177.77993608	     -0.69168777	     -0.67640062	     -0.45832917	     34.83276193	      0.22041390	     -6.09125647	      8.71978936	      0.74911723	    -12.14030329	     -0.02631590	     -0.02314904	      0.00346946	      0.00000000	      0.00000000	      0.00000000	     -0.03416035	     -0.01021117	     -0.02568729	      0.00000000	      0.00000000	      0.00000000	     -0.02550506	      0.01097933	      0.01817216	    -22.07935914	   -363.67333964	     -8.11506091	    113.09246119	      0.00000000	      0.00000000	      0.00000000	      0.00000000	   -147.05294426	    192.19645123	   -170.05907333	    110.12099392	      0.00000000	      0.00000000	      0.00000000	      0.00000000	     45.91801780	      2.53685436	    -10.35439506	    -10.36462938	     -1.71538392	     -4.98473282	      0.00000000	     11.52166205	     24.98095987	      0.00000000	     46.10715635	     -1.26078293	      0.34586114	    -12.03665095	     -4.23021134	      1.32733027	      0.00000000	     24.85763276	     11.02543716	      0.00000000
      5.96666667	    122.26402364	      4.33713370	   -177.97426594	     -0.69080779	     -0.66840174	     -0.45954556	     35.09141337	      0.42119945	     -6.12034169	      5.96407600	      1.36097712	    -10.05195801	     -0.03204850	     -0.02041873	      0.00260198	      0.00000000	      0.00000000	      0.00000000	     -0.03300578	     -0.00751144	     -0.02295674	      0.00000000	      0.00000000	      0.00000000	     -0.02689298	      0.01360509	      0.02157029	    -21.55070669	   -360.36164905	     -6.73291356	    107.21613326	      0.00000000	      0.00000000	      0.00000000	      0.00000000	   -144.65510373	    186.16578651	   -173.39107462	    105.23374024	      0.00000000	      0.00000000	      0.00000000	      0.00000000	     44.94412394	      3.50827079	     -7.64634820	    -11.60107978	     -3.74148254	     -4.98473282	      0.00000000	     12.18249806	     24.36046617	      0.00000000	     44.62637974	     -1.75615830	     -0.43146508	    -11.97488053	     -5.76975760	      1.10848694	      0.00000000	     24.68816606	     13.57026737	      0.00000000
      6.00000000	    118.35683479	      4.02384618	   -178.35254607	     -0.68874153	     -0.66210598	     -0.46060924	     33.55386383	     -0.08736991	     -5.24914384	      4.62712685	      1.89831489	     -7.47518265	     -0.03150780	     -0.01938580	      0.00459071	      0.00000000	      0.00000000	      0.00000000	     -0.02898141	     -0.00491866	     -0.02148808	      0.00000000	      0.00000000	      0.00000000	     -0.02731127	      0.01544192	      0.02946161	    -20.63243677	   -357.83385376	     -6.46784154	    101.35693098	      0.00000000	      0.00000000	      0.00000000	      0.00000000	   -142.46198366	    179.84361824	   -175.97136563	     99.12919017	      0.00000000	      0.00000000	      0.00000000	      0.00000000	     41.96405897	      4.39666979	     -3.87888026	    -13.04677051	     -3.63324224	     -4.98473282	      0.00000000	     14.96674552	     21.79259898	      0.00000000	     40.48196707	     -2.09621538	     -1.33931621	    -10.76600670	     -8.15283260	      1.08008323	      0.00000000	     23.97984143	     15.20208751	      0.00000000
      6.03333333	    112.93451242	      2.89937094	   -178.28640327	     -0.68559398	     -0.65636853	     -0.45998106	     30.02789099	     -1.47528436	     -4.37070507	      4.67383350	      3.03987715	     -6.58733725	     -0.02816228	     -0.01982951	      0.00424008	      0.00000000	      0.00000000	      0.00000000	     -0.02374106	     -0.00219437	     -0.02347981	      0.00000000	      0.00000000	      0.00000000	     -0.03076695	      0.01609039	      0.03701074	    -20.97703224	   -355.59136850	     -5.87814421	     95.66476696	      0.00000000	      0.00000000	      0.00000000	      0.00000000	   -140.47652628	    173.89533298	   -177.96348795	     92.69626103	      0.00000000	      0.00000000	      0.00000000	      0.00000000	     37.18961612	      3.92869716	     -2.95247243	    -14.48631830	      2.25107218	     -4.98473282	      0.00000000	     17.52913364	     15.53288199	      0.00000000	     34.60170744	     -1.31554787	     -3.13000249	     -9.44962081	     -7.13035454	      0.57936888	      0.00000000	     24.18138468	     13.27167774	      0.00000000
      6.06666667	    111.81559816	      1.97779238	   -178.18999170	     -0.68197863	     -0.64882615	     -0.45794035	     31.14432497	     -2.72675661	     -4.00192312	      5.04170932	      3.64290875	     -5.56938631	     -0.02165528	     -0.02007010	      0.00512518	      0.00000000	      0.00000000	      0.00000000	     -0.02079881	      0.00339270	     -0.02561990	      0.00000000	      0.00000000	      0.00000000	     -0.03350840	      0.01782700	      0.04189157	    -21.13616915	   -353.12275144	     -5.27066947	     88.97578867	      0.00000000	      0.00000000	      0.00000000	      0.00000000	   -139.27260815	    170.16279635	   -179.38174598	     86.72588420	      0.00000000	      0.00000000	      0.00000000	      0.00000000	     37.08534284	      2.93542160	     -3.53001110	    -15.89630816	      5.04380205	     -4.98473282	      0.00000000	     18.02365021	     12.29667113	      0.00000000	     33.60372905	     -0.20457366	     -3.62002996	     -8.80014369	     -5.64805651	     -0.13325204	      0.00000000	     24.58216184	     11.28914791	      0.00000000
      6.10000000	    111.32394848	      1.06348142	   -178.18641274	     -0.67886685	     -0.64120564	     -0.45473265	     32.79771510	     -3.69715678	     -3.45617195	      4.85632392	      4.02562059	     -5.27263915	     -0.01594771	     -0.02066602	      0.00536010	      0.00000000	      0.00000000	      0.00000000	     -0.01854497	      0.00684556	     -0.02903337	      0.00000000	      0.00000000	      0.00000000	     -0.03348423	      0.01795307	      0.04283821	    -22.11759197	   -350.75907884	     -4.37067372	     82.67061302	      0.00000000	      0.00000000	      0.00000000	      0.00000000	   -138.48887402	    167.72126979	   -181.15310582	     81.56171159	      0.00000000	      0.00000000	      0.00000000	      0.00000000	     37.52427384	      1.60466010	     -4.36125235	    -17.23106091	      5.79368809	     -4.98473282	      0.00000000	     18.68725572	     11.16864571	      0.00000000	     33.55442094	      0.90808578	     -3.80716132	     -8.99345840	     -5.01526276	     -0.49959884	      0.00000000	     25.77370337	     10.62469595	      0.00000000
      6.13333333	    111.44214162	      0.15606177	   -178.85844653	     -0.67692201	     -0.63375553	     -0.45117280	     34.99416141	     -4.20061031	     -2.16394677	      4.50628243	      4.06133764	     -5.41370666	     -0.01116592	     -0.02188990	      0.00621071	      0.00000000	      0.00000000	      0.00000000	     -0.01755728	      0.00716108	     -0.02686699	      0.00000000	      0.00000000	      0.00000000	     -0.03285542	      0.01466061	      0.04144088	    -21.83875034	   -348.09934747	     -3.72787318	     77.27560300	      0.00000000	      0.00000000	      0.00000000	      0.00000000	   -138.63392805	    164.54819716	   -182.76710814	     75.95157785	      0.00000000	      0.00000000	      0.00000000	      0.00000000	     38.66170131	      0.35180397	     -6.95246648	    -18.25737949	      5.56778750	     -4.98473282	      0.00000000	     19.06689056	     12.53476531	      0.00000000	     34.27202545	      1.73084394	     -4.30419831	     -9.46629251	     -4.90644416	     -0.61868523	      0.00000000	     26.61701877	     10.28427273	      0.00000000
      6.16666667	    113.71110772	     -0.19797584	   -179.15988488	     -0.67570240	     -0.62657652	     -0.44824112	     39.70772567	     -4.38665960	     -1.24561786	      2.81326525	      4.24916555	     -6.18388420	     -0.00754520	     -0.02099357	      0.00581604	      0.00000000	      0.00000000	      0.00000000	     -0.01408198	      0.00294906	     -0.02262481	      0.00000000	      0.00000000	      0.00000000	     -0.02957586	      0.01081972	      0.03810107	    -20.99911330	   -346.24107273	     -3.68535319	     73.96361100	      0.00000000	      0.00000000	      0.00000000	      0.00000000	   -140.26508085	    160.75505761	   -184.84143573	     69.73575405	      0.00000000	      0.00000000	      0.00000000	      0.00000000	     42.02607979	     -0.54227855	    -10.06078029	    -18.23501520	     -1.50897669	     -4.98473282	      0.00000000	     19.76444094	     24.98095987	      0.00000000	     37.72405705	      2.28784266	     -3.70900897	    -10.52450935	     -6.45512336	     -0.51673259	      0.00000000	     26.51397331	     10.82042189	      0.00000000
      6.20000000	    113.15015078	      0.00818589	   -179.64924565	     -0.67532869	     -0.62125746	     -0.44751920	     41.14635944	     -4.09362103	     -0.39744905	      0.41703602	      4.37073125	     -6.08608884	     -0.00776042	     -0.02002265	      0.00652608	      0.00000000	      0.00000000	      0.00000000	     -0.01380437	     -0.00731536	     -0.01909384	      0.00000000	      0.00000000	      0.00000000	     -0.02690398	      0.00576860	      0.03392303	    -20.37812164	   -343.67502542	     -4.25620027	     70.73052935	      0.00000000	      0.00000000	      0.00000000	      0.00000000	   -142.07056867	    156.10755595	   -187.45857434	     62.83063176	      0.00000000	      0.00000000	      0.00000000	      0.00000000	     41.87303899	     -0.01497256	    -11.12321501	    -17.85506965	     -0.02592303	     -4.98473282	      0.00000000	     19.31193114	     24.98095987	      0.00000000	     37.99548811	      1.97225597	     -3.30344414	    -11.16270012	     -7.31893670	     -0.25908931	      0.00000000	     25.87628504	     11.06139160	      0.00000000
      6.23333333	    111.97369099	      0.59345575	   -179.67597701	     -0.67484220	     -0.61639913	     -0.44787512	     41.67763781	     -3.85312420	     -0.01555884	     -1.91880069	      4.63026844	     -6.05072805	     -0.00887884	     -0.01833048	      0.00654978	      0.00000000	      0.00000000	      0.00000000	     -0.01549579	     -0.01672385	     -0.01767187	      0.00000000	      0.00000000	      0.00000000	     -0.02423297	      0.00375312	      0.02972667	    -20.49364867	   -341.31610059	     -4.93309644	     67.00881732	      0.00000000	      0.00000000	      0.00000000	      0.00000000	   -143.67451038	    152.23493764	   -190.64590491	     56.49686430	      0.00000000	      0.00000000	      0.00000000	      0.00000000	     40.49149237	      0.68202413	    -12.24844185	    -16.52228379	      3.00888732	     -4.98473282	      0.00000000	     18.41570265	     24.98095987	      0.00000000	     37.52936358	      1.53025025	     -2.16996697	    -11.59726048	     -7.87508970	     -0.18391389	      0.00000000	     24.80658409	     11.86213932	      0.00000000
      6.26666667	    110.07139844	      1.47014954	   -179.30068269	     -0.67344563	     -0.61135203	     -0.44862269	     41.13591637	     -3.67520071	     -0.34818918	     -3.78124181	      5.06703638	     -5.19906402	     -0.00931705	     -0.01652473	      0.00719208	      0.00000000	      0.00000000	      0.00000000	     -0.01751847	     -0.01872596	     -0.01800799	      0.00000000	      0.00000000	      0.00000000	     -0.02200578	      0.00506245	      0.02721054	    -21.28384171	   -339.17543195	     -4.66546106	     61.38549189	      0.00000000	      0.00000000	      0.00000000	      0.00000000	   -144.44823909	    149.54146950	   -193.66113239	     50.83954651	      0.00000000	      0.00000000	      0.00000000	      0.00000000	     38.20738738	      1.34080657	    -12.96905596	    -15.18260592	      5.73425938	     -4.98473282	      0.00000000	     17.44231556	     24.98095987	      0.00000000	     36.10754104	      1.00209099	     -0.83713530	    -11.62597294	     -7.59235839	     -0.39427036	      0.00000000	     23.82029633	     12.83660648	      0.00000000
      6.30000000	    108.31861661	      2.04438677	   -178.81485705	     -0.67075438	     -0.60504969	     -0.44884287	     40.33724099	     -3.71253732	     -1.02073808	     -4.83722097	      5.71960296	     -3.61424725	     -0.00852775	     -0.01511002	      0.00750232	      0.00000000	      0.00000000	      0.00000000	     -0.01940356	     -0.01510155	     -0.01703678	      0.00000000	      0.00000000	      0.00000000	     -0.02025010	      0.00830482	      0.02484508	    -22.10376396	   -336.61276526	     -2.86143130	     54.84928966	      0.00000000	      0.00000000	      0.00000000	      0.00000000	   -144.65620779	    147.46716664	   -196.40819872	     45.43440721	      0.00000000	      0.00000000	      0.00000000	      0.00000000	     36.45977256	      1.51149470	    -13.51866617	    -14.59811769	      7.33305807	     -4.98473282	      0.00000000	     16.60690214	     24.83706767	      0.00000000	     34.75097145	      0.67365578	     -0.00575611	    -11.40601732	     -6.76419872	     -0.54760657	      0.00000000	     23.30767102	     13.37152706	      0.00000000
      6.33333333	    106.96422124	      2.18985940	   -178.36868332	     -0.66632659	     -0.59663886	     -0.44892111	     39.27860101	     -4.25947990	     -1.85424485	     -4.87522593	      6.18899064	     -1.95694283	     -0.00757635	     -0.01414768	      0.01048167	      0.00000000	      0.00000000	      0.00000000	     -0.02022305	     -0.01167051	     -0.01281613	      0.00000000	      0.00000000	      0.00000000	     -0.02097077	      0.01021255	      0.02224526	    -22.26970585	   -333.26918630	     -0.18624935	     48.58658619	      0.00000000	      0.00000000	      0.00000000	      0.00000000	   -144.52646639	    144.98961758	   -197.58782329	     40.29139146	      0.00000000	      0.00000000	      0.00000000	      0.00000000	     35.73011363	      1.22285284	    -14.60684646	    -15.03893401	      8.57214982	     -4.98473282	      0.00000000	     16.09340119	     23.81470610	      0.00000000	     34.13052525	      0.57787015	      0.47974532	    -11.72474271	     -5.72140755	     -0.45123626	      0.00000000	     23.99632880	     13.27213481	      0.00000000
      6.36666667	    106.58417116	      2.10358338	   -178.12969998	     -0.66128978	     -0.58738204	     -0.44867339	     38.97795009	     -4.93261408	     -2.54241024	     -4.66657332	      6.81566176	     -0.82934075	     -0.00594831	     -0.01329800	      0.01332192	      0.00000000	      0.00000000	      0.00000000	     -0.01897357	     -0.01275742	     -0.00584270	      0.00000000	      0.00000000	      0.00000000	     -0.02052028	      0.01160549	      0.02028829	    -21.55374106	   -329.67781105	      1.98885375	     43.57915623	      0.00000000	      0.00000000	      0.00000000	      0.00000000	   -144.74715504	    143.18747679	   -196.83238107	     36.32617268	      0.00000000	      0.00000000	      0.00000000	      0.00000000	     36.39735816	      0.74128590	    -16.46316800	    -15.97781945	      8.08977962	     -4.98473282	      0.00000000	     15.72085297	     24.98095987	      0.00000000	     34.69856877	      0.55501665	      0.78029223	    -12.33223484	     -4.99175810	      0.01497637	      0.00000000	     25.10835657	     12.70382164	      0.00000000
      6.40000000	    107.35687221	      2.40636767	   -177.86649724	     -0.65616915	     -0.57758836	     -0.44908930	     39.64917882	     -5.36075026	     -3.51547278	     -4.50285220	      7.28618533	     -0.31616750	     -0.00493642	     -0.01208101	      0.01574356	      0.00000000	      0.00000000	      0.00000000	     -0.01675586	     -0.01757951	      0.00061883	      0.00000000	      0.00000000	      0.00000000	     -0.02075486	      0.01279035	      0.01949319	    -20.80313892	   -326.07239910	      3.55446083	     39.24005182	      0.00000000	      0.00000000	      0.00000000	      0.00000000	   -144.55703495	    141.83369678	   -195.27392938	     33.01686837	      0.00000000	      0.00000000	      0.00000000	      0.00000000	     38.33694844	      0.79257114	    -17.30608018	    -16.95704295	      6.78127270	     -4.98473282	      0.00000000	     15.51077532	     24.98095987	      0.00000000	     36.71520403	      0.13417198	      1.64583481	    -13.24566377	     -4.31410882	      0.94054919	      0.00000000	     25.81522170	     11.52795718	      0.00000000
      6.43333333	    108.87209179	      2.98667183	   -178.01099507	     -0.65117505	     -0.56784100	     -0.45054470	     40.96661148	     -5.26996311	     -4.02118302	     -4.77713508	      7.70598768	     -0.67338563	     -0.00578632	     -0.00973161	      0.01642216	      0.00000000	      0.00000000	      0.00000000	     -0.01335583	     -0.02053430	      0.00498064	      0.00000000	      0.00000000	      0.00000000	     -0.02142321	      0.01419309	      0.01970912	    -20.28080427	   -323.46566192	      4.15045234	     35.92372148	      0.00000000	      0.00000000	      0.00000000	      0.00000000	   -143.72240314	    140.30052123	   -194.74045955	     29.38549756	      0.00000000	      0.00000000	      0.00000000	      0.00000000	     41.11747290	      1.44732900	    -16.63428590	    -17.96489833	      5.02189031	     -4.98473282	      0.00000000	     16.20778977	     24.98095987	      0.00000000	     39.44987134	     -0.75919955	      2.60566275	    -13.94248817	     -3.53955410	      1.96824910	      0.00000000	     25.26559284	      9.62307953	      0.00000000
      6.46666667	    109.04635639	      3.43710098	   -178.27919401	     -0.64667842	     -0.55942433	     -0.45280989	     40.74813820	     -5.04290830	     -3.82522828	     -5.62451901	      7.57634706	     -1.84889400	     -0.00945828	     -0.00720326	      0.01668240	      0.00000000	      0.00000000	      0.00000000	     -0.01020197	     -0.01953571	      0.00817035	      0.00000000	      0.00000000	      0.00000000	     -0.01966265	      0.01525311	      0.01956725	    -19.84962201	   -321.82121076	      3.98049485	     33.52685134	      0.00000000	      0.00000000	      0.00000000	      0.00000000	   -142.80353181	    138.59768809	   -195.50607991	     26.26365528	      0.00000000	      0.00000000	      0.00000000	      0.00000000	     42.26465846	      2.08261728	    -16.20939883	    -18.72201546	      4.26439864	     -4.98473282	      0.00000000	     17.05744725	     24.98095987	      0.00000000	     40.24470160	     -1.49126723	      2.20074226	    -13.76541859	     -2.73208989	      2.13893007	      0.00000000	     24.62042945	      8.80501232	      0.00000000
      6.50000000	    108.54639455	      3.99160584	   -178.28814347	     -0.64279635	     -0.55186697	     -0.45602382	     39.78176290	     -4.70168506	     -3.02520262	     -6.06832152	      7.46281741	     -2.99301801	     -0.01358414	     -0.00575580	      0.01599871	      0.00000000	      0.00000000	      0.00000000	     -0.01355398	     -0.01891219	      0.00850528	      0.00000000	      0.00000000	      0.00000000	     -0.01398174	      0.01595796	      0.01644703	    -21.09119276	   -319.59855549	      4.13005882	     29.91749081	      0.00000000	      0.00000000	      0.00000000	      0.00000000	   -142.61366350	    136.49876179	   -199.01645446	     24.09143728	      0.00000000	      0.00000000	      0.00000000	      0.00000000	     42.21764503	      2.65178475	    -17.05723287	    -18.70002537	      4.02394708	     -4.98473282	      0.00000000	     16.88628057	     24.98095987	      0.00000000	     39.85078615	     -2.22518003	     -0.14063121	    -12.69906174	     -1.10961368	      1.87356986	      0.00000000	     23.71597657	      8.53632079	      0.00000000
      6.53333333	    107.73201266	      4.58804966	   -178.38971976	     -0.63887340	     -0.54385263	     -0.45892295	     38.41698830	     -3.97900924	     -2.15503255	     -5.84039517	      6.92691737	     -4.20824674	     -0.01635556	     -0.00607554	      0.01482728	      0.00000000	      0.00000000	      0.00000000	     -0.01690321	     -0.01759833	      0.00580588	      0.00000000	      0.00000000	      0.00000000	     -0.00619078	      0.01481162	      0.01414360	    -23.79936673	   -317.51950610	      6.04290308	     26.26714643	      0.00000000	      0.00000000	      0.00000000	      0.00000000	   -141.92840993	    135.03265930	   -202.95459157	     23.87288333	      0.00000000	      0.00000000	      0.00000000	      0.00000000	     41.77301301	      3.00634962	    -19.74209524	    -18.71671401	      5.34625525	     -4.98473282	      0.00000000	     16.24177164	     24.98095987	      0.00000000	     39.19292428	     -2.86995475	     -4.02090975	    -11.83396279	      1.99183343	      0.87890437	      0.00000000	     23.82616638	      9.19079811	      0.00000000
      6.56666667	    108.00832165	      5.47702372	   -178.44503642	     -0.63472528	     -0.53371129	     -0.46115013	     37.93264722	     -2.93338670	     -1.72239115	     -5.01402636	      5.93407649	     -4.78942693	     -0.01872008	     -0.00767889	      0.01493561	      0.00000000	      0.00000000	      0.00000000	     -0.02030201	     -0.01787715	      0.00265368	      0.00000000	      0.00000000	      0.00000000	     -0.00038770	      0.01170816	      0.01169916	    -27.65578791	   -315.49707313	      9.64259265	     23.22841295	      0.00000000	      0.00000000	      0.00000000	      0.00000000	   -141.01168918	    133.70472776	   -205.66253380	     24.81281710	      0.00000000	      0.00000000	      0.00000000	      0.00000000	     42.57396975	      3.33820175	    -23.01049932	    -18.69174507	      7.16731178	     -4.98473282	      0.00000000	     14.96950681	     24.98095987	      0.00000000	     40.10639495	     -3.47839803	     -7.34002517	    -11.46390465	      5.61803112	     -0.46601932	      0.00000000	     24.27313828	     10.11882559	      0.00000000
      6.60000000	    109.66696394	      6.39949003	   -178.43288233	     -0.62961775	     -0.52157020	     -0.46128523	     38.79157461	     -1.74258725	     -2.00432285	     -3.52123020	      4.57907389	     -4.99254554	     -0.01874534	     -0.00980247	      0.01529550	      0.00000000	      0.00000000	      0.00000000	     -0.02095362	     -0.01805023	     -0.00015606	      0.00000000	      0.00000000	      0.00000000	      0.00157583	      0.00636990	      0.00869906	    -31.85073976	   -313.51169555	     14.49930188	     20.53818977	      0.00000000	      0.00000000	      0.00000000	      0.00000000	   -139.88361824	    132.16418536	   -206.89828491	     25.44388823	      0.00000000	      0.00000000	      0.00000000	      0.00000000	     45.16756342	      3.34710979	    -25.89648211	    -18.94359147	      8.87524310	     -4.98473282	      0.00000000	     14.05485147	     24.98095987	      0.00000000	     42.96724781	     -3.59801833	     -9.85670090	    -11.83750951	      9.54069034	     -2.33999750	      0.00000000	     25.10016597	     10.57871375	      0.00000000
      6.63333333	    112.13250299	      6.90808213	   -178.42426944	     -0.62296360	     -0.50831205	     -0.45974769	     40.41866531	     -0.91233138	     -2.80997522	     -2.51999178	      3.46087169	     -4.46476074	     -0.01864988	     -0.00981614	      0.01568128	      0.00000000	      0.00000000	      0.00000000	     -0.01858101	     -0.01642867	      0.00015258	      0.00000000	      0.00000000	      0.00000000	      0.00098417	      0.00230338	      0.00496647	    -34.19557957	   -311.04259230	     18.21534311	     17.81987298	      0.00000000	      0.00000000	      0.00000000	      0.00000000	   -139.00565020	    130.34314382	   -206.63676417	     24.68409891	      0.00000000	      0.00000000	      0.00000000	      0.00000000	     49.07853107	      2.99661510	    -26.88443183	    -19.60259558	      8.97098306	     -4.98473282	      0.00000000	     14.09453036	     24.98095987	      0.00000000	     47.01183056	     -3.11713000	    -11.08997470	    -12.93109558	     12.39884457	     -4.03348094	      0.00000000	     26.14617978	      9.67905327	      0.00000000
      6.66666667	    112.33538141	      6.71964671	   -177.85370753	     -0.61547476	     -0.49636686	     -0.45754838	     39.41814044	     -0.99443153	     -3.39614806	     -0.49479321	      2.94363855	     -4.17062426	     -0.01743348	     -0.01099151	      0.01587765	      0.00000000	      0.00000000	      0.00000000	     -0.01427183	     -0.01251358	      0.00066754	      0.00000000	      0.00000000	      0.00000000	      0.00132093	      0.00089387	      0.00273094	    -35.21044183	   -309.03394577	     17.67516959	     16.03737701	      0.00000000	      0.00000000	      0.00000000	      0.00000000	   -138.29572565	    127.98421215	   -205.58821955	     22.71738627	      0.00000000	      0.00000000	      0.00000000	      0.00000000	     50.45208993	      2.31616390	    -26.21841631	    -19.76081270	      7.90025610	     -4.98473282	      0.00000000	     15.81360118	     24.98095987	      0.00000000	     48.44270986	     -2.02385453	    -10.94253302	    -13.59299774	     12.69740673	     -4.75056824	      0.00000000	     27.49990562	      9.38600629	      0.00000000
      6.70000000	    111.18018388	      6.30020313	   -177.20017579	     -0.60768873	     -0.48634187	     -0.45501266	     37.06241794	     -1.16380067	     -4.13011528	      1.62535935	      2.85353818	     -3.59572999	     -0.01537283	     -0.01212229	      0.01515352	      0.00000000	      0.00000000	      0.00000000	     -0.01018751	     -0.00787523	      0.00259384	      0.00000000	      0.00000000	      0.00000000	      0.00036637	      0.00214763	     -0.00134161	    -35.02048940	   -305.73590109	     18.69788538	     12.16732098	      0.00000000	      0.00000000	      0.00000000	      0.00000000	   -138.46464456	    124.49866783	   -205.96407613	     17.45809851	      0.00000000	      0.00000000	      0.00000000	      0.00000000	     50.29106143	      1.74399173	    -24.59066268	    -19.91448398	      6.03752378	     -4.98473282	      0.00000000	     18.20403807	     24.98095987	      0.00000000	     48.08577976	     -0.97113730	    -10.76326141	    -13.55724606	     12.10430119	     -4.56377070	      0.00000000	     28.77509829	      9.22173409	      0.00000000
      6.73333333	    108.16322734	      5.85755317	   -176.99447085	     -0.60078563	     -0.47856085	     -0.45332327	     32.79113430	     -1.00612059	     -4.33357037	      3.26428686	      3.53475762	     -3.00641795	     -0.01466313	     -0.01351875	      0.01334923	      0.00000000	      0.00000000	      0.00000000	     -0.00668161	     -0.00418089	      0.00508286	      0.00000000	      0.00000000	      0.00000000	     -0.00117100	      0.00265945	     -0.00573287	    -34.49876246	   -302.01252866	     22.98316892	      7.13597121	      0.00000000	      0.00000000	      0.00000000	      0.00000000	   -138.59177342	    120.25081388	   -208.66236740	     10.57362096	      0.00000000	      0.00000000	      0.00000000	      0.00000000	     47.97536035	      1.70921819	    -22.91911678	    -20.18235249	      4.59321954	     -4.98473282	      0.00000000	     20.66174123	     24.98095987	      0.00000000	     45.20153554	     -0.65860580	    -10.21332828	    -12.53177241	     10.85921766	     -3.60915187	      0.00000000	     29.60899474	      9.95463406	      0.00000000
      6.76666667	    102.99496658	      5.73210383	   -176.73924795	     -0.59603975	     -0.47372684	     -0.45321152	     26.32515025	     -0.80300400	     -4.71873300	      4.85826423	      4.22229203	     -2.69896524	     -0.01440759	     -0.01658351	      0.01457252	      0.00000000	      0.00000000	      0.00000000	     -0.00314358	     -0.00498178	      0.00744952	      0.00000000	      0.00000000	      0.00000000	     -0.00257559	      0.00037788	     -0.00479866	    -34.69731003	   -298.74514881	     32.11119662	      3.08005686	      0.00000000	      0.00000000	      0.00000000	      0.00000000	   -135.24580959	    116.99174456	   -217.00584509	      5.07324772	      0.00000000	      0.00000000	      0.00000000	      0.00000000	     42.36093448	      2.19986226	    -22.89101645	    -18.93914014	      4.15106098	     -4.98473282	      0.00000000	     22.70854614	     24.98095987	      0.00000000	     39.67969005	     -1.19544544	     -9.71668507	    -11.08043938	      8.87023424	     -2.21798412	      0.00000000	     30.73419755	     13.12869497	      0.00000000
      6.80000000	    101.16379306	      5.87228053	   -176.80975423	     -0.59107850	     -0.46885126	     -0.45288154	     23.73217734	     -0.47258924	     -5.22268693	      5.52161317	      4.68714080	     -2.19004139	     -0.01437310	     -0.01739877	      0.01666114	      0.00000000	      0.00000000	      0.00000000	      0.00158320	     -0.00518633	      0.00707676	      0.00000000	      0.00000000	      0.00000000	     -0.00314870	     -0.00388727	     -0.00026112	    -35.65245975	   -297.40094132	     35.27554311	      2.60372031	      0.00000000	      0.00000000	      0.00000000	      0.00000000	   -129.25881794	    115.90524158	   -224.11111415	      3.63478773	      0.00000000	      0.00000000	      0.00000000	      0.00000000	     40.43099109	      2.36606646	    -24.16804631	    -18.28436263	      4.23798403	     -4.98473282	      0.00000000	     24.47748739	     24.98095987	      0.00000000	     37.91101298	     -1.51040936	     -8.98582400	    -10.39654744	      7.80132231	     -1.82298524	      0.00000000	     31.73137689	     15.69230538	      0.00000000
      6.83333333	    100.11817428	      5.88978432	   -176.99621022	     -0.58628012	     -0.46443461	     -0.45283491	     22.00531514	     -0.41774146	     -5.08122692	      5.74997938	      4.84549158	     -2.30167528	     -0.01546349	     -0.01750736	      0.01982058	      0.00000000	      0.00000000	      0.00000000	      0.00334347	     -0.00623843	      0.01065131	      0.00000000	      0.00000000	      0.00000000	     -0.00352870	     -0.00877176	     -0.00007706	    -35.91582408	   -295.99447984	     35.62134816	      1.85606234	      0.00000000	      0.00000000	      0.00000000	      0.00000000	   -124.87188335	    114.05273367	   -228.52853484	      2.51779354	      0.00000000	      0.00000000	      0.00000000	      0.00000000	     39.32400430	      2.47974895	    -24.84479126	    -17.60221913	      4.36148649	     -4.98473282	      0.00000000	     25.98384072	     24.98095987	      0.00000000	     37.04095834	     -1.51401559	     -7.64659776	    -10.05682135	      6.75349807	     -1.98262214	      0.00000000	     32.95279388	     16.69081806	      0.00000000
      6.86666667	    100.30667290	      5.82139035	   -177.34935272	     -0.58202048	     -0.46150816	     -0.45304019	     22.11630023	     -0.55516857	     -4.88853809	      5.72352803	      4.78796090	     -2.42729186	     -0.01361815	     -0.01733657	      0.02297073	      0.00000000	      0.00000000	      0.00000000	      0.00618642	     -0.00653685	      0.01294463	      0.00000000	      0.00000000	      0.00000000	     -0.00200598	     -0.00853648	     -0.00162324	    -35.98967481	   -295.49823386	     35.52315047	      2.03808439	      0.00000000	      0.00000000	      0.00000000	      0.00000000	   -124.06368481	    113.18581887	   -228.59221038	      1.93110584	      0.00000000	      0.00000000	      0.00000000	      0.00000000	     39.27624642	      2.74643171	    -25.09509888	    -16.49725694	      4.56896130	     -4.98473282	      0.00000000	     26.95308937	     24.98095987	      0.00000000	     37.12283649	     -1.50022279	     -7.49507928	     -9.23712241	      6.62445861	     -2.15293559	      0.00000000	     33.64590785	     16.60345918	      0.00000000
      6.90000000	    100.37686416	      5.65158563	   -177.32205134	     -0.57792138	     -0.45847084	     -0.45303543	     21.90389736	     -0.79809834	     -4.85879710	      5.70527585	      4.67472418	     -2.70228053	     -0.01312265	     -0.01690543	      0.02423422	      0.00000000	      0.00000000	      0.00000000	      0.00696416	     -0.00553295	      0.01520241	      0.00000000	      0.00000000	      0.00000000	     -0.00116819	     -0.00924652	     -0.00363877	    -36.19173831	   -294.84269644	     35.27920068	      2.04208789	      0.00000000	      0.00000000	      0.00000000	      0.00000000	   -123.05441372	    112.14331711	   -228.49780103	      1.18113472	      0.00000000	      0.00000000	      0.00000000	      0.00000000	     39.26443987	      2.72874205	    -24.97796750	    -15.84297423	      5.30727921	     -4.98473282	      0.00000000	     26.61086687	     24.98095987	      0.00000000	     37.36609734	     -1.08705778	     -7.46885470	     -9.00812837	      6.13924854	     -2.57245687	      0.00000000	     34.50536565	     16.18922395	      0.00000000
      6.93333333	     99.93164834	      5.25644189	   -177.63319958	     -0.57401222	     -0.45420022	     -0.45297633	     20.53522085	     -0.94081889	     -4.35726933	      6.25250446	      4.56270315	     -3.51747519	     -0.01566598	     -0.01704600	      0.02324409	      0.00000000	      0.00000000	      0.00000000	      0.00489802	     -0.00499610	      0.01606748	      0.00000000	      0.00000000	      0.00000000	     -0.00272995	     -0.01153461	     -0.00647767	    -37.30712771	   -293.37223844	     34.26953749	      1.19956238	      0.00000000	      0.00000000	      0.00000000	      0.00000000	   -120.81379531	    110.68817092	   -228.01866187	      0.00000000	      0.00000000	      0.00000000	      0.00000000	      0.00000000	     39.29105563	      2.50530933	    -25.06916586	    -16.42451690	      6.65016044	     -4.98473282	      0.00000000	     25.25656831	     24.98095987	      0.00000000	     37.40524591	     -0.83924497	     -6.92542596	     -9.67174134	      4.71373605	     -2.71138591	      0.00000000	     34.98687400	     15.06130729	      0.00000000
      6.96666667	     96.99262868	      4.98293283	   -176.81921813	     -0.57169138	     -0.45177775	     -0.45396701	     16.43671639	     -1.41220942	     -4.50281841	      7.91685496	      5.40571422	     -5.40138769	     -0.01650923	     -0.01917301	      0.01975609	      0.00000000	      0.00000000	      0.00000000	      0.00247359	     -0.00510205	      0.01423811	      0.00000000	      0.00000000	      0.00000000	     -0.00300097	     -0.01417236	     -0.00661804	    -40.64963761	   -292.92240682	     30.85654340	      1.91949504	      0.00000000	      0.00000000	      0.00000000	      0.00000000	   -117.13285288	    109.64866445	   -223.68852597	      0.00000000	      0.00000000	      0.00000000	      0.00000000	      0.00000000	     36.17110437	      2.28720440	    -25.22266268	    -16.07057037	      6.69859014	     -4.98473282	      0.00000000	     24.84150060	     24.98095987	      0.00000000	     34.44006009	     -0.74156624	     -4.62531425	     -9.62466702	      2.14608460	     -1.41903556	      0.00000000	     35.12904433	     12.30458749	      0.00000000
      7.00000000	     92.39853799	      4.43209281	   -177.24083026	     -0.57060265	     -0.45060398	     -0.45531617	     10.51573361	     -1.59413743	     -3.17079462	      8.94023129	      5.32218453	     -6.06007764	     -0.02055006	     -0.02143045	      0.01857366	      0.00000000	      0.00000000	      0.00000000	     -0.00093488	     -0.00706386	      0.01215692	      0.00000000	      0.00000000	      0.00000000	     -0.00318133	     -0.01752107	     -0.00841329	    -44.88910291	   -292.15118647	     26.94644383	      2.22134213	      0.00000000	      0.00000000	      0.00000000	      0.00000000	   -112.80531013	    108.27442823	   -218.77696540	      0.00000000	      0.00000000	      0.00000000	      0.00000000	      0.00000000	     31.31239487	      2.76170236	    -23.43067748	    -15.63228256	      6.27931988	     -4.98473282	      0.00000000	     24.65078421	     24.98095987	      0.00000000	     28.96910493	     -1.38497687	     -6.26327448	     -8.42013406	      1.69348070	     -0.26769776	      0.00000000	     35.53429745	     10.91104345	      0.00000000
      7.03333333	     79.04388067	      4.22531015	   -176.15283317	     -0.57323718	     -0.45562995	     -0.45701347	     -4.66894020	     -1.32240648	     -2.94218008	     10.13537175	      6.37870912	     -6.83735920	     -0.02521360	     -0.02284299	      0.01638245	      0.00000000	      0.00000000	      0.00000000	     -0.00315481	     -0.00806635	      0.01301259	      0.00000000	      0.00000000	      0.00000000	     -0.00243587	     -0.01825089	     -0.00738459	    -48.80230920	   -290.81633485	     22.22602604	      2.03907621	      0.00000000	      0.00000000	      0.00000000	      0.00000000	   -105.07975557	    107.36394572	   -216.49377459	      0.00000000	      0.00000000	      0.00000000	      0.00000000	      0.00000000	     15.33765605	      3.67594809	    -26.36525202	    -12.39568846	     10.46212576	     -4.98473282	      0.00000000	     25.06245557	     24.98095987	      0.00000000	     12.89708942	     -2.46161547	     -8.55391819	     -4.61184341	      3.03069975	      0.79798777	      0.00000000	     36.25311764	     11.56723532	      0.00000000
      7.06666667	     78.59899784	      3.59721715	   -176.67543526	     -0.57175003	     -0.45460285	     -0.45810244	     -5.29861577	     -2.41025604	     -2.43200788	     10.11570771	      7.18199602	     -7.48296717	     -0.02522221	     -0.02285502	      0.01646288	      0.00000000	      0.00000000	      0.00000000	     -0.00233589	     -0.00837689	      0.01450656	      0.00000000	      0.00000000	      0.00000000	     -0.00152672	     -0.01567827	     -0.00585719	    -48.98858761	   -290.80913024	     22.31544839	      2.28173361	      0.00000000	      0.00000000	      0.00000000	      0.00000000	   -104.34972118	    107.29453364	   -215.27137423	      0.00000000	      0.00000000	      0.00000000	      0.00000000	      0.00000000	     14.95581973	      3.25998406	    -25.32309005	    -12.32840865	     11.04422599	     -4.98473282	      0.00000000	     26.86005257	     24.98095987	      0.00000000	     11.81579201	     -2.14650391	     -8.75330916	     -3.10583881	      3.04544887	      1.10457649	      0.00000000	     36.09886503	     11.47222615	      0.00000000
      7.10000000	     77.44306043	      3.08914076	   -176.79445129	     -0.57072500	     -0.45356337	     -0.45872165	     -6.84401483	     -3.30179816	     -2.24780568	     10.31311380	      7.84627397	     -8.25362987	     -0.02573612	     -0.02231453	      0.01721092	      0.00000000	      0.00000000	      0.00000000	     -0.00286357	     -0.01000617	      0.01742497	      0.00000000	      0.00000000	      0.00000000	     -0.00101801	     -0.01281500	     -0.00383621	    -49.45235963	   -290.12292402	     21.79111467	      1.49616617	      0.00000000	      0.00000000	      0.00000000	      0.00000000	   -103.11291257	    107.18465202	   -214.04346704	      0.00000000	      0.00000000	      0.00000000	      0.00000000	      0.00000000	     13.73536791	      2.90612124	    -24.61828875	    -12.01991630	     10.89459381	     -4.98473282	      0.00000000	     28.76909780	     24.98095987	      0.00000000	     10.19316409	     -1.78128086	     -9.37125620	     -2.03257570	      3.84959557	      1.05609488	      0.00000000	     35.77006741	     11.98140559	      0.00000000
      7.13333333	     77.28078355	      3.29502718	   -176.74877994	     -0.56991445	     -0.45238121	     -0.45870211	     -7.02689966	     -3.23468935	     -2.39162935	     10.27949264	      7.93300163	     -8.20332478	     -0.02444384	     -0.02230712	      0.01889127	      0.00000000	      0.00000000	      0.00000000	     -0.00134908	     -0.01060394	      0.01806251	      0.00000000	      0.00000000	      0.00000000	     -0.00022183	     -0.01220294	     -0.00359481	    -49.62188836	   -290.06683508	     21.54211273	      1.41450442	      0.00000000	      0.00000000	      0.00000000	      0.00000000	   -102.80541567	    107.13509560	   -213.79972802	      0.00000000	      0.00000000	      0.00000000	      0.00000000	      0.00000000	     13.59912559	      3.06351605	    -24.62286279	    -11.72844219	     10.83225924	     -4.98473282	      0.00000000	     29.59317767	     24.98095987	      0.00000000	      9.83409850	     -2.01612612	     -9.61497136	     -1.48695246	      4.05144891	      1.28607723	      0.00000000	     35.56188392	     12.09714519	      0.00000000
      7.16666667	     77.21877904	      3.37387924	   -176.78358328	     -0.56904414	     -0.45083365	     -0.45826115	     -7.08326828	     -3.23229985	     -2.44139543	     10.25169212	      7.94317977	     -8.20143451	     -0.02227922	     -0.02194524	      0.01996762	      0.00000000	      0.00000000	      0.00000000	      0.00077368	     -0.01026924	      0.01823833	      0.00000000	      0.00000000	      0.00000000	      0.00112253	     -0.01158207	     -0.00312090	    -49.63569765	   -290.06889313	     21.52990987	      1.40401784	      0.00000000	      0.00000000	      0.00000000	      0.00000000	   -102.79374974	    107.08907216	   -213.79332884	      0.00000000	      0.00000000	      0.00000000	      0.00000000	      0.00000000	     13.74046265	      3.04621981	    -24.63140340	    -11.65174904	     10.82819970	     -4.97057922	      0.00000000	     29.61258728	     24.98095987	      0.00000000	      9.77917517	     -1.98480573	     -9.63797114	     -1.51486677	      4.05374918	      1.31505938	      0.00000000	     35.54687841	     12.09899285	      0.00000000
      7.20000000	     77.13072369	      3.41127993	   -176.77998179	     -0.56801738	     -0.44928926	     -0.45768315	     -7.17659176	     -3.22382659	     -2.49844832	     10.20228207	      7.95505108	     -8.18566645	     -0.01994790	     -0.02158352	      0.02062429	      0.00000000	      0.00000000	      0.00000000	      0.00322861	     -0.00936014	      0.01781812	      0.00000000	      0.00000000	      0.00000000	      0.00243127	     -0.01069978	     -0.00245302	    -49.65827690	   -290.09456210	     21.51145057	      1.37737134	      0.00000000	      0.00000000	      0.00000000	      0.00000000	   -102.78049591	    107.03756050	   -213.78239871	      0.00000000	      0.00000000	      0.00000000	      0.00000000	      0.00000000	     13.91178447	      3.05549137	    -24.64083834	    -11.56460216	     10.82960254	     -4.93060778	      0.00000000	     29.61756415	     24.98095987	      0.00000000	      9.76340191	     -1.94861355	     -9.68240089	     -1.53122885	      4.05839616	      1.37644304	      0.00000000	     35.53659660	     12.10350190	      0.00000000
      7.23333333	     75.71485446	      3.43706513	   -175.64894915	     -0.56735017	     -0.44764987	     -0.45688564	     -9.20710562	     -2.72755996	     -3.34020966	      8.58549833	      6.62803184	     -5.05725336	     -0.02661794	     -0.02078432	      0.02550874	      0.00000000	      0.00000000	      0.00000000	      0.00368260	     -0.00767406	      0.00897145	      0.00000000	      0.00000000	      0.00000000	      0.00181781	     -0.01066439	     -0.00343488	    -54.53227327	   -291.81094825	     17.31818598	      3.85490251	      0.00000000	      0.00000000	      0.00000000	      0.00000000	   -101.02529206	    106.53570792	   -209.82504521	      0.00000000	      0.00000000	      0.00000000	      0.00000000	      0.00000000	     12.22590233	      2.86581775	    -25.55424886	    -10.70458877	     10.55616144	     -4.30375828	      0.00000000	     29.15841555	     24.98095987	      0.00000000	      8.76453461	     -2.09296657	    -13.35454737	     -2.04174712	      7.59792748	      1.59596470	      0.00000000	     36.43141103	     13.71647408	      0.00000000
      7.26666667	     75.34580023	      2.62821134	   -175.25369395	     -0.56602021	     -0.44566308	     -0.45592033	     -9.89334032	     -3.42250422	     -3.33232735	      7.33615674	      6.86979113	     -5.05786435	     -0.02977551	     -0.01937260	      0.02387897	      0.00000000	      0.00000000	      0.00000000	      0.00264657	     -0.00798283	      0.00832072	      0.00000000	      0.00000000	      0.00000000	      0.00356877	     -0.00951058	     -0.00419988	    -55.89746286	   -291.82150814	     16.47165686	      2.93722552	      0.00000000	      0.00000000	      0.00000000	      0.00000000	   -100.62660332	    105.90956898	   -209.52062720	      0.00000000	      0.00000000	      0.00000000	      0.00000000	      0.00000000	     12.03231219	      2.10869680	    -25.61421491	    -10.69393247	     10.64907924	     -4.41019800	      0.00000000	     29.42397466	     24.98095987	      0.00000000	      8.51282159	     -1.25203129	    -12.93599722	     -1.93883727	      7.84971373	      1.62727054	      0.00000000	     36.87304323	     13.57904960	      0.00000000
      7.30000000	     75.58324112	      1.61861398	   -175.05130347	     -0.56403014	     -0.44210576	     -0.45417239	    -10.30078104	     -4.13740435	     -3.42311229	      7.56165820	      5.88426969	     -5.19523826	     -0.03143254	     -0.01959001	      0.02251449	      0.00000000	      0.00000000	      0.00000000	      0.00095030	     -0.00945084	      0.00572928	      0.00000000	      0.00000000	      0.00000000	      0.00410049	     -0.01072743	     -0.00477456	    -59.19755471	   -291.92129265	     15.26078575	      2.73408301	      0.00000000	      0.00000000	      0.00000000	      0.00000000	    -97.55439042	    105.67772241	   -209.18948830	      0.00000000	      0.00000000	      0.00000000	      0.00000000	      0.00000000	     12.84341298	      1.01495323	    -26.01891148	    -11.40912878	     10.94726851	     -4.73626759	      0.00000000	     29.51607221	     24.98095987	      0.00000000	      9.09482881	      0.14542127	    -12.26681540	     -2.28310506	      7.59211033	      1.17262166	      0.00000000	     36.73162327	     12.92690200	      0.00000000
      7.33333333	     77.12541936	      0.52323635	   -174.98350799	     -0.56066067	     -0.43552953	     -0.45163113	     -9.72370377	     -4.87130049	     -3.65450260	      8.49320844	      4.80077227	     -5.74247784	     -0.03253892	     -0.01998784	      0.01928512	      0.00000000	      0.00000000	      0.00000000	     -0.00076443	     -0.01025913	      0.00432075	      0.00000000	      0.00000000	      0.00000000	      0.00399630	     -0.01197453	     -0.00486803	    -62.69621712	   -291.36265267	     12.95449917	      2.23611750	      0.00000000	      0.00000000	      0.00000000	      0.00000000	    -92.96112706	    105.75526334	   -208.57654830	      0.00000000	      0.00000000	      0.00000000	      0.00000000	      0.00000000	     15.91283700	     -0.64785774	    -25.33717433	    -13.80976802	     10.98173988	     -4.98473282	      0.00000000	     29.11663773	     24.98095987	      0.00000000	     11.71851653	      2.20266676	    -11.37434032	     -3.72195381	      6.57106160	      0.07759282	      0.00000000	     35.86576341	     11.91470020	      0.00000000
      7.36666667	     97.28227567	      1.02967981	   -175.27244590	     -0.54966003	     -0.41863858	     -0.44959571	     11.91003888	     -5.56027053	     -3.67147765	      7.09527878	      4.02884648	     -6.76711501	     -0.02757621	     -0.01709049	      0.01390653	      0.00000000	      0.00000000	      0.00000000	      0.00224907	     -0.00777866	      0.00105883	      0.00000000	      0.00000000	      0.00000000	      0.00609190	     -0.00936103	     -0.00337580	    -60.23963896	   -292.49887771	     11.52841514	      3.79501863	      0.00000000	      0.00000000	      0.00000000	      0.00000000	    -99.41153256	    106.34799972	   -210.40991624	      0.00000000	      0.00000000	      0.00000000	      0.00000000	      0.00000000	     41.71297593	     -2.34937326	    -19.20481867	    -20.48140561	      6.03528011	     -4.98473282	      0.00000000	     26.13602323	     24.98095987	      0.00000000	     36.91903737	      4.56441200	     -7.34002100	     -9.32102028	      1.08731624	     -1.58899748	      0.00000000	     34.72009202	     11.20752198	      0.00000000
      7.40000000	     98.13973592	      0.40462253	   -175.39671767	     -0.54502607	     -0.40791848	     -0.44797567	     11.28673472	     -5.96426481	     -3.85715930	      9.20114657	      4.01799205	     -7.10053794	     -0.02372579	     -0.01812129	      0.01082404	      0.00000000	      0.00000000	      0.00000000	      0.00319187	     -0.00745382	      0.00145361	      0.00000000	      0.00000000	      0.00000000	      0.00724336	     -0.00502093	      0.00155062	    -64.30970928	   -291.06048677	      8.21245143	      3.41530745	      0.00000000	      0.00000000	      0.00000000	      0.00000000	    -93.80342204	    107.06412973	   -207.13070197	      0.00000000	      0.00000000	      0.00000000	      0.00000000	      0.00000000	     45.48169130	     -3.31493015	    -16.37613712	    -24.58247610	      5.10693087	     -4.98473282	      0.00000000	     23.59139340	     24.98095987	      0.00000000	     39.23370543	      5.85173257	     -7.57684783	    -10.25211978	      0.35454077	     -2.28518520	      0.00000000	     33.31913075	     11.14702061	      0.00000000
      7.43333333	     99.38803469	      0.27590885	   -175.80573694	     -0.54008570	     -0.39360061	     -0.44631815	     10.66830367	     -5.74446984	     -3.99508951	     10.63851628	      4.62856725	     -6.81002842	     -0.02013534	     -0.01985059	      0.00795848	      0.00000000	      0.00000000	      0.00000000	      0.00510298	     -0.00680598	      0.00210061	      0.00000000	      0.00000000	      0.00000000	      0.00863633	     -0.00241028	      0.00594406	    -69.93239552	   -289.93944363	      2.84732017	      4.15846690	      0.00000000	      0.00000000	      0.00000000	      0.00000000	    -86.07327606	    107.92712944	   -201.18883617	      0.00000000	      0.00000000	      0.00000000	      0.00000000	      0.00000000	     51.02082552	     -3.86910143	    -13.25020371	    -30.10318224	      2.96423084	     -4.98473282	      0.00000000	     22.65079742	     24.98095987	      0.00000000	     42.40193640	      6.38449267	     -8.98423428	    -11.66001713	      0.59370537	     -3.60651883	      0.00000000	     31.93683957	     12.95620902	      0.00000000
      7.46666667	    100.01000491	     -0.31215302	   -176.32973946	     -0.53497301	     -0.37656959	     -0.44398180	      8.82777340	     -5.77236813	     -3.17560872	     11.78389917	      5.01088232	     -7.92437485	     -0.01691501	     -0.02241710	      0.00456475	      0.00000000	      0.00000000	      0.00000000	      0.00659172	     -0.00558472	     -0.00109564	      0.00000000	      0.00000000	      0.00000000	      0.01161204	      0.00044937	      0.00887900	    -77.68825923	   -291.02558226	     -9.65620380	      7.24125604	      0.00000000	      0.00000000	      0.00000000	      0.00000000	    -77.39735991	    108.26060140	   -190.83049748	      0.00000000	      0.00000000	      0.00000000	      0.00000000	      0.00000000	     57.34032395	     -4.41335348	     -8.63251882	    -37.06331645	      0.53325017	     -4.98473282	      0.00000000	     24.94064345	     24.98095987	      0.00000000	     45.15924661	      6.53687904	    -11.96056650	    -13.71975353	     -1.23602886	     -4.98473282	      0.00000000	     31.46319736	     19.44008319	      0.00000000
      7.50000000	    101.80444220	     -0.38993803	   -175.57847356	     -0.52946176	     -0.35783477	     -0.44097995	      8.17058257	     -5.48652489	     -4.78006649	     11.62837317	      7.26311281	     -4.92209554	     -0.01368448	     -0.02471719	      0.00296113	      0.00000000	      0.00000000	      0.00000000	      0.01259533	     -0.00183752	     -0.00319190	      0.00000000	      0.00000000	      0.00000000	      0.01282797	      0.00034234	      0.01177736	    -85.13490295	   -291.13745290	    -14.69031433	      9.08881360	      0.00000000	      0.00000000	      0.00000000	      0.00000000	    -69.03653825	    110.48909825	   -186.60670508	      0.00000000	      0.00000000	      0.00000000	      0.00000000	      0.00000000	     65.72509468	     -5.66172725	     -6.06876950	    -44.78507625	     -0.88176549	     -4.98473282	      0.00000000	     26.87948003	     24.98095987	      0.00000000	     49.61306256	      6.28401817	    -11.74756155	    -17.62327895	     -1.43128410	     -4.98473282	      0.00000000	     29.90854903	     24.30531526	      0.00000000
      7.53333333	    104.45096357	     -0.34932429	   -174.50245274	     -0.52331305	     -0.33921511	     -0.43578768	      8.39773182	     -4.47443529	     -5.97223548	     11.54961404	      7.44888103	     -4.06005904	     -0.01147468	     -0.02675267	      0.00036797	      0.00000000	      0.00000000	      0.00000000	      0.01503923	      0.00361804	     -0.00682923	      0.00000000	      0.00000000	      0.00000000	      0.01393704	      0.00151583	      0.01209028	    -93.83632198	   -291.43268757	    -23.47802260	      9.68475305	      0.00000000	      0.00000000	      0.00000000	      0.00000000	    -63.41545957	    112.00908113	   -178.11026294	      0.00000000	      0.00000000	      0.00000000	      0.00000000	      0.00000000	     75.27788785	     -6.85818522	     -4.02869331	    -52.43242385	     -1.54451594	     -4.98473282	      0.00000000	     25.93480582	     24.98095987	      0.00000000	     54.99402600	      6.64005267	    -10.45849720	    -21.46118642	      1.00503927	     -4.98473282	      0.00000000	     27.14143632	     24.98095987	      0.00000000
      7.56666667	    106.14227467	     -0.25663049	   -173.17281683	     -0.51816672	     -0.32212571	     -0.42984877	      7.88084348	     -3.13373425	     -7.91443120	     10.65598559	      8.71034386	     -2.10332962	     -0.01136328	     -0.02789254	     -0.00443496	      0.00000000	      0.00000000	      0.00000000	      0.02086420	      0.00839040	     -0.01927229	      0.00000000	      0.00000000	      0.00000000	      0.01463292	      0.00363003	      0.01259974	   -101.35732892	   -293.92086912	    -27.98470070	     13.00517976	      0.00000000	      0.00000000	      0.00000000	      0.00000000	    -60.52873215	    114.17191305	   -173.47402516	      0.00000000	      0.00000000	      0.00000000	      0.00000000	      0.00000000	     83.85334486	     -8.38453709	     -3.25518035	    -60.13461431	     -1.74352846	     -4.98473282	      0.00000000	     21.59472533	     24.98095987	      0.00000000	     58.85209204	      7.27144145	    -11.61619118	    -23.43265888	      5.18235544	     -4.98473282	      0.00000000	     22.29438514	     24.98095987	      0.00000000
      7.60000000	    109.82905535	     -0.12340143	   -173.51494389	     -0.51337790	     -0.30572401	     -0.42230532	      9.64770130	     -1.18347652	     -7.97608885	     10.61236108	      8.70729983	     -0.27802822	     -0.01352704	     -0.02880056	     -0.00938910	      0.00000000	      0.00000000	      0.00000000	      0.01857147	      0.01050763	     -0.02268002	      0.00000000	      0.00000000	      0.00000000	      0.01238484	      0.00330463	      0.00727663	   -111.89439382	   -293.02478584	    -39.10024104	     10.85901460	      0.00000000	      0.00000000	      0.00000000	      0.00000000	    -57.58728511	    115.19594216	   -156.37992070	      0.00000000	      0.00000000	      0.00000000	      0.00000000	      0.00000000	     95.48373441	     -9.06075250	      3.34455431	    -68.97928672	     -1.69282586	      0.73034932	      0.00000000	     14.66650486	     21.32383392	      0.00000000	     63.92177717	      7.41675185	    -13.94797946	    -22.57942332	      6.18167045	     -4.98473282	      0.00000000	     17.93698918	     24.98095987	      0.00000000
      7.63333333	    112.53279342	     -2.20550864	   -175.09553942	     -0.50940182	     -0.29198307	     -0.41517372	     10.61363272	     -1.71579580	     -6.22879552	     10.74647203	      8.80821179	     -0.63114241	     -0.01431171	     -0.02846912	     -0.01469289	      0.00000000	      0.00000000	      0.00000000	      0.01766106	      0.01202398	     -0.02778487	      0.00000000	      0.00000000	      0.00000000	      0.01409619	     -0.00077781	      0.00529632	   -118.71377898	   -293.57122498	    -47.74747439	     10.29366496	      0.00000000	      0.00000000	      0.00000000	      0.00000000	    -53.71671799	    117.23537102	   -150.69583362	      0.00000000	      0.00000000	      0.00000000	      0.00000000	      0.00000000	    108.17479293	     -8.68757764	      8.61992077	    -79.32751444	      3.70972737	      4.20058383	      0.00000000	     10.71515392	     12.19572468	      0.00000000	     66.65441558	      7.99240149	    -18.83592072	    -19.08402429	      3.77120849	     -4.98473282	      0.00000000	     14.69833606	     24.98095987	      0.00000000
      7.66666667	    112.15534943	     -5.25694666	   -176.81658243	     -0.50611804	     -0.28142192	     -0.40896769	      8.47109799	     -3.66635426	     -4.28260506	     12.15070504	      9.02707205	     -1.55294485	     -0.01287735	     -0.02807611	     -0.01760482	      0.00000000	      0.00000000	      0.00000000	      0.01781688	      0.01370059	     -0.03011295	      0.00000000	      0.00000000	      0.00000000	      0.01638125	     -0.00358751	      0.00408327	   -124.33787876	   -294.39970571	    -56.58896795	      9.65500865	      0.00000000	      0.00000000	      0.00000000	      0.00000000	    -49.72951197	    119.17911181	   -145.99318152	      0.00000000	      0.00000000	      0.00000000	      0.00000000	      0.00000000	    119.70840482	     -7.76747358	      7.98489278	    -90.83192872	     14.89690267	      2.10529873	      0.00000000	      8.92882471	     -4.42806065	      0.00000000	     65.81382664	      9.28502556	    -22.73163020	    -14.94648530	     -0.95842786	     -4.98473282	      0.00000000	     13.47012564	     24.98095987	      0.00000000
      7.70000000	    109.48311064	     -7.83426562	   -177.95699891	     -0.50341680	     -0.27387360	     -0.40393890	      4.53583317	     -5.63789166	     -3.04952673	     13.54890407	      9.01868456	     -2.55776640	     -0.00873590	     -0.02695398	     -0.01908870	      0.00000000	      0.00000000	      0.00000000	      0.02138452	      0.01709751	     -0.02970122	      0.00000000	      0.00000000	      0.00000000	      0.02160083	     -0.00396874	      0.00585518	   -128.09222585	   -295.65811614	    -60.53229875	      9.40617791	      0.00000000	      0.00000000	      0.00000000	      0.00000000	    -47.42109253	    120.53917234	   -142.74940073	      0.00000000	      0.00000000	      0.00000000	      0.00000000	      0.00000000	    129.96411271	     -6.71837170	      2.70407421	   -102.56127921	     14.89690267	     -2.93527366	      0.00000000	      7.83606122	    -12.03756206	      0.00000000	     62.96181986	     11.11849471	    -24.10424198	    -12.05854156	     -5.44897467	     -4.98473282	      0.00000000	     12.03755512	     24.94948643	      0.00000000
      7.73333333	    105.63236897	     -9.47167131	   -178.49524899	     -0.50205345	     -0.26801710	     -0.40037983	     -0.34321433	     -7.17051963	     -2.99551875	     15.83903632	      8.52396421	     -3.53208642	     -0.00077691	     -0.02689737	     -0.01746300	      0.00000000	      0.00000000	      0.00000000	      0.02755001	      0.02023252	     -0.02754964	      0.00000000	      0.00000000	      0.00000000	      0.02591171	      0.00084650	      0.01099141	   -130.41167993	   -296.97355228	    -61.02096675	      9.60706688	      0.00000000	      0.00000000	      0.00000000	      0.00000000	    -47.22125702	    121.11749161	   -140.87520457	      0.00000000	      0.00000000	      0.00000000	      0.00000000	      0.00000000	    138.57849093	     -6.21809906	     -2.62371588	   -109.77753542	     14.89690267	     -4.98473282	      0.00000000	     -3.18846065	    -24.98095987	      0.00000000	     59.29098378	     12.87931362	    -24.00017753	    -10.94746440	     -7.58552438	     -4.98473282	      0.00000000	      9.74785450	     24.98095987	      0.00000000
      7.76666667	    102.60299059	     -9.80763679	   -178.30782099	     -0.50256398	     -0.26260185	     -0.39812728	     -3.98954315	     -7.68526121	     -3.47026408	     17.09540767	      7.64764968	     -4.44985666	      0.00750322	     -0.02774671	     -0.01263842	      0.00000000	      0.00000000	      0.00000000	      0.03314878	      0.02285842	     -0.02435294	      0.00000000	      0.00000000	      0.00000000	      0.03211150	      0.00567514	      0.01955443	   -130.32247561	   -297.56124199	    -60.46690995	      9.73735979	      0.00000000	      0.00000000	      0.00000000	      0.00000000	    -47.93455110	    121.14302729	   -140.77839244	      0.00000000	      0.00000000	      0.00000000	      0.00000000	      0.00000000	    145.64097787	     -6.14763461	     -5.34798364	   -112.08475583	     14.89690267	     -4.98473282	      0.00000000	    -14.13243950	    -24.98095987	      0.00000000	     56.64212796	     13.44966848	    -22.96189020	    -11.81289849	     -7.49670683	     -3.68730287	      0.00000000	      7.05414420	     24.03177532	      0.00000000
      7.80000000	     99.43680730	     -9.74083350	   -177.61691087	     -0.50480991	     -0.25699713	     -0.39786227	     -7.95443484	     -8.16976884	     -4.00976542	     18.70002050	      6.76143336	     -5.85762003	      0.01591478	     -0.02888539	     -0.00442396	      0.00000000	      0.00000000	      0.00000000	      0.03513057	      0.02382742	     -0.02165148	      0.00000000	      0.00000000	      0.00000000	      0.03937908	      0.00868375	      0.02728069	   -128.47937419	   -298.53532215	    -58.46693772	      9.77273602	      0.00000000	      0.00000000	      0.00000000	      0.00000000	    -46.59178311	    120.85901538	   -140.11636855	      0.36873401	      0.00000000	      0.00000000	      0.00000000	      0.00000000	    150.03999311	     -5.75686923	     -6.56787143	   -111.30709620	     14.89690267	     -4.98473282	      0.00000000	    -26.25848984	    -24.98095987	      0.00000000	     53.79817177	     13.86278801	    -21.09968644	    -12.87381892	     -7.27630348	     -2.29884566	      0.00000000	      4.21550605	     22.02902670	      0.00000000
      7.83333333	     97.97596881	     -8.24736933	   -176.76607739	     -0.50838920	     -0.25073191	     -0.40042222	    -10.06027505	     -7.37368451	     -2.56337231	     19.80255997	      5.94631067	     -8.38146370	      0.02108001	     -0.03031704	      0.00379976	      0.00000000	      0.00000000	      0.00000000	      0.03380402	      0.02465828	     -0.02769364	      0.00000000	      0.00000000	      0.00000000	      0.04891992	      0.02370524	      0.03834361	   -123.05320884	   -302.79146842	    -46.34977306	     10.54015561	      0.00000000	      0.00000000	      0.00000000	      0.00000000	    -57.17688358	    118.47380841	   -114.97837770	     15.87607752	      0.00000000	      0.00000000	      0.00000000	      0.00000000	    152.24892563	     -6.33098200	     -5.79918536	   -108.13226080	     14.89690267	     -2.63777167	      0.00000000	    -24.49041228	    -24.98095987	      0.00000000	     52.61427147	     13.01853019	    -22.18417206	    -13.90310978	     -0.22600115	     -1.98681275	      0.00000000	      2.11865966	     14.94607722	      0.00000000
      7.86666667	     99.04656727	     -5.74597893	   -176.40068598	     -0.51232445	     -0.24369714	     -0.40398845	     -9.38465958	     -5.50721014	     -1.52752845	     20.79305441	      4.88824291	     -9.97205128	      0.02365560	     -0.03162217	      0.01135714	      0.00000000	      0.00000000	      0.00000000	      0.03401030	      0.02671188	     -0.03102084	      0.00000000	      0.00000000	      0.00000000	      0.05353716	      0.02265751	      0.03729346	   -120.14190765	   -304.22261395	    -46.69357316	     11.42990237	      0.00000000	      0.00000000	      0.00000000	      0.00000000	    -55.44555790	    117.16692325	   -110.07724035	     17.80094002	      0.00000000	      0.00000000	      0.00000000	      0.00000000	    152.65313988	     -8.07130879	     -6.75477270	   -102.95551105	     14.89690267	      0.03015140	      0.00000000	     -4.90132178	    -24.98095987	      0.00000000	     54.66976279	     11.14221357	    -24.35788331	    -15.36295121	      0.85620885	     -3.28212578	      0.00000000	      1.89643449	     16.35597890	      0.00000000
      7.90000000	    102.04295778	     -3.75270962	   -176.31972779	     -0.51649737	     -0.23784342	     -0.41024481	     -6.30865269	     -4.52453021	      0.80182137	     22.11936382	      3.70413392	    -12.07623930	      0.02626750	     -0.03325660	      0.01803131	      0.00000000	      0.00000000	      0.00000000	      0.03301029	      0.02917877	     -0.03264201	      0.00000000	      0.00000000	      0.00000000	      0.05932098	      0.01776136	      0.03422301	   -115.71650754	   -306.32875177	    -45.51304454	     12.93511699	      0.00000000	      0.00000000	      0.00000000	      0.00000000	    -48.84637550	    115.14391395	   -104.20627570	     16.43807113	      0.00000000	      0.00000000	      0.00000000	      0.00000000	    153.01742932	     -8.92017916	     -7.00530939	    -95.72325580	     14.89690267	      3.85364689	      0.00000000	     13.59519885	    -24.98095987	      0.00000000	     58.13396209	      9.47843666	    -27.56341631	    -15.33994422	      3.62473511	     -4.98473282	      0.00000000	      0.34836408	     17.80633083	      0.00000000
      7.93333333	    103.81623260	     -2.03193520	   -176.48364796	     -0.52053214	     -0.23342151	     -0.41808277	     -4.69195491	     -3.46245681	      2.27471720	     23.55133153	      2.95030113	    -14.19360406	      0.02638969	     -0.03326424	      0.01884674	      0.00000000	      0.00000000	      0.00000000	      0.03224838	      0.02940092	     -0.03229647	      0.00000000	      0.00000000	      0.00000000	      0.06266981	      0.01402375	      0.03498189	   -114.45061582	   -307.50193406	    -44.95537160	     13.51940872	      0.00000000	      0.00000000	      0.00000000	      0.00000000	    -44.70753799	    115.64027718	   -105.69875721	     14.71072681	      0.00000000	      0.00000000	      0.00000000	      0.00000000	    152.15173937	     -9.04595428	     -8.77604246	    -90.24189755	     14.89690267	      4.98473282	      0.00000000	     24.63880288	    -24.98095987	      0.00000000	     60.32879291	      7.73909620	    -26.95748901	    -15.54894466	      3.50256708	     -4.98473282	      0.00000000	     -1.13244342	     16.66507821	      0.00000000
      7.96666667	    105.02490516	     -1.01396730	   -176.25036541	     -0.52384117	     -0.23059962	     -0.42700149	     -3.37903958	     -3.14679292	      3.09753964	     24.77205485	      2.95869892	    -15.57120269	      0.02708703	     -0.03299648	      0.01696954	      0.00000000	      0.00000000	      0.00000000	      0.03064659	      0.02792625	     -0.02752472	      0.00000000	      0.00000000	      0.00000000	      0.06597176	      0.01338139	      0.03824473	   -113.62007844	   -307.39733000	    -44.44287449	     12.90260052	      0.00000000	      0.00000000	      0.00000000	      0.00000000	    -43.69971500	    115.75601352	   -108.76624315	     14.05291022	      0.00000000	      0.00000000	      0.00000000	      0.00000000	    151.66627183	     -8.35905827	     -9.57216405	    -87.21946869	     14.89690267	      4.98473282	      0.00000000	     29.86853571	    -24.98095987	      0.00000000	     61.54298655	      7.12625087	    -25.82438456	    -14.70753611	      2.92134221	     -4.98473282	      0.00000000	     -3.77461611	     16.15091772	      0.00000000
      8.00000000	    105.49670501	      0.35146978	   -176.28966953	     -0.52571834	     -0.22738536	     -0.43600383	     -2.66525633	     -2.25527480	      3.64121771	     26.26296672	      4.38207899	    -16.79646111	      0.02962247	     -0.03132092	      0.00927981	      0.00000000	      0.00000000	      0.00000000	      0.03050057	      0.02387405	     -0.02011976	      0.00000000	      0.00000000	      0.00000000	      0.06948262	      0.01832502	      0.04385280	   -115.12265902	   -306.12624095	    -43.77874889	     10.64269431	      0.00000000	      0.00000000	      0.00000000	      0.00000000	    -49.31254897	    115.83591857	   -112.98288978	     17.55849062	      0.00000000	      0.00000000	      0.00000000	      0.00000000	    151.08147192	     -7.60272243	     -9.92198045	    -85.41038622	     14.89690267	      4.98473282	      0.00000000	     32.06810492	    -24.98095987	      0.00000000	     62.19748443	      6.35189495	    -23.31296305	    -13.99562818	      0.95307481	     -4.98473282	      0.00000000	     -5.38982353	     16.18623622	      0.00000000
      8.03333333	    105.36766228	      1.26697721	   -176.35442394	     -0.52631047	     -0.22247912	     -0.44383224	     -2.66443825	     -1.66447635	      3.65520114	     26.87046470	      5.64971118	    -15.78104468	      0.02950907	     -0.02978877	      0.00319362	      0.00000000	      0.00000000	      0.00000000	      0.03339865	      0.01931741	     -0.01361801	      0.00000000	      0.00000000	      0.00000000	      0.07164425	      0.02573900	      0.04427322	   -117.87751408	   -304.81184416	    -43.39076973	      8.60196453	      0.00000000	      0.00000000	      0.00000000	      0.00000000	    -54.50695268	    115.09260638	   -112.70415644	     20.58297602	      0.00000000	      0.00000000	      0.00000000	      0.00000000	    150.54732197	     -6.30951900	     -9.34016177	    -83.89351634	     14.89690267	      4.98473282	      0.00000000	     32.45985819	    -24.98095987	      0.00000000	     62.38887773	      5.87931113	    -21.44332633	    -13.54869456	     -0.49115904	     -4.98473282	      0.00000000	     -6.91686790	     15.39625080	      0.00000000
      8.06666667	    105.04378406	      2.36661855	   -176.22196990	     -0.52604055	     -0.21575392	     -0.44985403	     -2.64933847	     -0.74048057	      3.78397726	     26.94776968	      6.07480790	    -15.50591526	      0.03005950	     -0.02872449	     -0.00066731	      0.00000000	      0.00000000	      0.00000000	      0.03704158	      0.02018558	     -0.00979723	      0.00000000	      0.00000000	      0.00000000	      0.07666509	      0.02734442	      0.04420382	   -118.01589850	   -304.30338977	    -43.29254498	      8.24740298	      0.00000000	      0.00000000	      0.00000000	      0.00000000	    -54.44832267	    114.96782864	   -112.68421841	     20.62788690	      0.00000000	      0.00000000	      0.00000000	      0.00000000	    150.27891062	     -5.29391769	     -8.06862729	    -82.59133220	     14.89690267	      4.98473282	      0.00000000	     31.45851564	    -24.98095987	      0.00000000	     62.40231326	      5.41618395	    -21.28080534	    -13.24983731	     -0.64066865	     -4.98473282	      0.00000000	     -7.47176620	     15.11604295	      0.00000000
      8.10000000	    105.20439089	      3.58895862	   -175.23287497	     -0.52477610	     -0.20590910	     -0.45200196	     -2.25030828	      0.90202569	      2.05466556	     27.58841116	      7.89543962	    -13.78901317	      0.02995072	     -0.02656422	     -0.00704740	      0.00000000	      0.00000000	      0.00000000	      0.04046792	      0.02043563	     -0.00400931	      0.00000000	      0.00000000	      0.00000000	      0.07762165	      0.02557157	      0.03781599	   -122.85488689	   -302.23946216	    -43.11311640	      4.10232461	      0.00000000	      0.00000000	      0.00000000	      0.00000000	    -50.74215076	    115.58884143	   -111.33669029	     17.46121315	      0.00000000	      0.00000000	      0.00000000	      0.00000000	    150.76138975	     -5.33183432	     -6.45078088	    -81.42995743	     11.07078244	      4.98473282	      0.00000000	     27.69570792	    -24.98095987	      0.00000000	     63.35790070	      6.15094201	    -19.74675083	    -13.37684380	     -1.08765450	     -4.98473282	      0.00000000	     -8.99230691	     12.30269490	      0.00000000
      8.13333333	    104.46210015	      4.30097488	   -174.16241155	     -0.52419590	     -0.19487168	     -0.45111106	     -2.79898306	      2.61342430	      0.70228311	     28.19511225	      7.12298549	    -12.40409484	      0.02889458	     -0.02656798	     -0.00834186	      0.00000000	      0.00000000	      0.00000000	      0.04296633	      0.02236559	     -0.00374546	      0.00000000	      0.00000000	      0.00000000	      0.07768400	      0.01977493	      0.03028590	   -125.50002866	   -301.81435244	    -42.83225918	      2.23612262	      0.00000000	      0.00000000	      0.00000000	      0.00000000	    -44.72426621	    116.67409633	   -111.05965814	     12.74888829	      0.00000000	      0.00000000	      0.00000000	      0.00000000	    149.85398568	     -5.48893258	     -5.55161779	    -79.86536473	      9.59216731	      4.04232815	      0.00000000	     25.82955368	    -24.98095987	      0.00000000	     62.83479044	      7.25441472	    -21.47360785	    -12.33353932	     -0.48846936	     -4.98473282	      0.00000000	     -9.81786430	     12.07376558	      0.00000000
      8.16666667	    102.90354951	      4.25081355	   -173.25200023	     -0.52353384	     -0.18347730	     -0.44842183	     -3.95111634	      4.00018462	      0.06630564	     29.11885972	      5.43249520	    -12.50570023	      0.02881464	     -0.02649819	     -0.01056445	      0.00000000	      0.00000000	      0.00000000	      0.04504094	      0.02396538	     -0.00838713	      0.00000000	      0.00000000	      0.00000000	      0.07664990	      0.01604156	      0.02253277	   -125.96687832	   -302.69358151	    -42.88654108	      2.97116966	      0.00000000	      0.00000000	      0.00000000	      0.00000000	    -42.25973749	    117.04278347	   -111.41649934	     10.59377433	      0.00000000	      0.00000000	      0.00000000	      0.00000000	    147.67942473	     -5.25189039	     -8.25951574	    -78.13588714	      9.07308625	     -0.26551698	      0.00000000	     25.28440253	    -24.98095987	      0.00000000	     61.16485805	      8.69659497	    -24.54192820	    -10.54753310	      0.00233949	     -4.98473282	      0.00000000	    -10.29901194	     14.01314697	      0.00000000
      8.20000000	    101.05027648	      4.28635978	   -172.84005621	     -0.52256317	     -0.17184320	     -0.44599034	     -5.06208473	      5.53269001	      0.06640555	     30.18632294	      2.91327071	    -12.98580472	      0.02980485	     -0.02695023	     -0.01122949	      0.00000000	      0.00000000	      0.00000000	      0.04676647	      0.02281453	     -0.01364457	      0.00000000	      0.00000000	      0.00000000	      0.07404119	      0.01231183	      0.01307053	   -126.32880078	   -303.68104229	    -43.00655307	      4.38483150	      0.00000000	      0.00000000	      0.00000000	      0.00000000	    -40.67425756	    116.88689108	   -112.01391542	      8.83933467	      0.00000000	      0.00000000	      0.00000000	      0.00000000	    144.75629978	     -4.95361217	    -11.76370876	    -75.58663834	      8.29370442	     -4.35305508	      0.00000000	     25.37144925	    -24.98095987	      0.00000000	     59.39586533	      9.72146626	    -26.71351527	     -8.94269560	      0.24632423	     -4.98473282	      0.00000000	    -10.81128486	     16.54020780	      0.00000000
      8.23333333	     99.08840687	      4.35957348	   -172.56997803	     -0.52095900	     -0.16027463	     -0.44424606	     -5.81862557	      6.89895351	      0.44077756	     30.68847703	     -0.17190774	    -13.43816004	      0.03023185	     -0.02797405	     -0.00966277	      0.00000000	      0.00000000	      0.00000000	      0.04611392	      0.02128839	     -0.01657758	      0.00000000	      0.00000000	      0.00000000	      0.07339260	      0.00623046	      0.00171682	   -125.89490460	   -304.31327248	    -42.80576443	      6.12355490	      0.00000000	      0.00000000	      0.00000000	      0.00000000	    -37.02920839	    116.03601317	   -113.74163573	      5.60072386	      0.00000000	      0.00000000	      0.00000000	      0.00000000	    141.61293333	     -4.94008295	    -12.45639901	    -72.28618342	      7.39926716	     -4.98473282	      0.00000000	     25.65698970	    -24.98095987	      0.00000000	     58.12781590	     10.59950792	    -26.76871895	     -8.44833464	     -0.33704049	     -4.98473282	      0.00000000	    -11.38552779	     17.83444931	      0.00000000
      8.26666667	     96.86245772	      4.51790374	   -172.13897099	     -0.51928969	     -0.14891367	     -0.44340773	     -6.34908897	      7.81093945	      0.88016709	     30.24369179	     -3.82392405	    -12.54001065	      0.02816519	     -0.02989381	     -0.00165692	      0.00000000	      0.00000000	      0.00000000	      0.04267424	      0.01963867	     -0.01452423	      0.00000000	      0.00000000	      0.00000000	      0.07672344	     -0.00104669	     -0.00802116	   -123.97959807	   -304.32363784	    -41.98282800	      7.60279883	      0.00000000	      0.00000000	      0.00000000	      0.00000000	    -29.97720954	    114.05776727	   -118.65508471	      0.00000000	      0.00000000	      0.00000000	      0.00000000	      0.00000000	    138.21284206	     -5.06606516	    -12.12020374	    -69.03564072	      5.86973568	     -4.98473282	      0.00000000	     27.15315076	    -21.60462640	      0.00000000	     56.92945203	     11.29313960	    -23.16310756	     -8.91156419	     -2.50789040	     -4.12209115	      0.00000000	    -11.54214548	     16.78838775	      0.00000000
      8.30000000	     94.68895084	      4.52673037	   -171.88056181	     -0.51758147	     -0.13815891	     -0.44155379	     -6.33954718	      8.29268323	      1.34948537	     28.67966657	     -6.85722425	    -12.78552447	      0.02260541	     -0.03132304	      0.00548046	      0.00000000	      0.00000000	      0.00000000	      0.03679899	      0.01805416	     -0.00741572	      0.00000000	      0.00000000	      0.00000000	      0.08055719	     -0.00378987	     -0.00814254	   -121.50701061	   -302.61696959	    -41.90994667	      7.07993598	      0.00000000	      0.00000000	      0.00000000	      0.00000000	    -29.84519845	    111.05517880	   -120.76118713	      0.00000000	      0.00000000	      0.00000000	      0.00000000	      0.00000000	    134.60410869	     -5.20061560	    -11.59888559	    -65.89401160	      6.77896381	     -4.98473282	      0.00000000	     29.02366847	    -18.39104301	      0.00000000	     56.13294745	     12.25063176	    -20.71706945	     -9.78327051	     -3.75095163	     -3.91713082	      0.00000000	    -10.67595882	     15.98952910	      0.00000000
      8.33333333	     91.63538826	      4.61592727	   -171.35982653	     -0.51657342	     -0.12779665	     -0.43874434	     -6.92714493	      8.68360602	      0.54923530	     27.90349082	     -7.90744625	     -9.38238357	      0.01640654	     -0.03200004	      0.01519572	      0.00000000	      0.00000000	      0.00000000	      0.03368192	      0.01577786	      0.00199634	      0.00000000	      0.00000000	      0.00000000	      0.08000579	     -0.00729509	     -0.00406987	   -117.72169557	   -299.08593032	    -46.34839883	      6.75470539	      0.00000000	      0.00000000	      0.00000000	      0.00000000	    -32.72066794	    108.11757122	   -129.68466367	      0.00000000	      0.00000000	      0.00000000	      0.00000000	      0.00000000	    129.83059584	     -5.82054634	     -7.91854647	    -61.97816193	      0.27824587	     -1.93431474	      0.00000000	     33.61412325	     -6.32935993	      0.00000000	     54.47214052	     13.33474359	    -14.32909137	    -10.63091003	     -9.73466079	     -3.02926530	      0.00000000	     -9.32381128	     16.29746207	      0.00000000
      8.36666667	     87.10763566	      2.76646520	   -171.39232774	     -0.51699267	     -0.11860336	     -0.43470740	     -9.25811226	      7.07575322	      0.27649815	     27.48717931	     -8.13818230	     -5.49739966	      0.00905083	     -0.03191731	      0.02451498	      0.00000000	      0.00000000	      0.00000000	      0.03215677	      0.01143244	      0.00819841	      0.00000000	      0.00000000	      0.00000000	      0.07578209	     -0.00988917	     -0.00057067	   -111.53507999	   -296.65101337	    -44.63976759	      7.38033836	      0.00000000	      0.00000000	      0.00000000	      0.00000000	    -36.60130951	    104.24284970	   -132.21492683	      1.22147888	      0.00000000	      0.00000000	      0.00000000	      0.00000000	    123.48353576	     -5.45210428	     -2.75506976	    -58.57909558	      1.54006412	      1.91595327	      0.00000000	     35.14258975	     -6.33104611	      0.00000000	     50.71879664	     15.45142232	    -17.68563057	     -9.80968312	     -9.42276204	     -4.35280787	      0.00000000	     -7.69404514	     18.71929822	      0.00000000
      8.40000000	     83.06032612	      1.24710906	   -171.64647387	     -0.51808134	     -0.10779365	     -0.43391331	    -11.38253659	      5.35188047	      0.12153142	     28.04102237	     -4.51324224	     -3.51001318	      0.00125541	     -0.03208628	      0.02337083	      0.00000000	      0.00000000	      0.00000000	      0.02931012	      0.00593333	      0.01427073	      0.00000000	      0.00000000	      0.00000000	      0.06822365	     -0.01439214	      0.00191380	   -104.39254122	   -294.39676025	    -39.36538847	      8.05012994	      0.00000000	      0.00000000	      0.00000000	      0.00000000	    -41.22277833	    100.95229514	   -137.31795863	      3.11061283	      0.00000000	      0.00000000	      0.00000000	      0.00000000	    117.55543422	     -4.84826130	      1.17254838	    -54.82334107	      2.17976633	      4.49953312	      0.00000000	     34.90552825	     -6.94384210	      0.00000000	     47.79110650	     16.43130463	    -23.76449101	     -9.60277506	     -7.42413125	     -4.98473282	      0.00000000	     -5.37262515	     22.18340528	      0.00000000
      8.43333333	     79.72791960	      0.73608893	   -172.11040475	     -0.51919574	     -0.09537959	     -0.43664263	    -12.80781676	      4.62898757	      0.38176902	     29.60411450	     -1.74856903	     -2.55759808	     -0.00465642	     -0.03147292	      0.01980764	      0.00000000	      0.00000000	      0.00000000	      0.02612615	      0.00220851	      0.01538746	      0.00000000	      0.00000000	      0.00000000	      0.06059260	     -0.02127836	     -0.00014247	    -96.02220160	   -292.93157637	    -30.35844124	      9.14641047	      0.00000000	      0.00000000	      0.00000000	      0.00000000	    -41.90054378	     97.55310492	   -146.25546046	      2.85071569	      0.00000000	      0.00000000	      0.00000000	      0.00000000	    112.12822838	     -3.54042751	      3.32978940	    -50.59951219	      2.51353831	      4.83692936	      0.00000000	     33.95029623	     -7.90558925	      0.00000000	     46.55667029	     16.08871777	    -26.73064604	    -11.16777963	     -6.31036364	     -4.98473282	      0.00000000	     -2.05915757	     22.35063181	      0.00000000
      8.46666667	     78.41125737	      0.92180150	   -172.16618718	     -0.51950580	     -0.08267486	     -0.44150324	    -11.58435742	      4.42723169	      0.91659307	     30.84488728	     -0.43527052	     -2.82903636	     -0.00803665	     -0.03074554	      0.01647795	      0.00000000	      0.00000000	      0.00000000	      0.02201559	     -0.00166273	      0.01358294	      0.00000000	      0.00000000	      0.00000000	      0.05600887	     -0.02858953	     -0.00517686	    -86.13591297	   -292.38378883	    -17.67573796	      9.47481002	      0.00000000	      0.00000000	      0.00000000	      0.00000000	    -39.06557937	     92.88014949	   -156.01044142	      1.63199316	      0.00000000	      0.00000000	      0.00000000	      0.00000000	    108.66583941	     -2.82642107	      4.06528184	    -45.89612504	      2.25181107	      4.98473282	      0.00000000	     31.51372812	    -10.30311564	      0.00000000	     48.04578018	     15.38115960	    -27.84493797	    -13.38642145	     -6.04430195	     -4.98473282	      0.00000000	      0.81948314	     21.72169310	      0.00000000
      8.50000000	     76.09307911	      2.83125778	   -172.68861172	     -0.52016940	     -0.06975789	     -0.44741690	    -11.46344336	      6.38945628	      2.16066982	     32.05989054	      0.35765095	     -3.76082449	     -0.01116539	     -0.02972422	      0.01092735	      0.00000000	      0.00000000	      0.00000000	      0.01803178	     -0.00679285	      0.01158199	      0.00000000	      0.00000000	      0.00000000	      0.05066232	     -0.03292370	     -0.01496325	    -76.86121271	   -290.77783126	    -10.58806086	      8.54394230	      0.00000000	      0.00000000	      0.00000000	      0.00000000	    -34.88708234	     87.61736263	   -158.70966499	      0.49530351	      0.00000000	      0.00000000	      0.00000000	      0.00000000	    103.55420752	     -1.47642325	      3.62684375	    -40.06231285	      0.10866169	      4.98473282	      0.00000000	     27.96200051	    -12.18464213	      0.00000000	     49.41546245	     12.68196332	    -25.88916403	    -16.86190630	     -7.35498202	     -4.98473282	      0.00000000	      5.70613570	     21.43131197	      0.00000000
      8.53333333	     73.65904871	      5.42199329	   -173.05388351	     -0.52144504	     -0.05967255	     -0.45228755	    -10.57118367	      9.24575576	      3.20412928	     31.80717691	      0.44007867	     -5.23137077	     -0.01162811	     -0.02886274	      0.00576684	      0.00000000	      0.00000000	      0.00000000	      0.01814480	     -0.01058578	      0.00762028	      0.00000000	      0.00000000	      0.00000000	      0.04690622	     -0.03681434	     -0.02645115	    -62.73247542	   -291.05329729	     -1.70238953	      9.26115918	      0.00000000	      0.00000000	      0.00000000	      0.00000000	    -29.04402717	     81.75134287	   -157.96335556	      0.01591932	      0.00000000	      0.00000000	      0.00000000	      0.00000000	     98.60226346	      0.13681055	      3.39508700	    -34.74702276	     -2.25201142	      4.98473282	      0.00000000	     24.02710465	    -14.65487024	      0.00000000	     51.20658313	      9.57261223	    -22.31213044	    -20.87627865	    -10.16128468	     -4.98473282	      0.00000000	     10.50930933	     22.17977710	      0.00000000
      8.56666667	     81.13180952	     11.18123230	   -172.94150140	     -0.52012912	     -0.05462550	     -0.45503369	      4.44553654	     14.42674286	     -1.28437765	     27.02275535	      1.61107122	     -2.60740352	     -0.00556044	     -0.02612194	      0.00534879	      0.00000000	      0.00000000	      0.00000000	      0.03155651	     -0.01123577	      0.00551211	      0.00000000	      0.00000000	      0.00000000	      0.03911555	     -0.03999023	     -0.02985477	    -38.77842056	   -294.19518083	     21.98617508	     10.32845417	      0.00000000	      0.00000000	      0.00000000	      0.00000000	     -4.60087807	     74.00477872	   -126.54190567	      4.08809968	      0.00000000	      0.00000000	      0.00000000	      0.00000000	    104.37011595	     -0.59741885	      1.20828598	    -29.97220798	     -0.31435302	      4.85599964	      0.00000000	     17.97834300	    -23.27534869	      0.00000000	     64.75242885	      7.38045935	    -14.43285785	    -26.69015451	    -14.89690267	     -4.98473282	      0.00000000	     13.57353547	     24.98095987	      0.00000000
      8.60000000	     73.18874996	     11.22038747	   -173.48842793	     -0.52460439	     -0.04798464	     -0.45602125	     -1.69589835	     14.83983677	      0.47481589	     27.85910810	      2.82801196	     -4.86835644	     -0.00891284	     -0.02565178	      0.00219500	      0.00000000	      0.00000000	      0.00000000	      0.02855950	     -0.01447818	      0.00763291	      0.00000000	      0.00000000	      0.00000000	      0.03690302	     -0.03279132	     -0.02420059	    -29.25593601	   -296.83039526	     29.78382143	     10.04477061	      0.00000000	      0.00000000	      0.00000000	      0.00000000	      4.53405054	     67.76218617	    -97.49659036	     12.06698599	      0.00000000	      0.00000000	      0.00000000	      0.00000000	     94.94052021	      2.21659121	      3.39240129	    -27.37919306	     -1.10407212	      4.98473282	      0.00000000	     16.70904992	    -24.98095987	      0.00000000	     61.11628058	      4.91751439	    -12.65971140	    -31.28276022	    -14.89690267	     -4.98473282	      0.00000000	     19.45700815	     24.98095987	      0.00000000
      8.63333333	     71.50639029	     10.22598586	   -174.49366408	     -0.52823477	     -0.04255821	     -0.45485743	     -0.14258743	     13.17564089	      0.54093205	     25.68696178	      3.97284060	     -5.25858976	     -0.01426473	     -0.02513482	      0.00344086	      0.00000000	      0.00000000	      0.00000000	      0.03298223	     -0.01167238	      0.00323554	      0.00000000	      0.00000000	      0.00000000	      0.03044964	     -0.03507616	     -0.02165520	    -22.78551219	   -304.23439284	     36.15688988	     14.13949398	      0.00000000	      0.00000000	      0.00000000	      0.00000000	      5.40019756	     63.04780295	    -98.28590020	     12.42384778	      0.00000000	      0.00000000	      0.00000000	      0.00000000	     92.62650430	      3.20762827	      3.62771589	    -26.67677008	     -0.91977141	      4.92396382	      0.00000000	     16.32442199	    -24.14688190	      0.00000000	     63.71830524	      4.19776797	    -11.96738320	    -35.14805248	    -14.89690267	     -4.98473282	      0.00000000	     21.54248613	     24.98095987	      0.00000000
      8.66666667	     71.10556299	      9.16460673	   -175.01916723	     -0.53161967	     -0.03776108	     -0.45326432	      2.99574670	     11.09106626	     -0.45365887	     25.35985616	      6.66397490	     -6.25043015	     -0.01489734	     -0.02377587	      0.00249655	      0.00000000	      0.00000000	      0.00000000	      0.03378526	     -0.01467703	      0.00726445	      0.00000000	      0.00000000	      0.00000000	      0.02127843	     -0.03563724	     -0.01933968	    -15.78743426	   -308.27794268	     48.02031453	     12.89381740	      0.00000000	      0.00000000	      0.00000000	      0.00000000	      6.57091834	     58.37989202	    -99.18804682	     11.99375465	      0.00000000	      0.00000000	      0.00000000	      0.00000000	     92.12520240	      3.53677119	      6.17519823	    -27.19833772	     -2.80995840	      4.98473282	      0.00000000	     16.09929437	    -22.29003306	      0.00000000	     68.23480321	      4.20349135	    -10.53133489	    -39.89286442	    -14.89690267	     -4.98473282	      0.00000000	     22.97969036	     24.15242281	      0.00000000
      8.70000000	     69.56711929	      7.62695430	   -175.15624791	     -0.53503392	     -0.03260840	     -0.45130889	      4.28474559	      8.69015615	     -1.21468228	     26.23472754	      8.23881961	     -7.90825290	     -0.01645851	     -0.02281028	      0.00217260	      0.00000000	      0.00000000	      0.00000000	      0.03273315	     -0.01872021	      0.00930054	      0.00000000	      0.00000000	      0.00000000	      0.00926471	     -0.03450337	     -0.01962459	    -11.68591627	   -311.81184173	     53.42151637	     13.46755824	      0.00000000	      0.00000000	      0.00000000	      0.00000000	      7.81350795	     54.30895317	    -96.70874237	     12.28292710	      0.00000000	      0.00000000	      0.00000000	      0.00000000	     90.77273057	      3.58493613	      8.46303245	    -28.34312475	     -5.59340321	      4.98473282	      0.00000000	     14.84994855	    -20.28053582	      0.00000000	     71.59355778	      4.44124830	     -9.74798567	    -44.32612421	    -14.89690267	     -4.98473282	      0.00000000	     23.30853203	     21.55276297	      0.00000000
      8.73333333	     67.68262937	      6.28393845	   -175.01654795	     -0.53834466	     -0.02855823	     -0.44929012	      5.24047617	      6.52351813	     -2.54559624	     26.83882824	      9.21478343	     -9.37206116	     -0.01754495	     -0.02126926	      0.00348766	      0.00000000	      0.00000000	      0.00000000	      0.03321939	     -0.02312277	      0.01260107	      0.00000000	      0.00000000	      0.00000000	     -0.00048792	     -0.02937699	     -0.01478329	     -7.86617753	   -314.49628661	     60.50127347	     14.05148540	      0.00000000	      0.00000000	      0.00000000	      0.00000000	     13.30597149	     48.21372819	    -82.01082872	     18.29769089	      0.00000000	      0.00000000	      0.00000000	      0.00000000	     89.27306863	      3.37136749	      9.71421942	    -30.11040347	     -9.31903953	      4.98473282	      0.00000000	     15.17899398	    -14.91820213	      0.00000000	     74.35234842	      4.22411062	    -10.36451674	    -47.72825368	    -14.89690267	     -4.98473282	      0.00000000	     23.40699460	     18.36974696	      0.00000000
      8.76666667	     65.09619901	      6.58002813	   -174.95417847	     -0.54189944	     -0.02466828	     -0.44766840	      5.38166542	      6.50804260	     -2.91747045	     27.60235933	      9.08921702	    -11.68852812	     -0.01785412	     -0.01926391	      0.00344968	      0.00000000	      0.00000000	      0.00000000	      0.03219710	     -0.02409995	      0.01408185	      0.00000000	      0.00000000	      0.00000000	     -0.00830655	     -0.02713848	     -0.01560511	     -6.37439632	   -317.81778555	     63.10400603	     16.33584768	      0.00000000	      0.00000000	      0.00000000	      0.00000000	     14.71820285	     44.32837514	    -78.50106859	     21.45896604	      0.00000000	      0.00000000	      0.00000000	      0.00000000	     86.64673190	      3.87662889	     10.45046995	    -30.95497005	    -11.12169668	      4.98473282	      0.00000000	     13.76901279	    -14.30549826	      0.00000000	     76.26479626	      3.01130330	    -10.06949462	    -49.45468698	    -14.82232840	     -4.98473282	      0.00000000	     23.15546246	     13.86053907	      0.00000000
      8.80000000	     62.34298089	      7.31442324	   -174.72322385	     -0.54596602	     -0.02210629	     -0.44595833	      5.60930835	      7.14571993	     -3.45500394	     27.29129223	      8.98286026	    -12.91901158	     -0.01770887	     -0.01614920	      0.00253057	      0.00000000	      0.00000000	      0.00000000	      0.03053740	     -0.02172433	      0.01497977	      0.00000000	      0.00000000	      0.00000000	     -0.00680011	     -0.02398896	     -0.00986910	     -5.24305519	   -321.23407586	     67.18498376	     17.68094472	      0.00000000	      0.00000000	      0.00000000	      0.00000000	     17.80776075	     38.52689169	    -69.88054588	     27.66280622	      0.00000000	      0.00000000	      0.00000000	      0.00000000	     83.67367043	      4.79153400	      8.01203162	    -31.22218038	    -11.88840780	      2.86608149	      0.00000000	     13.95345593	    -11.87420961	      0.00000000	     77.65880360	      1.56681934	     -9.08840750	    -49.29800403	    -14.71870128	     -4.98473282	      0.00000000	     24.69796708	     14.75174756	      0.00000000
      8.83333333	     59.78890473	      8.87971190	   -174.30421191	     -0.55183698	     -0.01941085	     -0.44237591	      6.34798297	      9.27839195	     -4.69932781	     25.97697438	      7.65499909	    -10.49579867	     -0.01717752	     -0.01463387	      0.00400337	      0.00000000	      0.00000000	      0.00000000	      0.03076027	     -0.01493442	      0.01607268	      0.00000000	      0.00000000	      0.00000000	     -0.00809918	     -0.02366228	     -0.01189376	     -4.16911319	   -325.67386129	     67.77252540	     18.49589769	      0.00000000	      0.00000000	      0.00000000	      0.00000000	     16.87949577	     35.61858135	    -68.84602521	     26.19791730	      0.00000000	      0.00000000	      0.00000000	      0.00000000	     80.12080921	      5.73024554	      0.58281137	    -29.00986566	    -10.05094537	     -1.80059128	      0.00000000	     15.13009446	     -6.28450633	      0.00000000	     78.43827921	      0.54760472	     -6.65239607	    -46.07660160	    -14.86527334	     -4.98473282	      0.00000000	     26.24228344	     17.81402783	      0.00000000
      8.86666667	     57.85833649	      9.29393839	   -173.96435752	     -0.55885055	     -0.01706020	     -0.43778291	      7.65005824	      9.99683819	     -5.09428661	     25.15124556	      5.94926682	     -9.86070267	     -0.01451820	     -0.01309215	      0.00429408	      0.00000000	      0.00000000	      0.00000000	      0.02831354	     -0.00934488	      0.01494149	      0.00000000	      0.00000000	      0.00000000	     -0.00746620	     -0.02217505	     -0.01267334	     -5.46767227	   -329.93385905	     67.43841258	     20.38508216	      0.00000000	      0.00000000	      0.00000000	      0.00000000	     15.74528286	     33.55378356	    -71.22638482	     22.37456079	      0.00000000	      0.00000000	      0.00000000	      0.00000000	     76.45178796	      6.01369412	     -5.81596136	    -24.85018075	     -8.57337208	     -4.98473282	      0.00000000	     15.57814304	     -0.69708580	      0.00000000	     78.74065017	      0.27441231	     -4.98343328	    -40.98604420	    -13.62983919	     -4.98473282	      0.00000000	     26.59512618	     20.43065129	      0.00000000
      8.90000000	     56.42640263	      8.88879545	   -173.66098624	     -0.56685717	     -0.01454287	     -0.43186279	      9.24137979	      9.76549651	     -6.05737425	     23.86833079	      4.48332139	     -8.80269254	     -0.01365080	     -0.01193866	      0.00473725	      0.00000000	      0.00000000	      0.00000000	      0.02981408	     -0.00548679	      0.01453871	      0.00000000	      0.00000000	      0.00000000	     -0.00940810	     -0.02129459	     -0.01317656	     -6.13524867	   -333.51659392	     67.84727038	     21.43784177	      0.00000000	      0.00000000	      0.00000000	      0.00000000	     15.37880400	     30.57089413	    -71.03650086	     18.87296733	      0.00000000	      0.00000000	      0.00000000	      0.00000000	     72.94431159	      5.48778828	     -8.25920218	    -20.44338425	     -9.55150144	     -4.98473282	      0.00000000	     14.57672735	      1.61257058	      0.00000000	     78.37379481	      0.61463926	     -4.58107953	    -34.48575564	    -11.85736535	     -4.98473282	      0.00000000	     25.26773912	     21.26315902	      0.00000000
      8.93333333	     54.48013859	      8.60388258	   -173.46476958	     -0.57613005	     -0.01272523	     -0.42515262	     10.34864653	     10.06266065	     -7.05024536	     22.83265983	      2.14164967	     -4.01047409	     -0.01189027	     -0.01127975	      0.00825772	      0.00000000	      0.00000000	      0.00000000	      0.03264776	     -0.00394953	      0.00592636	      0.00000000	      0.00000000	      0.00000000	     -0.01022285	     -0.02231684	     -0.01633879	     -8.80819386	   -336.19139003	     68.93171472	     23.41556606	      0.00000000	      0.00000000	      0.00000000	      0.00000000	     14.59182941	     25.95058436	    -65.13987883	     17.63912594	      0.00000000	      0.00000000	      0.00000000	      0.00000000	     69.02955119	      4.86784405	    -12.35935233	    -16.58309264	    -13.62977159	     -4.98473282	      0.00000000	     16.42511466	     10.78331829	      0.00000000	     77.29370373	      0.64124491	     -4.39511865	    -29.17888316	     -6.30586721	     -4.39715217	      0.00000000	     23.66505004	     17.91728787	      0.00000000
      8.96666667	     53.54294561	      6.76732227	   -173.76080793	     -0.58440338	     -0.01007271	     -0.41917163	     11.78928357	      7.95972578	     -7.52243597	     20.49370804	      2.45800632	     -1.70598982	     -0.01498571	     -0.00931968	      0.00827823	      0.00000000	      0.00000000	      0.00000000	      0.03406661	     -0.00652543	      0.00331890	      0.00000000	      0.00000000	      0.00000000	     -0.01300372	     -0.02560774	     -0.01369167	     -9.01005684	   -337.37445373	     70.01213049	     23.25391407	      0.00000000	      0.00000000	      0.00000000	      0.00000000	     16.20390374	     21.39185126	    -58.73595105	     20.22119229	      0.00000000	      0.00000000	      0.00000000	      0.00000000	     66.79126375	      4.03014249	    -12.39499723	    -15.20531884	    -14.89690267	     -4.98473282	      0.00000000	     16.85470711	     12.76444647	      0.00000000	     76.42748420	      0.87069482	     -3.49107176	    -23.71708467	     -0.86711057	     -2.90775825	      0.00000000	     18.56998062	     11.68091469	      0.00000000
      9.00000000	     53.15901452	      6.40424954	   -174.57691323	     -0.59350032	     -0.00788064	     -0.41335485	     13.93822309	      7.45982903	     -8.58281676	     20.17899231	      2.73505761	      1.21276693	     -0.01249194	     -0.00793721	      0.00966754	      0.00000000	      0.00000000	      0.00000000	      0.03485889	     -0.01102978	      0.00155259	      0.00000000	      0.00000000	      0.00000000	     -0.01541038	     -0.02854182	     -0.01008652	     -9.30678672	   -338.32245506	     68.30176143	     24.71824758	      0.00000000	      0.00000000	      0.00000000	      0.00000000	     17.49402744	     17.62215316	    -55.99539856	     22.50974358	      0.00000000	      0.00000000	      0.00000000	      0.00000000	     65.21515183	      4.37050654	    -11.35439331	    -14.43348156	    -14.89690267	     -4.98473282	      0.00000000	     16.44997907	     11.05444403	      0.00000000	     76.11804530	      0.40859293	     -4.00405606	    -19.32620590	      7.51700289	     -3.16297075	      0.00000000	     12.98024077	      4.87510363	      0.00000000
      9.03333333	     52.66980320	      5.45227161	   -175.89890356	     -0.60355055	     -0.00616363	     -0.40685385	     15.85977630	      6.39056766	     -8.35597657	     18.69341277	      3.39852614	      1.61795917	     -0.01232461	     -0.00630800	      0.00892146	      0.00000000	      0.00000000	      0.00000000	      0.03320512	     -0.01657423	      0.00316656	      0.00000000	      0.00000000	      0.00000000	     -0.01663878	     -0.02794334	     -0.00996670	     -9.64870504	   -338.94944891	     65.79394255	     26.29972735	      0.00000000	      0.00000000	      0.00000000	      0.00000000	     17.00812766	     17.00206175	    -60.43649666	     20.17849665	      0.00000000	      0.00000000	      0.00000000	      0.00000000	     63.72704813	      4.70861115	    -10.04399946	    -14.34630650	    -14.89690267	     -4.98473282	      0.00000000	     16.21069121	     11.29866954	      0.00000000	     75.01328313	     -0.06131251	     -3.73573962	    -15.99209587	     10.61214961	     -3.63381882	      0.00000000	      8.42670339	      2.61568802	      0.00000000
      9.06666667	     51.90438939	      5.23471621	   -176.97429259	     -0.61543259	     -0.00522375	     -0.39997213	     17.67600011	      6.08465388	     -8.22127022	     17.64967181	      3.47404387	      1.32917200	     -0.01077841	     -0.00550958	      0.00924756	      0.00000000	      0.00000000	      0.00000000	      0.03150961	     -0.02117948	      0.00531279	      0.00000000	      0.00000000	      0.00000000	     -0.01512143	     -0.02625836	     -0.00916672	    -10.54109809	   -339.64608397	     62.93590661	     27.77226902	      0.00000000	      0.00000000	      0.00000000	      0.00000000	     16.37492307	     16.80877455	    -67.21202913	     17.56533105	      0.00000000	      0.00000000	      0.00000000	      0.00000000	     61.92524653	      5.25052269	     -9.55627205	    -14.39638123	    -14.89690267	     -4.98473282	      0.00000000	     16.53282273	     12.41694003	      0.00000000	     73.34059827	     -0.42498142	     -2.31334585	    -14.07670123	     10.16385269	     -4.14551461	      0.00000000	      5.59992097	      3.24676838	      0.00000000
      9.10000000	     50.64862839	      5.33462661	   -177.85190926	     -0.62952371	     -0.00538089	     -0.39241974	     19.23709293	      6.25268862	     -7.48027225	     16.31884273	      2.59091328	     -0.99076771	     -0.00964714	     -0.00511822	      0.00836271	      0.00000000	      0.00000000	      0.00000000	      0.02871986	     -0.02305863	      0.00918107	      0.00000000	      0.00000000	      0.00000000	     -0.01333541	     -0.02517845	     -0.01238810	    -11.46624279	   -340.26262057	     60.45133301	     27.39251533	      0.00000000	      0.00000000	      0.00000000	      0.00000000	     14.60917786	     16.42251558	    -73.34834167	     15.33347669	      0.00000000	      0.00000000	      0.00000000	      0.00000000	     59.60671702	      5.78783551	     -9.34492148	    -15.06979778	    -14.89690267	     -4.98473282	      0.00000000	     18.91616730	     15.51998338	      0.00000000	     71.04442150	     -0.85196332	      1.80659547	    -13.46268279	      6.38694724	     -3.56098284	      0.00000000	      4.86683413	      3.46413867	      0.00000000
      9.13333333	     48.40545514	      6.46469898	   -178.02160590	     -0.64531503	     -0.00559505	     -0.38439001	     19.75890339	      7.48388238	     -7.44306073	     16.67776558	      2.37094559	     -2.94494132	     -0.00631994	     -0.00581442	      0.00554325	      0.00000000	      0.00000000	      0.00000000	      0.02580333	     -0.02287504	      0.01207821	      0.00000000	      0.00000000	      0.00000000	     -0.01697751	     -0.02673397	     -0.01558838	    -12.75599868	   -340.69172465	     57.78108362	     25.97915717	      0.00000000	      0.00000000	      0.00000000	      0.00000000	     12.93016112	     16.39922351	    -79.37529689	     13.78064127	      0.00000000	      0.00000000	      0.00000000	      0.00000000	     56.00158118	      6.28196909	    -11.69920938	    -15.65029719	    -13.95290442	     -4.98473282	      0.00000000	     22.45183562	     19.58355919	      0.00000000	     67.65413541	     -1.30691875	      8.84207822	    -13.00648601	     -0.49868314	     -1.91228134	      0.00000000	      4.11420232	      3.18639328	      0.00000000
