Coordinates
version=1
nRows=241
nColumns=64
inDegrees=yes

Units are S.I. units (second, meters, Newtons, ...)
If the header above contains a line with 'inDegrees', this indicates whether rotational values are in degrees (yes) or radians (no).

endheader
time	pelvic_tilt	pelvic_list	pelvic_rotation	pelvic_tx	pelvic_ty	pelvic_tz	lumbar_extension	lumbar_bending	lumbar_rotation	neck_flex	neck_tilt	neck_rot	neck_tx1	neck_ty1	neck_tz1	SternumRRotZ	SternumRRotX	SternumRRotY	SternumRX	SternumRY	SternumRZ	SternumLRotZ	SternumLRotX	SternumLRotY	SternumLX	SternumLY	SternumLZ	shoulder_add_r	shoulder_flex_r	shoulder_rot_r	elbow_flexion_r	elbow_varus_valg_r	pro_sup_r	wrist_dev_r	wrist_flex_r	shoulder_add_l	shoulder_flex_l	shoulder_rot_l	elbow_flexion_l	elbow_varus_valg_l	pro_sup_l	wrist_dev_l	wrist_flex_l	hip_flexion_r	hip_adduction_r	hip_rotation_r	knee_angle_r	knee_rotation_r	knee_adduction_r	knee_tz_r	ankle_angle_r	subtalar_angle_r	mtp_angle_r	hip_flexion_l	hip_adduction_l	hip_rotation_l	knee_angle_l	knee_rotation_l	knee_adduction_l	knee_tz_l	ankle_angle_l	subtalar_angle_l	mtp_angle_l
      0.03333333	    -17.89355012	      0.91427348	    175.16284510	     -0.10324278	      0.00902188	     -0.39362306	    -22.08371187	     -3.40207068	     -0.57793217	     -4.55247524	      0.05625973	     -1.63702056	     -0.00402782	     -0.00607980	      0.01358617	      0.00000000	      0.00000000	      0.00000000	      0.00232880	      0.00473541	      0.01471970	      0.00000000	      0.00000000	      0.00000000	     -0.01990012	      0.00333676	     -0.01810431	    238.82925406	      5.75595158	    -82.05155177	     68.89123285	      0.00000000	      0.00000000	      0.00000000	      0.00000000	   -224.88361723	     -3.51343376	     59.60380408	     65.52318467	      0.00000000	      0.00000000	      0.00000000	      0.00000000	    -21.04123960	     -7.62358026	     -7.33651086	      2.66722401	      1.82851727	     -4.98473282	      0.00000000	     -0.54476217	     10.44122762	      0.00000000	    -26.77753942	     -1.24024299	    -22.89860145	      6.66888421	     14.89690267	     -0.93569906	      0.00000000	      6.43450370	      5.55950184	      0.00000000
      0.06666667	    -15.69413146	      1.24325131	    175.47559106	     -0.10487280	      0.00868207	     -0.39925160	    -19.21100675	     -2.35049096	     -0.31413272	     -5.57366064	     -0.50056748	     -1.94534358	     -0.00256586	     -0.00659619	      0.00806838	      0.00000000	      0.00000000	      0.00000000	      0.00572446	      0.00630211	      0.01258684	      0.00000000	      0.00000000	      0.00000000	     -0.01369082	     -0.00010719	     -0.01957910	    235.88161494	      3.83169407	    -81.38818623	     66.65506254	      0.00000000	      0.00000000	      0.00000000	      0.00000000	   -224.27810070	     -1.45050877	     63.55712422	     62.72492243	      0.00000000	      0.00000000	      0.00000000	      0.00000000	    -19.26574759	     -6.70216803	     -6.33547123	      3.37765062	      2.72717038	     -4.98473282	      0.00000000	     -2.17839692	      8.93879738	      0.00000000	    -24.47436148	     -2.10798881	    -23.06871844	      6.16840536	     14.89690267	     -1.53078519	      0.00000000	      7.92123965	      6.50899200	      0.00000000
      0.10000000	    -13.13080328	      1.20691255	    175.29425376	     -0.10532503	      0.00838591	     -0.40450623	    -16.07509520	     -1.97573616	      0.22608863	     -6.69680481	     -0.83401339	     -3.37725307	     -0.00224744	     -0.00735759	      0.00312199	      0.00000000	      0.00000000	      0.00000000	      0.00856625	      0.00681666	      0.01306449	      0.00000000	      0.00000000	      0.00000000	     -0.00960416	     -0.00111445	     -0.01947630	    232.74264454	      2.39094458	    -80.37293190	     63.64942450	      0.00000000	      0.00000000	      0.00000000	      0.00000000	   -223.16299561	     -0.39758605	     65.34140119	     59.85923196	      0.00000000	      0.00000000	      0.00000000	      0.00000000	    -16.61757217	     -6.38641106	     -4.17379077	      3.23725143	      3.51372277	     -4.87399552	      0.00000000	     -2.69331247	      6.29075143	      0.00000000	    -21.73593248	     -2.40720513	    -23.96363562	      5.88995471	     14.89690267	     -1.96365714	      0.00000000	      8.75197023	      7.11982426	      0.00000000
      0.13333333	    -12.32779041	      1.21402940	    175.29708350	     -0.10612499	      0.00818437	     -0.40964645	    -14.97552206	     -1.77555412	      0.75769949	     -7.05803653	     -0.98273183	     -4.18487178	     -0.00170329	     -0.00835555	     -0.00008701	      0.00000000	      0.00000000	      0.00000000	      0.00717012	      0.00955983	      0.01431394	      0.00000000	      0.00000000	      0.00000000	     -0.00756112	      0.00035549	     -0.02063560	    230.19864327	      2.38674740	    -80.40545002	     60.73872565	      0.00000000	      0.00000000	      0.00000000	      0.00000000	   -221.23153122	      0.18950069	     65.54618959	     56.59076884	      0.00000000	      0.00000000	      0.00000000	      0.00000000	    -16.16565527	     -5.99123072	     -3.88524941	      3.84040705	      3.28449760	     -4.75417559	      0.00000000	     -3.20870126	      6.01138906	      0.00000000	    -20.91343514	     -2.68117800	    -24.27019190	      5.87952978	     14.89690267	     -2.23305868	      0.00000000	      8.67933543	      6.79537885	      0.00000000
      0.16666667	    -11.95715965	      1.05637158	    175.30943139	     -0.10645076	      0.00814881	     -0.41452030	    -14.48490168	     -1.93757117	      1.13392518	     -7.17093597	     -1.04826479	     -4.98432766	     -0.00194827	     -0.00963865	     -0.00162176	      0.00000000	      0.00000000	      0.00000000	      0.00541255	      0.01228684	      0.01503767	      0.00000000	      0.00000000	      0.00000000	     -0.00666000	      0.00359977	     -0.02105689	    228.54396398	      2.43957213	    -80.68088486	     58.48826950	      0.00000000	      0.00000000	      0.00000000	      0.00000000	   -219.40273287	      1.05925852	     66.48356912	     53.97187150	      0.00000000	      0.00000000	      0.00000000	      0.00000000	    -16.04436102	     -5.76179497	     -4.13551336	      4.22654775	      3.01558799	     -4.75536839	      0.00000000	     -3.07804625	      6.50563168	      0.00000000	    -20.40419282	     -2.83359164	    -24.36192705	      5.75500572	     14.33301914	     -2.31292314	      0.00000000	      8.11342512	      6.71256416	      0.00000000
      0.20000000	    -11.82777798	      0.91991295	    175.38840850	     -0.10686037	      0.00826579	     -0.41910446	    -14.29010299	     -2.09673951	      1.30302319	     -7.19261467	     -0.92521013	     -5.36982282	     -0.00261568	     -0.01086450	     -0.00263291	      0.00000000	      0.00000000	      0.00000000	      0.00279882	      0.01491111	      0.01384449	      0.00000000	      0.00000000	      0.00000000	     -0.00514959	      0.00618822	     -0.02139274	    227.80045267	      2.77445951	    -81.34400520	     57.35055339	      0.00000000	      0.00000000	      0.00000000	      0.00000000	   -218.01077079	      2.76799051	     69.70043102	     52.26810045	      0.00000000	      0.00000000	      0.00000000	      0.00000000	    -16.12540477	     -5.48879557	     -4.70200832	      4.45857027	      3.00915128	     -4.87116978	      0.00000000	     -2.73334680	      7.12574920	      0.00000000	    -20.13893456	     -3.08284836	    -24.25740710	      5.52194996	     13.55437997	     -2.27854558	      0.00000000	      7.63277706	      7.37936048	      0.00000000
      0.23333333	    -11.59298368	      0.75551890	    175.42018236	     -0.10759563	      0.00851130	     -0.42314512	    -13.97686162	     -2.15292798	      1.73758057	     -7.47462582	     -0.45706676	     -6.20383540	     -0.00389249	     -0.01163581	     -0.00519026	      0.00000000	      0.00000000	      0.00000000	     -0.00111439	      0.01719667	      0.01023458	      0.00000000	      0.00000000	      0.00000000	     -0.00193625	      0.00792328	     -0.02107608	    227.44333255	      2.85797278	    -81.51102281	     56.82910219	      0.00000000	      0.00000000	      0.00000000	      0.00000000	   -217.45083202	      5.19807223	     74.78034170	     51.74957616	      0.00000000	      0.00000000	      0.00000000	      0.00000000	    -16.11842593	     -5.40284392	     -6.08092089	      4.68704144	      4.15011419	     -4.78961498	      0.00000000	     -2.42229824	      7.82123736	      0.00000000	    -19.86275170	     -3.25961081	    -23.64042473	      5.35673012	     11.08546789	     -2.31499681	      0.00000000	      7.79322349	     10.32551701	      0.00000000
      0.26666667	    -11.35640306	      0.86691829	    175.53466900	     -0.10859038	      0.00889109	     -0.42666505	    -13.63967817	     -1.74293744	      1.59896998	     -8.18932290	     -0.00757964	     -5.48707675	     -0.00504824	     -0.01128192	     -0.00727249	      0.00000000	      0.00000000	      0.00000000	     -0.00623455	      0.01931843	      0.00597526	      0.00000000	      0.00000000	      0.00000000	      0.00277439	      0.00721632	     -0.02122011	    226.79973594	      4.59946904	    -82.46683398	     55.88365833	      0.00000000	      0.00000000	      0.00000000	      0.00000000	   -216.78340763	      6.15216614	     77.59890241	     50.74346573	      0.00000000	      0.00000000	      0.00000000	      0.00000000	    -16.00174735	     -5.17981348	     -6.20453204	      4.52134180	      4.40086934	     -4.47220171	      0.00000000	     -2.26409056	      7.44722853	      0.00000000	    -19.74733751	     -3.70230151	    -23.39677418	      5.30165906	     10.79733522	     -2.27583983	      0.00000000	      7.87090034	     10.96243432	      0.00000000
      0.30000000	    -10.85785247	      0.93023631	    175.51675868	     -0.10962072	      0.00928200	     -0.42971115	    -13.01207347	     -1.40010877	      1.60078674	     -9.60842902	      0.35953098	     -4.83054448	     -0.00651015	     -0.00951400	     -0.00851198	      0.00000000	      0.00000000	      0.00000000	     -0.00909463	      0.02041107	      0.00446416	      0.00000000	      0.00000000	      0.00000000	      0.00736647	      0.00785440	     -0.02016804	    225.62638035	      6.03118833	    -82.89023282	     54.64569389	      0.00000000	      0.00000000	      0.00000000	      0.00000000	   -216.54804116	      6.46306297	     78.70797903	     50.14906920	      0.00000000	      0.00000000	      0.00000000	      0.00000000	    -15.62975436	     -5.19649575	     -6.14779835	      4.48168956	      4.34949129	     -3.82811073	      0.00000000	     -2.36413558	      7.19209721	      0.00000000	    -19.41124998	     -3.99455580	    -23.25592141	      5.36180889	     10.61868204	     -2.25719466	      0.00000000	      7.98275149	     10.91937575	      0.00000000
      0.33333333	    -10.22552861	      0.90867537	    175.65332320	     -0.11042706	      0.00967395	     -0.43215986	    -12.24019626	     -1.13301942	      1.35978187	    -11.64216395	      0.46960921	     -4.07633822	     -0.00796187	     -0.00638741	     -0.00852265	      0.00000000	      0.00000000	      0.00000000	     -0.00905928	      0.02108777	      0.00492182	      0.00000000	      0.00000000	      0.00000000	      0.00991566	      0.00954609	     -0.01954670	    224.31110373	      7.11579555	    -83.08633378	     53.35773196	      0.00000000	      0.00000000	      0.00000000	      0.00000000	   -216.38190092	      6.53817419	     78.36712023	     49.77084687	      0.00000000	      0.00000000	      0.00000000	      0.00000000	    -15.08417841	     -5.30873196	     -5.85712151	      4.43904994	      3.35323034	     -3.13037598	      0.00000000	     -2.28406275	      7.40887672	      0.00000000	    -18.77191055	     -4.11667870	    -23.21517893	      5.37466930	     10.83043291	     -2.41255192	      0.00000000	      7.71355832	     10.02780264	      0.00000000
      0.36666667	     -9.46851479	      0.89258938	    175.83037696	     -0.11072355	      0.01002846	     -0.43430521	    -11.41693348	     -1.04166279	      0.94774192	    -13.39308711	     -0.02631994	     -3.01215474	     -0.00889005	     -0.00317210	     -0.00530536	      0.00000000	      0.00000000	      0.00000000	     -0.00742727	      0.02157650	      0.00690203	      0.00000000	      0.00000000	      0.00000000	      0.00784069	      0.01198966	     -0.01939945	    223.57088175	      7.69346424	    -83.16299658	     52.80183202	      0.00000000	      0.00000000	      0.00000000	      0.00000000	   -215.97837906	      6.91207259	     77.53774310	     49.64871096	      0.00000000	      0.00000000	      0.00000000	      0.00000000	    -14.31286087	     -5.28428121	     -4.54776900	      4.43245398	      0.14212000	     -2.68947704	      0.00000000	     -1.66252385	      8.87539281	      0.00000000	    -17.77252279	     -4.14891127	    -23.26898118	      5.08385424	     12.20331607	     -2.95163511	      0.00000000	      7.21343350	      8.17059221	      0.00000000
      0.40000000	     -9.49880899	      0.87845217	    176.05530298	     -0.11123776	      0.01047036	     -0.43612872	    -11.46561231	     -1.03037300	      0.38858310	    -14.00790098	     -0.18268922	     -3.01701717	     -0.00812899	     -0.00122252	     -0.00431879	      0.00000000	      0.00000000	      0.00000000	     -0.00625486	      0.02243609	      0.00787307	      0.00000000	      0.00000000	      0.00000000	      0.00095914	      0.01401405	     -0.02030776	    223.39895564	      7.77337774	    -82.78844120	     52.87189652	      0.00000000	      0.00000000	      0.00000000	      0.00000000	   -215.53704268	      7.85272515	     77.03895157	     49.47644594	      0.00000000	      0.00000000	      0.00000000	      0.00000000	    -14.39731035	     -5.10331997	     -4.60220990	      4.46990572	     -0.48082777	     -2.55791829	      0.00000000	     -0.92932687	      8.60256168	      0.00000000	    -17.77054218	     -4.19833502	    -23.47777889	      5.25952503	     12.31305072	     -3.13787672	      0.00000000	      6.28813034	      8.33100937	      0.00000000
      0.43333333	     -9.54592847	      0.83726461	    176.34705278	     -0.11159237	      0.01088542	     -0.43763385	    -11.48964305	     -1.17742415	     -0.05753045	    -14.75510476	     -0.43010678	     -2.80773728	     -0.00800275	      0.00085742	     -0.00177240	      0.00000000	      0.00000000	      0.00000000	     -0.00659162	      0.02148377	      0.00885386	      0.00000000	      0.00000000	      0.00000000	     -0.00601067	      0.01494999	     -0.02084351	    223.47056623	      7.65871757	    -82.23542224	     52.66467559	      0.00000000	      0.00000000	      0.00000000	      0.00000000	   -214.80673983	      8.75482187	     76.38756347	     48.90571565	      0.00000000	      0.00000000	      0.00000000	      0.00000000	    -14.53778265	     -4.82933211	     -4.60734264	      4.64634133	     -1.00833106	     -2.65202569	      0.00000000	     -0.35513392	      8.10247293	      0.00000000	    -17.70090753	     -4.21960275	    -23.37997326	      5.24297737	     12.76291001	     -3.54345580	      0.00000000	      5.71532633	      8.86426915	      0.00000000
      0.46666667	     -9.59848324	      0.85120742	    176.30761706	     -0.11148650	      0.01133675	     -0.43852448	    -11.56064901	     -1.20040236	     -0.07640519	    -14.80983268	     -0.42414709	     -2.71516232	     -0.00736933	      0.00130658	     -0.00086308	      0.00000000	      0.00000000	      0.00000000	     -0.00659407	      0.02012095	      0.00885160	      0.00000000	      0.00000000	      0.00000000	     -0.01167001	      0.01543497	     -0.02043043	    223.49474776	      7.52294244	    -82.19006206	     52.58002712	      0.00000000	      0.00000000	      0.00000000	      0.00000000	   -214.70827560	      9.41703397	     75.89996629	     48.69100898	      0.00000000	      0.00000000	      0.00000000	      0.00000000	    -14.46951393	     -4.65525818	     -4.75546365	      4.59180805	     -1.21060792	     -2.71461498	      0.00000000	     -0.38476633	      7.92519611	      0.00000000	    -17.65548935	     -4.28954421	    -23.25828068	      5.07840707	     12.92200498	     -3.68316487	      0.00000000	      5.47637735	      9.08124860	      0.00000000
      0.50000000	     -9.24427055	      0.77910765	    176.97900919	     -0.11182942	      0.01158347	     -0.43924262	    -11.03201882	     -1.17417591	     -0.63227214	    -14.75883131	      0.15690119	     -1.88637765	     -0.00632071	      0.00063667	     -0.00006526	      0.00000000	      0.00000000	      0.00000000	     -0.00622992	      0.01810854	      0.00957813	      0.00000000	      0.00000000	      0.00000000	     -0.01384482	      0.01385184	     -0.02137714	    223.32127863	      7.53300592	    -81.71529030	     52.29307318	      0.00000000	      0.00000000	      0.00000000	      0.00000000	   -213.83645095	     10.21841394	     75.82666904	     47.39979848	      0.00000000	      0.00000000	      0.00000000	      0.00000000	    -14.30890440	     -4.33109183	     -5.23726545	      4.87080513	     -1.77364477	     -2.97037880	      0.00000000	     -1.16323050	      7.55010587	      0.00000000	    -17.16170498	     -4.38608256	    -22.84178175	      5.10818034	     13.26799485	     -3.98827127	      0.00000000	      5.45801414	      9.94332415	      0.00000000
      0.53333333	     -9.27626920	      0.65950493	    177.08650397	     -0.11183128	      0.01172725	     -0.43968894	    -11.01037440	     -1.20786384	     -0.48471381	    -14.65214330	      0.30834978	     -1.79231040	     -0.00600480	      0.00001603	      0.00055428	      0.00000000	      0.00000000	      0.00000000	     -0.00521285	      0.01808808	      0.00989265	      0.00000000	      0.00000000	      0.00000000	     -0.01333826	      0.01385587	     -0.02059569	    223.20698715	      7.54925872	    -81.88133321	     52.37369412	      0.00000000	      0.00000000	      0.00000000	      0.00000000	   -213.85380515	     10.61129746	     75.52522294	     47.31445190	      0.00000000	      0.00000000	      0.00000000	      0.00000000	    -14.14462705	     -4.34218129	     -5.44471183	      4.50888800	     -1.93011886	     -3.14580909	      0.00000000	     -1.44206586	      7.51130959	      0.00000000	    -17.12999242	     -4.32828104	    -22.79906715	      5.01993823	     13.21138948	     -3.96038996	      0.00000000	      5.52303221	      9.99044513	      0.00000000
      0.56666667	     -8.73740201	      0.74899948	    177.28728013	     -0.11167076	      0.01184904	     -0.44058473	    -10.38007083	     -1.07641339	     -0.60086034	    -13.39864693	      1.65427610	     -1.22436945	     -0.00376998	     -0.00279080	      0.00000316	      0.00000000	      0.00000000	      0.00000000	     -0.00531666	      0.01864470	      0.01115317	      0.00000000	      0.00000000	      0.00000000	     -0.01202275	      0.01297668	     -0.01987424	    223.26456492	      8.45750178	    -83.07598405	     52.52481072	      0.00000000	      0.00000000	      0.00000000	      0.00000000	   -213.47098448	     10.64266632	     74.62827999	     46.69471522	      0.00000000	      0.00000000	      0.00000000	      0.00000000	    -13.47472783	     -4.02424168	     -5.69489274	      4.27030274	     -1.60006175	     -3.45050919	      0.00000000	     -1.57464745	      7.60804939	      0.00000000	    -16.48402485	     -4.69159686	    -22.56366328	      4.91067678	     12.58515591	     -3.64149912	      0.00000000	      5.71692679	      9.91463566	      0.00000000
      0.60000000	     -8.42979013	      0.72676932	    177.41717998	     -0.11122885	      0.01193217	     -0.44098770	    -10.12097898	     -0.95465836	     -0.62913726	    -12.92377192	      1.55213657	     -1.27369085	     -0.00375617	     -0.00389189	      0.00097558	      0.00000000	      0.00000000	      0.00000000	     -0.00523008	      0.01963909	      0.01156470	      0.00000000	      0.00000000	      0.00000000	     -0.01003208	      0.01177392	     -0.02014277	    223.11532488	      8.89014667	    -84.00254092	     52.58163193	      0.00000000	      0.00000000	      0.00000000	      0.00000000	   -213.15782864	      9.92507320	     72.88106729	     46.06047259	      0.00000000	      0.00000000	      0.00000000	      0.00000000	    -12.93823706	     -3.97612424	     -5.67362952	      3.70353797	     -0.63326979	     -3.61184484	      0.00000000	     -0.76116617	      7.20945576	      0.00000000	    -16.06662351	     -4.90433493	    -21.99160095	      4.76434907	     12.27522899	     -3.32657496	      0.00000000	      5.74545719	      9.27495056	      0.00000000
      0.63333333	     -8.35442764	      0.71561098	    177.69051923	     -0.11135301	      0.01192692	     -0.44128102	    -10.02044165	     -0.82549893	     -0.55239404	    -12.79312819	      1.49719423	     -1.29719546	     -0.00379722	     -0.00382403	      0.00182299	      0.00000000	      0.00000000	      0.00000000	     -0.00402863	      0.02043020	      0.01117105	      0.00000000	      0.00000000	      0.00000000	     -0.00982403	      0.01223677	     -0.02072736	    223.05152240	      8.68117247	    -84.28643262	     52.50393932	      0.00000000	      0.00000000	      0.00000000	      0.00000000	   -213.19574062	     10.09033858	     72.44010307	     45.94140608	      0.00000000	      0.00000000	      0.00000000	      0.00000000	    -13.09586373	     -3.99810604	     -5.40085145	      3.92593341	     -0.28424301	     -3.51046752	      0.00000000	     -0.36554263	      7.22882064	      0.00000000	    -15.97944252	     -5.10957702	    -21.86004957	      4.84745574	     12.37221460	     -3.03251529	      0.00000000	      5.72570745	      9.24502895	      0.00000000
      0.66666667	     -8.30639537	      0.82211171	    177.68306599	     -0.11119509	      0.01186313	     -0.44143296	     -9.98103505	     -0.65831522	     -0.61304229	    -11.94403578	      0.89163280	     -1.81179946	     -0.00236463	     -0.00438717	      0.00275891	      0.00000000	      0.00000000	      0.00000000	     -0.00317156	      0.01998836	      0.01296069	      0.00000000	      0.00000000	      0.00000000	     -0.00961574	      0.01209953	     -0.02145346	    222.46865665	      9.15042731	    -84.85254328	     51.91854711	      0.00000000	      0.00000000	      0.00000000	      0.00000000	   -212.69179794	      9.22239366	     70.34816425	     45.28669801	      0.00000000	      0.00000000	      0.00000000	      0.00000000	    -12.91891483	     -3.94297582	     -5.23255300	      3.52725582	      0.40387540	     -3.37810665	      0.00000000	      0.33851925	      6.66111249	      0.00000000	    -16.09895683	     -5.40531579	    -21.98856303	      5.16170355	     12.41608810	     -2.51201663	      0.00000000	      5.74795325	      8.97527303	      0.00000000
      0.70000000	     -8.33582736	      0.79678709	    177.84790017	     -0.11088681	      0.01203994	     -0.44114569	     -9.95461670	     -0.62299692	     -0.40590186	    -11.92130951	      0.88509581	     -1.82200814	     -0.00131353	     -0.00372452	      0.00334453	      0.00000000	      0.00000000	      0.00000000	     -0.00265026	      0.02002329	      0.01421024	      0.00000000	      0.00000000	      0.00000000	     -0.00765072	      0.01325017	     -0.02062836	    222.43251521	      9.16755025	    -84.94200926	     51.95183107	      0.00000000	      0.00000000	      0.00000000	      0.00000000	   -212.54794620	      9.42625209	     70.17431581	     45.39492813	      0.00000000	      0.00000000	      0.00000000	      0.00000000	    -12.90752562	     -4.00042115	     -5.27380089	      3.38867068	      0.35478292	     -3.24280462	      0.00000000	      0.28659909	      6.61283206	      0.00000000	    -16.12831914	     -5.36244775	    -21.97079137	      5.28952499	     12.45611888	     -2.53142357	      0.00000000	      5.83464812	      9.06698872	      0.00000000
      0.73333333	     -8.28117649	      0.54131559	    177.67310556	     -0.11042016	      0.01249064	     -0.44060635	     -9.71571505	     -0.98098680	      0.27689853	    -11.70277539	      1.48500756	     -3.38792846	      0.00176416	     -0.00351174	      0.00232905	      0.00000000	      0.00000000	      0.00000000	     -0.00393421	      0.02034575	      0.01527429	      0.00000000	      0.00000000	      0.00000000	     -0.00398740	      0.01366734	     -0.01883494	    223.13293861	      9.63126532	    -85.20859769	     52.85226161	      0.00000000	      0.00000000	      0.00000000	      0.00000000	   -212.11135958	     10.23137766	     70.73493818	     45.21160386	      0.00000000	      0.00000000	      0.00000000	      0.00000000	    -12.53690489	     -4.42410734	     -5.11198538	      2.87219679	      0.28437537	     -2.87961734	      0.00000000	      0.24653295	      5.42949276	      0.00000000	    -16.06925062	     -4.83134386	    -23.37840417	      5.49947725	     11.24864226	     -2.90364776	      0.00000000	      6.13782014	     13.39655598	      0.00000000
      0.76666667	     -8.44411082	      0.49149471	    177.87970225	     -0.10931693	      0.01319953	     -0.43947199	     -9.86661970	     -0.87242412	      0.50034024	    -11.69679864	      1.60058719	     -3.37785023	      0.00377892	     -0.00287819	      0.00288071	      0.00000000	      0.00000000	      0.00000000	     -0.00370220	      0.01893779	      0.01533774	      0.00000000	      0.00000000	      0.00000000	     -0.00110971	      0.01272663	     -0.01669185	    223.03561294	      9.54853410	    -85.09289160	     52.97224186	      0.00000000	      0.00000000	      0.00000000	      0.00000000	   -212.23648398	     10.51562107	     70.56163699	     45.12719273	      0.00000000	      0.00000000	      0.00000000	      0.00000000	    -12.31170428	     -4.50461282	     -5.22202941	      2.19383318	      0.19704086	     -2.93633912	      0.00000000	     -0.06158138	      5.40017261	      0.00000000	    -16.07579243	     -4.71325086	    -23.34797709	      5.37414584	     11.21307941	     -2.90138983	      0.00000000	      6.02397607	     13.48415138	      0.00000000
      0.80000000	     -8.57986334	      0.57818675	    177.95610748	     -0.10638140	      0.01411480	     -0.43858216	    -10.35955031	     -0.67183195	      1.02537712	    -11.32183919	      2.34234866	     -3.59891507	      0.00445288	     -0.00236070	      0.00217288	      0.00000000	      0.00000000	      0.00000000	     -0.00322267	      0.01719070	      0.01396047	      0.00000000	      0.00000000	      0.00000000	      0.00023622	      0.01075541	     -0.01605285	    222.93190225	      8.62078313	    -84.24881588	     52.84930395	      0.00000000	      0.00000000	      0.00000000	      0.00000000	   -212.19780109	     10.52086416	     70.44576553	     44.93184019	      0.00000000	      0.00000000	      0.00000000	      0.00000000	    -11.50538309	     -4.37912013	     -5.20682013	      0.72049400	      0.61152467	     -3.27025164	      0.00000000	      0.05062564	      5.54186840	      0.00000000	    -15.73717385	     -4.53318073	    -23.11895316	      4.88299189	     11.20762714	     -3.53521658	      0.00000000	      5.66621132	     13.42089116	      0.00000000
      0.83333333	     -8.37765747	      0.41115289	    178.06218010	     -0.10277906	      0.01468042	     -0.43809816	    -10.52678761	     -0.80147950	      1.73572093	    -10.09298506	      3.23440837	     -4.35787211	      0.00639185	     -0.00310013	      0.00083937	      0.00000000	      0.00000000	      0.00000000	     -0.00441482	      0.01455437	      0.01391785	      0.00000000	      0.00000000	      0.00000000	      0.00125964	      0.00983958	     -0.01659077	    222.29693471	      7.90071306	    -82.81906502	     51.57076702	      0.00000000	      0.00000000	      0.00000000	      0.00000000	   -211.97076397	     10.98091427	     70.24667979	     44.72440351	      0.00000000	      0.00000000	      0.00000000	      0.00000000	    -10.18642802	     -4.45816368	     -5.86958447	     -0.90783854	      1.29608795	     -3.73720141	      0.00000000	      0.65259092	      6.25319613	      0.00000000	    -14.72637376	     -4.42637180	    -22.69749201	      3.75708740	     11.43527963	     -3.74219392	      0.00000000	      5.69393458	     12.34852755	      0.00000000
      0.86666667	     -8.86414071	      0.35899478	    178.45987321	     -0.09835187	      0.01487795	     -0.43749629	    -11.81402317	     -0.67724066	      1.73939172	     -9.86994238	      3.14271027	     -4.30766347	      0.00343137	     -0.00152372	      0.00024702	      0.00000000	      0.00000000	      0.00000000	     -0.00720532	      0.01575449	      0.01317160	      0.00000000	      0.00000000	      0.00000000	      0.00341203	      0.01042166	     -0.01747620	    222.13825385	      8.20820758	    -82.95948188	     51.33170940	      0.00000000	      0.00000000	      0.00000000	      0.00000000	   -211.91318946	     11.14013038	     70.82948366	     44.77395705	      0.00000000	      0.00000000	      0.00000000	      0.00000000	     -9.42400203	     -4.25195741	     -6.08833210	     -2.76865066	      1.10653402	     -4.47922589	      0.00000000	      0.90395154	      6.32756599	      0.00000000	    -14.21811790	     -4.26264230	    -22.66936894	      2.60785755	     11.61520763	     -4.47816472	      0.00000000	      5.69054677	     12.32582413	      0.00000000
      0.90000000	     -9.52483302	      0.05625490	    178.70353783	     -0.09348733	      0.01441848	     -0.43647483	    -13.44236765	     -0.70962457	      1.69989309	     -8.75821282	      2.49489251	     -4.03570639	      0.00090046	     -0.00109342	     -0.00097188	      0.00000000	      0.00000000	      0.00000000	     -0.01133029	      0.01770639	      0.01276616	      0.00000000	      0.00000000	      0.00000000	      0.00834873	      0.01182287	     -0.01859620	    221.81121104	      9.01177988	    -83.70260356	     51.32438542	      0.00000000	      0.00000000	      0.00000000	      0.00000000	   -211.92118917	     11.71351540	     73.17919993	     44.89171554	      0.00000000	      0.00000000	      0.00000000	      0.00000000	     -8.68480922	     -4.43166433	     -6.13042898	     -4.82440501	      0.42444126	     -4.98473282	      0.00000000	      1.46347155	      6.26350586	      0.00000000	    -13.59909011	     -3.96277623	    -22.88036903	      0.86996257	     11.68370295	     -4.98473282	      0.00000000	      6.37164843	     12.44221048	      0.00000000
      0.93333333	    -10.60895370	     -0.14299491	    178.64895309	     -0.08842728	      0.01350426	     -0.43523351	    -15.74347462	     -0.67143975	      1.78800983	     -7.99555861	      1.32285883	     -3.86592974	     -0.00345869	     -0.00011546	     -0.00177059	      0.00000000	      0.00000000	      0.00000000	     -0.01415879	      0.01984776	      0.01111281	      0.00000000	      0.00000000	      0.00000000	      0.01425593	      0.01308009	     -0.01883312	    221.72858373	      9.20370933	    -84.45674449	     52.06144663	      0.00000000	      0.00000000	      0.00000000	      0.00000000	   -211.97080897	     11.93043041	     76.10529062	     45.09320192	      0.00000000	      0.00000000	      0.00000000	      0.00000000	     -8.30433544	     -4.62658071	     -4.20014854	     -7.01601014	     -1.36499657	     -4.98473282	      0.00000000	      1.41778173	      4.77765820	      0.00000000	    -13.65396804	     -3.81343286	    -23.09813325	     -0.45882008	     11.51034067	     -4.98473282	      0.00000000	      6.76430944	     12.39481434	      0.00000000
      0.96666667	    -11.69317430	     -0.28990649	    178.21435907	     -0.08285291	      0.01196707	     -0.43434601	    -18.17880041	     -0.78280466	      2.23407734	     -7.94026018	      0.14813788	     -4.01216957	     -0.00886760	      0.00184693	     -0.00211006	      0.00000000	      0.00000000	      0.00000000	     -0.01575757	      0.02018056	      0.00827261	      0.00000000	      0.00000000	      0.00000000	      0.01973652	      0.01311865	     -0.01742923	    221.36844971	      8.52213626	    -84.22906266	     51.96609647	      0.00000000	      0.00000000	      0.00000000	      0.00000000	   -211.99901844	     11.06974034	     77.33418024	     45.06045980	      0.00000000	      0.00000000	      0.00000000	      0.00000000	     -7.80173618	     -4.65476113	     -0.90083014	     -9.43120356	     -3.33146775	     -4.98473282	      0.00000000	      1.59327003	      2.71567815	      0.00000000	    -13.62634369	     -3.72195028	    -22.95058554	     -2.19022665	     11.60237210	     -4.98473282	      0.00000000	      7.65070666	     11.71739477	      0.00000000
      1.00000000	    -12.36598522	     -0.43972681	    177.98012499	     -0.07691351	      0.00999503	     -0.43375005	    -20.25912491	     -1.00058438	      2.58923115	     -8.35607834	     -0.38099629	     -4.01108381	     -0.01429321	      0.00388671	     -0.00153457	      0.00000000	      0.00000000	      0.00000000	     -0.01855364	      0.02009983	      0.00540816	      0.00000000	      0.00000000	      0.00000000	      0.02314241	      0.01237884	     -0.01372694	    221.10775053	      8.07217800	    -83.82681953	     51.39077729	      0.00000000	      0.00000000	      0.00000000	      0.00000000	   -212.27833533	      9.86816545	     77.57728441	     45.12436664	      0.00000000	      0.00000000	      0.00000000	      0.00000000	     -7.05013002	     -4.81615391	     -0.04928598	    -11.56039706	     -3.55860776	     -4.98473282	      0.00000000	      2.63029615	      2.49125100	      0.00000000	    -12.95931939	     -3.78079485	    -22.82446155	     -4.32463361	     11.79690613	     -4.98473282	      0.00000000	      9.09229841	     11.45458736	      0.00000000
      1.03333333	    -12.44114894	     -0.33660687	    177.31059149	     -0.07018966	      0.00779296	     -0.43350404	    -21.78599912	     -1.12733811	      3.42714504	     -8.62878591	     -1.51551568	     -3.55798886	     -0.01827863	      0.00488972	      0.00189201	      0.00000000	      0.00000000	      0.00000000	     -0.01883970	      0.01940694	      0.00403982	      0.00000000	      0.00000000	      0.00000000	      0.02430990	      0.01116876	     -0.00887363	    220.22985618	      7.37087426	    -82.76952110	     49.99654021	      0.00000000	      0.00000000	      0.00000000	      0.00000000	   -213.00154056	      8.74013212	     76.87929391	     45.51651903	      0.00000000	      0.00000000	      0.00000000	      0.00000000	     -5.48018200	     -4.75196158	      0.96968003	    -13.76526876	     -3.69986636	     -4.98473282	      0.00000000	      3.95824587	      3.03532304	      0.00000000	    -11.72332539	     -4.03199020	    -22.18256675	     -6.55493875	     11.16657872	     -4.98473282	      0.00000000	     10.78460129	     10.47535036	      0.00000000
      1.06666667	    -11.42877746	     -0.25738133	    177.11008357	     -0.06174749	      0.00540185	     -0.43362819	    -22.49147205	     -1.25435512	      3.68227818	     -7.93987190	     -2.33160677	     -2.06561607	     -0.02163198	      0.00366635	      0.00754514	      0.00000000	      0.00000000	      0.00000000	     -0.02027132	      0.01944935	      0.00530024	      0.00000000	      0.00000000	      0.00000000	      0.02409399	      0.00997372	     -0.00596095	    219.46773083	      7.52640871	    -83.59071662	     49.34586961	      0.00000000	      0.00000000	      0.00000000	      0.00000000	   -213.02591546	      7.55415772	     76.02887953	     46.00938517	      0.00000000	      0.00000000	      0.00000000	      0.00000000	     -2.71924864	     -4.76811230	      0.27153296	    -15.84841118	     -3.62334230	     -4.98473282	      0.00000000	      5.88002347	      5.15141806	      0.00000000	     -8.75745482	     -4.54978872	    -20.15696568	     -9.58115483	      9.05659819	     -4.98473282	      0.00000000	     12.81236477	     10.06443101	      0.00000000
      1.10000000	    -10.89042358	     -0.04141115	    177.47762892	     -0.05320165	      0.00253793	     -0.43440502	    -23.80721852	     -1.23683595	      3.52143722	     -5.86440685	     -2.10888573	     -0.97774981	     -0.02273899	     -0.00001532	      0.01184934	      0.00000000	      0.00000000	      0.00000000	     -0.02168459	      0.02134052	      0.00676621	      0.00000000	      0.00000000	      0.00000000	      0.02314440	      0.00979355	     -0.00674678	    219.47800157	      7.72713823	    -86.08270980	     50.26739887	      0.00000000	      0.00000000	      0.00000000	      0.00000000	   -211.49285817	      6.85109211	     75.11108041	     45.46830567	      0.00000000	      0.00000000	      0.00000000	      0.00000000	     -0.68017502	     -4.66363942	     -1.14114134	    -17.68173708	     -3.55955288	     -4.98473282	      0.00000000	      8.03224653	      6.19829102	      0.00000000	     -5.88887038	     -5.38606967	    -17.64846385	    -13.16311189	      6.46416172	     -4.98473282	      0.00000000	     15.00426519	     10.71465556	      0.00000000
      1.13333333	    -10.32793120	      0.20515644	    178.07585283	     -0.04393875	     -0.00168623	     -0.43513862	    -25.25810427	     -1.10993913	      3.03880306	     -2.33715012	     -1.67485668	      0.05226175	     -0.02185951	     -0.00567764	      0.01521838	      0.00000000	      0.00000000	      0.00000000	     -0.02085717	      0.02096063	      0.00891132	      0.00000000	      0.00000000	      0.00000000	      0.02127921	      0.01150723	     -0.00838599	    219.10770720	      6.76925250	    -88.06834007	     50.90508355	      0.00000000	      0.00000000	      0.00000000	      0.00000000	   -209.57059278	      6.18180613	     74.62653433	     44.73470937	      0.00000000	      0.00000000	      0.00000000	      0.00000000	      1.66417212	     -4.65628593	     -2.77574276	    -20.00886462	     -3.96139931	     -4.98473282	      0.00000000	     10.43942130	      6.29218255	      0.00000000	     -2.57169530	     -6.29093455	    -15.41986999	    -17.27746523	      4.27401295	     -4.98473282	      0.00000000	     17.32396743	     11.55448979	      0.00000000
      1.16666667	     -7.92309247	      0.40703612	    179.57057263	     -0.03282067	     -0.00876867	     -0.43545797	    -24.82300317	     -0.66304411	      1.58429321	      1.33759301	     -0.97168642	      0.09266412	     -0.01983344	     -0.01186992	      0.01701312	      0.00000000	      0.00000000	      0.00000000	     -0.01813914	      0.01817575	      0.01090828	      0.00000000	      0.00000000	      0.00000000	      0.01846107	      0.01371262	     -0.00732128	    218.88915047	      4.97889596	    -88.48584574	     50.85810620	      0.00000000	      0.00000000	      0.00000000	      0.00000000	   -208.30185779	      5.95917777	     76.23981183	     44.31856070	      0.00000000	      0.00000000	      0.00000000	      0.00000000	      6.46042011	     -4.96754258	     -4.93533675	    -23.43144070	     -5.21895962	     -4.98473282	      0.00000000	     13.52256180	      6.85418353	      0.00000000	      4.06339684	     -6.91490407	    -11.12338753	    -23.23655073	      0.60984609	     -4.98473282	      0.00000000	     20.24953527	     12.61757228	      0.00000000
      1.20000000	     -7.85823901	      1.04849105	    180.30613987	     -0.02320192	     -0.01765274	     -0.43702434	    -27.25108021	     -0.21706520	      0.92888367	      6.97459133	      0.25550462	     -0.00035319	     -0.01608900	     -0.01853146	      0.01704774	      0.00000000	      0.00000000	      0.00000000	     -0.01787921	      0.01544042	      0.01241771	      0.00000000	      0.00000000	      0.00000000	      0.01359469	      0.01488148	     -0.00472969	    218.51974032	      2.89388725	    -88.42550027	     49.80931889	      0.00000000	      0.00000000	      0.00000000	      0.00000000	   -207.55216955	      5.44523395	     80.77583984	     43.88798905	      0.00000000	      0.00000000	      0.00000000	      0.00000000	      9.00189979	     -4.76306696	     -6.18657534	    -27.10376775	     -6.63740465	     -4.98473282	      0.00000000	     15.84741480	      6.62894400	      0.00000000	      7.46063611	     -8.45201591	    -11.44225307	    -28.25549435	      0.69442206	     -4.98473282	      0.00000000	     23.36075400	     13.05452848	      0.00000000
      1.23333333	     -1.91639655	      2.15054275	    181.97711894	     -0.00914691	     -0.03231086	     -0.43881010	    -23.29817019	      1.12640390	      0.28069055	     10.98722062	      1.22702979	     -3.29102163	     -0.01192435	     -0.02344376	      0.01320056	      0.00000000	      0.00000000	      0.00000000	     -0.01738448	      0.01291463	      0.01278047	      0.00000000	      0.00000000	      0.00000000	      0.00953439	      0.01524442	     -0.00111740	    217.58986896	      0.57754198	    -87.03420283	     47.70364480	      0.00000000	      0.00000000	      0.00000000	      0.00000000	   -208.11729643	      6.37650890	     87.16897814	     45.17057118	      0.00000000	      0.00000000	      0.00000000	      0.00000000	     19.00436650	     -4.59277135	     -7.69667311	    -33.05365364	     -9.29401897	     -4.98473282	      0.00000000	     19.08235880	      8.46878373	      0.00000000	     19.55564787	     -9.54879320	     -7.46319005	    -36.63418647	     -1.35851034	     -4.98473282	      0.00000000	     26.19942380	     12.76546382	      0.00000000
      1.26666667	      7.51153431	      3.61784596	    182.50774307	      0.00590259	     -0.05201508	     -0.44065812	    -15.35564052	      2.40971828	     -0.67623083	     14.81600055	      2.33745108	     -3.59619500	     -0.00564605	     -0.02604929	      0.01089721	      0.00000000	      0.00000000	      0.00000000	     -0.01784899	      0.01435237	      0.01215520	      0.00000000	      0.00000000	      0.00000000	      0.00662817	      0.01313065	     -0.00022412	    216.42129858	      1.73949469	    -90.61428420	     46.24522955	      0.00000000	      0.00000000	      0.00000000	      0.00000000	   -208.16476160	      4.79057668	     87.53015180	     44.76541790	      0.00000000	      0.00000000	      0.00000000	      0.00000000	     33.67657220	     -4.83560877	     -8.31644426	    -40.58931567	    -10.72061343	     -4.20880369	      0.00000000	     21.15656067	      9.47856013	      0.00000000	     35.60115963	    -10.70032989	     -4.99520419	    -45.28246830	     -3.09572004	     -4.98473282	      0.00000000	     28.58331514	     13.66584219	      0.00000000
      1.30000000	     14.20433262	      4.15663976	    182.29803308	      0.01727817	     -0.07302206	     -0.44316973	    -10.14918928	      2.55582092	     -0.21769589	     17.12253141	      2.92471864	     -4.34057572	     -0.00213294	     -0.02562349	      0.00899831	      0.00000000	      0.00000000	      0.00000000	     -0.02134515	      0.01663373	      0.01133870	      0.00000000	      0.00000000	      0.00000000	      0.00763595	      0.01344709	     -0.00028900	    215.29131904	      2.80235302	    -94.70693281	     45.79580416	      0.00000000	      0.00000000	      0.00000000	      0.00000000	   -207.94412188	      2.65414669	     85.25043461	     44.34467334	      0.00000000	      0.00000000	      0.00000000	      0.00000000	     45.13774596	     -5.67362717	     -8.35531294	    -47.54925267	    -10.37749795	     -3.45816241	      0.00000000	     22.75816285	      9.31328035	      0.00000000	     47.39201490	    -11.44194932	     -4.22915148	    -52.07716039	     -3.55929298	     -4.98473282	      0.00000000	     29.86641289	     14.10994811	      0.00000000
      1.33333333	     19.32206205	      4.41200814	    182.15843914	      0.02642083	     -0.09536167	     -0.44596665	     -6.45331046	      2.53670626	      0.26031445	     19.27192022	      2.90477919	     -4.04510672	      0.00131740	     -0.02393337	      0.00839948	      0.00000000	      0.00000000	      0.00000000	     -0.02537433	      0.01869895	      0.01033903	      0.00000000	      0.00000000	      0.00000000	      0.00837848	      0.01519826	     -0.00189143	    214.64638456	      3.96782189	    -98.02930254	     46.56621898	      0.00000000	      0.00000000	      0.00000000	      0.00000000	   -207.78736044	      0.32198847	     81.96330198	     44.35588496	      0.00000000	      0.00000000	      0.00000000	      0.00000000	     54.62630911	     -6.77663999	     -8.61626042	    -53.91022552	     -9.43639662	     -2.94212161	      0.00000000	     24.29963941	      9.12108625	      0.00000000	     57.07601136	    -12.05708755	     -3.70117118	    -58.23604549	     -3.37427713	     -4.98473282	      0.00000000	     31.06419323	     14.65437154	      0.00000000
      1.36666667	     21.99826962	      4.42792814	    181.99663880	      0.03335952	     -0.11733369	     -0.44919643	     -5.57626467	      2.25941166	      0.97496085	     22.60354468	      2.60972718	     -2.66929693	      0.00361292	     -0.02311401	      0.00957090	      0.00000000	      0.00000000	      0.00000000	     -0.03082565	      0.01802680	      0.00892147	      0.00000000	      0.00000000	      0.00000000	      0.00425505	      0.01708095	     -0.00246393	    214.99960452	      3.64300689	    -98.04046491	     47.95779357	      0.00000000	      0.00000000	      0.00000000	      0.00000000	   -208.43586832	     -1.42133488	     80.63703258	     45.69291754	      0.00000000	      0.00000000	      0.00000000	      0.00000000	     61.13137207	     -7.60972735	     -9.57519555	    -59.39414153	     -8.57812858	     -3.67742615	      0.00000000	     25.67740331	      9.75009321	      0.00000000	     63.61616061	    -13.01780961	     -3.80245925	    -63.64210710	     -3.09328718	     -4.98473282	      0.00000000	     32.74560301	     15.74551718	      0.00000000
      1.40000000	     25.37396968	      4.70065713	    181.93932783	      0.03914496	     -0.14000365	     -0.45224527	     -3.39085496	      2.38250041	      1.03432436	     23.98671020	      2.91492422	      0.18885950	      0.00476438	     -0.02270801	      0.00953360	      0.00000000	      0.00000000	      0.00000000	     -0.03067964	      0.01678668	      0.00740580	      0.00000000	      0.00000000	      0.00000000	     -0.00288556	      0.01587750	     -0.00404358	    215.70732737	      2.86818955	    -95.66645320	     49.27549517	      0.00000000	      0.00000000	      0.00000000	      0.00000000	   -209.50976899	     -1.93838625	     79.97206282	     46.93863007	      0.00000000	      0.00000000	      0.00000000	      0.00000000	     68.14300498	     -8.50384670	    -11.14377765	    -64.65994017	     -8.03858716	     -4.98473282	      0.00000000	     27.26556470	     11.21265310	      0.00000000	     70.90222204	    -13.99208910	     -3.46299233	    -68.79208589	     -3.38684377	     -4.88495588	      0.00000000	     34.43235858	     17.59872088	      0.00000000
      1.43333333	     27.65583209	      5.09892248	    182.05549841	      0.04365138	     -0.16211979	     -0.45482841	     -2.30436853	      2.75819255	      0.88103632	     25.71282110	      2.93747259	      2.34627415	      0.00616368	     -0.02430168	      0.00872794	      0.00000000	      0.00000000	      0.00000000	     -0.02792112	      0.01391888	      0.00748041	      0.00000000	      0.00000000	      0.00000000	     -0.00858676	      0.01197718	     -0.00456690	    215.86284434	      1.75204035	    -94.03541331	     49.92319440	      0.00000000	      0.00000000	      0.00000000	      0.00000000	   -210.82522611	     -2.53177403	     79.19728693	     48.03841309	      0.00000000	      0.00000000	      0.00000000	      0.00000000	     73.58688492	     -9.29861701	    -11.03907410	    -69.84381933	     -8.44186565	     -4.98473282	      0.00000000	     29.31391773	     12.76691356	      0.00000000	     76.87700534	    -14.86027196	     -3.21590843	    -73.58828047	     -4.06388782	     -4.98473282	      0.00000000	     36.14328391	     19.22109206	      0.00000000
      1.46666667	     29.75839404	      5.00637668	    182.45952771	      0.04797207	     -0.18387540	     -0.45634914	     -1.38641285	      2.55546898	      0.68396982	     27.18404938	      2.97446663	      3.89872411	      0.00682221	     -0.02740338	      0.00862899	      0.00000000	      0.00000000	      0.00000000	     -0.02471623	      0.01078208	      0.00835893	      0.00000000	      0.00000000	      0.00000000	     -0.00807581	      0.00831054	     -0.00387155	    215.69848274	      0.73596270	    -93.82102407	     49.85155915	      0.00000000	      0.00000000	      0.00000000	      0.00000000	   -211.70155991	     -3.14646411	     79.04681854	     48.91103271	      0.00000000	      0.00000000	      0.00000000	      0.00000000	     78.83216939	    -10.58127018	    -10.52337711	    -74.76803075	     -9.24394222	     -4.98473282	      0.00000000	     31.18219857	     14.57782086	      0.00000000	     82.43041030	    -15.11097738	     -3.25050345	    -78.22210413	     -4.44449552	     -4.98473282	      0.00000000	     37.12810011	     20.24012779	      0.00000000
      1.50000000	     31.71460022	      4.33791214	    183.16222336	      0.05191904	     -0.20529373	     -0.45655147	     -0.59559999	      1.77752963	      0.20180562	     27.70387397	      2.82117772	      4.11125321	      0.00554130	     -0.03123976	      0.00841705	      0.00000000	      0.00000000	      0.00000000	     -0.02220795	      0.00818311	      0.00956445	      0.00000000	      0.00000000	      0.00000000	     -0.00454392	      0.00575989	     -0.00304727	    215.05518031	      0.00877872	    -94.07493702	     49.12313330	      0.00000000	      0.00000000	      0.00000000	      0.00000000	   -212.09602317	     -3.02603171	     80.69255791	     49.35397350	      0.00000000	      0.00000000	      0.00000000	      0.00000000	     84.14502388	    -12.26427043	     -9.55453179	    -79.43016555	    -10.70441887	     -4.98473282	      0.00000000	     32.49530860	     16.20574462	      0.00000000	     87.52464537	    -14.61783320	     -3.70270387	    -82.76715107	     -4.36680240	     -4.98473282	      0.00000000	     37.29502964	     19.72896650	      0.00000000
      1.53333333	     32.60917351	      3.48005228	    184.08505333	      0.05515268	     -0.22602609	     -0.45599787	     -0.93194299	      0.84715861	     -0.11980365	     28.58279514	      2.64560906	      3.73034114	      0.00548768	     -0.03468131	      0.00910712	      0.00000000	      0.00000000	      0.00000000	     -0.02122518	      0.00659700	      0.01124891	      0.00000000	      0.00000000	      0.00000000	     -0.00167917	      0.00457427	     -0.00260467	    214.11692568	     -0.93807088	    -93.75993772	     48.00162391	      0.00000000	      0.00000000	      0.00000000	      0.00000000	   -212.08970042	     -1.96442644	     83.24655329	     49.73341998	      0.00000000	      0.00000000	      0.00000000	      0.00000000	     88.49444441	    -14.03584006	     -8.29667818	    -83.97567934	    -11.29193497	     -4.98473282	      0.00000000	     33.56317654	     17.11077739	      0.00000000	     91.35067401	    -13.91974308	     -4.37159371	    -87.21669088	     -4.01027538	     -4.98473282	      0.00000000	     37.09423431	     18.41222534	      0.00000000
      1.56666667	     33.93839090	      2.27215738	    184.96710103	      0.05798620	     -0.24598325	     -0.45496409	     -0.71298200	     -0.40442983	     -0.44271932	     28.42789431	      2.10045077	      2.87638121	      0.00340881	     -0.03695875	      0.01001095	      0.00000000	      0.00000000	      0.00000000	     -0.02236454	      0.00600940	      0.01374139	      0.00000000	      0.00000000	      0.00000000	     -0.00113859	      0.00375535	     -0.00311745	    212.95230741	     -1.67872335	    -92.29576204	     46.90558135	      0.00000000	      0.00000000	      0.00000000	      0.00000000	   -211.90813458	     -0.51626154	     85.56513599	     49.96402993	      0.00000000	      0.00000000	      0.00000000	      0.00000000	     93.62631061	    -15.67647604	     -6.24998231	    -88.40761670	    -11.63422264	     -4.96885350	      0.00000000	     33.68215626	     17.94038707	      0.00000000	     95.17208595	    -13.21061780	     -5.46905481	    -91.19289608	     -3.25060210	     -4.98473282	      0.00000000	     36.78065237	     16.68739966	      0.00000000
      1.60000000	     35.18121848	      1.68552180	    185.50675363	      0.06046295	     -0.26460366	     -0.45487381	     -0.41324539	     -1.02437598	     -0.74830012	     28.31510367	      1.75339707	      2.47388943	      0.00211786	     -0.03771521	      0.01124409	      0.00000000	      0.00000000	      0.00000000	     -0.02394672	      0.00612958	      0.01631476	      0.00000000	      0.00000000	      0.00000000	     -0.00196532	      0.00209142	     -0.00445679	    212.34094027	     -1.61691490	    -91.29592927	     46.81997027	      0.00000000	      0.00000000	      0.00000000	      0.00000000	   -211.24695103	      0.10010402	     85.48468031	     49.06542499	      0.00000000	      0.00000000	      0.00000000	      0.00000000	     98.28021085	    -16.64299551	     -4.57148281	    -92.39719376	    -11.52648140	     -4.97822865	      0.00000000	     33.63966150	     18.77022666	      0.00000000	     98.88913611	    -13.22310142	     -6.04978196	    -94.66538537	     -2.52652764	     -4.98473282	      0.00000000	     36.54433829	     15.95109930	      0.00000000
      1.63333333	     36.21388307	      1.84752259	    185.71026546	      0.06275782	     -0.28166170	     -0.45563149	     -0.10436218	     -0.80074568	     -1.08171613	     28.21301364	      1.63787376	      2.85434733	      0.00162006	     -0.03710063	      0.01219338	      0.00000000	      0.00000000	      0.00000000	     -0.02551849	      0.00585974	      0.01758780	      0.00000000	      0.00000000	      0.00000000	     -0.00337473	      0.00033349	     -0.00586217	    212.35902239	     -0.45579592	    -91.46209823	     47.59078137	      0.00000000	      0.00000000	      0.00000000	      0.00000000	   -210.67312496	      0.04798352	     83.53605843	     47.57809553	      0.00000000	      0.00000000	      0.00000000	      0.00000000	    101.99853753	    -17.25675050	     -3.85068350	    -95.72554799	    -11.52866266	     -4.87956535	      0.00000000	     33.62301578	     19.29123544	      0.00000000	    102.49241562	    -13.59222571	     -5.69063045	    -97.61468290	     -2.37930642	     -4.98473282	      0.00000000	     36.33103687	     16.61506828	      0.00000000
      1.66666667	     37.11498945	      2.64307880	    185.63046277	      0.06506324	     -0.29720149	     -0.45724035	      0.30264345	      0.06172254	     -1.31286010	     28.32942090	      1.74455081	      3.78639230	      0.00254057	     -0.03533485	      0.01303576	      0.00000000	      0.00000000	      0.00000000	     -0.02739567	      0.00551383	      0.01610338	      0.00000000	      0.00000000	      0.00000000	     -0.00313841	     -0.00041685	     -0.00605448	    213.26647069	      1.37306897	    -92.08177879	     48.84569089	      0.00000000	      0.00000000	      0.00000000	      0.00000000	   -210.71001991	     -0.69010242	     80.39603055	     46.47455735	      0.00000000	      0.00000000	      0.00000000	      0.00000000	    104.89126283	    -17.58570500	     -3.94649994	    -98.48816652	    -11.63433373	     -4.57045347	      0.00000000	     33.67742478	     19.40933340	      0.00000000	    106.09228368	    -14.11901705	     -4.60014253	   -100.11515423	     -2.84819545	     -4.98473282	      0.00000000	     36.10533003	     18.09664818	      0.00000000
      1.70000000	     37.56865372	      3.52087413	    185.43645451	      0.06711906	     -0.31124621	     -0.45923004	      0.38351522	      1.00604975	     -1.36908347	     28.39609064	      1.87418135	      4.69097988	      0.00370458	     -0.03295896	      0.01341616	      0.00000000	      0.00000000	      0.00000000	     -0.02904897	      0.00618552	      0.01278004	      0.00000000	      0.00000000	      0.00000000	     -0.00171474	      0.00015135	     -0.00478352	    214.54005994	      2.99721623	    -92.12932925	     49.86595456	      0.00000000	      0.00000000	      0.00000000	      0.00000000	   -211.63881851	     -1.81325887	     77.10413279	     46.66328796	      0.00000000	      0.00000000	      0.00000000	      0.00000000	    106.96695932	    -17.79454989	     -4.70215775	   -100.84592988	    -11.70708828	     -4.47264227	      0.00000000	     33.78411647	     19.13095575	      0.00000000	    109.11191907	    -14.60601244	     -3.36364477	   -102.35752317	     -3.64202369	     -4.98473282	      0.00000000	     35.82792203	     19.38637286	      0.00000000
      1.73333333	     37.41811562	      4.07139798	    185.28848162	      0.06871728	     -0.32365536	     -0.46103889	     -0.09656992	      1.62528164	     -1.24253678	     28.36499734	      1.74580031	      4.99380197	      0.00450717	     -0.03063936	      0.01358154	      0.00000000	      0.00000000	      0.00000000	     -0.02866413	      0.00855612	      0.00948164	      0.00000000	      0.00000000	      0.00000000	     -0.00073564	      0.00173932	     -0.00343559	    215.58028766	      3.56493061	    -91.36867120	     50.32304755	      0.00000000	      0.00000000	      0.00000000	      0.00000000	   -212.87840438	     -2.59925374	     74.98695118	     47.75630748	      0.00000000	      0.00000000	      0.00000000	      0.00000000	    108.34088833	    -18.00173538	     -5.43020679	   -103.03360637	    -11.66156370	     -4.54748199	      0.00000000	     33.95528133	     18.90519859	      0.00000000	    111.17739161	    -15.06054522	     -2.46813858	   -104.48567497	     -4.25426601	     -4.98473282	      0.00000000	     35.38201175	     20.10714396	      0.00000000
      1.76666667	     37.01442908	      4.32733271	    185.10960676	      0.06977100	     -0.33398939	     -0.46220927	     -0.73285421	      1.99486079	     -0.98231477	     28.02114426	      1.22054148	      4.74951168	      0.00423487	     -0.02863020	      0.01369435	      0.00000000	      0.00000000	      0.00000000	     -0.02550122	      0.01273593	      0.00598187	      0.00000000	      0.00000000	      0.00000000	     -0.00115710	      0.00372072	     -0.00203585	    216.39188747	      3.15330313	    -90.36529030	     50.69497864	      0.00000000	      0.00000000	      0.00000000	      0.00000000	   -213.89480916	     -2.53990194	     74.51458540	     48.65880472	      0.00000000	      0.00000000	      0.00000000	      0.00000000	    109.26216269	    -18.19519628	     -6.12517177	   -104.84911026	    -11.61308708	     -4.81441260	      0.00000000	     34.23363131	     18.80333667	      0.00000000	    112.52766609	    -15.42233386	     -1.72420042	   -106.36546922	     -4.80173475	     -4.98473282	      0.00000000	     35.10012439	     20.87972593	      0.00000000
      1.80000000	     36.42069026	      4.28057689	    184.87966557	      0.07039205	     -0.34138233	     -0.46288732	     -1.52532933	      2.14034582	     -0.34337674	     27.43833690	      0.10394318	      3.70954869	      0.00268548	     -0.02739545	      0.01347867	      0.00000000	      0.00000000	      0.00000000	     -0.02006274	      0.01793447	      0.00070561	      0.00000000	      0.00000000	      0.00000000	     -0.00371171	      0.00467859	     -0.00217941	    217.24989694	      1.56258050	    -89.21579217	     51.44226002	      0.00000000	      0.00000000	      0.00000000	      0.00000000	   -214.10183571	     -0.82746568	     76.40264902	     48.41812485	      0.00000000	      0.00000000	      0.00000000	      0.00000000	    109.67117576	    -18.23253246	     -6.45306494	   -106.16356101	    -11.59610872	     -4.98473282	      0.00000000	     34.57534328	     18.76578391	      0.00000000	    113.05360029	    -15.70590452	     -1.15319356	   -107.64085590	     -5.79084674	     -4.98473282	      0.00000000	     35.20151264	     22.36504835	      0.00000000
      1.83333333	     35.83193818	      3.84973424	    184.76304430	      0.07075321	     -0.34529237	     -0.46300261	     -2.30488245	      1.85631534	      0.20129616	     27.08269881	     -0.85706522	      2.39719963	      0.00079325	     -0.02670203	      0.01316744	      0.00000000	      0.00000000	      0.00000000	     -0.01454115	      0.02213893	     -0.00385234	      0.00000000	      0.00000000	      0.00000000	     -0.00593997	      0.00456368	     -0.00303989	    217.99178438	     -0.35379983	    -88.21309024	     52.38012450	      0.00000000	      0.00000000	      0.00000000	      0.00000000	   -213.61123333	      1.00336388	     78.65472985	     47.54093850	      0.00000000	      0.00000000	      0.00000000	      0.00000000	    109.75840338	    -18.29565580	     -6.12634319	   -106.94352076	    -11.32514910	     -4.91937273	      0.00000000	     34.82995703	     18.83164294	      0.00000000	    112.88245945	    -15.79220506	     -1.03627279	   -108.24456611	     -6.94640811	     -4.98473282	      0.00000000	     35.30210722	     24.02039129	      0.00000000
      1.86666667	     35.50646526	      3.36029244	    184.74710553	      0.07103987	     -0.34519648	     -0.46276987	     -2.82762325	      1.53053839	      0.48403616	     26.97916374	     -1.40578582	      1.25854979	     -0.00153140	     -0.02674615	      0.01209529	      0.00000000	      0.00000000	      0.00000000	     -0.01125963	      0.02492718	     -0.00744706	      0.00000000	      0.00000000	      0.00000000	     -0.00644805	      0.00377781	     -0.00311538	    218.38667656	     -1.94198333	    -87.27089152	     52.78628136	      0.00000000	      0.00000000	      0.00000000	      0.00000000	   -213.61201764	      1.68014878	     79.77915415	     47.30452673	      0.00000000	      0.00000000	      0.00000000	      0.00000000	    109.63315260	    -18.33634004	     -5.78255475	   -107.03380096	    -10.73935229	     -4.98473282	      0.00000000	     34.94239919	     18.98248607	      0.00000000	    112.36888829	    -15.69203339	     -1.32036369	   -108.11768759	     -8.09165906	     -4.98473282	      0.00000000	     35.35097087	     24.98095987	      0.00000000
      1.90000000	     35.62792221	      3.29309046	    184.72473939	      0.07120133	     -0.34129471	     -0.46290893	     -2.56544991	      1.51566196	      0.47829293	     27.00152933	     -1.41269684	      1.18423261	     -0.00180482	     -0.02695889	      0.01202144	      0.00000000	      0.00000000	      0.00000000	     -0.01083034	      0.02646010	     -0.00829378	      0.00000000	      0.00000000	      0.00000000	     -0.00635014	      0.00188780	     -0.00355827	    218.46899986	     -1.86618166	    -87.15902813	     52.63385248	      0.00000000	      0.00000000	      0.00000000	      0.00000000	   -213.69173055	      1.84007600	     79.63040881	     47.34331745	      0.00000000	      0.00000000	      0.00000000	      0.00000000	    109.28981430	    -18.23080561	     -5.76649787	   -106.35767240	    -10.64088860	     -4.91851683	      0.00000000	     34.84709744	     19.00049038	      0.00000000	    111.99730327	    -15.58253625	     -1.42833092	   -107.46833632	     -8.10712828	     -4.98473282	      0.00000000	     35.25340640	     24.97365699	      0.00000000
      1.93333333	     35.75036615	      2.96491131	    184.94212270	      0.07091133	     -0.33339072	     -0.46324224	     -2.27713504	      1.08403968	      0.60414197	     27.28930260	     -1.24412455	      0.59224724	     -0.00204265	     -0.02862049	      0.01186906	      0.00000000	      0.00000000	      0.00000000	     -0.01742075	      0.02460004	     -0.00572754	      0.00000000	      0.00000000	      0.00000000	     -0.00408447	      0.00055979	     -0.00317164	    217.98672867	     -0.99229357	    -86.92048706	     51.44752825	      0.00000000	      0.00000000	      0.00000000	      0.00000000	   -213.84893791	      1.36144082	     79.04669300	     47.75023054	      0.00000000	      0.00000000	      0.00000000	      0.00000000	    108.51347293	    -18.12453051	     -5.63330169	   -105.08972757	    -10.64401575	     -4.98473282	      0.00000000	     35.13045682	     18.84734301	      0.00000000	    110.73033557	    -15.30109406	     -2.15242090	   -105.95217914	     -8.66033937	     -4.98473282	      0.00000000	     35.30649861	     24.88087436	      0.00000000
      1.96666667	     35.56457494	      2.28589178	    185.39979860	      0.07087122	     -0.32210066	     -0.46338159	     -2.28533521	      0.22140336	     -0.13302367	     27.78850416	      0.02851967	     -0.23215517	     -0.00121060	     -0.03035090	      0.01010038	      0.00000000	      0.00000000	      0.00000000	     -0.02317955	      0.01897884	     -0.00000307	      0.00000000	      0.00000000	      0.00000000	     -0.00425967	     -0.00039452	     -0.00289377	    216.85588689	      0.84542879	    -88.72767990	     49.39106588	      0.00000000	      0.00000000	      0.00000000	      0.00000000	   -213.11696146	      0.86372354	     78.21982677	     46.65504668	      0.00000000	      0.00000000	      0.00000000	      0.00000000	    107.21720704	    -18.05618404	     -4.90530517	   -103.35892028	    -10.49065084	     -4.98473282	      0.00000000	     34.76115604	     18.98911597	      0.00000000	    108.42225648	    -14.79337146	     -3.29109105	   -103.76647015	     -8.41972227	     -4.98473282	      0.00000000	     35.11431827	     24.98095987	      0.00000000
      2.00000000	     35.78464736	      2.00132454	    185.45693664	      0.07050275	     -0.30817199	     -0.46410902	     -1.59796209	     -0.34113056	     -0.39242450	     27.68646792	      0.96311050	     -0.14560858	     -0.00124912	     -0.03301908	      0.01001162	      0.00000000	      0.00000000	      0.00000000	     -0.02811963	      0.01457553	      0.00265120	      0.00000000	      0.00000000	      0.00000000	     -0.00457329	     -0.00083918	     -0.00329988	    217.53332405	      2.01367832	    -89.95608754	     50.14567332	      0.00000000	      0.00000000	      0.00000000	      0.00000000	   -211.78007121	      1.32148901	     78.64717002	     44.75277287	      0.00000000	      0.00000000	      0.00000000	      0.00000000	    105.54065776	    -17.54489684	     -4.95587175	   -100.74383628	    -10.59216801	     -4.98473282	      0.00000000	     34.50321218	     18.76901602	      0.00000000	    106.36180232	    -14.43908222	     -3.87956855	   -100.99891422	     -8.49880071	     -4.98473282	      0.00000000	     35.13243680	     24.98095987	      0.00000000
      2.03333333	     36.00685206	      1.80776057	    185.21782603	      0.06976329	     -0.29215625	     -0.46471761	     -0.71348246	     -0.75352570	     -0.30898421	     27.27994097	      1.52133354	     -0.05989801	     -0.00202234	     -0.03642271	      0.01010631	      0.00000000	      0.00000000	      0.00000000	     -0.02806185	      0.01091186	      0.00401944	      0.00000000	      0.00000000	      0.00000000	     -0.00418508	      0.00012433	     -0.00191008	    218.51055460	      2.13817487	    -90.80067096	     51.77907680	      0.00000000	      0.00000000	      0.00000000	      0.00000000	   -211.21970318	      1.92207166	     79.28128483	     43.73841103	      0.00000000	      0.00000000	      0.00000000	      0.00000000	    103.36491149	    -16.58351444	     -5.09672994	    -97.53514738	    -10.69237535	     -4.98473282	      0.00000000	     34.14214994	     18.37042871	      0.00000000	    104.09955407	    -14.12004641	     -4.16843924	    -97.80220497	     -8.76147082	     -4.98473282	      0.00000000	     35.37970396	     24.83381560	      0.00000000
      2.06666667	     35.28859425	      1.65168652	    184.64312093	      0.06857873	     -0.27458621	     -0.46553233	     -0.80308127	     -0.98739233	     -0.14071799	     26.65212504	      1.75883850	     -0.16368495	     -0.00426198	     -0.03977526	      0.00965299	      0.00000000	      0.00000000	      0.00000000	     -0.02292555	      0.01156378	      0.00412595	      0.00000000	      0.00000000	      0.00000000	     -0.00508801	      0.00196789	      0.00048350	    219.45024066	      1.61614471	    -91.42337220	     53.65993419	      0.00000000	      0.00000000	      0.00000000	      0.00000000	   -211.82451622	      2.38076522	     80.53962378	     44.51311510	      0.00000000	      0.00000000	      0.00000000	      0.00000000	     99.87910238	    -15.25264805	     -5.40466183	    -93.95939256	    -10.61468009	     -4.98473282	      0.00000000	     33.84154888	     18.04490233	      0.00000000	    100.86297021	    -14.20230373	     -4.25388984	    -94.63563102	     -8.38401845	     -4.98473282	      0.00000000	     35.54796426	     24.15207622	      0.00000000
      2.10000000	     34.08472662	      1.83348007	    184.20974053	      0.06671820	     -0.25559629	     -0.46573152	     -1.24087738	     -0.58169763	      0.04986066	     26.21936668	      1.34680709	     -0.24704205	     -0.00641552	     -0.04266340	      0.00904580	      0.00000000	      0.00000000	      0.00000000	     -0.01616630	      0.01330323	      0.00581608	      0.00000000	      0.00000000	      0.00000000	     -0.00504767	      0.00289154	      0.00353880	    218.31469062	      1.01106501	    -91.34589954	     52.80161623	      0.00000000	      0.00000000	      0.00000000	      0.00000000	   -213.66519968	      2.25550247	     81.11315719	     46.68206082	      0.00000000	      0.00000000	      0.00000000	      0.00000000	     95.61145989	    -14.07470244	     -5.93756296	    -89.98876849	    -11.08953156	     -4.98473282	      0.00000000	     33.76491637	     17.89077987	      0.00000000	     97.02490171	    -13.96637850	     -3.96673921	    -91.28238975	     -7.33162936	     -4.98473282	      0.00000000	     35.70975607	     22.60734180	      0.00000000
      2.13333333	     31.64948963	      2.66761355	    184.02791287	      0.06425342	     -0.23495099	     -0.46541767	     -3.01686426	      0.83043138	      0.27724079	     26.61081024	      0.79742373	      0.17645351	     -0.00776823	     -0.04410369	      0.00766999	      0.00000000	      0.00000000	      0.00000000	     -0.01139492	      0.01698120	      0.00666561	      0.00000000	      0.00000000	      0.00000000	     -0.00540673	      0.00018761	      0.00406117	    216.78373503	      0.27835098	    -90.83013254	     51.28082827	      0.00000000	      0.00000000	      0.00000000	      0.00000000	   -214.92260420	      1.27298146	     80.24723405	     47.62426884	      0.00000000	      0.00000000	      0.00000000	      0.00000000	     89.65119951	    -12.98218695	     -7.03002328	    -85.49801994	    -12.24576494	     -4.98473282	      0.00000000	     33.94690313	     18.59004791	      0.00000000	     92.00096504	    -13.47367279	     -2.90585652	    -87.91389632	     -5.18973391	     -4.98473282	      0.00000000	     35.63452121	     19.87978745	      0.00000000
      2.16666667	     29.41126435	      3.38488393	    184.02511693	      0.06126436	     -0.21326121	     -0.46547014	     -4.34245874	      1.97254950	      0.25896164	     26.37078430	      0.44051028	      0.62024999	     -0.00918705	     -0.04363289	      0.00664135	      0.00000000	      0.00000000	      0.00000000	     -0.00946180	      0.01885818	      0.00576244	      0.00000000	      0.00000000	      0.00000000	     -0.00500322	     -0.00250858	      0.00425522	    216.41458080	     -0.05164102	    -89.66633485	     50.27974754	      0.00000000	      0.00000000	      0.00000000	      0.00000000	   -215.62671560	     -0.63625380	     76.98489761	     47.99937143	      0.00000000	      0.00000000	      0.00000000	      0.00000000	     83.94075401	    -11.69680463	     -7.77833700	    -80.72389861	    -14.05340729	     -4.98473282	      0.00000000	     33.09720317	     18.95027733	      0.00000000	     86.86539727	    -13.01662488	     -2.04238815	    -84.04197525	     -3.52721857	     -4.98473282	      0.00000000	     35.21215003	     18.06649604	      0.00000000
      2.20000000	     26.97967207	      3.99272452	    184.24514152	      0.05784374	     -0.19021661	     -0.46549208	     -5.79864186	      2.94637962	      0.07872233	     26.24167046	      0.45596310	      1.20468898	     -0.01006566	     -0.04172326	      0.00572653	      0.00000000	      0.00000000	      0.00000000	     -0.00999967	      0.01861269	      0.00388358	      0.00000000	      0.00000000	      0.00000000	     -0.00654628	     -0.00370017	      0.00269448	    217.15274860	     -0.30186444	    -88.67363214	     50.66368415	      0.00000000	      0.00000000	      0.00000000	      0.00000000	   -215.72890727	     -1.93284916	     73.83030807	     48.24460523	      0.00000000	      0.00000000	      0.00000000	      0.00000000	     77.87184212	    -10.25187711	     -8.14786373	    -75.66495213	    -14.46434148	     -4.98473282	      0.00000000	     31.17467062	     17.00365228	      0.00000000	     81.25294583	    -12.46175827	     -1.34325624	    -79.59833210	     -2.56119467	     -4.98473282	      0.00000000	     34.55381709	     17.08920347	      0.00000000
      2.23333333	     26.29636584	      4.09221573	    184.38542193	      0.05459592	     -0.16684630	     -0.46463370	     -4.98502911	      3.33839829	      0.01141990	     25.32533550	      0.88880977	      1.57229874	     -0.01004436	     -0.03884079	      0.00366380	      0.00000000	      0.00000000	      0.00000000	     -0.01219400	      0.01753391	      0.00273181	      0.00000000	      0.00000000	      0.00000000	     -0.00823581	     -0.00243563	      0.00101118	    217.76867028	      0.16701800	    -87.69621293	     51.60882756	      0.00000000	      0.00000000	      0.00000000	      0.00000000	   -215.94638880	     -1.10124486	     72.84471963	     48.39044835	      0.00000000	      0.00000000	      0.00000000	      0.00000000	     73.82600758	     -8.79976598	     -7.43761365	    -70.45012346	    -14.89690267	     -4.98473282	      0.00000000	     28.05747470	     14.79986829	      0.00000000	     76.93196412	    -11.40760065	     -0.99187389	    -74.31645561	     -2.81538014	     -4.98473282	      0.00000000	     33.51071939	     16.56994842	      0.00000000
      2.26666667	     23.09911374	      3.95290772	    184.06163021	      0.04924530	     -0.14176366	     -0.46546601	     -7.02094123	      3.23104383	      0.33631523	     25.01897434	      1.75781060	      1.36237946	     -0.00997238	     -0.03696781	      0.00274762	      0.00000000	      0.00000000	      0.00000000	     -0.01593958	      0.01600069	      0.00271591	      0.00000000	      0.00000000	      0.00000000	     -0.01159889	      0.00048564	     -0.00157077	    218.48944681	      0.66772072	    -86.36430675	     52.73745760	      0.00000000	      0.00000000	      0.00000000	      0.00000000	   -215.44204973	      0.65570331	     73.94518415	     48.19760014	      0.00000000	      0.00000000	      0.00000000	      0.00000000	     66.61443508	     -6.47867660	     -6.47246289	    -64.50265714	    -14.17212522	     -4.98473282	      0.00000000	     26.08099589	     11.12745872	      0.00000000	     69.45464703	    -11.61659751	     -1.28854041	    -68.62662889	     -2.40820336	     -4.98473282	      0.00000000	     33.13183983	     17.00940218	      0.00000000
      2.30000000	     22.30492829	      3.52075233	    183.78571541	      0.04373063	     -0.11757945	     -0.46562104	     -5.91610439	      2.66529630	      0.52566465	     23.29643516	      2.74562116	      0.94848466	     -0.01023986	     -0.03556221	      0.00247294	      0.00000000	      0.00000000	      0.00000000	     -0.01795449	      0.01425987	      0.00385067	      0.00000000	      0.00000000	      0.00000000	     -0.01039320	      0.00266365	     -0.00480408	    218.26589488	      1.51782414	    -84.34763015	     52.40527870	      0.00000000	      0.00000000	      0.00000000	      0.00000000	   -214.48666511	      2.39827467	     74.42897849	     47.15509354	      0.00000000	      0.00000000	      0.00000000	      0.00000000	     62.22824151	     -4.63137875	     -4.50304801	    -58.73570138	    -14.77997119	     -4.98473282	      0.00000000	     23.53273447	      9.57257183	      0.00000000	     64.20271073	    -10.84629481	     -0.88138424	    -62.42385144	     -2.52999882	     -4.63900756	      0.00000000	     32.10194719	     16.54851255	      0.00000000
      2.33333333	     22.90801158	      3.49462654	    183.70921701	      0.03740136	     -0.09460461	     -0.46487400	     -2.83566096	      2.78767715	      0.27148978	     22.48339333	      2.91219928	      0.55563772	     -0.00634955	     -0.03489643	      0.00268866	      0.00000000	      0.00000000	      0.00000000	     -0.01885279	      0.01540492	      0.00327525	      0.00000000	      0.00000000	      0.00000000	     -0.00853855	      0.00380866	     -0.00731080	    217.92569686	      2.95677726	    -82.57384533	     52.25096320	      0.00000000	      0.00000000	      0.00000000	      0.00000000	   -214.48547584	      3.35764746	     73.14562694	     46.74115382	      0.00000000	      0.00000000	      0.00000000	      0.00000000	     59.39814324	     -3.47617223	     -3.21816361	    -53.28049895	    -14.89690267	     -4.98473282	      0.00000000	     20.41455090	      9.09833745	      0.00000000	     60.66718316	     -9.83942486	     -0.57753859	    -56.21261102	     -2.59333597	     -4.98473282	      0.00000000	     30.53904285	     16.20664184	      0.00000000
      2.36666667	     20.45363411	      2.82322151	    183.11038054	      0.02889274	     -0.07146191	     -0.46581097	     -3.26280862	      2.09544962	      1.32272169	     19.60047933	      3.83520342	     -1.37570549	     -0.00864346	     -0.03437151	      0.00099220	      0.00000000	      0.00000000	      0.00000000	     -0.01788018	      0.01261392	      0.00524491	      0.00000000	      0.00000000	      0.00000000	      0.00096327	      0.00191693	     -0.00883896	    216.67864733	      2.81207910	    -80.73729606	     50.27723763	      0.00000000	      0.00000000	      0.00000000	      0.00000000	   -213.35596488	      1.91849763	     69.48508313	     45.50326811	      0.00000000	      0.00000000	      0.00000000	      0.00000000	     53.27209390	     -1.87884858	     -0.10576074	    -48.01489847	    -14.09364849	     -4.98473282	      0.00000000	     15.85493827	      7.24468253	      0.00000000	     53.14794142	     -9.78987650	     -1.40504188	    -49.23378447	     -1.96754335	     -4.98473282	      0.00000000	     29.26031343	     17.08292365	      0.00000000
      2.40000000	     16.85630511	      2.92337708	    183.27789089	      0.01889731	     -0.05005884	     -0.46608934	     -4.84464410	      2.54001361	      1.70491095	     17.42633216	      3.11849668	     -2.14714258	     -0.00972799	     -0.03388918	      0.00289753	      0.00000000	      0.00000000	      0.00000000	     -0.01938940	      0.01488099	      0.00614481	      0.00000000	      0.00000000	      0.00000000	      0.00663348	      0.00199510	     -0.00509341	    216.25396614	      3.55473247	    -80.83431126	     49.96857974	      0.00000000	      0.00000000	      0.00000000	      0.00000000	   -214.21392040	      2.01377313	     68.74214850	     46.11937064	      0.00000000	      0.00000000	      0.00000000	      0.00000000	     45.42046454	     -1.07914813	      2.07285913	    -42.36140352	    -13.44580045	     -4.98473282	      0.00000000	     11.41156085	      7.95438386	      0.00000000	     44.64525135	     -9.62908879	     -1.37424401	    -41.87290295	     -2.92899957	     -4.98473282	      0.00000000	     27.29248396	     19.11695097	      0.00000000
      2.43333333	     13.12583397	      3.03977694	    183.75672835	      0.00774341	     -0.03196121	     -0.46561572	     -6.27449942	      3.32794228	      1.98052342	     14.83083261	      1.90516522	     -2.52143876	     -0.00935041	     -0.03214407	      0.00385073	      0.00000000	      0.00000000	      0.00000000	     -0.02056057	      0.02136530	      0.00761351	      0.00000000	      0.00000000	      0.00000000	      0.01093277	      0.00031018	     -0.00295512	    215.84257748	      4.73549223	    -80.74710832	     51.03713612	      0.00000000	      0.00000000	      0.00000000	      0.00000000	   -214.75486007	      4.26394740	     70.32002368	     45.46044170	      0.00000000	      0.00000000	      0.00000000	      0.00000000	     37.04978104	     -0.88833620	      4.35588748	    -36.43649739	    -12.65769398	     -4.98473282	      0.00000000	      8.41475497	      9.48649525	      0.00000000	     35.95480574	     -9.54734390	     -1.75996860	    -34.42585638	     -3.07206945	     -4.98473282	      0.00000000	     24.84742177	     20.51721411	      0.00000000
      2.46666667	      5.47252725	      2.24600322	    184.31609308	     -0.00492559	     -0.01602533	     -0.46489359	    -12.44588628	      3.30536698	      2.39289805	     13.64033292	      0.98196853	     -2.87104968	     -0.00876329	     -0.02973112	      0.00504979	      0.00000000	      0.00000000	      0.00000000	     -0.02021550	      0.02746276	      0.00814119	      0.00000000	      0.00000000	      0.00000000	      0.01391107	      0.00051056	     -0.00042403	    215.59772421	      4.87360399	    -80.71353143	     51.97696723	      0.00000000	      0.00000000	      0.00000000	      0.00000000	   -214.53809042	      6.10510187	     72.65618399	     44.15742933	      0.00000000	      0.00000000	      0.00000000	      0.00000000	     24.04222593	     -1.63142671	      6.16156141	    -29.60783305	    -11.45215467	     -4.98473282	      0.00000000	      6.41660102	     11.14991924	      0.00000000	     22.66116636	     -9.46954740	     -4.86858678	    -26.60661572	      0.20120832	     -4.98473282	      0.00000000	     21.80312151	     18.94726487	      0.00000000
      2.50000000	      2.91800139	      1.31301059	    184.55707254	     -0.01493171	     -0.00658986	     -0.46355980	    -12.65312135	      2.93142264	      2.80807467	      9.36392153	      0.03130484	     -2.97086870	     -0.01021434	     -0.02448493	      0.00526718	      0.00000000	      0.00000000	      0.00000000	     -0.01920136	      0.03190330	      0.00782535	      0.00000000	      0.00000000	      0.00000000	      0.01753583	      0.00002343	     -0.00277589	    215.22098472	      6.29115221	    -80.61284067	     52.69014263	      0.00000000	      0.00000000	      0.00000000	      0.00000000	   -213.20999045	      8.42216366	     73.82185924	     42.05319159	      0.00000000	      0.00000000	      0.00000000	      0.00000000	     17.43862298	     -3.18466442	      5.47314540	    -24.15800284	     -8.54979133	     -4.98473282	      0.00000000	      6.94145270	     11.21668428	      0.00000000	     15.85105432	     -8.72595808	     -7.99408683	    -20.52295727	      3.82927957	     -4.98473282	      0.00000000	     19.83934616	     16.02748845	      0.00000000
      2.53333333	     -2.22322300	     -0.24467341	    184.36720018	     -0.02497568	      0.00084905	     -0.46324690	    -16.31419783	      1.78087091	      3.29809827	      7.01024181	     -0.42660068	     -3.19022421	     -0.01129199	     -0.02030737	      0.00552047	      0.00000000	      0.00000000	      0.00000000	     -0.01802258	      0.03089811	      0.00786815	      0.00000000	      0.00000000	      0.00000000	      0.01776615	      0.00270353	     -0.00492306	    214.59201550	      6.18865558	    -80.69115649	     52.81962788	      0.00000000	      0.00000000	      0.00000000	      0.00000000	   -212.01511376	      9.19133085	     73.73389338	     41.44170155	      0.00000000	      0.00000000	      0.00000000	      0.00000000	      8.33307735	     -4.97759259	      2.63488541	    -18.62964052	     -3.78122524	     -4.98473282	      0.00000000	      6.57434336	      8.86275719	      0.00000000	      6.36301892	     -7.83675431	    -14.04153548	    -14.48002729	     10.49403879	     -4.98473282	      0.00000000	     16.49186997	     12.13632330	      0.00000000
      2.56666667	     -2.48842847	     -1.52123215	    184.25998882	     -0.03071708	      0.00342998	     -0.46413660	    -14.77435558	      0.45447268	      3.69119813	      3.18260727	     -0.64798079	     -2.87494693	     -0.01447903	     -0.01582426	      0.00612232	      0.00000000	      0.00000000	      0.00000000	     -0.02194555	      0.02703005	      0.00814964	      0.00000000	      0.00000000	      0.00000000	      0.02032268	      0.00451023	     -0.00632142	    214.32432878	      6.77851293	    -80.28400018	     52.71998695	      0.00000000	      0.00000000	      0.00000000	      0.00000000	   -211.15110479	     10.06714954	     73.78213019	     41.61362738	      0.00000000	      0.00000000	      0.00000000	      0.00000000	      6.00126043	     -6.40580012	      0.83610555	    -15.66913184	     -1.91470444	     -4.98473282	      0.00000000	      7.57809052	      8.24579722	      0.00000000	      3.97255780	     -6.52184024	    -16.29513921	    -11.05147491	     11.85493737	     -4.98473282	      0.00000000	     14.99963249	     12.00074194	      0.00000000
      2.60000000	     -3.87180915	     -2.31835742	    184.21434531	     -0.03710789	      0.00484714	     -0.46550858	    -14.71419984	     -0.19840980	      4.27784249	      0.53485559	     -0.59057858	     -2.33036960	     -0.01810428	     -0.01245021	      0.00549571	      0.00000000	      0.00000000	      0.00000000	     -0.02902067	      0.02391198	      0.00701827	      0.00000000	      0.00000000	      0.00000000	      0.02262615	      0.00427505	     -0.00612087	    214.37983368	      6.97355224	    -79.33442479	     52.67886512	      0.00000000	      0.00000000	      0.00000000	      0.00000000	   -210.89719658	     11.04678752	     74.84639051	     41.63801296	      0.00000000	      0.00000000	      0.00000000	      0.00000000	      2.82365524	     -7.45889906	     -2.96996320	    -13.35702760	      1.40787352	     -4.98473282	      0.00000000	      7.90386806	      8.05842792	      0.00000000	      0.48295915	     -5.71483054	    -20.05390097	     -7.52652418	     13.96284488	     -4.98473282	      0.00000000	     13.41629016	     13.16199091	      0.00000000
      2.63333333	     -4.26652432	     -2.65930116	    184.24873473	     -0.04190115	      0.00536850	     -0.46756233	    -13.93423614	     -0.53867512	      3.97095991	     -1.21595327	     -0.74287016	     -1.97654242	     -0.02217641	     -0.01074795	      0.00527623	      0.00000000	      0.00000000	      0.00000000	     -0.03182420	      0.02097694	      0.00756388	      0.00000000	      0.00000000	      0.00000000	      0.02074885	      0.00149222	     -0.00674926	    214.27960587	      7.18557147	    -78.17209624	     52.28827606	      0.00000000	      0.00000000	      0.00000000	      0.00000000	   -210.70381637	     11.54243448	     75.16957405	     41.15428200	      0.00000000	      0.00000000	      0.00000000	      0.00000000	      1.11419453	     -7.87799450	     -5.30403436	    -11.56799477	      2.53311446	     -4.98473282	      0.00000000	      7.78703627	      7.87688702	      0.00000000	     -1.23398757	     -5.26713945	    -22.03898261	     -5.26401209	     14.89690267	     -4.98473282	      0.00000000	     11.56783793	     14.58201438	      0.00000000
      2.66666667	     -4.31914211	     -2.60222951	    184.31545880	     -0.04620211	      0.00575238	     -0.46987950	    -12.85399808	     -0.43722072	      3.79562696	     -2.51770338	     -1.17929669	     -2.02224387	     -0.02506439	     -0.00967020	      0.00441643	      0.00000000	      0.00000000	      0.00000000	     -0.03252269	      0.02014118	      0.00829758	      0.00000000	      0.00000000	      0.00000000	      0.01977417	     -0.00211680	     -0.00820383	    214.01453848	      7.55510004	    -76.57520674	     51.60591710	      0.00000000	      0.00000000	      0.00000000	      0.00000000	   -210.72741674	     11.50223195	     73.90942748	     40.77907960	      0.00000000	      0.00000000	      0.00000000	      0.00000000	     -0.04324298	     -7.89888467	     -7.56096579	     -9.99804368	      3.26523926	     -4.98473282	      0.00000000	      7.41880067	      8.33264872	      0.00000000	     -2.48405386	     -5.24971652	    -22.74272816	     -3.19468840	     14.89690267	     -4.84904247	      0.00000000	     10.01837638	     16.28053010	      0.00000000
      2.70000000	     -4.29908728	     -2.27157475	    184.32323593	     -0.05009956	      0.00610993	     -0.47242942	    -11.77309935	     -0.16593525	      3.51488304	     -3.07011930	     -1.67841413	     -2.39624196	     -0.02564131	     -0.00921572	      0.00394628	      0.00000000	      0.00000000	      0.00000000	     -0.03145045	      0.02147266	      0.01049823	      0.00000000	      0.00000000	      0.00000000	      0.01829311	     -0.00364546	     -0.00967433	    213.71986204	      8.10681153	    -75.12345891	     51.14055716	      0.00000000	      0.00000000	      0.00000000	      0.00000000	   -211.06263947	     11.11375182	     71.57505320	     41.32854520	      0.00000000	      0.00000000	      0.00000000	      0.00000000	     -1.00014933	     -7.56029690	     -9.47078687	     -8.53573562	      3.88168137	     -4.98473282	      0.00000000	      6.52966691	      9.03455694	      0.00000000	     -3.78767220	     -5.80720955	    -23.32606716	     -0.94475559	     14.89690267	     -3.92044386	      0.00000000	      8.83284609	     16.56155908	      0.00000000
      2.73333333	     -3.89338335	     -1.85490884	    184.54555295	     -0.05251187	      0.00655445	     -0.47495874	    -10.59688322	      0.09801212	      3.11058292	     -2.94097368	     -2.12551721	     -2.87066442	     -0.02509666	     -0.00956387	      0.00414320	      0.00000000	      0.00000000	      0.00000000	     -0.03071701	      0.02324255	      0.01239412	      0.00000000	      0.00000000	      0.00000000	      0.01729934	     -0.00275565	     -0.01011636	    213.64700223	      8.36904928	    -74.39848554	     51.20867474	      0.00000000	      0.00000000	      0.00000000	      0.00000000	   -211.69047146	     10.84434341	     70.31977032	     42.72252896	      0.00000000	      0.00000000	      0.00000000	      0.00000000	     -1.41505011	     -7.02343874	    -10.58433322	     -7.32890484	      3.99266163	     -4.98473282	      0.00000000	      5.25782638	      9.33922092	      0.00000000	     -4.48779021	     -6.38941444	    -23.82893002	      1.26601297	     14.89690267	     -3.04414260	      0.00000000	      7.45666992	     16.02739715	      0.00000000
      2.76666667	     -3.52178510	     -1.40003366	    184.66267560	     -0.05394221	      0.00675245	     -0.47694035	     -9.64014344	      0.50053889	      3.03973381	     -2.38366986	     -2.44819089	     -3.39893808	     -0.02296673	     -0.00996669	      0.00336830	      0.00000000	      0.00000000	      0.00000000	     -0.03043708	      0.02462399	      0.01173970	      0.00000000	      0.00000000	      0.00000000	      0.01907544	     -0.00040409	     -0.00913225	    213.66513522	      8.28408430	    -74.12793776	     51.63093386	      0.00000000	      0.00000000	      0.00000000	      0.00000000	   -212.88523736	     10.54825495	     69.85090019	     44.68221130	      0.00000000	      0.00000000	      0.00000000	      0.00000000	     -1.67051016	     -6.47228522	    -11.46784711	     -6.49625772	      4.36644725	     -4.98473282	      0.00000000	      4.32489292	      9.52963259	      0.00000000	     -5.14876381	     -7.00105347	    -23.94151408	      3.32090823	     14.89690267	     -2.17468542	      0.00000000	      6.44956132	     15.10590924	      0.00000000
      2.80000000	     -3.13222903	     -1.11585862	    184.82480252	     -0.05438478	      0.00671842	     -0.47865536	     -8.96924904	      0.68235202	      3.14159308	     -1.40572938	     -2.42719259	     -3.79070968	     -0.02095564	     -0.01056262	      0.00261152	      0.00000000	      0.00000000	      0.00000000	     -0.03231072	      0.02439069	      0.00967645	      0.00000000	      0.00000000	      0.00000000	      0.02054660	      0.00184109	     -0.00675683	    213.85343870	      7.97026180	    -73.86928522	     51.98429548	      0.00000000	      0.00000000	      0.00000000	      0.00000000	   -213.80800569	     10.51749646	     70.20004823	     45.85812237	      0.00000000	      0.00000000	      0.00000000	      0.00000000	     -1.68571598	     -6.11768178	    -11.94285774	     -6.09129374	      4.69193797	     -4.98473282	      0.00000000	      4.05955443	      9.20611025	      0.00000000	     -5.52842771	     -7.44176817	    -23.58246623	      4.89419836	     14.89690267	     -1.49877535	      0.00000000	      5.45262144	     14.35120416	      0.00000000
      2.83333333	     -2.88684299	     -0.95764237	    185.01658906	     -0.05460906	      0.00665209	     -0.48021831	     -8.53102230	      0.71750033	      3.55831370	     -0.64147019	     -2.22039920	     -3.98456381	     -0.01920111	     -0.01118039	      0.00217300	      0.00000000	      0.00000000	      0.00000000	     -0.03461872	      0.02290180	      0.00716155	      0.00000000	      0.00000000	      0.00000000	      0.02364800	      0.00248901	     -0.00533480	    214.14487460	      7.59991736	    -73.56021184	     51.80092514	      0.00000000	      0.00000000	      0.00000000	      0.00000000	   -213.92918865	     10.41992718	     70.33117893	     46.17293571	      0.00000000	      0.00000000	      0.00000000	      0.00000000	     -1.63793261	     -5.89676582	    -12.10449057	     -6.02715837	      4.80659863	     -4.98473282	      0.00000000	      4.41431291	      8.76841997	      0.00000000	     -5.68617300	     -7.70807934	    -23.00360225	      5.72254671	     14.86859758	     -1.32441380	      0.00000000	      4.48983864	     14.25334705	      0.00000000
      2.86666667	     -2.79124895	     -0.98849060	    185.06278474	     -0.05499327	      0.00669066	     -0.48135223	     -8.32701870	      0.65723766	      4.07456490	     -0.38778443	     -2.09518679	     -3.99475022	     -0.01904187	     -0.01143955	      0.00102022	      0.00000000	      0.00000000	      0.00000000	     -0.03610279	      0.02171914	      0.00626583	      0.00000000	      0.00000000	      0.00000000	      0.02655501	      0.00237076	     -0.00518637	    214.18555357	      7.36959818	    -73.59225661	     51.64120059	      0.00000000	      0.00000000	      0.00000000	      0.00000000	   -213.87741683	     10.30983148	     70.35393482	     46.20633914	      0.00000000	      0.00000000	      0.00000000	      0.00000000	     -1.72367736	     -5.83062574	    -12.19144402	     -5.75196883	      4.79168979	     -4.98473282	      0.00000000	      4.73379951	      8.60275488	      0.00000000	     -5.66960612	     -7.78316420	    -22.75603624	      5.79590240	     14.89654403	     -1.34459536	      0.00000000	      4.06858794	     14.36842620	      0.00000000
      2.90000000	     -2.84488687	     -1.05255909	    185.12827548	     -0.05624292	      0.00698734	     -0.48242372	     -8.10161201	      0.38965556	      4.35915968	     -0.04343316	     -1.81659666	     -4.05121081	     -0.01766783	     -0.01238100	      0.00152258	      0.00000000	      0.00000000	      0.00000000	     -0.03613297	      0.02001597	      0.00872751	      0.00000000	      0.00000000	      0.00000000	      0.03076633	      0.00250798	     -0.00533750	    214.14855649	      7.30834082	    -73.41238881	     51.42867213	      0.00000000	      0.00000000	      0.00000000	      0.00000000	   -213.43955072	     10.50206578	     70.68965697	     46.38614605	      0.00000000	      0.00000000	      0.00000000	      0.00000000	     -1.82979402	     -5.77337195	    -12.19407183	     -5.85092253	      4.90159740	     -4.98473282	      0.00000000	      4.99729569	      8.61770984	      0.00000000	     -5.70909397	     -7.79821963	    -22.75200025	      5.69424151	     14.89690267	     -1.47823834	      0.00000000	      3.52879606	     14.45146007	      0.00000000
      2.93333333	     -3.16570701	     -1.42599243	    184.99769796	     -0.05784227	      0.00726829	     -0.48319135	     -8.19539137	     -0.22353077	      4.91187430	      0.29147255	     -0.75074353	     -4.42211455	     -0.01651431	     -0.01343404	      0.00024644	      0.00000000	      0.00000000	      0.00000000	     -0.03655399	      0.01832994	      0.01108279	      0.00000000	      0.00000000	      0.00000000	      0.03238168	      0.00318689	     -0.00609231	    213.98199893	      7.01940028	    -72.84922180	     51.00676155	      0.00000000	      0.00000000	      0.00000000	      0.00000000	   -212.80767711	     12.73293613	     74.12182613	     46.01796887	      0.00000000	      0.00000000	      0.00000000	      0.00000000	     -2.06854608	     -6.08791008	    -12.51258085	     -6.24743509	      5.22435977	     -4.98473282	      0.00000000	      5.47717182	      9.20647048	      0.00000000	     -6.10340167	     -7.47865921	    -23.33166659	      5.62274860	     14.80243548	     -1.48051167	      0.00000000	      3.24614648	     14.62699722	      0.00000000
      2.96666667	     -3.79099238	     -1.46879081	    185.06987846	     -0.05995903	      0.00757199	     -0.48337828	     -8.55431036	     -0.33113434	      4.77170255	     -0.58755046	     -0.59826626	     -4.82280952	     -0.01745643	     -0.01308952	      0.00056775	      0.00000000	      0.00000000	      0.00000000	     -0.03514462	      0.01858690	      0.01101212	      0.00000000	      0.00000000	      0.00000000	      0.03243263	      0.00349258	     -0.00672452	    214.31441467	      6.74495941	    -72.16331585	     51.39829511	      0.00000000	      0.00000000	      0.00000000	      0.00000000	   -212.50815935	     14.55622714	     76.82042012	     45.86100419	      0.00000000	      0.00000000	      0.00000000	      0.00000000	     -2.67167792	     -6.07160345	    -12.81519344	     -6.52774369	      5.16759654	     -4.98473282	      0.00000000	      5.19865304	      9.64958281	      0.00000000	     -6.76170963	     -7.67967175	    -23.90335705	      5.39726084	     14.80145656	     -1.13854416	      0.00000000	      3.42507072	     14.66577590	      0.00000000
      3.00000000	     -4.00340235	     -1.55519402	    185.07720006	     -0.06150696	      0.00778430	     -0.48266373	     -8.61979133	     -0.45940591	      4.17986973	     -0.69838857	     -0.59315390	     -4.91237304	     -0.01738906	     -0.01345919	      0.00152224	      0.00000000	      0.00000000	      0.00000000	     -0.03363062	      0.01856155	      0.01087741	      0.00000000	      0.00000000	      0.00000000	      0.03109766	      0.00287854	     -0.00704789	    214.49231715	      6.86054145	    -71.84220095	     51.38758428	      0.00000000	      0.00000000	      0.00000000	      0.00000000	   -212.45623584	     14.73978159	     76.90190548	     45.80577863	      0.00000000	      0.00000000	      0.00000000	      0.00000000	     -2.64295579	     -6.27154787	    -12.82389861	     -7.02315900	      5.06451102	     -4.98473282	      0.00000000	      4.87234715	      9.63376511	      0.00000000	     -7.00550990	     -7.62996192	    -24.19274883	      5.21500946	     14.59064157	     -0.96685710	      0.00000000	      3.57799733	     14.50650311	      0.00000000
      3.03333333	     -4.56275885	     -2.02426144	    185.57259154	     -0.06265284	      0.00789874	     -0.48151113	     -9.32672433	     -0.86794758	      3.32633187	     -1.51776304	     -0.38888825	     -5.04118287	     -0.01965425	     -0.01221234	      0.00194933	      0.00000000	      0.00000000	      0.00000000	     -0.03245941	      0.01818574	      0.01057165	      0.00000000	      0.00000000	      0.00000000	      0.02974455	      0.00233670	     -0.00880196	    214.65128572	      6.43623620	    -71.62324010	     51.30834406	      0.00000000	      0.00000000	      0.00000000	      0.00000000	   -211.97207539	     14.32023064	     76.15487780	     45.48015352	      0.00000000	      0.00000000	      0.00000000	      0.00000000	     -3.27859501	     -6.77155698	    -12.38227849	     -7.22884560	      4.53119567	     -4.98473282	      0.00000000	      5.02598377	      8.79617351	      0.00000000	     -7.38524096	     -7.32241631	    -24.38763177	      4.76196235	     14.83018856	     -0.69477235	      0.00000000	      3.83401973	     14.72443596	      0.00000000
      3.06666667	     -4.95233798	     -2.34464105	    185.70340338	     -0.06283285	      0.00790678	     -0.47994740	    -10.01784711	     -1.07327061	      2.84625348	     -1.61298222	     -0.12987341	     -4.88841213	     -0.02049439	     -0.01103754	      0.00187779	      0.00000000	      0.00000000	      0.00000000	     -0.03356979	      0.01785528	      0.01177180	      0.00000000	      0.00000000	      0.00000000	      0.02934147	      0.00240903	     -0.01015485	    214.32985562	      6.65705364	    -71.95254739	     50.65754653	      0.00000000	      0.00000000	      0.00000000	      0.00000000	   -211.60369605	     13.38945328	     74.63581257	     45.26063896	      0.00000000	      0.00000000	      0.00000000	      0.00000000	     -3.59609062	     -7.13591964	    -11.61115334	     -7.46403133	      4.15138079	     -4.98473282	      0.00000000	      4.97966461	      7.82764165	      0.00000000	     -7.38961325	     -6.82719831	    -24.46055600	      3.89898534	     14.89690267	     -1.19193697	      0.00000000	      4.59163935	     15.21672548	      0.00000000
      3.10000000	     -4.92136863	     -2.42973325	    185.93622212	     -0.06234605	      0.00771942	     -0.47850798	    -10.35845852	     -1.02395636	      2.14019367	     -1.20612530	      0.00372290	     -3.80098843	     -0.02054551	     -0.01008817	      0.00232520	      0.00000000	      0.00000000	      0.00000000	     -0.03461766	      0.01747094	      0.01390725	      0.00000000	      0.00000000	      0.00000000	      0.02816006	      0.00298793	     -0.01123007	    213.66146575	      7.21694446	    -72.67768409	     49.69165406	      0.00000000	      0.00000000	      0.00000000	      0.00000000	   -211.12977055	     13.03437127	     74.09272930	     44.79640466	      0.00000000	      0.00000000	      0.00000000	      0.00000000	     -3.49878399	     -7.18679923	    -10.29592094	     -7.64172450	      3.51576668	     -4.98473282	      0.00000000	      4.75823281	      6.45841188	      0.00000000	     -6.65982076	     -6.45639052	    -24.40188360	      2.66516749	     14.86086218	     -2.13466919	      0.00000000	      5.43831325	     16.37829240	      0.00000000
      3.13333333	     -4.81565906	     -2.56629664	    185.77259961	     -0.06108292	      0.00733401	     -0.47676623	    -10.78906107	     -0.98294346	      2.22482597	     -0.94531618	     -0.19192430	     -2.70139888	     -0.02113601	     -0.00872151	      0.00251106	      0.00000000	      0.00000000	      0.00000000	     -0.03579537	      0.01869143	      0.01366779	      0.00000000	      0.00000000	      0.00000000	      0.02761834	      0.00355807	     -0.01202228	    213.60282559	      7.05358429	    -72.88709538	     49.88025535	      0.00000000	      0.00000000	      0.00000000	      0.00000000	   -210.74818622	     13.45765110	     75.57796059	     44.38101940	      0.00000000	      0.00000000	      0.00000000	      0.00000000	     -3.10310509	     -7.40721601	     -9.54857234	     -7.81312219	      2.89300898	     -4.98473282	      0.00000000	      4.25450183	      6.31297227	      0.00000000	     -5.53169861	     -5.87024610	    -24.42051095	      0.70377244	     14.89690267	     -3.46216224	      0.00000000	      6.69260877	     16.65865651	      0.00000000
      3.16666667	     -5.02305916	     -2.73478594	    185.20258807	     -0.05959685	      0.00690346	     -0.47467474	    -11.78593880	     -1.00121455	      2.64511239	     -0.90537981	     -0.34615387	     -2.11670833	     -0.02320618	     -0.00744238	      0.00216417	      0.00000000	      0.00000000	      0.00000000	     -0.03527640	      0.01854329	      0.01225324	      0.00000000	      0.00000000	      0.00000000	      0.02711221	      0.00323123	     -0.01191352	    213.75384730	      6.22795608	    -73.50740864	     50.52524800	      0.00000000	      0.00000000	      0.00000000	      0.00000000	   -210.63744077	     13.22400400	     76.79488864	     44.25458699	      0.00000000	      0.00000000	      0.00000000	      0.00000000	     -2.66277641	     -7.79054068	     -9.25037509	     -8.31857114	      2.54891857	     -4.98473282	      0.00000000	      3.38624815	      6.75571562	      0.00000000	     -4.62038155	     -5.19818272	    -24.45303967	     -1.48877940	     14.89690267	     -4.98473282	      0.00000000	      7.54806278	     16.49567830	      0.00000000
      3.20000000	     -5.17885203	     -2.61753907	    184.20318807	     -0.05707133	      0.00577664	     -0.47384332	    -12.96125653	     -1.06631195	      3.75691629	      0.11203518	     -1.37914127	     -0.75007811	     -0.02336768	     -0.00766701	      0.00583669	      0.00000000	      0.00000000	      0.00000000	     -0.03466119	      0.01973804	      0.00615978	      0.00000000	      0.00000000	      0.00000000	      0.02554611	      0.00363082	     -0.01176232	    215.81647807	      5.33765604	    -75.57694461	     53.10142301	      0.00000000	      0.00000000	      0.00000000	      0.00000000	   -210.93020515	     13.34392722	     79.09012222	     45.22473306	      0.00000000	      0.00000000	      0.00000000	      0.00000000	     -1.19898214	     -7.86639593	     -7.65161270	    -10.22264078	      0.56754825	     -4.98473282	      0.00000000	      3.72375186	      8.44761323	      0.00000000	     -3.38472770	     -5.60385086	    -23.11991434	     -4.33486255	     13.65478929	     -4.98473282	      0.00000000	      8.41048429	     14.83592145	      0.00000000
      3.23333333	     -5.84711045	     -2.30820358	    182.82768117	     -0.05332909	      0.00335364	     -0.47240407	    -14.99341841	     -1.01659944	      4.70110202	      0.88456661	     -1.73640450	     -1.10005281	     -0.02438794	     -0.00801164	      0.00715908	      0.00000000	      0.00000000	      0.00000000	     -0.03325932	      0.01920062	      0.00286753	      0.00000000	      0.00000000	      0.00000000	      0.02617525	      0.00357139	     -0.01030676	    216.71106080	      5.94622028	    -79.66425445	     53.64544820	      0.00000000	      0.00000000	      0.00000000	      0.00000000	   -211.96104745	     11.51742238	     79.48054571	     47.20302461	      0.00000000	      0.00000000	      0.00000000	      0.00000000	      0.60309355	     -7.92158990	     -6.50425460	    -13.67201843	      0.04170589	     -4.98473282	      0.00000000	      5.07218996	      9.51777377	      0.00000000	     -2.19840113	     -6.18622834	    -20.72277955	     -8.11330176	     10.88816449	     -4.98473282	      0.00000000	     10.00217211	     13.49700401	      0.00000000
      3.26666667	     -6.13055359	     -1.84532406	    181.88451185	     -0.04739162	     -0.00112824	     -0.47042004	    -16.97048630	     -0.82221884	      4.79205786	      2.71569283	     -2.01038220	     -1.85707527	     -0.02325326	     -0.01014365	      0.00889535	      0.00000000	      0.00000000	      0.00000000	     -0.03084745	      0.02011747	      0.00247492	      0.00000000	      0.00000000	      0.00000000	      0.02499134	      0.00386326	     -0.00856916	    217.07584236	      7.66584045	    -84.72573519	     53.59876146	      0.00000000	      0.00000000	      0.00000000	      0.00000000	   -213.02309785	      9.73431706	     80.33431076	     49.36514199	      0.00000000	      0.00000000	      0.00000000	      0.00000000	      3.41540669	     -8.09266519	     -6.81361424	    -18.35608794	      0.92981270	     -4.98473282	      0.00000000	      7.15821113	     10.04142242	      0.00000000	      0.24964371	     -6.88870115	    -17.36196593	    -13.20090067	      7.38787783	     -4.98473282	      0.00000000	     12.72892555	     12.76285994	      0.00000000
      3.30000000	     -3.79498217	     -1.36054401	    183.06123429	     -0.03784875	     -0.00899175	     -0.46775570	    -16.32190386	     -0.26858372	      2.47730302	      4.62053598	     -1.50720429	     -2.62724049	     -0.02013338	     -0.01378174	      0.01072308	      0.00000000	      0.00000000	      0.00000000	     -0.02428025	      0.02100681	      0.00693537	      0.00000000	      0.00000000	      0.00000000	      0.02270178	      0.00354430	     -0.00717599	    216.82229004	      8.87199733	    -87.91742467	     53.16292989	      0.00000000	      0.00000000	      0.00000000	      0.00000000	   -213.13351512	      8.35608176	     80.78308923	     50.57270814	      0.00000000	      0.00000000	      0.00000000	      0.00000000	      9.12889237	     -9.06295019	    -10.43049259	    -24.11092071	      3.85501731	     -4.98473282	      0.00000000	     10.39010158	      9.69377551	      0.00000000	      7.40886964	     -7.29505452	    -11.19170632	    -20.71567456	      2.30764339	     -4.98473282	      0.00000000	     16.64984064	     14.13180181	      0.00000000
      3.33333333	     -4.67951696	     -0.68066214	    182.34042499	     -0.02934086	     -0.01857312	     -0.46603822	    -19.46765929	      0.19680056	      2.57607591	      7.97415423	     -1.20812348	     -3.61385227	     -0.01600615	     -0.01806190	      0.01147972	      0.00000000	      0.00000000	      0.00000000	     -0.01971900	      0.02358885	      0.01057206	      0.00000000	      0.00000000	      0.00000000	      0.01997543	      0.00339449	     -0.00661092	    216.45189783	      8.53413297	    -89.88913148	     52.83781658	      0.00000000	      0.00000000	      0.00000000	      0.00000000	   -212.70222097	      7.35885282	     81.63336957	     50.87629242	      0.00000000	      0.00000000	      0.00000000	      0.00000000	     11.86709698	     -9.43883131	    -11.73455547	    -29.56652766	      5.34383293	     -4.98473282	      0.00000000	     12.42786610	     10.52440543	      0.00000000	      9.82859114	     -8.87760442	    -12.01177047	    -26.74640788	      2.41970215	     -4.98473282	      0.00000000	     20.77413207	     15.09148733	      0.00000000
      3.36666667	      0.80892378	      0.45771840	    183.73999181	     -0.01545241	     -0.03359532	     -0.46525307	    -15.86439608	      1.18661500	      0.66837516	     11.07227230	      0.46862100	     -4.74173244	     -0.01114640	     -0.02318175	      0.00981528	      0.00000000	      0.00000000	      0.00000000	     -0.01722771	      0.02358811	      0.01395498	      0.00000000	      0.00000000	      0.00000000	      0.01571150	      0.00325666	     -0.00479458	    216.36152360	      8.72905309	    -91.78009828	     52.18408532	      0.00000000	      0.00000000	      0.00000000	      0.00000000	   -212.42681958	      6.69328461	     81.32015350	     51.12982623	      0.00000000	      0.00000000	      0.00000000	      0.00000000	     21.87485858	    -10.14798233	    -13.54313040	    -36.41671326	      5.76159126	     -4.98473282	      0.00000000	     14.43642486	     10.60852194	      0.00000000	     21.50762915	    -10.24638704	     -9.27658426	    -35.39628923	     -0.45236716	     -4.98473282	      0.00000000	     25.03317719	     19.12977596	      0.00000000
      3.40000000	      1.17690372	      1.20894165	    184.00342054	     -0.00506024	     -0.04927472	     -0.46573854	    -18.26603593	      1.77042898	      0.66204187	     16.21617185	      1.65767121	     -4.08116357	     -0.00726766	     -0.02704394	      0.00861195	      0.00000000	      0.00000000	      0.00000000	     -0.02169684	      0.02341801	      0.01462558	      0.00000000	      0.00000000	      0.00000000	      0.01019689	      0.00439571	     -0.00628238	    216.17036383	      8.57770971	    -94.83808531	     51.39977406	      0.00000000	      0.00000000	      0.00000000	      0.00000000	   -212.27975244	      5.92834015	     82.06769530	     51.88841384	      0.00000000	      0.00000000	      0.00000000	      0.00000000	     25.95594494	    -10.29213731	    -13.51727913	    -42.07846865	      5.16494853	     -4.98473282	      0.00000000	     15.64236989	     11.20059170	      0.00000000	     26.24647537	    -12.21546729	     -9.88611751	    -42.06065002	     -0.27326845	     -4.98473282	      0.00000000	     28.25795085	     21.09847600	      0.00000000
      3.43333333	      8.79604083	      2.67846435	    184.85951872	      0.00761283	     -0.07104378	     -0.46679663	    -12.07466533	      2.76652565	      0.01994048	     18.70727898	      2.56670070	     -2.93486718	     -0.00373651	     -0.02927833	      0.00701009	      0.00000000	      0.00000000	      0.00000000	     -0.02545831	      0.02224452	      0.01435555	      0.00000000	      0.00000000	      0.00000000	      0.00705873	      0.00601953	     -0.00652558	    216.51729056	      9.73583842	    -97.05542828	     51.28630586	      0.00000000	      0.00000000	      0.00000000	      0.00000000	   -212.92631141	      6.17686784	     82.42982055	     52.68072909	      0.00000000	      0.00000000	      0.00000000	      0.00000000	     38.20460943	    -10.57897631	    -12.99993510	    -48.76166220	      2.47122933	     -4.84373362	      0.00000000	     17.94583882	     13.71350475	      0.00000000	     40.24238921	    -13.38649232	     -7.74540136	    -50.20116813	     -2.86922456	     -4.98473282	      0.00000000	     30.85729565	     24.98095987	      0.00000000
      3.46666667	      9.11751917	      2.74842605	    185.34207957	      0.01550745	     -0.09094781	     -0.46802158	    -14.50744671	      2.65422343	      0.18909603	     23.21572113	      3.13452985	     -1.35313453	     -0.00162308	     -0.03150003	      0.00609025	      0.00000000	      0.00000000	      0.00000000	     -0.03154611	      0.01907206	      0.01294680	      0.00000000	      0.00000000	      0.00000000	      0.00270244	      0.00812357	     -0.00736501	    217.54045925	      8.46536308	    -97.25756879	     52.12062872	      0.00000000	      0.00000000	      0.00000000	      0.00000000	   -212.98991676	      5.67850536	     84.50589438	     53.04928003	      0.00000000	      0.00000000	      0.00000000	      0.00000000	     41.78596810	    -11.24180593	    -12.00892889	    -54.25882745	      2.20716739	     -4.68248181	      0.00000000	     20.79777469	     14.30226247	      0.00000000	     44.62013249	    -13.94805764	     -7.19431061	    -56.24852458	     -2.38147271	     -4.98473282	      0.00000000	     33.14911425	     24.98095987	      0.00000000
      3.50000000	     16.46770072	      3.48081909	    185.52887531	      0.02562973	     -0.11533543	     -0.47017320	     -8.50504025	      2.50127057	      0.16079174	     25.32376366	      2.53598265	      0.15488164	      0.00149199	     -0.03292295	      0.00786612	      0.00000000	      0.00000000	      0.00000000	     -0.03327212	      0.01684552	      0.01113888	      0.00000000	      0.00000000	      0.00000000	      0.00168200	      0.00964024	     -0.00412627	    219.48789628	      7.18558897	    -94.74357413	     53.96112917	      0.00000000	      0.00000000	      0.00000000	      0.00000000	   -213.79079305	      5.59475368	     85.53686341	     53.42488584	      0.00000000	      0.00000000	      0.00000000	      0.00000000	     53.95343471	    -11.27303344	    -10.09494023	    -60.72427967	     -1.21985008	     -4.98473282	      0.00000000	     22.48632879	     17.00158600	      0.00000000	     57.02280177	    -13.69619189	     -5.20425771	    -62.46972983	     -2.54696630	     -4.98473282	      0.00000000	     34.83760788	     24.08026706	      0.00000000
      3.53333333	     19.52442446	      4.10044336	    186.23722040	      0.03266964	     -0.13899251	     -0.47124622	     -7.10436180	      2.90258748	     -0.32140213	     27.75184339	      2.59887371	      1.05159786	      0.00479138	     -0.03446149	      0.00690532	      0.00000000	      0.00000000	      0.00000000	     -0.03262117	      0.01452262	      0.01135470	      0.00000000	      0.00000000	      0.00000000	      0.00055963	      0.00841315	     -0.00123084	    219.66975924	      5.71017634	    -92.96910220	     54.20382701	      0.00000000	      0.00000000	      0.00000000	      0.00000000	   -214.68609919	      4.27523197	     84.40517589	     53.79926342	      0.00000000	      0.00000000	      0.00000000	      0.00000000	     60.57422468	    -11.98983368	     -9.28573511	    -66.04149175	     -2.75167612	     -4.76179804	      0.00000000	     25.55631858	     18.69728665	      0.00000000	     64.63556173	    -13.18508823	     -3.29183774	    -68.21189967	     -3.75303455	     -4.98473282	      0.00000000	     36.74859892	     24.98095987	      0.00000000
      3.56666667	     19.10984104	      4.13177988	    186.48102337	      0.03852819	     -0.16131049	     -0.47286836	     -9.91831473	      2.84615955	     -0.56863109	     27.97365854	      2.36227070	      1.06161600	     -0.00010252	     -0.03721096	      0.00760903	      0.00000000	      0.00000000	      0.00000000	     -0.03093956	      0.01375047	      0.01268347	      0.00000000	      0.00000000	      0.00000000	     -0.00411359	      0.00646678	      0.00069945	    219.35274534	      4.70246107	    -93.56510433	     54.07044760	      0.00000000	      0.00000000	      0.00000000	      0.00000000	   -214.77273372	      3.40221699	     84.63671691	     54.08127780	      0.00000000	      0.00000000	      0.00000000	      0.00000000	     63.49351642	    -12.11113104	     -8.43448235	    -70.96381560	     -3.48641934	     -4.98473282	      0.00000000	     28.19563256	     18.54183788	      0.00000000	     67.91874763	    -13.33142269	     -2.42029449	    -73.38483555	     -4.17755666	     -4.98473282	      0.00000000	     38.32857901	     24.98095987	      0.00000000
      3.60000000	     26.40421682	      5.69754132	    186.51087148	      0.04561145	     -0.18758356	     -0.47345762	     -2.77867232	      3.99862420	     -1.73972852	     27.59336086	      1.21244918	      2.26083808	      0.00253741	     -0.03963456	      0.00910567	      0.00000000	      0.00000000	      0.00000000	     -0.02161171	      0.01322814	      0.01547134	      0.00000000	      0.00000000	      0.00000000	     -0.00241920	      0.00497989	     -0.00062562	    217.36391041	      4.67041452	    -92.50602356	     52.23547847	      0.00000000	      0.00000000	      0.00000000	      0.00000000	   -215.43696987	      3.11871216	     82.18978382	     55.05247185	      0.00000000	      0.00000000	      0.00000000	      0.00000000	     74.90921991	    -12.94310032	     -8.50292990	    -76.15863646	     -6.27754329	     -4.98473282	      0.00000000	     29.60561653	     21.31935296	      0.00000000	     80.34465811	    -13.14711180	     -0.91494448	    -79.01654310	     -4.89611580	     -4.98473282	      0.00000000	     37.85178995	     24.79762635	      0.00000000
      3.63333333	     25.93951369	      5.62168490	    186.55627604	      0.05081649	     -0.20995554	     -0.47307404	     -5.30741368	      4.26429056	     -1.80688754	     28.08824798	      1.04425700	      2.17609680	     -0.00124760	     -0.04253426	      0.00816702	      0.00000000	      0.00000000	      0.00000000	     -0.01967225	      0.01314744	      0.01619036	      0.00000000	      0.00000000	      0.00000000	     -0.00300464	      0.00432747	     -0.00276459	    216.79887501	      3.34710252	    -93.17048343	     52.67426900	      0.00000000	      0.00000000	      0.00000000	      0.00000000	   -215.20859449	      2.27124564	     82.48662310	     55.01680400	      0.00000000	      0.00000000	      0.00000000	      0.00000000	     77.77991657	    -14.09173944	     -8.38519746	    -81.03105380	     -6.47236601	     -4.98473282	      0.00000000	     30.86085604	     21.63141370	      0.00000000	     83.41822511	    -13.46486838	     -0.55096830	    -83.89826372	     -4.92524527	     -4.98473282	      0.00000000	     38.26323947	     24.98095987	      0.00000000
      3.66666667	     30.27924429	      5.68401097	    186.48366697	      0.05618149	     -0.23345874	     -0.47085966	     -1.66360835	      4.29094464	     -2.49664571	     28.32097506	      0.42171397	      2.40680567	     -0.00060307	     -0.04430773	      0.00845248	      0.00000000	      0.00000000	      0.00000000	     -0.01693209	      0.01200215	      0.01789924	      0.00000000	      0.00000000	      0.00000000	     -0.00135985	      0.00142388	     -0.00633332	    216.15215466	      2.94431808	    -92.60709041	     53.02238274	      0.00000000	      0.00000000	      0.00000000	      0.00000000	   -214.64560199	      1.57619773	     81.29293865	     53.66402929	      0.00000000	      0.00000000	      0.00000000	      0.00000000	     85.90607852	    -16.24225084	     -8.10310586	    -85.81944746	     -6.56465919	     -4.98473282	      0.00000000	     31.01230067	     23.05895041	      0.00000000	     91.33378174	    -13.00538794	     -0.49128378	    -88.37609740	     -3.62069356	     -4.98473282	      0.00000000	     37.66038413	     23.27810939	      0.00000000
      3.70000000	     31.56323503	      5.14175052	    186.26289072	      0.06083913	     -0.25471911	     -0.46812305	     -1.80265159	      4.05328534	     -2.21465023	     29.50797097	      0.14721120	      1.98718566	     -0.00071722	     -0.04475183	      0.00722573	      0.00000000	      0.00000000	      0.00000000	     -0.02002518	      0.01181038	      0.02023605	      0.00000000	      0.00000000	      0.00000000	     -0.00169536	     -0.00091727	     -0.00869037	    214.91250566	      2.83512614	    -93.16502809	     52.50525603	      0.00000000	      0.00000000	      0.00000000	      0.00000000	   -214.39630192	      0.56135017	     80.79713989	     52.57285941	      0.00000000	      0.00000000	      0.00000000	      0.00000000	     90.65554730	    -17.96221201	     -7.40308228	    -90.13273218	     -5.36595149	     -4.98473282	      0.00000000	     31.02804307	     23.84925921	      0.00000000	     95.45983496	    -12.92353605	     -0.62733424	    -92.11259636	     -3.65410174	     -4.98473282	      0.00000000	     38.17907097	     23.55984014	      0.00000000
      3.73333333	     33.93074069	      4.16076657	    185.82056078	      0.06536430	     -0.27486410	     -0.46581139	     -0.61191301	      3.10517258	     -1.80438434	     29.46052604	      0.38240462	      1.84288164	     -0.00253418	     -0.04428434	      0.00561684	      0.00000000	      0.00000000	      0.00000000	     -0.02246569	      0.01189701	      0.02212951	      0.00000000	      0.00000000	      0.00000000	     -0.00128042	     -0.00217336	     -0.01003343	    213.26412704	      2.97480960	    -93.65219303	     50.32242418	      0.00000000	      0.00000000	      0.00000000	      0.00000000	   -214.31157267	     -0.43893170	     79.99878220	     52.18659573	      0.00000000	      0.00000000	      0.00000000	      0.00000000	     96.73733229	    -19.03137682	     -5.76470492	    -94.05671742	     -4.18396330	     -4.96956680	      0.00000000	     30.70739381	     23.78485242	      0.00000000	    100.17617516	    -13.17094870	     -1.49394042	    -95.16386942	     -4.06485969	     -4.98473282	      0.00000000	     38.56310265	     24.11497929	      0.00000000
      3.76666667	     35.58580596	      3.43291892	    185.38785396	      0.06931290	     -0.29354543	     -0.46450636	     -0.07448013	      2.27797408	     -1.21765816	     30.08027593	      0.52014261	      1.60875069	     -0.00227128	     -0.04308710	      0.00564047	      0.00000000	      0.00000000	      0.00000000	     -0.02401323	      0.01141439	      0.02194984	      0.00000000	      0.00000000	      0.00000000	      0.00002980	     -0.00127019	     -0.00909970	    212.75429922	      2.34520079	    -93.60695673	     48.47715426	      0.00000000	      0.00000000	      0.00000000	      0.00000000	   -214.42308991	     -1.27436309	     79.25278413	     52.71940778	      0.00000000	      0.00000000	      0.00000000	      0.00000000	    101.77723770	    -19.44975208	     -4.11741836	    -97.59487778	     -3.16992483	     -4.90227671	      0.00000000	     30.43621858	     23.82577326	      0.00000000	    104.16312340	    -13.54974779	     -1.97672439	    -98.15132302	     -4.75154502	     -4.98473282	      0.00000000	     38.87176796	     23.99508747	      0.00000000
      3.80000000	     36.86398558	      2.90128664	    184.94638403	      0.07275807	     -0.31052193	     -0.46427282	      0.21697352	      1.59779274	     -0.81670157	     30.33262628	      0.66140281	      1.66158530	     -0.00222550	     -0.04144005	      0.00615511	      0.00000000	      0.00000000	      0.00000000	     -0.02469695	      0.00914875	      0.01732780	      0.00000000	      0.00000000	      0.00000000	      0.00198463	      0.00028805	     -0.00631269	    214.04295747	      1.33131825	    -93.22483935	     48.27481302	      0.00000000	      0.00000000	      0.00000000	      0.00000000	   -215.06726462	     -2.23265869	     78.59922396	     53.67011075	      0.00000000	      0.00000000	      0.00000000	      0.00000000	    106.10002400	    -19.37421274	     -2.79360453	   -100.75060809	     -2.86504613	     -4.94072717	      0.00000000	     30.21959734	     23.97019658	      0.00000000	    107.72463230	    -14.12535175	     -2.17447513	   -101.08310992	     -5.16540630	     -4.98473282	      0.00000000	     38.58000215	     23.46610896	      0.00000000
      3.83333333	     37.66654698	      2.60748394	    184.51952417	      0.07578913	     -0.32550019	     -0.46490568	      0.15450689	      1.14169925	     -0.54412618	     30.34758369	      0.55493430	      1.93059409	     -0.00240113	     -0.03995247	      0.00745062	      0.00000000	      0.00000000	      0.00000000	     -0.02649965	      0.00589783	      0.01105943	      0.00000000	      0.00000000	      0.00000000	      0.00386212	      0.00072120	     -0.00331729	    215.98884239	      1.06396128	    -93.50424432	     49.16718361	      0.00000000	      0.00000000	      0.00000000	      0.00000000	   -215.88371468	     -3.30014290	     77.99826341	     54.40979164	      0.00000000	      0.00000000	      0.00000000	      0.00000000	    109.49702218	    -19.13804933	     -2.05571611	   -103.46879036	     -3.10441699	     -4.98473282	      0.00000000	     29.96888493	     24.26047015	      0.00000000	    110.73547083	    -14.84356965	     -2.11206713	   -103.73710342	     -5.42689880	     -4.98473282	      0.00000000	     37.73922149	     23.20781346	      0.00000000
      3.86666667	     38.44262561	      2.40952946	    184.04141955	      0.07815122	     -0.33822354	     -0.46583197	      0.36245386	      0.71736386	     -0.34724660	     30.03912535	      0.25019175	      2.63927553	     -0.00257241	     -0.03854118	      0.00993161	      0.00000000	      0.00000000	      0.00000000	     -0.02864926	      0.00423830	      0.00728275	      0.00000000	      0.00000000	      0.00000000	      0.00399667	      0.00055061	     -0.00104696	    217.32996235	      2.08191939	    -94.36725728	     50.26752861	      0.00000000	      0.00000000	      0.00000000	      0.00000000	   -216.43358303	     -4.03334302	     77.04580500	     54.56316088	      0.00000000	      0.00000000	      0.00000000	      0.00000000	    112.36331831	    -18.90872990	     -1.77621197	   -105.63133053	     -3.46287116	     -4.98473282	      0.00000000	     29.72205551	     24.63408681	      0.00000000	    113.46648572	    -15.71492460	     -2.02998236	   -105.81264562	     -5.78632265	     -4.98473282	      0.00000000	     36.79585451	     23.56513755	      0.00000000
      3.90000000	     38.05569716	      2.34681137	    183.87229533	      0.07988235	     -0.34773984	     -0.46626417	     -0.69470178	      0.57743122	     -0.33465635	     30.02960120	      0.20823563	      2.72998394	     -0.00403592	     -0.03751176	      0.01093929	      0.00000000	      0.00000000	      0.00000000	     -0.02844587	      0.00432894	      0.00717576	      0.00000000	      0.00000000	      0.00000000	      0.00061999	      0.00100160	      0.00041421	    217.21988732	      2.38717635	    -94.28629198	     50.34504332	      0.00000000	      0.00000000	      0.00000000	      0.00000000	   -216.63237797	     -3.95597459	     76.88070404	     54.34479482	      0.00000000	      0.00000000	      0.00000000	      0.00000000	    113.43537405	    -19.24249968	     -1.93275063	   -107.31413438	     -3.51168154	     -4.98473282	      0.00000000	     29.95816641	     24.72926301	      0.00000000	    114.52190283	    -16.22535241	     -2.01561793	   -107.20734208	     -5.96868044	     -4.98473282	      0.00000000	     36.67521993	     23.62131179	      0.00000000
      3.93333333	     37.68537194	      2.19488572	    183.57839688	      0.08076965	     -0.35482023	     -0.46630301	     -1.26502932	      0.39866944	     -0.28607971	     29.98046404	      0.12052786	      2.95992273	     -0.00398169	     -0.03639408	      0.01164076	      0.00000000	      0.00000000	      0.00000000	     -0.02612247	      0.00666079	      0.00818841	      0.00000000	      0.00000000	      0.00000000	     -0.00252083	      0.00296503	      0.00187755	    216.86971904	      2.95959152	    -94.08512336	     50.46567440	      0.00000000	      0.00000000	      0.00000000	      0.00000000	   -216.71192150	     -3.41242500	     76.35697214	     54.10138911	      0.00000000	      0.00000000	      0.00000000	      0.00000000	    114.18665550	    -19.55907651	     -2.11728453	   -108.66669743	     -3.35245065	     -4.98473282	      0.00000000	     30.11550916	     24.93777735	      0.00000000	    115.27571140	    -16.85582077	     -2.04644319	   -108.44071915	     -6.09077865	     -4.98473282	      0.00000000	     36.47283252	     23.76481489	      0.00000000
      3.96666667	     38.33447114	      2.17386036	    182.58773143	      0.08094188	     -0.35866186	     -0.46641083	     -0.23145442	      0.35046885	      0.15182008	     28.96313921	     -0.76813544	      5.58689588	     -0.00393844	     -0.03626217	      0.01635479	      0.00000000	      0.00000000	      0.00000000	     -0.02400934	      0.00706450	      0.01040453	      0.00000000	      0.00000000	      0.00000000	     -0.00660351	      0.00216903	      0.00205043	    216.21007334	      4.52348301	    -94.80483254	     49.97500999	      0.00000000	      0.00000000	      0.00000000	      0.00000000	   -216.14059579	     -2.27234552	     75.41421084	     52.53187964	      0.00000000	      0.00000000	      0.00000000	      0.00000000	    115.23891387	    -19.11385666	     -2.04721664	   -109.27862059	     -2.35217662	     -4.38369056	      0.00000000	     30.18108949	     24.62229239	      0.00000000	    116.70520878	    -18.04919209	     -1.61419406	   -109.29708896	     -6.54535618	     -4.98473282	      0.00000000	     36.63248996	     24.82328619	      0.00000000
      4.00000000	     38.12795855	      2.00982144	    182.37776981	      0.08061550	     -0.35915206	     -0.46575455	     -0.13637708	      0.30366124	      0.23258138	     29.01368234	     -0.78897504	      5.69526897	     -0.00320919	     -0.03639404	      0.01592639	      0.00000000	      0.00000000	      0.00000000	     -0.02109881	      0.00759912	      0.01022839	      0.00000000	      0.00000000	      0.00000000	     -0.00831863	      0.00230810	      0.00396908	    216.35073009	      4.54414347	    -94.94648502	     50.07918212	      0.00000000	      0.00000000	      0.00000000	      0.00000000	   -216.75164435	     -1.73251936	     75.13548995	     52.19654323	      0.00000000	      0.00000000	      0.00000000	      0.00000000	    115.15077010	    -19.44395784	     -2.18651311	   -109.57997536	     -2.07569064	     -4.35305301	      0.00000000	     30.28690218	     24.93955293	      0.00000000	    116.52093081	    -18.25472396	     -1.60894922	   -109.72149563	     -6.54140993	     -4.98473282	      0.00000000	     36.95529205	     24.98095987	      0.00000000
      4.03333333	     38.16469793	      1.89735836	    182.28333400	      0.08016202	     -0.35591710	     -0.46539609	      0.25358394	      0.26550152	      0.32686148	     29.06303552	     -0.78163060	      5.70979149	     -0.00347192	     -0.03713455	      0.01548836	      0.00000000	      0.00000000	      0.00000000	     -0.02113842	      0.00706016	      0.00971446	      0.00000000	      0.00000000	      0.00000000	     -0.00925118	      0.00162803	      0.00549325	    216.79103792	      4.47490101	    -95.11752771	     49.97101459	      0.00000000	      0.00000000	      0.00000000	      0.00000000	   -217.38918238	     -1.52322280	     75.12900752	     51.67954596	      0.00000000	      0.00000000	      0.00000000	      0.00000000	    114.69693645	    -19.53147247	     -2.27861754	   -109.06243493	     -1.95602118	     -4.25681472	      0.00000000	     30.21942574	     24.98095987	      0.00000000	    116.03166021	    -18.25407635	     -1.72541000	   -109.40343376	     -6.47446377	     -4.98473282	      0.00000000	     36.91423305	     24.98095987	      0.00000000
      4.06666667	     37.38903310	      1.55508583	    182.44072834	      0.07952952	     -0.34889729	     -0.46522290	     -0.32599103	     -0.01219342	      0.63155476	     29.99022479	     -0.78230934	      5.16323768	     -0.00287694	     -0.03825451	      0.01423262	      0.00000000	      0.00000000	      0.00000000	     -0.02428245	      0.00830858	      0.00808986	      0.00000000	      0.00000000	      0.00000000	     -0.01051421	     -0.00056335	      0.00310906	    218.19372552	      3.80645456	    -94.69351438	     51.25831069	      0.00000000	      0.00000000	      0.00000000	      0.00000000	   -216.70329857	     -0.49991634	     76.83933715	     49.73185251	      0.00000000	      0.00000000	      0.00000000	      0.00000000	    112.97868974	    -19.47354145	     -2.19193054	   -107.87858850	     -1.33640027	     -4.42302538	      0.00000000	     30.22264814	     24.98095987	      0.00000000	    113.97508265	    -17.97535068	     -2.23414435	   -108.20527552	     -6.68118029	     -4.98473282	      0.00000000	     36.88131609	     24.98095987	      0.00000000
      4.10000000	     37.00299279	      0.88260234	    183.02733573	      0.07905291	     -0.33843218	     -0.46533156	     -0.52039904	     -0.74450542	      0.52404364	     30.79772338	     -0.89041369	      3.96027205	     -0.00358303	     -0.03992438	      0.01268227	      0.00000000	      0.00000000	      0.00000000	     -0.02666151	      0.00713010	      0.00830032	      0.00000000	      0.00000000	      0.00000000	     -0.00963262	     -0.00088989	      0.00042756	    218.82260542	      2.19435583	    -93.02002679	     51.30247132	      0.00000000	      0.00000000	      0.00000000	      0.00000000	   -215.67757377	     -0.29869130	     78.35169067	     48.00929107	      0.00000000	      0.00000000	      0.00000000	      0.00000000	    111.48905686	    -19.37885850	     -1.88388118	   -105.99971690	     -1.51265048	     -4.91682718	      0.00000000	     29.97906075	     24.98095987	      0.00000000	    111.59436119	    -17.19965212	     -3.33529051	   -106.07669965	     -6.81675518	     -4.98473282	      0.00000000	     36.55480173	     24.91409085	      0.00000000
      4.13333333	     36.84112120	      0.25365113	    183.75684526	      0.07863913	     -0.32499892	     -0.46594622	     -0.42475207	     -1.54667541	      0.37334104	     31.26855877	     -0.97258066	      2.84974078	     -0.00548141	     -0.04199589	      0.01158562	      0.00000000	      0.00000000	      0.00000000	     -0.02894180	      0.00578881	      0.00963082	      0.00000000	      0.00000000	      0.00000000	     -0.00850792	      0.00005028	     -0.00148794	    219.07425984	      1.00286277	    -92.33604737	     51.38384879	      0.00000000	      0.00000000	      0.00000000	      0.00000000	   -214.80334133	     -0.12599656	     80.20907596	     47.12111332	      0.00000000	      0.00000000	      0.00000000	      0.00000000	    109.79170164	    -19.21561344	     -1.09802626	   -103.58749813	     -1.62135133	     -4.98473282	      0.00000000	     30.00724734	     24.98095987	      0.00000000	    109.04591594	    -16.10473858	     -4.41421184	   -103.29903694	     -6.91689886	     -4.98473282	      0.00000000	     36.52349312	     24.80203328	      0.00000000
      4.16666667	     37.25339406	      0.08198598	    184.22734428	      0.07818905	     -0.30932938	     -0.46718514	      0.55356048	     -1.90795596	      0.30270403	     31.18706219	     -1.02163575	      2.47422075	     -0.00774455	     -0.04439280	      0.01100071	      0.00000000	      0.00000000	      0.00000000	     -0.02784561	      0.00615181	      0.01032090	      0.00000000	      0.00000000	      0.00000000	     -0.00770160	     -0.00009187	     -0.00257768	    219.06223619	      0.63120726	    -93.10614911	     51.59066475	      0.00000000	      0.00000000	      0.00000000	      0.00000000	   -214.61992719	     -0.13835427	     81.04361388	     47.37584045	      0.00000000	      0.00000000	      0.00000000	      0.00000000	    108.04260597	    -18.71863095	     -0.88779185	   -100.65720190	     -2.09283318	     -4.98473282	      0.00000000	     30.29965508	     24.64316929	      0.00000000	    107.03042688	    -15.10470718	     -4.85915255	   -100.17740918	     -6.86533574	     -4.98473282	      0.00000000	     36.80522788	     24.55371585	      0.00000000
      4.20000000	     36.51017113	     -0.15478977	    184.76590833	      0.07765603	     -0.29143156	     -0.46867607	      0.22535105	     -2.32185706	      0.06700709	     30.73652112	     -0.82543735	      1.73527927	     -0.01142652	     -0.04734697	      0.01006614	      0.00000000	      0.00000000	      0.00000000	     -0.02714182	      0.00843274	      0.01028771	      0.00000000	      0.00000000	      0.00000000	     -0.00945185	     -0.00165818	     -0.00229690	    219.36869271	      0.94919184	    -94.80248865	     52.35325670	      0.00000000	      0.00000000	      0.00000000	      0.00000000	   -215.06793811	      0.51173769	     82.54262007	     48.23959167	      0.00000000	      0.00000000	      0.00000000	      0.00000000	    104.75750270	    -18.38493489	     -0.81702502	    -97.45413782	     -2.75943434	     -4.98473282	      0.00000000	     30.60365941	     24.95375762	      0.00000000	    103.54123000	    -14.20922792	     -5.38942919	    -96.79998949	     -6.22005704	     -4.98473282	      0.00000000	     37.00363478	     24.32285381	      0.00000000
      4.23333333	     36.75569413	      0.16570968	    184.85923239	      0.07677974	     -0.27275422	     -0.47067754	      1.53498083	     -2.27518837	      0.01490883	     30.14779342	     -0.56765987	      1.72453304	     -0.01224947	     -0.04974123	      0.01063804	      0.00000000	      0.00000000	      0.00000000	     -0.02354115	      0.01036650	      0.01139803	      0.00000000	      0.00000000	      0.00000000	     -0.01022121	     -0.00445048	     -0.00123380	    219.44725959	      1.06108934	    -94.50622028	     52.36784271	      0.00000000	      0.00000000	      0.00000000	      0.00000000	   -215.52773615	      1.14407839	     82.13023409	     48.16580778	      0.00000000	      0.00000000	      0.00000000	      0.00000000	    102.00296159	    -17.40758043	     -1.39214230	    -93.72963765	     -3.79447059	     -4.98473282	      0.00000000	     30.47355616	     24.31512550	      0.00000000	    101.09845969	    -13.70898324	     -5.29291873	    -93.09628056	     -5.66263544	     -4.98473282	      0.00000000	     37.36621182	     24.15455766	      0.00000000
      4.26666667	     35.70959098	      1.42861432	    184.15373647	      0.07541240	     -0.25259785	     -0.47330796	      1.53812154	     -0.93048382	      0.35810172	     28.52366293	      0.11224035	      1.58147105	     -0.01485115	     -0.05189341	      0.00920625	      0.00000000	      0.00000000	      0.00000000	     -0.02091075	      0.01168394	      0.01237346	      0.00000000	      0.00000000	      0.00000000	     -0.01077397	     -0.00632603	     -0.00095633	    218.96188155	      0.79274459	    -93.11380257	     51.33778794	      0.00000000	      0.00000000	      0.00000000	      0.00000000	   -215.98122770	      1.14258726	     81.49962219	     47.42762187	      0.00000000	      0.00000000	      0.00000000	      0.00000000	     97.24772930	    -15.52113896	     -3.10761919	    -89.26786326	     -4.92903500	     -4.90661234	      0.00000000	     29.55613119	     23.63625084	      0.00000000	     97.85249850	    -14.43303321	     -4.39541006	    -89.66375703	     -4.60877379	     -4.98473282	      0.00000000	     37.44205979	     23.97352786	      0.00000000
      4.30000000	     35.41443096	      2.45627326	    183.91240768	      0.07354791	     -0.23169538	     -0.47526036	      2.58758361	      0.09446099	      0.42903020	     27.90535036	      0.33920050	      1.33188860	     -0.01316010	     -0.05268671	      0.00886177	      0.00000000	      0.00000000	      0.00000000	     -0.02260712	      0.01232819	      0.01479607	      0.00000000	      0.00000000	      0.00000000	     -0.00949082	     -0.00476340	      0.00003924	    218.17467229	      1.24559770	    -92.21061913	     50.02065092	      0.00000000	      0.00000000	      0.00000000	      0.00000000	   -216.38840716	      0.86098512	     80.67736418	     46.77864127	      0.00000000	      0.00000000	      0.00000000	      0.00000000	     93.53006801	    -13.67144530	     -4.08447248	    -84.65290387	     -6.55258506	     -4.98473282	      0.00000000	     28.14664763	     22.11497401	      0.00000000	     94.99393668	    -14.48380629	     -3.84259721	    -85.73565435	     -3.95293418	     -4.98473282	      0.00000000	     37.58982116	     23.69631410	      0.00000000
      4.33333333	     34.07656856	      4.26187108	    183.33705303	      0.07082768	     -0.20956888	     -0.47721954	      2.52561519	      2.19462860	      0.49105255	     27.08327933	      0.83902166	      0.81883957	     -0.01185560	     -0.05227528	      0.00692777	      0.00000000	      0.00000000	      0.00000000	     -0.02417740	      0.01257330	      0.01756912	      0.00000000	      0.00000000	      0.00000000	     -0.00659846	     -0.00216364	      0.00104941	    217.04509397	      1.80298656	    -91.95635304	     48.80963932	      0.00000000	      0.00000000	      0.00000000	      0.00000000	   -217.00059675	     -0.76200154	     79.90151162	     46.90404267	      0.00000000	      0.00000000	      0.00000000	      0.00000000	     88.30180748	    -11.18634623	     -5.60281114	    -79.62954816	     -7.64613798	     -4.98473282	      0.00000000	     27.01727616	     20.66170684	      0.00000000	     91.44798724	    -15.36362235	     -2.66682142	    -82.04580226	     -2.84220232	     -4.98473282	      0.00000000	     37.44792725	     23.25137611	      0.00000000
      4.36666667	     32.95834274	      5.59284425	    183.78051149	      0.06786436	     -0.18641641	     -0.47811052	      2.65480099	      3.78509741	     -0.08055473	     27.51225283	      1.02017887	      0.54399426	     -0.00873968	     -0.05086752	      0.00536246	      0.00000000	      0.00000000	      0.00000000	     -0.02575619	      0.01450664	      0.01696499	      0.00000000	      0.00000000	      0.00000000	     -0.00598185	     -0.00014680	      0.00051853	    217.38889387	      1.79317687	    -91.95283416	     50.12941326	      0.00000000	      0.00000000	      0.00000000	      0.00000000	   -217.67779858	     -1.76678823	     80.01822080	     48.15577705	      0.00000000	      0.00000000	      0.00000000	      0.00000000	     83.38307512	     -9.72763178	     -6.39542680	    -74.59867811	     -8.58135362	     -4.98473282	      0.00000000	     26.33647408	     19.72800825	      0.00000000	     87.54619583	    -14.93049916	     -1.68762459	    -77.54433113	     -1.79031297	     -4.98473282	      0.00000000	     36.80112378	     22.34011460	      0.00000000
      4.40000000	     31.81335737	      6.25696703	    184.44696919	      0.06444306	     -0.16240482	     -0.47840518	      2.71594109	      4.61379711	     -0.61120783	     27.99011279	      1.14828162	      0.34195966	     -0.00720731	     -0.04893975	      0.00437185	      0.00000000	      0.00000000	      0.00000000	     -0.02389909	      0.01529621	      0.01586889	      0.00000000	      0.00000000	      0.00000000	     -0.00727414	     -0.00134559	     -0.00222041	    217.95605684	      0.47159882	    -90.64679323	     51.87977493	      0.00000000	      0.00000000	      0.00000000	      0.00000000	   -217.46830894	     -1.95198445	     80.39326350	     48.55277002	      0.00000000	      0.00000000	      0.00000000	      0.00000000	     78.34565572	     -8.63549016	     -6.42685853	    -69.19697370	     -9.21724455	     -4.98473282	      0.00000000	     25.88637063	     19.56635279	      0.00000000	     82.92967537	    -14.11559206	     -1.11634817	    -72.27087771	     -1.11984626	     -4.98473282	      0.00000000	     35.81506188	     21.25208179	      0.00000000
      4.43333333	     30.26493805	      6.32258892	    185.29529062	      0.06026722	     -0.13794593	     -0.47834104	      2.38221782	      4.84427309	     -0.94959531	     28.66393386	      1.15804502	      0.10871315	     -0.00636223	     -0.04695603	      0.00364712	      0.00000000	      0.00000000	      0.00000000	     -0.02064604	      0.01569707	      0.01282286	      0.00000000	      0.00000000	      0.00000000	     -0.00826729	     -0.00475389	     -0.00727485	    218.24063352	     -1.45015958	    -88.47419358	     52.62891191	      0.00000000	      0.00000000	      0.00000000	      0.00000000	   -216.31001764	     -1.39980019	     80.52047947	     47.36540487	      0.00000000	      0.00000000	      0.00000000	      0.00000000	     72.83572130	     -7.88796803	     -5.80753619	    -63.54347433	     -9.76519266	     -4.98473282	      0.00000000	     24.99278410	     19.45203547	      0.00000000	     77.29621608	    -13.01956997	     -0.96850886	    -66.13672617	     -1.38793781	     -4.92756438	      0.00000000	     34.37651503	     20.51685704	      0.00000000
      4.46666667	     29.38485752	      6.07562187	    186.05076727	      0.05545495	     -0.11380874	     -0.47783651	      2.98560093	      4.84956149	     -1.18822455	     28.41342406	      1.23180929	      0.18720254	     -0.00739373	     -0.04486172	      0.00197845	      0.00000000	      0.00000000	      0.00000000	     -0.01743398	      0.01566365	      0.00924883	      0.00000000	      0.00000000	      0.00000000	     -0.00743235	     -0.00693514	     -0.01163605	    217.54335051	     -2.51554564	    -86.86610091	     51.86604805	      0.00000000	      0.00000000	      0.00000000	      0.00000000	   -215.55590778	     -0.58195670	     80.12907808	     45.58448974	      0.00000000	      0.00000000	      0.00000000	      0.00000000	     67.99197778	     -7.26175256	     -4.72102854	    -57.52554036	    -10.85653670	     -4.98473282	      0.00000000	     22.76343908	     18.19258964	      0.00000000	     72.15825696	    -11.90944367	     -1.46834246	    -59.56147677	     -2.01697003	     -4.97160323	      0.00000000	     32.28618836	     20.51856512	      0.00000000
      4.50000000	     23.44435005	      4.68999442	    186.46280350	      0.04785085	     -0.08853324	     -0.47670547	     -2.35314873	      4.08138668	     -0.47621438	     29.47167760	      1.21526190	     -0.05917321	     -0.00787787	     -0.04396852	      0.00272284	      0.00000000	      0.00000000	      0.00000000	     -0.01736503	      0.01269301	      0.00717086	      0.00000000	      0.00000000	      0.00000000	     -0.00586042	     -0.00724479	     -0.01232950	    216.61014066	     -3.83517260	    -85.02032619	     49.61886792	      0.00000000	      0.00000000	      0.00000000	      0.00000000	   -214.99910217	     -0.54962669	     79.52568416	     44.04958103	      0.00000000	      0.00000000	      0.00000000	      0.00000000	     57.35029223	     -6.92211701	     -3.91432970	    -50.99813766	     -9.14380844	     -4.98473282	      0.00000000	     21.22749630	     15.80523881	      0.00000000	     60.98053933	    -11.47762881	     -3.33713169	    -52.35909847	     -3.74228511	     -4.98473282	      0.00000000	     31.45100732	     22.81966480	      0.00000000
      4.53333333	     21.48453762	      4.14613621	    186.19832220	      0.03954291	     -0.06602807	     -0.47528934	     -2.18006965	      3.89518961	     -0.08188635	     25.96338772	      1.44665689	      0.50835047	     -0.01082916	     -0.04190921	      0.00347311	      0.00000000	      0.00000000	      0.00000000	     -0.01781614	      0.01145936	      0.00705136	      0.00000000	      0.00000000	      0.00000000	     -0.00332684	     -0.00449382	     -0.01106552	    215.60041827	     -1.93269293	    -85.04898801	     47.86617532	      0.00000000	      0.00000000	      0.00000000	      0.00000000	   -215.92773671	      0.39222794	     77.49115718	     44.39921022	      0.00000000	      0.00000000	      0.00000000	      0.00000000	     50.91753643	     -6.12607846	     -2.92863875	    -44.27619881	     -8.35797202	     -4.98473282	      0.00000000	     18.80098193	     13.98526497	      0.00000000	     54.47409517	    -11.11161548	     -4.23807153	    -45.75021385	     -3.79865957	     -4.98473282	      0.00000000	     29.60471700	     23.36715702	      0.00000000
      4.56666667	     14.77004562	      2.93101108	    186.16406465	      0.02844139	     -0.04268191	     -0.47334749	     -7.75816569	      3.41239067	      0.26338821	     25.29752126	      1.58508532	      1.07222267	     -0.01102361	     -0.04068741	      0.00578572	      0.00000000	      0.00000000	      0.00000000	     -0.02308609	      0.01375936	      0.00684996	      0.00000000	      0.00000000	      0.00000000	     -0.00156198	     -0.00171699	     -0.00964296	    216.02903960	     -0.21289657	    -87.23749475	     48.91846137	      0.00000000	      0.00000000	      0.00000000	      0.00000000	   -216.43355454	      0.22111397	     76.14781888	     45.09680067	      0.00000000	      0.00000000	      0.00000000	      0.00000000	     38.74934618	     -5.87544466	     -3.06193235	    -36.53352178	     -6.46626198	     -4.98473282	      0.00000000	     16.24384881	     11.20730376	      0.00000000	     41.97417162	    -10.59012692	     -5.70513662	    -38.00579929	     -1.44680119	     -4.98473282	      0.00000000	     27.84997438	     21.76736724	      0.00000000
      4.60000000	      8.55376980	      1.43651033	    185.35063999	      0.01475786	     -0.02228322	     -0.47122718	    -12.10824906	      2.29060869	      0.94308528	     21.74140212	      1.61016538	      0.96042120	     -0.01308902	     -0.03803875	      0.00815053	      0.00000000	      0.00000000	      0.00000000	     -0.02555233	      0.01879052	      0.00696256	      0.00000000	      0.00000000	      0.00000000	      0.00235743	      0.00135131	     -0.00933056	    217.02013529	      2.13855251	    -89.27782841	     51.30202762	      0.00000000	      0.00000000	      0.00000000	      0.00000000	   -216.20802359	      0.85971617	     75.25255687	     45.71825996	      0.00000000	      0.00000000	      0.00000000	      0.00000000	     26.94364681	     -5.80386955	     -2.59728796	    -28.30691193	     -6.65251176	     -4.98473282	      0.00000000	     13.86424244	     11.51798019	      0.00000000	     29.18386493	     -9.95452471	     -8.89732880	    -29.69080605	      4.47682778	     -4.98473282	      0.00000000	     24.86819095	     15.39588070	      0.00000000
      4.63333333	      0.16360657	     -0.38022604	    183.75231486	     -0.00297984	     -0.00527157	     -0.46884680	    -18.45658184	      0.63380843	      2.25803544	     17.66412359	      0.95232890	     -0.31323439	     -0.01559090	     -0.03355358	      0.01008204	      0.00000000	      0.00000000	      0.00000000	     -0.02303121	      0.02383668	      0.00562437	      0.00000000	      0.00000000	      0.00000000	      0.00720600	      0.00447901	     -0.00898189	    217.99049564	      2.92954383	    -89.09774237	     53.36079150	      0.00000000	      0.00000000	      0.00000000	      0.00000000	   -215.30294413	      2.36258082	     76.42926076	     45.37659747	      0.00000000	      0.00000000	      0.00000000	      0.00000000	     12.51145644	     -6.28459472	     -2.90562552	    -19.43920909	     -6.16905458	     -4.98473282	      0.00000000	     10.88549135	     10.75926590	      0.00000000	     12.70916649	     -8.75332334	    -15.41371479	    -19.10768382	     11.83179845	     -4.98473282	      0.00000000	     19.97783126	      8.98878446	      0.00000000
      4.66666667	     -1.22010968	     -0.80579939	    182.65069451	     -0.01744563	      0.00463313	     -0.46609497	    -16.57688115	      0.22459879	      2.84804851	     10.87688116	     -0.26294826	     -0.81415042	     -0.01879066	     -0.02717177	      0.01105912	      0.00000000	      0.00000000	      0.00000000	     -0.01631330	      0.02720291	      0.00186208	      0.00000000	      0.00000000	      0.00000000	      0.01208495	      0.00449044	     -0.00905232	    218.85482804	      4.59507851	    -87.90110603	     55.06951988	      0.00000000	      0.00000000	      0.00000000	      0.00000000	   -214.44556408	      5.14477124	     77.95496346	     43.99031579	      0.00000000	      0.00000000	      0.00000000	      0.00000000	      6.80057763	     -6.60490633	     -5.85941497	    -12.60108473	     -3.56799154	     -4.98473282	      0.00000000	      7.22700912	      9.06168940	      0.00000000	      5.59788762	     -7.47522788	    -20.55849975	    -10.29845964	     14.89690267	     -4.98473282	      0.00000000	     15.36959397	      8.96350517	      0.00000000
      4.70000000	     -3.54125073	     -0.89589638	    182.69984619	     -0.03087165	      0.01095214	     -0.46398484	    -16.47474744	      0.38123326	      2.55505280	      7.06697763	     -1.09576188	     -2.27811433	     -0.02073347	     -0.02189785	      0.00954025	      0.00000000	      0.00000000	      0.00000000	     -0.01358635	      0.02708459	      0.00035687	      0.00000000	      0.00000000	      0.00000000	      0.01234681	      0.00664378	     -0.00789469	    218.53677472	      4.95563297	    -86.15460023	     55.29936996	      0.00000000	      0.00000000	      0.00000000	      0.00000000	   -213.98201802	      7.87646967	     80.61197155	     43.25917985	      0.00000000	      0.00000000	      0.00000000	      0.00000000	     -0.02239814	     -6.51775272	    -12.67871327	     -5.68639512	      4.00652456	     -4.98473282	      0.00000000	      1.68563046	      4.81839382	      0.00000000	     -1.13225787	     -6.19670182	    -24.72568215	     -2.60108556	     14.89690267	     -4.98473282	      0.00000000	     10.23931519	     13.02127629	      0.00000000
      4.73333333	     -1.82001107	     -0.69019587	    183.09631282	     -0.04065138	      0.01321108	     -0.46344648	    -12.17083457	      0.47318998	      1.81468524	      2.63154983	     -1.69910789	     -2.80346943	     -0.02264779	     -0.01743352	      0.00846499	      0.00000000	      0.00000000	      0.00000000	     -0.01291030	      0.02529107	      0.00020065	      0.00000000	      0.00000000	      0.00000000	      0.00955340	      0.00741262	     -0.00898590	    217.39716620	      6.58566626	    -86.00672351	     53.97852317	      0.00000000	      0.00000000	      0.00000000	      0.00000000	   -212.88821998	     10.78674151	     81.24264527	     41.73477044	      0.00000000	      0.00000000	      0.00000000	      0.00000000	     -1.14119914	     -5.96186020	    -14.33047268	     -0.93289788	      5.90825830	     -4.98473282	      0.00000000	     -2.74808576	      4.06691306	      0.00000000	     -2.12197944	     -6.23017138	    -24.85263549	      2.09526918	     14.89690267	     -3.35701690	      0.00000000	      7.01568949	     12.95842989	      0.00000000
      4.76666667	     -0.50920867	     -0.36350344	    183.33938498	     -0.04932567	      0.01338811	     -0.46314624	     -8.70424343	      0.58272780	      1.82278859	     -0.18712895	     -1.77008701	     -3.60796591	     -0.02275920	     -0.01447952	      0.00607032	      0.00000000	      0.00000000	      0.00000000	     -0.01534381	      0.02513559	      0.00142525	      0.00000000	      0.00000000	      0.00000000	      0.00708270	      0.00935549	     -0.01065569	    215.29808473	      7.99589897	    -86.64347608	     50.99862527	      0.00000000	      0.00000000	      0.00000000	      0.00000000	   -211.72122385	     12.91081979	     80.40600119	     40.64797168	      0.00000000	      0.00000000	      0.00000000	      0.00000000	     -2.00626859	     -5.34100992	    -15.47214249	      2.56417446	      8.01012037	     -4.98473282	      0.00000000	     -6.05354276	      3.30461237	      0.00000000	     -3.00348981	     -6.64315629	    -24.73764753	      5.50369446	     14.89690267	     -1.87821453	      0.00000000	      4.99201919	     12.74664984	      0.00000000
      4.80000000	      0.44561014	     -0.16466002	    183.40338527	     -0.05681744	      0.01273364	     -0.46206948	     -5.94580205	      0.64076131	      2.14206090	     -1.32940007	     -1.53266059	     -3.74238787	     -0.01999292	     -0.01295845	      0.00383952	      0.00000000	      0.00000000	      0.00000000	     -0.01826136	      0.02694071	      0.00290178	      0.00000000	      0.00000000	      0.00000000	      0.00838337	      0.00923681	     -0.01276448	    213.33349239	      9.35385358	    -87.33476886	     47.99733745	      0.00000000	      0.00000000	      0.00000000	      0.00000000	   -210.37538486	     12.93100988	     77.86001032	     39.77343721	      0.00000000	      0.00000000	      0.00000000	      0.00000000	     -2.57311515	     -5.27881089	    -15.39787879	      4.72099772	      8.42289832	     -4.56303218	      0.00000000	     -7.65693461	      2.94266402	      0.00000000	     -3.62317297	     -6.80454223	    -24.18077307	      7.67073691	     14.89690267	     -1.15426211	      0.00000000	      3.60918563	     12.41045129	      0.00000000
      4.83333333	      0.89213757	     -0.03741451	    183.07984274	     -0.06318606	      0.01210610	     -0.46007581	     -3.99552404	      0.74596843	      2.78315642	     -1.72569135	     -1.30691871	     -3.15405480	     -0.01605549	     -0.01175632	      0.00270595	      0.00000000	      0.00000000	      0.00000000	     -0.01944749	      0.02806820	      0.00433881	      0.00000000	      0.00000000	      0.00000000	      0.01232344	      0.00688614	     -0.01315260	    212.32812019	     10.14791836	    -87.09032647	     46.48452646	      0.00000000	      0.00000000	      0.00000000	      0.00000000	   -209.38945677	     11.58617495	     74.99077364	     39.18881732	      0.00000000	      0.00000000	      0.00000000	      0.00000000	     -3.10456537	     -5.78434188	    -14.80773834	      5.90710780	      7.40754557	     -3.40563457	      0.00000000	     -7.62122571	      2.48221395	      0.00000000	     -4.22200452	     -6.73426369	    -23.39228404	      8.80933571	     14.44299506	     -1.01819580	      0.00000000	      2.59671048	     11.64243434	      0.00000000
      4.86666667	      0.79288859	      0.16653010	    182.39469553	     -0.06808444	      0.01191038	     -0.45820995	     -2.93275843	      1.02222303	      3.85331732	     -1.95059314	     -1.20218682	     -2.00250221	     -0.01222371	     -0.01029823	      0.00257471	      0.00000000	      0.00000000	      0.00000000	     -0.01957002	      0.02764191	      0.00509896	      0.00000000	      0.00000000	      0.00000000	      0.01822777	      0.00357987	     -0.01243251	    212.51510599	     10.01895846	    -85.44527123	     47.16894421	      0.00000000	      0.00000000	      0.00000000	      0.00000000	   -208.87328882	      9.99470399	     72.84174411	     38.99532409	      0.00000000	      0.00000000	      0.00000000	      0.00000000	     -3.53457135	     -6.17178902	    -13.15368863	      6.12553310	      5.68711939	     -2.59645673	      0.00000000	     -6.62906571	      1.83624901	      0.00000000	     -4.82098348	     -6.75933592	    -21.83591963	      8.93371506	     12.69350538	     -1.25092586	      0.00000000	      2.21541654	     10.48697346	      0.00000000
      4.90000000	      0.40857725	      0.38876285	    181.82956774	     -0.07186231	      0.01244339	     -0.45700798	     -2.46523224	      1.28191483	      4.81843738	     -2.21991565	     -1.46691802	     -1.35426907	     -0.00935597	     -0.00927990	      0.00336542	      0.00000000	      0.00000000	      0.00000000	     -0.01884961	      0.02549798	      0.00606578	      0.00000000	      0.00000000	      0.00000000	      0.02237430	      0.00172764	     -0.01120302	    213.05385601	      9.12969956	    -83.29041237	     48.76928278	      0.00000000	      0.00000000	      0.00000000	      0.00000000	   -208.95002882	      9.96056624	     73.30640370	     39.45678827	      0.00000000	      0.00000000	      0.00000000	      0.00000000	     -4.02350328	     -6.26285088	    -10.40800855	      6.08673465	      3.39416122	     -2.33697406	      0.00000000	     -6.20675603	      0.88980399	      0.00000000	     -5.33785423	     -6.93933913	    -18.69771069	      8.46321625	      9.05829399	     -1.63295454	      0.00000000	      2.18464340	      9.67133484	      0.00000000
      4.93333333	     -0.17605058	      0.35568226	    181.22444782	     -0.07432221	      0.01315977	     -0.45614507	     -2.61259473	      1.37274239	      5.69032958	     -2.87558868	     -1.64138832	     -1.26144835	     -0.00910159	     -0.00757333	      0.00238664	      0.00000000	      0.00000000	      0.00000000	     -0.01611103	      0.02369773	      0.00676101	      0.00000000	      0.00000000	      0.00000000	      0.02387126	      0.00201194	     -0.01173084	    212.62227094	      7.69969223	    -82.02766992	     49.39830862	      0.00000000	      0.00000000	      0.00000000	      0.00000000	   -209.39769605	     10.81815297	     74.94504056	     40.56082344	      0.00000000	      0.00000000	      0.00000000	      0.00000000	     -4.37997700	     -6.49181168	     -8.37375402	      5.55196083	      2.72456466	     -2.36103388	      0.00000000	     -6.15922053	      0.24927022	      0.00000000	     -5.83930617	     -6.98514320	    -15.97942208	      7.59882445	      5.53995569	     -1.77263440	      0.00000000	      2.57492698	      9.35622259	      0.00000000
      4.96666667	     -0.84084784	      0.14290630	    180.98746637	     -0.07654710	      0.01402813	     -0.45597255	     -3.00173600	      1.13683185	      5.97956452	     -3.23728031	     -1.91709943	     -1.75634129	     -0.00927841	     -0.00673467	      0.00177591	      0.00000000	      0.00000000	      0.00000000	     -0.01442582	      0.02241039	      0.00871219	      0.00000000	      0.00000000	      0.00000000	      0.02382068	      0.00347230	     -0.01282455	    211.49777115	      7.02666421	    -82.05386242	     48.39237206	      0.00000000	      0.00000000	      0.00000000	      0.00000000	   -209.40964444	     11.81920640	     76.56361100	     41.26547933	      0.00000000	      0.00000000	      0.00000000	      0.00000000	     -4.89653274	     -6.74514486	     -7.19167116	      5.02818418	      2.57204347	     -2.44106177	      0.00000000	     -6.59032763	     -0.62964709	      0.00000000	     -6.31554182	     -6.88347394	    -13.39910067	      6.72085613	      2.57492392	     -2.02444331	      0.00000000	      2.89809609	      9.81630104	      0.00000000
      5.00000000	     -1.47731586	     -0.17379566	    181.07898330	     -0.07883277	      0.01440835	     -0.45613723	     -3.46007079	      0.73901227	      5.93848185	     -3.26417994	     -2.09147550	     -2.14827842	     -0.00959973	     -0.00654776	      0.00113253	      0.00000000	      0.00000000	      0.00000000	     -0.01560866	      0.02264452	      0.00910873	      0.00000000	      0.00000000	      0.00000000	      0.02444726	      0.00395315	     -0.01446606	    210.86369209	      7.19022603	    -83.07277059	     47.24787708	      0.00000000	      0.00000000	      0.00000000	      0.00000000	   -208.74458695	     12.06876758	     77.09431291	     41.13606926	      0.00000000	      0.00000000	      0.00000000	      0.00000000	     -5.49485272	     -7.03689260	     -6.91160985	      4.52684675	      2.85190252	     -2.52690892	      0.00000000	     -6.84582546	     -1.53450650	      0.00000000	     -6.82693032	     -6.62209741	    -11.92926555	      6.18338773	      0.41352746	     -2.29552198	      0.00000000	      3.19452561	     11.26100883	      0.00000000
      5.03333333	     -1.80036872	     -0.38345813	    181.33083896	     -0.08121780	      0.01410063	     -0.45692499	     -3.55902976	      0.40247837	      5.87250559	     -3.19657501	     -2.23994980	     -2.15927659	     -0.00985799	     -0.00657157	      0.00106755	      0.00000000	      0.00000000	      0.00000000	     -0.01757996	      0.02368595	      0.00775883	      0.00000000	      0.00000000	      0.00000000	      0.02624395	      0.00388515	     -0.01428605	    211.14709990	      7.41980143	    -83.51749394	     46.88185767	      0.00000000	      0.00000000	      0.00000000	      0.00000000	   -208.21349845	     11.96107166	     77.03361028	     40.91761251	      0.00000000	      0.00000000	      0.00000000	      0.00000000	     -5.88871685	     -7.14670778	     -6.92476030	      4.19757384	      3.02513228	     -2.68911310	      0.00000000	     -6.24649400	     -1.83931270	      0.00000000	     -7.07395476	     -6.57007112	    -11.78277231	      5.77323403	      0.20329368	     -2.28494368	      0.00000000	      3.64231189	     11.90556999	      0.00000000
      5.06666667	     -2.68998543	     -0.47544193	    181.59038518	     -0.08380030	      0.01357972	     -0.45714187	     -4.31816764	      0.23459950	      5.37011031	     -2.80091712	     -2.29915324	     -1.51150344	     -0.00998803	     -0.00730986	      0.00172971	      0.00000000	      0.00000000	      0.00000000	     -0.01929452	      0.02463453	      0.00756171	      0.00000000	      0.00000000	      0.00000000	      0.02652936	      0.00218462	     -0.01575969	    211.54217692	      8.28357368	    -84.27136821	     46.92403952	      0.00000000	      0.00000000	      0.00000000	      0.00000000	   -207.00079618	     11.47119247	     76.21823639	     39.79414060	      0.00000000	      0.00000000	      0.00000000	      0.00000000	     -7.00174309	     -7.30236785	     -7.93234617	      4.15540725	      3.60044235	     -2.41684224	      0.00000000	     -5.81660997	     -1.92612159	      0.00000000	     -8.17310745	     -6.39341138	    -12.34461598	      6.00072760	     -0.53243378	     -2.60229477	      0.00000000	      3.99574904	     14.35142173	      0.00000000
      5.10000000	     -2.79275265	     -0.38136933	    181.78463832	     -0.08575378	      0.01274632	     -0.45745914	     -4.16256928	      0.22202322	      5.25749793	     -2.76603691	     -2.26849265	     -1.37063177	     -0.00984343	     -0.00794521	      0.00270973	      0.00000000	      0.00000000	      0.00000000	     -0.01908911	      0.02487007	      0.00876979	      0.00000000	      0.00000000	      0.00000000	      0.02652669	      0.00238977	     -0.01575411	    211.73195204	      8.56664862	    -83.97134321	     46.77598434	      0.00000000	      0.00000000	      0.00000000	      0.00000000	   -206.67605162	     11.68180282	     76.03799149	     40.03172906	      0.00000000	      0.00000000	      0.00000000	      0.00000000	     -7.14848814	     -7.29454626	     -7.94514362	      3.96521038	      3.68730867	     -2.24764123	      0.00000000	     -5.50272002	     -1.86989702	      0.00000000	     -8.47796330	     -6.48380621	    -12.38337813	      6.22014158	     -0.48354524	     -2.69036378	      0.00000000	      4.35665511	     14.41663749	      0.00000000
      5.13333333	     -3.37240582	     -0.35603069	    182.10958562	     -0.08778803	      0.01182169	     -0.45757651	     -4.49483689	      0.18922701	      4.94635497	     -3.16734424	     -1.60152077	      0.61127661	     -0.01017428	     -0.00776022	      0.00424746	      0.00000000	      0.00000000	      0.00000000	     -0.01617069	      0.02481604	      0.01001613	      0.00000000	      0.00000000	      0.00000000	      0.02479758	      0.00363126	     -0.01650750	    211.52692731	      8.11571570	    -82.66144065	     46.10101238	      0.00000000	      0.00000000	      0.00000000	      0.00000000	   -206.33729007	     12.30583392	     75.86664382	     40.05451107	      0.00000000	      0.00000000	      0.00000000	      0.00000000	     -7.98742049	     -7.23947425	     -9.21282249	      4.04142284	      4.03818399	     -2.14932940	      0.00000000	     -4.95938779	     -0.42233361	      0.00000000	     -9.25089704	     -6.62262375	    -13.13077780	      6.37620819	      0.53762441	     -2.58560824	      0.00000000	      4.70847992	     14.88809577	      0.00000000
      5.16666667	     -3.50526407	     -0.33468176	    182.11823746	     -0.08892161	      0.01134707	     -0.45734782	     -4.35710606	      0.18358625	      5.03076301	     -3.16947415	     -1.56652112	      0.76327433	     -0.00875968	     -0.00839550	      0.00484609	      0.00000000	      0.00000000	      0.00000000	     -0.01670969	      0.02494516	      0.01085439	      0.00000000	      0.00000000	      0.00000000	      0.02419435	      0.00475490	     -0.01659925	    211.57743154	      8.48003895	    -82.20498203	     45.99599662	      0.00000000	      0.00000000	      0.00000000	      0.00000000	   -206.22896086	     12.94458167	     75.65661341	     40.15415800	      0.00000000	      0.00000000	      0.00000000	      0.00000000	     -8.13623226	     -7.22201231	     -9.29027300	      3.89176046	      4.10431154	     -2.15198622	      0.00000000	     -5.17950444	     -0.21456100	      0.00000000	     -9.44074611	     -6.59713708	    -13.14288133	      6.33855378	      0.70347090	     -2.71400863	      0.00000000	      4.80942249	     14.86703707	      0.00000000
      5.20000000	     -3.61571304	     -0.16851160	    182.16423507	     -0.09042713	      0.01103202	     -0.45723107	     -4.13810502	      0.36550395	      5.26672071	     -3.97855839	     -1.10937005	      2.18571714	     -0.00851592	     -0.00709934	      0.00512710	      0.00000000	      0.00000000	      0.00000000	     -0.01739800	      0.02426615	      0.00980566	      0.00000000	      0.00000000	      0.00000000	      0.02213464	      0.00608819	     -0.01735653	    211.77526518	      7.82058176	    -79.73146543	     45.93853060	      0.00000000	      0.00000000	      0.00000000	      0.00000000	   -206.06386197	     14.63283955	     76.88812482	     39.93733104	      0.00000000	      0.00000000	      0.00000000	      0.00000000	     -8.62245445	     -6.87961605	    -10.04138612	      4.50260788	      4.24745736	     -2.32681959	      0.00000000	     -5.78476384	      0.33364379	      0.00000000	     -9.69416099	     -6.85866239	    -13.86124484	      6.41423221	      1.59697538	     -2.47340417	      0.00000000	      4.86053526	     14.58970628	      0.00000000
      5.23333333	     -3.69477550	     -0.13870834	    181.96619407	     -0.09137933	      0.01096470	     -0.45689530	     -4.00676623	      0.41075082	      5.68040426	     -4.28038218	     -1.35108958	      2.11817098	     -0.00746791	     -0.00563554	      0.00452097	      0.00000000	      0.00000000	      0.00000000	     -0.01872764	      0.02480663	      0.00798153	      0.00000000	      0.00000000	      0.00000000	      0.02094597	      0.00694363	     -0.01871730	    212.59192504	      7.30540999	    -77.96703623	     46.99021045	      0.00000000	      0.00000000	      0.00000000	      0.00000000	   -205.78324596	     15.85817653	     77.46063405	     39.52221174	      0.00000000	      0.00000000	      0.00000000	      0.00000000	     -8.73597267	     -6.75283865	    -10.10837753	      4.58909169	      4.54692457	     -2.58148659	      0.00000000	     -5.69829259	      0.33532899	      0.00000000	     -9.86764411	     -6.88369564	    -14.69425953	      6.33147243	      2.25376857	     -2.28540322	      0.00000000	      5.11153566	     14.47534212	      0.00000000
      5.26666667	     -3.74835868	     -0.19576241	    181.82986364	     -0.09186640	      0.01116876	     -0.45635864	     -4.00006420	      0.42313604	      5.65276775	     -4.26460878	     -1.39493217	      2.02424451	     -0.00628283	     -0.00392651	      0.00220376	      0.00000000	      0.00000000	      0.00000000	     -0.01820209	      0.02402229	      0.00834868	      0.00000000	      0.00000000	      0.00000000	      0.01912957	      0.00751679	     -0.02121717	    212.61272171	      7.46178062	    -77.85014455	     47.20890085	      0.00000000	      0.00000000	      0.00000000	      0.00000000	   -205.68311382	     16.40456732	     77.10149314	     39.52536967	      0.00000000	      0.00000000	      0.00000000	      0.00000000	     -8.74868395	     -6.76167109	    -10.05101070	      4.62014999	      4.61120753	     -2.81395870	      0.00000000	     -5.61521375	      0.35815424	      0.00000000	     -9.94063826	     -6.78926728	    -14.82765573	      6.21929988	      2.21853079	     -2.22031676	      0.00000000	      5.24126069	     14.44814258	      0.00000000
      5.30000000	     -3.79468950	     -0.18796475	    181.12885750	     -0.09243047	      0.01119499	     -0.45619443	     -4.03457797	      0.43758355	      6.33694879	     -4.46562275	     -1.59339685	      1.03071098	     -0.00566604	     -0.00146863	     -0.00037328	      0.00000000	      0.00000000	      0.00000000	     -0.01818891	      0.02535545	      0.00738500	      0.00000000	      0.00000000	      0.00000000	      0.02021864	      0.00742935	     -0.02305973	    213.40672673	      8.30117098	    -78.90813006	     48.09755164	      0.00000000	      0.00000000	      0.00000000	      0.00000000	   -205.39835550	     15.87588711	     75.30614032	     39.39156091	      0.00000000	      0.00000000	      0.00000000	      0.00000000	     -8.44986355	     -6.71406471	     -9.45417844	      4.23072180	      5.13702204	     -3.28853876	      0.00000000	     -4.94058383	      0.99827985	      0.00000000	    -10.26835213	     -6.75450397	    -15.67219456	      6.32145351	      2.09303225	     -1.95913823	      0.00000000	      5.46370398	     14.63177274	      0.00000000
      5.33333333	     -3.94734055	     -0.20530101	    180.69338909	     -0.09235374	      0.01131976	     -0.45578102	     -4.33344158	      0.44091209	      6.53089426	     -4.30671607	     -1.23867412	      0.49252728	     -0.00463694	     -0.00012653	     -0.00285665	      0.00000000	      0.00000000	      0.00000000	     -0.01775525	      0.02522073	      0.00827691	      0.00000000	      0.00000000	      0.00000000	      0.02109584	      0.00769980	     -0.02303958	    213.34525407	      9.41514203	    -80.00924718	     47.74395055	      0.00000000	      0.00000000	      0.00000000	      0.00000000	   -205.46653364	     14.87640298	     73.11912914	     39.64832660	      0.00000000	      0.00000000	      0.00000000	      0.00000000	     -8.21078180	     -6.72915749	     -9.05251253	      3.66506932	      5.45412487	     -3.60312336	      0.00000000	     -4.78133303	      1.68697317	      0.00000000	    -10.49882986	     -6.64863512	    -16.15877680	      6.28722830	      1.87290526	     -1.85679553	      0.00000000	      5.48190643	     14.61633409	      0.00000000
      5.36666667	     -4.09536985	     -0.26073988	    180.71338291	     -0.09177415	      0.01147179	     -0.45521435	     -4.68034711	      0.44576678	      6.45451958	     -4.27088431	     -1.15790461	      0.46856145	     -0.00356269	      0.00007259	     -0.00298546	      0.00000000	      0.00000000	      0.00000000	     -0.01813321	      0.02536337	      0.00782935	      0.00000000	      0.00000000	      0.00000000	      0.02100840	      0.00797674	     -0.02261345	    213.48903790	      9.93247298	    -79.66652344	     47.57548810	      0.00000000	      0.00000000	      0.00000000	      0.00000000	   -205.48852324	     14.89213700	     72.84165003	     39.67735503	      0.00000000	      0.00000000	      0.00000000	      0.00000000	     -8.05344918	     -6.79684926	     -9.02530981	      3.10425202	      5.47494233	     -3.66166112	      0.00000000	     -5.12264846	      1.80650611	      0.00000000	    -10.47390868	     -6.58243659	    -16.19833877	      6.04064376	      1.77844764	     -1.81420917	      0.00000000	      5.41455139	     14.53203061	      0.00000000
      5.40000000	     -4.27793034	     -0.27367364	    180.61136138	     -0.09043460	      0.01165043	     -0.45456424	     -5.15847243	      0.47656120	      6.26843880	     -4.18225850	     -0.96890051	      0.43493804	     -0.00267867	     -0.00127434	     -0.00219344	      0.00000000	      0.00000000	      0.00000000	     -0.01846458	      0.02561132	      0.00710589	      0.00000000	      0.00000000	      0.00000000	      0.02055003	      0.00775877	     -0.02225440	    213.63017506	     10.38564412	    -79.19126700	     47.38230689	      0.00000000	      0.00000000	      0.00000000	      0.00000000	   -205.49149595	     14.87179505	     72.59302879	     39.76160997	      0.00000000	      0.00000000	      0.00000000	      0.00000000	     -7.80864306	     -6.89101333	     -9.00597728	      2.48890678	      5.49325189	     -3.62335977	      0.00000000	     -5.47590239	      1.90734890	      0.00000000	    -10.46411750	     -6.54721664	    -16.15139701	      5.73952051	      1.66902862	     -1.83771182	      0.00000000	      5.36898491	     14.36948008	      0.00000000
      5.43333333	     -4.68174946	     -0.42505061	    180.88875043	     -0.08788832	      0.01179811	     -0.45380457	     -6.14236413	      0.37211488	      5.77592235	     -2.99483059	      0.23797658	     -0.03297788	     -0.00157999	     -0.00487179	     -0.00318786	      0.00000000	      0.00000000	      0.00000000	     -0.01690978	      0.02561000	      0.00651068	      0.00000000	      0.00000000	      0.00000000	      0.02080290	      0.00831234	     -0.02059465	    213.58617671	      9.82832901	    -78.36803264	     47.20078202	      0.00000000	      0.00000000	      0.00000000	      0.00000000	   -205.85355026	     14.33898242	     72.02643041	     40.59137150	      0.00000000	      0.00000000	      0.00000000	      0.00000000	     -7.83200121	     -7.15842251	     -9.16881086	      1.92173873	      5.25207554	     -3.44269565	      0.00000000	     -5.32228521	      1.79193793	      0.00000000	    -10.42125605	     -6.40227542	    -14.44154937	      5.17287089	      1.50151401	     -2.10170962	      0.00000000	      5.41722432	     12.95489169	      0.00000000
      5.46666667	     -4.83114630	     -0.42908114	    181.32983413	     -0.08401115	      0.01195314	     -0.45309920	     -7.09298805	      0.45467245	      5.26799832	     -2.83265533	      0.05597083	     -0.30784251	     -0.00442872	     -0.00738176	     -0.00077989	      0.00000000	      0.00000000	      0.00000000	     -0.01641050	      0.02609333	      0.00574393	      0.00000000	      0.00000000	      0.00000000	      0.02033852	      0.00859568	     -0.01940380	    213.82655877	      9.53432369	    -78.66765688	     47.56848900	      0.00000000	      0.00000000	      0.00000000	      0.00000000	   -205.85383259	     14.18858824	     72.53488052	     40.91306918	      0.00000000	      0.00000000	      0.00000000	      0.00000000	     -7.35007132	     -7.31803986	     -9.35690800	      0.97973687	      4.86706591	     -3.18360518	      0.00000000	     -4.91474206	      1.60802901	      0.00000000	    -10.03215755	     -6.30178097	    -14.06747503	      4.78412986	      1.95897150	     -2.53356141	      0.00000000	      5.39219128	     13.16775828	      0.00000000
      5.50000000	     -4.92353621	     -0.75875879	    182.50411145	     -0.07914110	      0.01184359	     -0.45220270	     -8.18132910	      0.18568517	      3.91840142	     -1.73434594	     -0.74014648	     -1.05431684	     -0.00671087	     -0.01038552	      0.00280616	      0.00000000	      0.00000000	      0.00000000	     -0.01673838	      0.02549562	      0.00437125	      0.00000000	      0.00000000	      0.00000000	      0.01897747	      0.01049238	     -0.01684384	    214.78523885	      9.04245313	    -78.34314910	     48.74185982	      0.00000000	      0.00000000	      0.00000000	      0.00000000	   -206.27112174	     14.31835863	     73.73551897	     42.06805043	      0.00000000	      0.00000000	      0.00000000	      0.00000000	     -6.95742558	     -7.80887288	     -9.50685220	     -0.04677778	      3.93329504	     -2.90816453	      0.00000000	     -4.16126958	      1.57798474	      0.00000000	     -9.06252864	     -5.76098674	    -13.98948951	      3.91081611	      3.22023561	     -3.36771470	      0.00000000	      5.66381588	     14.17003048	      0.00000000
      5.53333333	     -5.03147083	     -0.89240168	    183.44899909	     -0.07296624	      0.01170141	     -0.45169697	     -9.67770405	      0.13210237	      3.04379418	     -0.81824755	     -1.57872698	     -1.48577556	     -0.01130380	     -0.01214673	      0.00599998	      0.00000000	      0.00000000	      0.00000000	     -0.01908010	      0.02115181	      0.00210286	      0.00000000	      0.00000000	      0.00000000	      0.01673650	      0.01182470	     -0.01419478	    215.56161042	      7.57265587	    -75.91368969	     49.02774325	      0.00000000	      0.00000000	      0.00000000	      0.00000000	   -206.92248637	     14.67688121	     75.85810048	     43.33169942	      0.00000000	      0.00000000	      0.00000000	      0.00000000	     -6.02434134	     -7.94438777	     -9.44619211	     -1.77872113	      2.43652205	     -3.04356044	      0.00000000	     -3.81682437	      1.92292128	      0.00000000	     -8.04730649	     -5.30900013	    -15.56559272	      3.18108450	      4.90963888	     -4.20481102	      0.00000000	      5.55858816	     15.84626708	      0.00000000
      5.56666667	     -5.42107409	     -1.04615607	    183.79617676	     -0.06617883	      0.01123429	     -0.45152768	    -11.73586796	      0.06116499	      2.82234660	     -0.31555517	     -2.11596855	     -1.66323251	     -0.01635783	     -0.01220683	      0.00720487	      0.00000000	      0.00000000	      0.00000000	     -0.02354803	      0.01525889	     -0.00045298	      0.00000000	      0.00000000	      0.00000000	      0.01486536	      0.01201312	     -0.01307176	    215.69113685	      6.41234956	    -72.76487001	     47.63267840	      0.00000000	      0.00000000	      0.00000000	      0.00000000	   -207.63034759	     14.99239046	     78.54093221	     44.69422910	      0.00000000	      0.00000000	      0.00000000	      0.00000000	     -4.83310225	     -8.01049842	     -8.80081008	     -4.06181450	      0.99496580	     -3.47441742	      0.00000000	     -3.14141071	      2.20099590	      0.00000000	     -7.19406147	     -4.85724484	    -18.18957100	      2.05018255	      6.94444994	     -4.98473282	      0.00000000	      5.85216596	     17.13608364	      0.00000000
      5.60000000	     -6.11551971	     -1.02516153	    183.19736773	     -0.05931852	      0.01031191	     -0.45274692	    -14.20518153	     -0.10926888	      3.58453887	     -0.30473844	     -2.02110728	     -1.82171593	     -0.01994760	     -0.01091477	      0.00659632	      0.00000000	      0.00000000	      0.00000000	     -0.02886946	      0.01272199	     -0.00159227	      0.00000000	      0.00000000	      0.00000000	      0.01583411	      0.01217800	     -0.01165398	    215.65768381	      7.12986414	    -72.43293358	     45.63575181	      0.00000000	      0.00000000	      0.00000000	      0.00000000	   -208.00111720	     14.81441960	     80.67404057	     45.53760608	      0.00000000	      0.00000000	      0.00000000	      0.00000000	     -3.42221160	     -7.67171724	     -7.72335058	     -6.67843985	      0.09065091	     -4.21662322	      0.00000000	     -2.06664710	      2.46884468	      0.00000000	     -6.56195118	     -5.07068840	    -20.63090308	      0.20894558	      8.40123577	     -4.98473282	      0.00000000	      6.87029818	     16.58389197	      0.00000000
      5.63333333	     -6.83764242	     -0.99727286	    182.48412086	     -0.05239993	      0.00869953	     -0.45474128	    -16.66106955	     -0.43626685	      4.47888561	     -0.56474523	     -1.78485623	     -1.88205252	     -0.02070936	     -0.00918146	      0.00566616	      0.00000000	      0.00000000	      0.00000000	     -0.03144727	      0.01616806	     -0.00096728	      0.00000000	      0.00000000	      0.00000000	      0.02242741	      0.01330637	     -0.00832874	    215.81508225	      9.01543894	    -75.24225465	     44.80549992	      0.00000000	      0.00000000	      0.00000000	      0.00000000	   -207.77932220	     14.06788830	     81.95971950	     45.31368412	      0.00000000	      0.00000000	      0.00000000	      0.00000000	     -1.99307203	     -7.30673942	     -6.91490081	     -9.37914856	     -0.22111802	     -4.82031129	      0.00000000	     -0.43822562	      2.64788168	      0.00000000	     -5.34334563	     -5.64483228	    -21.09536972	     -3.05545724	      8.86350559	     -4.98473282	      0.00000000	      8.64865202	     15.17213062	      0.00000000
      5.66666667	     -7.25501636	     -0.72924536	    181.81558100	     -0.04486113	      0.00521089	     -0.45703301	    -18.74754910	     -0.56459017	      5.11171652	     -0.62485044	     -1.53628228	     -1.96137662	     -0.01893550	     -0.00816528	      0.00491689	      0.00000000	      0.00000000	      0.00000000	     -0.03258460	      0.02355831	      0.00142479	      0.00000000	      0.00000000	      0.00000000	      0.02999196	      0.01575619	     -0.00373782	    216.00927059	     11.69217284	    -80.05647197	     45.46828455	      0.00000000	      0.00000000	      0.00000000	      0.00000000	   -207.16239408	     13.75241843	     83.26341249	     44.12207369	      0.00000000	      0.00000000	      0.00000000	      0.00000000	     -0.15171706	     -6.91751667	     -5.91531501	    -12.56955076	     -0.23031661	     -4.98473282	      0.00000000	      1.86116154	      2.76788813	      0.00000000	     -2.94064513	     -6.71502206	    -18.85597164	     -8.19520383	      8.06510063	     -4.98473282	      0.00000000	     11.32800756	     12.89320679	      0.00000000
      5.70000000	     -4.40965908	     -0.30653417	    183.50978227	     -0.03417959	     -0.00113690	     -0.45822882	    -17.31575313	      0.20935195	      3.38920475	     -0.48004032	     -1.42267349	     -1.92775799	     -0.01554824	     -0.00947168	      0.00403467	      0.00000000	      0.00000000	      0.00000000	     -0.03090586	      0.02832907	      0.00253653	      0.00000000	      0.00000000	      0.00000000	      0.03787952	      0.01641104	      0.00030243	    215.99537876	     13.06099662	    -82.22939754	     46.51630480	      0.00000000	      0.00000000	      0.00000000	      0.00000000	   -207.07945180	     13.63234183	     84.11896644	     43.53015791	      0.00000000	      0.00000000	      0.00000000	      0.00000000	      5.10601759	     -6.92941107	     -6.66811419	    -16.66831404	     -0.39434412	     -4.98473282	      0.00000000	      4.89711789	      3.38297726	      0.00000000	      5.21403653	     -7.38670596	     -9.84085577	    -16.49014545	      4.53471505	     -4.98473282	      0.00000000	     14.47630914	     10.19768818	      0.00000000
      5.73333333	     -5.03818637	      0.61322320	    183.74078730	     -0.02619498	     -0.00935777	     -0.46042214	    -19.67890893	      1.15540241	      3.29732209	      1.61081287	     -1.63087047	     -2.85812332	     -0.01209387	     -0.01287684	      0.00383958	      0.00000000	      0.00000000	      0.00000000	     -0.03096726	      0.02927489	      0.00229526	      0.00000000	      0.00000000	      0.00000000	      0.03776239	      0.01555553	     -0.00024955	    215.75772077	     12.62967402	    -82.09066850	     46.51975854	      0.00000000	      0.00000000	      0.00000000	      0.00000000	   -206.76207474	     13.89107546	     85.54688723	     43.58017463	      0.00000000	      0.00000000	      0.00000000	      0.00000000	      6.85799652	     -6.28732813	     -7.18383603	    -20.62510169	      0.31605673	     -4.98473282	      0.00000000	      7.31033639	      3.48455594	      0.00000000	      8.29013082	     -9.12029952	     -9.00111706	    -22.85998431	      4.66082286	     -4.98473282	      0.00000000	     17.67810049	     11.48342237	      0.00000000
      5.76666667	     -3.87899960	      1.69784997	    184.51505345	     -0.01587522	     -0.02089792	     -0.46248528	    -20.47613898	      2.20961845	      2.38838392	      4.21060966	     -1.23828760	     -4.45544224	     -0.01121402	     -0.01814494	      0.00349669	      0.00000000	      0.00000000	      0.00000000	     -0.02906170	      0.02625939	      0.00140733	      0.00000000	      0.00000000	      0.00000000	      0.02906039	      0.01294502	     -0.00274167	    215.47673424	     10.61390124	    -80.28759167	     45.96702342	      0.00000000	      0.00000000	      0.00000000	      0.00000000	   -206.78269816	     13.34676844	     85.20525605	     44.43854100	      0.00000000	      0.00000000	      0.00000000	      0.00000000	     11.23477698	     -5.77187437	     -7.94565370	    -25.79808858	      0.67595822	     -4.98473282	      0.00000000	     10.08539546	      3.02165057	      0.00000000	     14.14714182	    -10.60188880	     -7.06119892	    -30.00721984	      3.34902664	     -4.98473282	      0.00000000	     20.80385018	     13.48964224	      0.00000000
      5.80000000	      0.46151164	      3.12135187	    184.75851585	     -0.00322290	     -0.03693718	     -0.46343693	    -18.02364369	      3.52303112	      1.82142205	      7.48761524	     -0.67533264	     -4.94343302	     -0.01015341	     -0.02431049	      0.00256357	      0.00000000	      0.00000000	      0.00000000	     -0.02994879	      0.02549711	      0.00061450	      0.00000000	      0.00000000	      0.00000000	      0.02020471	      0.00888756	     -0.00768357	    215.21581155	      9.89729765	    -80.52578805	     46.34560044	      0.00000000	      0.00000000	      0.00000000	      0.00000000	   -206.59318457	     11.56000981	     83.07498281	     44.43332339	      0.00000000	      0.00000000	      0.00000000	      0.00000000	     20.23786182	     -5.44765390	     -8.46635322	    -32.70447184	     -0.10581799	     -4.98473282	      0.00000000	     13.31470647	      4.42298843	      0.00000000	     24.07105927	    -11.99846919	     -5.67849347	    -37.84042655	      0.72736119	     -4.98473282	      0.00000000	     24.86535388	     16.84907026	      0.00000000
      5.83333333	      6.54895313	      4.10293641	    184.16144291	      0.00996868	     -0.05690321	     -0.46385468	    -13.92652362	      3.98317793	      1.43975987	     11.14960640	      0.35324006	     -4.86841411	     -0.00912160	     -0.02936530	      0.00233913	      0.00000000	      0.00000000	      0.00000000	     -0.02814738	      0.02481747	      0.00286006	      0.00000000	      0.00000000	      0.00000000	      0.01321798	      0.00918475	     -0.00993192	    214.83245952	      9.46872763	    -82.39438540	     47.30302859	      0.00000000	      0.00000000	      0.00000000	      0.00000000	   -206.08284567	      9.14583285	     80.67063200	     43.79744108	      0.00000000	      0.00000000	      0.00000000	      0.00000000	     31.79554785	     -5.67235639	     -8.39039935	    -40.39898438	     -2.79967378	     -4.98473282	      0.00000000	     17.20811262	      8.91378503	      0.00000000	     35.76891141	    -12.80911235	     -4.59314613	    -45.58433827	     -1.52992769	     -4.98473282	      0.00000000	     27.92213657	     18.88061558	      0.00000000
      5.86666667	     12.35922069	      3.98864314	    183.10939478	      0.02132023	     -0.07922397	     -0.46276813	    -10.13599334	      3.35686992	      1.19059946	     14.63879897	      1.50284742	     -3.66444493	     -0.00723751	     -0.03277596	      0.00288722	      0.00000000	      0.00000000	      0.00000000	     -0.02469662	      0.02336434	      0.00634873	      0.00000000	      0.00000000	      0.00000000	      0.00960960	      0.01278453	     -0.00863164	    214.34784971	      9.35479910	    -84.94664010	     48.02416043	      0.00000000	      0.00000000	      0.00000000	      0.00000000	   -205.83261026	      6.96734061	     79.25022385	     43.64070489	      0.00000000	      0.00000000	      0.00000000	      0.00000000	     42.99392096	     -6.74968730	     -7.67523408	    -47.85046147	     -5.59121293	     -4.98473282	      0.00000000	     21.19270255	     14.42118707	      0.00000000	     46.25211041	    -12.56907385	     -3.65866181	    -52.29310279	     -4.19321158	     -4.98473282	      0.00000000	     30.56173025	     20.34259155	      0.00000000
      5.90000000	     15.98531462	      3.46226614	    182.44271652	      0.03025139	     -0.10203170	     -0.46121512	     -8.65069265	      2.58647568	      0.86956161	     17.34938906	      2.12602908	     -1.53033579	     -0.00557911	     -0.03511375	      0.00422690	      0.00000000	      0.00000000	      0.00000000	     -0.02151942	      0.02048907	      0.00849292	      0.00000000	      0.00000000	      0.00000000	      0.00707035	      0.01523376	     -0.00518862	    213.66859490	      8.96060017	    -86.60455427	     47.44494441	      0.00000000	      0.00000000	      0.00000000	      0.00000000	   -206.39701653	      5.24492951	     78.70406898	     45.26920932	      0.00000000	      0.00000000	      0.00000000	      0.00000000	     51.25915339	     -7.94130026	     -6.66003627	    -54.29667743	     -7.83708055	     -4.98473282	      0.00000000	     24.54898505	     18.88594911	      0.00000000	     53.91079715	    -11.99601290	     -2.63211620	    -58.32498632	     -6.98609790	     -4.98473282	      0.00000000	     32.60089669	     22.19992931	      0.00000000
      5.93333333	     17.91628067	      3.25963480	    182.04656902	      0.03765502	     -0.12469568	     -0.46001889	     -9.06351000	      2.18165745	      0.20768515	     19.44527518	      2.21163628	      0.74693352	     -0.00491033	     -0.03720378	      0.00705549	      0.00000000	      0.00000000	      0.00000000	     -0.01749895	      0.01777100	      0.00938139	      0.00000000	      0.00000000	      0.00000000	      0.00123781	      0.01375801	     -0.00119397	    212.89865635	      8.09144067	    -87.66840486	     45.84148619	      0.00000000	      0.00000000	      0.00000000	      0.00000000	   -207.45845632	      3.44132425	     77.50014392	     48.42429361	      0.00000000	      0.00000000	      0.00000000	      0.00000000	     57.25344173	     -8.75535902	     -5.94831083	    -60.05762159	     -8.95035803	     -4.98473282	      0.00000000	     26.58994657	     21.14568885	      0.00000000	     59.63401502	    -11.88051823	     -1.66891608	    -64.00041400	     -9.04344339	     -4.98473282	      0.00000000	     34.60209255	     24.11337470	      0.00000000
      5.96666667	     17.89560428	      3.25196074	    181.97278490	      0.04365215	     -0.14680441	     -0.45947367	    -11.42196015	      2.24952274	      0.40806376	     20.72009182	      1.75078681	      1.55849964	     -0.00419901	     -0.03941109	      0.00727817	      0.00000000	      0.00000000	      0.00000000	     -0.01981100	      0.01889629	      0.00738693	      0.00000000	      0.00000000	      0.00000000	     -0.00086754	      0.00762652	      0.00000716	    212.38252893	      7.61782886	    -88.66404881	     44.80959178	      0.00000000	      0.00000000	      0.00000000	      0.00000000	   -208.25015385	      2.19216745	     76.82515103	     50.74106631	      0.00000000	      0.00000000	      0.00000000	      0.00000000	     60.66200011	     -9.38957176	     -5.41034154	    -65.27190428	     -8.89904101	     -4.98473282	      0.00000000	     28.29326733	     21.64853613	      0.00000000	     63.23182315	    -12.29425699	     -1.26302009	    -69.56265147	     -9.10907332	     -4.98473282	      0.00000000	     36.36047120	     24.98095987	      0.00000000
      6.00000000	     22.44320337	      3.71320493	    181.74002451	      0.05113273	     -0.17107794	     -0.45823519	     -8.19864293	      2.99119302	     -0.14440697	     20.14763881	     -0.25467482	      4.51471488	     -0.00332977	     -0.04099694	      0.01248862	      0.00000000	      0.00000000	      0.00000000	     -0.01915150	      0.02096199	      0.00915620	      0.00000000	      0.00000000	      0.00000000	     -0.00558374	      0.00367547	      0.00307451	    210.66487510	      8.99521520	    -91.50064660	     43.95377302	      0.00000000	      0.00000000	      0.00000000	      0.00000000	   -210.06613149	      2.64369294	     76.62066121	     52.50214467	      0.00000000	      0.00000000	      0.00000000	      0.00000000	     69.22267219	    -10.06384133	     -5.39913067	    -70.58432485	     -9.32199177	     -4.98473282	      0.00000000	     28.50225732	     21.58438436	      0.00000000	     72.24171078	    -12.57721975	     -0.39273396	    -75.34907860	     -8.74641981	     -4.98473282	      0.00000000	     36.63225990	     24.46291201	      0.00000000
      6.03333333	     24.17983276	      3.53573325	    181.84250497	      0.05777038	     -0.19368411	     -0.45657335	     -8.35370706	      3.34037348	      0.11710302	     20.76942849	     -2.14539869	      4.36341615	     -0.00249966	     -0.04265585	      0.01368989	      0.00000000	      0.00000000	      0.00000000	     -0.02208906	      0.02241466	      0.00999833	      0.00000000	      0.00000000	      0.00000000	     -0.00822204	      0.00093033	      0.00138956	    209.84428818	      8.85116186	    -92.93725148	     45.23100895	      0.00000000	      0.00000000	      0.00000000	      0.00000000	   -209.95514880	      4.58209597	     80.35320158	     50.95327646	      0.00000000	      0.00000000	      0.00000000	      0.00000000	     74.65616019	    -11.29609843	     -4.99709866	    -75.54959468	     -8.72340268	     -4.98473282	      0.00000000	     29.09868314	     21.75747132	      0.00000000	     77.85480764	    -12.63570503	     -0.36180004	    -80.47195574	     -8.68154306	     -4.98473282	      0.00000000	     36.84958663	     24.49463418	      0.00000000
      6.06666667	     27.51351880	      2.79143766	    181.88275606	      0.06428310	     -0.21694272	     -0.45522106	     -6.35916887	      2.78015238	      0.28510605	     19.36982081	     -3.08679082	      3.99946370	     -0.00426689	     -0.04283990	      0.01563683	      0.00000000	      0.00000000	      0.00000000	     -0.02065083	      0.01956598	      0.00941308	      0.00000000	      0.00000000	      0.00000000	     -0.00850021	      0.00267068	      0.00093942	    210.70043370	      7.51668034	    -91.81876032	     47.53910064	      0.00000000	      0.00000000	      0.00000000	      0.00000000	   -209.35076984	      6.82110714	     83.97855740	     49.32003071	      0.00000000	      0.00000000	      0.00000000	      0.00000000	     82.09941525	    -12.78582909	     -4.08912869	    -80.56711507	     -7.46577091	     -4.98473282	      0.00000000	     29.29701611	     22.05116942	      0.00000000	     84.84986143	    -12.69117557	     -1.16610607	    -85.20672603	     -7.84682746	     -4.98473282	      0.00000000	     36.94789706	     23.71092270	      0.00000000
      6.10000000	     29.73983096	      1.78212441	    182.26801638	      0.07003179	     -0.23969216	     -0.45322881	     -5.47755887	      2.08608338	      0.19006642	     18.68803109	     -2.91878963	      2.88233206	     -0.00435029	     -0.04211443	      0.01413877	      0.00000000	      0.00000000	      0.00000000	     -0.02031605	      0.01523188	      0.00746437	      0.00000000	      0.00000000	      0.00000000	     -0.00739186	      0.00410841	     -0.00050277	    212.04052419	      5.93013805	    -89.93307777	     50.00368354	      0.00000000	      0.00000000	      0.00000000	      0.00000000	   -208.83479954	      7.80398780	     85.47993930	     48.26585802	      0.00000000	      0.00000000	      0.00000000	      0.00000000	     88.38845178	    -14.39486289	     -2.66615204	    -85.51278270	     -5.75403235	     -4.98473282	      0.00000000	     29.63455912	     22.60919555	      0.00000000	     90.22706846	    -12.31880754	     -2.22202295	    -89.31352434	     -7.68738850	     -4.98473282	      0.00000000	     37.78841175	     23.00330494	      0.00000000
      6.13333333	     31.04306056	      0.97498518	    182.47684988	      0.07492594	     -0.26190014	     -0.45149191	     -5.40521928	      1.49147031	      0.07651845	     18.61734286	     -2.22131254	      1.58515268	     -0.00275095	     -0.04071602	      0.01185678	      0.00000000	      0.00000000	      0.00000000	     -0.02039988	      0.01134342	      0.00615784	      0.00000000	      0.00000000	      0.00000000	     -0.00476060	      0.00474847	      0.00114617	    212.95298751	      4.86507618	    -88.21179286	     51.18111686	      0.00000000	      0.00000000	      0.00000000	      0.00000000	   -209.48978490	      6.43183018	     82.55811523	     49.05604051	      0.00000000	      0.00000000	      0.00000000	      0.00000000	     93.53351594	    -15.39023186	     -1.26028413	    -90.14283025	     -4.50505930	     -4.98473282	      0.00000000	     29.94890746	     22.98654502	      0.00000000	     94.38811929	    -12.05739699	     -2.81210891	    -93.15677074	     -8.05891650	     -4.98473282	      0.00000000	     39.02257097	     22.71936211	      0.00000000
      6.16666667	     32.29444565	      0.33410092	    182.47504105	      0.07938116	     -0.28368056	     -0.45049016	     -5.05287907	      0.82516832	      0.13599316	     18.77608601	     -1.42261544	      0.30590085	      0.00049369	     -0.03876892	      0.00974320	      0.00000000	      0.00000000	      0.00000000	     -0.02141113	      0.00917029	      0.00684852	      0.00000000	      0.00000000	      0.00000000	     -0.00123528	      0.00480092	      0.00438595	    212.83850694	      5.14629315	    -87.49039347	     50.26761014	      0.00000000	      0.00000000	      0.00000000	      0.00000000	   -210.27372496	      4.37809209	     78.31878024	     50.43213846	      0.00000000	      0.00000000	      0.00000000	      0.00000000	     98.51419702	    -15.85048963	      0.04822729	    -94.33274050	     -4.02042466	     -4.98473282	      0.00000000	     29.98931465	     22.82811368	      0.00000000	     98.43704059	    -12.16089395	     -3.18047165	    -96.97670611	     -8.29071091	     -4.98473282	      0.00000000	     39.61593599	     22.47146304	      0.00000000
      6.20000000	     33.40972953	      0.11493654	    182.24325875	      0.08364309	     -0.30439520	     -0.45008070	     -4.60621993	      0.53668769	      0.31695790	     19.65995035	     -1.22644034	     -0.65036247	      0.00539048	     -0.03750544	      0.00812263	      0.00000000	      0.00000000	      0.00000000	     -0.02179898	      0.00925653	      0.00809159	      0.00000000	      0.00000000	      0.00000000	      0.00118794	      0.00461385	      0.00674866	    212.06412249	      6.13903108	    -87.30195087	     48.45470371	      0.00000000	      0.00000000	      0.00000000	      0.00000000	   -210.41515257	      3.36769628	     75.83756865	     50.74212367	      0.00000000	      0.00000000	      0.00000000	      0.00000000	    102.95045661	    -15.83929493	      0.95011061	    -97.87365535	     -4.33514810	     -4.98473282	      0.00000000	     30.46504972	     22.50969726	      0.00000000	    102.41481998	    -12.54124630	     -2.88368068	   -100.64378797	     -8.01025242	     -4.98473282	      0.00000000	     39.21226474	     22.11220118	      0.00000000
      6.23333333	     32.88636421	      0.13670044	    182.09247651	      0.08741700	     -0.32307587	     -0.45008716	     -5.86456278	      0.49540211	      0.26977284	     20.21276801	     -1.44750762	     -0.81571939	      0.00888629	     -0.03648006	      0.00788082	      0.00000000	      0.00000000	      0.00000000	     -0.02003359	      0.01146344	      0.00809407	      0.00000000	      0.00000000	      0.00000000	      0.00240963	      0.00690932	      0.00906428	    212.00526548	      6.84120463	    -87.09082861	     47.99535786	      0.00000000	      0.00000000	      0.00000000	      0.00000000	   -209.97479326	      4.01307136	     75.97682598	     50.06116459	      0.00000000	      0.00000000	      0.00000000	      0.00000000	    105.20579371	    -15.83094230	      1.52811508	   -100.88401251	     -5.17784398	     -4.98473282	      0.00000000	     31.22848563	     22.13263729	      0.00000000	    104.71976369	    -12.94601012	     -2.31012731	   -104.01938232	     -7.83727342	     -4.98473282	      0.00000000	     38.20151362	     22.37141407	      0.00000000
      6.26666667	     35.34032865	      0.57654369	    181.22160499	      0.09130277	     -0.34024500	     -0.45159592	     -3.45905365	      0.57938729	      1.20052099	     21.53900765	     -2.59901588	     -1.55708451	      0.01555743	     -0.03699150	      0.00910221	      0.00000000	      0.00000000	      0.00000000	     -0.01855534	      0.01046781	      0.00900976	      0.00000000	      0.00000000	      0.00000000	      0.00314768	      0.00600806	      0.00556114	    212.03568232	      7.96501866	    -87.18119994	     47.67877164	      0.00000000	      0.00000000	      0.00000000	      0.00000000	   -206.91109978	      7.19155367	     78.67464899	     45.92616237	      0.00000000	      0.00000000	      0.00000000	      0.00000000	    109.90305664	    -14.84688539	      1.39518870	   -102.92143530	     -6.47254806	     -4.98473282	      0.00000000	     31.13916546	     22.44373479	      0.00000000	    110.13660110	    -14.26163095	     -1.41408159	   -106.69775619	     -7.82143769	     -4.98473282	      0.00000000	     37.52057986	     22.57477414	      0.00000000
      6.30000000	     36.20115105	      0.81261485	    180.54795225	      0.09478680	     -0.35417489	     -0.45326486	     -3.00234357	      0.39879077	      2.06187819	     22.38703623	     -3.26144343	     -1.47839432	      0.01875433	     -0.03766259	      0.01136337	      0.00000000	      0.00000000	      0.00000000	     -0.01684492	      0.00936947	      0.00894896	      0.00000000	      0.00000000	      0.00000000	      0.00425950	      0.00744814	      0.00469211	    212.94993716	      8.33428957	    -87.75904713	     48.64845995	      0.00000000	      0.00000000	      0.00000000	      0.00000000	   -204.50641633	      9.37707050	     80.65562704	     43.54307638	      0.00000000	      0.00000000	      0.00000000	      0.00000000	    112.56763400	    -14.01692886	      1.47408459	   -104.79165549	     -6.90203125	     -4.98473282	      0.00000000	     30.70285665	     23.09592015	      0.00000000	    113.49459586	    -15.38822073	     -0.58403975	   -108.76864147	     -8.42622369	     -4.98473282	      0.00000000	     37.10853635	     23.96161421	      0.00000000
      6.33333333	     36.71747361	      0.91329142	    179.86942880	      0.09754276	     -0.36531632	     -0.45467346	     -2.77952118	      0.06635678	      2.67739885	     22.40508124	     -3.40604612	     -0.88056597	      0.02028855	     -0.03844707	      0.01389030	      0.00000000	      0.00000000	      0.00000000	     -0.01391411	      0.00848676	      0.00967885	      0.00000000	      0.00000000	      0.00000000	      0.00423865	      0.00847022	      0.00348461	    213.82622655	      8.79095493	    -88.28380921	     49.48960966	      0.00000000	      0.00000000	      0.00000000	      0.00000000	   -202.62861362	     11.09859127	     81.72592655	     42.65264041	      0.00000000	      0.00000000	      0.00000000	      0.00000000	    114.53017343	    -13.35752555	      1.45831718	   -106.33660226	     -6.76213254	     -4.98473282	      0.00000000	     30.18814665	     24.17567956	      0.00000000	    116.03880433	    -16.61254135	     -0.00112267	   -110.46361131	     -9.00906036	     -4.98473282	      0.00000000	     37.27163301	     24.98095987	      0.00000000
      6.36666667	     36.47855923	      0.96533449	    179.61667311	      0.09986651	     -0.37347268	     -0.45525047	     -3.43659251	     -0.26526957	      2.68392601	     22.35336282	     -3.21833944	     -0.28036558	      0.02016139	     -0.03909106	      0.01638487	      0.00000000	      0.00000000	      0.00000000	     -0.01149193	      0.00853259	      0.01134295	      0.00000000	      0.00000000	      0.00000000	      0.00407981	      0.00962656	      0.00358045	    214.36936561	      9.16272244	    -88.44820673	     49.48272139	      0.00000000	      0.00000000	      0.00000000	      0.00000000	   -201.57222116	     11.95849335	     81.96070716	     42.90115229	      0.00000000	      0.00000000	      0.00000000	      0.00000000	    115.51153173	    -13.34272282	      1.39139387	   -107.67740569	     -6.35859973	     -4.98473282	      0.00000000	     29.93126534	     24.98095987	      0.00000000	    117.28083868	    -17.26932104	      0.33972883	   -111.81039121	     -8.74565291	     -4.98473282	      0.00000000	     37.17931882	     24.98095987	      0.00000000
      6.40000000	     36.55789845	      0.70160070	    178.93197939	      0.10178127	     -0.37873203	     -0.45513020	     -3.63052331	     -0.77968960	      2.97621969	     21.94310736	     -2.41171723	      1.86066901	      0.01893474	     -0.03996088	      0.01878134	      0.00000000	      0.00000000	      0.00000000	     -0.01132395	      0.01081254	      0.01122797	      0.00000000	      0.00000000	      0.00000000	      0.00390105	      0.00928833	      0.00158820	    215.48304178	     10.29209213	    -89.04558201	     50.09982154	      0.00000000	      0.00000000	      0.00000000	      0.00000000	   -200.39859505	     13.06147271	     83.14284269	     42.34621848	      0.00000000	      0.00000000	      0.00000000	      0.00000000	    116.57813294	    -12.88829218	      1.16378787	   -108.43084274	     -6.23208147	     -4.98473282	      0.00000000	     29.59895437	     24.98095987	      0.00000000	    118.28181885	    -18.25260268	      0.55804029	   -112.78278469	     -8.36685261	     -4.98473282	      0.00000000	     36.98538683	     24.98095987	      0.00000000
      6.43333333	     36.43995598	      0.53345959	    178.74291216	      0.10344449	     -0.38101511	     -0.45393257	     -4.01783500	     -0.95930305	      2.76644673	     21.61311122	     -2.30390955	      3.40854662	      0.01699309	     -0.04121655	      0.02135496	      0.00000000	      0.00000000	      0.00000000	     -0.01276094	      0.01458216	      0.01022976	      0.00000000	      0.00000000	      0.00000000	      0.00511899	      0.00837094	      0.00017508	    216.85973423	     11.59593834	    -89.73564234	     51.24848939	      0.00000000	      0.00000000	      0.00000000	      0.00000000	   -199.59264944	     13.22346764	     82.82805774	     41.16702027	      0.00000000	      0.00000000	      0.00000000	      0.00000000	    117.06682961	    -13.04472866	      0.99100078	   -108.80322544	     -6.37315894	     -4.98473282	      0.00000000	     29.47851993	     24.98095987	      0.00000000	    118.41487876	    -18.43139218	      0.37853754	   -113.04093225	     -8.36267480	     -4.98473282	      0.00000000	     37.30196967	     24.98095987	      0.00000000
      6.46666667	     36.24848563	      0.20216727	    178.70217473	      0.10500198	     -0.38039202	     -0.45201286	     -4.48373226	     -1.08112151	      2.40897966	     21.61251764	     -2.66546889	      3.83640163	      0.01530402	     -0.04281050	      0.02223434	      0.00000000	      0.00000000	      0.00000000	     -0.01431810	      0.01802742	      0.00856027	      0.00000000	      0.00000000	      0.00000000	      0.00698130	      0.00654818	     -0.00078270	    217.89352658	     12.68964041	    -90.47412998	     52.37806505	      0.00000000	      0.00000000	      0.00000000	      0.00000000	   -199.16703075	     12.41226730	     80.88920435	     39.56564072	      0.00000000	      0.00000000	      0.00000000	      0.00000000	    117.15906833	    -13.30341622	      1.21217826	   -108.77947513	     -6.07964482	     -4.98473282	      0.00000000	     29.32921062	     24.98095987	      0.00000000	    117.85125378	    -18.23170418	     -0.08045278	   -112.73682350	     -8.45194747	     -4.98473282	      0.00000000	     37.90135898	     24.98095987	      0.00000000
      6.50000000	     36.17564713	     -0.18069780	    178.66631806	      0.10623284	     -0.37750049	     -0.45010141	     -4.69161641	     -1.12218470	      2.23662186	     21.75906799	     -3.17328267	      3.26072057	      0.01443248	     -0.04445450	      0.02139797	      0.00000000	      0.00000000	      0.00000000	     -0.01498376	      0.01981023	      0.00753148	      0.00000000	      0.00000000	      0.00000000	      0.00839116	      0.00551249	     -0.00152733	    218.08534238	     13.23458186	    -90.94631140	     52.82416526	      0.00000000	      0.00000000	      0.00000000	      0.00000000	   -199.36140681	     11.59235076	     78.87740817	     38.75576886	      0.00000000	      0.00000000	      0.00000000	      0.00000000	    117.01905157	    -13.50016654	      1.49027989	   -108.35975566	     -5.72441540	     -4.98473282	      0.00000000	     29.21988268	     24.88011038	      0.00000000	    117.06623911	    -17.92835838	     -0.59798153	   -112.07235527	     -8.85806510	     -4.98473282	      0.00000000	     38.54398143	     24.98095987	      0.00000000
      6.53333333	     36.26622579	     -0.56951338	    178.60035652	      0.10736915	     -0.37268991	     -0.44865668	     -4.67250056	     -1.09025012	      2.26023264	     21.88899032	     -3.79378357	      2.12839526	      0.01396595	     -0.04522883	      0.01905184	      0.00000000	      0.00000000	      0.00000000	     -0.01507690	      0.02049653	      0.00695132	      0.00000000	      0.00000000	      0.00000000	      0.00878759	      0.00556256	     -0.00206483	    217.54842990	     13.17824949	    -91.31137677	     52.79334175	      0.00000000	      0.00000000	      0.00000000	      0.00000000	   -200.18174031	     10.85161726	     77.62654907	     38.87968040	      0.00000000	      0.00000000	      0.00000000	      0.00000000	    116.73547124	    -13.57461761	      1.63688894	   -107.47092740	     -5.43276772	     -4.98473282	      0.00000000	     29.08425544	     24.47726711	      0.00000000	    116.26703985	    -17.70552584	     -1.08120592	   -111.14539027	     -9.29021207	     -4.98473282	      0.00000000	     38.75092773	     24.98095987	      0.00000000
      6.56666667	     36.47748263	     -0.75853776	    178.68532607	      0.10817687	     -0.36612611	     -0.44845769	     -4.45267955	     -0.98279006	      2.42124172	     21.93152201	     -4.47882768	      0.65665957	      0.01400137	     -0.04508365	      0.01666283	      0.00000000	      0.00000000	      0.00000000	     -0.01596730	      0.01957816	      0.00697985	      0.00000000	      0.00000000	      0.00000000	      0.00881533	      0.00624085	     -0.00082530	    216.71162206	     12.73169151	    -91.58933849	     52.35257954	      0.00000000	      0.00000000	      0.00000000	      0.00000000	   -201.50534525	     10.12461755	     77.19479156	     39.87668021	      0.00000000	      0.00000000	      0.00000000	      0.00000000	    116.22109882	    -13.61584053	      1.56780743	   -106.24785124	     -5.54830282	     -4.98473282	      0.00000000	     28.98427404	     24.21476709	      0.00000000	    115.43924098	    -17.49646545	     -1.46487156	   -109.89729873	     -9.45360272	     -4.98473282	      0.00000000	     38.48631892	     24.98095987	      0.00000000
      6.60000000	     36.74829918	     -0.59730793	    178.88105326	      0.10864729	     -0.35810659	     -0.44897137	     -4.07344825	     -0.56909912	      2.70066895	     21.80554662	     -5.04573940	     -0.84582885	      0.01436179	     -0.04402418	      0.01416951	      0.00000000	      0.00000000	      0.00000000	     -0.01781181	      0.01826893	      0.00616438	      0.00000000	      0.00000000	      0.00000000	      0.00879079	      0.00648542	      0.00256809	    215.96899726	     12.00930101	    -91.46914855	     51.94197854	      0.00000000	      0.00000000	      0.00000000	      0.00000000	   -203.42340756	      9.41879554	     77.54527194	     41.62560362	      0.00000000	      0.00000000	      0.00000000	      0.00000000	    115.38086815	    -13.73170425	      1.17611593	   -104.69445714	     -6.22593097	     -4.98473282	      0.00000000	     29.04245370	     24.44708574	      0.00000000	    114.59936721	    -17.27520199	     -1.69912280	   -108.43152889	     -9.25480725	     -4.98473282	      0.00000000	     38.21226960	     24.98095987	      0.00000000
      6.63333333	     37.10986962	     -0.11318549	    179.17959677	      0.10890418	     -0.34832342	     -0.44995852	     -3.60988212	      0.09807827	      3.07742332	     21.55325389	     -5.19182080	     -1.58980571	      0.01350059	     -0.04256699	      0.01211164	      0.00000000	      0.00000000	      0.00000000	     -0.02040361	      0.01723018	      0.00254331	      0.00000000	      0.00000000	      0.00000000	      0.00850683	      0.00563168	      0.00688573	    216.10459711	     10.78523436	    -90.82722959	     52.20271648	      0.00000000	      0.00000000	      0.00000000	      0.00000000	   -205.32308636	      8.53430137	     77.91336668	     43.42985749	      0.00000000	      0.00000000	      0.00000000	      0.00000000	    114.20184465	    -13.81259422	      0.62974089	   -102.81617228	     -7.16695243	     -4.98473282	      0.00000000	     29.21879940	     24.98095987	      0.00000000	    113.78258589	    -16.84481489	     -1.68443984	   -106.74183131	     -8.92712060	     -4.98473282	      0.00000000	     37.96241483	     24.98095987	      0.00000000
      6.66666667	     37.43423742	      0.39573187	    179.55148576	      0.10871620	     -0.33652602	     -0.45075163	     -3.09657762	      0.65977581	      3.14140443	     21.32573179	     -4.97782816	     -1.75846788	      0.01173957	     -0.04169228	      0.01159989	      0.00000000	      0.00000000	      0.00000000	     -0.02182805	      0.01631613	     -0.00100467	      0.00000000	      0.00000000	      0.00000000	      0.00749926	      0.00376293	      0.00974921	    216.93087292	      9.26171546	    -89.49941131	     52.81849641	      0.00000000	      0.00000000	      0.00000000	      0.00000000	   -206.57611508	      7.49097703	     77.44301333	     45.02929554	      0.00000000	      0.00000000	      0.00000000	      0.00000000	    112.66000174	    -13.87770336	      0.05089173	   -100.65403956	     -7.83784053	     -4.98473282	      0.00000000	     29.12007166	     24.98095987	      0.00000000	    112.69752111	    -16.13193673	     -1.61902561	   -104.79925302	     -8.94696019	     -4.98473282	      0.00000000	     37.60618849	     24.94128778	      0.00000000
      6.70000000	     37.47189506	      0.86962357	    179.93296406	      0.10791425	     -0.32240574	     -0.45069891	     -2.84860464	      1.23871757	      2.96195222	     21.19040825	     -4.29013980	     -1.66633659	      0.00824198	     -0.04196331	      0.01078916	      0.00000000	      0.00000000	      0.00000000	     -0.02180887	      0.01599502	     -0.00357057	      0.00000000	      0.00000000	      0.00000000	      0.00511017	      0.00180466	      0.01013920	    218.00294879	      7.22077484	    -87.19804760	     53.60315731	      0.00000000	      0.00000000	      0.00000000	      0.00000000	   -207.42077801	      6.39736784	     76.25896985	     46.43479564	      0.00000000	      0.00000000	      0.00000000	      0.00000000	    110.50203103	    -13.94356647	     -0.43936337	    -98.18877881	     -7.89626157	     -4.98473282	      0.00000000	     28.45629367	     24.75985477	      0.00000000	    111.03771355	    -15.24090763	     -1.61373941	   -102.54021349	     -9.21423299	     -4.98473282	      0.00000000	     36.94589930	     24.56991365	      0.00000000
      6.73333333	     37.11184977	      1.05166121	    180.28715618	      0.10629743	     -0.30619685	     -0.44965660	     -2.83573725	      1.53891788	      2.53670027	     21.15454734	     -3.24687179	     -1.55635452	      0.00431968	     -0.04349069	      0.00997873	      0.00000000	      0.00000000	      0.00000000	     -0.01953964	      0.01536815	     -0.00271941	      0.00000000	      0.00000000	      0.00000000	      0.00156615	     -0.00017771	      0.00768613	    218.56313681	      5.32476097	    -85.17796882	     54.06627255	      0.00000000	      0.00000000	      0.00000000	      0.00000000	   -207.56229776	      5.74830832	     74.78934647	     46.95282119	      0.00000000	      0.00000000	      0.00000000	      0.00000000	    107.76677737	    -13.90048750	     -0.62789423	    -95.48104666	     -7.69453956	     -4.98473282	      0.00000000	     27.38492528	     24.33400670	      0.00000000	    108.47335982	    -14.18664208	     -1.80709293	    -99.81179602	     -9.36261136	     -4.98473282	      0.00000000	     36.23252734	     23.63304551	      0.00000000
      6.76666667	     35.90188046	      0.88195803	    180.66470428	      0.10378282	     -0.28837112	     -0.44791349	     -3.53882039	      1.48025822	      1.81999232	     21.32679386	     -1.89313260	     -1.67416550	      0.00066648	     -0.04564309	      0.00866032	      0.00000000	      0.00000000	      0.00000000	     -0.01553121	      0.01393184	      0.00100352	      0.00000000	      0.00000000	      0.00000000	     -0.00084686	     -0.00118961	      0.00463153	    218.14921636	      4.27921172	    -85.01731177	     54.02563879	      0.00000000	      0.00000000	      0.00000000	      0.00000000	   -207.28307226	      5.22296959	     73.39846193	     46.70402124	      0.00000000	      0.00000000	      0.00000000	      0.00000000	    104.00384170	    -13.82385010	     -0.41555916	    -92.66234153	     -7.08968851	     -4.98473282	      0.00000000	     26.59042655	     23.93006489	      0.00000000	    104.52841315	    -13.13923146	     -2.33840356	    -96.65501369	     -8.68695392	     -4.98473282	      0.00000000	     35.93357194	     22.08325323	      0.00000000
      6.80000000	     34.87204656	      0.70679062	    180.83888419	      0.10074280	     -0.26971798	     -0.44585976	     -3.64090976	      1.50024858	      1.30276528	     21.54887148	     -1.10374641	     -1.72296234	     -0.00117968	     -0.04796204	      0.00771520	      0.00000000	      0.00000000	      0.00000000	     -0.01355231	      0.01303997	      0.00362344	      0.00000000	      0.00000000	      0.00000000	     -0.00005569	     -0.00122086	      0.00327829	    217.22377559	      5.17940306	    -87.37679914	     53.70356108	      0.00000000	      0.00000000	      0.00000000	      0.00000000	   -207.33633138	      5.14105150	     73.20937617	     46.35178587	      0.00000000	      0.00000000	      0.00000000	      0.00000000	    100.22461734	    -13.46761031	     -0.11521218	    -89.55098135	     -6.65959341	     -4.98473282	      0.00000000	     26.26017217	     23.53171699	      0.00000000	    100.59577848	    -12.32443532	     -2.79379325	    -93.25231445	     -7.70981832	     -4.98473282	      0.00000000	     36.26754874	     20.79360811	      0.00000000
      6.83333333	     33.77416515	      0.85886271	    181.00885663	      0.09745665	     -0.25042504	     -0.44444166	     -3.60563244	      1.83137237	      0.69061559	     21.95410522	     -0.54869074	     -1.24306909	     -0.00209246	     -0.04995739	      0.00719800	      0.00000000	      0.00000000	      0.00000000	     -0.01085793	      0.01278684	      0.00351748	      0.00000000	      0.00000000	      0.00000000	      0.00187833	     -0.00016023	      0.00428694	    216.38989206	      6.10181381	    -89.84208173	     53.45255001	      0.00000000	      0.00000000	      0.00000000	      0.00000000	   -207.69703994	      4.86831302	     73.88915813	     46.35537665	      0.00000000	      0.00000000	      0.00000000	      0.00000000	     95.96368740	    -12.97330696	     -0.15217714	    -85.94092436	     -6.45218130	     -4.98473282	      0.00000000	     26.46394283	     22.80899227	      0.00000000	     96.73448494	    -11.76371704	     -2.91971101	    -89.91338059	     -6.58044581	     -4.98473282	      0.00000000	     36.57020850	     20.18977773	      0.00000000
      6.86666667	     32.50592179	      1.58116773	    181.05605639	      0.09460647	     -0.23037756	     -0.44402364	     -3.77486894	      2.72285526	      0.40919981	     22.58037665	     -0.37404253	     -0.06750400	     -0.00255241	     -0.05117375	      0.00750348	      0.00000000	      0.00000000	      0.00000000	     -0.00872905	      0.01256909	      0.00261671	      0.00000000	      0.00000000	      0.00000000	      0.00202731	      0.00085006	      0.00672284	    215.65488654	      6.04984760	    -90.44924198	     52.71053873	      0.00000000	      0.00000000	      0.00000000	      0.00000000	   -208.19546929	      4.57533475	     75.21295696	     46.34331995	      0.00000000	      0.00000000	      0.00000000	      0.00000000	     91.23287327	    -12.18189515	     -0.88060651	    -81.76738793	     -6.41556418	     -4.98473282	      0.00000000	     26.32055586	     21.64873090	      0.00000000	     92.98368046	    -11.61156204	     -2.49816921	    -86.67675371	     -5.57440543	     -4.98473282	      0.00000000	     36.41947735	     19.98109724	      0.00000000
      6.90000000	     31.88015461	      2.47628031	    181.15258956	      0.09175909	     -0.21001529	     -0.44506477	     -3.09682813	      3.54695688	      0.23776657	     22.80268937	     -0.23115584	      1.07850786	     -0.00306498	     -0.05133595	      0.00849361	      0.00000000	      0.00000000	      0.00000000	     -0.00841728	      0.01137794	      0.00317722	      0.00000000	      0.00000000	      0.00000000	      0.00052014	      0.00199167	      0.00888755	    215.08592484	      5.45121669	    -88.43072789	     51.03754598	      0.00000000	      0.00000000	      0.00000000	      0.00000000	   -208.08713577	      4.46323094	     76.11231719	     45.76121461	      0.00000000	      0.00000000	      0.00000000	      0.00000000	     87.06674519	    -11.11558167	     -1.68608544	    -77.16824014	     -6.98227299	     -4.98473282	      0.00000000	     25.84220939	     20.21298892	      0.00000000	     89.78213685	    -11.68217997	     -2.04850415	    -82.98986818	     -4.68410135	     -4.98473282	      0.00000000	     35.97455887	     19.78058079	      0.00000000
      6.93333333	     30.98851353	      3.40935664	    181.26005179	      0.08854137	     -0.18881325	     -0.44707527	     -2.82763729	      4.32646545	      0.28390229	     22.66271560	      0.05436999	      2.09852472	     -0.00518673	     -0.05070998	      0.00872462	      0.00000000	      0.00000000	      0.00000000	     -0.01027350	      0.00988026	      0.00539264	      0.00000000	      0.00000000	      0.00000000	     -0.00206853	      0.00287244	      0.00891408	    214.22761983	      4.86941999	    -86.17909003	     48.78803973	      0.00000000	      0.00000000	      0.00000000	      0.00000000	   -207.44764279	      4.38987645	     76.65436091	     44.49244959	      0.00000000	      0.00000000	      0.00000000	      0.00000000	     82.52119765	     -9.89623846	     -2.43109161	    -72.30728705	     -7.58952067	     -4.98473282	      0.00000000	     25.27170544	     18.77474312	      0.00000000	     86.00204296	    -11.99405695	     -1.79118386	    -78.67170596	     -3.56012520	     -4.98473282	      0.00000000	     35.36171335	     19.13753939	      0.00000000
      6.96666667	     29.63210671	      4.05007898	    181.49195527	      0.08450471	     -0.16696211	     -0.44981244	     -3.14140674	      4.63549564	      0.44421810	     21.91900435	      0.50950323	      2.61036954	     -0.00937812	     -0.04956055	      0.00860243	      0.00000000	      0.00000000	      0.00000000	     -0.01415436	      0.00902010	      0.00803526	      0.00000000	      0.00000000	      0.00000000	     -0.00395464	      0.00430578	      0.00694493	    213.68936611	      4.85937249	    -85.63748799	     47.25266681	      0.00000000	      0.00000000	      0.00000000	      0.00000000	   -206.56636851	      4.29342984	     77.15950691	     43.35587059	      0.00000000	      0.00000000	      0.00000000	      0.00000000	     77.53639814	     -8.68585357	     -2.75126863	    -67.49427016	     -8.25121983	     -4.98473282	      0.00000000	     24.80756452	     17.47898436	      0.00000000	     81.27776184	    -12.22032726	     -1.86170541	    -73.64437156	     -2.29715341	     -4.98473282	      0.00000000	     34.68980881	     18.02765360	      0.00000000
      7.00000000	     28.41768054	      4.16080099	    181.83031879	      0.07968231	     -0.14518835	     -0.45215541	     -3.18341069	      4.27567546	      0.51907478	     20.52716112	      0.94317462	      2.58122657	     -0.01438431	     -0.04805440	      0.00872891	      0.00000000	      0.00000000	      0.00000000	     -0.01897761	      0.00995660	      0.00801470	      0.00000000	      0.00000000	      0.00000000	     -0.00499085	      0.00675340	      0.00408663	    214.29705074	      5.21497305	    -86.37922475	     47.32384343	      0.00000000	      0.00000000	      0.00000000	      0.00000000	   -206.32862468	      4.35403069	     78.14522011	     43.72409474	      0.00000000	      0.00000000	      0.00000000	      0.00000000	     72.85275501	     -7.70229879	     -2.48376619	    -62.69146642	     -9.34597088	     -4.97356696	      0.00000000	     24.14863044	     16.45171401	      0.00000000	     76.32307303	    -11.87221934	     -1.95426602	    -68.23035289	     -1.50939257	     -4.98473282	      0.00000000	     33.72395607	     17.09074087	      0.00000000
      7.03333333	     27.18286625	      4.06786348	    182.30584379	      0.07344094	     -0.12343952	     -0.45427041	     -3.03509181	      3.74809348	      0.86115125	     18.95088983	      1.05282278	      2.13856818	     -0.01892850	     -0.04649656	      0.00846595	      0.00000000	      0.00000000	      0.00000000	     -0.02275783	      0.01087065	      0.00557204	      0.00000000	      0.00000000	      0.00000000	     -0.00448482	      0.00874867	      0.00064511	    215.56768626	      4.60239034	    -86.24647166	     48.21238200	      0.00000000	      0.00000000	      0.00000000	      0.00000000	   -206.73511395	      4.59238669	     79.00363390	     45.13465402	      0.00000000	      0.00000000	      0.00000000	      0.00000000	     67.93563003	     -7.00694700	     -2.16216424	    -57.38588586	    -10.56764031	     -4.98473282	      0.00000000	     23.22560896	     15.81310357	      0.00000000	     71.23420996	    -11.31472928	     -1.98976371	    -62.68373110	     -1.24735755	     -4.75906377	      0.00000000	     32.63601944	     16.23612777	      0.00000000
      7.06666667	     25.55255305	      4.00525778	    182.74025505	      0.06624645	     -0.10179666	     -0.45563397	     -3.22142337	      3.43089311	      1.14675910	     17.44017569	      0.55308350	      0.93753240	     -0.02263114	     -0.04511467	      0.00797823	      0.00000000	      0.00000000	      0.00000000	     -0.02549726	      0.01185758	      0.00178852	      0.00000000	      0.00000000	      0.00000000	     -0.00356619	      0.00973290	     -0.00277698	    216.85140058	      3.27084591	    -84.62924385	     49.09869612	      0.00000000	      0.00000000	      0.00000000	      0.00000000	   -207.33618325	      4.40136213	     79.25401898	     46.49274035	      0.00000000	      0.00000000	      0.00000000	      0.00000000	     62.33658453	     -6.34651548	     -1.90536295	    -51.61686029	    -11.61772591	     -4.98473282	      0.00000000	     21.91215743	     15.58015775	      0.00000000	     65.69149837	    -10.80135038	     -2.29824055	    -57.12738108	     -1.00185485	     -4.87613573	      0.00000000	     31.33110789	     15.57907025	      0.00000000
      7.10000000	     21.42482517	      3.68009608	    183.02436022	      0.05723554	     -0.07945851	     -0.45678551	     -6.18204869	      3.01786336	      1.69454827	     17.99609883	      0.12586457	     -0.94445235	     -0.02122311	     -0.04497077	      0.00672767	      0.00000000	      0.00000000	      0.00000000	     -0.02817921	      0.01100038	      0.00033565	      0.00000000	      0.00000000	      0.00000000	     -0.00170853	      0.00978714	     -0.00420763	    216.95551897	      2.24458650	    -83.61500848	     48.66561602	      0.00000000	      0.00000000	      0.00000000	      0.00000000	   -207.24376338	      3.87996819	     79.04617828	     46.14095625	      0.00000000	      0.00000000	      0.00000000	      0.00000000	     53.65498249	     -5.69944891	     -1.64060156	    -45.26108462	    -12.01189284	     -4.98473282	      0.00000000	     20.96013777	     15.65025409	      0.00000000	     57.07890664	    -10.84403729	     -3.42720462	    -51.11063313	     -0.22313558	     -4.82008936	      0.00000000	     30.41138017	     14.81232053	      0.00000000
      7.13333333	     20.50411228	      3.19967969	    182.92061793	      0.04843417	     -0.05873970	     -0.45796210	     -5.06290653	      2.34135473	      1.89374710	     16.07793967	     -1.36357268	     -2.81056667	     -0.02040518	     -0.04351661	      0.00868476	      0.00000000	      0.00000000	      0.00000000	     -0.02852824	      0.01070719	      0.00172816	      0.00000000	      0.00000000	      0.00000000	      0.00632998	      0.01063491	     -0.00222769	    216.07779514	      3.53576920	    -84.47393498	     47.52618499	      0.00000000	      0.00000000	      0.00000000	      0.00000000	   -207.04437831	      3.08056277	     77.11384640	     45.15590186	      0.00000000	      0.00000000	      0.00000000	      0.00000000	     48.62028290	     -5.15116893	     -0.52101253	    -39.45272735	    -11.55728256	     -4.98473282	      0.00000000	     18.88231746	     14.31852456	      0.00000000	     51.71531585	    -10.67052681	     -4.99222177	    -44.69212317	      0.22107753	     -4.91015215	      0.00000000	     28.55254230	     14.55279911	      0.00000000
      7.16666667	     15.90613534	      2.03022909	    182.35084935	      0.03762397	     -0.03692820	     -0.45887387	     -8.47249639	      1.14593419	      2.72195159	     15.84227480	     -1.09532039	     -3.92093751	     -0.01855764	     -0.04326818	      0.00866819	      0.00000000	      0.00000000	      0.00000000	     -0.03048058	      0.01221367	      0.00389199	      0.00000000	      0.00000000	      0.00000000	      0.01545652	      0.01078378	      0.00020490	    214.85787941	      4.81048719	    -87.44280167	     47.22863853	      0.00000000	      0.00000000	      0.00000000	      0.00000000	   -206.57503638	      2.04831801	     77.22450099	     43.95897884	      0.00000000	      0.00000000	      0.00000000	      0.00000000	     39.33871715	     -4.97252640	      0.62683891	    -32.97570849	     -8.62843839	     -4.98473282	      0.00000000	     15.42490671	      9.63661162	      0.00000000	     41.23485965	    -10.46390748	     -8.44772416	    -36.60967360	      2.03418897	     -4.98473282	      0.00000000	     27.06459768	     13.25493141	      0.00000000
      7.20000000	      9.48457253	      1.17702981	    181.81794621	      0.02405848	     -0.01662483	     -0.46010090	    -13.55721384	      0.39178291	      3.60740838	     14.03902341	     -1.15569331	     -5.00275510	     -0.01804666	     -0.04151029	      0.00983355	      0.00000000	      0.00000000	      0.00000000	     -0.02934764	      0.01547952	      0.00459515	      0.00000000	      0.00000000	      0.00000000	      0.02205788	      0.01119284	      0.00172215	    213.81573859	      5.24520777	    -89.37976836	     47.58422705	      0.00000000	      0.00000000	      0.00000000	      0.00000000	   -206.92646326	      2.43834137	     79.69002296	     44.10281895	      0.00000000	      0.00000000	      0.00000000	      0.00000000	     27.42975136	     -4.77588301	      1.23047729	    -25.17628465	     -6.11194280	     -4.98473282	      0.00000000	     10.63571019	      3.91100059	      0.00000000	     28.29644067	     -9.96580111	    -11.77243539	    -27.61385047	      5.53702397	     -4.98473282	      0.00000000	     24.44643384	     10.50681383	      0.00000000
      7.23333333	      2.57182562	     -0.11942496	    181.46184527	      0.00799381	     -0.00067646	     -0.46031874	    -18.69891519	     -0.66262611	      4.09001727	     10.78860982	     -0.55366288	     -5.81717000	     -0.01773569	     -0.03645191	      0.00940312	      0.00000000	      0.00000000	      0.00000000	     -0.02612276	      0.01990757	      0.00227821	      0.00000000	      0.00000000	      0.00000000	      0.02515126	      0.01092302	     -0.00025030	    213.32521563	      5.13019304	    -89.66593847	     47.94774474	      0.00000000	      0.00000000	      0.00000000	      0.00000000	   -207.19190169	      3.64080375	     82.63204724	     44.12456254	      0.00000000	      0.00000000	      0.00000000	      0.00000000	     14.76281581	     -5.66308911	      0.23449514	    -16.82407083	     -5.37315667	     -4.98473282	      0.00000000	      6.89283566	      2.10595712	      0.00000000	     14.49720815	     -8.39319357	    -16.46674623	    -17.94491555	      9.59929856	     -4.98473282	      0.00000000	     21.32354799	      9.37404620	      0.00000000
      7.26666667	      3.00243691	     -0.54752925	    181.69155137	     -0.00358066	      0.00811471	     -0.46045936	    -15.45370649	     -0.82724094	      4.10913121	      4.58001155	      0.83233764	     -5.74958555	     -0.01858103	     -0.02815095	      0.00717766	      0.00000000	      0.00000000	      0.00000000	     -0.02102007	      0.02223805	     -0.00193485	      0.00000000	      0.00000000	      0.00000000	      0.02372620	      0.00942071	     -0.00330141	    213.34010019	      5.88544639	    -89.60446592	     47.79033021	      0.00000000	      0.00000000	      0.00000000	      0.00000000	   -207.33158410	      5.99415110	     84.45562090	     43.52200589	      0.00000000	      0.00000000	      0.00000000	      0.00000000	     11.44708339	     -6.07672189	     -1.39441305	    -11.40626969	     -5.15587434	     -4.98473282	      0.00000000	      4.89864320	      2.73981144	      0.00000000	     10.84392177	     -7.08116724	    -17.73369338	    -11.63143552	     10.58045219	     -4.98473282	      0.00000000	     19.28039772	      9.85686083	      0.00000000
      7.30000000	      2.52836997	     -0.81264882	    182.07188874	     -0.01520390	      0.01336287	     -0.46037298	    -13.45744630	     -0.76893819	      4.28544513	     -0.65050205	      1.93954192	     -6.47072183	     -0.01865473	     -0.01863408	      0.00201894	      0.00000000	      0.00000000	      0.00000000	     -0.01834290	      0.02344347	     -0.00656225	      0.00000000	      0.00000000	      0.00000000	      0.01852331	      0.00957498	     -0.00546399	    213.38062525	      6.12983243	    -89.50256651	     47.32471257	      0.00000000	      0.00000000	      0.00000000	      0.00000000	   -207.42625669	      8.14766617	     85.71137319	     42.77403703	      0.00000000	      0.00000000	      0.00000000	      0.00000000	      7.76976735	     -6.36195416	     -3.46299978	     -7.35960128	     -3.97664556	     -4.98473282	      0.00000000	      4.03291878	      3.95503177	      0.00000000	      6.82962367	     -6.05636567	    -19.15124999	     -6.29205695	     11.70433117	     -4.98473282	      0.00000000	     17.39071725	     10.52626851	      0.00000000
      7.33333333	      2.55585780	     -0.83476383	    182.74553646	     -0.02531612	      0.01577946	     -0.46009986	    -11.29657776	     -0.48106591	      4.33389931	     -3.92824950	      2.40965633	     -7.04928103	     -0.01742016	     -0.01057333	     -0.00368191	      0.00000000	      0.00000000	      0.00000000	     -0.01837358	      0.02404604	     -0.00931261	      0.00000000	      0.00000000	      0.00000000	      0.01390089	      0.00995575	     -0.00686964	    213.18120005	      6.11589497	    -89.54072430	     46.78434795	      0.00000000	      0.00000000	      0.00000000	      0.00000000	   -207.11851649	      9.35577531	     85.34964766	     41.72010918	      0.00000000	      0.00000000	      0.00000000	      0.00000000	      5.43185792	     -6.49084398	     -4.77991118	     -4.62711481	     -2.60714101	     -4.98473282	      0.00000000	      1.98964627	      4.40784008	      0.00000000	      4.30840249	     -5.36957024	    -19.64329668	     -2.31535400	     12.70778734	     -4.98473282	      0.00000000	     15.49760251	     10.22602373	      0.00000000
      7.36666667	      3.21575992	     -0.86088586	    183.09970030	     -0.03458369	      0.01610326	     -0.45970107	     -8.60794906	     -0.31844186	      4.35780932	     -4.62966882	      2.29944411	     -7.15259767	     -0.01267917	     -0.00566261	     -0.00923584	      0.00000000	      0.00000000	      0.00000000	     -0.01997755	      0.02526667	     -0.01004526	      0.00000000	      0.00000000	      0.00000000	      0.00984128	      0.01038836	     -0.00904931	    212.92262019	      6.35223747	    -89.04011412	     46.83013557	      0.00000000	      0.00000000	      0.00000000	      0.00000000	   -206.83732539	     10.36246851	     84.79427570	     41.30436304	      0.00000000	      0.00000000	      0.00000000	      0.00000000	      4.47726876	     -6.68030244	     -5.02349457	     -2.44892198	     -2.19865082	     -4.98473282	      0.00000000	     -1.40503472	      4.68103968	      0.00000000	      3.06966927	     -4.87726802	    -19.38425277	      0.64508967	     12.91779134	     -4.98473282	      0.00000000	     13.49131901	      9.93866265	      0.00000000
      7.40000000	      3.12873632	     -0.71845754	    183.38750303	     -0.04372120	      0.01533088	     -0.46013862	     -6.94064419	     -0.18244533	      4.16159520	     -6.86894289	      1.33471013	     -7.27964871	     -0.01398096	      0.00159409	     -0.01137798	      0.00000000	      0.00000000	      0.00000000	     -0.02081774	      0.02583874	     -0.00891419	      0.00000000	      0.00000000	      0.00000000	      0.00763098	      0.01005270	     -0.01166268	    212.81361553	      6.14959200	    -87.41087447	     47.02685912	      0.00000000	      0.00000000	      0.00000000	      0.00000000	   -206.10976458	     10.88934028	     84.93019439	     40.59527374	      0.00000000	      0.00000000	      0.00000000	      0.00000000	      2.80273929	     -6.54124994	     -5.76010593	      0.15077530	     -0.96765359	     -4.98473282	      0.00000000	     -6.06330834	      3.13167512	      0.00000000	      1.44761842	     -5.16886683	    -18.28231365	      2.90745691	     13.03398502	     -4.31070100	      0.00000000	     10.95874901	      8.69256019	      0.00000000
      7.43333333	      3.54572165	     -0.88134154	    182.87502250	     -0.05218231	      0.01405522	     -0.46021992	     -4.84928287	     -0.43037102	      4.25261920	     -6.24146966	      0.86471628	     -7.28273746	     -0.01040222	      0.00432315	     -0.01339136	      0.00000000	      0.00000000	      0.00000000	     -0.02232398	      0.02577886	     -0.00650884	      0.00000000	      0.00000000	      0.00000000	      0.00505706	      0.00940203	     -0.01308727	    212.79867296	      7.08235029	    -86.65613310	     47.42442249	      0.00000000	      0.00000000	      0.00000000	      0.00000000	   -206.34860113	     10.98619802	     84.63358938	     40.69970442	      0.00000000	      0.00000000	      0.00000000	      0.00000000	      2.13368515	     -6.73861595	     -5.92174995	      2.37164528	     -0.54624671	     -4.98473282	      0.00000000	     -8.52891732	      3.26176354	      0.00000000	      0.58326351	     -5.23431051	    -18.43099938	      4.70392233	     12.17787073	     -3.44782818	      0.00000000	      8.31900370	      8.64992829	      0.00000000
      7.46666667	      3.26664743	     -0.55392183	    181.49973788	     -0.05958306	      0.01320576	     -0.46078850	     -3.90145277	     -0.13435646	      5.13482143	     -5.58443304	     -0.31975777	     -7.36987751	     -0.00913927	      0.00559907	     -0.01226260	      0.00000000	      0.00000000	      0.00000000	     -0.02345546	      0.02577289	     -0.00343160	      0.00000000	      0.00000000	      0.00000000	      0.00355257	      0.00819712	     -0.01309769	    213.03269347	      7.99447185	    -87.18029496	     48.36212912	      0.00000000	      0.00000000	      0.00000000	      0.00000000	   -207.33739436	      9.64631404	     82.71467281	     41.63189584	      0.00000000	      0.00000000	      0.00000000	      0.00000000	      1.24842725	     -6.27960512	     -5.83198535	      3.85256820	      0.70993469	     -4.98473282	      0.00000000	     -9.33215675	      3.30210500	      0.00000000	     -0.90094385	     -5.94695584	    -18.78548815	      6.18270295	      9.21495134	     -2.39900323	      0.00000000	      5.63921814	      9.13762454	      0.00000000
      7.50000000	      2.60363202	     -0.28535269	    180.29912315	     -0.06722063	      0.01248856	     -0.46041189	     -3.36480281	      0.24610274	      5.67900373	     -4.86298432	     -0.91876824	     -7.29666113	     -0.00616733	      0.00448014	     -0.01094099	      0.00000000	      0.00000000	      0.00000000	     -0.02261301	      0.02591799	      0.00097818	      0.00000000	      0.00000000	      0.00000000	      0.00383965	      0.00693546	     -0.01320591	    212.85812889	      9.45669985	    -89.14586763	     48.65693225	      0.00000000	      0.00000000	      0.00000000	      0.00000000	   -208.28917960	      7.68433250	     79.12050813	     42.65849661	      0.00000000	      0.00000000	      0.00000000	      0.00000000	     -0.19797335	     -6.22322376	     -6.11379707	      5.01607772	      2.15418774	     -4.41176615	      0.00000000	     -8.48950251	      3.82989724	      0.00000000	     -2.59255252	     -6.22842615	    -18.88262994	      7.16463443	      6.00742907	     -2.16261489	      0.00000000	      4.26229820	     10.94036705	      0.00000000
      7.53333333	      2.45870329	     -0.03977678	    179.26300179	     -0.07374927	      0.01234611	     -0.45995019	     -2.55224749	      0.59752574	      6.31257353	     -4.87262991	     -1.05620986	     -7.43218484	     -0.00463748	      0.00173895	     -0.00982252	      0.00000000	      0.00000000	      0.00000000	     -0.01862205	      0.02591603	      0.00441509	      0.00000000	      0.00000000	      0.00000000	      0.00362110	      0.00564495	     -0.01383720	    212.62418975	      9.61548354	    -90.34509158	     48.56981577	      0.00000000	      0.00000000	      0.00000000	      0.00000000	   -208.57057619	      6.92496763	     77.58351655	     43.09215732	      0.00000000	      0.00000000	      0.00000000	      0.00000000	     -0.99019550	     -6.29445814	     -6.47035147	      5.86165511	      3.02822284	     -3.61559117	      0.00000000	     -8.31736815	      4.45535008	      0.00000000	     -3.55488007	     -6.46606702	    -19.16238355	      7.80185918	      4.41138131	     -1.95526443	      0.00000000	      3.02829986	     11.30030023	      0.00000000
      7.56666667	      2.34572565	      0.16410057	    178.69013273	     -0.07979675	      0.01220506	     -0.45918593	     -1.79006255	      0.95269168	      6.72929712	     -5.31959785	     -0.90467144	     -7.26828866	     -0.00262133	     -0.00207362	     -0.00889717	      0.00000000	      0.00000000	      0.00000000	     -0.01412053	      0.02760675	      0.00626481	      0.00000000	      0.00000000	      0.00000000	      0.00484652	      0.00511367	     -0.01450179	    212.59721728	      9.43592055	    -90.71988953	     48.43093569	      0.00000000	      0.00000000	      0.00000000	      0.00000000	   -208.43157221	      7.28224702	     77.57028342	     42.80679159	      0.00000000	      0.00000000	      0.00000000	      0.00000000	     -1.63601202	     -6.54692454	     -6.53193402	      6.16567912	      3.36111706	     -2.66371236	      0.00000000	     -8.10412622	      4.54378097	      0.00000000	     -4.15143172	     -6.63158701	    -19.12815338	      7.80632993	      4.09327570	     -2.04859289	      0.00000000	      3.23542643	     11.29789960	      0.00000000
      7.60000000	      1.51171545	      0.28427235	    178.26750482	     -0.08546285	      0.01236139	     -0.45909881	     -2.01783786	      1.07091073	      7.21034636	     -7.87262770	     -0.68055743	     -6.50047101	     -0.00506823	     -0.00355088	     -0.00740947	      0.00000000	      0.00000000	      0.00000000	     -0.01091991	      0.02932088	      0.00718290	      0.00000000	      0.00000000	      0.00000000	      0.00420388	      0.00511404	     -0.01583363	    212.53608110	      8.94511842	    -90.79393524	     47.73566469	      0.00000000	      0.00000000	      0.00000000	      0.00000000	   -207.69635149	      8.76861943	     79.37296606	     41.41863091	      0.00000000	      0.00000000	      0.00000000	      0.00000000	     -2.81847850	     -6.62941663	     -7.34936522	      6.07799696	      5.24227397	     -2.27254985	      0.00000000	     -8.02054255	      3.77534722	      0.00000000	     -5.62472610	     -6.75260925	    -18.97677865	      8.10705867	      2.90766462	     -1.91453339	      0.00000000	      3.17247723	     11.87865419	      0.00000000
      7.63333333	      0.89220317	      0.41560322	    178.63102902	     -0.09002026	      0.01240985	     -0.45909316	     -2.14544442	      1.27213482	      7.19208334	    -10.26535741	     -0.37661141	     -5.58080676	     -0.00685414	     -0.00429678	     -0.00669097	      0.00000000	      0.00000000	      0.00000000	     -0.01049239	      0.03126423	      0.00784314	      0.00000000	      0.00000000	      0.00000000	      0.00399016	      0.00590382	     -0.01639387	    212.32949925	      8.58385667	    -90.87897135	     47.16346346	      0.00000000	      0.00000000	      0.00000000	      0.00000000	   -207.54192616	      9.91358262	     80.28130040	     40.60988418	      0.00000000	      0.00000000	      0.00000000	      0.00000000	     -3.62050600	     -6.60945609	     -7.91816236	      5.57189878	      5.80639425	     -2.08397841	      0.00000000	     -7.03060941	      2.71719298	      0.00000000	     -6.35991634	     -6.93351250	    -18.58802248	      7.85563662	      2.57803662	     -1.85426277	      0.00000000	      3.48697703	     12.06722153	      0.00000000
      7.66666667	      0.23335941	      0.46316934	    179.30266075	     -0.09428960	      0.01237364	     -0.45933763	     -2.34318660	      1.31719798	      6.75956453	    -12.21029961	     -0.47279496	     -4.70715959	     -0.00782740	     -0.00373103	     -0.00496466	      0.00000000	      0.00000000	      0.00000000	     -0.01191061	      0.03178555	      0.00815873	      0.00000000	      0.00000000	      0.00000000	      0.00250779	      0.00702895	     -0.01658131	    212.12250488	      8.59783313	    -91.31229264	     46.26571173	      0.00000000	      0.00000000	      0.00000000	      0.00000000	   -207.55921468	     10.74202681	     80.55304235	     40.30781339	      0.00000000	      0.00000000	      0.00000000	      0.00000000	     -4.46314590	     -6.55258947	     -8.58935246	      5.11439928	      5.89927584	     -2.07755370	      0.00000000	     -6.02470239	      1.84121112	      0.00000000	     -7.11209337	     -6.95405054	    -18.04588160	      7.74866189	      2.66621054	     -1.96837398	      0.00000000	      3.59207966	     11.91824350	      0.00000000
      7.70000000	     -0.45297643	      0.35169002	    180.18875608	     -0.09835924	      0.01218907	     -0.45969375	     -2.61931982	      1.17903580	      5.93408531	    -13.15692919	     -0.88585304	     -3.92416159	     -0.00759542	     -0.00203978	     -0.00275959	      0.00000000	      0.00000000	      0.00000000	     -0.01482516	      0.03052252	      0.00836646	      0.00000000	      0.00000000	      0.00000000	      0.00098018	      0.00775562	     -0.01626326	    211.99676545	      9.12207639	    -91.96458616	     45.31861434	      0.00000000	      0.00000000	      0.00000000	      0.00000000	   -207.72295528	     10.99513911	     80.14227426	     40.44357371	      0.00000000	      0.00000000	      0.00000000	      0.00000000	     -5.38570595	     -6.60722025	     -9.14113910	      4.73815697	      5.64773292	     -2.17595611	      0.00000000	     -5.51505100	      1.55706203	      0.00000000	     -7.75755827	     -6.82986272	    -17.45383973	      7.47502250	      3.55538415	     -2.28548236	      0.00000000	      3.64715191	     11.58208299	      0.00000000
      7.73333333	     -0.65724921	      0.24823214	    180.45363737	     -0.10209402	      0.01203548	     -0.46034909	     -2.43163494	      1.01734213	      5.86538407	    -12.95691885	     -1.01816019	     -3.89404239	     -0.00611268	     -0.00062929	     -0.00168265	      0.00000000	      0.00000000	      0.00000000	     -0.01915736	      0.02861891	      0.00866945	      0.00000000	      0.00000000	      0.00000000	      0.00022179	      0.00744016	     -0.01583393	    212.31014305	      9.74620566	    -91.67484956	     45.00403879	      0.00000000	      0.00000000	      0.00000000	      0.00000000	   -207.79722098	     11.12884426	     79.74931942	     40.53710389	      0.00000000	      0.00000000	      0.00000000	      0.00000000	     -5.59120336	     -6.65448125	     -9.06144098	      4.25185044	      5.67358817	     -2.37990314	      0.00000000	     -5.82662136	      1.68904998	      0.00000000	     -8.06429046	     -6.77564456	    -17.24133395	      7.25135576	      3.95509890	     -2.48281600	      0.00000000	      3.67844022	     11.70272174	      0.00000000
      7.76666667	     -1.09040613	     -0.06102814	    181.37970663	     -0.10587069	      0.01175067	     -0.46012105	     -2.64198036	      0.78274233	      4.71637290	    -10.92629016	     -1.74850761	     -4.07278300	     -0.00317604	     -0.00109040	     -0.00058802	      0.00000000	      0.00000000	      0.00000000	     -0.02082636	      0.02797797	      0.00976498	      0.00000000	      0.00000000	      0.00000000	      0.00030511	      0.00742901	     -0.01461046	    212.44922676	     10.15150415	    -91.14709841	     45.15839667	      0.00000000	      0.00000000	      0.00000000	      0.00000000	   -208.44183269	      9.70496713	     76.96603990	     41.23009640	      0.00000000	      0.00000000	      0.00000000	      0.00000000	     -6.64441431	     -6.94624142	     -8.80965849	      4.49307155	      5.20278029	     -2.50632761	      0.00000000	     -6.44246484	      1.83358146	      0.00000000	     -8.29236940	     -6.38424840	    -17.69245924	      6.82209771	      5.69550872	     -2.94642338	      0.00000000	      4.07479232	     12.21831327	      0.00000000
      7.80000000	     -1.48949112	     -0.18925307	    181.36749217	     -0.10931595	      0.01156135	     -0.46002627	     -2.89202664	      0.75046478	      4.63549869	     -9.47062503	     -1.81879726	     -4.49773494	     -0.00170716	     -0.00208872	     -0.00100934	      0.00000000	      0.00000000	      0.00000000	     -0.02122626	      0.02913413	      0.01115057	      0.00000000	      0.00000000	      0.00000000	      0.00038589	      0.00690321	     -0.01497475	    212.34672557	     10.36166518	    -90.99618031	     45.46128872	      0.00000000	      0.00000000	      0.00000000	      0.00000000	   -208.57484448	      8.70792989	     74.78528939	     41.14910352	      0.00000000	      0.00000000	      0.00000000	      0.00000000	     -7.22584865	     -7.10822023	     -8.11048946	      4.24101730	      4.75453704	     -2.58961761	      0.00000000	     -6.04512845	      1.86922886	      0.00000000	     -8.84282615	     -6.20331582	    -19.14578525	      6.74785388	      6.69917901	     -2.88708778	      0.00000000	      4.37977155	     12.82684985	      0.00000000
      7.83333333	     -1.69126995	     -0.18589337	    181.00602182	     -0.11259779	      0.01117853	     -0.45989844	     -2.86815809	      0.81817151	      5.14520881	     -9.27215390	     -1.48905828	     -5.35498796	     -0.00180818	     -0.00358456	     -0.00187853	      0.00000000	      0.00000000	      0.00000000	     -0.02093856	      0.03112341	      0.01271804	      0.00000000	      0.00000000	      0.00000000	      0.00105866	      0.00634159	     -0.01692438	    211.89818462	     10.72878182	    -91.97705166	     45.53797268	      0.00000000	      0.00000000	      0.00000000	      0.00000000	   -208.03049619	      9.13422843	     75.14990227	     40.17577231	      0.00000000	      0.00000000	      0.00000000	      0.00000000	     -7.55438976	     -7.22075170	     -7.30833994	      4.12848299	      3.39033207	     -2.42649650	      0.00000000	     -4.73758003	      2.38103319	      0.00000000	     -9.36158580	     -6.07291653	    -21.23398108	      6.93011201	      7.56660682	     -2.73892471	      0.00000000	      4.76607934	     13.81452303	      0.00000000
      7.86666667	     -1.77996363	     -0.10339503	    181.02326944	     -0.11461321	      0.01065076	     -0.45967478	     -2.87718794	      0.95812845	      5.19021976	    -10.06382319	     -1.27536339	     -5.64272691	     -0.00387945	     -0.00525611	     -0.00148813	      0.00000000	      0.00000000	      0.00000000	     -0.01941733	      0.03236549	      0.01167597	      0.00000000	      0.00000000	      0.00000000	      0.00281877	      0.00582144	     -0.01764853	    211.66220262	     10.61202063	    -92.72698542	     45.45596709	      0.00000000	      0.00000000	      0.00000000	      0.00000000	   -207.61024296	      9.70998469	     76.71756247	     39.15309485	      0.00000000	      0.00000000	      0.00000000	      0.00000000	     -7.53575678	     -7.25361787	     -7.41467684	      3.55670252	      2.57915644	     -2.19741489	      0.00000000	     -2.82870619	      2.48715913	      0.00000000	     -9.36776835	     -6.09487828	    -21.64293949	      6.60110870	      7.54620015	     -2.86038246	      0.00000000	      5.38111888	     13.79667038	      0.00000000
      7.90000000	     -1.69922547	      0.05409351	    181.16223559	     -0.11639070	      0.01014478	     -0.45971448	     -2.62672840	      1.11922207	      5.37613250	    -11.75133744	     -0.67073175	     -5.99932703	     -0.00612839	     -0.00616768	     -0.00152776	      0.00000000	      0.00000000	      0.00000000	     -0.02034302	      0.03174675	      0.00996876	      0.00000000	      0.00000000	      0.00000000	      0.00531602	      0.00499282	     -0.01757770	    211.90516357	     10.62141472	    -92.35369819	     45.43721039	      0.00000000	      0.00000000	      0.00000000	      0.00000000	   -207.23289701	     10.75357737	     79.22460280	     38.23596324	      0.00000000	      0.00000000	      0.00000000	      0.00000000	     -7.37800641	     -7.20659574	     -7.85514244	      3.17529012	      1.38608281	     -1.87900086	      0.00000000	     -1.62103423	      3.22478494	      0.00000000	     -9.16377992	     -6.26127169	    -21.76050744	      6.28217083	      7.53805005	     -3.06814737	      0.00000000	      5.69554597	     13.69749624	      0.00000000
      7.93333333	     -1.85550998	      0.24544853	    181.42010667	     -0.11819977	      0.00969338	     -0.45958309	     -2.59503806	      1.40195530	      5.04431011	    -12.56882696	     -0.18564405	     -6.03180084	     -0.00584757	     -0.00701066	     -0.00239601	      0.00000000	      0.00000000	      0.00000000	     -0.02124439	      0.03076659	      0.00819808	      0.00000000	      0.00000000	      0.00000000	      0.00621470	      0.00468213	     -0.01683896	    212.46482345	     10.84714149	    -90.87982880	     45.57461651	      0.00000000	      0.00000000	      0.00000000	      0.00000000	   -207.71835916	     10.88425237	     79.43745847	     38.53080265	      0.00000000	      0.00000000	      0.00000000	      0.00000000	     -7.48694735	     -7.12670667	     -8.14038542	      2.71829953	      0.91806607	     -1.61223318	      0.00000000	     -1.08513482	      3.18478813	      0.00000000	     -9.21874342	     -6.47043749	    -21.61488753	      6.02074409	      7.64396709	     -3.34957709	      0.00000000	      5.93728941	     13.62644326	      0.00000000
      7.96666667	     -1.99043943	      0.08672743	    182.19526076	     -0.12025358	      0.00946931	     -0.46013478	     -2.52822434	      1.05693797	      4.47088981	    -13.33829715	      0.86264560	     -6.29260408	     -0.00538201	     -0.00622963	     -0.00387660	      0.00000000	      0.00000000	      0.00000000	     -0.02302306	      0.02933577	      0.00868671	      0.00000000	      0.00000000	      0.00000000	      0.00676771	      0.00668353	     -0.01527373	    213.41815298	     10.62059098	    -88.47411909	     45.87714998	      0.00000000	      0.00000000	      0.00000000	      0.00000000	   -208.38539773	     10.66011387	     78.38064952	     39.97633442	      0.00000000	      0.00000000	      0.00000000	      0.00000000	     -8.06050744	     -7.04979830	     -8.41645264	      2.95374228	      0.70699690	     -1.90671989	      0.00000000	     -1.48951522	      3.13254650	      0.00000000	     -9.09759951	     -6.41797415	    -21.25719954	      5.65989714	      8.15475336	     -3.59240394	      0.00000000	      5.90864841	     13.56771338	      0.00000000
      8.00000000	     -2.17938635	     -0.24582382	    183.14888539	     -0.12269979	      0.00911900	     -0.46046036	     -2.50795575	      0.59438550	      3.82198143	    -12.65251114	      2.22322750	     -6.88108822	     -0.00225159	     -0.00560611	     -0.00770595	      0.00000000	      0.00000000	      0.00000000	     -0.02481197	      0.02906646	      0.01021612	      0.00000000	      0.00000000	      0.00000000	      0.00648535	      0.00923692	     -0.01514642	    213.74975102	     10.65119553	    -87.63859656	     45.66375326	      0.00000000	      0.00000000	      0.00000000	      0.00000000	   -208.60175288	     10.44226101	     76.50499342	     40.66075605	      0.00000000	      0.00000000	      0.00000000	      0.00000000	     -8.83780137	     -7.05768931	     -8.77596045	      3.23910721	      0.68330554	     -2.28626150	      0.00000000	     -2.06990707	      3.03394300	      0.00000000	     -9.16538953	     -6.16701751	    -20.91702466	      5.53307804	      9.25298043	     -3.76403789	      0.00000000	      5.85087446	     13.54991795	      0.00000000
      8.03333333	     -2.45035387	     -0.68968552	    184.26604621	     -0.12562187	      0.00862745	     -0.46074074	     -2.56262187	     -0.00847211	      2.89081391	    -11.09018685	      4.14553551	     -7.75101216	      0.00269053	     -0.00495837	     -0.01358766	      0.00000000	      0.00000000	      0.00000000	     -0.02645003	      0.02956484	      0.01221897	      0.00000000	      0.00000000	      0.00000000	      0.00667472	      0.01162001	     -0.01659187	    213.60252003	     11.10895300	    -88.39585515	     44.80681977	      0.00000000	      0.00000000	      0.00000000	      0.00000000	   -207.97538544	     10.17334614	     74.64589803	     40.32227349	      0.00000000	      0.00000000	      0.00000000	      0.00000000	     -9.89091025	     -7.08518299	     -9.36543075	      3.69658624	      0.69547571	     -2.70252017	      0.00000000	     -2.91183728	      3.34258023	      0.00000000	     -9.41592353	     -5.75565357	    -20.85085853	      5.53685544	     11.13211210	     -3.98313823	      0.00000000	      5.87038305	     13.33712418	      0.00000000
