Coordinates
version=1
nRows=270
nColumns=64
inDegrees=yes

Units are S.I. units (second, meters, Newtons, ...)
If the header above contains a line with 'inDegrees', this indicates whether rotational values are in degrees (yes) or radians (no).

endheader
time	pelvic_tilt	pelvic_list	pelvic_rotation	pelvic_tx	pelvic_ty	pelvic_tz	lumbar_extension	lumbar_bending	lumbar_rotation	neck_flex	neck_tilt	neck_rot	neck_tx1	neck_ty1	neck_tz1	SternumRRotZ	SternumRRotX	SternumRRotY	SternumRX	SternumRY	SternumRZ	SternumLRotZ	SternumLRotX	SternumLRotY	SternumLX	SternumLY	SternumLZ	shoulder_add_r	shoulder_flex_r	shoulder_rot_r	elbow_flexion_r	elbow_varus_valg_r	pro_sup_r	wrist_dev_r	wrist_flex_r	shoulder_add_l	shoulder_flex_l	shoulder_rot_l	elbow_flexion_l	elbow_varus_valg_l	pro_sup_l	wrist_dev_l	wrist_flex_l	hip_flexion_r	hip_adduction_r	hip_rotation_r	knee_angle_r	knee_rotation_r	knee_adduction_r	knee_tz_r	ankle_angle_r	subtalar_angle_r	mtp_angle_r	hip_flexion_l	hip_adduction_l	hip_rotation_l	knee_angle_l	knee_rotation_l	knee_adduction_l	knee_tz_l	ankle_angle_l	subtalar_angle_l	mtp_angle_l
      0.03333333	     44.93975154	      5.89289449	   -175.39668063	     -0.51538590	     -0.48476126	     -0.56036712	    -41.90616366	      1.31404090	      6.62413988	    -15.68436514	      6.44451956	     -4.89186851	      0.01344550	     -0.00428437	      0.02131384	      0.00000000	      0.00000000	      0.00000000	     -0.01015513	     -0.02054393	      0.02054627	      0.00000000	      0.00000000	      0.00000000	      0.02835386	      0.00999093	     -0.00554620	    110.61548598	   -234.94605652	    153.90616809	     26.14202021	      0.00000000	      0.00000000	      0.00000000	      0.00000000	   -275.68028815	     59.74724708	      4.08194111	     27.05338795	      0.00000000	      0.00000000	      0.00000000	      0.00000000	    -21.02062830	      2.82996938	    -15.24711577	    -11.30250717	     -2.06051893	     -4.98473282	      0.00000000	     31.24775182	     15.11209972	      0.00000000	    -23.70136099	    -14.79377249	      0.75038369	     -6.58361007	     -9.48091229	     -4.98473282	      0.00000000	     21.78773647	    -17.32779318	      0.00000000
      0.06666667	     43.70052464	      4.95557465	   -176.05692593	     -0.51532641	     -0.47735168	     -0.54378858	    -43.75064797	      2.06911843	      3.94172958	    -17.59718710	      5.40480434	     -0.60793159	      0.01108265	      0.00039333	      0.02256681	      0.00000000	      0.00000000	      0.00000000	      0.00226059	     -0.01249540	      0.02274752	      0.00000000	      0.00000000	      0.00000000	      0.02223575	      0.00739206	     -0.00294970	    111.99675932	   -237.38448105	    153.28774248	     28.55698683	      0.00000000	      0.00000000	      0.00000000	      0.00000000	   -277.57508537	     57.91593794	      5.53535990	     25.98616430	      0.00000000	      0.00000000	      0.00000000	      0.00000000	    -21.83213168	      0.78529031	    -15.07325815	    -11.76075343	     -4.16598686	     -4.98473282	      0.00000000	     31.02979563	     20.45003500	      0.00000000	    -24.54837880	    -13.24658335	      3.90881231	     -8.22553121	     -9.19041649	     -4.98473282	      0.00000000	     26.02140237	     -5.38651204	      0.00000000
      0.10000000	     43.79409096	      3.69025299	   -176.44841223	     -0.51503478	     -0.47061256	     -0.53115519	    -44.09460773	      2.18731667	      1.90660787	    -18.81011790	      5.38251787	      1.00798767	      0.00984935	      0.00369378	      0.02131760	      0.00000000	      0.00000000	      0.00000000	      0.00962201	     -0.00827311	      0.02412563	      0.00000000	      0.00000000	      0.00000000	      0.02056415	      0.00503705	      0.00009833	    111.94979754	   -238.68988231	    153.24911983	     29.60164627	      0.00000000	      0.00000000	      0.00000000	      0.00000000	   -278.45685441	     56.35903006	      5.76342448	     26.24505773	      0.00000000	      0.00000000	      0.00000000	      0.00000000	    -21.14421632	     -1.23538320	    -13.39484381	    -12.46495895	     -8.47211877	     -4.98473282	      0.00000000	     30.94078928	     24.98095987	      0.00000000	    -23.63216197	    -11.34007919	      8.48610621	     -9.48602645	    -13.17921210	     -4.98473282	      0.00000000	     28.05365641	      5.02667713	      0.00000000
      0.13333333	     44.73010866	      3.12289006	   -176.87466989	     -0.51487191	     -0.46649512	     -0.52429060	    -43.39057730	      2.28036848	      0.91673420	    -19.48690392	      5.97890430	      1.92390622	      0.00838939	      0.00593087	      0.01876543	      0.00000000	      0.00000000	      0.00000000	      0.01339591	     -0.00686499	      0.02440588	      0.00000000	      0.00000000	      0.00000000	      0.01974933	      0.00140412	      0.00128296	    111.45479975	   -239.38406181	    153.23089883	     29.96324863	      0.00000000	      0.00000000	      0.00000000	      0.00000000	   -278.35195688	     54.73709497	      5.23432762	     27.42694310	      0.00000000	      0.00000000	      0.00000000	      0.00000000	    -19.91755753	     -2.39597730	    -12.20127818	    -12.80756123	     -8.68566491	     -4.98473282	      0.00000000	     30.61048417	     24.98095987	      0.00000000	    -22.30640008	    -10.21333481	      9.50685557	     -9.65453927	    -14.89690267	     -4.98473282	      0.00000000	     28.68091993	      7.72137194	      0.00000000
      0.16666667	     44.97920407	      2.89857905	   -176.82860444	     -0.51526573	     -0.46530157	     -0.52251166	    -43.14694328	      2.39139374	      0.77228367	    -19.54171201	      6.14825836	      1.91533755	      0.00798642	      0.00742889	      0.01814923	      0.00000000	      0.00000000	      0.00000000	      0.01401979	     -0.00603298	      0.02428749	      0.00000000	      0.00000000	      0.00000000	      0.02026861	     -0.00056384	      0.00102140	    111.20391097	   -239.19927221	    153.09518712	     30.13415996	      0.00000000	      0.00000000	      0.00000000	      0.00000000	   -278.46691693	     54.46852192	      4.96482489	     27.74066536	      0.00000000	      0.00000000	      0.00000000	      0.00000000	    -19.72455023	     -2.76843365	    -12.35306223	    -12.68141404	     -8.88125133	     -4.98473282	      0.00000000	     30.34422837	     24.83618740	      0.00000000	    -21.88134429	     -9.91204668	      8.68938320	     -9.43277579	    -14.89690267	     -4.98473282	      0.00000000	     28.83590212	      7.12722242	      0.00000000
      0.20000000	     46.46349750	      2.99670176	   -177.72467423	     -0.51568998	     -0.46486784	     -0.52358557	    -41.62438656	      1.87576059	      1.94630480	    -19.53339408	      7.10445734	      0.99358175	      0.00673941	      0.00752873	      0.01555420	      0.00000000	      0.00000000	      0.00000000	      0.01244032	     -0.00768733	      0.02185576	      0.00000000	      0.00000000	      0.00000000	      0.02392132	     -0.00025549	      0.00295935	    109.73472988	   -238.12454828	    154.10986194	     30.03587771	      0.00000000	      0.00000000	      0.00000000	      0.00000000	   -280.12624491	     53.64303617	      4.87836858	     29.81347743	      0.00000000	      0.00000000	      0.00000000	      0.00000000	    -17.67735330	     -3.07798297	    -12.56687258	    -13.27545683	     -8.48246730	     -4.98473282	      0.00000000	     30.96471346	     24.32430514	      0.00000000	    -20.70717862	     -9.75331424	      6.62302349	     -8.79806254	    -13.87839351	     -4.98473282	      0.00000000	     27.69603389	      4.81246411	      0.00000000
      0.23333333	     47.34889075	      3.18090259	   -178.07670695	     -0.51609739	     -0.46568135	     -0.52555566	    -40.60398049	      1.68489679	      3.02997907	    -19.49540721	      7.46477293	     -0.21240926	      0.00557316	      0.00777426	      0.01440854	      0.00000000	      0.00000000	      0.00000000	      0.00935719	     -0.01035132	      0.01985106	      0.00000000	      0.00000000	      0.00000000	      0.02703169	      0.00195277	      0.00302354	    107.86417988	   -237.25058621	    155.32376164	     29.20354195	      0.00000000	      0.00000000	      0.00000000	      0.00000000	   -282.97185221	     53.97256200	      5.82353401	     31.01852467	      0.00000000	      0.00000000	      0.00000000	      0.00000000	    -16.64898450	     -2.89364894	    -12.86948999	    -13.36980366	     -8.30339952	     -4.98473282	      0.00000000	     31.61256544	     23.44929941	      0.00000000	    -20.17805174	    -10.10528444	      4.14859323	     -8.36067433	    -10.74120529	     -4.98473282	      0.00000000	     26.79156079	      2.80228768	      0.00000000
      0.26666667	     47.56004773	      3.25491911	   -178.09787257	     -0.51659851	     -0.46701237	     -0.52666246	    -40.32310880	      1.64126117	      3.30762834	    -19.54772837	      7.41253147	     -0.24803154	      0.00413992	      0.00803920	      0.01529207	      0.00000000	      0.00000000	      0.00000000	      0.00728123	     -0.01144965	      0.01952328	      0.00000000	      0.00000000	      0.00000000	      0.02772184	      0.00127838	      0.00389873	    107.75621167	   -237.15928929	    155.56467420	     29.03596885	      0.00000000	      0.00000000	      0.00000000	      0.00000000	   -283.07942989	     54.05442629	      5.78058160	     31.13839190	      0.00000000	      0.00000000	      0.00000000	      0.00000000	    -16.65540660	     -2.74603354	    -13.20838779	    -13.03579410	     -8.56066661	     -4.98473282	      0.00000000	     31.82681093	     23.26781182	      0.00000000	    -20.21886666	    -10.20256493	      3.83701855	     -8.21938272	    -10.63009642	     -4.98473282	      0.00000000	     25.88033875	      2.79092300	      0.00000000
      0.30000000	     47.62870338	      3.42954949	   -178.68854137	     -0.51696488	     -0.46941690	     -0.52639518	    -39.88116837	      1.74436844	      4.13694125	    -20.37368914	      7.27990758	     -0.62367371	      0.00383063	      0.00969542	      0.01298729	      0.00000000	      0.00000000	      0.00000000	      0.00610224	     -0.01291561	      0.01649785	      0.00000000	      0.00000000	      0.00000000	      0.02970728	      0.00148417	      0.00248353	    106.05772704	   -236.47445978	    157.58742171	     28.32533871	      0.00000000	      0.00000000	      0.00000000	      0.00000000	   -284.64572693	     53.97742015	      4.81282358	     31.81538721	      0.00000000	      0.00000000	      0.00000000	      0.00000000	    -16.78919235	     -2.89654075	    -13.00399484	    -12.85305898	     -8.58793208	     -4.98473282	      0.00000000	     32.18514960	     24.70681839	      0.00000000	    -21.06470555	    -10.06315520	      0.37711337	     -7.22598012	     -6.99309851	     -4.98473282	      0.00000000	     25.21058883	     -0.18591043	      0.00000000
      0.33333333	     47.50260102	      3.54623036	   -178.24668280	     -0.51750396	     -0.47098925	     -0.52638506	    -39.87880145	      2.13701794	      3.99932909	    -20.99416999	      6.77683487	      0.08723904	      0.00233155	      0.01085814	      0.01470255	      0.00000000	      0.00000000	      0.00000000	      0.00491391	     -0.01106728	      0.01661528	      0.00000000	      0.00000000	      0.00000000	      0.02979083	      0.00090001	      0.00218318	    107.41260682	   -236.23585444	    157.56843420	     28.70909151	      0.00000000	      0.00000000	      0.00000000	      0.00000000	   -283.65946927	     53.85476592	      3.25411359	     32.05123256	      0.00000000	      0.00000000	      0.00000000	      0.00000000	    -17.35861144	     -2.57896245	    -12.28301820	    -12.48691938	     -9.08959661	     -4.98473282	      0.00000000	     31.69151090	     24.92003837	      0.00000000	    -21.35494313	     -9.97791564	      0.75376290	     -6.99108691	     -5.68271389	     -4.98473282	      0.00000000	     25.00573338	     -3.44772550	      0.00000000
      0.36666667	     47.50844647	      3.66865327	   -177.73771954	     -0.51827237	     -0.47211744	     -0.52577932	    -39.87688155	      2.88960209	      3.74659569	    -21.14113173	      6.73707342	      0.91736813	      0.00147850	      0.01129681	      0.01252233	      0.00000000	      0.00000000	      0.00000000	      0.00504146	     -0.00870962	      0.01327428	      0.00000000	      0.00000000	      0.00000000	      0.03022137	      0.00156370	      0.00113608	    107.53150967	   -235.48727756	    158.04506395	     29.31810257	      0.00000000	      0.00000000	      0.00000000	      0.00000000	   -283.40896739	     53.28790899	      1.94311025	     32.72282302	      0.00000000	      0.00000000	      0.00000000	      0.00000000	    -17.70315431	     -2.30413565	    -12.26009225	    -12.22241489	     -8.99446567	     -4.98473282	      0.00000000	     31.30423016	     24.87768600	      0.00000000	    -21.08578548	     -9.90834045	      1.73582178	     -7.43852947	     -4.78333316	     -4.98473282	      0.00000000	     25.38612552	     -5.88953384	      0.00000000
      0.40000000	     48.02510783	      3.20980906	   -176.74990389	     -0.51950861	     -0.47306730	     -0.52454599	    -39.41359983	      3.44748878	      2.29857768	    -21.49546349	      6.26235425	      2.08682020	      0.00008420	      0.01131684	      0.01133368	      0.00000000	      0.00000000	      0.00000000	      0.00708054	     -0.00580054	      0.01004241	      0.00000000	      0.00000000	      0.00000000	      0.03045518	      0.00279750	      0.00149963	    108.33118314	   -234.87594182	    158.85606610	     30.52124400	      0.00000000	      0.00000000	      0.00000000	      0.00000000	   -283.63181585	     51.81525797	      1.63568393	     33.96250769	      0.00000000	      0.00000000	      0.00000000	      0.00000000	    -17.75793418	     -2.51802386	    -13.67684058	    -11.60148059	     -8.89235325	     -4.98473282	      0.00000000	     30.69253289	     24.98095987	      0.00000000	    -19.89109950	     -9.40798070	      4.74801957	     -8.54997579	     -3.20542899	     -4.98473282	      0.00000000	     24.63680117	    -10.15987056	      0.00000000
      0.43333333	     48.37606128	      3.06927432	   -176.81381708	     -0.52143347	     -0.47482564	     -0.52389823	    -39.17604016	      3.55464804	      2.16457773	    -21.47687850	      6.25179562	      2.25158613	     -0.00085361	      0.01060734	      0.00931865	      0.00000000	      0.00000000	      0.00000000	      0.00639715	     -0.00583605	      0.00840544	      0.00000000	      0.00000000	      0.00000000	      0.02971631	      0.00441961	      0.00284960	    108.17468975	   -234.68472909	    158.53268195	     30.72314004	      0.00000000	      0.00000000	      0.00000000	      0.00000000	   -283.91546818	     51.08684432	      0.90324704	     33.88260534	      0.00000000	      0.00000000	      0.00000000	      0.00000000	    -17.71476246	     -2.65713219	    -13.81597388	    -11.24111563	     -8.87712728	     -4.98473282	      0.00000000	     30.07017362	     24.98095987	      0.00000000	    -19.58348368	     -9.23690983	      5.04351132	     -8.80767540	     -2.91953963	     -4.98473282	      0.00000000	     23.87908658	     -9.77287257	      0.00000000
      0.46666667	     51.57035439	      2.81542240	   -175.52677835	     -0.52273438	     -0.47557316	     -0.52255881	    -35.79922939	      4.33659717	      0.24244785	    -22.15502679	      5.52681138	      3.92958359	     -0.00117017	      0.00872018	      0.01052080	      0.00000000	      0.00000000	      0.00000000	      0.00805119	     -0.00517999	      0.00684205	      0.00000000	      0.00000000	      0.00000000	      0.03154582	      0.00697322	      0.00606736	    110.29449038	   -234.04617310	    158.98470699	     32.93919091	      0.00000000	      0.00000000	      0.00000000	      0.00000000	   -285.38336814	     48.27888352	     -0.45513205	     36.47840913	      0.00000000	      0.00000000	      0.00000000	      0.00000000	    -14.73241035	     -2.88871995	    -16.26817785	    -11.24913667	     -7.86794088	     -4.98473282	      0.00000000	     29.53887206	     24.74671969	      0.00000000	    -15.03506062	     -9.03855305	      7.79625945	    -10.48183747	     -4.26366315	     -4.98473282	      0.00000000	     24.38013002	     -8.51447736	      0.00000000
      0.50000000	     54.18126994	      3.06540675	   -174.83798119	     -0.52506879	     -0.47792833	     -0.52199997	    -32.91671287	      5.07385124	     -0.59709409	    -22.92938633	      5.00625329	      4.73594752	     -0.00076803	      0.00751073	      0.01136762	      0.00000000	      0.00000000	      0.00000000	      0.00658166	     -0.00523501	      0.00653907	      0.00000000	      0.00000000	      0.00000000	      0.03002106	      0.00684035	      0.00768243	    112.08246633	   -233.37816094	    159.56054242	     34.60527688	      0.00000000	      0.00000000	      0.00000000	      0.00000000	   -285.79669847	     47.02365317	     -2.37397520	     37.06133539	      0.00000000	      0.00000000	      0.00000000	      0.00000000	    -12.33417488	     -2.75242988	    -17.09373755	    -11.30838575	     -6.71649639	     -4.98473282	      0.00000000	     29.35738183	     24.19894304	      0.00000000	    -11.64657459	     -9.17493313	      8.85783609	    -11.54066228	     -5.77280232	     -4.98473282	      0.00000000	     25.03578707	     -6.96987572	      0.00000000
      0.53333333	     56.33493873	      3.51892186	   -174.57219203	     -0.52856450	     -0.48130044	     -0.52166048	    -30.55214868	      5.75050166	     -1.18293469	    -23.71799066	      4.52431944	      5.43705735	      0.00007779	      0.00617304	      0.01157817	      0.00000000	      0.00000000	      0.00000000	      0.00451481	     -0.00631691	      0.00808594	      0.00000000	      0.00000000	      0.00000000	      0.02679089	      0.00694477	      0.00813882	    113.78989620	   -232.74765555	    160.86424169	     36.87189532	      0.00000000	      0.00000000	      0.00000000	      0.00000000	   -286.51084782	     45.72202943	     -3.35170374	     37.78161230	      0.00000000	      0.00000000	      0.00000000	      0.00000000	    -10.26274701	     -2.54756544	    -17.65172890	    -11.59694057	     -5.82430658	     -4.98473282	      0.00000000	     29.09089457	     23.94806711	      0.00000000	     -9.22771852	     -9.49206199	      8.52847363	    -12.13251040	     -5.96373234	     -4.98473282	      0.00000000	     25.23624810	     -6.36769378	      0.00000000
      0.56666667	     58.08762588	      4.08382794	   -174.43839697	     -0.53275349	     -0.48576290	     -0.52230377	    -28.63132242	      6.26107643	     -1.54224049	    -24.91012210	      4.13709787	      5.88030046	      0.00087482	      0.00603155	      0.01212161	      0.00000000	      0.00000000	      0.00000000	      0.00298644	     -0.00843940	      0.01013109	      0.00000000	      0.00000000	      0.00000000	      0.02365488	      0.00804156	      0.00964526	    115.28911485	   -231.60272424	    162.44521704	     39.70843954	      0.00000000	      0.00000000	      0.00000000	      0.00000000	   -287.19624143	     44.05627520	     -3.94238908	     39.02339835	      0.00000000	      0.00000000	      0.00000000	      0.00000000	     -8.61056838	     -2.19788154	    -18.20158378	    -11.96421369	     -5.18556009	     -4.98473282	      0.00000000	     28.84206238	     24.30549834	      0.00000000	     -7.32369965	    -10.06046980	      7.63592527	    -12.89790545	     -4.98513381	     -4.98473282	      0.00000000	     24.91853402	     -6.51372687	      0.00000000
      0.60000000	     59.59145965	      4.30770899	   -174.38208950	     -0.53694144	     -0.49103237	     -0.52299109	    -27.13567047	      6.35024268	     -1.86070245	    -26.09872064	      3.86156590	      6.05940276	      0.00113557	      0.00630127	      0.01181911	      0.00000000	      0.00000000	      0.00000000	      0.00179499	     -0.01181770	      0.01108386	      0.00000000	      0.00000000	      0.00000000	      0.02131008	      0.01026984	      0.01152076	    116.19630508	   -230.08645557	    163.27804773	     42.97950334	      0.00000000	      0.00000000	      0.00000000	      0.00000000	   -288.23541793	     41.95574123	     -3.71614381	     41.22626894	      0.00000000	      0.00000000	      0.00000000	      0.00000000	     -7.21786243	     -2.14432051	    -18.61060736	    -12.60406573	     -4.86991275	     -4.98473282	      0.00000000	     28.36001437	     24.81399304	      0.00000000	     -5.77205383	    -10.31072787	      7.01998780	    -13.79659313	     -3.29683386	     -4.98473282	      0.00000000	     23.87477884	     -6.59807838	      0.00000000
      0.63333333	     60.77484790	      4.12411589	   -174.25453216	     -0.54075031	     -0.49734904	     -0.52340281	    -26.05243474	      6.00564268	     -2.11239473	    -27.09463117	      3.62577763	      6.03730230	      0.00161718	      0.00677928	      0.01133481	      0.00000000	      0.00000000	      0.00000000	     -0.00007632	     -0.01500492	      0.00981555	      0.00000000	      0.00000000	      0.00000000	      0.02023027	      0.01204903	      0.01334721	    116.30676844	   -228.18645413	    163.63756289	     45.90096959	      0.00000000	      0.00000000	      0.00000000	      0.00000000	   -289.28964716	     39.82544765	     -3.06812423	     44.38647147	      0.00000000	      0.00000000	      0.00000000	      0.00000000	     -6.27300020	     -2.34979652	    -18.60939386	    -13.39488258	     -4.78771798	     -4.98473282	      0.00000000	     27.61358917	     24.78094822	      0.00000000	     -4.61023943	    -10.10619528	      6.73367944	    -14.59541943	     -1.85173748	     -4.98473282	      0.00000000	     22.67902117	     -5.99317503	      0.00000000
      0.66666667	     61.70162283	      3.69609018	   -174.17108034	     -0.54455896	     -0.50468017	     -0.52294951	    -25.29654202	      5.47078762	     -2.14033442	    -27.81225528	      3.33469510	      6.04339999	      0.00232834	      0.00691233	      0.01054761	      0.00000000	      0.00000000	      0.00000000	     -0.00314677	     -0.01602055	      0.00679668	      0.00000000	      0.00000000	      0.00000000	      0.01976296	      0.01232267	      0.01400595	    115.83084465	   -225.73953091	    164.20302619	     48.57607094	      0.00000000	      0.00000000	      0.00000000	      0.00000000	   -290.39297631	     37.97286968	     -2.46986760	     48.29878808	      0.00000000	      0.00000000	      0.00000000	      0.00000000	     -5.72607193	     -2.71566523	    -18.24440686	    -14.11447236	     -4.78089233	     -4.98473282	      0.00000000	     27.09207216	     23.75533319	      0.00000000	     -3.90038173	     -9.56195885	      6.52948700	    -15.03792588	     -1.04750073	     -4.98473282	      0.00000000	     22.03933614	     -4.34332674	      0.00000000
      0.70000000	     62.16598968	      3.11061903	   -174.14058061	     -0.54910938	     -0.51311241	     -0.52152099	    -25.11798806	      4.93593147	     -1.95728132	    -28.27254943	      2.93544252	      6.30306646	      0.00277217	      0.00675962	      0.00958516	      0.00000000	      0.00000000	      0.00000000	     -0.00737922	     -0.01502917	      0.00288559	      0.00000000	      0.00000000	      0.00000000	      0.01826241	      0.01194558	      0.01283224	    115.11298845	   -222.69911821	    164.97996519	     51.41202832	      0.00000000	      0.00000000	      0.00000000	      0.00000000	   -291.69995195	     36.64293661	     -2.37991637	     52.13314911	      0.00000000	      0.00000000	      0.00000000	      0.00000000	     -5.83185027	     -3.20667596	    -17.74029601	    -14.49576782	     -4.79136357	     -4.98473282	      0.00000000	     27.35498214	     22.11939470	      0.00000000	     -4.07342065	     -8.85854443	      6.39147489	    -14.86744315	     -0.84505489	     -4.98473282	      0.00000000	     22.17306955	     -1.77826176	      0.00000000
      0.73333333	     61.97176784	      2.48106144	   -174.62595171	     -0.55505392	     -0.52301333	     -0.51928651	    -25.50874796	      4.28855754	     -1.26805166	    -28.42623689	      2.39153033	      6.80900013	      0.00469652	      0.00534259	      0.00912465	      0.00000000	      0.00000000	      0.00000000	     -0.01137902	     -0.01345035	      0.00221522	      0.00000000	      0.00000000	      0.00000000	      0.01558608	      0.01236067	      0.00937518	    115.81054643	   -219.56452266	    165.62424067	     54.96630218	      0.00000000	      0.00000000	      0.00000000	      0.00000000	   -293.67906112	     35.71206179	     -3.27114770	     55.27740095	      0.00000000	      0.00000000	      0.00000000	      0.00000000	     -6.78519045	     -3.77368091	    -17.01252737	    -14.38288967	     -4.62674244	     -4.98473282	      0.00000000	     27.85239069	     20.33603591	      0.00000000	     -5.43032109	     -8.12568043	      6.04836693	    -14.39209624	     -1.82591860	     -4.98473282	      0.00000000	     23.04962807	      1.70152247	      0.00000000
      0.76666667	     62.02733880	      1.78330270	   -175.11737684	     -0.56220333	     -0.53349301	     -0.51637470	    -25.70678495	      3.69486638	     -0.85054006	    -28.46946552	      2.12032182	      7.62675707	      0.00583508	      0.00310561	      0.00784198	      0.00000000	      0.00000000	      0.00000000	     -0.01429949	     -0.01555842	      0.00201308	      0.00000000	      0.00000000	      0.00000000	      0.01104722	      0.01191056	      0.00323333	    116.88146104	   -216.52022150	    165.68361478	     59.17320398	      0.00000000	      0.00000000	      0.00000000	      0.00000000	   -296.29717732	     34.54809366	     -3.65429362	     58.43688689	      0.00000000	      0.00000000	      0.00000000	      0.00000000	     -7.60029487	     -4.54431392	    -16.20353043	    -13.93309219	     -4.79400777	     -4.98473282	      0.00000000	     28.19807998	     20.25443223	      0.00000000	     -6.70612537	     -7.21536173	      6.27094797	    -13.88910225	     -2.50257814	     -4.98473282	      0.00000000	     22.81778916	      2.65835920	      0.00000000
      0.80000000	     62.02542421	      1.20905035	   -176.11216410	     -0.57036747	     -0.54506795	     -0.51360685	    -25.73936935	      2.96692336	     -0.29356522	    -28.66963924	      1.94620145	      8.25604957	      0.00829068	      0.00050612	      0.00693795	      0.00000000	      0.00000000	      0.00000000	     -0.01433979	     -0.01856372	      0.00348551	      0.00000000	      0.00000000	      0.00000000	      0.00840039	      0.00942390	     -0.00297881	    119.29532542	   -213.76151494	    165.94174358	     64.04291667	      0.00000000	      0.00000000	      0.00000000	      0.00000000	   -298.57806053	     32.27117424	     -3.72359086	     62.59496372	      0.00000000	      0.00000000	      0.00000000	      0.00000000	     -8.40652554	     -5.26723852	    -14.39570058	    -13.45359648	     -5.45819386	     -4.98473282	      0.00000000	     27.63469820	     21.51511175	      0.00000000	     -8.15346579	     -6.34641973	      6.08172844	    -13.58257920	     -3.70098789	     -4.98473282	      0.00000000	     22.02535732	      2.75801108	      0.00000000
      0.83333333	     62.32041064	      0.82982425	   -177.22738504	     -0.57892577	     -0.55665497	     -0.51164818	    -25.35001199	      2.31235522	      0.23135138	    -29.27113186	      1.94700833	      8.85456526	      0.01087430	     -0.00156920	      0.00635139	      0.00000000	      0.00000000	      0.00000000	     -0.01325421	     -0.01989100	      0.00402223	      0.00000000	      0.00000000	      0.00000000	      0.00842580	      0.00562232	     -0.00710975	    121.94610735	   -211.28776694	    166.73688866	     68.34449336	      0.00000000	      0.00000000	      0.00000000	      0.00000000	   -300.16803098	     29.07910469	     -3.52451443	     67.46789262	      0.00000000	      0.00000000	      0.00000000	      0.00000000	     -8.55972065	     -5.78597991	    -11.01569592	    -13.49917964	     -8.09681148	     -4.98473282	      0.00000000	     26.57942869	     24.77746129	      0.00000000	     -9.16618586	     -5.74259009	      4.73609352	    -13.30465695	     -4.22262416	     -4.98473282	      0.00000000	     20.66503661	      2.99105247	      0.00000000
      0.86666667	     63.05492449	      1.02504555	   -178.03500522	     -0.58749752	     -0.56791502	     -0.51075496	    -24.47240145	      2.31042114	      0.55600283	    -29.70596966	      2.60340786	      9.01114547	      0.01366125	     -0.00404633	      0.00438692	      0.00000000	      0.00000000	      0.00000000	     -0.01412061	     -0.01903890	      0.00442426	      0.00000000	      0.00000000	      0.00000000	      0.00928852	      0.00373164	     -0.00741379	    124.05098157	   -209.60930645	    167.89497539	     71.33862667	      0.00000000	      0.00000000	      0.00000000	      0.00000000	   -301.14839116	     25.48385944	     -3.83956747	     71.58151486	      0.00000000	      0.00000000	      0.00000000	      0.00000000	     -8.05834089	     -5.69366942	     -8.88119673	    -14.19345514	     -7.78985660	     -4.98473282	      0.00000000	     25.50231148	     24.98095987	      0.00000000	     -9.66503379	     -5.83865940	      3.53077381	    -12.69731472	     -4.13411038	     -4.98473282	      0.00000000	     19.69425495	      3.78802459	      0.00000000
      0.90000000	     64.02770954	      1.10647508	   -179.07376443	     -0.59541413	     -0.57852715	     -0.51152411	    -23.34198712	      1.81393695	      1.15627502	    -31.06115967	      3.05073063	      9.22154551	      0.01555503	     -0.00374862	      0.00580123	      0.00000000	      0.00000000	      0.00000000	     -0.01621671	     -0.01549550	      0.00556620	      0.00000000	      0.00000000	      0.00000000	      0.00923834	      0.00497640	     -0.00440855	    125.89665946	   -207.89243060	    169.63017447	     73.20272990	      0.00000000	      0.00000000	      0.00000000	      0.00000000	   -301.39726889	     22.79752599	     -5.06433802	     74.00909583	      0.00000000	      0.00000000	      0.00000000	      0.00000000	     -6.91993142	     -5.55878973	     -6.28276415	    -15.50693580	     -8.22731986	     -4.98473282	      0.00000000	     24.59915611	     24.98095987	      0.00000000	     -9.51009259	     -6.09858640	     -0.05586585	    -12.69358138	     -2.49997507	     -4.98473282	      0.00000000	     20.30087291	      7.07387534	      0.00000000
      0.93333333	     64.67549432	      1.07556129	   -179.57584835	     -0.60264417	     -0.58931305	     -0.51301055	    -22.37252221	      1.33086019	      1.48206184	    -32.42606253	      3.36416629	      9.03479666	      0.01801682	     -0.00276963	      0.00821789	      0.00000000	      0.00000000	      0.00000000	     -0.01995106	     -0.01484987	      0.00650955	      0.00000000	      0.00000000	      0.00000000	      0.00751333	      0.00656277	     -0.00003556	    126.54033798	   -206.08695056	    171.41230696	     74.33425122	      0.00000000	      0.00000000	      0.00000000	      0.00000000	   -300.88017585	     21.48271210	     -6.86154371	     74.89242326	      0.00000000	      0.00000000	      0.00000000	      0.00000000	     -6.30461209	     -5.44526059	     -5.41398723	    -16.75388279	     -8.72586653	     -4.98473282	      0.00000000	     23.97945290	     24.98095987	      0.00000000	     -9.64327450	     -6.26258300	     -2.52350206	    -12.67607492	     -0.94128566	     -4.98473282	      0.00000000	     21.01775037	      9.30461142	      0.00000000
      0.96666667	     64.96997099	      0.72430558	   -179.73199445	     -0.60920569	     -0.59998641	     -0.51459509	    -21.84591120	      0.68153798	      1.58088522	    -33.25234637	      3.13297863	      8.62893024	      0.01982534	     -0.00269210	      0.01139169	      0.00000000	      0.00000000	      0.00000000	     -0.02467325	     -0.01845149	      0.00597033	      0.00000000	      0.00000000	      0.00000000	      0.00431614	      0.00519421	      0.00226969	    126.02756533	   -204.13039923	    172.96389029	     75.28830503	      0.00000000	      0.00000000	      0.00000000	      0.00000000	   -299.96441653	     21.10801861	     -7.60467663	     75.97856068	      0.00000000	      0.00000000	      0.00000000	      0.00000000	     -6.35980068	     -5.66294273	     -5.45554589	    -17.52316903	     -9.58008154	     -4.98473282	      0.00000000	     23.63283186	     24.98095987	      0.00000000	     -9.99113895	     -5.98922585	     -3.52932967	    -12.98179846	     -0.03415176	     -4.98473282	      0.00000000	     21.13464501	      9.72930442	      0.00000000
      1.00000000	     64.99920283	      0.62273599	   -180.33314715	     -0.61472130	     -0.61003774	     -0.51658668	    -21.69079992	      0.13465386	      2.28139198	    -33.68956266	      3.03914181	      7.78151476	      0.02020011	     -0.00278690	      0.01250211	      0.00000000	      0.00000000	      0.00000000	     -0.02761582	     -0.02220264	      0.00586900	      0.00000000	      0.00000000	      0.00000000	      0.00310916	      0.00354769	      0.00123199	    126.21456125	   -201.62648748	    173.94373547	     77.40856787	      0.00000000	      0.00000000	      0.00000000	      0.00000000	   -299.95896288	     19.67911353	     -7.32702192	     78.89194151	      0.00000000	      0.00000000	      0.00000000	      0.00000000	     -6.54281475	     -5.53613282	     -4.24349670	    -18.31602111	    -11.31080893	     -4.98473282	      0.00000000	     23.27473945	     24.98095987	      0.00000000	    -10.80888122	     -5.91528298	     -5.19582729	    -13.25467734	      1.12856568	     -4.98473282	      0.00000000	     20.80649011	      8.35458155	      0.00000000
      1.03333333	     64.78151665	      0.50073982	   -180.46061439	     -0.61968138	     -0.61924296	     -0.51837169	    -22.06564663	     -0.20674237	      2.49399949	    -33.24503016	      2.23151556	      6.60563920	      0.01833889	     -0.00491187	      0.01334963	      0.00000000	      0.00000000	      0.00000000	     -0.03308961	     -0.02614962	      0.00506532	      0.00000000	      0.00000000	      0.00000000	      0.00371280	      0.00076162	     -0.00084612	    126.53950443	   -199.59590834	    174.60767181	     78.92879684	      0.00000000	      0.00000000	      0.00000000	      0.00000000	   -300.10063106	     16.31862906	     -6.96405228	     83.18898123	      0.00000000	      0.00000000	      0.00000000	      0.00000000	     -7.29096014	     -5.33216599	     -3.20017541	    -18.63892102	    -12.89499297	     -4.98473282	      0.00000000	     23.29971505	     24.98095987	      0.00000000	    -11.85495126	     -5.79517280	     -5.74640291	    -13.20014714	      0.86820521	     -4.98473282	      0.00000000	     19.79158483	      7.19595262	      0.00000000
      1.06666667	     64.02114743	      0.60821343	   -180.70348927	     -0.62426220	     -0.62776852	     -0.52009197	    -23.26297099	     -0.19984642	      2.68688139	    -32.49108302	      1.36483865	      5.77186382	      0.01448265	     -0.00736884	      0.01246788	      0.00000000	      0.00000000	      0.00000000	     -0.03882431	     -0.02804035	      0.00309757	      0.00000000	      0.00000000	      0.00000000	      0.00426765	      0.00067381	     -0.00349259	    127.59929115	   -197.52020931	    175.10236574	     80.48773705	      0.00000000	      0.00000000	      0.00000000	      0.00000000	   -301.03404978	     11.62567656	     -7.60889050	     86.99546166	      0.00000000	      0.00000000	      0.00000000	      0.00000000	     -8.69360635	     -4.75469070	     -1.41794414	    -18.70509185	    -14.89690267	     -4.98473282	      0.00000000	     23.46302229	     24.98095987	      0.00000000	    -13.60540950	     -5.90595406	     -6.66033562	    -12.70447670	      0.45195994	     -4.98473282	      0.00000000	     18.69161224	      6.41024873	      0.00000000
      1.10000000	     63.56749523	      0.45795481	   -180.87245259	     -0.62823212	     -0.63562847	     -0.52142125	    -24.35244138	     -0.48462139	      2.51276903	    -31.94200603	      0.42087004	      5.37961305	      0.00914269	     -0.00969571	      0.01351827	      0.00000000	      0.00000000	      0.00000000	     -0.04479102	     -0.03169392	      0.00091919	      0.00000000	      0.00000000	      0.00000000	      0.00289344	      0.00470092	     -0.00294572	    128.66093512	   -195.21355371	    175.63245492	     82.46412150	      0.00000000	      0.00000000	      0.00000000	      0.00000000	   -301.50645732	      7.40543873	     -9.59440735	     88.83253451	      0.00000000	      0.00000000	      0.00000000	      0.00000000	     -9.93945538	     -4.63246645	     -0.96408951	    -18.48342161	    -14.89690267	     -4.98473282	      0.00000000	     23.60989094	     24.98095987	      0.00000000	    -14.95578130	     -5.77955392	     -7.56037719	    -12.13497352	      0.33158232	     -4.98473282	      0.00000000	     18.25427042	      6.08414567	      0.00000000
      1.13333333	     63.34095473	      0.17042680	   -180.95341374	     -0.63153741	     -0.64352005	     -0.52271210	    -25.16079963	     -1.00111998	      1.98759192	    -32.51200996	     -0.01791676	      5.76048509	      0.00337763	     -0.00970799	      0.01621549	      0.00000000	      0.00000000	      0.00000000	     -0.04822285	     -0.03602985	     -0.00155215	      0.00000000	      0.00000000	      0.00000000	     -0.00274313	      0.00994796	      0.00284541	    129.26040148	   -193.03229433	    176.88125906	     84.35064333	      0.00000000	      0.00000000	      0.00000000	      0.00000000	   -300.19966261	      5.23109317	    -12.11536186	     88.51987435	      0.00000000	      0.00000000	      0.00000000	      0.00000000	    -11.16089852	     -4.58779111	     -0.34041441	    -17.97319048	    -14.89690267	     -4.98473282	      0.00000000	     23.40588474	     24.98095987	      0.00000000	    -15.84441831	     -5.55570392	     -7.84732279	    -11.97086943	      0.64990139	     -4.98473282	      0.00000000	     18.47982282	      5.67609922	      0.00000000
      1.16666667	     60.98248554	     -0.14484322	   -180.86880243	     -0.63510201	     -0.65291569	     -0.52342984	    -28.35151966	     -1.48005403	      1.29995871	    -34.87651352	     -0.23219846	      8.13345471	     -0.00343452	     -0.00425786	      0.02314772	      0.00000000	      0.00000000	      0.00000000	     -0.04500184	     -0.03636235	     -0.00329774	      0.00000000	      0.00000000	      0.00000000	     -0.00932824	      0.01400059	      0.00972481	    130.50954430	   -190.74756896	    176.75127312	     87.75102459	      0.00000000	      0.00000000	      0.00000000	      0.00000000	   -297.79685690	      4.23814264	    -13.22573244	     89.00302839	      0.00000000	      0.00000000	      0.00000000	      0.00000000	    -15.27305244	     -4.87578324	     -1.53231707	    -16.42947295	    -13.73634880	     -4.98473282	      0.00000000	     22.68324024	     24.98095987	      0.00000000	    -19.32727860	     -5.32486323	     -9.06650836	    -11.30652734	      3.57581858	     -4.98473282	      0.00000000	     17.63986708	      2.91091492	      0.00000000
      1.20000000	     61.16227108	     -0.27428483	   -181.10438395	     -0.63754102	     -0.66099501	     -0.52347914	    -28.70042086	     -1.85346792	      1.43973236	    -38.41533888	      0.56746181	      9.27811472	     -0.00805129	      0.00180574	      0.02887541	      0.00000000	      0.00000000	      0.00000000	     -0.04436906	     -0.03599800	     -0.00496837	      0.00000000	      0.00000000	      0.00000000	     -0.01435031	      0.01169806	      0.01338102	    131.17052875	   -189.76447110	    176.12668128	     89.92904410	      0.00000000	      0.00000000	      0.00000000	      0.00000000	   -295.08743328	      3.52067563	    -13.37258142	     90.96915210	      0.00000000	      0.00000000	      0.00000000	      0.00000000	    -16.09447270	     -5.11986114	     -1.77940574	    -15.77959578	    -13.06969004	     -4.98473282	      0.00000000	     22.76919710	     24.98095987	      0.00000000	    -19.68479944	     -5.09361276	     -8.99841471	    -11.36643130	      3.53017281	     -4.98473282	      0.00000000	     18.04628281	      2.04812984	      0.00000000
      1.23333333	     61.12376601	     -0.76233060	   -180.94476764	     -0.63984741	     -0.67002580	     -0.52230532	    -28.89602899	     -2.32716810	      1.28658669	    -42.03910924	      2.38162270	     11.20308644	     -0.00820658	      0.00690098	      0.03433629	      0.00000000	      0.00000000	      0.00000000	     -0.04233813	     -0.03213275	     -0.00622589	      0.00000000	      0.00000000	      0.00000000	     -0.01417754	      0.01375739	      0.01132306	    132.12019021	   -188.06429128	    174.86929618	     92.78785691	      0.00000000	      0.00000000	      0.00000000	      0.00000000	   -295.08098487	      1.60690500	    -13.16202335	     93.37454245	      0.00000000	      0.00000000	      0.00000000	      0.00000000	    -17.46015320	     -5.83553219	     -2.85086804	    -14.67103811	    -12.55718983	     -4.98473282	      0.00000000	     23.47838085	     24.98095987	      0.00000000	    -20.30727749	     -4.53590548	     -8.48372640	    -11.23029717	      3.37440025	     -4.98473282	      0.00000000	     17.92024467	      1.30655937	      0.00000000
      1.26666667	     61.13956877	     -1.22327132	   -180.80266446	     -0.64179679	     -0.67773706	     -0.52036926	    -29.17590708	     -2.59211456	      1.46579453	    -44.40865435	      4.29047689	     12.57648686	     -0.00712487	      0.00944414	      0.03766977	      0.00000000	      0.00000000	      0.00000000	     -0.04406067	     -0.02753380	     -0.00787192	      0.00000000	      0.00000000	      0.00000000	     -0.01121240	      0.01735318	      0.00694320	    132.39799204	   -185.89417022	    173.41959874	     95.56959056	      0.00000000	      0.00000000	      0.00000000	      0.00000000	   -296.38125824	     -0.67581458	    -13.24406959	     95.53044029	      0.00000000	      0.00000000	      0.00000000	      0.00000000	    -18.43254593	     -6.63883113	     -4.16260997	    -13.93552626	    -11.88927605	     -4.98473282	      0.00000000	     24.32180241	     24.98095987	      0.00000000	    -20.61002764	     -3.97438527	     -7.67029830	    -11.49377917	      2.91315104	     -4.98473282	      0.00000000	     17.61205628	      0.70755524	      0.00000000
      1.30000000	     61.49570580	     -1.70911913	   -180.63388854	     -0.64344945	     -0.68430262	     -0.51826066	    -29.05045921	     -2.76640609	      1.63090255	    -45.12394374	      6.16620779	     13.12327056	     -0.00454973	      0.00809888	      0.03712355	      0.00000000	      0.00000000	      0.00000000	     -0.04650123	     -0.02346766	     -0.00931752	      0.00000000	      0.00000000	      0.00000000	     -0.00687909	      0.02035053	      0.00415895	    132.37832178	   -183.40120134	    172.41717021	     98.08119800	      0.00000000	      0.00000000	      0.00000000	      0.00000000	   -297.53325621	     -3.04340622	    -13.85669497	     97.27099663	      0.00000000	      0.00000000	      0.00000000	      0.00000000	    -18.85291288	     -7.45190764	     -5.67238097	    -13.50420575	    -10.85988893	     -4.98473282	      0.00000000	     24.99866854	     24.98095987	      0.00000000	    -20.43189645	     -3.36500323	     -6.76961160	    -11.88747929	      2.33901197	     -4.98473282	      0.00000000	     17.14259654	     -0.11690482	      0.00000000
      1.33333333	     62.34950216	     -2.16185957	   -180.42886006	     -0.64493884	     -0.68947210	     -0.51647261	    -28.36940975	     -2.83851726	      1.58032900	    -44.17554348	      7.58315417	     12.96112088	     -0.00127211	      0.00296086	      0.03260933	      0.00000000	      0.00000000	      0.00000000	     -0.04852200	     -0.02061138	     -0.01115740	      0.00000000	      0.00000000	      0.00000000	     -0.00387553	      0.02028731	      0.00287553	    131.98877106	   -181.47371511	    172.25993694	     99.52176926	      0.00000000	      0.00000000	      0.00000000	      0.00000000	   -297.91456971	     -5.21077823	    -14.47776786	     99.04986903	      0.00000000	      0.00000000	      0.00000000	      0.00000000	    -18.55779113	     -8.15000794	     -7.10845728	    -13.40746264	     -9.64371204	     -4.98473282	      0.00000000	     25.51690780	     24.98095987	      0.00000000	    -19.58347757	     -2.77662205	     -6.06090251	    -12.33133340	      1.68919228	     -4.98473282	      0.00000000	     16.61861385	     -1.13752584	      0.00000000
      1.36666667	     63.42993765	     -2.49323565	   -180.27338310	     -0.64653682	     -0.69412730	     -0.51555807	    -27.21803045	     -2.88110681	      1.27738232	    -42.51654029	      8.07472417	     12.87675364	      0.00252365	     -0.00416476	      0.02680936	      0.00000000	      0.00000000	      0.00000000	     -0.04967060	     -0.01979932	     -0.01479138	      0.00000000	      0.00000000	      0.00000000	     -0.00399438	      0.01746146	      0.00140869	    130.88392303	   -180.22240970	    173.17976597	     99.56580247	      0.00000000	      0.00000000	      0.00000000	      0.00000000	   -297.73880989	     -6.78404468	    -14.89343457	    100.65200673	      0.00000000	      0.00000000	      0.00000000	      0.00000000	    -17.93844491	     -8.56474407	     -7.72345325	    -13.38825277	     -9.12359047	     -4.98473282	      0.00000000	     25.81068652	     24.98095987	      0.00000000	    -18.72290494	     -2.32041502	     -5.90440570	    -12.17216756	      1.09551016	     -4.98473282	      0.00000000	     16.07849608	     -1.67537319	      0.00000000
      1.40000000	     66.00542387	     -2.68605173	   -180.25760274	     -0.64779634	     -0.69609321	     -0.51510701	    -24.53954030	     -2.83682699	      0.75243275	    -40.96093460	      6.95266929	     12.96876186	      0.00462664	     -0.01139338	      0.02227822	      0.00000000	      0.00000000	      0.00000000	     -0.04973994	     -0.02047000	     -0.01852090	      0.00000000	      0.00000000	      0.00000000	     -0.00701421	      0.01293255	     -0.00138494	    129.69094047	   -179.42111943	    174.78999041	     99.29196617	      0.00000000	      0.00000000	      0.00000000	      0.00000000	   -297.60697110	     -7.66957785	    -15.22802908	    101.73853664	      0.00000000	      0.00000000	      0.00000000	      0.00000000	    -14.99900326	     -8.95420354	     -8.27956700	    -14.30179123	     -8.33706316	     -4.98473282	      0.00000000	     26.80972431	     24.90912686	      0.00000000	    -15.65725753	     -1.90499949	     -4.96828156	    -13.02312487	     -0.00079455	     -4.98473282	      0.00000000	     15.62160327	     -2.42755299	      0.00000000
      1.43333333	     67.54055396	     -2.71012280	   -180.31979124	     -0.64943923	     -0.69820671	     -0.51553403	    -22.76357172	     -2.78913072	      0.30784825	    -41.16706878	      5.07742481	     13.15099342	      0.00392021	     -0.01364024	      0.02054492	      0.00000000	      0.00000000	      0.00000000	     -0.04992997	     -0.02208722	     -0.02168720	      0.00000000	      0.00000000	      0.00000000	     -0.01223583	      0.00979597	     -0.00228004	    128.77718991	   -178.80971166	    176.38104562	     99.01773316	      0.00000000	      0.00000000	      0.00000000	      0.00000000	   -296.91277229	     -7.14580743	    -16.35963115	    101.03825303	      0.00000000	      0.00000000	      0.00000000	      0.00000000	    -13.31234572	     -8.96997930	     -8.16333379	    -14.65637000	     -8.40054155	     -4.98473282	      0.00000000	     26.87415913	     24.43807933	      0.00000000	    -14.12096918	     -1.79021943	     -4.44144182	    -13.20445059	     -0.14017697	     -4.98473282	      0.00000000	     15.25322049	     -2.70254358	      0.00000000
      1.46666667	     68.98664083	     -2.61817061	   -180.43248164	     -0.65080781	     -0.69908355	     -0.51580570	    -20.99720128	     -2.62361469	     -0.09087068	    -42.28181419	      2.89068880	     13.02926875	      0.00147443	     -0.01324541	      0.02095678	      0.00000000	      0.00000000	      0.00000000	     -0.04943477	     -0.02193100	     -0.02180513	      0.00000000	      0.00000000	      0.00000000	     -0.01484516	      0.00979044	     -0.00312406	    129.33560395	   -178.94513644	    176.98035814	     98.93165319	      0.00000000	      0.00000000	      0.00000000	      0.00000000	   -296.84565308	     -6.92034555	    -17.87743239	     99.89491194	      0.00000000	      0.00000000	      0.00000000	      0.00000000	    -11.54597324	     -9.01045904	     -8.43409887	    -15.09258705	     -8.34826063	     -4.98473282	      0.00000000	     26.67005645	     24.95739202	      0.00000000	    -12.55250796	     -1.83111006	     -3.94522700	    -13.72544778	      0.60801001	     -4.98473282	      0.00000000	     15.09586163	     -3.71864069	      0.00000000
      1.50000000	     69.09715392	     -2.44815315	   -180.59846825	     -0.65198584	     -0.69920459	     -0.51617497	    -20.64130982	     -2.44745583	     -0.28021976	    -43.84531876	      1.32874138	     12.12631822	     -0.00187283	     -0.01055963	      0.02169623	      0.00000000	      0.00000000	      0.00000000	     -0.04808419	     -0.02116221	     -0.01998671	      0.00000000	      0.00000000	      0.00000000	     -0.01461766	      0.00910214	     -0.00213933	    130.69841571	   -179.79923423	    176.03949882	     99.15112862	      0.00000000	      0.00000000	      0.00000000	      0.00000000	   -296.26275115	     -7.38036979	    -18.76945367	     99.09997142	      0.00000000	      0.00000000	      0.00000000	      0.00000000	    -11.41946774	     -8.89938340	     -8.62613388	    -15.00606320	     -8.10768390	     -4.98473282	      0.00000000	     25.93149816	     24.98095987	      0.00000000	    -12.53673769	     -2.01723846	     -3.80204533	    -13.78582518	      1.06088674	     -4.98473282	      0.00000000	     14.86164493	     -4.08395728	      0.00000000
      1.53333333	     68.59963092	     -2.45097098	   -180.54822294	     -0.65229807	     -0.69759766	     -0.51610297	    -20.95713285	     -2.38534690	     -0.38334268	    -45.96235757	      0.56723708	     11.31186593	     -0.00515144	     -0.00542528	      0.02372074	      0.00000000	      0.00000000	      0.00000000	     -0.04707312	     -0.02087586	     -0.01721356	      0.00000000	      0.00000000	      0.00000000	     -0.01105153	      0.00731412	     -0.00094390	    131.71839268	   -180.98141537	    174.48111313	     99.30136747	      0.00000000	      0.00000000	      0.00000000	      0.00000000	   -295.57607834	     -8.48885905	    -18.65063132	     99.18320637	      0.00000000	      0.00000000	      0.00000000	      0.00000000	    -11.90326190	     -8.94857358	     -9.02638752	    -15.01471144	     -7.62126696	     -4.98473282	      0.00000000	     25.50247199	     24.98095987	      0.00000000	    -12.86561261	     -2.09638847	     -3.82027776	    -14.04470969	      1.72889692	     -4.98473282	      0.00000000	     14.77964857	     -4.50535425	      0.00000000
      1.56666667	     66.27355959	     -2.65285956	   -180.18299057	     -0.65209191	     -0.69595253	     -0.51600462	    -23.13124266	     -2.47053916	     -0.69411185	    -47.54768127	      2.44848090	     10.78176508	     -0.00720360	      0.00010516	      0.02163669	      0.00000000	      0.00000000	      0.00000000	     -0.04792374	     -0.02095875	     -0.01481952	      0.00000000	      0.00000000	      0.00000000	     -0.00692989	      0.00586678	      0.00119497	    131.98821991	   -182.33654148	    173.28125768	     98.68207655	      0.00000000	      0.00000000	      0.00000000	      0.00000000	   -294.56211332	     -9.25113672	    -18.27297631	     99.04288573	      0.00000000	      0.00000000	      0.00000000	      0.00000000	    -15.00708049	     -9.05963976	    -10.17907904	    -13.92640903	     -6.52310458	     -4.98473282	      0.00000000	     25.15486011	     24.98095987	      0.00000000	    -15.43999128	     -2.07519401	     -4.46683577	    -13.34001442	      2.67563926	     -4.98473282	      0.00000000	     14.14058476	     -5.12441681	      0.00000000
      1.60000000	     63.60653763	     -2.74072499	   -180.03280968	     -0.65119578	     -0.69175490	     -0.51630818	    -25.85577402	     -2.73370592	     -0.43465127	    -47.64699709	      5.79577382	     10.89604910	     -0.00814359	      0.00208246	      0.01994551	      0.00000000	      0.00000000	      0.00000000	     -0.04964471	     -0.02316765	     -0.01231276	      0.00000000	      0.00000000	      0.00000000	     -0.00508638	      0.00709969	      0.00478078	    131.86388184	   -183.56255884	    172.58586794	     97.67192044	      0.00000000	      0.00000000	      0.00000000	      0.00000000	   -293.50384586	     -8.17389176	    -18.34495799	     97.62885931	      0.00000000	      0.00000000	      0.00000000	      0.00000000	    -17.94592974	     -8.96637852	    -10.56139203	    -13.35728656	     -6.25355352	     -4.98473282	      0.00000000	     24.90174692	     24.98095987	      0.00000000	    -18.02690029	     -2.13091982	     -5.14278174	    -12.97546487	      2.80203418	     -4.98473282	      0.00000000	     13.72392192	     -4.66871219	      0.00000000
      1.63333333	     62.13809222	     -2.72730570	   -179.91819578	     -0.64986179	     -0.68580267	     -0.51713331	    -27.20583046	     -2.99673266	     -0.12212558	    -47.41272886	     10.28861136	     12.33637423	     -0.00740098	      0.00217800	      0.01705944	      0.00000000	      0.00000000	      0.00000000	     -0.05061888	     -0.02699353	     -0.01298027	      0.00000000	      0.00000000	      0.00000000	     -0.00509228	      0.01030665	      0.00660667	    131.11495981	   -185.54749156	    172.79453136	     95.39316530	      0.00000000	      0.00000000	      0.00000000	      0.00000000	   -293.25299156	     -5.87240651	    -18.43015345	     95.85417511	      0.00000000	      0.00000000	      0.00000000	      0.00000000	    -19.21083445	     -8.73832428	    -10.65034252	    -13.09025071	     -6.88484534	     -4.98473282	      0.00000000	     24.56922381	     24.93763919	      0.00000000	    -19.29392590	     -2.23672406	     -5.45024209	    -12.66394619	      2.94953436	     -4.98473282	      0.00000000	     13.91150143	     -4.17013742	      0.00000000
      1.66666667	     60.07039801	     -2.46482729	   -179.99720020	     -0.64890982	     -0.67997319	     -0.51883741	    -28.96618549	     -3.19525535	      0.33113917	    -47.38849456	     14.63004076	     13.05391975	     -0.00555803	      0.00297299	      0.01295623	      0.00000000	      0.00000000	      0.00000000	     -0.04789459	     -0.02921221	     -0.01341986	      0.00000000	      0.00000000	      0.00000000	     -0.00475028	      0.01334453	      0.00766672	    130.86925110	   -187.79481383	    173.24335016	     93.27643896	      0.00000000	      0.00000000	      0.00000000	      0.00000000	   -293.26644270	     -2.82726985	    -17.45389175	     94.57112414	      0.00000000	      0.00000000	      0.00000000	      0.00000000	    -21.10475033	     -8.21154170	    -10.47536971	    -12.51386011	     -7.97848484	     -4.98473282	      0.00000000	     23.77764022	     24.42577495	      0.00000000	    -21.60733500	     -2.60501989	     -6.12831347	    -11.65798441	      3.55302551	     -4.98473282	      0.00000000	     14.30312855	     -3.27259502	      0.00000000
      1.70000000	     58.85988346	     -1.92310737	   -180.06264773	     -0.64820348	     -0.67330982	     -0.52089484	    -29.64363559	     -3.04231734	      0.53137093	    -47.51103466	     15.89816791	     14.03229947	     -0.00358524	      0.00189950	      0.01337380	      0.00000000	      0.00000000	      0.00000000	     -0.04104242	     -0.02955905	     -0.01245052	      0.00000000	      0.00000000	      0.00000000	     -0.00507526	      0.01368620	      0.00716022	    130.76988686	   -189.54584784	    174.15646548	     91.52731175	      0.00000000	      0.00000000	      0.00000000	      0.00000000	   -294.12202847	      0.73535479	    -14.67521154	     93.15240431	      0.00000000	      0.00000000	      0.00000000	      0.00000000	    -21.83566865	     -7.55904181	    -10.60896364	    -12.34634716	     -8.52080011	     -4.98473282	      0.00000000	     23.20352573	     24.21262114	      0.00000000	    -22.82599013	     -3.26262596	     -6.96327978	    -10.87190052	      4.14740081	     -4.98473282	      0.00000000	     14.58959764	     -2.67477082	      0.00000000
      1.73333333	     57.59568166	     -1.09395924	   -180.19601288	     -0.64708148	     -0.66668413	     -0.52296900	    -30.23188428	     -2.47335819	      0.68476275	    -47.78735127	     13.20869702	     14.23934288	     -0.00286433	      0.00065421	      0.01871829	      0.00000000	      0.00000000	      0.00000000	     -0.03481052	     -0.03037505	     -0.01041342	      0.00000000	      0.00000000	      0.00000000	     -0.00610743	      0.01061443	      0.00581244	    130.34756017	   -190.82764997	    174.64935395	     89.85785542	      0.00000000	      0.00000000	      0.00000000	      0.00000000	   -294.92187370	      4.76590374	    -11.81816619	     90.56560664	      0.00000000	      0.00000000	      0.00000000	      0.00000000	    -22.69684019	     -6.70165182	    -10.68442539	    -11.98816924	     -8.89895571	     -4.98473282	      0.00000000	     23.36662276	     24.73380418	      0.00000000	    -24.45247603	     -4.18702801	     -8.79833798	     -9.41627455	      4.83728741	     -4.98473282	      0.00000000	     14.65511737	     -1.71447045	      0.00000000
      1.76666667	     56.92460464	     -0.30266944	   -180.19328508	     -0.64477120	     -0.65864671	     -0.52444497	    -30.20410866	     -1.73658515	      0.37536446	    -48.18699171	      8.35063046	     13.20691990	     -0.00260874	      0.00020539	      0.02443911	      0.00000000	      0.00000000	      0.00000000	     -0.02966323	     -0.02973699	     -0.00810400	      0.00000000	      0.00000000	      0.00000000	     -0.00799527	      0.00824831	      0.00306745	    129.86566786	   -192.08641169	    175.44834410	     87.49141361	      0.00000000	      0.00000000	      0.00000000	      0.00000000	   -296.14451160	      8.20737978	    -10.16673272	     86.60541434	      0.00000000	      0.00000000	      0.00000000	      0.00000000	    -22.61990958	     -5.91703848	    -10.29594809	    -12.19558831	     -8.48864220	     -4.98473282	      0.00000000	     23.77886845	     24.98095987	      0.00000000	    -25.10886326	     -5.07509556	     -9.89969282	     -8.56591236	      5.08134934	     -4.98473282	      0.00000000	     14.44336385	     -1.05800511	      0.00000000
      1.80000000	     56.27745535	      0.52843352	   -180.18725946	     -0.64069408	     -0.64946404	     -0.52466886	    -30.20034836	     -0.68225186	      0.03988213	    -47.97496818	      2.53925751	     11.94404496	     -0.00221005	     -0.00037986	      0.02983756	      0.00000000	      0.00000000	      0.00000000	     -0.02819902	     -0.02799631	     -0.00845504	      0.00000000	      0.00000000	      0.00000000	     -0.00965754	      0.00827298	      0.00005166	    129.00601645	   -194.83099077	    175.51501534	     83.42734615	      0.00000000	      0.00000000	      0.00000000	      0.00000000	   -296.90079999	     10.50518277	    -10.58298908	     82.34896098	      0.00000000	      0.00000000	      0.00000000	      0.00000000	    -22.26984929	     -5.13908760	     -9.07150685	    -12.68717008	     -7.72331907	     -4.98473282	      0.00000000	     24.25598937	     24.98095987	      0.00000000	    -25.68023658	     -5.88526204	    -11.01477042	     -7.75569593	      5.23728363	     -4.98473282	      0.00000000	     14.39925743	     -0.38873512	      0.00000000
      1.83333333	     55.37244543	      1.27281315	   -180.50332234	     -0.63480937	     -0.63895018	     -0.52385552	    -30.55560420	      0.11720893	      0.16092059	    -47.23080381	     -1.49577454	     11.26538945	     -0.00145350	     -0.00118271	      0.03331134	      0.00000000	      0.00000000	      0.00000000	     -0.02926678	     -0.02392628	     -0.00753905	      0.00000000	      0.00000000	      0.00000000	     -0.01033353	      0.01159997	     -0.00147986	    128.62718689	   -199.40460352	    175.16263514	     77.97142603	      0.00000000	      0.00000000	      0.00000000	      0.00000000	   -296.94702850	     12.25830496	    -11.73947321	     78.80819480	      0.00000000	      0.00000000	      0.00000000	      0.00000000	    -21.79499716	     -4.52651362	     -6.79903700	    -13.53973018	     -7.97366484	     -4.98473282	      0.00000000	     24.53425698	     24.98095987	      0.00000000	    -26.50019878	     -6.38132062	    -11.88818915	     -6.96283576	      5.81554847	     -4.98473282	      0.00000000	     14.77164133	      0.53149209	      0.00000000
      1.86666667	     54.11892679	      1.81210994	   -180.98228740	     -0.62769868	     -0.62717689	     -0.52192160	    -31.36123006	      0.60462586	      0.86421893	    -46.23694378	     -1.88192138	     10.70489207	     -0.00072935	     -0.00253879	      0.03176347	      0.00000000	      0.00000000	      0.00000000	     -0.02936161	     -0.01889937	     -0.00346249	      0.00000000	      0.00000000	      0.00000000	     -0.00973934	      0.01457826	     -0.00290705	    128.61924770	   -204.20776660	    174.46068884	     72.94867967	      0.00000000	      0.00000000	      0.00000000	      0.00000000	   -296.37279428	     14.89853866	    -12.52112397	     76.12976688	      0.00000000	      0.00000000	      0.00000000	      0.00000000	    -21.69801431	     -4.14208176	     -3.87508262	    -14.15624869	     -9.17207078	     -4.98473282	      0.00000000	     24.57914401	     24.93280461	      0.00000000	    -27.33426275	     -6.46196163	    -11.94457444	     -6.66639007	      6.33287260	     -4.98473282	      0.00000000	     15.24611845	      1.14812208	      0.00000000
      1.90000000	     52.56436126	      2.56890695	   -181.54189211	     -0.62000465	     -0.61404037	     -0.51971121	    -32.66302825	      1.03236606	      2.18614490	    -45.29244354	      1.11019987	     10.91860000	     -0.00002699	     -0.00321259	      0.02780991	      0.00000000	      0.00000000	      0.00000000	     -0.02787926	     -0.01615627	      0.00110345	      0.00000000	      0.00000000	      0.00000000	     -0.00629829	      0.01605031	     -0.00422989	    127.10323634	   -208.03596091	    174.23577865	     68.61017583	      0.00000000	      0.00000000	      0.00000000	      0.00000000	   -295.95099934	     18.33683045	    -11.89961237	     73.87854720	      0.00000000	      0.00000000	      0.00000000	      0.00000000	    -21.99735506	     -3.57535111	     -1.35447393	    -14.32192015	    -10.99136355	     -4.98473282	      0.00000000	     24.81217019	     24.98095987	      0.00000000	    -28.03936969	     -6.62940442	    -11.08480287	     -7.16456032	      6.01527678	     -4.98473282	      0.00000000	     15.71875557	      0.94348681	      0.00000000
      1.93333333	     51.10733780	      3.68343866	   -181.93760483	     -0.61244331	     -0.59947069	     -0.51752425	    -34.06794263	      1.75814280	      3.63560519	    -44.97867680	      6.13602930	     11.98054711	      0.00098458	     -0.00129129	      0.02207049	      0.00000000	      0.00000000	      0.00000000	     -0.02556782	     -0.01529177	      0.00292303	      0.00000000	      0.00000000	      0.00000000	      0.00023637	      0.01534232	     -0.00590035	    123.54525614	   -210.76118369	    175.11088302	     64.37219161	      0.00000000	      0.00000000	      0.00000000	      0.00000000	   -296.16310108	     21.71676445	    -10.24086149	     71.74460467	      0.00000000	      0.00000000	      0.00000000	      0.00000000	    -22.13021783	     -2.63728819	      0.46511928	    -14.36341172	    -12.90115967	     -4.98473282	      0.00000000	     24.97692792	     24.98095987	      0.00000000	    -28.25985853	     -7.09769978	     -8.81052730	     -8.34396972	      4.01855615	     -4.98473282	      0.00000000	     16.17790810	     -0.94679128	      0.00000000
      1.96666667	     50.17597753	      5.09200396	   -182.06811179	     -0.60547803	     -0.58389387	     -0.51649637	    -35.02726834	      2.67785815	      4.98106991	    -45.63261508	     10.59855907	     13.95257186	      0.00232960	      0.00349678	      0.01919693	      0.00000000	      0.00000000	      0.00000000	     -0.02439820	     -0.01567590	      0.00196570	      0.00000000	      0.00000000	      0.00000000	      0.00902677	      0.01486881	     -0.00515969	    119.41933211	   -213.13209292	    176.65165351	     59.33081936	      0.00000000	      0.00000000	      0.00000000	      0.00000000	   -296.71790632	     24.33073568	     -8.59448866	     69.27039941	      0.00000000	      0.00000000	      0.00000000	      0.00000000	    -21.66633983	     -1.28163897	      0.99287824	    -14.39826806	    -13.90844353	     -4.98473282	      0.00000000	     24.82522240	     24.39575873	      0.00000000	    -27.73956434	     -7.97823049	     -6.03708014	     -9.70909759	      0.79933815	     -4.98473282	      0.00000000	     16.73164907	     -3.98153728	      0.00000000
      2.00000000	     50.45898139	      5.42388447	   -180.91827831	     -0.59810082	     -0.56625961	     -0.51488595	    -34.94098819	      3.44745747	      3.76011765	    -45.67608385	     12.03063626	     14.28215158	      0.00319866	      0.00734634	      0.01719259	      0.00000000	      0.00000000	      0.00000000	     -0.02369301	     -0.01438641	      0.00077306	      0.00000000	      0.00000000	      0.00000000	      0.01409852	      0.01451160	      0.00000675	    116.77202956	   -216.92302821	    178.29897907	     52.89919989	      0.00000000	      0.00000000	      0.00000000	      0.00000000	   -296.17584341	     25.81113297	     -7.08181162	     65.69124681	      0.00000000	      0.00000000	      0.00000000	      0.00000000	    -19.79142847	     -0.57022055	      0.23618828	    -14.98462358	    -14.66262354	     -4.98473282	      0.00000000	     25.56590116	     24.54467532	      0.00000000	    -24.36052657	     -7.76211584	      3.89054997	    -12.93344294	     -6.50643051	     -4.98473282	      0.00000000	     17.66899703	     -8.86032801	      0.00000000
      2.03333333	     50.01615020	      6.75142414	   -181.14368326	     -0.59202447	     -0.55114663	     -0.51740465	    -35.34810450	      3.86347936	      4.85355382	    -46.61070178	     11.18275696	     14.78237267	      0.00321345	      0.01200888	      0.02097517	      0.00000000	      0.00000000	      0.00000000	     -0.02161063	     -0.01075118	      0.00063898	      0.00000000	      0.00000000	      0.00000000	      0.01928763	      0.01901245	      0.00775281	    117.27838162	   -219.38411204	    178.11580234	     47.93697021	      0.00000000	      0.00000000	      0.00000000	      0.00000000	   -296.40076007	     27.70272617	     -6.61285206	     61.51874613	      0.00000000	      0.00000000	      0.00000000	      0.00000000	    -19.07469351	      0.70098453	     -0.68409632	    -14.77092216	    -13.56129332	     -4.98473282	      0.00000000	     25.60029930	     24.98095987	      0.00000000	    -23.58654069	     -8.73530598	      5.18769018	    -13.40983160	     -8.51546156	     -4.98473282	      0.00000000	     18.82894696	     -9.47389256	      0.00000000
      2.06666667	     50.13108956	      5.90258194	   -179.47999022	     -0.58517552	     -0.53552518	     -0.51820745	    -35.21805341	      3.47886377	      2.44538827	    -46.21396713	      7.03954060	     14.83914967	      0.00237194	      0.01259098	      0.02850054	      0.00000000	      0.00000000	      0.00000000	     -0.02271627	     -0.01363060	      0.00389808	      0.00000000	      0.00000000	      0.00000000	      0.01910744	      0.02448951	      0.01633120	    117.65924973	   -225.28537797	    177.34341885	     39.27009538	      0.00000000	      0.00000000	      0.00000000	      0.00000000	   -296.13107982	     29.95238318	     -5.83842010	     56.00943577	      0.00000000	      0.00000000	      0.00000000	      0.00000000	    -18.25004970	     -0.02338901	     -6.75253128	    -14.20452507	     -9.60850836	     -4.98473282	      0.00000000	     25.90970482	     24.98095987	      0.00000000	    -20.73603849	     -7.66809875	     12.31385131	    -15.28873232	    -14.89690267	     -4.98473282	      0.00000000	     20.20735670	     -4.55134694	      0.00000000
      2.10000000	     49.71680014	      5.44809641	   -179.13371014	     -0.57799522	     -0.52171549	     -0.52171312	    -35.56281906	      2.33706545	      1.99725617	    -45.15024333	      3.96876330	     14.00282972	      0.00243380	      0.01182096	      0.03436402	      0.00000000	      0.00000000	      0.00000000	     -0.01776437	     -0.01708245	      0.00581350	      0.00000000	      0.00000000	      0.00000000	      0.02068649	      0.03023703	      0.02383149	    119.56425191	   -229.12843460	    173.77222799	     33.88681829	      0.00000000	      0.00000000	      0.00000000	      0.00000000	   -295.91847173	     33.64757579	     -4.93487116	     50.33039972	      0.00000000	      0.00000000	      0.00000000	      0.00000000	    -17.91674562	     -0.21689521	     -8.71699992	    -13.86222154	     -7.93933320	     -4.98473282	      0.00000000	     25.30630696	     24.98095987	      0.00000000	    -19.82671059	     -7.36960943	     12.64207061	    -15.30707108	    -14.89690267	     -4.98473282	      0.00000000	     19.60029435	     -2.71203311	      0.00000000
      2.13333333	     49.46794491	      4.57573499	   -178.73331068	     -0.56981107	     -0.50849005	     -0.52478150	    -35.87908588	      0.92950626	      1.36209251	    -43.82242565	      2.00409103	     13.75773933	      0.00255837	      0.01063051	      0.03919725	      0.00000000	      0.00000000	      0.00000000	     -0.01136098	     -0.02451824	      0.00495823	      0.00000000	      0.00000000	      0.00000000	      0.02267645	      0.03358220	      0.02812116	    119.77225203	   -233.02416869	    168.40591228	     28.93226893	      0.00000000	      0.00000000	      0.00000000	      0.00000000	   -295.39317832	     38.54592051	     -2.70675262	     44.14919060	      0.00000000	      0.00000000	      0.00000000	      0.00000000	    -17.50483136	     -0.72716586	    -10.58492514	    -13.66544028	     -7.23331498	     -4.98473282	      0.00000000	     24.51281439	     24.98095987	      0.00000000	    -18.87268030	     -6.89517983	     12.31794667	    -14.98373024	    -14.89690267	     -4.98473282	      0.00000000	     18.45122358	     -1.77309061	      0.00000000
      2.16666667	     49.78366825	      3.89524073	   -177.93305210	     -0.56130359	     -0.49531745	     -0.52733472	    -35.83630707	      0.10536088	      0.77588416	    -41.98602980	      2.49832518	     14.05846877	      0.00342621	      0.00783532	      0.04025765	      0.00000000	      0.00000000	      0.00000000	     -0.00642339	     -0.03269822	      0.00305092	      0.00000000	      0.00000000	      0.00000000	      0.02479912	      0.03192110	      0.03006094	    117.30375102	   -236.65702940	    162.99055437	     23.84981372	      0.00000000	      0.00000000	      0.00000000	      0.00000000	   -292.57509785	     44.62658935	     -1.51268035	     36.27322049	      0.00000000	      0.00000000	      0.00000000	      0.00000000	    -16.66484671	     -0.87458379	    -11.82876395	    -13.51742501	     -6.64242089	     -4.98473282	      0.00000000	     23.67996331	     23.67008724	      0.00000000	    -17.29044370	     -6.87149870	     12.32785534	    -14.52473516	    -14.89690267	     -4.98473282	      0.00000000	     17.47451671	     -2.23239273	      0.00000000
      2.20000000	     50.70196154	      3.66159536	   -177.06854938	     -0.55273392	     -0.48199637	     -0.52885610	    -35.55876591	      0.11668901	      0.41268502	    -40.17436471	      4.48872549	     13.92736863	      0.00324860	      0.00591625	      0.03685207	      0.00000000	      0.00000000	      0.00000000	     -0.00330320	     -0.03638196	      0.00277282	      0.00000000	      0.00000000	      0.00000000	      0.02540064	      0.03012933	      0.02651850	    113.40907297	   -239.46925248	    158.74234331	     20.10174022	      0.00000000	      0.00000000	      0.00000000	      0.00000000	   -289.69138882	     50.56281861	     -0.86395126	     28.36796415	      0.00000000	      0.00000000	      0.00000000	      0.00000000	    -15.04141472	     -0.65307859	    -11.77999990	    -13.55823680	     -6.24029769	     -4.98473282	      0.00000000	     23.81605607	     20.76537317	      0.00000000	    -14.99338563	     -7.20863332	     13.37424933	    -14.56591962	    -14.58154326	     -4.98473282	      0.00000000	     17.84506092	     -2.49401295	      0.00000000
      2.23333333	     52.11918869	      3.84678630	   -176.29327265	     -0.54510473	     -0.46901454	     -0.52925560	    -34.92960812	      0.79423036	      0.02852154	    -38.80513252	      7.00873823	     13.26663145	      0.00349800	      0.00542938	      0.02998930	      0.00000000	      0.00000000	      0.00000000	      0.00015263	     -0.03544061	      0.00236947	      0.00000000	      0.00000000	      0.00000000	      0.02437181	      0.02781296	      0.02098211	    109.16465778	   -240.93913636	    157.85736561	     18.03122496	      0.00000000	      0.00000000	      0.00000000	      0.00000000	   -286.97847013	     54.70465613	     -1.27608298	     22.32939554	      0.00000000	      0.00000000	      0.00000000	      0.00000000	    -12.82471327	     -0.30289541	    -11.72043705	    -13.29432599	     -5.75882741	     -4.98473282	      0.00000000	     24.45127105	     17.82632164	      0.00000000	    -12.27990843	     -7.66662801	     15.01458324	    -14.77884939	    -14.89690267	     -4.98473282	      0.00000000	     18.51651769	     -1.70889090	      0.00000000
      2.26666667	     53.58645385	      4.29161085	   -175.80155895	     -0.53845762	     -0.45764551	     -0.52909593	    -34.23729559	      1.75926093	     -0.19002431	    -37.41773885	      8.93316010	     12.55634286	      0.00448305	      0.00519199	      0.02331697	      0.00000000	      0.00000000	      0.00000000	      0.00377597	     -0.03121097	      0.00196047	      0.00000000	      0.00000000	      0.00000000	      0.02214620	      0.02483360	      0.01559390	    105.78456161	   -241.41256620	    158.95514766	     17.46800080	      0.00000000	      0.00000000	      0.00000000	      0.00000000	   -284.87254565	     56.82514747	     -1.85693117	     19.47053527	      0.00000000	      0.00000000	      0.00000000	      0.00000000	    -10.61863413	      0.03089391	    -12.14561234	    -12.68079625	     -5.17946368	     -4.98473282	      0.00000000	     25.33183324	     15.86990833	      0.00000000	     -9.67765310	     -8.01717686	     16.15588677	    -15.25082506	    -14.89690267	     -4.98473282	      0.00000000	     18.71517812	     -2.17272925	      0.00000000
      2.30000000	     55.25915740	      4.43469163	   -175.85931662	     -0.53255509	     -0.44848074	     -0.52768286	    -33.18077658	      2.33900776	     -0.37836514	    -36.47948031	      9.22682821	     11.27486237	      0.00538994	      0.00600803	      0.01841799	      0.00000000	      0.00000000	      0.00000000	      0.00717669	     -0.02744797	      0.00052372	      0.00000000	      0.00000000	      0.00000000	      0.01947319	      0.02086292	      0.01150015	    102.62915346	   -241.71188194	    159.82302477	     16.98236528	      0.00000000	      0.00000000	      0.00000000	      0.00000000	   -283.03586782	     58.13594479	     -1.87153985	     17.47608472	      0.00000000	      0.00000000	      0.00000000	      0.00000000	     -8.06779454	     -0.18941493	    -12.93306564	    -12.65592436	     -4.60298987	     -4.98473282	      0.00000000	     25.95982790	     14.49982137	      0.00000000	     -7.27416490	     -7.61516328	     17.67703227	    -15.58776615	    -14.89690267	     -4.98473282	      0.00000000	     18.14871897	     -5.80191837	      0.00000000
      2.33333333	     56.35270660	      4.29403163	   -175.95499540	     -0.52769597	     -0.44217403	     -0.52574685	    -32.52210048	      2.60664868	     -0.56397949	    -35.47723255	      8.62381628	      9.91752271	      0.00614398	      0.00612229	      0.01597851	      0.00000000	      0.00000000	      0.00000000	      0.00877184	     -0.02353399	      0.00051019	      0.00000000	      0.00000000	      0.00000000	      0.01807779	      0.01860912	      0.00990064	    100.58764281	   -242.07129593	    159.64556598	     16.61274477	      0.00000000	      0.00000000	      0.00000000	      0.00000000	   -281.21646459	     59.33811248	     -1.47185942	     15.34644233	      0.00000000	      0.00000000	      0.00000000	      0.00000000	     -6.42807363	     -0.60697218	    -13.86801190	    -12.71663943	     -4.65803635	     -4.98473282	      0.00000000	     25.95162260	     14.38319358	      0.00000000	     -5.63537679	     -7.04029375	     18.60349231	    -15.74689833	    -14.89690267	     -4.98473282	      0.00000000	     17.61547022	     -9.90170172	      0.00000000
      2.36666667	     57.15978941	      3.87968924	   -175.55664408	     -0.52375711	     -0.43855236	     -0.52334611	    -31.94341442	      2.93733248	     -1.05468658	    -34.36776545	      7.99489189	      8.27958520	      0.00641472	      0.00537629	      0.01287983	      0.00000000	      0.00000000	      0.00000000	      0.00847447	     -0.02144073	     -0.00023921	      0.00000000	      0.00000000	      0.00000000	      0.01645564	      0.01809432	      0.00727091	     98.47399113	   -242.50462229	    157.89840754	     15.52133640	      0.00000000	      0.00000000	      0.00000000	      0.00000000	   -278.38680094	     61.52486665	     -5.95074880	     10.87730641	      0.00000000	      0.00000000	      0.00000000	      0.00000000	     -5.34462768	     -1.21445070	    -14.86008991	    -12.96249821	     -5.60137741	     -4.98473282	      0.00000000	     25.86894470	     15.38486895	      0.00000000	     -4.43152611	     -6.38908992	     19.94257288	    -15.67311561	    -14.89690267	     -4.98473282	      0.00000000	     17.20416542	    -13.68796190	      0.00000000
      2.40000000	     55.57243382	      3.63340393	   -175.46733818	     -0.52243008	     -0.43830020	     -0.52249073	    -33.91321729	      2.97713188	     -0.86524758	    -32.82154922	      6.98039631	      5.84561807	      0.00484422	      0.00397659	      0.01190587	      0.00000000	      0.00000000	      0.00000000	      0.00649882	     -0.01982759	      0.00067013	      0.00000000	      0.00000000	      0.00000000	      0.01128072	      0.01495264	      0.00072690	     97.67518149	   -242.88929057	    154.07848707	     15.35727202	      0.00000000	      0.00000000	      0.00000000	      0.00000000	   -272.04014274	     66.42435438	    -32.65676798	      0.00000000	      0.00000000	      0.00000000	      0.00000000	      0.00000000	     -7.21287385	     -1.32440125	    -15.64432323	    -12.35826776	     -8.45076140	     -4.98473282	      0.00000000	     25.18713656	     18.77298531	      0.00000000	     -6.53664870	     -6.89512859	     17.71771729	    -14.26216666	    -14.89690267	     -4.98473282	      0.00000000	     18.00507399	    -11.33090083	      0.00000000
      2.43333333	     55.28194409	      3.50233841	   -175.72359877	     -0.52194587	     -0.44104918	     -0.52161069	    -33.67380483	      2.93441973	     -0.24016933	    -32.88895974	      6.65380689	      6.00992277	      0.00586380	      0.00265784	      0.01322800	      0.00000000	      0.00000000	      0.00000000	      0.00702947	     -0.02097853	     -0.00087586	      0.00000000	      0.00000000	      0.00000000	      0.01437895	      0.01813935	      0.00135682	     98.12176796	   -241.67031554	    155.70702930	     16.15909601	      0.00000000	      0.00000000	      0.00000000	      0.00000000	   -273.74650263	     66.63095231	    -46.02608073	      0.00000000	      0.00000000	      0.00000000	      0.00000000	      0.00000000	     -7.62944054	     -1.44552565	    -14.60753073	    -12.46743385	     -8.72671246	     -4.98473282	      0.00000000	     25.03804025	     17.12682706	      0.00000000	     -7.86929237	     -7.13052624	     17.58665894	    -12.90673432	    -14.89690267	     -4.98473282	      0.00000000	     18.76809663	     -9.86973215	      0.00000000
      2.46666667	     55.17580474	      3.73667552	   -175.24107975	     -0.52253158	     -0.44473100	     -0.52134830	    -33.54162137	      3.63712578	     -0.32818667	    -32.28690083	      6.19887849	      5.29400292	      0.00484960	      0.00052607	      0.01304237	      0.00000000	      0.00000000	      0.00000000	      0.00510882	     -0.02505509	      0.00061586	      0.00000000	      0.00000000	      0.00000000	      0.01342404	      0.01303100	     -0.00114074	     98.07892850	   -241.57127083	    155.29434879	     16.51814557	      0.00000000	      0.00000000	      0.00000000	      0.00000000	   -274.49961851	     67.10143422	    -46.42451896	      0.00000000	      0.00000000	      0.00000000	      0.00000000	      0.00000000	     -8.07571380	     -1.18362462	    -14.58636080	    -12.41835562	     -8.99176324	     -4.98473282	      0.00000000	     26.11171417	     16.79557748	      0.00000000	     -8.40417198	     -7.54807849	     18.05084802	    -12.52887442	    -14.55754268	     -4.98473282	      0.00000000	     19.18020515	     -9.22441019	      0.00000000
      2.50000000	     54.94898877	      4.41579494	   -174.88177539	     -0.52485176	     -0.45076870	     -0.52235977	    -33.11876767	      4.53156227	     -0.05087687	    -32.72833235	      6.55011626	      4.68709999	      0.00566695	      0.00036856	      0.01191733	      0.00000000	      0.00000000	      0.00000000	      0.00476727	     -0.02814679	      0.00320759	      0.00000000	      0.00000000	      0.00000000	      0.01291462	      0.00614751	     -0.00480394	    100.22776851	   -240.76492758	    156.73586047	     18.33129257	      0.00000000	      0.00000000	      0.00000000	      0.00000000	   -276.98607038	     67.74820395	    -43.39312393	      0.00000000	      0.00000000	      0.00000000	      0.00000000	      0.00000000	     -8.92305363	     -0.29518816	    -14.29296218	    -12.02089514	     -9.07319130	     -4.98473282	      0.00000000	     26.82857496	     16.30098623	      0.00000000	     -8.92942735	     -8.28182748	     18.43582678	    -12.65330066	    -14.89690267	     -4.98473282	      0.00000000	     19.87777179	     -8.22498632	      0.00000000
      2.53333333	     55.44752232	      4.67189842	   -175.10076767	     -0.52840193	     -0.45817857	     -0.52268940	    -31.88512091	      4.93167523	      0.12836480	    -33.58301139	      6.24861462	      5.39591414	      0.00756842	      0.00066775	      0.01198212	      0.00000000	      0.00000000	      0.00000000	      0.00569534	     -0.02723210	      0.00489757	      0.00000000	      0.00000000	      0.00000000	      0.01030540	     -0.00030047	     -0.00826376	    104.29855217	   -239.37276756	    159.12360503	     21.72619318	      0.00000000	      0.00000000	      0.00000000	      0.00000000	   -279.46700367	     67.39782556	    -38.35517131	      1.23867758	      0.00000000	      0.00000000	      0.00000000	      0.00000000	     -9.00977123	     -0.06998471	    -14.04505009	    -11.77022243	     -8.59799998	     -4.98473282	      0.00000000	     27.67468412	     15.85416450	      0.00000000	     -8.80256669	     -8.32338061	     17.74008172	    -12.83251974	    -14.89690267	     -4.98473282	      0.00000000	     20.33900109	     -7.92176409	      0.00000000
      2.56666667	     55.52402742	      4.88337805	   -175.84960836	     -0.53348528	     -0.46577941	     -0.52319990	    -31.75093766	      4.95901588	      0.71675192	    -33.22740689	      5.70313526	      6.67473436	      0.00805426	     -0.00025664	      0.01328571	      0.00000000	      0.00000000	      0.00000000	      0.00489735	     -0.02100780	      0.00716159	      0.00000000	      0.00000000	      0.00000000	      0.02091580	      0.01226286	      0.01152988	    110.56981960	   -237.71523623	    158.66031146	     26.93592025	      0.00000000	      0.00000000	      0.00000000	      0.00000000	   -286.43760125	     54.14107858	     -8.22465637	     24.93356326	      0.00000000	      0.00000000	      0.00000000	      0.00000000	     -9.45053518	      0.04750786	    -14.33729369	    -11.51636154	     -7.23878679	     -4.98473282	      0.00000000	     27.25719714	     15.33830873	      0.00000000	     -9.11522383	     -8.58527411	     15.50406934	    -13.26822595	    -14.89690267	     -4.98473282	      0.00000000	     21.22991902	     -4.13577469	      0.00000000
      2.60000000	     55.91070087	      4.51653912	   -176.38669637	     -0.54014643	     -0.47535494	     -0.52163426	    -31.00774813	      4.95584823	      0.29769489	    -34.99525167	      4.46342591	      7.48065025	      0.00884961	      0.00282906	      0.01161115	      0.00000000	      0.00000000	      0.00000000	      0.00405842	     -0.01991512	      0.00556247	      0.00000000	      0.00000000	      0.00000000	      0.01615124	      0.01351549	      0.01161514	    111.85614644	   -236.26574229	    162.98564953	     29.41209845	      0.00000000	      0.00000000	      0.00000000	      0.00000000	   -288.25536177	     51.86073531	     -9.88929174	     25.60175291	      0.00000000	      0.00000000	      0.00000000	      0.00000000	     -9.92183515	     -0.62705645	    -14.29024222	    -11.22864158	     -6.13503482	     -4.98473282	      0.00000000	     25.83072256	     16.72116756	      0.00000000	     -9.67377867	     -8.37324735	     13.90607145	    -13.07937514	    -12.71141176	     -4.98473282	      0.00000000	     20.87839189	     -3.05508433	      0.00000000
      2.63333333	     56.65777097	      4.14424625	   -176.80278928	     -0.54747819	     -0.48581719	     -0.52082765	    -30.23520186	      4.72930815	      0.12402391	    -35.36293429	      2.89049977	      9.19490289	      0.00876583	      0.00166908	      0.01335141	      0.00000000	      0.00000000	      0.00000000	      0.00363885	     -0.01710385	      0.00294033	      0.00000000	      0.00000000	      0.00000000	      0.01353680	      0.01434412	      0.01455776	    116.07596330	   -232.74100742	    163.74456860	     36.09984182	      0.00000000	      0.00000000	      0.00000000	      0.00000000	   -289.08579001	     48.58871930	    -10.60934601	     28.41194832	      0.00000000	      0.00000000	      0.00000000	      0.00000000	    -10.11370748	     -1.23247385	    -15.01012831	    -11.08020559	     -5.07058794	     -4.98473282	      0.00000000	     24.64371330	     18.60533603	      0.00000000	    -10.07811129	     -8.65248538	     10.02644431	    -12.44281183	     -8.34189775	     -4.98473282	      0.00000000	     20.41545374	     -1.65119899	      0.00000000
      2.66666667	     57.87444477	      3.77130525	   -176.74503394	     -0.55426486	     -0.49714935	     -0.51973847	    -29.20253068	      4.64316220	      0.01953906	    -35.06356265	      2.07740918	     10.00645116	      0.00693805	     -0.00027010	      0.01312690	      0.00000000	      0.00000000	      0.00000000	      0.00097418	     -0.01793749	      0.00117319	      0.00000000	      0.00000000	      0.00000000	      0.01287855	      0.01261452	      0.01574151	    118.09092583	   -228.60753175	    163.79291271	     42.78103095	      0.00000000	      0.00000000	      0.00000000	      0.00000000	   -289.67625500	     44.80242123	     -9.37322590	     34.57023767	      0.00000000	      0.00000000	      0.00000000	      0.00000000	     -9.95085094	     -1.63827378	    -15.23319599	    -11.12841092	     -4.72011083	     -4.98473282	      0.00000000	     24.17658095	     19.26050027	      0.00000000	     -9.67515046	     -8.63527168	      8.30424998	    -12.50165554	     -5.35368774	     -4.98473282	      0.00000000	     20.38320560	     -1.46757538	      0.00000000
      2.70000000	     59.38876172	      3.34275063	   -176.35488413	     -0.56092254	     -0.50967424	     -0.51890474	    -27.90963250	      4.35832301	     -0.17212608	    -34.17499719	      2.40269537	      9.93500071	      0.00392740	     -0.00367528	      0.01110337	      0.00000000	      0.00000000	      0.00000000	     -0.00451039	     -0.02010359	      0.00276901	      0.00000000	      0.00000000	      0.00000000	      0.01195764	      0.00919048	      0.01322389	    119.97784243	   -224.71863919	    163.53920073	     48.66134385	      0.00000000	      0.00000000	      0.00000000	      0.00000000	   -290.48686917	     41.25227488	     -7.00143471	     42.75733131	      0.00000000	      0.00000000	      0.00000000	      0.00000000	     -9.54886516	     -1.89462129	    -15.36346839	    -11.23305528	     -5.30261736	     -4.98473282	      0.00000000	     24.31287098	     18.39327369	      0.00000000	     -8.93102842	     -8.32879411	      7.75333340	    -12.62131701	     -3.48860685	     -4.98473282	      0.00000000	     20.31275156	     -1.72253305	      0.00000000
      2.73333333	     60.60695108	      2.78490231	   -175.92068884	     -0.56800631	     -0.52355180	     -0.51733356	    -26.88243046	      3.88991023	     -0.40557069	    -32.75099187	      3.87901799	      8.94041949	      0.00078600	     -0.00817606	      0.00647086	      0.00000000	      0.00000000	      0.00000000	     -0.01232003	     -0.02254875	      0.00560438	      0.00000000	      0.00000000	      0.00000000	      0.00919373	      0.00463313	      0.00760403	    121.30587554	   -221.24635279	    163.58448905	     53.27919276	      0.00000000	      0.00000000	      0.00000000	      0.00000000	   -291.18381577	     38.64422003	     -5.26042917	     50.43995858	      0.00000000	      0.00000000	      0.00000000	      0.00000000	     -9.45910194	     -2.29916892	    -14.74703987	    -11.29666417	     -6.17416162	     -4.98473282	      0.00000000	     24.39954030	     17.12311427	      0.00000000	     -8.45414990	     -7.57926428	      7.87948630	    -12.92775125	     -2.84870583	     -4.98473282	      0.00000000	     20.37615713	     -1.85867663	      0.00000000
      2.76666667	     61.28166448	      2.18101633	   -175.92560995	     -0.57580713	     -0.53853866	     -0.51545635	    -26.31484513	      3.11454615	     -0.32786182	    -31.18623238	      5.88170842	      7.29801754	     -0.00161062	     -0.01218637	      0.00134577	      0.00000000	      0.00000000	      0.00000000	     -0.02062897	     -0.02607489	      0.00829086	      0.00000000	      0.00000000	      0.00000000	      0.00605299	      0.00186277	      0.00244383	    122.15584939	   -218.02778740	    164.08947202	     57.45787683	      0.00000000	      0.00000000	      0.00000000	      0.00000000	   -292.35676355	     36.27966178	     -4.28509379	     56.86234602	      0.00000000	      0.00000000	      0.00000000	      0.00000000	     -9.82897895	     -2.86112676	    -13.06447152	    -11.30188044	     -7.12806274	     -4.98473282	      0.00000000	     24.15478003	     16.81634980	      0.00000000	     -8.69249481	     -6.65535928	      8.12176042	    -13.28623361	     -3.16862122	     -4.98473282	      0.00000000	     20.27739325	     -1.63904260	      0.00000000
      2.80000000	     61.11759642	      1.75490167	   -176.85293187	     -0.58428406	     -0.55423229	     -0.51305309	    -26.45417694	      2.41436822	      0.52363843	    -30.28265600	      7.08391612	      5.69689458	     -0.00266282	     -0.01344870	     -0.00206920	      0.00000000	      0.00000000	      0.00000000	     -0.02606144	     -0.02879976	      0.01024521	      0.00000000	      0.00000000	      0.00000000	      0.00486338	      0.00198443	     -0.00142157	    122.88085881	   -215.01167249	    164.88468326	     61.94317413	      0.00000000	      0.00000000	      0.00000000	      0.00000000	   -294.59737610	     33.09799708	     -4.13724385	     62.67558168	      0.00000000	      0.00000000	      0.00000000	      0.00000000	    -10.65302382	     -3.48736052	    -10.05938194	    -11.64271049	     -8.79844697	     -4.98473282	      0.00000000	     23.59249911	     18.53852984	      0.00000000	    -10.11734637	     -5.86667449	      7.57008950	    -13.54561378	     -4.07956158	     -4.98473282	      0.00000000	     19.81534143	     -1.06015499	      0.00000000
      2.83333333	     60.25639741	      1.55947364	   -178.59184384	     -0.59347338	     -0.57062008	     -0.51081883	    -27.11506641	      1.88626039	      1.96883718	    -30.54004448	      5.51055895	      5.96332327	     -0.00205749	     -0.01265957	      0.00240708	      0.00000000	      0.00000000	      0.00000000	     -0.02670897	     -0.03013888	      0.00991716	      0.00000000	      0.00000000	      0.00000000	      0.00557887	      0.00277233	     -0.00535233	    123.19648755	   -211.78758831	    166.40933247	     66.72460109	      0.00000000	      0.00000000	      0.00000000	      0.00000000	   -297.46927949	     29.09538455	     -4.31336131	     68.37364110	      0.00000000	      0.00000000	      0.00000000	      0.00000000	    -11.71342318	     -4.10128990	     -6.87886414	    -12.60890820	    -11.09448121	     -4.98473282	      0.00000000	     23.14574635	     21.51620763	      0.00000000	    -12.70167308	     -5.32545692	      5.09822224	    -13.29249090	     -4.50595979	     -4.98473282	      0.00000000	     18.92856389	     -0.61034407	      0.00000000
      2.86666667	     59.40722113	      1.56874341	   -180.45248285	     -0.60299963	     -0.58777431	     -0.50857535	    -27.57169141	      1.77388727	      3.17510217	    -32.62555940	      1.23582918	      7.20308353	     -0.00050486	     -0.00864999	      0.01293049	      0.00000000	      0.00000000	      0.00000000	     -0.02435509	     -0.02914559	      0.00722831	      0.00000000	      0.00000000	      0.00000000	      0.00432229	      0.00217010	     -0.00998630	    123.25801617	   -208.34080013	    169.11960756	     71.27109812	      0.00000000	      0.00000000	      0.00000000	      0.00000000	   -300.03187577	     25.23983400	     -4.98835160	     72.88902226	      0.00000000	      0.00000000	      0.00000000	      0.00000000	    -12.56270244	     -4.70382944	     -4.62697724	    -14.19290578	    -12.18431341	     -4.98473282	      0.00000000	     22.78041929	     23.74031415	      0.00000000	    -15.52052070	     -4.89448697	      1.28232359	    -12.51279843	     -4.20037813	     -4.98473282	      0.00000000	     18.05571188	     -0.70051693	      0.00000000
      2.90000000	     57.64059301	      2.03585568	   -183.26050301	     -0.61303357	     -0.60661892	     -0.50748178	    -28.74848631	      1.76205510	      4.90922148	    -35.52900072	     -5.66790669	     10.14181347	      0.00419836	     -0.00262995	      0.02826697	      0.00000000	      0.00000000	      0.00000000	     -0.02194905	     -0.02479783	      0.00295963	      0.00000000	      0.00000000	      0.00000000	     -0.00037712	     -0.00099945	     -0.01452124	    123.95406945	   -204.82740701	    173.03151047	     74.57330660	      0.00000000	      0.00000000	      0.00000000	      0.00000000	   -301.15514902	     22.06430428	     -6.71002293	     75.60671875	      0.00000000	      0.00000000	      0.00000000	      0.00000000	    -14.47111678	     -4.96176823	     -0.55768518	    -15.62970913	    -13.74453771	     -4.98473282	      0.00000000	     21.94973791	     24.98095987	      0.00000000	    -20.55347579	     -4.84334456	     -8.32757087	    -10.06117177	      1.09789025	     -4.98473282	      0.00000000	     17.11580581	     -0.25117222	      0.00000000
      2.93333333	     57.84102824	      1.74122988	   -184.05932394	     -0.62215581	     -0.62322605	     -0.50578402	    -28.16080824	      1.74447816	      5.21210801	    -39.76299324	    -10.75690765	     10.24321940	      0.00548559	      0.00528584	      0.03847284	      0.00000000	      0.00000000	      0.00000000	     -0.02282517	     -0.02140802	     -0.00050844	      0.00000000	      0.00000000	      0.00000000	     -0.00280159	     -0.00293083	     -0.01643488	    125.33021557	   -199.76207030	    176.14232177	     78.09866162	      0.00000000	      0.00000000	      0.00000000	      0.00000000	   -301.96141356	     19.60667968	     -9.10802332	     78.15031631	      0.00000000	      0.00000000	      0.00000000	      0.00000000	    -14.78389648	     -5.71533658	     -0.31657293	    -16.84466538	    -12.36819155	     -4.98473282	      0.00000000	     21.50400561	     24.98095987	      0.00000000	    -21.86211657	     -4.23059551	    -10.96219729	     -9.68250065	      2.82864203	     -4.98473282	      0.00000000	     16.57360403	      0.19328058	      0.00000000
      2.96666667	     58.65166068	      1.42330632	   -184.29734391	     -0.63036845	     -0.63936390	     -0.50479243	    -27.21542273	      1.45047070	      4.95382329	    -43.10087276	    -14.07286988	     10.24470627	      0.00381042	      0.00985862	      0.04657211	      0.00000000	      0.00000000	      0.00000000	     -0.02603804	     -0.02204082	     -0.00166274	      0.00000000	      0.00000000	      0.00000000	     -0.00620986	     -0.00325119	     -0.01352856	    126.86036163	   -195.01439262	    178.25490822	     81.33261918	      0.00000000	      0.00000000	      0.00000000	      0.00000000	   -301.68801222	     16.30877666	    -11.25997124	     80.99013591	      0.00000000	      0.00000000	      0.00000000	      0.00000000	    -15.03992836	     -6.16411703	     -0.54968024	    -17.15606492	    -11.33284728	     -4.98473282	      0.00000000	     21.53305084	     24.98095987	      0.00000000	    -22.50117485	     -3.98009468	    -13.82029357	     -9.14666912	      5.26863905	     -4.98473282	      0.00000000	     16.30276775	      1.09154613	      0.00000000
      3.00000000	     59.79587814	      1.03000155	   -183.84668520	     -0.63741217	     -0.65391126	     -0.50473259	    -26.37380946	      0.68295382	      4.30953430	    -45.47390668	    -14.18900835	      9.65399513	     -0.00301258	      0.01099071	      0.05032555	      0.00000000	      0.00000000	      0.00000000	     -0.03065848	     -0.02670763	     -0.00172420	      0.00000000	      0.00000000	      0.00000000	     -0.00743507	     -0.00146801	     -0.00501149	    128.19729953	   -191.21510428	    178.46918281	     84.60794216	      0.00000000	      0.00000000	      0.00000000	      0.00000000	   -300.10663911	     10.98510710	    -12.61317214	     85.52614841	      0.00000000	      0.00000000	      0.00000000	      0.00000000	    -15.46824349	     -6.23818292	     -1.11969153	    -16.59547354	    -11.92690947	     -4.98473282	      0.00000000	     21.97687353	     24.98095987	      0.00000000	    -22.39633438	     -3.97931101	    -14.39142329	     -8.93900765	      6.27101718	     -4.98473282	      0.00000000	     15.95394370	      1.35973945	      0.00000000
      3.03333333	     61.18150843	      0.65642071	   -183.19939549	     -0.64310012	     -0.66653823	     -0.50476456	    -25.69745784	     -0.26069196	      3.43030716	    -47.69454358	    -11.06449086	      8.84068713	     -0.01361805	      0.01160375	      0.04699555	      0.00000000	      0.00000000	      0.00000000	     -0.03430651	     -0.03152801	     -0.00099004	      0.00000000	      0.00000000	      0.00000000	     -0.00653775	      0.00268387	      0.00281730	    129.37553323	   -188.87595345	    177.46818553	     88.55540251	      0.00000000	      0.00000000	      0.00000000	      0.00000000	   -298.66044994	      3.62184407	    -13.35434234	     91.66491403	      0.00000000	      0.00000000	      0.00000000	      0.00000000	    -15.84480046	     -6.24800434	     -1.81623689	    -15.64297075	    -12.63961503	     -4.98473282	      0.00000000	     22.38700359	     24.98095987	      0.00000000	    -21.62962948	     -4.12319810	    -14.43690100	     -9.17636578	      6.55953959	     -4.98473282	      0.00000000	     16.27616092	      0.74751375	      0.00000000
      3.06666667	     62.71614524	     -0.00525275	   -182.39719478	     -0.64760521	     -0.67759569	     -0.50498999	    -24.98892325	     -1.47742685	      2.57795948	    -50.45147118	     -5.36889933	      7.74066428	     -0.02394936	      0.01464189	      0.03738252	      0.00000000	      0.00000000	      0.00000000	     -0.03941596	     -0.03352468	     -0.00078738	      0.00000000	      0.00000000	      0.00000000	     -0.00638351	      0.00433696	      0.00824000	    130.52118132	   -187.49755665	    176.27643007	     91.54125967	      0.00000000	      0.00000000	      0.00000000	      0.00000000	   -297.09393280	     -2.81720957	    -13.78643957	     97.01677146	      0.00000000	      0.00000000	      0.00000000	      0.00000000	    -16.25238449	     -6.53368431	     -2.76199000	    -14.16630687	    -13.37893791	     -4.98473282	      0.00000000	     23.02878039	     24.98095987	      0.00000000	    -20.44895223	     -3.98866747	    -13.32401149	     -9.47331534	      5.81498305	     -4.98473282	      0.00000000	     16.43545587	     -0.21063062	      0.00000000
      3.10000000	     63.79280843	     -0.79198084	   -181.64879632	     -0.65120725	     -0.68698410	     -0.50510124	    -24.76612289	     -2.45860507	      1.89993341	    -54.24944177	      0.17961670	      8.60024560	     -0.03014660	      0.02329167	      0.02864937	      0.00000000	      0.00000000	      0.00000000	     -0.04490846	     -0.03245367	     -0.00214686	      0.00000000	      0.00000000	      0.00000000	     -0.00886934	      0.00469027	      0.00899412	    131.47943852	   -186.19098302	    175.37161962	     93.49892841	      0.00000000	      0.00000000	      0.00000000	      0.00000000	   -296.36025774	     -5.82743251	    -14.46250685	    100.18918259	      0.00000000	      0.00000000	      0.00000000	      0.00000000	    -16.77028266	     -7.11229886	     -3.54562704	    -13.12475513	    -13.13510046	     -4.98473282	      0.00000000	     23.65607829	     24.98095987	      0.00000000	    -19.59413019	     -3.60638394	    -12.12167928	     -9.70863653	      4.41528132	     -4.98473282	      0.00000000	     16.17009479	     -0.03915470	      0.00000000
      3.13333333	     64.41203387	     -1.43167640	   -181.04582634	     -0.65412141	     -0.69549385	     -0.50529229	    -24.67756130	     -2.84957841	      1.31248307	    -58.73372788	      3.88514339	     11.13800071	     -0.03052261	      0.03509892	      0.02433311	      0.00000000	      0.00000000	      0.00000000	     -0.04775910	     -0.02861853	     -0.00524863	      0.00000000	      0.00000000	      0.00000000	     -0.01249412	      0.00509314	      0.00664689	    132.24307729	   -184.26311033	    175.32248656	     94.66555939	      0.00000000	      0.00000000	      0.00000000	      0.00000000	   -296.84559574	     -5.68127580	    -14.86207500	    101.38156638	      0.00000000	      0.00000000	      0.00000000	      0.00000000	    -17.26677986	     -7.71549641	     -4.30005808	    -12.79565865	    -12.15318251	     -4.98473282	      0.00000000	     24.26707130	     24.98095987	      0.00000000	    -19.30099484	     -3.22150372	    -11.40785345	     -9.73416813	      3.48040700	     -4.98473282	      0.00000000	     15.82586268	      0.96924224	      0.00000000
      3.16666667	     64.65755550	     -1.97739782	   -180.55608230	     -0.65666649	     -0.70323897	     -0.50559631	    -24.59466450	     -2.80904324	      0.78370620	    -62.61281067	      5.34526043	     13.89188145	     -0.02656828	      0.04541884	      0.02480581	      0.00000000	      0.00000000	      0.00000000	     -0.04742684	     -0.02331806	     -0.00978353	      0.00000000	      0.00000000	      0.00000000	     -0.01569968	      0.00507937	      0.00247254	    132.69569537	   -181.83732309	    175.82692369	     95.74378068	      0.00000000	      0.00000000	      0.00000000	      0.00000000	   -297.80090443	     -4.24622411	    -14.67642265	    101.70371642	      0.00000000	      0.00000000	      0.00000000	      0.00000000	    -17.85702418	     -8.36492715	     -5.51580940	    -12.84093536	    -11.00131529	     -4.98473282	      0.00000000	     24.52620760	     24.98095987	      0.00000000	    -19.43261029	     -2.80071778	    -10.94643233	     -9.69821018	      3.25733572	     -4.98473282	      0.00000000	     15.68498819	      1.92358133	      0.00000000
      3.20000000	     64.56732047	     -2.44554300	   -180.20048743	     -0.65894953	     -0.70963018	     -0.50583368	    -24.61076450	     -2.52061227	      0.22147421	    -64.48814359	      5.16188556	     15.56368363	     -0.02050192	      0.05051250	      0.02754357	      0.00000000	      0.00000000	      0.00000000	     -0.04470853	     -0.01793601	     -0.01532473	      0.00000000	      0.00000000	      0.00000000	     -0.01663656	      0.00472704	     -0.00247087	    132.59414158	   -179.65399586	    176.48202550	     97.02981975	      0.00000000	      0.00000000	      0.00000000	      0.00000000	   -298.58474353	     -4.21094052	    -14.33105210	    102.29451913	      0.00000000	      0.00000000	      0.00000000	      0.00000000	    -18.41293112	     -9.00505297	     -6.58251471	    -13.37318704	    -10.30357107	     -4.98473282	      0.00000000	     24.37352607	     24.98095987	      0.00000000	    -19.88674177	     -2.38255073	    -10.71068885	     -9.66953742	      3.68294673	     -4.98473282	      0.00000000	     15.59916107	      2.13663720	      0.00000000
      3.23333333	     64.39160669	     -2.56324595	   -180.10662834	     -0.66090089	     -0.71483892	     -0.50627230	    -24.44952034	     -2.12076448	     -0.02000771	    -64.25996816	      4.05607535	     16.04140673	     -0.01393849	      0.04975401	      0.03236305	      0.00000000	      0.00000000	      0.00000000	     -0.04215355	     -0.01277949	     -0.01869449	      0.00000000	      0.00000000	      0.00000000	     -0.01502070	      0.00193632	     -0.00451033	    132.52378152	   -178.22114714	    177.39536685	     98.03912716	      0.00000000	      0.00000000	      0.00000000	      0.00000000	   -297.96545652	     -6.42094405	    -14.58688016	    103.20999773	      0.00000000	      0.00000000	      0.00000000	      0.00000000	    -18.93268937	     -9.29567914	     -7.79343843	    -13.61660032	     -9.82493226	     -4.98473282	      0.00000000	     24.03084771	     24.98095987	      0.00000000	    -20.57594201	     -2.23994101	    -10.55116995	     -9.37332670	      4.07598006	     -4.98473282	      0.00000000	     15.35206805	      1.58974905	      0.00000000
      3.26666667	     64.18868670	     -2.60820813	   -180.03440436	     -0.66220827	     -0.71764358	     -0.50653437	    -24.42214731	     -1.83526446	     -0.15789121	    -62.50116013	      3.02470247	     15.66881101	     -0.00931596	      0.04562979	      0.03651350	      0.00000000	      0.00000000	      0.00000000	     -0.04153337	     -0.00890402	     -0.01974872	      0.00000000	      0.00000000	      0.00000000	     -0.01330217	      0.00015432	     -0.00520974	    132.43393106	   -177.74623069	    178.29293719	     98.45156759	      0.00000000	      0.00000000	      0.00000000	      0.00000000	   -297.20380611	     -9.25333254	    -15.67507213	    103.35287780	      0.00000000	      0.00000000	      0.00000000	      0.00000000	    -19.22375098	     -9.39221156	     -8.48537412	    -13.88706278	     -9.78899620	     -4.98473282	      0.00000000	     23.94621631	     24.97819054	      0.00000000	    -21.05714086	     -2.21330011	    -10.39204752	     -9.24934597	      4.25156662	     -4.98473282	      0.00000000	     14.91514508	      0.92200126	      0.00000000
      3.30000000	     63.98451575	     -2.54977823	   -179.94675747	     -0.66295121	     -0.71826091	     -0.50685628	    -24.45362047	     -1.73323581	     -0.26556700	    -59.98189645	      2.55455325	     15.26216135	     -0.00668233	      0.03914052	      0.03980742	      0.00000000	      0.00000000	      0.00000000	     -0.04133207	     -0.00742402	     -0.01828315	      0.00000000	      0.00000000	      0.00000000	     -0.01163055	      0.00049846	     -0.00484249	    132.36416032	   -177.91217349	    179.20523222	     98.53667071	      0.00000000	      0.00000000	      0.00000000	      0.00000000	   -296.50325793	    -11.06192561	    -17.68513970	    102.70165576	      0.00000000	      0.00000000	      0.00000000	      0.00000000	    -19.32331274	     -9.26246308	     -8.49699312	    -14.24602406	     -9.87775976	     -4.98473282	      0.00000000	     23.97236990	     24.69605319	      0.00000000	    -21.27346497	     -2.33579278	    -10.15248171	     -9.35477577	      4.17425998	     -4.98473282	      0.00000000	     14.36731673	      0.44080773	      0.00000000
      3.33333333	     63.75852816	     -2.51766468	   -179.93753059	     -0.66312739	     -0.71603184	     -0.50745288	    -24.83879381	     -1.91140663	     -0.22499978	    -56.13081191	      2.92305344	     15.43570452	     -0.00742650	      0.02910368	      0.04171090	      0.00000000	      0.00000000	      0.00000000	     -0.04229814	     -0.00867149	     -0.01701704	      0.00000000	      0.00000000	      0.00000000	     -0.01115542	      0.00103406	     -0.00370678	    132.09427374	   -178.62391216	    179.36232853	     98.21710106	      0.00000000	      0.00000000	      0.00000000	      0.00000000	   -295.92400145	    -10.71466964	    -19.10689746	    101.92866978	      0.00000000	      0.00000000	      0.00000000	      0.00000000	    -19.19885514	     -9.19336315	     -8.04398444	    -14.68105383	    -10.23134844	     -4.98473282	      0.00000000	     23.92370703	     24.98095987	      0.00000000	    -21.16793684	     -2.41697663	     -9.35530991	     -9.80043087	      4.19676996	     -4.98473282	      0.00000000	     13.75569477	     -0.39133466	      0.00000000
      3.36666667	     63.64320080	     -2.41680275	   -180.04388598	     -0.66258645	     -0.71263148	     -0.50895021	    -24.97510200	     -2.34720636	     -0.05660815	    -53.32770442	      4.99980960	     16.33451620	     -0.00885528	      0.02095654	      0.04029445	      0.00000000	      0.00000000	      0.00000000	     -0.04273917	     -0.01137389	     -0.01564387	      0.00000000	      0.00000000	      0.00000000	     -0.01187075	      0.00338364	     -0.00297660	    131.78242179	   -179.52096958	    179.57338645	     97.49419771	      0.00000000	      0.00000000	      0.00000000	      0.00000000	   -296.27274942	     -8.84408708	    -19.33500732	    100.95511944	      0.00000000	      0.00000000	      0.00000000	      0.00000000	    -18.92385963	     -9.06896721	     -7.71576340	    -14.87785457	    -10.34568012	     -4.98473282	      0.00000000	     23.93326231	     24.98095987	      0.00000000	    -21.00734096	     -2.58729002	     -8.53500517	    -10.00956741	      4.35096570	     -4.98473282	      0.00000000	     13.70841123	     -1.19727331	      0.00000000
      3.40000000	     63.54692703	     -2.26309765	   -180.20584734	     -0.66133558	     -0.70786134	     -0.51095758	    -25.01395840	     -2.84392068	      0.20145745	    -51.42520312	      7.77110936	     17.38007911	     -0.01014988	      0.01549150	      0.03708077	      0.00000000	      0.00000000	      0.00000000	     -0.04298005	     -0.01464579	     -0.01454726	      0.00000000	      0.00000000	      0.00000000	     -0.01186427	      0.00452696	     -0.00130960	    131.48782434	   -180.49400248	    179.47624676	     96.35860820	      0.00000000	      0.00000000	      0.00000000	      0.00000000	   -296.73338779	     -7.10787046	    -18.37969401	     99.95236204	      0.00000000	      0.00000000	      0.00000000	      0.00000000	    -18.55349399	     -8.91548780	     -7.71142516	    -14.88332666	    -10.03959870	     -4.98473282	      0.00000000	     24.00937170	     24.98095987	      0.00000000	    -20.78192488	     -2.82900914	     -7.92617826	    -10.07694861	      4.39050565	     -4.98473282	      0.00000000	     13.75455992	     -1.91828229	      0.00000000
      3.43333333	     63.46329243	     -2.18344188	   -180.32469259	     -0.65954928	     -0.70174864	     -0.51282265	    -25.06431472	     -3.25990027	      0.45926874	    -50.29761573	     10.55483423	     17.97231127	     -0.01110052	      0.01337596	      0.03220225	      0.00000000	      0.00000000	      0.00000000	     -0.04393403	     -0.01768376	     -0.01287174	      0.00000000	      0.00000000	      0.00000000	     -0.01241624	      0.00453551	      0.00013441	    131.36314215	   -181.68518102	    178.91089858	     95.25754931	      0.00000000	      0.00000000	      0.00000000	      0.00000000	   -296.90328839	     -5.58536725	    -17.12763265	     98.95786886	      0.00000000	      0.00000000	      0.00000000	      0.00000000	    -18.19915075	     -8.78092180	     -8.05459394	    -14.61870854	     -9.35738115	     -4.98473282	      0.00000000	     24.28059300	     24.98095987	      0.00000000	    -20.40637172	     -2.96630841	     -7.62779020	    -10.11057320	      4.07178981	     -4.98473282	      0.00000000	     13.37509142	     -2.58022349	      0.00000000
      3.46666667	     63.17885733	     -2.35851317	   -180.29291965	     -0.65739201	     -0.69518745	     -0.51367910	    -25.18237268	     -3.63775673	      0.72808064	    -49.72560815	     12.92558322	     17.30870898	     -0.01082040	      0.01443134	      0.02620103	      0.00000000	      0.00000000	      0.00000000	     -0.04443209	     -0.01927963	     -0.01107018	      0.00000000	      0.00000000	      0.00000000	     -0.01357849	      0.00491189	      0.00106925	    131.26505042	   -182.62684166	    178.19054010	     94.57217529	      0.00000000	      0.00000000	      0.00000000	      0.00000000	   -296.79341699	     -3.13815308	    -16.10530842	     97.69223187	      0.00000000	      0.00000000	      0.00000000	      0.00000000	    -18.29007151	     -8.89448322	     -8.85150459	    -14.08837190	     -7.94976260	     -4.98473282	      0.00000000	     24.81539408	     24.98095987	      0.00000000	    -20.17024448	     -2.75547319	     -7.19964352	    -10.17988984	      3.52517978	     -4.98473282	      0.00000000	     12.75385027	     -3.08557446	      0.00000000
      3.50000000	     62.43921410	     -2.44160367	   -180.17162660	     -0.65518022	     -0.68815546	     -0.51371006	    -25.79015431	     -3.62669010	      0.58256523	    -49.41570449	     13.45119421	     15.82230791	     -0.01072750	      0.01726384	      0.02106264	      0.00000000	      0.00000000	      0.00000000	     -0.04123071	     -0.02094780	     -0.01064259	      0.00000000	      0.00000000	      0.00000000	     -0.01690417	      0.00572692	      0.00154867	    130.56618963	   -183.48632432	    177.58477126	     94.79741328	      0.00000000	      0.00000000	      0.00000000	      0.00000000	   -296.50197366	      0.52895887	    -15.07506494	     95.82632378	      0.00000000	      0.00000000	      0.00000000	      0.00000000	    -18.93944793	     -8.89208472	     -9.40873514	    -13.50995083	     -6.83892224	     -4.98473282	      0.00000000	     24.90807407	     24.98095987	      0.00000000	    -20.43502903	     -2.60499128	     -7.28016050	    -10.17049995	      2.97722629	     -4.98473282	      0.00000000	     12.32422825	     -3.01241799	      0.00000000
      3.53333333	     60.84462454	     -2.34987277	   -180.07040245	     -0.65303952	     -0.68143875	     -0.51342659	    -27.22108326	     -3.25977241	      0.56398339	    -48.68979306	     12.51597361	     13.10011992	     -0.01143836	      0.01920821	      0.01611659	      0.00000000	      0.00000000	      0.00000000	     -0.03790564	     -0.02265717	     -0.01168583	      0.00000000	      0.00000000	      0.00000000	     -0.01949595	      0.00660105	      0.00083343	    129.32879501	   -184.86199332	    176.94088166	     94.32915716	      0.00000000	      0.00000000	      0.00000000	      0.00000000	   -296.30421730	      5.16335794	    -14.27612476	     93.27006694	      0.00000000	      0.00000000	      0.00000000	      0.00000000	    -20.70276363	     -8.73269657	    -10.05205885	    -12.59720881	     -6.01439778	     -4.98473282	      0.00000000	     24.27182458	     24.98095987	      0.00000000	    -21.94542965	     -2.65267755	     -7.81575489	     -9.58326054	      2.79853878	     -4.98473282	      0.00000000	     12.29882420	     -2.14822239	      0.00000000
      3.56666667	     58.99938601	     -2.03666353	   -179.92796519	     -0.65070557	     -0.67462854	     -0.51356326	    -28.71543171	     -2.64084499	      0.35667192	    -48.22567456	      9.04923483	     10.49816820	     -0.01284983	      0.01985070	      0.01563311	      0.00000000	      0.00000000	      0.00000000	     -0.03437985	     -0.02438121	     -0.01316377	      0.00000000	      0.00000000	      0.00000000	     -0.02062705	      0.00692363	     -0.00053452	    127.74228695	   -187.37031805	    176.90525790	     91.77500601	      0.00000000	      0.00000000	      0.00000000	      0.00000000	   -296.44758391	      8.92197912	    -13.61782129	     90.29365163	      0.00000000	      0.00000000	      0.00000000	      0.00000000	    -22.58041569	     -8.35904829	    -10.32274882	    -11.93420343	     -5.57866804	     -4.98473282	      0.00000000	     23.26936173	     24.98095987	      0.00000000	    -24.01089683	     -3.05982623	     -8.99553584	     -8.42060147	      3.58338004	     -4.98473282	      0.00000000	     12.71993630	     -0.90403122	      0.00000000
      3.60000000	     57.32997192	     -1.49867752	   -179.76570749	     -0.64807913	     -0.66739559	     -0.51443936	    -29.81602605	     -1.83740868	      0.17418890	    -48.30329326	      4.06182053	      8.32273059	     -0.01395973	      0.01947185	      0.01833932	      0.00000000	      0.00000000	      0.00000000	     -0.03219761	     -0.02551632	     -0.01417694	      0.00000000	      0.00000000	      0.00000000	     -0.01935622	      0.00687557	     -0.00170150	    126.44595183	   -190.98665349	    176.86498268	     87.07336995	      0.00000000	      0.00000000	      0.00000000	      0.00000000	   -296.85853765	     10.73517853	    -13.16117374	     87.53197189	      0.00000000	      0.00000000	      0.00000000	      0.00000000	    -24.01240363	     -7.75129949	    -10.53105686	    -11.43912124	     -5.48089983	     -4.98473282	      0.00000000	     22.49808306	     24.98095987	      0.00000000	    -26.03853791	     -3.75401679	    -10.67563795	     -6.85750382	      5.02727820	     -4.98473282	      0.00000000	     12.93554315	      0.21165911	      0.00000000
      3.63333333	     56.00565956	     -0.66401372	   -179.67553879	     -0.64499866	     -0.65912396	     -0.51547311	    -30.42695699	     -0.77392945	      0.26747771	    -48.54811505	     -0.74160591	      6.97628536	     -0.01332238	      0.01774941	      0.02179218	      0.00000000	      0.00000000	      0.00000000	     -0.03225638	     -0.02317980	     -0.01379648	      0.00000000	      0.00000000	      0.00000000	     -0.01805304	      0.00688003	     -0.00290997	    126.02461594	   -195.29111674	    176.70445765	     80.86012386	      0.00000000	      0.00000000	      0.00000000	      0.00000000	   -297.43477739	     11.66876233	    -12.73813415	     84.67115738	      0.00000000	      0.00000000	      0.00000000	      0.00000000	    -24.61490535	     -6.87675969	    -10.33195096	    -11.28850671	     -5.81987867	     -4.98473282	      0.00000000	     22.13635765	     24.98095987	      0.00000000	    -27.63445545	     -4.60749907	    -12.50877284	     -5.34321581	      6.55636732	     -4.98473282	      0.00000000	     13.07153522	      0.85383886	      0.00000000
      3.66666667	     55.03876866	      0.43389385	   -179.75431277	     -0.64124300	     -0.64931061	     -0.51640832	    -30.70738822	      0.35983478	      0.68263612	    -48.43627200	     -3.76753269	      6.72043268	     -0.01085112	      0.01436159	      0.02411585	      0.00000000	      0.00000000	      0.00000000	     -0.03356573	     -0.01901521	     -0.01234577	      0.00000000	      0.00000000	      0.00000000	     -0.01839133	      0.00699613	     -0.00356523	    126.26166492	   -199.60269956	    176.16466110	     74.56944216	      0.00000000	      0.00000000	      0.00000000	      0.00000000	   -297.72201793	     13.25028672	    -12.31439384	     81.05875397	      0.00000000	      0.00000000	      0.00000000	      0.00000000	    -24.22435192	     -5.74686296	     -9.10854634	    -11.77134345	     -7.08609959	     -4.98473282	      0.00000000	     22.17204942	     24.98095987	      0.00000000	    -28.57612448	     -5.49144199	    -14.37614646	     -4.31099330	      7.66311142	     -4.98473282	      0.00000000	     13.23384120	      0.91058802	      0.00000000
      3.70000000	     54.46901679	      1.52083857	   -180.01667076	     -0.63647109	     -0.63769307	     -0.51676051	    -30.77509093	      1.21889043	      1.58686884	    -47.61456192	     -4.32548491	      7.00073573	     -0.00735681	      0.00922885	      0.02494303	      0.00000000	      0.00000000	      0.00000000	     -0.03416088	     -0.01578966	     -0.00935034	      0.00000000	      0.00000000	      0.00000000	     -0.01877298	      0.00631136	     -0.00442750	    126.64527557	   -202.79230195	    175.32232813	     70.01965965	      0.00000000	      0.00000000	      0.00000000	      0.00000000	   -297.61654621	     16.52331591	    -12.28667954	     76.91572628	      0.00000000	      0.00000000	      0.00000000	      0.00000000	    -22.94684926	     -4.54216226	     -6.50352485	    -12.79979774	     -9.66526901	     -4.98473282	      0.00000000	     22.34208216	     24.98095987	      0.00000000	    -28.60996140	     -6.17193907	    -15.48874276	     -4.11567746	      7.87561546	     -4.98473282	      0.00000000	     13.38308391	      0.25281303	      0.00000000
      3.73333333	     54.07652252	      2.67721224	   -180.40957598	     -0.63069193	     -0.62444767	     -0.51689624	    -30.95205688	      1.86020309	      3.00475542	    -45.88884893	     -2.37065682	      7.78615992	     -0.00393225	      0.00331982	      0.02391033	      0.00000000	      0.00000000	      0.00000000	     -0.03208259	     -0.01608158	     -0.00474695	      0.00000000	      0.00000000	      0.00000000	     -0.01607627	      0.00517842	     -0.00596556	    126.27884310	   -204.42784790	    174.54570827	     68.43760663	      0.00000000	      0.00000000	      0.00000000	      0.00000000	   -297.50954422	     20.53860938	    -12.50628779	     73.36084391	      0.00000000	      0.00000000	      0.00000000	      0.00000000	    -21.34417538	     -3.11430696	     -2.47449671	    -14.07190069	    -12.84528712	     -4.98473282	      0.00000000	     22.42784369	     24.98095987	      0.00000000	    -27.99716467	     -6.89489249	    -15.19496457	     -4.74574329	      7.12205613	     -4.98473282	      0.00000000	     13.26476565	     -1.14698556	      0.00000000
      3.76666667	     53.32379347	      3.66843979	   -180.67822017	     -0.62403452	     -0.61069114	     -0.51681803	    -31.62480434	      2.13253210	      4.27234642	    -43.71408734	      1.00954751	      9.30208726	     -0.00039965	     -0.00138216	      0.02267421	      0.00000000	      0.00000000	      0.00000000	     -0.02721040	     -0.01886402	      0.00111168	      0.00000000	      0.00000000	      0.00000000	     -0.00805002	      0.00575280	     -0.00532689	    124.94620788	   -205.34362199	    174.44088818	     68.32479046	      0.00000000	      0.00000000	      0.00000000	      0.00000000	   -297.44163351	     23.30499927	    -12.46665340	     71.34824017	      0.00000000	      0.00000000	      0.00000000	      0.00000000	    -20.48253426	     -1.92428349	     -0.11294891	    -14.83387116	    -14.32904212	     -4.98473282	      0.00000000	     22.31121336	     24.71359654	      0.00000000	    -27.30959238	     -7.67960138	    -13.62207732	     -6.26438737	      6.17721362	     -4.98473282	      0.00000000	     13.32656051	     -2.16888392	      0.00000000
      3.80000000	     52.31110649	      4.36107918	   -180.76525649	     -0.61667741	     -0.59644207	     -0.51664407	    -32.62203038	      2.13938403	      5.11211317	    -41.67696187	      3.92080745	      9.87214973	      0.00250005	     -0.00307938	      0.02143090	      0.00000000	      0.00000000	      0.00000000	     -0.02238885	     -0.02055127	      0.00643481	      0.00000000	      0.00000000	      0.00000000	     -0.00195085	      0.00637679	     -0.00105934	    123.27332707	   -206.71954291	    174.58878200	     67.15592057	      0.00000000	      0.00000000	      0.00000000	      0.00000000	   -296.17832793	     25.93046937	    -12.24617450	     68.27552348	      0.00000000	      0.00000000	      0.00000000	      0.00000000	    -20.09691984	     -1.17227789	      0.82645791	    -15.31992615	    -14.89690267	     -4.98473282	      0.00000000	     22.79336600	     24.69003884	      0.00000000	    -26.64228345	     -8.29418231	     -9.94265354	     -8.21714989	      4.73260362	     -4.98473282	      0.00000000	     14.02399385	     -2.70889313	      0.00000000
      3.83333333	     50.80076896	      4.73552183	   -180.15727162	     -0.60964321	     -0.58190358	     -0.51695802	    -34.21065418	      2.23233866	      5.31156125	    -39.80462422	      5.89485729	     10.77458713	      0.00401952	     -0.00310129	      0.02182418	      0.00000000	      0.00000000	      0.00000000	     -0.02086876	     -0.01922664	      0.00868238	      0.00000000	      0.00000000	      0.00000000	     -0.00100021	      0.00607216	      0.00434590	    121.26418082	   -208.87578322	    175.16798732	     63.27323593	      0.00000000	      0.00000000	      0.00000000	      0.00000000	   -293.62200884	     29.76724257	    -11.77263347	     63.04816014	      0.00000000	      0.00000000	      0.00000000	      0.00000000	    -20.49461230	     -0.66462004	      0.05647580	    -15.45235822	    -14.89690267	     -4.98473282	      0.00000000	     23.35918559	     24.96939666	      0.00000000	    -26.37578154	     -8.85822079	     -6.87461078	     -9.70104781	      3.60751363	     -4.98473282	      0.00000000	     15.36360105	     -2.36902328	      0.00000000
      3.86666667	     48.94932985	      4.58068091	   -179.82154338	     -0.60334212	     -0.56732186	     -0.51781765	    -36.20167232	      1.87997452	      5.05981138	    -38.86569976	      6.54643071	     11.17409177	      0.00370538	     -0.00111616	      0.02151852	      0.00000000	      0.00000000	      0.00000000	     -0.02105144	     -0.01560627	      0.00744656	      0.00000000	      0.00000000	      0.00000000	     -0.00382778	      0.00619865	      0.00830692	    119.62848986	   -212.32221032	    175.82669819	     56.95298343	      0.00000000	      0.00000000	      0.00000000	      0.00000000	   -291.10524901	     34.18472568	    -11.17574160	     55.79123200	      0.00000000	      0.00000000	      0.00000000	      0.00000000	    -21.34793020	     -0.76986758	     -0.34579844	    -15.42914998	    -14.39049955	     -4.98473282	      0.00000000	     23.95874722	     24.98095987	      0.00000000	    -26.84515788	     -8.67950732	     -4.84022438	    -10.11439322	      2.80306063	     -4.98473282	      0.00000000	     16.55697473	     -2.00202215	      0.00000000
      3.90000000	     46.74856366	      3.80448738	   -179.64357185	     -0.59824458	     -0.55336530	     -0.52019082	    -38.46386174	      0.72781065	      4.53703839	    -38.77767954	      6.38900301	     11.36627748	      0.00283896	      0.00123312	      0.02271920	      0.00000000	      0.00000000	      0.00000000	     -0.02305027	     -0.01302544	      0.00489112	      0.00000000	      0.00000000	      0.00000000	     -0.00282684	      0.01038654	      0.01082050	    118.77968067	   -216.71724400	    176.06244628	     48.92409094	      0.00000000	      0.00000000	      0.00000000	      0.00000000	   -290.64212541	     38.05443863	    -10.52423276	     49.11329160	      0.00000000	      0.00000000	      0.00000000	      0.00000000	    -22.86981356	     -1.53439404	     -1.86000387	    -14.97471674	    -12.87050464	     -4.98473282	      0.00000000	     24.39013365	     24.98095987	      0.00000000	    -28.08978670	     -7.74516476	     -4.00835707	     -9.31722769	      1.35875985	     -4.98473282	      0.00000000	     16.53315205	     -1.97558469	      0.00000000
      3.93333333	     44.47754865	      2.88712507	   -179.28529030	     -0.59380507	     -0.54040423	     -0.52381033	    -40.80039301	     -0.55858342	      3.42583726	    -39.64012174	      6.10079484	     11.90858861	      0.00165624	      0.00452888	      0.02383979	      0.00000000	      0.00000000	      0.00000000	     -0.02307328	     -0.01354242	      0.00268848	      0.00000000	      0.00000000	      0.00000000	      0.00434285	      0.01655761	      0.01412651	    118.72332013	   -221.45011546	    175.29932287	     41.62423783	      0.00000000	      0.00000000	      0.00000000	      0.00000000	   -292.00778641	     39.75597716	     -8.98555135	     45.48740823	      0.00000000	      0.00000000	      0.00000000	      0.00000000	    -25.03669597	     -2.43536086	     -5.59265910	    -13.73831456	     -9.42075635	     -4.98473282	      0.00000000	     24.26367307	     24.98095987	      0.00000000	    -29.72387175	     -6.92867561	     -5.06072457	     -7.92646933	      1.07769589	     -4.98473282	      0.00000000	     15.39101249	     -2.13536555	      0.00000000
      3.96666667	     44.16103623	      2.38670440	   -179.15822676	     -0.58839466	     -0.52710772	     -0.52820634	    -41.13196439	     -1.70516308	      2.71409839	    -41.24142223	      6.40429344	     12.62251719	      0.00170124	      0.00785056	      0.02411727	      0.00000000	      0.00000000	      0.00000000	     -0.01815474	     -0.01527665	      0.00222895	      0.00000000	      0.00000000	      0.00000000	      0.01547331	      0.02496292	      0.01646186	    121.13956741	   -224.94285649	    171.81780215	     37.77399478	      0.00000000	      0.00000000	      0.00000000	      0.00000000	   -295.54868799	     40.53680782	     -7.00808968	     43.83967387	      0.00000000	      0.00000000	      0.00000000	      0.00000000	    -24.81405010	     -2.74375263	     -7.92276421	    -13.08875097	     -8.13380211	     -4.98473282	      0.00000000	     23.98676634	     24.98095987	      0.00000000	    -29.24107299	     -6.64088978	     -6.94798684	     -7.10869259	      1.33207794	     -4.98473282	      0.00000000	     14.13643390	     -2.54579395	      0.00000000
      4.00000000	     45.10289559	      2.65866874	   -178.39734072	     -0.58211810	     -0.51528803	     -0.53232165	    -40.08673399	     -1.76205781	      1.70730288	    -42.85974051	      6.49051598	     13.31271110	      0.00344886	      0.01079765	      0.02407028	      0.00000000	      0.00000000	      0.00000000	     -0.01187056	     -0.02018213	      0.00315444	      0.00000000	      0.00000000	      0.00000000	      0.02310403	      0.02913364	      0.01860786	    123.54949891	   -228.78904583	    168.34932600	     34.43025881	      0.00000000	      0.00000000	      0.00000000	      0.00000000	   -297.34876783	     41.60567025	     -5.38395178	     41.72181348	      0.00000000	      0.00000000	      0.00000000	      0.00000000	    -23.66624764	     -2.15801344	    -11.58494390	    -11.99341904	     -6.24080580	     -4.98473282	      0.00000000	     23.23868780	     24.98095987	      0.00000000	    -27.47780386	     -7.62859826	     -9.10964023	     -6.52160582	      2.37727549	     -4.98473282	      0.00000000	     13.20398650	     -2.94494094	      0.00000000
      4.03333333	     46.90047288	      3.45055251	   -177.32161090	     -0.57465301	     -0.50308457	     -0.53566015	    -38.36594956	     -1.09206329	      0.92159320	    -44.16195608	      6.44907426	     13.49301799	      0.00536873	      0.01452275	      0.02483004	      0.00000000	      0.00000000	      0.00000000	     -0.00538693	     -0.02429699	      0.00300131	      0.00000000	      0.00000000	      0.00000000	      0.02416065	      0.03128791	      0.01873654	    124.48757779	   -232.34630437	    165.53910137	     30.89025378	      0.00000000	      0.00000000	      0.00000000	      0.00000000	   -297.53043733	     44.68536617	     -3.92384457	     37.46667866	      0.00000000	      0.00000000	      0.00000000	      0.00000000	    -21.33393690	     -0.90259394	    -14.12088998	    -11.44265391	     -5.67143838	     -4.98473282	      0.00000000	     22.72619701	     24.65869520	      0.00000000	    -24.08968352	     -9.35047942	     -9.36659488	     -7.25439209	      2.47522522	     -4.98473282	      0.00000000	     13.23603530	     -2.99181391	      0.00000000
      4.06666667	     49.95114142	      4.18365907	   -176.09684011	     -0.56635836	     -0.49044489	     -0.53800246	    -35.55810989	     -0.21784000	      0.20857924	    -44.15600686	      6.50541950	     12.94561615	      0.00694038	      0.01572073	      0.02582284	      0.00000000	      0.00000000	      0.00000000	     -0.00288490	     -0.03040760	      0.00043496	      0.00000000	      0.00000000	      0.00000000	      0.01953364	      0.02761625	      0.01755104	    120.94502312	   -236.41188694	    163.85709512	     24.16622269	      0.00000000	      0.00000000	      0.00000000	      0.00000000	   -294.73336310	     49.85013230	     -3.76821564	     30.33697231	      0.00000000	      0.00000000	      0.00000000	      0.00000000	    -17.38529099	      0.37729767	    -14.25501905	    -11.57204271	     -4.99681592	     -4.98473282	      0.00000000	     22.75587309	     21.61035941	      0.00000000	    -18.72825502	    -10.68191838	     -5.60227950	     -8.80702667	      0.20938568	     -4.98473282	      0.00000000	     14.28716868	     -3.77754655	      0.00000000
      4.10000000	     51.98859758	      4.75239580	   -175.37708073	     -0.55850790	     -0.47860656	     -0.53963043	    -34.04671494	      0.50712922	     -0.04858824	    -43.11098168	      6.32733073	     11.29744156	      0.00664467	      0.01650469	      0.02615618	      0.00000000	      0.00000000	      0.00000000	     -0.00208820	     -0.03271536	     -0.00195941	      0.00000000	      0.00000000	      0.00000000	      0.01405530	      0.02289798	      0.01465503	    114.58626604	   -240.25825722	    164.15144996	     16.11408909	      0.00000000	      0.00000000	      0.00000000	      0.00000000	   -291.53149665	     55.10065810	     -2.74468339	     22.74121871	      0.00000000	      0.00000000	      0.00000000	      0.00000000	    -14.53615576	      1.40797477	    -12.79475879	    -11.32560821	     -5.37641994	     -4.98473282	      0.00000000	     22.92710061	     18.83395735	      0.00000000	    -14.43165590	    -11.19882206	      0.43820639	    -10.86556774	     -2.71770846	     -4.98473282	      0.00000000	     15.32205919	     -5.89366009	      0.00000000
      4.13333333	     56.58082380	      5.34660447	   -173.53102573	     -0.55002210	     -0.46501107	     -0.53895676	    -29.96172667	      2.17395730	     -1.75884337	    -41.51708802	      6.62521629	      9.92584886	      0.00581113	      0.01398281	      0.02457777	      0.00000000	      0.00000000	      0.00000000	     -0.00078156	     -0.03313862	     -0.00190186	      0.00000000	      0.00000000	      0.00000000	      0.01316358	      0.01258574	      0.01507904	    108.03136461	   -243.27090771	    168.32781800	      9.20197672	      0.00000000	      0.00000000	      0.00000000	      0.00000000	   -286.51037535	     57.64138409	     -4.14002738	     18.02733188	      0.00000000	      0.00000000	      0.00000000	      0.00000000	     -8.48035146	      1.79698893	    -13.52890842	    -11.91970227	     -6.36821881	     -4.98473282	      0.00000000	     23.52326271	     19.42277002	      0.00000000	     -5.98456178	     -9.97693740	     16.54902156	    -15.74689915	    -11.24159857	     -4.98473282	      0.00000000	     15.40153048	    -10.16010147	      0.00000000
      4.16666667	     57.36605772	      5.05155815	   -173.01297099	     -0.54415487	     -0.45560910	     -0.53786741	    -29.94381771	      2.64989955	     -1.77498535	    -38.66034422	      6.42008650	      8.14547992	      0.00400093	      0.01045262	      0.02425008	      0.00000000	      0.00000000	      0.00000000	     -0.00092246	     -0.02841135	     -0.00303658	      0.00000000	      0.00000000	      0.00000000	      0.01500014	      0.00830669	      0.01275116	    104.04360764	   -243.65084561	    167.94726110	      7.45130390	      0.00000000	      0.00000000	      0.00000000	      0.00000000	   -285.16625484	     59.57591002	     -1.78343974	     16.36106425	      0.00000000	      0.00000000	      0.00000000	      0.00000000	     -6.89128561	      1.19820075	    -13.62779227	    -11.95803211	     -7.60148876	     -4.98473282	      0.00000000	     23.85176771	     19.98674900	      0.00000000	     -3.61042058	     -8.14647782	     24.61501547	    -18.79421006	    -14.89690267	     -4.98473282	      0.00000000	     14.54945048	    -12.89912055	      0.00000000
      4.20000000	     58.74862594	      5.02229163	   -172.69834418	     -0.53963732	     -0.44827736	     -0.53709502	    -28.94241103	      3.12402217	     -2.11872191	    -36.63198492	      6.50014885	      7.02067945	      0.00347818	      0.00680970	      0.02317377	      0.00000000	      0.00000000	      0.00000000	     -0.00048522	     -0.02550915	     -0.00179162	      0.00000000	      0.00000000	      0.00000000	      0.01680140	      0.00465862	      0.01064113	    102.11996206	   -244.23283847	    168.65365788	      6.94318084	      0.00000000	      0.00000000	      0.00000000	      0.00000000	   -284.30415564	     60.13920522	     -0.03517158	     16.44276174	      0.00000000	      0.00000000	      0.00000000	      0.00000000	     -4.76827495	      0.67506729	    -14.65769322	    -12.24614047	     -8.14138323	     -4.98473282	      0.00000000	     23.81594013	     20.80267463	      0.00000000	     -1.10676640	     -6.84871092	     29.26815515	    -21.16998172	    -14.89690267	     -4.98473282	      0.00000000	     12.20078378	    -18.31077115	      0.00000000
      4.23333333	     59.47090675	      5.13528565	   -172.09335299	     -0.53610052	     -0.44324488	     -0.53695318	    -28.40952219	      3.63432843	     -2.71235040	    -34.84370878	      6.77002939	      6.51419016	      0.00407245	      0.00356837	      0.02298045	      0.00000000	      0.00000000	      0.00000000	      0.00022796	     -0.02390619	     -0.00084733	      0.00000000	      0.00000000	      0.00000000	      0.01809881	      0.00476311	      0.00978128	    101.07610291	   -244.47645266	    169.14415272	      7.17013676	      0.00000000	      0.00000000	      0.00000000	      0.00000000	   -283.81488197	     60.47864740	      1.40174590	     16.50238143	      0.00000000	      0.00000000	      0.00000000	      0.00000000	     -3.58311783	      0.62619411	    -15.82734450	    -12.59435928	     -8.33059003	     -4.98473282	      0.00000000	     23.58999945	     20.58824026	      0.00000000	      0.69939549	     -6.21959464	     31.33030072	    -22.90314253	    -14.89690267	     -4.98473282	      0.00000000	     11.11548981	    -20.99944739	      0.00000000
      4.26666667	     59.98136471	      5.49766981	   -171.47062732	     -0.53354725	     -0.44024924	     -0.53628627	    -27.85182505	      4.49027835	     -3.12291207	    -34.14501446	      6.97199676	      6.49730569	      0.00424039	      0.00251272	      0.02216088	      0.00000000	      0.00000000	      0.00000000	      0.00071677	     -0.02274443	     -0.00067967	      0.00000000	      0.00000000	      0.00000000	      0.01901908	      0.00657484	      0.00887849	    100.48610767	   -244.45134695	    168.91873326	      7.42840760	      0.00000000	      0.00000000	      0.00000000	      0.00000000	   -283.56247742	     60.93424894	      0.77272317	     15.74719832	      0.00000000	      0.00000000	      0.00000000	      0.00000000	     -2.87690488	      0.94364095	    -17.08910836	    -12.70204588	     -8.00325974	     -4.98473282	      0.00000000	     22.88401143	     20.73689682	      0.00000000	      2.07014795	     -6.02579257	     32.52470688	    -23.97983552	    -14.89690267	     -4.98473282	      0.00000000	     10.76425108	    -22.57880465	      0.00000000
      4.30000000	     59.93675239	      5.84855212	   -171.36388362	     -0.53207557	     -0.43907910	     -0.53515135	    -27.78861440	      5.13290242	     -3.28738433	    -34.17426404	      6.98532971	      6.75853075	      0.00423862	      0.00301367	      0.02115695	      0.00000000	      0.00000000	      0.00000000	      0.00243236	     -0.02292277	     -0.00115649	      0.00000000	      0.00000000	      0.00000000	      0.02010290	      0.01097598	      0.00946848	     99.80457015	   -244.38375080	    168.51932236	      7.88130582	      0.00000000	      0.00000000	      0.00000000	      0.00000000	   -284.11868724	     60.71857532	     -1.07083434	     14.86296658	      0.00000000	      0.00000000	      0.00000000	      0.00000000	     -2.88322102	      1.36292599	    -17.50427551	    -12.55216345	     -7.98803330	     -4.98473282	      0.00000000	     22.29316870	     21.15557408	      0.00000000	      2.19249343	     -6.32125705	     32.22654245	    -23.65630867	    -14.89690267	     -4.98473282	      0.00000000	     11.04443306	    -22.60226772	      0.00000000
      4.33333333	     58.73865409	      5.89628672	   -171.69013742	     -0.53202173	     -0.43990325	     -0.53428162	    -28.89751323	      5.27072995	     -2.61737505	    -34.59128284	      6.80143433	      6.97111935	      0.00352878	      0.00412948	      0.02155577	      0.00000000	      0.00000000	      0.00000000	      0.00300544	     -0.02143562	     -0.00099015	      0.00000000	      0.00000000	      0.00000000	      0.02166772	      0.01290946	      0.00930223	    100.24905549	   -243.99868335	    167.87223130	      8.37048113	      0.00000000	      0.00000000	      0.00000000	      0.00000000	   -282.42751180	     61.70163823	     -8.38209686	     11.78026828	      0.00000000	      0.00000000	      0.00000000	      0.00000000	     -4.09973910	      1.60275407	    -17.22792334	    -12.42255338	     -9.46069171	     -4.98473282	      0.00000000	     22.35896041	     22.61307275	      0.00000000	      0.31760822	     -7.14124962	     29.93081809	    -21.85350550	    -14.89690267	     -4.98473282	      0.00000000	     13.00594347	    -19.48368159	      0.00000000
      4.36666667	     57.28926948	      5.57318009	   -172.69249905	     -0.53312160	     -0.44142332	     -0.53324426	    -30.39194151	      4.80494237	     -1.10241270	    -34.51645222	      6.53828641	      7.45587493	      0.00233721	      0.00373900	      0.02257131	      0.00000000	      0.00000000	      0.00000000	      0.00089993	     -0.02213404	     -0.00018959	      0.00000000	      0.00000000	      0.00000000	      0.02491814	      0.01679277	      0.00877833	     99.69775278	   -244.02748427	    167.05916195	      7.65516999	      0.00000000	      0.00000000	      0.00000000	      0.00000000	   -283.46705168	     62.24316994	    -12.26014723	     11.30862961	      0.00000000	      0.00000000	      0.00000000	      0.00000000	     -5.50048445	      1.43589647	    -14.49859119	    -12.76323284	    -10.79572706	     -4.98473282	      0.00000000	     23.05904012	     22.00436326	      0.00000000	     -2.51454011	     -7.82577197	     26.45781597	    -19.20902198	    -14.89690267	     -4.98473282	      0.00000000	     14.28924376	    -16.26632456	      0.00000000
      4.40000000	     54.86361374	      4.89756909	   -174.47986522	     -0.53571304	     -0.44457081	     -0.53306435	    -32.98773526	      3.45018452	      0.64025610	    -34.09046358	      6.62787485	      7.71237342	      0.00116797	      0.00237894	      0.02249592	      0.00000000	      0.00000000	      0.00000000	     -0.00052320	     -0.02413444	     -0.00056190	      0.00000000	      0.00000000	      0.00000000	      0.02567306	      0.01813722	      0.00850771	     99.59724883	   -244.25953359	    164.40320092	      7.50213299	      0.00000000	      0.00000000	      0.00000000	      0.00000000	   -284.15905800	     62.35197881	    -13.02310532	     11.67294134	      0.00000000	      0.00000000	      0.00000000	      0.00000000	     -8.12227232	      1.01514925	    -10.13072975	    -13.11445267	    -11.60144713	     -4.98473282	      0.00000000	     23.67045546	     19.76977441	      0.00000000	     -7.17159009	     -8.58575799	     20.25285177	    -15.40342599	    -14.89690267	     -4.98473282	      0.00000000	     16.17541382	    -10.53056484	      0.00000000
      4.43333333	     51.84435096	      4.28514394	   -176.09717637	     -0.53857883	     -0.44891695	     -0.53216266	    -36.03221393	      2.24339900	      2.25612485	    -33.27160481	      6.19108123	      7.55605630	      0.00017229	      0.00127312	      0.02292692	      0.00000000	      0.00000000	      0.00000000	     -0.00185413	     -0.02533482	     -0.00209575	      0.00000000	      0.00000000	      0.00000000	      0.02620283	      0.01782048	      0.01000231	    100.79870808	   -243.83545430	    158.44535807	      9.09293031	      0.00000000	      0.00000000	      0.00000000	      0.00000000	   -285.29963857	     61.43912985	    -10.75448862	     14.31256773	      0.00000000	      0.00000000	      0.00000000	      0.00000000	    -11.53456341	      0.36416552	     -7.32536811	    -13.33285830	    -11.53842101	     -4.98473282	      0.00000000	     23.42239703	     17.72940265	      0.00000000	    -12.49876218	     -8.94179034	     14.93877909	    -12.07968443	    -14.89690267	     -4.98473282	      0.00000000	     17.24126987	     -5.13855635	      0.00000000
      4.46666667	     49.76188617	      4.05024884	   -176.67286191	     -0.54106271	     -0.45418467	     -0.53041946	    -37.84358838	      2.01300823	      2.64174135	    -32.75450620	      5.40114803	      6.76789825	      0.00007897	      0.00117126	      0.02223284	      0.00000000	      0.00000000	      0.00000000	     -0.00099602	     -0.02376027	     -0.00413717	      0.00000000	      0.00000000	      0.00000000	      0.02537190	      0.01355056	      0.01125857	    104.32767559	   -242.90344326	    153.79711100	     12.53026532	      0.00000000	      0.00000000	      0.00000000	      0.00000000	   -286.10625083	     59.95521075	     -8.28671839	     17.25640722	      0.00000000	      0.00000000	      0.00000000	      0.00000000	    -14.38574199	     -0.01363771	     -6.93332249	    -12.71997273	    -11.69645376	     -4.98473282	      0.00000000	     22.82348837	     17.48120233	      0.00000000	    -16.15934906	     -9.35835402	     10.78569901	    -10.02791956	    -12.31753795	     -4.98473282	      0.00000000	     17.81338441	     -2.77897372	      0.00000000
      4.50000000	     47.34607680	      4.44329064	   -178.18987864	     -0.54345019	     -0.46223310	     -0.52933995	    -39.59125125	      1.67570935	      3.89231378	    -33.04282927	      5.32478336	      6.35388620	      0.00135119	      0.00404776	      0.01994880	      0.00000000	      0.00000000	      0.00000000	      0.00114287	     -0.01935225	     -0.00407563	      0.00000000	      0.00000000	      0.00000000	      0.02495223	      0.01233755	      0.01078666	    109.70350452	   -241.90135880	    152.20542072	     16.49773485	      0.00000000	      0.00000000	      0.00000000	      0.00000000	   -289.27510034	     58.10778809	     -5.78184063	     20.49849340	      0.00000000	      0.00000000	      0.00000000	      0.00000000	    -17.46086294	     -0.09292135	     -6.71530856	    -11.98377473	    -12.29174323	     -4.98473282	      0.00000000	     23.05570304	     18.76704651	      0.00000000	    -21.22928947	    -10.19478718	     -0.49499549	     -7.15537330	     -0.64395375	     -4.98473282	      0.00000000	     16.95721530	     -6.42650595	      0.00000000
      4.53333333	     47.42784298	      4.69109574	   -177.64428767	     -0.54494023	     -0.46808900	     -0.52738626	    -39.16200416	      2.60066558	      3.21772112	    -32.68597692	      4.03740871	      4.58501774	      0.00204729	      0.00503120	      0.01838809	      0.00000000	      0.00000000	      0.00000000	      0.00043266	     -0.02110856	     -0.00307923	      0.00000000	      0.00000000	      0.00000000	      0.02040905	      0.00575317	      0.00734373	    110.22919998	   -241.90625754	    153.51802757	     17.00037675	      0.00000000	      0.00000000	      0.00000000	      0.00000000	   -289.18860239	     57.93138290	     -5.57080220	     20.75013277	      0.00000000	      0.00000000	      0.00000000	      0.00000000	    -18.19881247	      0.28281569	     -6.98975484	    -10.86356176	    -12.79911104	     -4.98473282	      0.00000000	     23.03061284	     18.65013878	      0.00000000	    -21.39110465	    -10.61011043	     -1.62807836	     -7.21584751	      0.84971627	     -4.98473282	      0.00000000	     17.79038254	     -6.29890899	      0.00000000
      4.56666667	     47.57311996	      5.15237012	   -177.66582819	     -0.54702877	     -0.47543633	     -0.52571525	    -38.49841502	      3.44749940	      3.18777151	    -33.09212442	      3.92024618	      3.10513856	      0.00400328	      0.00762838	      0.01405209	      0.00000000	      0.00000000	      0.00000000	      0.00238145	     -0.01882881	     -0.00451912	      0.00000000	      0.00000000	      0.00000000	      0.01797500	      0.00388388	      0.00543172	    112.49121427	   -240.08635920	    157.27861929	     19.96849508	      0.00000000	      0.00000000	      0.00000000	      0.00000000	   -290.29824934	     56.88781872	     -6.33561828	     21.82557118	      0.00000000	      0.00000000	      0.00000000	      0.00000000	    -18.59474627	      0.45891833	     -8.11495788	    -10.48953763	    -11.62562904	     -4.98473282	      0.00000000	     23.67153006	     20.34638673	      0.00000000	    -21.88669663	    -10.94066957	     -4.21793470	     -6.90480806	      1.76659685	     -4.98473282	      0.00000000	     18.78296607	     -5.80083948	      0.00000000
      4.60000000	     47.79258549	      5.08465299	   -177.76613695	     -0.55026249	     -0.48381622	     -0.52517716	    -37.86052368	      3.49224605	      3.05607329	    -33.89604849	      4.13513303	      2.99341943	      0.00545383	      0.01037642	      0.01253910	      0.00000000	      0.00000000	      0.00000000	      0.00462577	     -0.01654150	     -0.00592576	      0.00000000	      0.00000000	      0.00000000	      0.01586594	      0.00635559	      0.00639500	    115.86822804	   -237.38092118	    159.31752220	     24.46379746	      0.00000000	      0.00000000	      0.00000000	      0.00000000	   -291.42827602	     55.46826466	     -7.19298255	     22.96248051	      0.00000000	      0.00000000	      0.00000000	      0.00000000	    -19.20663910	      0.22768382	     -9.39489315	     -9.99435284	     -9.93484911	     -4.98473282	      0.00000000	     24.06946554	     21.90373186	      0.00000000	    -22.36975213	    -10.80640465	     -5.78308460	     -6.60252668	      1.45326670	     -4.98473282	      0.00000000	     18.91464427	     -4.00738216	      0.00000000
      4.63333333	     48.75596005	      4.88651580	   -177.68338064	     -0.55375018	     -0.49225487	     -0.52468302	    -36.66904159	      3.65734304	      2.78767462	    -34.84770167	      4.23655765	      3.41971815	      0.00615543	      0.01296507	      0.01086640	      0.00000000	      0.00000000	      0.00000000	      0.00560481	     -0.01341746	     -0.00757047	      0.00000000	      0.00000000	      0.00000000	      0.01548926	      0.00989391	      0.01010445	    119.07086396	   -234.22046966	    160.47038909	     29.48275687	      0.00000000	      0.00000000	      0.00000000	      0.00000000	   -292.31397382	     53.03389569	     -7.73713473	     25.42334748	      0.00000000	      0.00000000	      0.00000000	      0.00000000	    -18.84406449	     -0.03746986	    -10.43197883	    -10.29992632	     -8.21739531	     -4.98473282	      0.00000000	     24.07676946	     22.41067483	      0.00000000	    -21.61576190	    -10.66080313	     -4.07734112	     -7.31895693	      0.07819681	     -4.98473282	      0.00000000	     18.93063760	     -2.87671789	      0.00000000
      4.66666667	     50.79323784	      4.51147848	   -177.39309507	     -0.55717817	     -0.50078997	     -0.52340697	    -34.55367967	      3.96457635	      1.93919201	    -35.86791608	      4.05019996	      5.00071887	      0.00603153	      0.01464403	      0.00902762	      0.00000000	      0.00000000	      0.00000000	      0.00524134	     -0.00918182	     -0.00855998	      0.00000000	      0.00000000	      0.00000000	      0.01583568	      0.01378542	      0.01414495	    122.29077402	   -231.04012707	    161.64638515	     34.98887360	      0.00000000	      0.00000000	      0.00000000	      0.00000000	   -294.36015546	     49.54595968	     -6.38365045	     29.37506769	      0.00000000	      0.00000000	      0.00000000	      0.00000000	    -17.29374874	     -0.45012189	    -12.15641788	    -10.92821480	     -6.80886263	     -4.98473282	      0.00000000	     23.98914684	     20.93889267	      0.00000000	    -19.10624588	    -10.21241946	      1.64630869	     -9.45983202	     -2.41569568	     -4.98473282	      0.00000000	     18.89960137	     -3.10082246	      0.00000000
      4.70000000	     53.44026169	      3.86452197	   -176.50766404	     -0.56125394	     -0.51077911	     -0.52183605	    -31.72535473	      4.09938373	      0.61517971	    -36.83631622	      3.63080763	      7.44462978	      0.00591878	      0.01457604	      0.01049362	      0.00000000	      0.00000000	      0.00000000	     -0.00014346	     -0.00996347	     -0.00940267	      0.00000000	      0.00000000	      0.00000000	      0.01613474	      0.01592795	      0.01735650	    123.15145147	   -228.23500510	    162.82090757	     38.66389465	      0.00000000	      0.00000000	      0.00000000	      0.00000000	   -296.74125774	     45.91682968	     -4.88118656	     34.37355709	      0.00000000	      0.00000000	      0.00000000	      0.00000000	    -15.49751665	     -0.99949085	    -13.82118002	    -11.25155858	     -5.94809874	     -4.98473282	      0.00000000	     24.20810165	     18.35095046	      0.00000000	    -16.04311769	     -9.35667439	      8.23251187	    -11.39429916	     -4.45643497	     -4.98473282	      0.00000000	     18.35070285	     -4.38204585	      0.00000000
      4.73333333	     55.30073169	      3.53154315	   -176.27833917	     -0.56640522	     -0.52256685	     -0.51989150	    -29.77146604	      4.06903419	     -0.04669809	    -37.77584618	      3.54834843	      9.56169806	      0.00530081	      0.01450294	      0.01127634	      0.00000000	      0.00000000	      0.00000000	     -0.00629995	     -0.01100917	     -0.00939644	      0.00000000	      0.00000000	      0.00000000	      0.01248336	      0.01500728	      0.01738647	    123.13785029	   -225.12669218	    164.76456646	     42.91666604	      0.00000000	      0.00000000	      0.00000000	      0.00000000	   -297.98757553	     42.22947189	     -4.13820783	     40.01614049	      0.00000000	      0.00000000	      0.00000000	      0.00000000	    -14.41680384	     -1.44850741	    -14.39110729	    -11.56808141	     -6.46056210	     -4.98473282	      0.00000000	     24.49564524	     17.28814360	      0.00000000	    -14.54382762	     -8.60669453	     11.27874224	    -12.38216469	     -5.12836096	     -4.98473282	      0.00000000	     18.48944829	     -5.65471322	      0.00000000
      4.76666667	     57.50751756	      2.92559204	   -176.04282020	     -0.57275091	     -0.53493470	     -0.51714980	    -27.43094343	      3.64799710	     -0.94817900	    -38.01355930	      3.25505063	     10.62515941	      0.00551716	      0.01190951	      0.01244672	      0.00000000	      0.00000000	      0.00000000	     -0.01112956	     -0.01413261	     -0.00661268	      0.00000000	      0.00000000	      0.00000000	      0.00675374	      0.01326321	      0.01446357	    124.12556569	   -221.99436425	    165.97541369	     48.05874203	      0.00000000	      0.00000000	      0.00000000	      0.00000000	   -298.71242430	     37.96849835	     -4.30737170	     46.56483394	      0.00000000	      0.00000000	      0.00000000	      0.00000000	    -12.98128475	     -2.17692447	    -13.96279356	    -11.81357967	     -7.70746627	     -4.98473282	      0.00000000	     24.54487462	     17.80014392	      0.00000000	    -12.62816109	     -7.37313699	     13.49822592	    -13.45355692	     -6.04625552	     -4.98473282	      0.00000000	     18.83927570	     -6.54942816	      0.00000000
      4.80000000	     60.52122409	      2.22956296	   -175.87178925	     -0.58026590	     -0.54725914	     -0.51396911	    -24.14199099	      3.05376263	     -1.74348080	    -37.81920669	      3.29341174	     10.14868814	      0.00658684	      0.00741247	      0.01228787	      0.00000000	      0.00000000	      0.00000000	     -0.01263498	     -0.01880470	     -0.00218192	      0.00000000	      0.00000000	      0.00000000	      0.00073932	      0.01016996	      0.00947826	    126.55598641	   -218.58930966	    166.39355003	     54.05074310	      0.00000000	      0.00000000	      0.00000000	      0.00000000	   -298.94645790	     33.95563069	     -5.67424773	     52.69611950	      0.00000000	      0.00000000	      0.00000000	      0.00000000	    -10.31215151	     -2.97786247	    -11.71732037	    -12.56034410	    -11.03521638	     -4.98473282	      0.00000000	     24.59880363	     20.41262557	      0.00000000	     -9.68508080	     -5.90398743	     14.64862746	    -14.70062432	     -8.32204200	     -4.98473282	      0.00000000	     19.11016238	     -5.55493840	      0.00000000
      4.83333333	     61.70355901	      1.53683363	   -176.68096180	     -0.58947452	     -0.56051280	     -0.51130236	    -22.94275240	      2.15026348	     -1.36744265	    -36.49191780	      4.00903806	      8.49066586	      0.00757998	      0.00240527	      0.01034278	      0.00000000	      0.00000000	      0.00000000	     -0.01166882	     -0.02370359	      0.00256402	      0.00000000	      0.00000000	      0.00000000	     -0.00332051	      0.00735610	      0.00665811	    129.09758875	   -215.25670656	    166.57314384	     60.40512258	      0.00000000	      0.00000000	      0.00000000	      0.00000000	   -298.51928966	     30.56121051	     -7.05717226	     57.79951858	      0.00000000	      0.00000000	      0.00000000	      0.00000000	     -9.13803629	     -3.91614025	     -9.18448701	    -13.98130692	    -12.03338965	     -4.98473282	      0.00000000	     24.25208099	     22.08622592	      0.00000000	     -9.07873363	     -4.75567534	     13.43146862	    -15.71496210	     -9.41534001	     -4.98473282	      0.00000000	     18.54339902	     -3.76173699	      0.00000000
      4.86666667	     62.57482536	      0.83032759	   -177.96148520	     -0.59965702	     -0.57452220	     -0.51029179	    -21.84512267	      0.97225623	     -0.13813049	    -34.83899627	      4.67623429	      6.50637905	      0.00965179	     -0.00325047	      0.01010373	      0.00000000	      0.00000000	      0.00000000	     -0.01249152	     -0.02784673	      0.00570551	      0.00000000	      0.00000000	      0.00000000	     -0.00332407	      0.00700736	      0.00404164	    131.04952417	   -211.80715041	    167.24762241	     65.42572638	      0.00000000	      0.00000000	      0.00000000	      0.00000000	   -299.47204330	     28.11108955	     -8.50066768	     62.00320256	      0.00000000	      0.00000000	      0.00000000	      0.00000000	     -8.10332529	     -4.76109081	     -5.62892806	    -15.74160505	    -13.17161254	     -4.98473282	      0.00000000	     23.52975753	     23.39947082	      0.00000000	     -8.86887212	     -4.01566960	      9.85629870	    -16.56318974	     -9.62409330	     -4.98473282	      0.00000000	     17.21980102	     -1.16211046	      0.00000000
      4.90000000	     62.40262838	      0.13278744	   -179.41072417	     -0.61029160	     -0.59035945	     -0.51002331	    -21.69329344	     -0.00421010	      1.28037388	    -32.76369298	      4.55044183	      5.83230434	      0.01198938	     -0.00900422	      0.01181625	      0.00000000	      0.00000000	      0.00000000	     -0.01743734	     -0.03005088	      0.00687900	      0.00000000	      0.00000000	      0.00000000	     -0.00172320	      0.00912668	      0.00056571	    131.03801513	   -208.12715732	    169.28159862	     69.80633148	      0.00000000	      0.00000000	      0.00000000	      0.00000000	   -301.58524289	     25.78448360	    -10.04330269	     65.66975166	      0.00000000	      0.00000000	      0.00000000	      0.00000000	     -8.30621253	     -5.70539276	     -3.62936140	    -17.45854121	    -13.25999758	     -4.98473282	      0.00000000	     22.94470680	     24.61181474	      0.00000000	    -10.24404797	     -3.58159064	      5.66328897	    -16.80096980	     -7.84110094	     -4.98473282	      0.00000000	     15.65759747	      0.80799142	      0.00000000
      4.93333333	     60.47307828	      0.17466274	   -181.76605867	     -0.62115364	     -0.60954145	     -0.51168024	    -23.00584143	     -0.67415677	      3.91929853	    -31.99429841	      4.02615893	      6.93433521	      0.01389807	     -0.01145266	      0.01684476	      0.00000000	      0.00000000	      0.00000000	     -0.02581254	     -0.02883708	      0.00766804	      0.00000000	      0.00000000	      0.00000000	     -0.00026759	      0.01153265	     -0.00197993	    130.13931773	   -203.56720683	    172.74760410	     73.45492316	      0.00000000	      0.00000000	      0.00000000	      0.00000000	   -303.35169221	     23.60087832	    -12.15794058	     68.65806992	      0.00000000	      0.00000000	      0.00000000	      0.00000000	    -10.67815286	     -5.79475958	     -0.61152169	    -18.69265648	    -13.49863057	     -4.98473282	      0.00000000	     21.74296652	     24.54346358	      0.00000000	    -14.91595566	     -4.19883874	     -3.34339064	    -14.94003848	     -2.61405459	     -4.98473282	      0.00000000	     15.03389173	      2.43093979	      0.00000000
      4.96666667	     59.13613784	     -0.20912924	   -182.35639278	     -0.63067839	     -0.62727404	     -0.51145209	    -24.27240166	     -0.88598912	      4.66951234	    -32.46330760	      3.32565511	      9.72752077	      0.01160478	     -0.01080183	      0.02245401	      0.00000000	      0.00000000	      0.00000000	     -0.03196184	     -0.02924353	      0.00606191	      0.00000000	      0.00000000	      0.00000000	     -0.00148197	      0.01097459	     -0.00261712	    128.66392694	   -198.30379368	    175.52377445	     78.20240314	      0.00000000	      0.00000000	      0.00000000	      0.00000000	   -303.99436903	     21.34135726	    -13.78290118	     71.59470323	      0.00000000	      0.00000000	      0.00000000	      0.00000000	    -12.97806216	     -6.39796102	     -0.62576936	    -19.51223266	    -13.43292577	     -4.98473282	      0.00000000	     20.75668347	     24.98095987	      0.00000000	    -18.12961489	     -3.95175336	     -6.95294186	    -14.00347256	      0.29437108	     -4.98473282	      0.00000000	     14.82014594	      2.75297105	      0.00000000
      5.00000000	     57.27183144	     -0.50897018	   -182.71764262	     -0.63946368	     -0.64595667	     -0.51126151	    -26.21972258	     -1.26178945	      5.06807100	    -34.45358630	      2.01782498	     13.09465448	      0.00795819	     -0.00750550	      0.03218111	      0.00000000	      0.00000000	      0.00000000	     -0.03530189	     -0.03036607	      0.00652875	      0.00000000	      0.00000000	      0.00000000	     -0.00474597	      0.00965466	      0.00116282	    128.94779332	   -194.21836256	    177.40467435	     81.94003221	      0.00000000	      0.00000000	      0.00000000	      0.00000000	   -303.30998511	     18.92519287	    -15.24081564	     74.42831144	      0.00000000	      0.00000000	      0.00000000	      0.00000000	    -16.58131330	     -6.91541004	     -1.63747429	    -19.11407045	    -13.66089935	     -4.98473282	      0.00000000	     20.48054595	     24.98095987	      0.00000000	    -22.45095748	     -3.64684102	    -10.72921125	    -11.96169993	      3.03323476	     -4.98473282	      0.00000000	     14.88733715	      2.29761695	      0.00000000
      5.03333333	     54.78774166	     -0.89929480	   -182.33109437	     -0.64739583	     -0.66381289	     -0.51021735	    -29.27365528	     -1.35768497	      4.64862092	    -37.43465654	      0.45478843	     15.37351041	      0.00278486	     -0.00113828	      0.04033543	      0.00000000	      0.00000000	      0.00000000	     -0.03691099	     -0.03046923	      0.00546186	      0.00000000	      0.00000000	      0.00000000	     -0.00720403	      0.00845738	      0.00570336	    130.14184828	   -191.84212739	    177.58785971	     84.33971599	      0.00000000	      0.00000000	      0.00000000	      0.00000000	   -302.22309524	     15.48536919	    -16.11276853	     78.65634241	      0.00000000	      0.00000000	      0.00000000	      0.00000000	    -21.87921023	     -7.39550555	     -3.68112435	    -17.02111335	    -12.91501451	     -4.98473282	      0.00000000	     20.91159281	     24.35041060	      0.00000000	    -27.26439298	     -3.26572748	    -13.23466294	     -9.82912017	      6.03821303	     -4.98473282	      0.00000000	     13.95613808	      0.16783024	      0.00000000
      5.06666667	     54.02682847	     -1.76615541	   -181.57607711	     -0.65362442	     -0.67757039	     -0.50916544	    -31.14616841	     -1.95738832	      3.75301181	    -42.33495646	     -0.36748030	     14.41738758	     -0.00593653	      0.00978091	      0.04489607	      0.00000000	      0.00000000	      0.00000000	     -0.04045501	     -0.03292407	      0.00432402	      0.00000000	      0.00000000	      0.00000000	     -0.00740095	      0.00890118	      0.00924686	    131.49682599	   -190.60826486	    176.33245600	     86.59402609	      0.00000000	      0.00000000	      0.00000000	      0.00000000	   -300.89232701	     10.45617547	    -16.33333341	     84.82801836	      0.00000000	      0.00000000	      0.00000000	      0.00000000	    -25.15565279	     -8.15251718	     -6.37943722	    -14.93039119	    -12.03946093	     -4.98473282	      0.00000000	     21.13272356	     24.48206685	      0.00000000	    -29.22630560	     -2.63400270	    -12.67057524	     -9.09537104	      7.19085888	     -4.98473282	      0.00000000	     12.95140887	     -2.23322942	      0.00000000
      5.10000000	     54.36008316	     -2.44786943	   -181.11120984	     -0.65805718	     -0.68909203	     -0.50869101	    -31.85784746	     -2.55331100	      2.85650726	    -47.21546335	     -1.16123930	     12.29886069	     -0.01149075	      0.02075049	      0.04670984	      0.00000000	      0.00000000	      0.00000000	     -0.04443558	     -0.03385435	      0.00253420	      0.00000000	      0.00000000	      0.00000000	     -0.00546126	      0.01041831	      0.00947485	    132.41634638	   -189.18796574	    175.65065223	     89.23081910	      0.00000000	      0.00000000	      0.00000000	      0.00000000	   -299.34581398	      3.85754883	    -16.44357934	     91.46716403	      0.00000000	      0.00000000	      0.00000000	      0.00000000	    -26.93895879	     -8.67196332	     -7.31132838	    -13.09344285	    -11.52671319	     -4.98473282	      0.00000000	     21.65026281	     24.98095987	      0.00000000	    -29.76316891	     -2.13109009	    -11.56541025	     -8.75511874	      6.76091609	     -4.98473282	      0.00000000	     12.32788388	     -3.07859359	      0.00000000
      5.13333333	     54.58042500	     -3.19578014	   -180.41245594	     -0.66146917	     -0.69910669	     -0.50838148	    -32.60964215	     -2.88484638	      1.53850665	    -51.44204221	     -0.99232350	      8.79397132	     -0.01514755	      0.03093257	      0.04084661	      0.00000000	      0.00000000	      0.00000000	     -0.04886274	     -0.03187585	     -0.00222528	      0.00000000	      0.00000000	      0.00000000	     -0.00389731	      0.01298504	      0.00564902	    132.31293908	   -186.73017924	    176.04262786	     92.01913019	      0.00000000	      0.00000000	      0.00000000	      0.00000000	   -298.60993418	     -2.26422600	    -16.15405360	     96.36342055	      0.00000000	      0.00000000	      0.00000000	      0.00000000	    -28.85536433	     -9.15127417	     -9.67827717	    -11.18418429	     -9.87448750	     -4.98473282	      0.00000000	     21.48683156	     24.98095987	      0.00000000	    -29.98346442	     -1.74727023	     -8.99771649	     -8.98519943	      5.28510983	     -4.98473282	      0.00000000	     11.34037246	     -3.47902726	      0.00000000
      5.16666667	     55.30555357	     -3.85824527	   -180.18384935	     -0.66372824	     -0.70753789	     -0.50890814	    -32.53047411	     -3.34959568	      0.79108402	    -53.37476287	     -1.47867968	      8.24500319	     -0.01631472	      0.03458755	      0.03833433	      0.00000000	      0.00000000	      0.00000000	     -0.04985397	     -0.02956008	     -0.01073473	      0.00000000	      0.00000000	      0.00000000	     -0.00423627	      0.01352651	      0.00222360	    131.15495219	   -182.69282288	    177.02733559	     95.05307313	      0.00000000	      0.00000000	      0.00000000	      0.00000000	   -297.35637960	     -5.65485115	    -17.37001001	     98.73549869	      0.00000000	      0.00000000	      0.00000000	      0.00000000	    -29.32091067	     -9.67642274	    -10.85745463	    -10.71986906	     -8.58838155	     -4.98473282	      0.00000000	     21.55834978	     24.98095987	      0.00000000	    -29.61038878	     -1.38247482	     -7.67594085	     -9.19180618	      4.24501830	     -4.98473282	      0.00000000	     10.74197495	     -2.87266969	      0.00000000
      5.20000000	     56.18813496	     -4.45584126	   -180.10119689	     -0.66547959	     -0.71524658	     -0.50941189	    -31.77042736	     -3.68306278	      0.20473043	    -53.54829499	     -2.39506965	      9.90760573	     -0.01589224	      0.03297249	      0.03736622	      0.00000000	      0.00000000	      0.00000000	     -0.04736524	     -0.02543624	     -0.01986556	      0.00000000	      0.00000000	      0.00000000	     -0.00764456	      0.01169074	      0.00110714	    129.84725181	   -178.55119435	    178.46087899	     97.10826705	      0.00000000	      0.00000000	      0.00000000	      0.00000000	   -296.27949264	     -6.05875019	    -19.35906465	     98.61020413	      0.00000000	      0.00000000	      0.00000000	      0.00000000	    -29.29363987	    -10.22306003	    -12.02871501	    -10.56913714	     -7.77236652	     -4.98473282	      0.00000000	     21.34361079	     24.98095987	      0.00000000	    -28.99095504	     -1.00702135	     -7.15149063	     -9.46067394	      3.61413196	     -4.98473282	      0.00000000	     10.73532432	     -1.85572783	      0.00000000
      5.23333333	     57.45274952	     -4.80025065	   -179.83507117	     -0.66672070	     -0.72220694	     -0.50951096	    -30.13521163	     -3.60365197	     -0.33863536	    -52.39905004	     -3.95313396	     13.77170329	     -0.01364239	      0.02747900	      0.04032596	      0.00000000	      0.00000000	      0.00000000	     -0.04553475	     -0.01999249	     -0.02513450	      0.00000000	      0.00000000	      0.00000000	     -0.01055308	      0.01080910	     -0.00033763	    130.01468245	   -176.09929596	    178.79026192	     98.01498165	      0.00000000	      0.00000000	      0.00000000	      0.00000000	   -296.32580014	     -5.69918161	    -21.36365212	     97.67360255	      0.00000000	      0.00000000	      0.00000000	      0.00000000	    -28.75736938	    -10.53651003	    -13.69295053	    -10.29603786	     -7.14194872	     -4.98473282	      0.00000000	     21.58000589	     24.98095987	      0.00000000	    -27.84803579	     -0.91043042	     -7.02027730	     -9.91674218	      3.19558173	     -4.98473282	      0.00000000	     11.44088849	      0.16733712	      0.00000000
      5.26666667	     58.68461509	     -4.93429338	   -179.16391856	     -0.66779535	     -0.72754704	     -0.50890298	    -28.50251144	     -3.05904262	     -0.97370403	    -50.92454463	     -4.83473841	     16.25301400	     -0.01272008	      0.02227547	      0.04132912	      0.00000000	      0.00000000	      0.00000000	     -0.04823467	     -0.01665450	     -0.02803457	      0.00000000	      0.00000000	      0.00000000	     -0.01074031	      0.01100644	     -0.00370371	    130.50680275	   -175.87081356	    177.96583458	     98.34960934	      0.00000000	      0.00000000	      0.00000000	      0.00000000	   -297.17602244	     -6.57511102	    -22.44344781	     97.62918941	      0.00000000	      0.00000000	      0.00000000	      0.00000000	    -28.26459797	    -10.46781258	    -15.05746118	     -9.70880262	     -7.49104383	     -4.98473282	      0.00000000	     21.76873880	     24.80594861	      0.00000000	    -26.54911515	     -1.14351608	     -7.19074447	    -10.42371879	      2.97222711	     -4.98473282	      0.00000000	     11.84379674	      1.71397977	      0.00000000
      5.30000000	     59.63304565	     -4.98278469	   -178.37576315	     -0.66856006	     -0.73074849	     -0.50808222	    -27.30934232	     -2.51637892	     -1.46672607	    -50.24359182	     -4.85711319	     16.99769468	     -0.01330471	      0.02117553	      0.04175439	      0.00000000	      0.00000000	      0.00000000	     -0.05358015	     -0.01419546	     -0.02911138	      0.00000000	      0.00000000	      0.00000000	     -0.00880405	      0.01030933	     -0.00744245	    130.73107676	   -176.78081887	    177.47789347	     98.35105198	      0.00000000	      0.00000000	      0.00000000	      0.00000000	   -297.54890877	     -8.32753704	    -22.77459422	     98.87048155	      0.00000000	      0.00000000	      0.00000000	      0.00000000	    -27.68104473	    -10.27115257	    -16.02726589	     -9.70118557	     -7.71078979	     -4.98473282	      0.00000000	     22.23035258	     24.21717998	      0.00000000	    -25.27997916	     -1.47782676	     -6.42778219	    -11.20178684	      2.55681347	     -4.98473282	      0.00000000	     12.10795632	      2.20793156	      0.00000000
      5.33333333	     60.57331389	     -5.29362589	   -177.07676919	     -0.66927466	     -0.73167284	     -0.50726948	    -26.41978477	     -2.25983462	     -2.26528234	    -50.29970092	     -3.35581310	     16.01232770	     -0.01560138	      0.02271183	      0.04036506	      0.00000000	      0.00000000	      0.00000000	     -0.05825923	     -0.01214539	     -0.02937263	      0.00000000	      0.00000000	      0.00000000	     -0.00802786	      0.00650534	     -0.00987380	    130.64363293	   -177.34766955	    177.66610066	     98.26043311	      0.00000000	      0.00000000	      0.00000000	      0.00000000	   -297.04083867	     -8.89719506	    -22.90820343	    100.59391683	      0.00000000	      0.00000000	      0.00000000	      0.00000000	    -26.89072183	    -10.08960740	    -17.46856060	    -10.26571677	     -7.52262246	     -4.98473282	      0.00000000	     22.41986672	     23.53649078	      0.00000000	    -23.63239425	     -1.59737131	     -3.53243515	    -12.36116862	      1.74027248	     -4.98473282	      0.00000000	     12.04220784	      1.23242949	      0.00000000
      5.36666667	     60.33143125	     -5.57116176	   -176.45939505	     -0.66980914	     -0.73109046	     -0.50697727	    -27.13399367	     -2.26191653	     -2.49916046	    -50.09246211	     -0.47048655	     15.13602219	     -0.01910081	      0.02515951	      0.03767370	      0.00000000	      0.00000000	      0.00000000	     -0.06056274	     -0.00975270	     -0.03027774	      0.00000000	      0.00000000	      0.00000000	     -0.00775456	     -0.00091257	     -0.00995889	    130.00745505	   -177.28970487	    178.07551205	     97.88883986	      0.00000000	      0.00000000	      0.00000000	      0.00000000	   -295.83476918	     -8.17877986	    -22.38830707	    102.65229013	      0.00000000	      0.00000000	      0.00000000	      0.00000000	    -26.93915125	    -10.05604336	    -18.51731389	    -11.01735312	     -7.53950515	     -4.98473282	      0.00000000	     22.24846664	     23.49431514	      0.00000000	    -23.28760416	     -1.58148918	     -2.11416889	    -13.31089393	      1.51328241	     -4.98473282	      0.00000000	     12.21985228	      1.02025184	      0.00000000
      5.40000000	     59.60572867	     -6.08366874	   -175.73349534	     -0.67003617	     -0.72960346	     -0.50740056	    -28.50001848	     -2.59354426	     -3.02077173	    -50.07633194	      4.65565612	     13.51676572	     -0.02296944	      0.02824527	      0.03015303	      0.00000000	      0.00000000	      0.00000000	     -0.06143438	     -0.00871940	     -0.02969574	      0.00000000	      0.00000000	      0.00000000	     -0.00838536	     -0.00558521	     -0.00802169	    129.75481720	   -177.11995111	    178.04399186	     97.50821368	      0.00000000	      0.00000000	      0.00000000	      0.00000000	   -294.95215091	     -6.56974169	    -21.41718152	    103.30222064	      0.00000000	      0.00000000	      0.00000000	      0.00000000	    -27.55065430	    -10.17317444	    -20.41847487	    -11.63093609	     -7.46988762	     -4.98473282	      0.00000000	     21.88389740	     23.82387559	      0.00000000	    -23.53795807	     -1.40171598	     -0.47897122	    -13.81863380	      0.62276598	     -4.98473282	      0.00000000	     12.16521876	      2.09499272	      0.00000000
      5.43333333	     58.50569267	     -6.46314730	   -175.72577908	     -0.66956341	     -0.72801568	     -0.50802340	    -30.04439717	     -3.01785970	     -3.34444529	    -49.79189554	     10.66074563	     13.48281438	     -0.02422905	      0.03041827	      0.02147804	      0.00000000	      0.00000000	      0.00000000	     -0.06138822	     -0.00963156	     -0.02961775	      0.00000000	      0.00000000	      0.00000000	     -0.00914266	     -0.00507197	     -0.00547064	    128.80188626	   -177.54700082	    178.18144849	     96.99419930	      0.00000000	      0.00000000	      0.00000000	      0.00000000	   -294.76296596	     -5.91390870	    -19.96450768	    102.89310474	      0.00000000	      0.00000000	      0.00000000	      0.00000000	    -28.54838386	    -10.40597287	    -21.30219340	    -11.79078401	     -7.51996534	     -4.98473282	      0.00000000	     22.19474568	     23.84162708	      0.00000000	    -24.53341482	     -1.21286292	     -0.37490118	    -13.74925357	     -0.04128209	     -4.98473282	      0.00000000	     12.41406135	      3.74229050	      0.00000000
      5.46666667	     56.77819212	     -6.58752308	   -176.18249693	     -0.66879534	     -0.72630871	     -0.50849218	    -31.95959660	     -3.25271968	     -3.53245868	    -50.55228024	     16.91218400	     13.31311629	     -0.02315768	      0.03572803	      0.01103814	      0.00000000	      0.00000000	      0.00000000	     -0.06099100	     -0.01093011	     -0.02939148	      0.00000000	      0.00000000	      0.00000000	     -0.01118336	     -0.00068916	     -0.00164421	    127.95365259	   -178.52134084	    177.83181318	     96.77293300	      0.00000000	      0.00000000	      0.00000000	      0.00000000	   -294.19719840	     -5.98518190	    -19.18387683	    101.38906323	      0.00000000	      0.00000000	      0.00000000	      0.00000000	    -30.18565498	    -10.53560129	    -20.89625516	    -11.66134026	     -7.38180222	     -4.98473282	      0.00000000	     22.21754145	     23.78017638	      0.00000000	    -26.63705867	     -1.20114601	     -0.98387884	    -12.83771221	     -0.54685812	     -4.98473282	      0.00000000	     12.40509282	      4.91491633	      0.00000000
      5.50000000	     54.06682204	     -6.15774998	   -177.16928822	     -0.66799309	     -0.72510652	     -0.50882702	    -34.43551139	     -3.18736902	     -3.13654259	    -52.09994573	     20.82598372	     12.80426824	     -0.01924969	      0.04263999	      0.00644536	      0.00000000	      0.00000000	      0.00000000	     -0.05926360	     -0.00975584	     -0.02692134	      0.00000000	      0.00000000	      0.00000000	     -0.01335444	      0.00386157	      0.00230338	    127.83093506	   -179.58741255	    177.66852816	     96.92203888	      0.00000000	      0.00000000	      0.00000000	      0.00000000	   -293.03739797	     -6.12592937	    -19.35918013	     99.93308439	      0.00000000	      0.00000000	      0.00000000	      0.00000000	    -32.74876333	    -10.19166189	    -18.82955811	    -11.19783555	     -7.83366148	     -4.98473282	      0.00000000	     21.51443479	     23.54767105	      0.00000000	    -30.41719581	     -1.59172442	     -2.90385782	    -10.87179334	      0.33915570	     -4.98473282	      0.00000000	     11.92957797	      4.55585908	      0.00000000
      5.53333333	     51.90888873	     -5.49452332	   -178.20186980	     -0.66714581	     -0.72231751	     -0.50823863	    -36.16887337	     -2.82245095	     -2.70559038	    -53.75046376	     21.74887825	     13.79912821	     -0.01459936	      0.04679881	      0.00875839	      0.00000000	      0.00000000	      0.00000000	     -0.05724410	     -0.00843957	     -0.02479183	      0.00000000	      0.00000000	      0.00000000	     -0.01430731	      0.00643508	      0.00231686	    127.68816285	   -181.26031269	    177.84942454	     96.37155168	      0.00000000	      0.00000000	      0.00000000	      0.00000000	   -292.90849017	     -6.25904860	    -20.08678401	     99.19251632	      0.00000000	      0.00000000	      0.00000000	      0.00000000	    -34.50557612	     -9.76317735	    -15.45591828	    -10.76984626	     -9.53759292	     -4.98473282	      0.00000000	     20.88625068	     23.75601496	      0.00000000	    -33.32634680	     -1.93356528	     -5.30835201	     -9.50683000	      3.30967083	     -4.98473282	      0.00000000	     10.64251712	      1.70586792	      0.00000000
      5.56666667	     51.06712794	     -4.65155937	   -179.06227283	     -0.66614768	     -0.71782699	     -0.50750345	    -36.49343839	     -2.34582591	     -1.97460739	    -54.26583832	     19.48745159	     14.64039905	     -0.01086455	      0.04524536	      0.01791000	      0.00000000	      0.00000000	      0.00000000	     -0.05470168	     -0.00796017	     -0.02218602	      0.00000000	      0.00000000	      0.00000000	     -0.01434919	      0.00604360	     -0.00016495	    128.32509481	   -182.86655450	    177.83785112	     95.03598172	      0.00000000	      0.00000000	      0.00000000	      0.00000000	   -294.01331515	     -5.77755729	    -19.94580152	     98.64629083	      0.00000000	      0.00000000	      0.00000000	      0.00000000	    -34.75748621	     -9.27925069	    -12.89086136	    -10.38165862	    -11.42833028	     -4.98473282	      0.00000000	     20.99824986	     24.72938986	      0.00000000	    -34.62442307	     -2.23852675	     -7.08711685	     -8.41734178	      5.62012374	     -4.98473282	      0.00000000	      9.57123109	     -1.25379389	      0.00000000
      5.60000000	     50.81355242	     -4.41267029	   -179.40663345	     -0.66524751	     -0.71172624	     -0.50744906	    -36.18844244	     -2.48561163	     -1.37175508	    -53.80042944	     17.17817348	     14.51794976	     -0.00733278	      0.04098350	      0.02664333	      0.00000000	      0.00000000	      0.00000000	     -0.04910024	     -0.00825892	     -0.01774066	      0.00000000	      0.00000000	      0.00000000	     -0.01013397	      0.00817198	     -0.00394084	    130.38811032	   -183.36053268	    177.23411502	     93.94287492	      0.00000000	      0.00000000	      0.00000000	      0.00000000	   -296.00888715	     -4.71295803	    -19.11518019	     98.07388222	      0.00000000	      0.00000000	      0.00000000	      0.00000000	    -34.54313488	     -9.17102098	    -12.26474602	    -10.17150334	    -11.37822463	     -4.98473282	      0.00000000	     21.17015824	     24.98095987	      0.00000000	    -34.65805365	     -2.27148647	     -7.51637844	     -8.10151986	      5.66693107	     -4.98473282	      0.00000000	      9.19273223	     -1.65060537	      0.00000000
      5.63333333	     50.70902938	     -4.33565433	   -179.82366485	     -0.66428909	     -0.70448791	     -0.50814645	    -35.79053806	     -2.93139008	     -0.77479398	    -52.02104691	     13.51369465	     14.50575212	     -0.00590139	      0.03396779	      0.03558862	      0.00000000	      0.00000000	      0.00000000	     -0.04418428	     -0.01163878	     -0.01431012	      0.00000000	      0.00000000	      0.00000000	     -0.00673930	      0.01250485	     -0.00750889	    131.57181491	   -184.26835685	    176.52270316	     92.37811378	      0.00000000	      0.00000000	      0.00000000	      0.00000000	   -298.26550885	     -2.61811803	    -17.32494429	     96.67360490	      0.00000000	      0.00000000	      0.00000000	      0.00000000	    -33.99296728	     -9.30977654	    -11.83950018	    -10.26758688	    -10.50471915	     -4.98473282	      0.00000000	     21.44484198	     24.98095987	      0.00000000	    -34.40190816	     -2.12920452	     -8.07353988	     -7.92771677	      5.26752541	     -4.98473282	      0.00000000	      8.86703171	     -1.52179899	      0.00000000
      5.66666667	     50.77731754	     -4.39532439	   -179.97035711	     -0.66345104	     -0.69652088	     -0.50929968	    -35.24939709	     -3.42841709	     -0.47830323	    -50.22691598	      9.40931037	     13.60349941	     -0.00622620	      0.02807728	      0.04108202	      0.00000000	      0.00000000	      0.00000000	     -0.04019190	     -0.01709324	     -0.01148436	      0.00000000	      0.00000000	      0.00000000	     -0.00524383	      0.01613060	     -0.00839859	    131.82920873	   -185.88577988	    175.79477201	     90.69398129	      0.00000000	      0.00000000	      0.00000000	      0.00000000	   -299.65600515	      0.91647434	    -15.89641921	     94.20172605	      0.00000000	      0.00000000	      0.00000000	      0.00000000	    -33.22292780	     -9.46429865	    -11.68176468	    -10.47243501	     -9.30729180	     -4.98473282	      0.00000000	     20.98314130	     24.98095987	      0.00000000	    -33.74807463	     -1.99690387	     -8.71662293	     -8.04494736	      4.93095664	     -4.98473282	      0.00000000	      8.45311750	     -1.14067756	      0.00000000
      5.70000000	     50.90781239	     -4.21686258	   -179.97100876	     -0.66265649	     -0.68862598	     -0.51070515	    -34.61101202	     -3.60950264	     -0.48718252	    -48.85002710	      5.24406709	     11.91668836	     -0.00747874	      0.02385577	      0.04244954	      0.00000000	      0.00000000	      0.00000000	     -0.03725895	     -0.02404082	     -0.00880493	      0.00000000	      0.00000000	      0.00000000	     -0.00718321	      0.01590408	     -0.00631910	    131.04887228	   -188.76766832	    175.74812387	     88.52842753	      0.00000000	      0.00000000	      0.00000000	      0.00000000	   -299.88382700	      5.20461735	    -15.59680794	     90.49378920	      0.00000000	      0.00000000	      0.00000000	      0.00000000	    -32.34044344	     -9.27599387	    -11.66719066	    -10.66441514	     -8.42482568	     -4.98473282	      0.00000000	     20.15389733	     24.79102938	      0.00000000	    -33.05688709	     -2.15626705	     -9.30725410	     -8.23980768	      5.11311379	     -4.98473282	      0.00000000	      8.32329201	     -0.78331692	      0.00000000
      5.73333333	     50.95453770	     -3.85737745	   -179.76478101	     -0.66173120	     -0.68116852	     -0.51191120	    -33.99102621	     -3.43350372	     -0.71911168	    -48.44994034	      2.14056367	      9.94112055	     -0.00910311	      0.02144232	      0.04049803	      0.00000000	      0.00000000	      0.00000000	     -0.03427332	     -0.03006377	     -0.00623784	      0.00000000	      0.00000000	      0.00000000	     -0.01049725	      0.01299387	     -0.00331953	    130.48991912	   -192.05137020	    175.88537736	     85.72296406	      0.00000000	      0.00000000	      0.00000000	      0.00000000	   -299.62411688	      9.15289775	    -16.28361345	     86.21703011	      0.00000000	      0.00000000	      0.00000000	      0.00000000	    -31.59568122	     -8.72204453	    -11.59643790	    -10.81500463	     -8.48786058	     -4.98473282	      0.00000000	     19.27270883	     24.57648868	      0.00000000	    -32.49868003	     -2.59278783	     -9.91842262	     -8.42894521	      5.95854754	     -4.98473282	      0.00000000	      8.64908651	     -0.72285561	      0.00000000
      5.76666667	     51.01042652	     -3.26527326	   -179.58734341	     -0.66000811	     -0.67367225	     -0.51305021	    -33.37253027	     -2.99381174	     -0.75620747	    -48.44803717	      1.25332435	      8.55461938	     -0.01071112	      0.01856303	      0.03682355	      0.00000000	      0.00000000	      0.00000000	     -0.03131065	     -0.03402279	     -0.00522973	      0.00000000	      0.00000000	      0.00000000	     -0.01425575	      0.01119210	     -0.00129760	    130.38758696	   -194.68308685	    175.71881840	     82.37290679	      0.00000000	      0.00000000	      0.00000000	      0.00000000	   -299.46869341	     12.56178687	    -17.06649100	     81.64840772	      0.00000000	      0.00000000	      0.00000000	      0.00000000	    -30.58250614	     -7.90173776	    -10.72449110	    -11.44897327	     -9.06142717	     -4.98473282	      0.00000000	     18.89354617	     23.46993082	      0.00000000	    -31.99480019	     -3.27419282	    -11.11398398	     -8.54364708	      7.55326572	     -4.98473282	      0.00000000	      9.53426637	     -1.36667777	      0.00000000
      5.80000000	     51.27000006	     -2.44970070	   -179.70099361	     -0.65689817	     -0.66636278	     -0.51467687	    -32.39913088	     -2.50872225	     -0.24590244	    -48.21043752	      3.09681680	      8.54507551	     -0.01063151	      0.01352662	      0.03277517	      0.00000000	      0.00000000	      0.00000000	     -0.02800412	     -0.03398823	     -0.00594113	      0.00000000	      0.00000000	      0.00000000	     -0.01590307	      0.01184400	      0.00034055	    130.86826168	   -195.95172177	    175.25920971	     78.90993950	      0.00000000	      0.00000000	      0.00000000	      0.00000000	   -299.05165270	     15.58900414	    -17.64045345	     77.11696843	      0.00000000	      0.00000000	      0.00000000	      0.00000000	    -29.19443083	     -6.94240467	     -8.68478831	    -12.26582498	     -9.91932790	     -4.98473282	      0.00000000	     19.89827991	     21.85215166	      0.00000000	    -31.64534371	     -4.06538954	    -12.81087296	     -8.09413482	      9.80263941	     -4.98473282	      0.00000000	      9.96751746	     -2.69998705	      0.00000000
      5.83333333	     51.05632794	     -1.70216750	   -180.09081788	     -0.65294006	     -0.65842511	     -0.51611808	    -31.90089454	     -2.16359321	      0.39104592	    -47.50088000	      6.86778773	     10.46600628	     -0.00825888	      0.00728800	      0.03012938	      0.00000000	      0.00000000	      0.00000000	     -0.02628313	     -0.02998948	     -0.00567528	      0.00000000	      0.00000000	      0.00000000	     -0.01415314	      0.01522929	      0.00133702	    131.54788336	   -197.40714242	    175.17271039	     74.85146440	      0.00000000	      0.00000000	      0.00000000	      0.00000000	   -298.38092852	     18.33911379	    -18.12070411	     73.26087176	      0.00000000	      0.00000000	      0.00000000	      0.00000000	    -28.22086707	     -6.33640797	     -7.40041024	    -12.92062618	    -10.54955317	     -4.98473282	      0.00000000	     20.90910771	     21.37715243	      0.00000000	    -31.78632362	     -4.53721630	    -13.81328101	     -7.51991393	     10.72121180	     -4.98473282	      0.00000000	     10.13151608	     -3.84711448	      0.00000000
      5.86666667	     50.31929629	     -1.07725863	   -180.65554460	     -0.64850748	     -0.64869569	     -0.51751442	    -32.19860493	     -1.95611316	      1.26215092	    -46.30722843	     11.51136076	     13.08603438	     -0.00531837	      0.00155546	      0.02739795	      0.00000000	      0.00000000	      0.00000000	     -0.02894801	     -0.02584392	     -0.00380732	      0.00000000	      0.00000000	      0.00000000	     -0.00935591	      0.01773075	      0.00108566	    131.61492621	   -200.31546313	    175.28531971	     70.17963640	      0.00000000	      0.00000000	      0.00000000	      0.00000000	   -297.16103333	     20.97002617	    -19.06208754	     70.46442677	      0.00000000	      0.00000000	      0.00000000	      0.00000000	    -27.64004548	     -6.02103918	     -6.39998505	    -13.54769186	    -11.04810900	     -4.98473282	      0.00000000	     21.41835413	     21.61432839	      0.00000000	    -32.18969874	     -4.79335873	    -14.01852613	     -7.31127692	     11.18243933	     -4.98473282	      0.00000000	     10.13099635	     -4.20447485	      0.00000000
      5.90000000	     49.01720726	     -0.61660745	   -181.22763179	     -0.64379089	     -0.63694881	     -0.51908247	    -33.32012877	     -1.97029976	      2.12272147	    -44.86746139	     15.10689683	     14.77271517	     -0.00210559	     -0.00182101	      0.02450258	      0.00000000	      0.00000000	      0.00000000	     -0.03357068	     -0.02409807	      0.00009385	      0.00000000	      0.00000000	      0.00000000	     -0.00285792	      0.01812076	     -0.00087335	    131.18051269	   -204.67165372	    175.52030243	     65.65004584	      0.00000000	      0.00000000	      0.00000000	      0.00000000	   -296.21321585	     22.86471313	    -19.63777429	     68.63934060	      0.00000000	      0.00000000	      0.00000000	      0.00000000	    -27.59630897	     -5.79343424	     -4.92474612	    -14.16025407	    -12.04640356	     -4.98473282	      0.00000000	     21.49945451	     22.24591115	      0.00000000	    -32.82091457	     -4.94902855	    -13.62342059	     -7.58642390	     11.33860006	     -4.98473282	      0.00000000	     10.45454535	     -3.16653115	      0.00000000
      5.93333333	     47.54358031	      0.15554114	   -182.01857131	     -0.63844130	     -0.62336032	     -0.52041131	    -34.83390061	     -1.76312778	      3.04951002	    -43.34589560	     15.82084408	     14.89568270	      0.00020418	     -0.00256504	      0.02171470	      0.00000000	      0.00000000	      0.00000000	     -0.03365585	     -0.02261045	      0.00397941	      0.00000000	      0.00000000	      0.00000000	      0.00290760	      0.01488241	     -0.00367048	    130.26595214	   -208.79877061	    176.33662986	     62.68157260	      0.00000000	      0.00000000	      0.00000000	      0.00000000	   -296.19340597	     23.47555303	    -18.28208349	     67.42671971	      0.00000000	      0.00000000	      0.00000000	      0.00000000	    -27.58734487	     -5.22947927	     -1.76068456	    -14.78139183	    -14.64860221	     -4.98473282	      0.00000000	     21.48597167	     23.94391106	      0.00000000	    -33.38762697	     -5.26332110	    -12.55574891	     -8.10488551	      7.73894487	     -4.98473282	      0.00000000	     11.97407779	      2.37812929	      0.00000000
      5.96666667	     47.11320736	      0.81099277	   -181.97678789	     -0.63244148	     -0.60862992	     -0.52096033	    -35.21844775	     -1.20198453	      3.38103934	    -41.53477985	     14.63417849	     14.26039464	      0.00301577	     -0.00417619	      0.01940093	      0.00000000	      0.00000000	      0.00000000	     -0.02850152	     -0.02038394	      0.00538735	      0.00000000	      0.00000000	      0.00000000	      0.00693412	      0.01205341	     -0.00677122	    129.24548604	   -211.14786735	    177.26649742	     60.90753800	      0.00000000	      0.00000000	      0.00000000	      0.00000000	   -297.49114484	     24.42959821	    -16.20131893	     65.28332651	      0.00000000	      0.00000000	      0.00000000	      0.00000000	    -26.66386472	     -4.57520201	     -0.94504807	    -15.33721766	    -14.66903208	     -4.98473282	      0.00000000	     21.64567504	     24.47466069	      0.00000000	    -32.30429813	     -5.92227814	    -11.17263680	     -9.39716722	      5.63497305	     -4.98473282	      0.00000000	     12.35533738	      3.83845252	      0.00000000
      6.00000000	     47.03463266	      1.47425176	   -181.65028147	     -0.62565692	     -0.59386781	     -0.52084459	    -35.24423857	     -0.42330235	      3.21300053	    -40.44972987	     11.12639998	     12.31450362	      0.00373946	     -0.00356551	      0.01778066	      0.00000000	      0.00000000	      0.00000000	     -0.02231555	     -0.01470872	      0.00503803	      0.00000000	      0.00000000	      0.00000000	      0.00621331	      0.00899540	     -0.00642667	    128.46442997	   -213.21930868	    178.74101831	     57.96449122	      0.00000000	      0.00000000	      0.00000000	      0.00000000	   -297.36020637	     26.49787678	    -14.61510161	     61.40086802	      0.00000000	      0.00000000	      0.00000000	      0.00000000	    -25.43905307	     -3.75086271	     -0.18835870	    -15.67779559	    -14.89690267	     -4.98473282	      0.00000000	     22.32380449	     24.19067969	      0.00000000	    -30.91402187	     -6.52066572	     -8.89740148	    -10.34497547	      2.96914570	     -4.98473282	      0.00000000	     12.85085878	      3.34213761	      0.00000000
      6.03333333	     46.93833439	      2.21778138	   -181.11567874	     -0.61882316	     -0.57999770	     -0.52085407	    -35.16054478	      0.27132303	      2.70779288	    -39.97896346	      7.08039142	     10.00190565	      0.00425316	     -0.00207585	      0.01857525	      0.00000000	      0.00000000	      0.00000000	     -0.01842182	     -0.00944854	      0.00520337	      0.00000000	      0.00000000	      0.00000000	      0.00124673	      0.00828959	     -0.00263989	    127.99323508	   -216.59871738	    180.24868703	     51.91513904	      0.00000000	      0.00000000	      0.00000000	      0.00000000	   -296.23105046	     30.12451942	    -14.30439611	     55.28741359	      0.00000000	      0.00000000	      0.00000000	      0.00000000	    -24.23272262	     -2.80591490	     -0.08134021	    -16.01334944	    -14.89690267	     -4.98473282	      0.00000000	     22.89535704	     23.40027194	      0.00000000	    -29.73554111	     -7.14861169	     -6.43239178	    -10.83598900	      1.12525002	     -4.98473282	      0.00000000	     13.80766264	      1.43014863	      0.00000000
      6.06666667	     46.50231846	      2.89444518	   -180.58160529	     -0.61255810	     -0.56718590	     -0.52199002	    -35.39272986	      0.59661828	      2.36422516	    -40.04194407	      4.03017240	      8.50883579	      0.00424164	     -0.00029601	      0.02107509	      0.00000000	      0.00000000	      0.00000000	     -0.01972609	     -0.00893555	      0.00633324	      0.00000000	      0.00000000	      0.00000000	     -0.00386211	      0.00930188	      0.00066388	    127.77933537	   -221.96803019	    180.45437853	     42.43000260	      0.00000000	      0.00000000	      0.00000000	      0.00000000	   -296.06963543	     34.83814636	    -14.01956245	     47.88504681	      0.00000000	      0.00000000	      0.00000000	      0.00000000	    -23.51210851	     -1.90065975	     -0.23209189	    -16.28722619	    -14.89690267	     -4.98473282	      0.00000000	     23.24495051	     22.61052110	      0.00000000	    -29.12246459	     -7.68827345	     -3.54559664	    -10.89939012	     -0.16319899	     -4.98473282	      0.00000000	     14.91511157	     -0.46562896	      0.00000000
      6.10000000	     45.51171092	      3.30278490	   -180.09153699	     -0.60714800	     -0.55513830	     -0.52458647	    -36.27030213	      0.30712416	      2.24775603	    -40.63185906	      2.97930776	      8.42851026	      0.00381439	      0.00174768	      0.02453693	      0.00000000	      0.00000000	      0.00000000	     -0.02128488	     -0.01411808	      0.00796257	      0.00000000	      0.00000000	      0.00000000	     -0.00427993	      0.01130435	      0.00153390	    127.80043709	   -227.55185492	    178.34402022	     32.81197767	      0.00000000	      0.00000000	      0.00000000	      0.00000000	   -298.34257697	     39.30286033	    -11.32932835	     41.72699965	      0.00000000	      0.00000000	      0.00000000	      0.00000000	    -23.62146302	     -1.21878126	     -0.19551372	    -16.46149822	    -14.89690267	     -4.98473282	      0.00000000	     23.03437496	     22.91828999	      0.00000000	    -29.14539800	     -8.03792052	     -0.98119111	    -10.75784156	     -1.66728776	     -4.98473282	      0.00000000	     15.43106349	     -1.28461810	      0.00000000
      6.13333333	     44.26349708	      3.50844859	   -179.40475710	     -0.60198573	     -0.54332574	     -0.52770593	    -37.67438646	      0.02112799	      1.83468810	    -41.44396051	      3.16250231	      9.17061661	      0.00285343	      0.00430538	      0.02630502	      0.00000000	      0.00000000	      0.00000000	     -0.02075943	     -0.02308571	      0.00796106	      0.00000000	      0.00000000	      0.00000000	     -0.00064938	      0.01218169	      0.00179837	    127.01813314	   -232.32488083	    174.50727089	     25.62264683	      0.00000000	      0.00000000	      0.00000000	      0.00000000	   -301.03687306	     42.62497600	     -6.32704027	     37.68196045	      0.00000000	      0.00000000	      0.00000000	      0.00000000	    -24.42098295	     -0.73015032	     -1.65804548	    -16.00983149	    -14.27309355	     -4.98473282	      0.00000000	     22.65761410	     23.86967884	      0.00000000	    -29.34496661	     -8.31533794	      1.71327603	    -10.59511691	     -4.70161113	     -4.98473282	      0.00000000	     14.85606460	     -1.55429959	      0.00000000
      6.16666667	     43.73430932	      3.64179739	   -179.05168609	     -0.59586801	     -0.53064603	     -0.53101664	    -38.77577694	     -0.41237476	      1.72388386	    -42.83105762	      4.03831571	     10.45479865	      0.00044536	      0.00902163	      0.02763704	      0.00000000	      0.00000000	      0.00000000	     -0.01724414	     -0.02836741	      0.00750189	      0.00000000	      0.00000000	      0.00000000	      0.00543411	      0.01621184	      0.00316211	    127.09891336	   -234.61213171	    169.39965385	     23.75033810	      0.00000000	      0.00000000	      0.00000000	      0.00000000	   -302.90334134	     44.98306594	     -0.94921948	     35.58011684	      0.00000000	      0.00000000	      0.00000000	      0.00000000	    -24.43843166	     -0.49144265	     -3.36751800	    -15.49079323	    -12.84597227	     -4.98473282	      0.00000000	     21.68351226	     24.98095987	      0.00000000	    -28.70779256	     -8.65233327	      3.04081938	    -10.90422792	     -6.13352018	     -4.98473282	      0.00000000	     14.12352200	     -2.21268266	      0.00000000
      6.20000000	     44.68033557	      2.63107856	   -177.00351184	     -0.58837618	     -0.51728462	     -0.53226970	    -38.64003112	     -0.44221618	     -0.04165244	    -42.49093061	      4.70787943	     10.84683185	      0.00003212	      0.00951644	      0.02828525	      0.00000000	      0.00000000	      0.00000000	     -0.01471904	     -0.03049024	      0.00752461	      0.00000000	      0.00000000	      0.00000000	      0.01157124	      0.02099325	      0.00627522	    127.93934139	   -236.00484136	    163.46615644	     23.76276720	      0.00000000	      0.00000000	      0.00000000	      0.00000000	   -301.74189741	     47.52434999	      0.28086532	     32.51716797	      0.00000000	      0.00000000	      0.00000000	      0.00000000	    -23.78071878	     -1.08161932	    -10.65318358	    -13.66188990	     -9.02757484	     -4.98473282	      0.00000000	     20.88508660	     24.91817164	      0.00000000	    -25.46152140	     -8.30388753	      8.22404738	    -12.42991788	     -8.13426875	     -4.98473282	      0.00000000	     12.80415152	     -5.52197016	      0.00000000
      6.23333333	     46.48899693	      2.24243304	   -175.58618686	     -0.57894909	     -0.50352497	     -0.53295066	    -38.01761415	      0.01538185	     -1.54164045	    -42.16390315	      5.10783927	     11.09242848	     -0.00210877	      0.01281768	      0.02674477	      0.00000000	      0.00000000	      0.00000000	     -0.01148085	     -0.02948784	      0.00570924	      0.00000000	      0.00000000	      0.00000000	      0.01431279	      0.02307942	      0.01151908	    126.51189384	   -237.78115555	    160.83458217	     23.20606488	      0.00000000	      0.00000000	      0.00000000	      0.00000000	   -297.53925935	     49.14605644	      0.38930315	     29.43593956	      0.00000000	      0.00000000	      0.00000000	      0.00000000	    -21.87232417	     -1.19121308	    -14.66842037	    -12.18378951	     -7.36150300	     -4.98473282	      0.00000000	     20.71177097	     24.98095987	      0.00000000	    -21.41701939	     -8.25780991	     10.49979661	    -14.05386310	     -8.55925249	     -4.98473282	      0.00000000	     14.00302432	     -6.48251094	      0.00000000
      6.26666667	     48.62558062	      1.88126364	   -173.77909469	     -0.56929318	     -0.49020648	     -0.53307339	    -37.10999886	      0.76720130	     -3.29057877	    -40.33529033	      5.09899299	     10.51184531	     -0.00292869	      0.01280488	      0.02556773	      0.00000000	      0.00000000	      0.00000000	     -0.00834785	     -0.02810291	      0.00212561	      0.00000000	      0.00000000	      0.00000000	      0.01629939	      0.02416934	      0.01574073	    123.25929046	   -239.76070080	    157.51803611	     21.21909438	      0.00000000	      0.00000000	      0.00000000	      0.00000000	   -293.90361154	     50.60421303	      0.10390820	     26.64379203	      0.00000000	      0.00000000	      0.00000000	      0.00000000	    -19.61317754	     -1.25980683	    -18.22161413	    -10.91705598	     -6.23977945	     -4.98473282	      0.00000000	     20.87175821	     24.98095987	      0.00000000	    -16.83682967	     -7.75259161	     14.71935867	    -15.89826993	    -10.80234885	     -4.98473282	      0.00000000	     15.09248126	     -6.64200685	      0.00000000
      6.30000000	     50.15726872	      1.78052216	   -171.87263173	     -0.56049151	     -0.47767908	     -0.53234515	    -36.88576573	      2.00779132	     -5.11749059	    -37.77670065	      5.12489115	      9.83669272	     -0.00390069	      0.01153185	      0.02356216	      0.00000000	      0.00000000	      0.00000000	     -0.00477647	     -0.02431366	     -0.00255561	      0.00000000	      0.00000000	      0.00000000	      0.01641256	      0.02395486	      0.01813409	    119.10022559	   -241.56280551	    154.14191882	     18.87867089	      0.00000000	      0.00000000	      0.00000000	      0.00000000	   -291.73305443	     51.65215629	      2.45510426	     25.14590122	      0.00000000	      0.00000000	      0.00000000	      0.00000000	    -17.79650616	     -1.14604585	    -19.91331754	    -10.15421668	     -5.63970806	     -4.98473282	      0.00000000	     21.08907198	     24.82270710	      0.00000000	    -12.92502189	     -6.87692239	     20.73689060	    -18.04635204	    -14.89690267	     -4.98473282	      0.00000000	     15.31005495	     -6.27897461	      0.00000000
      6.33333333	     51.85550802	      2.00674519	   -170.41196340	     -0.55292940	     -0.46838176	     -0.53261865	    -35.76020835	      3.00736554	     -6.23528735	    -36.52626413	      5.28440056	      9.37430032	     -0.00303927	      0.01057144	      0.02273784	      0.00000000	      0.00000000	      0.00000000	     -0.00215272	     -0.02330506	     -0.00518982	      0.00000000	      0.00000000	      0.00000000	      0.01902686	      0.02426096	      0.02116810	    115.33409971	   -243.07989641	    151.20950877	     16.13347236	      0.00000000	      0.00000000	      0.00000000	      0.00000000	   -290.19506471	     51.82150428	      2.38789616	     24.74203015	      0.00000000	      0.00000000	      0.00000000	      0.00000000	    -15.75331813	     -0.88795515	    -21.22528598	     -9.57414379	     -5.50446096	     -4.98473282	      0.00000000	     22.52389797	     24.88590994	      0.00000000	     -9.66348042	     -6.39098923	     25.88957141	    -19.83220056	    -14.89690267	     -4.98473282	      0.00000000	     14.95167286	     -9.63838654	      0.00000000
      6.36666667	     52.16410940	      2.37914384	   -170.77516926	     -0.54726141	     -0.46142409	     -0.53336396	    -36.04266587	      3.21178213	     -5.79462379	    -35.20893307	      5.50680312	      8.96701304	     -0.00251701	      0.00890829	      0.02172338	      0.00000000	      0.00000000	      0.00000000	     -0.00008251	     -0.02042337	     -0.00667020	      0.00000000	      0.00000000	      0.00000000	      0.01982588	      0.02429303	      0.02299361	    113.01303559	   -243.84889531	    149.85067662	     15.22100906	      0.00000000	      0.00000000	      0.00000000	      0.00000000	   -287.37678769	     51.75640044	      1.02801572	     24.33356617	      0.00000000	      0.00000000	      0.00000000	      0.00000000	    -14.63596687	     -0.85453539	    -20.39060342	     -9.78804191	     -5.55580117	     -4.98473282	      0.00000000	     23.71461020	     24.84934619	      0.00000000	     -9.13410132	     -6.62358203	     27.61801609	    -19.82669992	    -14.89690267	     -4.98473282	      0.00000000	     13.76077045	    -13.66389619	      0.00000000
      6.40000000	     52.31681812	      2.76386325	   -171.91771505	     -0.54267145	     -0.45660522	     -0.53472457	    -36.24006753	      2.77061349	     -4.49698884	    -34.70962706	      5.93075809	      8.58920130	     -0.00178849	      0.00769390	      0.02203301	      0.00000000	      0.00000000	      0.00000000	      0.00026574	     -0.02052152	     -0.00623269	      0.00000000	      0.00000000	      0.00000000	      0.02152415	      0.02594877	      0.02370215	    110.38833510	   -244.30314481	    149.43342413	     14.35372490	      0.00000000	      0.00000000	      0.00000000	      0.00000000	   -284.79603075	     51.85086936	     -2.17215058	     23.97085768	      0.00000000	      0.00000000	      0.00000000	      0.00000000	    -13.58122021	     -0.85823554	    -19.49575408	    -10.19179506	     -6.38237553	     -4.98473282	      0.00000000	     24.24519395	     24.86554544	      0.00000000	     -9.41878725	     -7.32743727	     26.98143482	    -18.68878565	    -14.89690267	     -4.98473282	      0.00000000	     12.95145784	    -17.10612158	      0.00000000
      6.43333333	     52.65550066	      2.67442715	   -173.64984512	     -0.53900653	     -0.45315657	     -0.53519936	    -36.19317636	      1.73763964	     -2.52457295	    -34.63609187	      6.36778588	      7.65479008	     -0.00171741	      0.00710170	      0.02161339	      0.00000000	      0.00000000	      0.00000000	     -0.00247348	     -0.02385010	     -0.00524366	      0.00000000	      0.00000000	      0.00000000	      0.02095985	      0.02479331	      0.01860107	    104.62215977	   -244.67208921	    151.33123246	     11.39923926	      0.00000000	      0.00000000	      0.00000000	      0.00000000	   -282.41069384	     54.43664088	     -5.93979457	     21.20892470	      0.00000000	      0.00000000	      0.00000000	      0.00000000	    -12.26418576	     -1.36690815	    -16.34529227	    -11.15097488	     -8.18467256	     -4.98473282	      0.00000000	     24.58055569	     24.12694435	      0.00000000	    -10.08935523	     -7.59435588	     23.91928575	    -16.39713081	    -14.89690267	     -4.98473282	      0.00000000	     12.19053667	    -19.00957965	      0.00000000
      6.46666667	     53.54000801	      2.80082623	   -174.65086146	     -0.53585565	     -0.45027775	     -0.53518634	    -35.44437033	      1.38432389	     -1.02195880	    -34.40783721	      6.14360126	      7.39020116	     -0.00111637	      0.00560334	      0.02349680	      0.00000000	      0.00000000	      0.00000000	     -0.00535996	     -0.02728097	     -0.00381107	      0.00000000	      0.00000000	      0.00000000	      0.02086723	      0.02395847	      0.01315377	     98.91583559	   -244.97902233	    155.57047178	      7.96415733	      0.00000000	      0.00000000	      0.00000000	      0.00000000	   -281.87149430	     57.48840490	     -8.03286839	     18.01883045	      0.00000000	      0.00000000	      0.00000000	      0.00000000	    -10.64748761	     -1.43060200	    -14.29495700	    -11.88508322	     -9.99576549	     -4.98473282	      0.00000000	     24.34110518	     23.25466026	      0.00000000	     -9.54330638	     -7.96313671	     20.58906884	    -15.06680816	    -14.89690267	     -4.98473282	      0.00000000	     13.09883389	    -16.14196502	      0.00000000
      6.50000000	     54.88914278	      3.09235729	   -174.90600435	     -0.53315392	     -0.44767726	     -0.53452786	    -34.09944303	      1.55628815	     -0.48256610	    -34.20019712	      5.67717090	      7.78110665	      0.00037327	      0.00392827	      0.02723073	      0.00000000	      0.00000000	      0.00000000	     -0.00708107	     -0.02840635	      0.00054073	      0.00000000	      0.00000000	      0.00000000	      0.02115161	      0.01952398	      0.01214047	     95.81740400	   -246.02956215	    160.73724741	      4.85131914	      0.00000000	      0.00000000	      0.00000000	      0.00000000	   -279.60904157	     59.60317315	    -10.93564510	     14.93874683	      0.00000000	      0.00000000	      0.00000000	      0.00000000	     -8.68201319	     -1.30278075	    -13.45746161	    -12.64473213	    -11.15641809	     -4.98473282	      0.00000000	     24.12643880	     22.87510988	      0.00000000	     -7.83202791	     -8.25949508	     19.25712788	    -15.13994944	    -14.89690267	     -4.98473282	      0.00000000	     14.30063293	    -11.97153628	      0.00000000
      6.53333333	     55.62390387	      3.09322031	   -174.25469272	     -0.53126597	     -0.44566735	     -0.53328625	    -33.46126234	      2.12198137	     -0.79815190	    -33.57510016	      4.77691397	      8.79479922	      0.00160730	      0.00219233	      0.03192945	      0.00000000	      0.00000000	      0.00000000	     -0.00799030	     -0.02721149	      0.00133801	      0.00000000	      0.00000000	      0.00000000	      0.02142079	      0.01556313	      0.01191533	     94.94062597	   -245.93517783	    162.06411277	      4.68707395	      0.00000000	      0.00000000	      0.00000000	      0.00000000	   -277.77903767	     61.00720973	    -12.25382218	     12.90257350	      0.00000000	      0.00000000	      0.00000000	      0.00000000	     -7.62339022	     -1.42008901	    -13.99424154	    -13.30531572	    -11.21476086	     -4.98473282	      0.00000000	     24.35755311	     22.87914038	      0.00000000	     -6.44674285	     -8.28133121	     20.19191728	    -15.74311370	    -14.89690267	     -4.98473282	      0.00000000	     15.16102478	     -8.97430608	      0.00000000
      6.56666667	     55.51121865	      3.19428320	   -174.28404438	     -0.53062080	     -0.44473896	     -0.53326757	    -33.55966658	      2.20749852	     -0.36417251	    -33.45421539	      4.71476530	      9.09834716	      0.00284226	      0.00191244	      0.03467921	      0.00000000	      0.00000000	      0.00000000	     -0.00883793	     -0.02669460	      0.00376074	      0.00000000	      0.00000000	      0.00000000	      0.02327096	      0.01476413	      0.01370117	     95.09869939	   -246.07974507	    162.02059773	      4.61211045	      0.00000000	      0.00000000	      0.00000000	      0.00000000	   -277.55185281	     61.19670886	    -12.43612514	     13.00518632	      0.00000000	      0.00000000	      0.00000000	      0.00000000	     -7.43189359	     -1.33330323	    -13.85012547	    -13.76879498	    -10.87791062	     -4.98473282	      0.00000000	     24.19763466	     23.15427454	      0.00000000	     -6.39227863	     -8.53182276	     20.88531670	    -16.00093580	    -14.89690267	     -4.98473282	      0.00000000	     15.25965414	     -8.54952212	      0.00000000
      6.60000000	     56.29370783	      3.44878783	   -173.25636822	     -0.52963027	     -0.44295736	     -0.53289288	    -32.87324719	      3.08737302	     -1.56415139	    -32.65368363	      2.90767753	     11.92928468	      0.00413408	     -0.00027819	      0.04183552	      0.00000000	      0.00000000	      0.00000000	     -0.00734431	     -0.02728322	      0.00313744	      0.00000000	      0.00000000	      0.00000000	      0.02231546	      0.01191521	      0.01520722	     94.91875541	   -246.47573960	    159.31427845	      5.11788616	      0.00000000	      0.00000000	      0.00000000	      0.00000000	   -276.69540424	     60.34546203	    -12.44767198	     13.12058753	      0.00000000	      0.00000000	      0.00000000	      0.00000000	     -6.52987872	     -1.05884941	    -14.77216134	    -13.78414439	    -10.62703266	     -4.98473282	      0.00000000	     23.76286116	     23.74157943	      0.00000000	     -4.37646111	     -8.41960275	     23.55081790	    -17.88722503	    -14.89690267	     -4.98473282	      0.00000000	     15.67869740	     -9.89883200	      0.00000000
      6.63333333	     56.61075359	      3.53064899	   -173.00537612	     -0.52913107	     -0.44218142	     -0.53284419	    -32.56421192	      3.34484463	     -1.83063526	    -32.30577975	      2.65121907	     12.41306653	      0.00464905	     -0.00108705	      0.04258577	      0.00000000	      0.00000000	      0.00000000	     -0.00598804	     -0.02778184	      0.00226971	      0.00000000	      0.00000000	      0.00000000	      0.02337498	      0.01380820	      0.01627875	     95.41711758	   -246.11488601	    157.59171925	      6.42044881	      0.00000000	      0.00000000	      0.00000000	      0.00000000	   -278.81318116	     59.22166273	     -9.88149957	     15.06094265	      0.00000000	      0.00000000	      0.00000000	      0.00000000	     -6.12681751	     -0.88929192	    -14.47735631	    -13.65706275	    -11.23671257	     -4.98473282	      0.00000000	     23.58849344	     24.18763282	      0.00000000	     -3.63459239	     -7.75905383	     26.25253134	    -19.07754372	    -14.89690267	     -4.98473282	      0.00000000	     13.89292581	    -14.88794260	      0.00000000
      6.66666667	     56.56736425	      3.49761331	   -173.17131714	     -0.52904407	     -0.44230141	     -0.53283398	    -32.56370884	      3.28060932	     -2.06514825	    -32.33347386	      2.56314482	     12.30871156	      0.00413944	     -0.00063565	      0.04095406	      0.00000000	      0.00000000	      0.00000000	     -0.00400405	     -0.02882158	      0.00199118	      0.00000000	      0.00000000	      0.00000000	      0.02263883	      0.01281373	      0.01601604	     95.35686126	   -246.31396479	    157.62457853	      6.76059837	      0.00000000	      0.00000000	      0.00000000	      0.00000000	   -279.02453536	     58.78915949	     -9.59912900	     15.03366561	      0.00000000	      0.00000000	      0.00000000	      0.00000000	     -6.21220572	     -0.88247006	    -14.50626269	    -13.45451165	    -11.39182410	     -4.98473282	      0.00000000	     23.58066732	     24.13178485	      0.00000000	     -3.54028023	     -7.36214362	     26.03808129	    -19.61031152	    -14.89690267	     -4.98473282	      0.00000000	     13.81227513	    -15.10841340	      0.00000000
      6.70000000	     56.24544705	      3.34746636	   -173.54481266	     -0.52929504	     -0.44272853	     -0.53158930	    -32.76884609	      3.24749395	     -2.27306820	    -32.52104460	      1.52987808	     12.17615127	      0.00433014	      0.00001697	      0.04026145	      0.00000000	      0.00000000	      0.00000000	     -0.00110526	     -0.02640237	      0.00068565	      0.00000000	      0.00000000	      0.00000000	      0.02553502	      0.01603268	      0.01691149	     96.75072273	   -246.13880313	    158.79317401	      8.13829981	      0.00000000	      0.00000000	      0.00000000	      0.00000000	   -282.44381267	     56.29808807	     -4.23007044	     19.46948853	      0.00000000	      0.00000000	      0.00000000	      0.00000000	     -6.39555004	     -1.10615519	    -13.56446000	    -13.75831270	    -12.20210030	     -4.98473282	      0.00000000	     23.75335364	     24.37280369	      0.00000000	     -4.17545907	     -6.87007254	     26.06251084	    -19.44995758	    -14.89690267	     -4.98473282	      0.00000000	     12.85569483	    -16.38966413	      0.00000000
      6.73333333	     55.06943289	      3.28184194	   -174.36935660	     -0.53054663	     -0.44415533	     -0.53068862	    -33.80203538	      3.04181059	     -1.48859058	    -32.56963969	      1.35162041	     11.48989449	      0.00440889	      0.00010503	      0.03796480	      0.00000000	      0.00000000	      0.00000000	     -0.00088484	     -0.02616547	      0.00140599	      0.00000000	      0.00000000	      0.00000000	      0.02595108	      0.01566667	      0.01479022	     96.65197800	   -246.58736299	    158.52472029	      7.47720602	      0.00000000	      0.00000000	      0.00000000	      0.00000000	   -283.07486361	     56.45400409	     -3.99929420	     19.69582598	      0.00000000	      0.00000000	      0.00000000	      0.00000000	     -7.61683219	     -1.39281384	    -13.94251805	    -13.87243759	    -11.04437011	     -4.98473282	      0.00000000	     23.69602820	     24.74497193	      0.00000000	     -6.25565630	     -7.49420512	     22.59579950	    -17.72989027	    -14.89690267	     -4.98473282	      0.00000000	     14.47334854	    -12.53523329	      0.00000000
      6.76666667	     54.88984498	      3.23864760	   -174.13742983	     -0.53077788	     -0.44406254	     -0.52842238	    -33.92373452	      3.61723349	     -1.76700436	    -32.49599076	      1.28773839	     11.44584068	      0.00427538	     -0.00032069	      0.03482365	      0.00000000	      0.00000000	      0.00000000	      0.00015774	     -0.02426746	     -0.00060240	      0.00000000	      0.00000000	      0.00000000	      0.02529031	      0.01420732	      0.01200110	     96.66985734	   -246.53380369	    158.41859309	      7.44102368	      0.00000000	      0.00000000	      0.00000000	      0.00000000	   -283.12853128	     56.58403894	     -4.15990257	     19.63276390	      0.00000000	      0.00000000	      0.00000000	      0.00000000	     -7.70770877	     -1.67970775	    -13.59461731	    -14.28191053	    -10.56191329	     -4.98473282	      0.00000000	     23.49645274	     24.98095987	      0.00000000	     -6.53223331	     -7.62845807	     22.10392989	    -17.21394537	    -14.89690267	     -4.98473282	      0.00000000	     14.48621928	    -12.30091428	      0.00000000
      6.80000000	     49.57867673	      3.45052226	   -176.02317730	     -0.53372101	     -0.44845168	     -0.52963391	    -39.21981720	      2.81869100	      0.78329817	    -32.06017138	      1.18456424	     11.32587234	      0.00513557	      0.00101580	      0.03507664	      0.00000000	      0.00000000	      0.00000000	      0.00105538	     -0.02264458	     -0.00179365	      0.00000000	      0.00000000	      0.00000000	      0.02280316	      0.01315003	      0.00808079	     98.02188522	   -245.65489827	    153.73685766	      9.41273663	      0.00000000	      0.00000000	      0.00000000	      0.00000000	   -280.79711948	     59.09755081	     -7.78681966	     15.55311189	      0.00000000	      0.00000000	      0.00000000	      0.00000000	    -13.73263779	     -1.56528886	    -14.06360396	    -13.62831157	     -5.53516760	     -4.98473282	      0.00000000	     22.57769901	     22.29955964	      0.00000000	    -15.05348262	     -9.69250335	     11.96895756	    -11.66913956	    -14.56430129	     -4.98473282	      0.00000000	     16.39460334	     -4.01777543	      0.00000000
      6.83333333	     48.64125080	      3.86122249	   -175.92181481	     -0.53345731	     -0.44740550	     -0.53039344	    -40.40023499	      3.20857293	      1.34249880	    -31.10818516	      1.85250027	     11.06195789	      0.00500406	     -0.00004273	      0.03254485	      0.00000000	      0.00000000	      0.00000000	      0.00205534	     -0.02118874	     -0.00294317	      0.00000000	      0.00000000	      0.00000000	      0.02220306	      0.01032016	      0.00726024	     99.32176297	   -244.52861443	    151.50877934	     12.07232071	      0.00000000	      0.00000000	      0.00000000	      0.00000000	   -278.48120324	     59.82871005	     -8.17316992	     14.38399018	      0.00000000	      0.00000000	      0.00000000	      0.00000000	    -14.77954354	     -1.02471671	    -13.53405700	    -13.17252461	     -5.54171133	     -4.98473282	      0.00000000	     22.05864249	     21.75868600	      0.00000000	    -16.46102342	    -10.26523664	     11.77285489	    -10.67905197	    -14.51126687	     -4.98473282	      0.00000000	     16.18108184	     -4.43244702	      0.00000000
      6.86666667	     48.94032858	      4.09140572	   -176.15654733	     -0.53228706	     -0.44371793	     -0.53268882	    -40.59372042	      2.90173549	      1.91160300	    -30.30150807	      3.04174763	     10.94887470	      0.00437030	     -0.00113924	      0.03002520	      0.00000000	      0.00000000	      0.00000000	      0.00282568	     -0.02204660	     -0.00310119	      0.00000000	      0.00000000	      0.00000000	      0.02246822	      0.00662495	      0.00791933	    100.07901145	   -243.73270162	    149.03384852	     14.27096710	      0.00000000	      0.00000000	      0.00000000	      0.00000000	   -275.30411145	     60.49491666	     -6.92125575	     13.12878246	      0.00000000	      0.00000000	      0.00000000	      0.00000000	    -14.17349529	     -0.68296998	    -13.15520911	    -12.90933318	     -6.31614952	     -4.98473282	      0.00000000	     22.29738216	     21.79616991	      0.00000000	    -16.16709738	    -10.31550966	     12.15411805	    -10.22707573	    -14.89690267	     -4.98473282	      0.00000000	     15.94820336	     -5.76922919	      0.00000000
      6.90000000	     50.24226470	      4.07912159	   -176.60723274	     -0.53020657	     -0.43718635	     -0.53617387	    -40.15023255	      1.99755303	      2.52361207	    -29.14690381	      4.55917105	     10.19825333	      0.00334640	     -0.00248112	      0.02708505	      0.00000000	      0.00000000	      0.00000000	      0.00245484	     -0.02350790	     -0.00239133	      0.00000000	      0.00000000	      0.00000000	      0.02320906	      0.00371405	      0.00934380	    100.48332636	   -243.19289386	    145.31069717	     16.12843003	      0.00000000	      0.00000000	      0.00000000	      0.00000000	   -271.19117702	     61.36772382	     -4.13839824	     11.87851467	      0.00000000	      0.00000000	      0.00000000	      0.00000000	    -12.19136235	     -0.34552793	    -11.46084071	    -12.80454888	     -9.06470014	     -4.98473282	      0.00000000	     23.30261687	     21.95963279	      0.00000000	    -14.31340437	     -9.95203667	     13.70984595	    -10.56762067	    -14.89690267	     -4.98473282	      0.00000000	     14.77928963	     -9.48501675	      0.00000000
      6.93333333	     51.90949353	      3.81006261	   -177.82268008	     -0.52738793	     -0.42897932	     -0.53860488	    -39.52923109	      0.57651116	      3.00670608	    -28.45396328	      5.79580675	      9.87191625	      0.00263536	     -0.00230010	      0.02385496	      0.00000000	      0.00000000	      0.00000000	      0.00377627	     -0.02418785	     -0.00264226	      0.00000000	      0.00000000	      0.00000000	      0.02317424	      0.00278181	      0.01136359	     99.13971874	   -243.09451727	    143.61030633	     16.70115871	      0.00000000	      0.00000000	      0.00000000	      0.00000000	   -267.29770386	     61.52768338	     -0.33432626	     10.90225523	      0.00000000	      0.00000000	      0.00000000	      0.00000000	     -9.79742564	     -0.49063921	     -9.37973422	    -12.58599298	    -11.05608876	     -4.98473282	      0.00000000	     24.09870235	     21.76738839	      0.00000000	    -11.92716287	     -9.23426491	     13.95621777	    -11.27010220	    -14.89690267	     -4.98473282	      0.00000000	     13.44757227	    -12.87979785	      0.00000000
      6.96666667	     53.85290926	      3.36781146	   -179.38740033	     -0.52345581	     -0.42004430	     -0.53906817	    -38.65042212	     -0.78041783	      3.26975769	    -27.96188927	      5.89548612	      9.50433800	      0.00271257	     -0.00065920	      0.02176835	      0.00000000	      0.00000000	      0.00000000	      0.00593630	     -0.02290220	     -0.00352647	      0.00000000	      0.00000000	      0.00000000	      0.02212936	      0.00404480	      0.01333257	     96.48203318	   -243.43972144	    142.83028969	     16.34214836	      0.00000000	      0.00000000	      0.00000000	      0.00000000	   -264.43015071	     60.86507443	      2.37613231	     10.54465596	      0.00000000	      0.00000000	      0.00000000	      0.00000000	     -7.19427161	     -0.95490181	     -6.57788938	    -12.30409289	    -12.15806537	     -4.98473282	      0.00000000	     25.04717936	     19.96069151	      0.00000000	     -9.69028554	     -8.52758673	     12.69037006	    -11.04113481	    -14.89690267	     -4.98473282	      0.00000000	     12.46366388	    -14.81985618	      0.00000000
      7.00000000	     55.89095932	      2.85824675	   -181.06295281	     -0.51793060	     -0.41085309	     -0.53758890	    -37.71657078	     -1.74146176	      3.46997690	    -27.37892329	      4.44604022	      9.84996069	      0.00352313	      0.00150120	      0.02229794	      0.00000000	      0.00000000	      0.00000000	      0.00865667	     -0.02040074	     -0.00463230	      0.00000000	      0.00000000	      0.00000000	      0.02090472	      0.00695084	      0.01365639	     92.23836824	   -243.85324682	    142.31766362	     15.95935202	      0.00000000	      0.00000000	      0.00000000	      0.00000000	   -262.60171205	     59.58604783	      2.96585578	     10.76611068	      0.00000000	      0.00000000	      0.00000000	      0.00000000	     -4.47134156	     -1.60688866	     -3.66772240	    -12.06040531	    -11.79099667	     -4.98473282	      0.00000000	     26.12948027	     16.41352029	      0.00000000	     -7.65264854	     -7.95000862	      9.55024687	    -10.04524417	    -14.89690267	     -4.98473282	      0.00000000	     13.32084923	    -13.62862166	      0.00000000
      7.03333333	     58.00706060	      2.52620567	   -182.20793965	     -0.51088219	     -0.40163662	     -0.53557319	    -36.65324624	     -2.03422756	      3.32425885	    -26.73028529	      2.67546729	     11.08435032	      0.00518666	      0.00440724	      0.02452831	      0.00000000	      0.00000000	      0.00000000	      0.01260742	     -0.01754829	     -0.00543174	      0.00000000	      0.00000000	      0.00000000	      0.01993842	      0.00937428	      0.01236957	     88.05414524	   -244.26724872	    140.52708450	     16.22398060	      0.00000000	      0.00000000	      0.00000000	      0.00000000	   -261.28016273	     58.41032523	      3.32005019	     10.43147359	      0.00000000	      0.00000000	      0.00000000	      0.00000000	     -1.67192014	     -2.10812632	     -2.96143221	    -11.62247697	    -10.27192534	     -4.98473282	      0.00000000	     27.26982896	     13.30869596	      0.00000000	     -5.46486517	     -7.79122528	      5.85822981	     -8.97547222	    -14.37296409	     -4.98473282	      0.00000000	     15.89024845	     -9.90865319	      0.00000000
      7.06666667	     60.28655764	      1.58325568	   -182.49955061	     -0.50255353	     -0.39172664	     -0.53376040	    -35.53420936	     -2.53036728	      2.66603717	    -25.66004219	      0.90586414	     11.99673567	      0.00653913	      0.00733962	      0.02889012	      0.00000000	      0.00000000	      0.00000000	      0.01629818	     -0.01495111	     -0.00621955	      0.00000000	      0.00000000	      0.00000000	      0.02052752	      0.01099257	      0.01030035	     84.80881659	   -243.67895570	    137.96463474	     17.75425217	      0.00000000	      0.00000000	      0.00000000	      0.00000000	   -259.52015064	     58.12044208	      6.45530447	      9.76720414	      0.00000000	      0.00000000	      0.00000000	      0.00000000	      1.25166496	     -3.17887700	     -4.29504972	    -10.76143034	     -9.29079767	     -4.98473282	      0.00000000	     28.46412193	     13.07558189	      0.00000000	     -2.25708503	     -7.05033113	      3.23874540	     -9.19673435	    -11.94571688	     -4.98473282	      0.00000000	     17.80128167	     -8.20702453	      0.00000000
      7.10000000	     64.51197348	      0.28091320	   -182.11986061	     -0.49260827	     -0.38013364	     -0.53324220	    -32.46497219	     -3.27980259	      1.65918272	    -24.34217094	     -0.18099501	     12.26615471	      0.00751511	      0.00865657	      0.03330798	      0.00000000	      0.00000000	      0.00000000	      0.01939412	     -0.01439731	     -0.00697077	      0.00000000	      0.00000000	      0.00000000	      0.02180987	      0.01406916	      0.01016282	     81.75017902	   -242.59656238	    135.36516701	     18.95270219	      0.00000000	      0.00000000	      0.00000000	      0.00000000	   -258.72001630	     58.39389493	     14.93332817	      9.64359895	      0.00000000	      0.00000000	      0.00000000	      0.00000000	      6.74156608	     -4.43145461	     -6.36533866	    -10.66527552	     -9.09532687	     -4.98473282	      0.00000000	     29.38920022	     14.99416616	      0.00000000	      3.83212630	     -6.05997829	      2.18837702	    -10.52832083	     -8.86212987	     -4.98473282	      0.00000000	     18.41360225	     -8.45582419	      0.00000000
      7.13333333	     69.92526301	     -0.89809305	   -181.14222420	     -0.48142169	     -0.36704014	     -0.53442793	    -28.26240198	     -4.12004515	      0.72459127	    -22.93111059	      0.07502756	     10.40451099	      0.00744675	      0.00925820	      0.03414303	      0.00000000	      0.00000000	      0.00000000	      0.02004640	     -0.00957220	     -0.00733205	      0.00000000	      0.00000000	      0.00000000	      0.02550570	      0.02287334	      0.01393937	     80.53944667	   -240.73630563	    135.87194684	     20.62625892	      0.00000000	      0.00000000	      0.00000000	      0.00000000	   -261.55099294	     57.89397593	     29.29550044	     14.83548550	      0.00000000	      0.00000000	      0.00000000	      0.00000000	     13.97359886	     -5.36566874	     -6.96910296	    -11.35066860	    -11.00427246	     -4.98473282	      0.00000000	     29.71361116	     15.97121604	      0.00000000	     12.04918052	     -4.89210547	      2.52963814	    -12.95149836	     -7.70053035	     -4.98473282	      0.00000000	     17.49183112	    -10.34154143	      0.00000000
      7.16666667	     73.24297357	     -1.62247243	   -180.80642993	     -0.47160972	     -0.35487020	     -0.53728833	    -26.38082484	     -5.07891897	      0.58682851	    -20.10691483	      1.56688109	      7.38126082	      0.00853312	      0.00688531	      0.02953520	      0.00000000	      0.00000000	      0.00000000	      0.01903718	     -0.00140732	     -0.00935884	      0.00000000	      0.00000000	      0.00000000	      0.02902098	      0.03286736	      0.01873873	     79.59079089	   -238.40818416	    136.80740346	     23.22795129	      0.00000000	      0.00000000	      0.00000000	      0.00000000	   -263.09662483	     56.52495538	     35.11713923	     20.40022659	      0.00000000	      0.00000000	      0.00000000	      0.00000000	     19.05303298	     -5.63831977	     -4.91696286	    -12.29522696	    -12.37922472	     -4.98473282	      0.00000000	     30.08761162	     14.11380379	      0.00000000	     17.58020021	     -4.28025922	      1.67660386	    -14.75681821	     -7.81740395	     -4.98473282	      0.00000000	     17.06356338	     -9.48441438	      0.00000000
      7.20000000	     76.66600519	     -2.36270258	   -181.00541065	     -0.46305513	     -0.34082491	     -0.54232935	    -24.75811223	     -6.53141195	      0.79839603	    -17.14988258	      3.91530818	      3.32837040	      0.00812285	      0.00381907	      0.02095492	      0.00000000	      0.00000000	      0.00000000	      0.01553278	      0.00564586	     -0.01161431	      0.00000000	      0.00000000	      0.00000000	      0.03001113	      0.03342597	      0.02158517	     77.65157306	   -236.35087729	    136.08528758	     25.45120654	      0.00000000	      0.00000000	      0.00000000	      0.00000000	   -256.59698298	     54.43835418	     33.94587398	     21.18254964	      0.00000000	      0.00000000	      0.00000000	      0.00000000	     24.99946336	     -5.67718275	     -1.82232973	    -14.36028285	    -13.29644445	     -4.98473282	      0.00000000	     30.53651763	     11.66999050	      0.00000000	     23.89694170	     -4.01369883	      0.15269606	    -17.61830781	     -8.72690021	     -4.98473282	      0.00000000	     17.35190288	     -6.09982155	      0.00000000
      7.23333333	     80.11437540	     -3.66530617	   -181.18634860	     -0.45645058	     -0.32427689	     -0.54972618	    -23.70457049	     -8.78264475	      0.64695803	    -13.53987551	      6.39929145	     -0.48439617	      0.00654287	     -0.00058753	      0.01197313	      0.00000000	      0.00000000	      0.00000000	      0.01086711	      0.00772543	     -0.01460326	      0.00000000	      0.00000000	      0.00000000	      0.02942032	      0.03359389	      0.02101691	     73.96540113	   -234.26374806	    132.93232670	     26.40928117	      0.00000000	      0.00000000	      0.00000000	      0.00000000	   -248.73740813	     51.87408693	     33.55853334	     21.63131198	      0.00000000	      0.00000000	      0.00000000	      0.00000000	     31.56937738	     -6.17573242	      0.23312760	    -17.27936332	    -13.45397007	     -4.98473282	      0.00000000	     30.68619130	     11.76151306	      0.00000000	     31.73249268	     -3.69872893	     -0.81280082	    -23.18322610	     -8.33334162	     -4.98473282	      0.00000000	     18.60050899	     -0.87470026	      0.00000000
      7.26666667	     84.36227911	     -5.20434732	   -180.51611293	     -0.45073526	     -0.30577124	     -0.55961512	    -22.26116099	    -11.20829658	     -0.36321504	     -9.70681375	      8.32769604	     -3.32228765	      0.00442171	     -0.00517153	      0.00565382	      0.00000000	      0.00000000	      0.00000000	      0.00761130	      0.00462168	     -0.01696493	      0.00000000	      0.00000000	      0.00000000	      0.02655329	      0.03721055	      0.01842980	     69.27449057	   -232.12225313	    128.37240041	     25.74117390	      0.00000000	      0.00000000	      0.00000000	      0.00000000	   -242.10111373	     49.90007214	     37.30488931	     21.55048249	      0.00000000	      0.00000000	      0.00000000	      0.00000000	     39.21662354	     -7.36700975	     -1.00306373	    -20.61389665	    -12.40822989	     -4.98473282	      0.00000000	     29.47145633	     15.28241375	      0.00000000	     42.71137314	     -3.67501599	     -0.91964745	    -32.78733302	     -4.62878200	     -4.98473282	      0.00000000	     20.55645867	      4.18768678	      0.00000000
      7.30000000	     89.17329207	     -5.48009979	   -178.93999273	     -0.44471889	     -0.28801226	     -0.57189099	    -20.17098874	    -12.11354371	     -1.43946332	     -6.25095009	      9.45660808	     -4.66227247	      0.00230489	     -0.00908031	      0.00190125	      0.00000000	      0.00000000	      0.00000000	      0.00730222	     -0.00064959	     -0.01979427	      0.00000000	      0.00000000	      0.00000000	      0.02386087	      0.04035431	      0.01620303	     64.88802700	   -229.77064623	    123.48438261	     24.29688906	      0.00000000	      0.00000000	      0.00000000	      0.00000000	   -236.40010520	     48.54712948	     43.42649095	     20.50095492	      0.00000000	      0.00000000	      0.00000000	      0.00000000	     46.35784448	     -8.12464990	     -4.65290652	    -22.52775001	    -10.98232916	     -4.98473282	      0.00000000	     26.16336685	     19.86487264	      0.00000000	     56.31413305	     -5.65918909	     -1.60680184	    -45.22032030	      1.79626166	     -4.98473282	      0.00000000	     22.89225982	      7.59208690	      0.00000000
      7.33333333	     96.18674046	     -4.73185977	   -178.06970843	     -0.43515183	     -0.27359082	     -0.58636943	    -14.15367374	    -12.50725033	     -0.93030010	     -6.65894869	      9.69685400	     -5.69173526	     -0.00066028	     -0.00737055	      0.00032346	      0.00000000	      0.00000000	      0.00000000	      0.00787459	     -0.00562497	     -0.01850781	      0.00000000	      0.00000000	      0.00000000	      0.02510673	      0.04369127	      0.01200403	     60.79536261	   -229.49695344	    118.11503878	     20.49343287	      0.00000000	      0.00000000	      0.00000000	      0.00000000	   -232.48658382	     49.14003061	     50.71690900	     19.55829912	      0.00000000	      0.00000000	      0.00000000	      0.00000000	     55.79158132	     -7.16227726	     -5.58797396	    -24.41053696	    -12.75546166	     -4.98473282	      0.00000000	     22.70474696	     24.98095987	      0.00000000	     73.12168401	    -11.93663944	      5.35273502	    -56.03863008	     11.81943131	      4.98473282	      0.00000000	     21.15469464	     -6.78114555	      0.00000000
      7.36666667	     96.80001628	     -2.75307664	   -177.78145364	     -0.43027003	     -0.26411041	     -0.59949966	    -15.06602587	    -10.89721068	      0.03288230	     -5.80119240	      8.85101905	     -6.99250422	     -0.00170353	     -0.00788120	     -0.00213286	      0.00000000	      0.00000000	      0.00000000	      0.00970286	     -0.00278909	     -0.02644178	      0.00000000	      0.00000000	      0.00000000	      0.03289709	      0.04167237	      0.01011588	     59.42249991	   -227.66475944	    113.47552969	     20.32934320	      0.00000000	      0.00000000	      0.00000000	      0.00000000	   -228.95673839	     47.89784289	     55.41901718	     20.62053549	      0.00000000	      0.00000000	      0.00000000	      0.00000000	     56.04170974	     -5.93442868	    -10.91478687	    -23.06252803	     -9.42682240	     -4.98473282	      0.00000000	     20.18206577	     24.98095987	      0.00000000	     83.52707603	    -18.75175505	      2.17373170	    -65.96317088	     14.89690267	      4.98473282	      0.00000000	     20.42550440	    -10.23176593	      0.00000000
      7.40000000	     96.19716203	     -2.09958646	   -177.98985982	     -0.42720168	     -0.25664386	     -0.61071850	    -17.17245706	    -10.81327278	      1.40856365	     -4.87709693	      8.57876120	     -6.98277991	     -0.00061348	     -0.00899342	     -0.00257516	      0.00000000	      0.00000000	      0.00000000	      0.00884748	      0.00334453	     -0.03713739	      0.00000000	      0.00000000	      0.00000000	      0.04533689	      0.04148691	      0.01126117	     59.59013598	   -225.38805366	    110.54607002	     20.59149716	      0.00000000	      0.00000000	      0.00000000	      0.00000000	   -226.51120466	     45.86049678	     57.42312665	     23.72975697	      0.00000000	      0.00000000	      0.00000000	      0.00000000	     55.14139980	     -4.96027530	    -13.61770210	    -21.76393025	     -7.80385920	     -4.98473282	      0.00000000	     18.45618594	     24.98095987	      0.00000000	     92.94872532	    -25.58050034	     -1.68997719	    -74.71014309	     14.34619047	      4.98473282	      0.00000000	     19.55496557	    -12.22836811	      0.00000000
      7.43333333	     95.44193809	      0.32553219	   -178.12480642	     -0.42482090	     -0.25129362	     -0.61790758	    -18.72789733	     -8.05026904	      2.61710637	     -4.19230351	      7.60553910	     -8.69967488	      0.00628043	     -0.01111119	     -0.00825075	      0.00000000	      0.00000000	      0.00000000	      0.00719792	      0.01885756	     -0.04890731	      0.00000000	      0.00000000	      0.00000000	      0.05366357	      0.04218606	      0.00907468	     62.41349094	   -225.48629969	    105.40465319	     23.85598360	      0.00000000	      0.00000000	      0.00000000	      0.00000000	   -227.00085091	     44.65414392	     60.68192467	     26.66057207	      0.00000000	      0.00000000	      0.00000000	      0.00000000	     53.38399916	     -2.75870808	    -17.42771227	    -19.55699196	     -7.12328177	     -4.98473282	      0.00000000	     16.82948355	     24.98095987	      0.00000000	    105.89330854	    -29.73520371	     -5.58628033	    -84.71042508	     12.72241051	      0.88948582	      0.00000000	     21.45739909	    -11.75920281	      0.00000000
      7.46666667	     93.32686583	      0.04363559	   -177.38496967	     -0.42589785	     -0.24581839	     -0.61998729	    -22.48872605	     -7.42443801	      1.93009934	     -3.45571400	      7.30628412	     -9.15219088	      0.01172055	     -0.01292178	     -0.01486906	      0.00000000	      0.00000000	      0.00000000	      0.00540201	      0.03671354	     -0.05915940	      0.00000000	      0.00000000	      0.00000000	      0.05355297	      0.04619626	      0.00844980	     67.12531406	   -225.68970786	    101.30603882	     30.85066464	      0.00000000	      0.00000000	      0.00000000	      0.00000000	   -227.96079781	     43.23355398	     63.02912436	     28.04459579	      0.00000000	      0.00000000	      0.00000000	      0.00000000	     50.99249845	     -3.18948608	    -19.05479769	    -18.84814199	     -6.89694834	     -4.98473282	      0.00000000	     16.68384014	     24.00515186	      0.00000000	    115.30219432	    -30.75831867	    -15.75929887	    -92.22378709	      8.13753530	     -4.98473282	      0.00000000	     25.95700276	     -6.14125150	      0.00000000
      7.50000000	     90.94943513	     -0.49534067	   -177.31090882	     -0.42891003	     -0.24187858	     -0.61892158	    -26.06759851	     -6.94077175	      1.41778974	     -3.51778084	      6.51740105	     -9.82194363	      0.01871249	     -0.01466843	     -0.02230877	      0.00000000	      0.00000000	      0.00000000	      0.00474979	      0.04680200	     -0.06362493	      0.00000000	      0.00000000	      0.00000000	      0.04944125	      0.04409401	      0.00561713	     68.30835767	   -226.16194913	    100.78982089	     34.26380115	      0.00000000	      0.00000000	      0.00000000	      0.00000000	   -227.47301322	     42.30152054	     65.10564604	     25.74611988	      0.00000000	      0.00000000	      0.00000000	      0.00000000	     48.40628975	     -3.06161619	    -17.50712525	    -18.30829100	     -7.67546285	     -4.98473282	      0.00000000	     16.22501322	     21.64105954	      0.00000000	    121.58254144	    -31.15824815	    -21.69596615	    -95.51941994	     10.36134581	     -4.98473282	      0.00000000	     28.49474034	     -7.05369998	      0.00000000
      7.53333333	     89.39038423	     -1.93910811	   -176.80140823	     -0.43399239	     -0.23788407	     -0.61542354	    -28.82215505	     -7.43982097	      0.13807610	     -3.42065254	      6.10241951	     -9.66021098	      0.02594054	     -0.01684750	     -0.02694941	      0.00000000	      0.00000000	      0.00000000	      0.00539655	      0.04979220	     -0.06399821	      0.00000000	      0.00000000	      0.00000000	      0.04401129	      0.04099109	      0.00348626	     68.17767182	   -226.11103892	    100.96212998	     36.12809897	      0.00000000	      0.00000000	      0.00000000	      0.00000000	   -226.11387749	     42.34765502	     67.72382785	     22.83757520	      0.00000000	      0.00000000	      0.00000000	      0.00000000	     46.94724683	     -4.19998636	    -14.74307299	    -18.59824251	     -7.95540615	     -4.98473282	      0.00000000	     15.48535163	     19.10070069	      0.00000000	    122.96435048	    -30.34992785	    -27.82196839	    -95.04979412	     14.89690267	     -4.98473282	      0.00000000	     30.62273167	     -6.57994788	      0.00000000
      7.56666667	     89.02159828	     -3.24662997	   -176.44024559	     -0.43954635	     -0.23457893	     -0.61021662	    -30.06608442	     -8.25031791	     -0.83053380	     -3.55449932	      5.91685292	     -9.30949343	      0.03186966	     -0.01857748	     -0.02924833	      0.00000000	      0.00000000	      0.00000000	      0.00765514	      0.04633417	     -0.06145992	      0.00000000	      0.00000000	      0.00000000	      0.03948696	      0.03669364	     -0.00005163	     67.21413067	   -225.59062643	    100.66109218	     36.59279981	      0.00000000	      0.00000000	      0.00000000	      0.00000000	   -223.54259539	     43.28200176	     70.84972859	     20.12959592	      0.00000000	      0.00000000	      0.00000000	      0.00000000	     47.21473637	     -5.45541404	    -11.53323387	    -19.91100397	     -7.78992422	     -4.98473282	      0.00000000	     13.51930486	     17.56593350	      0.00000000	    122.21646603	    -28.67027559	    -30.78721911	    -92.88567715	     13.37137263	     -4.98473282	      0.00000000	     34.88131829	      1.06536551	      0.00000000
      7.60000000	     90.21591318	     -3.58044332	   -175.53951250	     -0.44472061	     -0.23115686	     -0.60302019	    -29.45146217	     -8.25409780	     -1.72844774	     -3.77089209	      5.83238574	     -9.41309693	      0.03549771	     -0.02011809	     -0.02978491	      0.00000000	      0.00000000	      0.00000000	      0.01092146	      0.04024419	     -0.05641228	      0.00000000	      0.00000000	      0.00000000	      0.03473632	      0.03182859	     -0.00523263	     66.75465751	   -225.51155270	     98.23236857	     36.92260290	      0.00000000	      0.00000000	      0.00000000	      0.00000000	   -219.64145479	     44.64907027	     73.61475590	     16.95814112	      0.00000000	      0.00000000	      0.00000000	      0.00000000	     49.52250933	     -6.53583458	     -8.04578051	    -21.66578833	    -10.30259035	     -4.98473282	      0.00000000	     10.05636705	     19.15221022	      0.00000000	    121.72284905	    -25.14574843	    -31.10188304	    -90.02713427	      7.41559518	     -4.98473282	      0.00000000	     39.32748491	      8.37873993	      0.00000000
      7.63333333	     91.46218244	     -2.95728235	   -175.71318482	     -0.44916668	     -0.22853805	     -0.59455725	    -28.27455900	     -8.10764030	     -1.20125253	     -4.23534291	      6.48304246	     -9.89679236	      0.03688908	     -0.02074128	     -0.02942919	      0.00000000	      0.00000000	      0.00000000	      0.01462462	      0.03477640	     -0.04882263	      0.00000000	      0.00000000	      0.00000000	      0.03282496	      0.02864964	     -0.00527587	     67.56355209	   -225.59859238	     96.04842716	     37.70079958	      0.00000000	      0.00000000	      0.00000000	      0.00000000	   -217.25079326	     45.11711785	     72.50698396	     15.94508957	      0.00000000	      0.00000000	      0.00000000	      0.00000000	     52.67001551	     -6.77624469	     -5.98757374	    -23.85184313	    -14.89690267	     -4.98473282	      0.00000000	      5.51199766	     24.98095987	      0.00000000	    122.25381726	    -21.92241304	    -29.06899816	    -88.06390961	      0.17252218	     -4.98473282	      0.00000000	     43.25617363	     13.36244907	      0.00000000
      7.66666667	     92.91146217	     -1.14537436	   -175.47552347	     -0.45225959	     -0.22456244	     -0.58449910	    -26.93726750	     -6.24438266	     -0.56628904	     -3.84610199	      7.17890023	    -11.09279345	      0.03705301	     -0.02154595	     -0.03048399	      0.00000000	      0.00000000	      0.00000000	      0.01593767	      0.03091310	     -0.03965677	      0.00000000	      0.00000000	      0.00000000	      0.03073288	      0.02472348	     -0.00577985	     67.48321610	   -225.73672969	     94.17922227	     38.35370769	      0.00000000	      0.00000000	      0.00000000	      0.00000000	   -215.01946619	     45.13442275	     71.27823105	     14.93810732	      0.00000000	      0.00000000	      0.00000000	      0.00000000	     57.10503603	     -7.03941734	     -4.45178756	    -28.16838433	    -14.89690267	     -4.98473282	      0.00000000	      1.76746159	     24.98095987	      0.00000000	    124.07647436	    -17.60343431	    -26.12890821	    -86.39280815	     -3.00102503	     -4.98473282	      0.00000000	     43.64487570	     11.88490176	      0.00000000
      7.70000000	     94.75422917	      0.52109309	   -176.00059007	     -0.45364847	     -0.21910372	     -0.57407399	    -25.07980818	     -4.58367534	      0.79506454	     -3.58689712	      8.44663975	    -13.12592725	      0.03687192	     -0.02152219	     -0.03290129	      0.00000000	      0.00000000	      0.00000000	      0.01536551	      0.02921167	     -0.03082857	      0.00000000	      0.00000000	      0.00000000	      0.03080953	      0.02046185	     -0.00457567	     66.55263704	   -225.42836284	     93.67467744	     37.68700309	      0.00000000	      0.00000000	      0.00000000	      0.00000000	   -212.81640455	     44.75666647	     68.49477437	     13.26230307	      0.00000000	      0.00000000	      0.00000000	      0.00000000	     63.54823062	     -7.56273045	     -3.34675539	    -34.78318416	    -11.80821391	     -4.98473282	      0.00000000	     -2.15057190	     24.98095987	      0.00000000	    126.68367072	    -14.35293716	    -23.09630377	    -84.93161813	     -4.47857602	     -4.98473282	      0.00000000	     42.58954512	      9.50585994	      0.00000000
      7.73333333	     96.32827088	      1.62495212	   -176.03862840	     -0.45411176	     -0.21253282	     -0.56359716	    -23.75069764	     -2.98662610	      1.19536832	     -3.10108953	      9.51259245	    -15.35397417	      0.03735657	     -0.02167798	     -0.03504228	      0.00000000	      0.00000000	      0.00000000	      0.01531209	      0.02928659	     -0.02508469	      0.00000000	      0.00000000	      0.00000000	      0.02987460	      0.01817162	     -0.00245088	     64.73035612	   -224.48434388	     94.55041389	     36.10323591	      0.00000000	      0.00000000	      0.00000000	      0.00000000	   -211.48863143	     44.22055510	     65.17691566	     11.49651031	      0.00000000	      0.00000000	      0.00000000	      0.00000000	     70.57502648	     -9.45158101	     -3.25155482	    -42.70757055	     -4.55917225	     -4.98473282	      0.00000000	     -6.16831595	     24.98095987	      0.00000000	    128.31343519	    -11.33512510	    -21.22024630	    -83.21095881	     -4.19601154	     -4.98473282	      0.00000000	     40.99048266	      6.23771626	      0.00000000
      7.76666667	     97.53166136	      1.40110307	   -176.08907629	     -0.45415869	     -0.20519123	     -0.55440421	    -23.06220747	     -2.73114412	      0.70377217	     -2.62665812	     10.48060213	    -16.27630046	      0.03825897	     -0.02201965	     -0.03486224	      0.00000000	      0.00000000	      0.00000000	      0.01729420	      0.02884325	     -0.02061690	      0.00000000	      0.00000000	      0.00000000	      0.02863849	      0.01699297	     -0.00005545	     62.16925711	   -223.85571982	     94.61734396	     34.21388594	      0.00000000	      0.00000000	      0.00000000	      0.00000000	   -210.31570475	     43.04507860	     58.37220327	      9.06505199	      0.00000000	      0.00000000	      0.00000000	      0.00000000	     77.87673928	    -11.74884806	     -2.93218031	    -50.48528241	      1.85014684	     -4.98473282	      0.00000000	     -9.90523330	     24.98095987	      0.00000000	    128.47167278	     -9.52739488	    -20.86971381	    -81.37180059	      0.64787385	     -4.98473282	      0.00000000	     39.12572419	     -1.41781707	      0.00000000
      7.80000000	     98.34766387	      1.69519646	   -175.98350714	     -0.45425069	     -0.19846650	     -0.54648107	    -22.79067826	     -1.56550941	      0.06894904	     -1.76425627	      9.50508319	    -16.20804244	      0.04025366	     -0.02514790	     -0.03232326	      0.00000000	      0.00000000	      0.00000000	      0.02148982	      0.02980666	     -0.02077924	      0.00000000	      0.00000000	      0.00000000	      0.02246618	      0.02009419	      0.00157013	     59.84105625	   -223.56370936	     93.45550717	     33.49892952	      0.00000000	      0.00000000	      0.00000000	      0.00000000	   -211.74972156	     43.08857068	     58.35554108	      8.56209541	      0.00000000	      0.00000000	      0.00000000	      0.00000000	     84.84140850	    -14.12703151	     -4.34486054	    -57.61610876	      3.99451275	     -4.98473282	      0.00000000	    -10.49838070	     24.98095987	      0.00000000	    128.04595220	     -7.80363788	    -20.89840981	    -78.65201280	      0.28167368	     -4.98473282	      0.00000000	     39.24122007	     -2.31482339	      0.00000000
      7.83333333	     99.43778017	      0.86326485	   -176.24478418	     -0.45423675	     -0.19233694	     -0.54116835	    -22.38398210	     -2.15285040	     -1.14701100	     -1.19043782	      8.41814732	    -13.68530331	      0.04016352	     -0.02865066	     -0.02581847	      0.00000000	      0.00000000	      0.00000000	      0.02664858	      0.02570813	     -0.02136529	      0.00000000	      0.00000000	      0.00000000	      0.01617517	      0.02348964	      0.00612997	     56.23096204	   -223.07209222	     92.18615101	     31.07184444	      0.00000000	      0.00000000	      0.00000000	      0.00000000	   -213.94342189	     42.13019202	     57.40995032	      9.63840541	      0.00000000	      0.00000000	      0.00000000	      0.00000000	     93.70884415	    -16.25249660	     -4.07262878	    -65.02552187	      1.06998686	     -4.98473282	      0.00000000	     -7.25949659	     24.98095987	      0.00000000	    127.44985554	     -7.77657533	    -22.51002402	    -75.84547807	     -0.48624403	     -4.98473282	      0.00000000	     40.58622427	     -1.84708852	      0.00000000
      7.86666667	     99.77494581	      0.16680687	   -176.83932878	     -0.45427421	     -0.18807138	     -0.53823781	    -22.78963674	     -2.88156461	     -2.67351272	     -0.67628054	      7.07750214	     -9.46737404	      0.03801424	     -0.03206828	     -0.01843469	      0.00000000	      0.00000000	      0.00000000	      0.03296559	      0.02028700	     -0.02484330	      0.00000000	      0.00000000	      0.00000000	      0.01221378	      0.02398383	      0.01332799	     51.92488735	   -222.25254106	     92.17281026	     27.55182654	      0.00000000	      0.00000000	      0.00000000	      0.00000000	   -216.57357538	     39.33905412	     54.30183685	     11.74750429	      0.00000000	      0.00000000	      0.00000000	      0.00000000	    103.21473282	    -18.15244748	     -3.59957002	    -72.23153274	     -3.93430158	     -4.98473282	      0.00000000	      0.29972579	     24.98095987	      0.00000000	    126.61556136	     -8.45839724	    -23.99058404	    -73.85712785	     -2.40441726	     -4.98473282	      0.00000000	     42.26753468	      0.17244113	      0.00000000
      7.90000000	     98.55419009	      0.66265343	   -178.22168457	     -0.45423338	     -0.18644267	     -0.53766678	    -24.73518331	     -2.63333312	     -3.92352149	      0.12470516	      5.91585706	     -5.35025775	      0.03412071	     -0.03436446	     -0.01465062	      0.00000000	      0.00000000	      0.00000000	      0.03931203	      0.01683949	     -0.02978944	      0.00000000	      0.00000000	      0.00000000	      0.01267225	      0.01753380	      0.01786696	     47.00201345	   -222.15510130	     91.59086776	     23.89887195	      0.00000000	      0.00000000	      0.00000000	      0.00000000	   -217.35092033	     34.19857935	     45.22693725	     11.98665571	      0.00000000	      0.00000000	      0.00000000	      0.00000000	    111.37796106	    -19.51279142	     -4.54980181	    -78.13493068	     -6.94215083	     -4.98473282	      0.00000000	     10.78536656	     24.98095987	      0.00000000	    125.62877666	     -9.48918708	    -23.38515270	    -73.05330376	    -12.33462281	     -4.98473282	      0.00000000	     44.29196683	     11.85178562	      0.00000000
      7.93333333	     95.97040399	      1.30707797	   -179.18451067	     -0.45396271	     -0.18734580	     -0.53999884	    -27.93758994	     -2.47488391	     -4.89740809	      1.37928865	      5.59173201	     -2.44705492	      0.03049992	     -0.03569913	     -0.01200581	      0.00000000	      0.00000000	      0.00000000	      0.04333076	      0.01633687	     -0.03547929	      0.00000000	      0.00000000	      0.00000000	      0.01541530	      0.01466723	      0.01952991	     44.54335146	   -221.93790895	     91.20737273	     22.10272030	      0.00000000	      0.00000000	      0.00000000	      0.00000000	   -218.10701791	     30.54463057	     44.72542357	     13.10370479	      0.00000000	      0.00000000	      0.00000000	      0.00000000	    118.21355556	    -20.67437321	     -5.54529149	    -82.57540240	     -6.47945248	     -4.98473282	      0.00000000	     21.13063200	     24.98095987	      0.00000000	    123.87920537	    -10.70132533	    -22.83859792	    -74.42895273	    -13.56001176	     -4.98473282	      0.00000000	     43.89818701	     14.21185345	      0.00000000
      7.96666667	     92.99551073	      2.73621601	   -180.69837970	     -0.45266243	     -0.19042106	     -0.54531729	    -31.07904387	     -2.29200788	     -4.68885708	      2.61929965	      5.58880056	     -1.73793511	      0.02725417	     -0.03538476	     -0.00990501	      0.00000000	      0.00000000	      0.00000000	      0.04413345	      0.01725153	     -0.03694231	      0.00000000	      0.00000000	      0.00000000	      0.01753751	      0.01340633	      0.01756025	     42.94544280	   -222.65650752	     89.53663897	     21.23420882	      0.00000000	      0.00000000	      0.00000000	      0.00000000	   -217.77907634	     28.44861102	     44.50535089	     12.23209164	      0.00000000	      0.00000000	      0.00000000	      0.00000000	    122.82210224	    -20.42334854	     -8.32502093	    -84.69327093	     -4.70613565	     -4.98473282	      0.00000000	     28.24650253	     24.98095987	      0.00000000	    122.94155032	    -12.50631137	    -20.76182766	    -77.16901276	    -14.89690267	     -4.98473282	      0.00000000	     43.25574373	     17.22704078	      0.00000000
      8.00000000	     89.29304496	      4.26065504	   -181.95063451	     -0.44967764	     -0.19669323	     -0.55244076	    -34.39419489	     -2.29463889	     -3.82804346	      3.83588887	      5.43429695	     -2.10638984	      0.02461455	     -0.03372506	     -0.00585889	      0.00000000	      0.00000000	      0.00000000	      0.03874103	      0.01967935	     -0.03176867	      0.00000000	      0.00000000	      0.00000000	      0.01671148	      0.01420624	      0.01258240	     41.43495673	   -224.40261530	     87.67954341	     20.50078604	      0.00000000	      0.00000000	      0.00000000	      0.00000000	   -216.34360055	     28.76676037	     44.43411211	      9.21153343	      0.00000000	      0.00000000	      0.00000000	      0.00000000	    124.95530293	    -19.53406876	    -11.52968626	    -85.85740331	     -3.46397183	     -4.98473282	      0.00000000	     31.31781679	     24.98095987	      0.00000000	    122.13148280	    -14.81623896	    -18.60748877	    -81.18414062	    -14.89690267	     -4.98473282	      0.00000000	     43.54129962	     19.15022877	      0.00000000
      8.03333333	     85.14919302	      5.59272950	   -182.31416823	     -0.44427949	     -0.20730711	     -0.56107980	    -37.14994436	     -2.31323641	     -2.85430363	      4.66200500	      4.85313438	     -3.14926246	      0.02433036	     -0.03185591	      0.00037999	      0.00000000	      0.00000000	      0.00000000	      0.03175838	      0.02261256	     -0.02347642	      0.00000000	      0.00000000	      0.00000000	      0.01632860	      0.01562118	      0.00586288	     40.37997452	   -227.02966065	     86.65951968	     19.23904779	      0.00000000	      0.00000000	      0.00000000	      0.00000000	   -213.88144966	     31.52901859	     44.80432566	      4.47888333	      0.00000000	      0.00000000	      0.00000000	      0.00000000	    125.51865512	    -18.72481869	    -13.54918817	    -87.87291800	     -3.68989025	     -4.98473282	      0.00000000	     32.47029006	     24.98095987	      0.00000000	    121.50836473	    -16.84069881	    -16.59552696	    -85.83237271	    -14.89690267	     -4.98473282	      0.00000000	     44.48558965	     19.71444319	      0.00000000
      8.06666667	     80.78047128	      6.68815543	   -181.37672447	     -0.43733871	     -0.22241101	     -0.57079114	    -39.34767524	     -1.90020291	     -2.26200109	      5.38019939	      4.20937645	     -3.57131557	      0.02476250	     -0.03098049	      0.00803362	      0.00000000	      0.00000000	      0.00000000	      0.02729071	      0.02563386	     -0.01851429	      0.00000000	      0.00000000	      0.00000000	      0.01761444	      0.01768216	     -0.00076389	     41.11316081	   -229.85891222	     86.51025258	     18.32947538	      0.00000000	      0.00000000	      0.00000000	      0.00000000	   -211.32293319	     35.41778317	     46.05131483	      0.05840223	      0.00000000	      0.00000000	      0.00000000	      0.00000000	    125.23802974	    -18.82190464	    -13.74456467	    -91.80149918	     -5.04741215	     -4.98473282	      0.00000000	     34.47464450	     24.98095987	      0.00000000	    120.79024131	    -18.12837804	    -14.99763477	    -90.59830287	    -14.89690267	     -4.98473282	      0.00000000	     45.60843840	     20.44983247	      0.00000000
      8.10000000	     75.87079826	      7.74952215	   -179.53498616	     -0.43007553	     -0.24084328	     -0.58171868	    -41.58127149	     -0.99923349	     -1.71481096	      6.69034578	      3.71155302	     -3.08057609	      0.02627390	     -0.03158465	      0.01578066	      0.00000000	      0.00000000	      0.00000000	      0.02771583	      0.03069927	     -0.02039491	      0.00000000	      0.00000000	      0.00000000	      0.02279124	      0.02086675	     -0.00362850	     46.00069225	   -232.57427128	     87.33083524	     20.39881187	      0.00000000	      0.00000000	      0.00000000	      0.00000000	   -210.98340791	     38.50024539	     49.88521267	      0.00000000	      0.00000000	      0.00000000	      0.00000000	      0.00000000	    123.94380530	    -19.62410758	    -12.92636825	    -97.33731735	     -7.24257828	     -4.98473282	      0.00000000	     37.70464443	     24.98095987	      0.00000000	    119.58424512	    -18.99113246	    -13.63174823	    -95.22413019	    -14.89690267	     -4.98473282	      0.00000000	     46.12872955	     21.71630856	      0.00000000
      8.13333333	     71.87531333	      8.62843922	   -177.43776684	     -0.42294137	     -0.26135525	     -0.59445272	    -42.43183920	     -0.14451745	     -0.88570825	      8.34387438	      3.70561505	     -2.35140847	      0.02713582	     -0.03346947	      0.02236190	      0.00000000	      0.00000000	      0.00000000	      0.03215075	      0.03915240	     -0.02964551	      0.00000000	      0.00000000	      0.00000000	      0.02938407	      0.02311737	     -0.00883918	     57.53398327	   -234.03608727	     93.43954035	     26.59138312	      0.00000000	      0.00000000	      0.00000000	      0.00000000	   -210.25954051	     42.48013256	     57.92067754	      0.21377408	      0.00000000	      0.00000000	      0.00000000	      0.00000000	    123.36053560	    -20.07976773	    -11.81120760	   -102.98349066	    -11.30507454	     -4.98473282	      0.00000000	     41.21056366	     24.98095987	      0.00000000	    119.55117381	    -19.62683651	    -12.17417998	    -99.67585722	    -14.68045709	     -4.98473282	      0.00000000	     44.72232937	     23.01801617	      0.00000000
      8.16666667	     66.97686270	      9.73652954	   -174.99480032	     -0.41727951	     -0.28300172	     -0.60683330	    -44.08117183	      1.51401274	     -0.24753374	     11.15738047	      4.96725153	     -1.27466641	      0.02894130	     -0.03461113	      0.02150552	      0.00000000	      0.00000000	      0.00000000	      0.04264579	      0.04001756	     -0.04262811	      0.00000000	      0.00000000	      0.00000000	      0.03715808	      0.03008307	     -0.00503810	     64.55029897	   -231.92885029	    104.64735732	     28.97569631	      0.00000000	      0.00000000	      0.00000000	      0.00000000	   -217.93031407	     45.37670611	     70.03230794	      9.76876627	      0.00000000	      0.00000000	      0.00000000	      0.00000000	    121.79451821	    -20.73111835	    -11.23317074	   -108.34295391	    -14.89690267	     -4.98473282	      0.00000000	     43.13143695	     24.98095987	      0.00000000	    118.98946379	    -20.01733733	    -10.48938991	   -104.35162062	    -12.32467210	     -4.98473282	      0.00000000	     43.13422197	     22.12048949	      0.00000000
      8.20000000	     61.28640027	     10.90186841	   -173.10541336	     -0.41334817	     -0.30520244	     -0.61827918	    -46.69974795	      3.06093370	      0.20133616	     14.71441655	      5.51244418	      1.22604084	      0.02866062	     -0.03455111	      0.02168183	      0.00000000	      0.00000000	      0.00000000	      0.05391963	      0.03375960	     -0.05210650	      0.00000000	      0.00000000	      0.00000000	      0.04509383	      0.03216088	     -0.00075282	     65.83890496	   -230.00787279	    113.70906068	     28.48914419	      0.00000000	      0.00000000	      0.00000000	      0.00000000	   -225.00400882	     46.11511181	     68.01705402	     15.62111467	      0.00000000	      0.00000000	      0.00000000	      0.00000000	    119.22817291	    -20.41372229	    -11.78118040	   -112.97894472	    -14.89690267	     -4.98473282	      0.00000000	     42.31944566	     19.34936766	      0.00000000	    118.34239848	    -20.53598952	     -7.64550938	   -109.29016701	    -11.63385916	     -4.98473282	      0.00000000	     42.05154784	     21.75482414	      0.00000000
      8.23333333	     55.69312186	     11.36130448	   -171.13571473	     -0.41025175	     -0.32994068	     -0.62721154	    -48.66539334	      4.53428893	     -0.21053697	     18.33812186	      6.64958406	      4.11646438	      0.02949935	     -0.03475130	      0.01827914	      0.00000000	      0.00000000	      0.00000000	      0.06440357	      0.02513335	     -0.05825519	      0.00000000	      0.00000000	      0.00000000	      0.05203048	      0.02608658	     -0.00000677	     66.23906868	   -230.11898704	    121.03245542	     26.97179227	      0.00000000	      0.00000000	      0.00000000	      0.00000000	   -228.56756356	     46.55904238	     63.34400203	     15.92848697	      0.00000000	      0.00000000	      0.00000000	      0.00000000	    117.23226502	    -19.98553424	    -11.58839388	   -117.52747887	    -14.89690267	     -4.98473282	      0.00000000	     40.91768505	     14.70717325	      0.00000000	    117.60149163	    -20.48766922	     -5.03356990	   -114.49645292	    -11.47664578	     -4.98473282	      0.00000000	     42.33321959	     20.52481463	      0.00000000
      8.26666667	     49.65257041	     11.09693937	   -169.08511345	     -0.40830562	     -0.35780938	     -0.63277087	    -50.61336387	      5.88697461	     -1.68399865	     21.78841831	      7.62129903	      8.35142270	      0.03018830	     -0.03614061	      0.01594064	      0.00000000	      0.00000000	      0.00000000	      0.07108335	      0.01422080	     -0.05837085	      0.00000000	      0.00000000	      0.00000000	      0.05393092	      0.01321060	     -0.00391401	     65.65033311	   -233.40465304	    124.59254271	     23.99701642	      0.00000000	      0.00000000	      0.00000000	      0.00000000	   -228.67991468	     46.87497032	     53.85142897	     11.53752520	      0.00000000	      0.00000000	      0.00000000	      0.00000000	    114.78595766	    -19.86389272	    -10.09670466	   -122.70915884	    -14.89690267	     -4.49182048	      0.00000000	     40.22956229	     12.51498249	      0.00000000	    116.08637656	    -20.00481804	     -2.54203147	   -120.18679623	    -11.69049851	     -4.98473282	      0.00000000	     43.25731125	     19.81383853	      0.00000000
      8.30000000	     44.35843979	     10.59922280	   -167.05432073	     -0.40699232	     -0.38916871	     -0.63551111	    -51.21967970	      7.51693661	     -3.52467808	     24.55921513	      8.37951108	     11.98220902	      0.02895155	     -0.03891149	      0.01160041	      0.00000000	      0.00000000	      0.00000000	      0.07062718	      0.00539240	     -0.05321553	      0.00000000	      0.00000000	      0.00000000	      0.04931857	     -0.00171375	     -0.01421080	     66.39710235	   -239.54027794	    123.01722868	     20.45410186	      0.00000000	      0.00000000	      0.00000000	      0.00000000	   -228.07346957	     48.88480285	     40.36916994	      5.68771031	      0.00000000	      0.00000000	      0.00000000	      0.00000000	    112.85237492	    -19.81098818	     -4.26858095	   -129.02303490	    -14.89690267	     -0.64963504	      0.00000000	     40.57524137	     12.49326338	      0.00000000	    115.21830011	    -18.81438582	      0.25386946	   -126.02968305	    -12.53075081	     -4.98473282	      0.00000000	     44.19615950	     21.60073073	      0.00000000
      8.33333333	     38.52300940	      9.43952442	   -165.25764295	     -0.40683301	     -0.42146901	     -0.63607040	    -52.42532766	      8.47868856	     -4.68140637	     27.33644850	      9.69288116	     14.00517223	      0.02568252	     -0.04153239	      0.00774946	      0.00000000	      0.00000000	      0.00000000	      0.06527457	     -0.00027184	     -0.04412003	      0.00000000	      0.00000000	      0.00000000	      0.04233553	     -0.01053381	     -0.02172789	     69.51726955	   -244.15546537	    124.76752988	     18.13199061	      0.00000000	      0.00000000	      0.00000000	      0.00000000	   -231.08266716	     51.73793872	     37.32966550	      5.73998353	      0.00000000	      0.00000000	      0.00000000	      0.00000000	    109.79419604	    -19.83706082	     -1.79698522	   -134.70011740	    -14.89690267	      0.19006917	      0.00000000	     40.96637253	     11.23619781	      0.00000000	    113.26915994	    -18.03352007	      2.70230259	   -131.63703013	    -12.84293427	     -4.98473282	      0.00000000	     44.55828477	     23.49087963	      0.00000000
      8.36666667	     33.92431521	      8.08907044	   -163.89768887	     -0.40609417	     -0.45204697	     -0.63439098	    -52.57813306	      8.98822919	     -5.52827516	     29.79872680	     10.07700833	     14.01434072	      0.02163906	     -0.04344093	      0.00751535	      0.00000000	      0.00000000	      0.00000000	      0.05869635	     -0.00530762	     -0.03217039	      0.00000000	      0.00000000	      0.00000000	      0.03544152	     -0.02095225	     -0.02528979	     72.94926147	   -247.27394925	    129.94670446	     15.52107212	      0.00000000	      0.00000000	      0.00000000	      0.00000000	   -234.20260216	     54.07088691	     33.02559853	      6.62560970	      0.00000000	      0.00000000	      0.00000000	      0.00000000	    107.77898162	    -20.11608828	     -0.13461673	   -139.54101802	    -14.89690267	      0.41433700	      0.00000000	     40.54803977	      9.23344969	      0.00000000	    111.95063552	    -17.35355526	      4.30489165	   -136.51038482	    -12.83767970	     -4.98473282	      0.00000000	     44.40644203	     24.98095987	      0.00000000
      8.40000000	     30.83018825	      7.02669132	   -163.20455773	     -0.40397084	     -0.47848090	     -0.63125933	    -51.49136619	      8.96046168	     -5.46475196	     31.39005753	     10.38145351	     11.58358427	      0.01801848	     -0.04398904	      0.00894986	      0.00000000	      0.00000000	      0.00000000	      0.05536142	     -0.00934845	     -0.02151160	      0.00000000	      0.00000000	      0.00000000	      0.02928963	     -0.03183768	     -0.02578872	     77.48811405	   -247.91247218	    141.44203632	     13.28137791	      0.00000000	      0.00000000	      0.00000000	      0.00000000	   -235.53088889	     57.46406495	     28.72012330	      5.77082518	      0.00000000	      0.00000000	      0.00000000	      0.00000000	    107.36961285	    -20.35483108	     -0.46192703	   -143.02232076	    -14.89690267	     -0.52688578	      0.00000000	     39.37885507	      5.92257674	      0.00000000	    111.58296068	    -16.94278703	      4.87949901	   -140.52092398	    -12.99575433	     -4.98473282	      0.00000000	     44.19325520	     24.98095987	      0.00000000
      8.43333333	     28.30686417	      5.99749748	   -162.85634917	     -0.40097800	     -0.49808870	     -0.62718698	    -50.75591465	      8.36161944	     -5.18272542	     33.15309853	      9.57179638	      8.98733914	      0.01679085	     -0.04363179	      0.01794288	      0.00000000	      0.00000000	      0.00000000	      0.05524827	     -0.01371085	     -0.00813363	      0.00000000	      0.00000000	      0.00000000	      0.02307710	     -0.03906094	     -0.02167935	     81.95808220	   -249.49004277	    145.28503937	     10.14573475	      0.00000000	      0.00000000	      0.00000000	      0.00000000	   -236.47439071	     60.70557277	     27.24770065	      6.19715047	      0.00000000	      0.00000000	      0.00000000	      0.00000000	    107.42894490	    -20.40797477	      0.42384421	   -145.53868596	    -14.89690267	     -0.83022023	      0.00000000	     38.03313205	      4.66902437	      0.00000000	    110.85344466	    -16.59141324	      4.35409338	   -143.42597065	    -14.89690267	     -4.98473282	      0.00000000	     43.70664005	     24.98095987	      0.00000000
      8.46666667	     27.16203678	      4.28849034	   -162.97647173	     -0.39723466	     -0.51364560	     -0.62282844	    -48.74431796	      6.28539197	     -4.43701895	     33.80493878	     10.21857350	      2.82663187	      0.01916509	     -0.04367512	      0.02216424	      0.00000000	      0.00000000	      0.00000000	      0.06169000	     -0.01364171	     -0.00757610	      0.00000000	      0.00000000	      0.00000000	      0.02300487	     -0.03961127	     -0.01454853	     94.76764710	   -245.24950537	    154.13206664	     13.91727233	      0.00000000	      0.00000000	      0.00000000	      0.00000000	   -237.74145414	     65.80987715	     21.89577860	      7.14834321	      0.00000000	      0.00000000	      0.00000000	      0.00000000	    109.30493638	    -19.38970919	      3.84958677	   -147.69603778	    -14.63792554	     -0.61443214	      0.00000000	     36.82866440	      4.26798261	      0.00000000	    110.38582727	    -16.47047960	      2.50539082	   -145.83455163	    -14.89690267	     -4.98473282	      0.00000000	     42.88370453	     21.76731831	      0.00000000
      8.50000000	     25.95892494	      2.62908960	   -163.37823587	     -0.39335564	     -0.52458973	     -0.61675703	    -47.41185000	      4.38105810	     -4.27179312	     33.80817830	     11.72999405	      0.71186353	      0.02218977	     -0.04500948	      0.02659160	      0.00000000	      0.00000000	      0.00000000	      0.07615197	     -0.00382496	     -0.01432716	      0.00000000	      0.00000000	      0.00000000	      0.02237286	     -0.03891867	     -0.00806497	    108.52610251	   -238.53951967	    157.02091921	     24.25087420	      0.00000000	      0.00000000	      0.00000000	      0.00000000	   -240.04592707	     70.64148891	     11.52292557	      7.37721902	      0.00000000	      0.00000000	      0.00000000	      0.00000000	    110.30407259	    -17.72421355	      9.19397310	   -149.32931082	    -14.89690267	      0.42720141	      0.00000000	     36.43506519	      6.47487968	      0.00000000	    109.63782165	    -16.04935151	      0.69882644	   -147.77336886	    -14.89690267	     -4.81305401	      0.00000000	     41.58437509	     16.43336232	      0.00000000
      8.53333333	     24.52104304	      0.84802031	   -164.63183734	     -0.38931745	     -0.53272456	     -0.61099103	    -46.82888711	      2.01126803	     -4.40599134	     34.05162849	     12.86475272	      0.18742446	      0.02768113	     -0.04781102	      0.03006112	      0.00000000	      0.00000000	      0.00000000	      0.08512303	      0.00027197	     -0.01395988	      0.00000000	      0.00000000	      0.00000000	      0.02116591	     -0.03233059	     -0.00148809	    113.36873975	   -236.87641619	    159.44124031	     26.37165269	      0.00000000	      0.00000000	      0.00000000	      0.00000000	   -249.39895659	     75.37000525	     -5.50658140	      6.57445827	      0.00000000	      0.00000000	      0.00000000	      0.00000000	    110.14435273	    -14.72567456	     15.12863502	   -150.51156933	    -14.89690267	      2.08720994	      0.00000000	     36.58599364	      8.17992287	      0.00000000	    108.48190739	    -16.30064974	     -0.86534446	   -149.63511678	    -12.13440081	     -4.98473282	      0.00000000	     40.22290671	      9.45828874	      0.00000000
      8.56666667	     22.45336129	      0.00667232	   -166.17492972	     -0.38471530	     -0.53968138	     -0.60614950	    -47.19476670	      0.85509254	     -4.00582349	     35.23601094	     13.72415068	     -0.91446964	      0.03341876	     -0.04968283	      0.02615414	      0.00000000	      0.00000000	      0.00000000	      0.08740899	      0.00348767	     -0.01402440	      0.00000000	      0.00000000	      0.00000000	      0.02015133	     -0.02641589	      0.00467569	    111.66766000	   -238.59790114	    163.37362537	     21.88963364	      0.00000000	      0.00000000	      0.00000000	      0.00000000	   -265.96872646	     78.36191994	    -29.40383311	      5.42967549	      0.00000000	      0.00000000	      0.00000000	      0.00000000	    108.63084402	    -11.86797699	     18.26893492	   -151.05782543	    -14.89690267	      3.40388781	      0.00000000	     36.78650560	      7.57665283	      0.00000000	    107.48663414	    -16.70056087	      0.38266752	   -151.89006119	     -6.06318925	     -4.43271106	      0.00000000	     38.81687871	      2.27364885	      0.00000000
      8.60000000	     20.95182923	     -0.06406934	   -168.60563276	     -0.37963178	     -0.54700009	     -0.60301779	    -46.61400296	     -0.05754647	     -2.65596230	     34.74368501	     12.12877596	      0.95990349	      0.03873670	     -0.05348092	      0.02621214	      0.00000000	      0.00000000	      0.00000000	      0.09291774	      0.00900713	     -0.01423038	      0.00000000	      0.00000000	      0.00000000	      0.02400180	     -0.01603555	      0.00946931	    110.91058410	   -240.92344035	    170.01393976	     15.54186439	      0.00000000	      0.00000000	      0.00000000	      0.00000000	   -295.76706046	     78.19471158	    -53.81838045	      5.64133811	      0.00000000	      0.00000000	      0.00000000	      0.00000000	    107.82397021	     -8.46688179	     18.16464939	   -151.05569630	    -14.89690267	      3.63611437	      0.00000000	     36.99252265	      7.40587747	      0.00000000	    107.50302622	    -18.13391333	      0.89059602	   -154.26175860	      0.95479947	     -4.80518593	      0.00000000	     36.70096637	     -6.51974580	      0.00000000
      8.63333333	     19.17775130	     -1.03330719	   -170.11478987	     -0.37444153	     -0.55213118	     -0.60033708	    -47.24455947	     -0.71219085	     -2.29592255	     35.32430607	     10.42281943	      0.62109959	      0.04269528	     -0.05506614	      0.02093409	      0.00000000	      0.00000000	      0.00000000	      0.09724204	      0.01137045	     -0.01155031	      0.00000000	      0.00000000	      0.00000000	      0.02873673	     -0.01138450	      0.00655644	    111.52729883	   -243.81330194	    170.98093548	      9.30377762	      0.00000000	      0.00000000	      0.00000000	      0.00000000	   -315.23031105	     78.56233880	    -81.39644820	      2.43844272	      0.00000000	      0.00000000	      0.00000000	      0.00000000	    106.72322985	     -6.63191173	     18.26499657	   -151.08852023	    -14.89690267	      3.37440287	      0.00000000	     37.64134249	      8.15025371	      0.00000000	    106.04430734	    -18.81207282	     -0.15083119	   -154.37746757	     -5.03767126	     -4.98473282	      0.00000000	     37.73749883	      0.76288452	      0.00000000
      8.66666667	     17.92589226	     -2.01921436	   -172.14705704	     -0.36992224	     -0.55610517	     -0.59776827	    -47.50347226	     -1.66572478	     -2.17291452	     35.18109104	      8.52616397	      0.32598815	      0.04498080	     -0.05623040	      0.01486488	      0.00000000	      0.00000000	      0.00000000	      0.10391691	      0.00965177	     -0.01173378	      0.00000000	      0.00000000	      0.00000000	      0.03457935	     -0.01117677	      0.00580266	    113.58281174	   -244.69539858	    168.51945319	      8.56852704	      0.00000000	      0.00000000	      0.00000000	      0.00000000	   -316.57935187	     77.18760046	    -82.63677721	      3.36627379	      0.00000000	      0.00000000	      0.00000000	      0.00000000	    106.16375476	     -4.70790745	     17.50338605	   -150.98396279	    -14.89690267	      2.56951247	      0.00000000	     38.45337617	      8.44960367	      0.00000000	    104.92849108	    -20.29090594	     -1.01072801	   -154.37746757	     -6.73046432	     -4.98473282	      0.00000000	     37.10230045	      1.02848701	      0.00000000
      8.70000000	     17.49512381	     -2.65669479	   -174.42441386	     -0.36635252	     -0.55911790	     -0.59419759	    -46.90519519	     -2.45878963	     -0.80312800	     34.80209176	      6.00775732	     -0.70724137	      0.04652424	     -0.05700928	      0.00922815	      0.00000000	      0.00000000	      0.00000000	      0.10509514	      0.00466783	     -0.01109554	      0.00000000	      0.00000000	      0.00000000	      0.04278874	     -0.01471243	      0.00104671	    113.60704747	   -242.73040727	    166.30218325	     12.54098825	      0.00000000	      0.00000000	      0.00000000	      0.00000000	   -317.89486759	     76.85618031	    -83.55730381	      4.04490246	      0.00000000	      0.00000000	      0.00000000	      0.00000000	    106.52574866	     -2.96908217	     16.95748068	   -150.86525797	    -14.89690267	      1.67441278	      0.00000000	     39.23621208	      9.27369858	      0.00000000	    104.88554552	    -22.19862169	     -1.17954956	   -154.37746757	     -8.22668695	     -4.98473282	      0.00000000	     36.36697126	      1.59308658	      0.00000000
      8.73333333	     17.24289670	     -2.65396143	   -176.32710852	     -0.36387844	     -0.56009728	     -0.58977136	    -46.16134839	     -2.67433885	      1.08320643	     34.65105575	      3.75874721	     -2.52468995	      0.04901309	     -0.05767626	      0.00503036	      0.00000000	      0.00000000	      0.00000000	      0.10144055	     -0.00095746	     -0.00688014	      0.00000000	      0.00000000	      0.00000000	      0.05137224	     -0.01915578	     -0.00200371	    112.19150688	   -240.67850149	    165.19945094	     16.80365618	      0.00000000	      0.00000000	      0.00000000	      0.00000000	   -320.50057342	     76.45575349	    -84.28168520	      4.02886093	      0.00000000	      0.00000000	      0.00000000	      0.00000000	    106.89917019	     -1.51272828	     17.65363607	   -150.85546352	    -14.89690267	      1.42328548	      0.00000000	     39.08526469	     11.09211094	      0.00000000	    105.08299064	    -23.64502082	     -0.64244674	   -154.37746757	     -9.50368410	     -4.98473282	      0.00000000	     36.56182076	      3.08003917	      0.00000000
      8.76666667	     17.27523202	     -2.97072080	   -178.33424538	     -0.36197892	     -0.55904124	     -0.58474234	    -45.39666426	     -3.77454208	      2.23536547	     34.41053842	      3.18392723	     -3.12703708	      0.04995474	     -0.05875184	      0.00385595	      0.00000000	      0.00000000	      0.00000000	      0.09424559	     -0.01196065	      0.00055618	      0.00000000	      0.00000000	      0.00000000	      0.05588245	     -0.02436421	     -0.00297479	    107.89017854	   -241.37955282	    165.84670649	     16.65671643	      0.00000000	      0.00000000	      0.00000000	      0.00000000	   -321.40289965	     76.15571547	    -84.85534618	      3.97774780	      0.00000000	      0.00000000	      0.00000000	      0.00000000	    107.44946272	      0.51241365	     18.57668407	   -150.41816391	    -14.89690267	      0.78004905	      0.00000000	     38.94936941	     12.81886559	      0.00000000	    105.13712115	    -25.21638781	     -1.07861344	   -154.37746757	    -11.21408060	     -4.98473282	      0.00000000	     35.97587179	      3.69703861	      0.00000000
      8.80000000	     16.72590728	     -2.21352959	   -179.68778413	     -0.36038037	     -0.55573446	     -0.57942653	    -45.68354136	     -3.73721996	      3.00167283	     34.69485341	      3.25487090	     -3.45874214	      0.04907390	     -0.05992870	      0.00373198	      0.00000000	      0.00000000	      0.00000000	      0.08686690	     -0.02242445	      0.00755762	      0.00000000	      0.00000000	      0.00000000	      0.05627109	     -0.02974887	     -0.00329266	    102.53104470	   -244.31950734	    166.06730571	     13.28330318	      0.00000000	      0.00000000	      0.00000000	      0.00000000	   -322.04546391	     76.40109251	    -86.71920655	      3.00752928	      0.00000000	      0.00000000	      0.00000000	      0.00000000	    106.83337766	      1.96018433	     19.56520604	   -149.80186825	    -14.89690267	      0.73363648	      0.00000000	     38.09791731	     15.71944068	      0.00000000	    104.77572031	    -25.82764057	     -1.16431114	   -154.37746757	    -13.24220450	     -4.98473282	      0.00000000	     36.36971512	      4.45590485	      0.00000000
      8.83333333	     16.36913737	     -1.38627374	   -180.66719720	     -0.35852436	     -0.55266021	     -0.57522356	    -45.65603587	     -3.77717233	      3.43576289	     34.85360444	      3.61426592	     -3.30741876	      0.04805713	     -0.06131122	      0.00616278	      0.00000000	      0.00000000	      0.00000000	      0.08433917	     -0.02672848	      0.00939863	      0.00000000	      0.00000000	      0.00000000	      0.05723237	     -0.03263403	     -0.00197921	    102.19007993	   -245.74703124	    165.97157111	     12.85091496	      0.00000000	      0.00000000	      0.00000000	      0.00000000	   -321.94005491	     76.34718573	    -87.17923872	      2.58371993	      0.00000000	      0.00000000	      0.00000000	      0.00000000	    106.29286985	      3.52125732	     19.05939263	   -149.01247718	    -14.89690267	      0.02635998	      0.00000000	     36.88432396	     16.87652599	      0.00000000	    104.56962240	    -25.94548417	     -1.64383043	   -154.37746757	    -14.89690267	     -4.98473282	      0.00000000	     36.55086042	      3.38793544	      0.00000000
      8.86666667	     15.35314296	      0.17072621	   -181.46333470	     -0.35600352	     -0.54879658	     -0.57274146	    -46.69149907	     -3.11835336	      4.01784573	     35.43441838	      4.84880955	     -2.33445846	      0.04535359	     -0.06201239	      0.00554684	      0.00000000	      0.00000000	      0.00000000	      0.08086859	     -0.02874120	      0.01293036	      0.00000000	      0.00000000	      0.00000000	      0.05711567	     -0.03387447	     -0.00283209	     99.97962318	   -249.03825704	    167.16961248	      9.92547166	      0.00000000	      0.00000000	      0.00000000	      0.00000000	   -320.54092218	     76.65447612	    -90.24731251	      0.89593144	      0.00000000	      0.00000000	      0.00000000	      0.00000000	    104.63103891	      4.88263730	     17.91696966	   -148.24715729	    -14.89690267	     -0.08624296	      0.00000000	     36.24819773	     18.05777370	      0.00000000	    104.15138255	    -25.81302098	     -1.11971570	   -154.37746757	    -14.89690267	     -4.98473282	      0.00000000	     35.30624953	     -0.54684789	      0.00000000
      8.90000000	     14.57976882	      1.10768447	   -182.02982457	     -0.35301143	     -0.54653759	     -0.57301366	    -47.22987524	     -3.12191940	      4.92303047	     36.15536099	      4.84260951	     -2.63498527	      0.04412957	     -0.06254356	      0.00629955	      0.00000000	      0.00000000	      0.00000000	      0.07769786	     -0.02602866	      0.01327517	      0.00000000	      0.00000000	      0.00000000	      0.06007163	     -0.03288891	     -0.00157987	    100.52998099	   -249.30843242	    170.75811709	     10.63990415	      0.00000000	      0.00000000	      0.00000000	      0.00000000	   -320.29641498	     76.62871888	    -90.29301329	      0.00000000	      0.00000000	      0.00000000	      0.00000000	      0.00000000	    103.63092050	      6.07996471	     16.83815466	   -147.98365219	    -14.89690267	     -0.17330009	      0.00000000	     35.60156285	     19.30824690	      0.00000000	    103.79039536	    -26.04356875	     -0.00813130	   -154.37746757	    -14.89690267	     -4.98473282	      0.00000000	     35.00298646	     -1.80574505	      0.00000000
      8.93333333	     14.16518714	      1.21977034	   -182.28134369	     -0.35005138	     -0.54589963	     -0.57462777	    -47.10899083	     -3.25155577	      5.20983444	     35.92216773	      4.73796185	     -3.21144753	      0.04200310	     -0.06380404	      0.00225965	      0.00000000	      0.00000000	      0.00000000	      0.07501659	     -0.02287717	      0.00836240	      0.00000000	      0.00000000	      0.00000000	      0.06359136	     -0.03278354	     -0.00302848	    100.33604410	   -248.18952673	    178.35132161	     12.95309808	      0.00000000	      0.00000000	      0.00000000	      0.00000000	   -320.58679631	     76.36386075	    -88.66946995	      0.00000000	      0.00000000	      0.00000000	      0.00000000	      0.00000000	    103.49797718	      6.66513127	     16.57444789	   -148.26945099	    -14.89690267	     -0.02397411	      0.00000000	     34.79636780	     20.55834698	      0.00000000	    103.63351320	    -26.45113333	      0.80755245	   -154.37746757	    -14.89690267	     -4.98473282	      0.00000000	     34.91230300	     -1.51460187	      0.00000000
      8.96666667	     12.90548159	      0.62295708	   -182.99906518	     -0.34773667	     -0.54613871	     -0.57732940	    -47.84506534	     -4.28342327	      5.50257068	     35.84746557	      3.57120250	     -4.28068005	      0.03993175	     -0.06470245	     -0.00167278	      0.00000000	      0.00000000	      0.00000000	      0.07017067	     -0.01934720	      0.00131217	      0.00000000	      0.00000000	      0.00000000	      0.06688618	     -0.03217213	     -0.00394426	    102.18566624	   -247.15005804	    181.93703168	     15.02547284	      0.00000000	      0.00000000	      0.00000000	      0.00000000	   -321.06027392	     76.29640473	    -88.20287372	      0.00000000	      0.00000000	      0.00000000	      0.00000000	      0.00000000	    102.86116216	      7.50840992	     16.56817889	   -148.71746515	    -14.89690267	      0.00927247	      0.00000000	     33.96569726	     21.52166111	      0.00000000	    102.43998048	    -27.84234175	      1.00808723	   -154.37746757	    -14.89690267	     -4.98473282	      0.00000000	     34.65610286	     -1.18437244	      0.00000000
      9.00000000	     11.57022084	     -0.68542792	   -183.79154916	     -0.34615260	     -0.54796615	     -0.58058896	    -48.25584370	     -5.99908426	      5.31723683	     34.95472617	      2.89614722	     -5.57194070	      0.03767635	     -0.06571806	     -0.00706493	      0.00000000	      0.00000000	      0.00000000	      0.06564564	     -0.01580336	     -0.00793203	      0.00000000	      0.00000000	      0.00000000	      0.07120453	     -0.03004890	     -0.00500947	    107.17769863	   -245.83057384	    184.92907892	     17.11098218	      0.00000000	      0.00000000	      0.00000000	      0.00000000	   -322.58517977	     75.86961315	    -89.74274099	      0.34511655	      0.00000000	      0.00000000	      0.00000000	      0.00000000	    102.62902984	      8.28315674	     17.80057439	   -149.55419493	    -14.89690267	      0.33264734	      0.00000000	     32.84192904	     22.89611529	      0.00000000	    100.89831897	    -29.56823506	      0.34473396	   -154.37746757	    -14.89690267	     -4.98473282	      0.00000000	     34.83801160	     -0.12229271	      0.00000000
