Coordinates
version=1
nRows=159
nColumns=64
inDegrees=yes

Units are S.I. units (second, meters, Newtons, ...)
If the header above contains a line with 'inDegrees', this indicates whether rotational values are in degrees (yes) or radians (no).

endheader
time	pelvic_tilt	pelvic_list	pelvic_rotation	pelvic_tx	pelvic_ty	pelvic_tz	lumbar_extension	lumbar_bending	lumbar_rotation	neck_flex	neck_tilt	neck_rot	neck_tx1	neck_ty1	neck_tz1	SternumRRotZ	SternumRRotX	SternumRRotY	SternumRX	SternumRY	SternumRZ	SternumLRotZ	SternumLRotX	SternumLRotY	SternumLX	SternumLY	SternumLZ	shoulder_add_r	shoulder_flex_r	shoulder_rot_r	elbow_flexion_r	elbow_varus_valg_r	pro_sup_r	wrist_dev_r	wrist_flex_r	shoulder_add_l	shoulder_flex_l	shoulder_rot_l	elbow_flexion_l	elbow_varus_valg_l	pro_sup_l	wrist_dev_l	wrist_flex_l	hip_flexion_r	hip_adduction_r	hip_rotation_r	knee_angle_r	knee_rotation_r	knee_adduction_r	knee_tz_r	ankle_angle_r	subtalar_angle_r	mtp_angle_r	hip_flexion_l	hip_adduction_l	hip_rotation_l	knee_angle_l	knee_rotation_l	knee_adduction_l	knee_tz_l	ankle_angle_l	subtalar_angle_l	mtp_angle_l
      0.03333333	    -28.77713883	      0.76488550	   -178.80795914	      0.19700688	      0.03505447	     -0.48317558	    -31.78651944	      1.95407957	      0.87333299	    -10.26430826	      0.81679805	     -3.32288842	     -0.01926728	      0.02372898	      0.00756601	      0.00000000	      0.00000000	      0.00000000	     -0.00782071	     -0.00844065	      0.02565031	      0.00000000	      0.00000000	      0.00000000	     -0.02238824	     -0.00615044	     -0.00106659	    -12.93046774	      5.09076705	     28.10019037	     16.33110150	      0.00000000	      0.00000000	      0.00000000	      0.00000000	     23.11060159	      7.50616067	    -75.09698534	     21.02142455	      0.00000000	      0.00000000	      0.00000000	      0.00000000	    -34.54192160	     -0.65210224	    -17.24786210	      3.24182859	      7.25072945	     -4.98473282	      0.00000000	      6.29214056	     -0.30973701	      0.00000000	    -38.45932567	     -2.61776371	    -26.53800998	      8.45282452	     14.89690267	     -4.98473282	      0.00000000	     12.45903706	      8.70487630	      0.00000000
      0.06666667	    -28.27215096	     -0.64146412	   -176.66210661	      0.19848784	      0.03532612	     -0.48176883	    -31.45110586	      1.55770770	     -1.70317003	     -8.68919242	      0.67042051	     -2.23849463	     -0.01829548	      0.01920315	      0.01017701	      0.00000000	      0.00000000	      0.00000000	     -0.00997191	     -0.01307472	      0.01851329	      0.00000000	      0.00000000	      0.00000000	     -0.03335283	     -0.00776900	      0.00254410	    -15.10087616	      5.04907983	     35.98754360	     18.21245198	      0.00000000	      0.00000000	      0.00000000	      0.00000000	     24.69951820	      9.16242486	    -77.73437188	     20.06666689	      0.00000000	      0.00000000	      0.00000000	      0.00000000	    -34.86508324	     -0.75159047	    -16.21634134	      3.82858307	      6.70912876	     -4.98473282	      0.00000000	      4.73937836	     -2.33720295	      0.00000000	    -36.87366068	     -2.55249113	    -28.17044088	      7.69306619	     14.89690267	     -4.98473282	      0.00000000	     13.05486864	     14.30045766	      0.00000000
      0.10000000	    -27.70327087	     -1.33834204	   -175.53590604	      0.19902897	      0.03538740	     -0.48083625	    -31.00138962	      1.45100455	     -2.93597171	     -7.43320656	     -0.05355542	     -1.31949091	     -0.01719804	      0.01573965	      0.01255169	      0.00000000	      0.00000000	      0.00000000	     -0.01403131	     -0.01603858	      0.01499186	      0.00000000	      0.00000000	      0.00000000	     -0.03998928	     -0.00897829	      0.00339955	    -16.24843673	      5.43347209	     41.12500890	     18.47448008	      0.00000000	      0.00000000	      0.00000000	      0.00000000	     25.05907432	     10.41946288	    -81.88926265	     18.24924722	      0.00000000	      0.00000000	      0.00000000	      0.00000000	    -34.66247993	     -0.82283777	    -14.91903682	      3.93613805	      5.18899834	     -4.98473282	      0.00000000	      4.17894697	     -3.53779666	      0.00000000	    -35.81446655	     -2.29711007	    -31.01863155	      7.90749346	     14.89690267	     -4.98473282	      0.00000000	     13.34469837	     20.19436399	      0.00000000
      0.13333333	    -27.65447314	     -1.39516665	   -175.58246456	      0.19797636	      0.03536113	     -0.48071127	    -30.94402075	      1.37441037	     -2.80155685	     -6.83006568	     -0.60021387	     -0.67714074	     -0.01590381	      0.01422649	      0.01389262	      0.00000000	      0.00000000	      0.00000000	     -0.01445349	     -0.01634455	      0.01786543	      0.00000000	      0.00000000	      0.00000000	     -0.04091614	     -0.00839558	      0.00158923	    -15.46849040	      4.77803270	     39.71006950	     18.23716552	      0.00000000	      0.00000000	      0.00000000	      0.00000000	     24.16051505	     10.75100825	    -86.19576326	     15.87680816	      0.00000000	      0.00000000	      0.00000000	      0.00000000	    -34.60581197	     -0.95492655	    -13.56622174	      3.77233993	      3.30263965	     -4.98473282	      0.00000000	      4.37067074	     -3.61059419	      0.00000000	    -35.81822366	     -2.03396841	    -32.49440376	      8.39336417	     14.89690267	     -4.98473282	      0.00000000	     13.62771161	     22.42961097	      0.00000000
      0.16666667	    -28.00279051	     -1.01902418	   -176.50881498	      0.19596610	      0.03537823	     -0.48129078	    -31.25188165	      1.32700141	     -1.73511638	     -6.91117896	     -0.78717011	     -0.48086236	     -0.01556922	      0.01456306	      0.01288582	      0.00000000	      0.00000000	      0.00000000	     -0.01403951	     -0.01477885	      0.02124289	      0.00000000	      0.00000000	      0.00000000	     -0.03840985	     -0.00767582	     -0.00026352	    -14.31887805	      3.80874798	     35.82263275	     18.09167545	      0.00000000	      0.00000000	      0.00000000	      0.00000000	     23.32486426	     10.11672057	    -88.58442879	     14.28029252	      0.00000000	      0.00000000	      0.00000000	      0.00000000	    -34.73928211	     -1.09210873	    -12.83170437	      3.65289064	      2.71282158	     -4.98473282	      0.00000000	      4.65233532	     -3.89837390	      0.00000000	    -36.60588924	     -1.82403135	    -32.09763310	      8.76841552	     14.89690267	     -4.98473282	      0.00000000	     13.36923505	     20.51890328	      0.00000000
      0.20000000	    -28.40989985	     -0.56861622	   -177.69645634	      0.19388931	      0.03518932	     -0.48192795	    -31.62633705	      1.15759277	     -0.43913606	     -7.33818378	     -0.72016888	     -0.34992512	     -0.01556607	      0.01604893	      0.01211426	      0.00000000	      0.00000000	      0.00000000	     -0.01414293	     -0.01221510	      0.02479809	      0.00000000	      0.00000000	      0.00000000	     -0.03607715	     -0.00601930	     -0.00169801	    -13.22510573	      3.03242107	     31.69657831	     18.25090375	      0.00000000	      0.00000000	      0.00000000	      0.00000000	     22.67302688	      9.15942740	    -90.78900590	     12.53089366	      0.00000000	      0.00000000	      0.00000000	      0.00000000	    -35.07341857	     -1.26550743	    -11.85331461	      3.92898748	      2.91982220	     -4.98473282	      0.00000000	      4.12165877	     -5.14909411	      0.00000000	    -37.51692984	     -1.73300416	    -30.25003409	      8.61826911	     14.89690267	     -4.98473282	      0.00000000	     13.14708010	     16.48082795	      0.00000000
      0.23333333	    -28.80808111	      0.08297043	   -178.57717316	      0.19251922	      0.03483701	     -0.48278153	    -32.05297212	      1.22878110	      0.53445851	     -8.24473832	     -0.52584706	     -0.32038353	     -0.01716896	      0.01883578	      0.01207301	      0.00000000	      0.00000000	      0.00000000	     -0.01414285	     -0.01015980	      0.02548091	      0.00000000	      0.00000000	      0.00000000	     -0.03330372	     -0.00374556	     -0.00070754	    -13.15895743	      2.76429284	     31.03450980	     18.59476279	      0.00000000	      0.00000000	      0.00000000	      0.00000000	     22.46840524	      7.45468204	    -91.22438190	     10.74941202	      0.00000000	      0.00000000	      0.00000000	      0.00000000	    -35.28540117	     -1.07533334	    -10.74093733	      3.83431706	      2.99556981	     -4.98473282	      0.00000000	      3.66774878	     -6.35450317	      0.00000000	    -38.41135786	     -2.02270266	    -28.59900916	      8.49665085	     14.89690267	     -4.98473282	      0.00000000	     12.75795498	     13.09089121	      0.00000000
      0.26666667	    -28.92575209	      0.31032033	   -178.69967782	      0.19221780	      0.03426153	     -0.48298225	    -32.27460440	      1.28201597	      0.62728477	     -8.60456272	     -0.36161986	     -0.46461229	     -0.01788643	      0.02060507	      0.01241236	      0.00000000	      0.00000000	      0.00000000	     -0.01372351	     -0.00935016	      0.02498650	      0.00000000	      0.00000000	      0.00000000	     -0.02941294	     -0.00169519	      0.00046729	    -13.60797799	      2.77979376	     32.27280915	     18.91443494	      0.00000000	      0.00000000	      0.00000000	      0.00000000	     22.26683950	      5.41010502	    -89.83069466	      9.13791446	      0.00000000	      0.00000000	      0.00000000	      0.00000000	    -35.44921386	     -0.88946600	     -9.00143666	      3.88635299	      1.39523814	     -4.98473282	      0.00000000	      3.20086773	     -7.40141338	      0.00000000	    -38.69218158	     -2.35870632	    -26.68428117	      8.15372469	     14.89690267	     -4.98473282	      0.00000000	     13.01636886	     10.27828942	      0.00000000
      0.30000000	    -28.88590588	      0.35947361	   -178.36810611	      0.19237765	      0.03360041	     -0.48257469	    -32.36651684	      1.45442988	      0.29043546	     -8.61499496	     -0.29876428	     -0.61727199	     -0.01831895	      0.02174975	      0.01292005	      0.00000000	      0.00000000	      0.00000000	     -0.01322101	     -0.00924949	      0.02535578	      0.00000000	      0.00000000	      0.00000000	     -0.02494796	     -0.00051104	      0.00040897	    -13.96070098	      2.89567919	     33.74526272	     18.92538670	      0.00000000	      0.00000000	      0.00000000	      0.00000000	     21.75937399	      3.46572207	    -84.20218157	      8.22398901	      0.00000000	      0.00000000	      0.00000000	      0.00000000	    -35.50238328	     -0.76953210	     -5.87653508	      3.88085286	     -2.65338979	     -4.98473282	      0.00000000	      3.45269525	     -6.77728155	      0.00000000	    -38.69226273	     -2.58490982	    -26.08104830	      8.16379813	     14.89690267	     -4.98473282	      0.00000000	     13.60524416	      9.51247022	      0.00000000
      0.33333333	    -28.83003527	      0.34059257	   -177.76034862	      0.19266186	      0.03326538	     -0.48226165	    -32.50285083	      1.76395339	     -0.30254956	     -8.42743908	     -0.27184535	     -0.99811403	     -0.01919601	      0.02205354	      0.01207213	      0.00000000	      0.00000000	      0.00000000	     -0.01252310	     -0.00904049	      0.02721685	      0.00000000	      0.00000000	      0.00000000	     -0.02223332	     -0.00066503	     -0.00132646	    -13.50639772	      2.83600507	     31.98858736	     18.84012290	      0.00000000	      0.00000000	      0.00000000	      0.00000000	     21.15655293	      2.22849125	    -76.47803324	      8.15048590	      0.00000000	      0.00000000	      0.00000000	      0.00000000	    -35.36425101	     -0.58993693	     -3.60648695	      3.56048092	     -6.51309797	     -4.98473282	      0.00000000	      4.23330232	     -5.00570475	      0.00000000	    -38.44249943	     -2.80496860	    -27.65695831	      8.26167213	     14.89690267	     -4.98473282	      0.00000000	     14.28626278	     12.29609619	      0.00000000
      0.36666667	    -28.68851575	      0.36300344	   -177.41549988	      0.19244447	      0.03322680	     -0.48190146	    -32.50643100	      2.12684849	     -0.28805340	     -8.11983450	     -0.35242545	     -1.38119117	     -0.02007178	      0.02131841	      0.00986813	      0.00000000	      0.00000000	      0.00000000	     -0.01378555	     -0.00774329	      0.02680102	      0.00000000	      0.00000000	      0.00000000	     -0.02020301	     -0.00114652	     -0.00604653	    -13.40365422	      2.68436861	     30.36430882	     18.56291156	      0.00000000	      0.00000000	      0.00000000	      0.00000000	     20.16290537	      1.54424115	    -67.96759455	      8.41809589	      0.00000000	      0.00000000	      0.00000000	      0.00000000	    -35.08660350	     -0.52984736	     -1.59050866	      3.12568291	     -9.21536688	     -4.98473282	      0.00000000	      4.84105012	     -3.63995058	      0.00000000	    -38.18881620	     -2.89548356	    -29.72099524	      8.42600787	     14.89690267	     -4.98473282	      0.00000000	     14.70735138	     15.92733339	      0.00000000
      0.40000000	    -28.68971865	      0.35148072	   -177.36381647	      0.19113152	      0.03326674	     -0.48225756	    -32.46982818	      2.12111980	     -0.25257765	     -8.08518561	     -0.40504813	     -1.41397091	     -0.02007254	      0.02090545	      0.00901980	      0.00000000	      0.00000000	      0.00000000	     -0.01376366	     -0.00681886	      0.02504563	      0.00000000	      0.00000000	      0.00000000	     -0.02089062	     -0.00100161	     -0.00604828	    -13.65395805	      2.51974010	     30.30113247	     18.35656560	      0.00000000	      0.00000000	      0.00000000	      0.00000000	     20.43759723	      1.50636783	    -67.79647806	      8.24671271	      0.00000000	      0.00000000	      0.00000000	      0.00000000	    -35.08503671	     -0.49242028	     -1.54165722	      2.93600918	     -9.23394898	     -4.98473282	      0.00000000	      4.78721990	     -3.60035267	      0.00000000	    -38.21519561	     -2.96673304	    -29.67310899	      8.26888867	     14.89690267	     -4.98473282	      0.00000000	     14.56555039	     16.07898623	      0.00000000
      0.43333333	    -28.29600286	      0.93382186	   -178.08642578	      0.18999255	      0.03357229	     -0.48296150	    -32.03975275	      2.37077374	      0.93501095	     -7.73106582	     -0.56301843	     -2.41626079	     -0.01916038	      0.01880179	      0.00593983	      0.00000000	      0.00000000	      0.00000000	     -0.01561842	     -0.00627456	      0.02293485	      0.00000000	      0.00000000	      0.00000000	     -0.01811663	     -0.00071726	     -0.00914969	    -14.20497360	      2.53933404	     30.89976869	     18.11412476	      0.00000000	      0.00000000	      0.00000000	      0.00000000	     19.98946941	      0.75290684	    -62.09997333	      9.11974186	      0.00000000	      0.00000000	      0.00000000	      0.00000000	    -34.17674960	     -0.29823645	      0.29070634	      2.14031517	    -10.72646845	     -4.98473282	      0.00000000	      5.09265769	     -3.23217183	      0.00000000	    -38.08891448	     -2.99166555	    -31.81759046	      8.59011250	     14.89690267	     -4.98473282	      0.00000000	     14.65736957	     18.70621841	      0.00000000
      0.46666667	    -28.47675594	      1.09760401	   -178.68126429	      0.18852673	      0.03392714	     -0.48300819	    -32.18801769	      2.28037295	      1.35815298	     -7.38667053	     -1.50680165	     -2.49020054	     -0.01785426	      0.01726772	      0.00724340	      0.00000000	      0.00000000	      0.00000000	     -0.01560737	     -0.00633568	      0.02094375	      0.00000000	      0.00000000	      0.00000000	     -0.01921772	     -0.00078165	     -0.00799007	    -14.72480462	      2.58500132	     31.57686677	     18.54023207	      0.00000000	      0.00000000	      0.00000000	      0.00000000	     20.55973472	      0.90266011	    -63.34164515	      9.93812269	      0.00000000	      0.00000000	      0.00000000	      0.00000000	    -34.19701523	     -0.40622307	      0.54221190	      1.82730344	    -10.80229095	     -4.98473282	      0.00000000	      5.13401028	     -3.28660320	      0.00000000	    -38.58058647	     -2.75718065	    -31.50157000	      8.74375728	     14.89690267	     -4.98473282	      0.00000000	     14.18858570	     17.39926135	      0.00000000
      0.50000000	    -28.49847701	      1.07697184	   -178.81153071	      0.18744116	      0.03429936	     -0.48304473	    -32.05692786	      2.10506536	      1.61690183	     -7.33590359	     -1.48767584	     -2.74667644	     -0.01610221	      0.01618490	      0.00757750	      0.00000000	      0.00000000	      0.00000000	     -0.01648070	     -0.00779208	      0.01903008	      0.00000000	      0.00000000	      0.00000000	     -0.02031647	     -0.00218760	     -0.00316034	    -15.09619237	      2.57599211	     31.95214114	     19.02479934	      0.00000000	      0.00000000	      0.00000000	      0.00000000	     21.79681632	      1.78757959	    -68.20084649	     10.69561781	      0.00000000	      0.00000000	      0.00000000	      0.00000000	    -34.26861789	     -0.47905719	      0.50858872	      1.79085385	    -10.38920906	     -4.98473282	      0.00000000	      5.08793797	     -3.80689583	      0.00000000	    -38.69378976	     -2.88055617	    -28.45325778	      8.32353566	     14.89690267	     -4.98473282	      0.00000000	     13.82366354	     12.71628781	      0.00000000
      0.53333333	    -28.52119553	      1.08901688	   -178.85484896	      0.18664307	      0.03445013	     -0.48227991	    -31.91557816	      2.05603296	      1.56439809	     -7.33611643	     -1.55693273	     -2.80937544	     -0.01446744	      0.01575418	      0.00841408	      0.00000000	      0.00000000	      0.00000000	     -0.01689391	     -0.00851918	      0.01912988	      0.00000000	      0.00000000	      0.00000000	     -0.02064542	     -0.00297220	     -0.00109781	    -15.10393217	      2.87984824	     31.84137210	     19.19718256	      0.00000000	      0.00000000	      0.00000000	      0.00000000	     21.77043745	      2.14708027	    -68.15234055	     10.87513155	      0.00000000	      0.00000000	      0.00000000	      0.00000000	    -34.43403446	     -0.63236285	      0.82179027	      1.94085058	    -10.00616181	     -4.98473282	      0.00000000	      5.14160103	     -3.61287229	      0.00000000	    -38.79960727	     -2.87245814	    -28.15490341	      8.38714202	     14.89690267	     -4.98473282	      0.00000000	     14.05175418	     12.69049029	      0.00000000
      0.56666667	    -29.08860977	      0.47077109	   -177.92397072	      0.18627912	      0.03456062	     -0.48127641	    -32.40260685	      1.81707496	      0.72506762	     -7.01598778	     -1.36154075	     -3.08250752	     -0.01249284	      0.01566404	      0.00941764	      0.00000000	      0.00000000	      0.00000000	     -0.01773309	     -0.00903907	      0.02064082	      0.00000000	      0.00000000	      0.00000000	     -0.01888106	     -0.00381369	      0.00122900	    -14.59819345	      3.32528831	     30.45933117	     18.87503562	      0.00000000	      0.00000000	      0.00000000	      0.00000000	     22.19979776	      2.31373996	    -66.60059495	     12.23723889	      0.00000000	      0.00000000	      0.00000000	      0.00000000	    -35.62989757	     -0.78133368	     -0.74791711	      2.76717634	     -9.01792342	     -4.98473282	      0.00000000	      4.52378700	     -3.52551986	      0.00000000	    -39.06565492	     -3.07392137	    -25.39696291	      7.79825090	     14.89690267	     -4.98473282	      0.00000000	     14.05979555	     10.64219784	      0.00000000
      0.60000000	    -28.84126890	      0.06000193	   -176.78020611	      0.18711607	      0.03444334	     -0.48002392	    -32.17603430	      1.94579177	     -0.38399971	     -6.95238146	     -1.32996586	     -3.19889511	     -0.01242562	      0.01564340	      0.01029206	      0.00000000	      0.00000000	      0.00000000	     -0.01797216	     -0.01065117	      0.02157868	      0.00000000	      0.00000000	      0.00000000	     -0.02171591	     -0.00559190	      0.00101705	    -14.65814167	      4.06243487	     31.43281492	     18.62676914	      0.00000000	      0.00000000	      0.00000000	      0.00000000	     22.28985950	      3.50774871	    -66.94273373	     13.12673593	      0.00000000	      0.00000000	      0.00000000	      0.00000000	    -35.74283571	     -0.59705282	     -1.64115631	      3.24048528	     -8.94777754	     -4.98473282	      0.00000000	      3.82317483	     -3.92521269	      0.00000000	    -38.41670445	     -3.31631141	    -24.70654230	      7.66090035	     14.89690267	     -4.98473282	      0.00000000	     14.47939409	     11.19278628	      0.00000000
      0.63333333	    -28.53094972	     -0.52464159	   -175.80672590	      0.18825236	      0.03429368	     -0.47898248	    -32.00779728	      1.77243298	     -1.49629385	     -7.24604195	     -0.76805184	     -3.01283281	     -0.01450119	      0.01643447	      0.01002665	      0.00000000	      0.00000000	      0.00000000	     -0.01882505	     -0.01299282	      0.02211667	      0.00000000	      0.00000000	      0.00000000	     -0.02791854	     -0.00798320	      0.00160034	    -14.99306953	      5.23569547	     34.87810067	     18.20423679	      0.00000000	      0.00000000	      0.00000000	      0.00000000	     23.22155492	      5.65951722	    -71.09156281	     14.62844585	      0.00000000	      0.00000000	      0.00000000	      0.00000000	    -35.75859311	     -0.57404228	     -3.66889862	      3.59858182	     -7.34343019	     -4.98473282	      0.00000000	      2.97088863	     -5.52733666	      0.00000000	    -37.75071366	     -3.13649837	    -25.07917487	      7.80219913	     14.89690267	     -4.98473282	      0.00000000	     14.45779308	     12.42285148	      0.00000000
      0.66666667	    -27.88224654	     -1.03897663	   -175.03865862	      0.18930859	      0.03420828	     -0.47785610	    -31.46668716	      1.69832282	     -2.35885638	     -7.46917944	     -0.39398064	     -3.10560010	     -0.01613571	      0.01634393	      0.00812176	      0.00000000	      0.00000000	      0.00000000	     -0.01783985	     -0.01471283	      0.02185811	      0.00000000	      0.00000000	      0.00000000	     -0.03296650	     -0.00960311	     -0.00029592	    -15.14858463	      5.52560075	     35.54533046	     18.91516455	      0.00000000	      0.00000000	      0.00000000	      0.00000000	     23.50615197	      7.37682170	    -73.29664649	     15.88479465	      0.00000000	      0.00000000	      0.00000000	      0.00000000	    -35.35556708	     -0.65533686	     -5.58744549	      3.77423948	     -5.56160139	     -4.98473282	      0.00000000	      2.72510496	     -6.91003153	      0.00000000	    -36.81671586	     -2.70098032	    -26.47175843	      8.12392452	     14.89690267	     -4.98473282	      0.00000000	     14.18858820	     13.97691279	      0.00000000
      0.70000000	    -27.72657098	     -1.32848644	   -174.78376233	      0.19000335	      0.03422800	     -0.47654010	    -31.47578959	      1.80080701	     -2.84985998	     -7.59544132	     -0.36101346	     -3.20064293	     -0.01787621	      0.01631918	      0.00538010	      0.00000000	      0.00000000	      0.00000000	     -0.01674061	     -0.01424407	      0.02161884	      0.00000000	      0.00000000	      0.00000000	     -0.03759180	     -0.00944208	     -0.00277068	    -15.13392660	      5.86431352	     35.38664509	     19.35647596	      0.00000000	      0.00000000	      0.00000000	      0.00000000	     23.11176062	      8.28179791	    -73.04922058	     16.29803769	      0.00000000	      0.00000000	      0.00000000	      0.00000000	    -35.32105562	     -0.88015088	     -5.77883825	      3.84416674	     -5.41927672	     -4.98473282	      0.00000000	      3.02819859	     -7.04850663	      0.00000000	    -36.56118147	     -2.20819105	    -27.33873699	      8.25853372	     14.89690267	     -4.98473282	      0.00000000	     13.77979303	     13.65145801	      0.00000000
      0.73333333	    -27.41851928	     -1.37190400	   -175.30928658	      0.19035732	      0.03442472	     -0.47524065	    -31.18848773	      1.79106103	     -2.33164085	     -7.93005886	     -0.36230343	     -3.68648110	     -0.01885174	      0.01612323	      0.00224643	      0.00000000	      0.00000000	      0.00000000	     -0.01258645	     -0.01366209	      0.01973937	      0.00000000	      0.00000000	      0.00000000	     -0.03774702	     -0.00785057	     -0.00686107	    -15.54726160	      4.81333784	     33.48099400	     21.36662957	      0.00000000	      0.00000000	      0.00000000	      0.00000000	     21.63339232	      8.10577176	    -69.38255086	     15.84895330	      0.00000000	      0.00000000	      0.00000000	      0.00000000	    -34.61739699	     -1.39121964	     -7.70148797	      3.07713246	     -2.01685223	     -4.98473282	      0.00000000	      3.65993967	     -7.30673707	      0.00000000	    -36.45540581	     -1.43969543	    -29.45586035	      8.80004994	     14.89690267	     -4.98473282	      0.00000000	     13.17556704	     15.16082815	      0.00000000
      0.76666667	    -27.81533865	     -1.39912278	   -175.77022547	      0.18987728	      0.03444523	     -0.47442772	    -31.56691020	      1.73938552	     -2.05211038	     -8.22743487	     -0.63764806	     -3.85989218	     -0.01909413	      0.01662893	      0.00169700	      0.00000000	      0.00000000	      0.00000000	     -0.01116343	     -0.01232402	      0.01915264	      0.00000000	      0.00000000	      0.00000000	     -0.03931371	     -0.00647381	     -0.00792254	    -15.79895401	      4.93144537	     34.37816692	     21.49568299	      0.00000000	      0.00000000	      0.00000000	      0.00000000	     20.87224754	      8.32340503	    -67.88199399	     15.35696088	      0.00000000	      0.00000000	      0.00000000	      0.00000000	    -34.94360093	     -1.69033802	     -8.19474089	      2.90393722	     -0.02913671	     -4.98473282	      0.00000000	      3.74829536	     -8.42480166	      0.00000000	    -37.09992256	     -1.08619728	    -29.98638330	      8.98540025	     14.89690267	     -4.98473282	      0.00000000	     12.77506037	     15.76375096	      0.00000000
      0.80000000	    -28.15154959	     -1.00930311	   -175.98668062	      0.18992518	      0.03453805	     -0.47399310	    -31.91467262	      2.17308157	     -1.46878854	     -8.50500797	     -0.94170332	     -3.76049971	     -0.01973332	      0.01720498	      0.00238833	      0.00000000	      0.00000000	      0.00000000	     -0.01148068	     -0.01083019	      0.01827974	      0.00000000	      0.00000000	      0.00000000	     -0.03891719	     -0.00750189	     -0.00689041	    -16.18376575	      5.03367361	     35.48722486	     21.43252107	      0.00000000	      0.00000000	      0.00000000	      0.00000000	     20.92250650	      8.86803955	    -68.30509428	     15.95962008	      0.00000000	      0.00000000	      0.00000000	      0.00000000	    -34.99671843	     -1.40654951	     -8.14868575	      2.54348755	      0.57060599	     -4.98473282	      0.00000000	      3.46803479	     -9.20965635	      0.00000000	    -37.45237153	     -1.45099301	    -29.87520852	      8.69071762	     14.89690267	     -4.98473282	      0.00000000	     13.19671654	     15.90088005	      0.00000000
      0.83333333	    -28.41342775	     -0.53659098	   -176.34862492	      0.18977272	      0.03442077	     -0.47373716	    -32.08926587	      2.53050318	     -0.92568168	     -8.49831520	     -1.29882441	     -3.32162215	     -0.01856158	      0.01726992	      0.00411444	      0.00000000	      0.00000000	      0.00000000	     -0.01123550	     -0.00951725	      0.01713810	      0.00000000	      0.00000000	      0.00000000	     -0.03782078	     -0.00945495	     -0.00375470	    -16.60826174	      5.13771632	     37.26665044	     21.30778780	      0.00000000	      0.00000000	      0.00000000	      0.00000000	     21.67560730	      9.29480738	    -70.35830452	     17.12580203	      0.00000000	      0.00000000	      0.00000000	      0.00000000	    -35.00407216	     -1.13186568	     -7.58938375	      2.16858955	      1.24576686	     -4.98473282	      0.00000000	      3.35437794	    -10.19656789	      0.00000000	    -37.95510531	     -1.66740997	    -29.84608380	      8.89137131	     14.89690267	     -4.98473282	      0.00000000	     13.19690159	     15.44457131	      0.00000000
      0.86666667	    -28.40332607	     -0.54918331	   -176.24838108	      0.18994432	      0.03428325	     -0.47375803	    -32.07317796	      2.49095063	     -0.86834999	     -8.47844433	     -1.29402157	     -3.28518513	     -0.01855609	      0.01732031	      0.00553230	      0.00000000	      0.00000000	      0.00000000	     -0.01323203	     -0.00962713	      0.01736554	      0.00000000	      0.00000000	      0.00000000	     -0.03494867	     -0.00887484	     -0.00370398	    -16.49205139	      5.22569692	     37.31305982	     21.44132000	      0.00000000	      0.00000000	      0.00000000	      0.00000000	     21.59929804	      9.21668320	    -70.48390961	     17.22104308	      0.00000000	      0.00000000	      0.00000000	      0.00000000	    -35.03207119	     -1.05858555	     -7.43538675	      2.19879229	      1.38825874	     -4.98473282	      0.00000000	      3.40081226	    -10.14462487	      0.00000000	    -37.91632917	     -1.70381803	    -29.85368387	      8.89246821	     14.89690267	     -4.98473282	      0.00000000	     13.20217990	     15.39825267	      0.00000000
      0.90000000	    -27.99932478	     -0.33608717	   -176.53268842	      0.19028306	      0.03420157	     -0.47463375	    -31.61975612	      2.37720896	     -0.44722713	     -8.23559371	     -1.21968025	     -2.73107342	     -0.01775314	      0.01639827	      0.00721251	      0.00000000	      0.00000000	      0.00000000	     -0.01322327	     -0.01084412	      0.01711216	      0.00000000	      0.00000000	      0.00000000	     -0.03245760	     -0.00900802	     -0.00094810	    -16.37779104	      4.99451262	     36.86649690	     21.87685154	      0.00000000	      0.00000000	      0.00000000	      0.00000000	     22.42695125	      8.59261904	    -71.10988413	     17.97174298	      0.00000000	      0.00000000	      0.00000000	      0.00000000	    -34.44474564	     -1.05763267	     -7.08733052	      2.07843964	      1.82935423	     -4.98473282	      0.00000000	      3.68988114	     -9.52316375	      0.00000000	    -37.47403010	     -1.77611187	    -29.82970538	      8.74221001	     14.89690267	     -4.98473282	      0.00000000	     13.23239010	     14.41449270	      0.00000000
      0.93333333	    -27.85925187	     -0.45882544	   -176.51504273	      0.19023644	      0.03433796	     -0.47577644	    -31.42938851	      2.05046527	     -0.47769717	     -8.08461991	     -1.15654368	     -2.87667627	     -0.01742171	      0.01601838	      0.00781183	      0.00000000	      0.00000000	      0.00000000	     -0.01225393	     -0.01227501	      0.01808758	      0.00000000	      0.00000000	      0.00000000	     -0.03040763	     -0.00715157	     -0.00039979	    -15.97504539	      4.86183609	     36.80360781	     21.88701072	      0.00000000	      0.00000000	      0.00000000	      0.00000000	     22.58298311	      7.77246505	    -70.90282496	     17.49473086	      0.00000000	      0.00000000	      0.00000000	      0.00000000	    -34.32597802	     -1.14577340	     -7.23106983	      2.27285287	      1.75963516	     -4.98473282	      0.00000000	      3.37189506	     -9.26604905	      0.00000000	    -37.26354786	     -1.76972123	    -29.81840403	      8.71012921	     14.89690267	     -4.98473282	      0.00000000	     13.29384633	     14.34001969	      0.00000000
      0.96666667	    -27.36590148	     -1.07530221	   -175.76804696	      0.19001063	      0.03485629	     -0.47701697	    -30.89531430	      1.50543705	     -1.29487099	     -8.14264078	     -0.26641101	     -3.42017526	     -0.01841988	      0.01511510	      0.00562879	      0.00000000	      0.00000000	      0.00000000	     -0.01313965	     -0.01493352	      0.01980482	      0.00000000	      0.00000000	      0.00000000	     -0.02826780	     -0.00561418	     -0.00129253	    -15.19456116	      4.91552498	     36.40085534	     21.14181086	      0.00000000	      0.00000000	      0.00000000	      0.00000000	     22.34857040	      6.84229587	    -69.27682392	     16.59660064	      0.00000000	      0.00000000	      0.00000000	      0.00000000	    -34.16906973	     -1.23854206	     -8.80232893	      2.83616680	      0.99830819	     -4.98473282	      0.00000000	      3.35552683	     -8.31240321	      0.00000000	    -36.40949209	     -1.84914578	    -28.98292767	      8.35192160	     14.89690267	     -4.98473282	      0.00000000	     13.53154924	     14.77013477	      0.00000000
      1.00000000	    -27.22262889	     -1.48757679	   -175.39983842	      0.18911201	      0.03530772	     -0.47767771	    -30.59387418	      1.17778869	     -1.86955245	     -8.17402888	     -0.15897596	     -3.68978617	     -0.01816145	      0.01466238	      0.00445104	      0.00000000	      0.00000000	      0.00000000	     -0.01266745	     -0.01565850	      0.02045037	      0.00000000	      0.00000000	      0.00000000	     -0.02751680	     -0.00603216	     -0.00207430	    -14.83407562	      4.61679049	     36.54419598	     20.63093543	      0.00000000	      0.00000000	      0.00000000	      0.00000000	     22.30385952	      6.34534286	    -69.70036717	     15.91634276	      0.00000000	      0.00000000	      0.00000000	      0.00000000	    -34.38829892	     -1.31855696	     -9.63955823	      3.36153499	      0.25342743	     -4.98473282	      0.00000000	      2.99165836	     -8.32747088	      0.00000000	    -36.21005746	     -1.74259035	    -28.58637372	      8.41944311	     14.89690267	     -4.98473282	      0.00000000	     13.27158674	     14.96257607	      0.00000000
      1.03333333	    -27.24500546	     -2.03690239	   -174.57883249	      0.18850242	      0.03550253	     -0.47810134	    -30.53106286	      0.93614991	     -2.95977079	     -8.75061142	      0.14103148	     -3.90137274	     -0.01959598	      0.01556012	      0.00336849	      0.00000000	      0.00000000	      0.00000000	     -0.01368910	     -0.01593286	      0.02003948	      0.00000000	      0.00000000	      0.00000000	     -0.02804365	     -0.00635031	     -0.00342685	    -14.55186090	      4.52756965	     36.32501761	     20.01849049	      0.00000000	      0.00000000	      0.00000000	      0.00000000	     22.18965105	      6.32836780	    -71.14769856	     14.95509445	      0.00000000	      0.00000000	      0.00000000	      0.00000000	    -34.84562741	     -1.27995890	    -10.26760665	      3.63831914	     -0.39242989	     -4.98473282	      0.00000000	      3.02468212	     -8.22702034	      0.00000000	    -35.97821634	     -1.83161061	    -27.68596421	      8.09636895	     14.89690267	     -4.98473282	      0.00000000	     13.43009868	     15.01564783	      0.00000000
      1.06666667	    -27.28675929	     -2.23967897	   -174.19593353	      0.18853481	      0.03566151	     -0.47875720	    -30.58600657	      0.82233819	     -3.18657275	     -9.00064562	      0.08700546	     -3.76790474	     -0.02052331	      0.01582569	      0.00492177	      0.00000000	      0.00000000	      0.00000000	     -0.01601130	     -0.01624830	      0.02014916	      0.00000000	      0.00000000	      0.00000000	     -0.03011207	     -0.00703951	     -0.00386230	    -14.39509299	      4.51803051	     35.22065217	     19.87692626	      0.00000000	      0.00000000	      0.00000000	      0.00000000	     22.45827244	      7.30834952	    -75.93395120	     14.10211785	      0.00000000	      0.00000000	      0.00000000	      0.00000000	    -35.15990485	     -1.17103752	    -10.61010904	      3.89619344	     -0.54733805	     -4.98473282	      0.00000000	      3.30160400	     -7.07908217	      0.00000000	    -35.78805170	     -2.05197390	    -26.14437478	      7.51581446	     14.89690267	     -4.98473282	      0.00000000	     13.34467780	     13.14571877	      0.00000000
      1.10000000	    -27.29423505	     -2.17601910	   -174.16801008	      0.18850787	      0.03550010	     -0.47878559	    -30.57408639	      0.92880853	     -3.25539100	     -9.10268890	      0.07139785	     -3.74698338	     -0.02053703	      0.01604524	      0.00531541	      0.00000000	      0.00000000	      0.00000000	     -0.01619852	     -0.01635852	      0.02163377	      0.00000000	      0.00000000	      0.00000000	     -0.03010989	     -0.00617791	     -0.00532042	    -14.58735011	      4.88119374	     35.17428089	     20.06129297	      0.00000000	      0.00000000	      0.00000000	      0.00000000	     22.33839156	      7.37457380	    -76.03464567	     14.33683853	      0.00000000	      0.00000000	      0.00000000	      0.00000000	    -35.27042058	     -1.10098686	    -10.29134623	      3.97804813	     -0.22783459	     -4.98473282	      0.00000000	      3.63451980	     -6.99228037	      0.00000000	    -35.83359678	     -2.13752706	    -25.97887944	      7.51314659	     14.89690267	     -4.98473282	      0.00000000	     13.48222852	     13.19290235	      0.00000000
      1.13333333	    -27.64659441	     -1.46318607	   -174.90856109	      0.18874486	      0.03531139	     -0.47873296	    -30.99197137	      1.49997353	     -2.49850495	     -9.49328874	     -0.63862027	     -3.17970954	     -0.02161631	      0.01719273	      0.00721302	      0.00000000	      0.00000000	      0.00000000	     -0.01404013	     -0.01516111	      0.02275258	      0.00000000	      0.00000000	      0.00000000	     -0.03204309	     -0.00678835	     -0.00371041	    -15.49586643	      5.41465789	     35.79739679	     21.02584447	      0.00000000	      0.00000000	      0.00000000	      0.00000000	     23.14818980	      7.93960544	    -77.14096949	     15.98946275	      0.00000000	      0.00000000	      0.00000000	      0.00000000	    -34.99894253	     -0.92524732	     -9.81362827	      3.09839125	      0.48940000	     -4.98473282	      0.00000000	      4.30220682	     -6.93995175	      0.00000000	    -36.41303153	     -2.41747267	    -26.18769222	      7.51421650	     14.89690267	     -4.98473282	      0.00000000	     13.83291471	     12.55205483	      0.00000000
      1.16666667	    -27.68009652	     -0.77649533	   -175.80653360	      0.18924098	      0.03532566	     -0.47840358	    -31.24923187	      2.00238037	     -1.58413776	     -9.51895116	     -1.16238207	     -2.81472506	     -0.02224741	      0.01760039	      0.00809916	      0.00000000	      0.00000000	      0.00000000	     -0.01280591	     -0.01273442	      0.02437210	      0.00000000	      0.00000000	      0.00000000	     -0.03354542	     -0.00796981	     -0.00273677	    -16.52279185	      6.12853753	     36.45399906	     22.56724397	      0.00000000	      0.00000000	      0.00000000	      0.00000000	     23.91656238	      8.80441777	    -78.00010576	     17.83597518	      0.00000000	      0.00000000	      0.00000000	      0.00000000	    -34.40951866	     -0.85422690	     -9.52008968	      2.44045157	      0.84832559	     -4.98473282	      0.00000000	      4.37596428	     -7.06578025	      0.00000000	    -36.78725051	     -2.40524230	    -26.63051412	      7.84280555	     14.89690267	     -4.98473282	      0.00000000	     13.25653550	     11.49879173	      0.00000000
      1.20000000	    -27.52617463	     -0.17455748	   -176.61753758	      0.19024674	      0.03563173	     -0.47801062	    -31.51821059	      2.45717411	     -0.55781061	     -9.42058980	     -1.65369917	     -2.88731310	     -0.02251009	      0.01772668	      0.00883042	      0.00000000	      0.00000000	      0.00000000	     -0.01255752	     -0.00822825	      0.02513041	      0.00000000	      0.00000000	      0.00000000	     -0.03288722	     -0.01004044	     -0.00176468	    -17.79999535	      6.62854692	     37.05126039	     25.12141180	      0.00000000	      0.00000000	      0.00000000	      0.00000000	     24.75023480	      9.77404345	    -77.49881318	     19.91439676	      0.00000000	      0.00000000	      0.00000000	      0.00000000	    -33.70238686	     -0.77614251	     -8.99812077	      1.91383370	      0.98390532	     -4.98473282	      0.00000000	      4.08650341	     -7.41683612	      0.00000000	    -36.88716461	     -2.30740451	    -27.12400673	      8.13685453	     14.89690267	     -4.98473282	      0.00000000	     12.37599171	     10.08670417	      0.00000000
      1.23333333	    -27.21152304	      0.17419561	   -177.04248946	      0.19225972	      0.03677577	     -0.47748488	    -31.88362817	      2.86088698	     -0.03264508	     -9.51692015	     -1.94327940	     -3.14389168	     -0.02284684	      0.01774326	      0.00899241	      0.00000000	      0.00000000	      0.00000000	     -0.01055031	     -0.00360383	      0.02390160	      0.00000000	      0.00000000	      0.00000000	     -0.02863032	     -0.01263996	     -0.00083164	    -19.63784122	      7.04578465	     38.35913948	     28.82109390	      0.00000000	      0.00000000	      0.00000000	      0.00000000	     25.45699833	     10.07612125	    -72.82498746	     22.53758731	      0.00000000	      0.00000000	      0.00000000	      0.00000000	    -32.94998780	     -0.71649331	     -7.47824668	      1.49208294	      0.68677475	     -4.98473282	      0.00000000	      3.26922315	     -8.80566056	      0.00000000	    -36.63957390	     -2.24142590	    -27.44113959	      8.32736489	     14.89690267	     -4.98473282	      0.00000000	     11.45380505	      9.28751774	      0.00000000
      1.26666667	    -27.12339112	      0.18821034	   -177.15138416	      0.19596733	      0.03873817	     -0.47647240	    -33.01441088	      3.24827796	      0.30163254	     -8.63258978	     -2.16248744	     -3.54586233	     -0.02175046	      0.01581333	      0.00838952	      0.00000000	      0.00000000	      0.00000000	     -0.01015583	      0.00004413	      0.02085864	      0.00000000	      0.00000000	      0.00000000	     -0.02607411	     -0.01618180	     -0.00071442	    -22.08298479	      8.37470798	     39.91166377	     32.52720693	      0.00000000	      0.00000000	      0.00000000	      0.00000000	     25.94706431	     11.73674773	    -69.09286225	     24.61548991	      0.00000000	      0.00000000	      0.00000000	      0.00000000	    -32.23945174	     -0.86217925	     -6.44126051	      0.70503051	      0.78640229	     -4.98473282	      0.00000000	      3.00008981	     -9.61965898	      0.00000000	    -36.31180077	     -2.10605063	    -28.40610184	      8.29624080	     14.89690267	     -4.98473282	      0.00000000	     11.18199123	     10.76342571	      0.00000000
      1.30000000	    -26.91996665	     -0.02310936	   -177.03439468	      0.20160630	      0.04116469	     -0.47538807	    -34.47983923	      3.58077073	      0.16721054	     -7.61112208	     -2.34166447	     -3.58557802	     -0.02021054	      0.01343954	      0.00834089	      0.00000000	      0.00000000	      0.00000000	     -0.00855733	      0.00164366	      0.01943362	      0.00000000	      0.00000000	      0.00000000	     -0.02685246	     -0.02093827	     -0.00111690	    -24.15915818	     10.79060850	     40.92139350	     35.60466437	      0.00000000	      0.00000000	      0.00000000	      0.00000000	     26.31664354	     14.67971827	    -65.91205416	     26.26653908	      0.00000000	      0.00000000	      0.00000000	      0.00000000	    -30.99991767	     -1.15251143	     -5.73627088	     -0.74585719	      1.05430801	     -4.98473282	      0.00000000	      3.05980072	    -10.29686847	      0.00000000	    -35.44807748	     -2.02649956	    -29.38635792	      7.75747543	     14.89690267	     -4.98473282	      0.00000000	     11.20172926	     13.29710525	      0.00000000
      1.33333333	    -26.75426807	     -0.37434965	   -176.85502693	      0.20886072	      0.04307951	     -0.47456068	    -36.40457351	      3.81036988	     -0.15066962	     -6.62767358	     -2.45749244	     -3.44654453	     -0.01868701	      0.01204980	      0.00873153	      0.00000000	      0.00000000	      0.00000000	     -0.00636552	      0.00271475	      0.02085338	      0.00000000	      0.00000000	      0.00000000	     -0.03028062	     -0.02599728	     -0.00237385	    -24.98602988	     13.86125833	     39.92514326	     38.06854064	      0.00000000	      0.00000000	      0.00000000	      0.00000000	     26.77278407	     18.73791316	    -63.55246336	     27.96116854	      0.00000000	      0.00000000	      0.00000000	      0.00000000	    -29.38490345	     -1.56113015	     -5.66323414	     -2.84350618	      1.34983692	     -4.98473282	      0.00000000	      3.30922847	    -10.52534305	      0.00000000	    -34.13783096	     -2.12812717	    -29.12474479	      6.27980821	     14.89690267	     -4.98473282	      0.00000000	     11.16608452	     14.38671554	      0.00000000
      1.36666667	    -25.39887474	     -0.53221640	   -177.06026366	      0.21810134	      0.04417110	     -0.47395024	    -37.47123894	      4.01867602	     -0.42668477	     -5.01282533	     -2.40103677	     -2.79229038	     -0.01520497	      0.00933314	      0.00793187	      0.00000000	      0.00000000	      0.00000000	     -0.00058619	      0.00284189	      0.02098734	      0.00000000	      0.00000000	      0.00000000	     -0.03053117	     -0.03162564	     -0.00293660	    -25.34953551	     16.49016718	     37.48250229	     42.09888824	      0.00000000	      0.00000000	      0.00000000	      0.00000000	     27.68211319	     21.29071873	    -58.10813218	     32.56123816	      0.00000000	      0.00000000	      0.00000000	      0.00000000	    -25.99223386	     -2.05041918	     -6.30713024	     -5.55872011	      1.95513383	     -4.98473282	      0.00000000	      2.99625593	    -11.10168996	      0.00000000	    -31.07616694	     -2.35144040	    -27.94806074	      3.78119516	     14.89690267	     -4.98473282	      0.00000000	     10.90388141	     13.14403134	      0.00000000
      1.40000000	    -24.11424647	     -1.03976656	   -177.08701777	      0.22858626	      0.04403242	     -0.47380145	    -39.00646190	      3.88241112	     -1.22369067	     -3.92449027	     -2.42598254	     -1.89616661	     -0.01443036	      0.00980239	      0.00800841	      0.00000000	      0.00000000	      0.00000000	      0.00344440	      0.00273404	      0.01955602	      0.00000000	      0.00000000	      0.00000000	     -0.02664830	     -0.03260851	     -0.00283451	    -25.60378956	     19.55595758	     35.52460526	     47.07548168	      0.00000000	      0.00000000	      0.00000000	      0.00000000	     28.65407274	     22.52960244	    -51.61770958	     39.26945511	      0.00000000	      0.00000000	      0.00000000	      0.00000000	    -22.60877102	     -2.86951551	     -7.46171305	     -8.58691253	      3.06417582	     -4.98473282	      0.00000000	      2.97509382	    -12.29393130	      0.00000000	    -27.18585201	     -2.70507131	    -24.17744749	     -0.67991808	     14.89690267	     -4.98473282	      0.00000000	     11.37598459	      8.73690574	      0.00000000
      1.43333333	    -21.31215009	     -1.60103543	   -176.13138065	      0.24322043	      0.04280217	     -0.47379340	    -39.78159636	      4.13866019	     -2.85988806	     -1.37505271	     -2.39909647	     -0.90890761	     -0.01434210	      0.00898553	      0.00799068	      0.00000000	      0.00000000	      0.00000000	      0.00331832	      0.00086589	      0.01625285	      0.00000000	      0.00000000	      0.00000000	     -0.02523851	     -0.03336027	     -0.00107337	    -26.33029693	     23.42082315	     34.25048184	     52.34425787	      0.00000000	      0.00000000	      0.00000000	      0.00000000	     29.98107306	     24.92020386	    -46.68798984	     45.67772998	      0.00000000	      0.00000000	      0.00000000	      0.00000000	    -17.18821924	     -3.71882286	     -9.56955125	    -12.41969824	      4.59997855	     -4.98473282	      0.00000000	      3.74121368	    -14.02466343	      0.00000000	    -19.94569785	     -3.12129677	    -13.96978725	     -7.92497691	     11.39270708	     -4.98473282	      0.00000000	     13.25176851	      1.85842149	      0.00000000
      1.46666667	    -14.45020054	     -1.57542052	   -173.80068751	      0.26478321	      0.03926578	     -0.47294302	    -37.00335100	      5.55579399	     -5.23362153	      1.37057560	     -2.89063390	     -0.11398780	     -0.01746536	      0.00788026	      0.00788786	      0.00000000	      0.00000000	      0.00000000	      0.00278798	     -0.00240030	      0.01137043	      0.00000000	      0.00000000	      0.00000000	     -0.02193416	     -0.03591612	      0.00086408	    -27.81198687	     27.39520729	     33.05472225	     57.12550667	      0.00000000	      0.00000000	      0.00000000	      0.00000000	     31.01893739	     27.82684098	    -41.77741445	     51.35849187	      0.00000000	      0.00000000	      0.00000000	      0.00000000	     -6.38422308	     -4.51189764	    -10.90568826	    -17.86125566	      3.61323545	     -4.98473282	      0.00000000	      6.30470101	    -13.89516253	      0.00000000	     -5.82639175	     -2.38645074	     -0.00666811	    -18.72861976	      1.56424390	     -4.98473282	      0.00000000	     16.79117161	      1.78704839	      0.00000000
      1.50000000	      6.13474972	      1.61658424	   -173.37092036	      0.29893963	      0.02707513	     -0.47388230	    -19.24064175	      7.64054721	     -5.71269093	      3.11405957	     -4.17319201	      0.61231482	     -0.01716182	      0.00510070	      0.00587343	      0.00000000	      0.00000000	      0.00000000	      0.00603851	     -0.00407615	      0.00724475	      0.00000000	      0.00000000	      0.00000000	     -0.01790310	     -0.04215197	      0.00031653	    -28.96899385	     30.09758018	     32.32529554	     60.08815458	      0.00000000	      0.00000000	      0.00000000	      0.00000000	     30.77649695	     29.46672921	    -37.15652094	     55.59870186	      0.00000000	      0.00000000	      0.00000000	      0.00000000	     23.52833176	     -4.11501608	     -6.98161257	    -29.01596153	     -2.11756680	     -4.98473282	      0.00000000	      9.68406078	     -9.85318301	      0.00000000	     25.49634490	     -2.17553538	      5.15109943	    -33.03797216	     -4.12453897	     -4.98473282	      0.00000000	     19.76774628	      6.87425545	      0.00000000
      1.53333333	     16.80150840	      2.81881399	   -174.77409109	      0.32051363	      0.01515327	     -0.47783440	    -11.78641190	      7.43056305	     -4.49418824	      4.29760397	     -4.10054349	      0.15197392	     -0.01668837	      0.00677868	      0.00695752	      0.00000000	      0.00000000	      0.00000000	      0.00854222	     -0.00081872	      0.00665087	      0.00000000	      0.00000000	      0.00000000	     -0.01148329	     -0.03763610	      0.00067655	    -29.02015428	     31.92314963	     29.51902528	     62.32298582	      0.00000000	      0.00000000	      0.00000000	      0.00000000	     31.56234178	     30.05372528	    -32.83136683	     59.65308530	      0.00000000	      0.00000000	      0.00000000	      0.00000000	     40.32617077	     -3.41294849	     -4.30709785	    -36.18430517	     -4.16782950	     -4.98473282	      0.00000000	      9.31288100	     -7.66315542	      0.00000000	     42.14469167	     -3.50611833	      2.70102319	    -40.71895232	     -0.83070653	     -4.98473282	      0.00000000	     18.92450935	      6.47097233	      0.00000000
      1.56666667	     20.47602473	      3.05588333	   -175.78043936	      0.33605498	      0.00439121	     -0.48243186	    -12.52199052	      6.74913815	     -2.89170942	      6.20550332	     -3.43799811	     -0.56290816	     -0.01769722	      0.00414617	      0.01001779	      0.00000000	      0.00000000	      0.00000000	      0.00427410	      0.00601914	      0.00534087	      0.00000000	      0.00000000	      0.00000000	     -0.00592881	     -0.03012405	      0.00248459	    -30.02758589	     33.84627712	     24.57010690	     65.85614374	      0.00000000	      0.00000000	      0.00000000	      0.00000000	     33.41809693	     30.63632554	    -28.68424072	     64.82182401	      0.00000000	      0.00000000	      0.00000000	      0.00000000	     48.01359981	     -2.72307047	     -2.81342110	    -41.23942728	     -3.96602929	     -4.98473282	      0.00000000	      7.66205313	     -6.62719508	      0.00000000	     49.93814706	     -5.20126148	      0.10667161	    -45.98759767	      1.68631529	     -4.98473282	      0.00000000	     18.21654435	      7.44146784	      0.00000000
      1.60000000	     22.10536438	      3.05542941	   -176.00258377	      0.34855400	     -0.00716883	     -0.48643780	    -15.65142982	      6.21984239	     -1.69268949	      9.00055380	     -2.68555697	     -1.00813303	     -0.01384753	     -0.00465157	      0.01258500	      0.00000000	      0.00000000	      0.00000000	     -0.00828781	      0.01264345	     -0.00169823	      0.00000000	      0.00000000	      0.00000000	     -0.00443393	     -0.02304665	      0.00522062	    -32.87363138	     35.16395382	     18.85454242	     71.85978836	      0.00000000	      0.00000000	      0.00000000	      0.00000000	     35.24552639	     32.42356872	    -25.61884237	     70.29152272	      0.00000000	      0.00000000	      0.00000000	      0.00000000	     52.86094585	     -2.75846306	     -2.34522562	    -45.76016402	     -2.76932336	     -4.98473282	      0.00000000	      6.48998774	     -5.46925634	      0.00000000	     55.11615333	     -6.19870487	     -1.32275900	    -50.32811814	      3.09700007	     -4.98473282	      0.00000000	     18.02823831	      8.67880385	      0.00000000
      1.63333333	     24.66252704	      2.75264151	   -176.07581808	      0.35889778	     -0.02115321	     -0.48967611	    -17.51965178	      5.48566885	     -0.44378757	     11.06807063	     -2.19421144	     -1.37107124	     -0.00525972	     -0.01631321	      0.01438752	      0.00000000	      0.00000000	      0.00000000	     -0.02205026	      0.01232250	     -0.01010221	      0.00000000	      0.00000000	      0.00000000	     -0.00895577	     -0.02168763	      0.00830910	    -34.89361043	     35.38483835	     14.15268775	     77.71120099	      0.00000000	      0.00000000	      0.00000000	      0.00000000	     36.72096816	     36.57131983	    -24.08625114	     72.98586449	      0.00000000	      0.00000000	      0.00000000	      0.00000000	     58.70157283	     -3.56515190	     -2.48312319	    -50.30261677	     -1.80645240	     -4.98473282	      0.00000000	      6.54021049	     -4.23186886	      0.00000000	     60.89059065	     -6.59108487	     -2.59675353	    -54.17125000	      3.33492279	     -4.98473282	      0.00000000	     18.42752062	      9.31814009	      0.00000000
      1.66666667	     25.77659791	      2.94500597	   -175.53375009	      0.36547002	     -0.03661435	     -0.49247004	    -20.82050428	      5.64412269	      0.53276920	     13.12315926	     -2.33501960	     -0.92798935	      0.00639887	     -0.02775041	      0.01705686	      0.00000000	      0.00000000	      0.00000000	     -0.02866388	      0.00097651	     -0.01294081	      0.00000000	      0.00000000	      0.00000000	     -0.01179025	     -0.02792771	      0.01114892	    -34.16291728	     35.41595843	     11.72642729	     77.98719103	      0.00000000	      0.00000000	      0.00000000	      0.00000000	     37.90639454	     39.80387033	    -22.87234165	     72.83649506	      0.00000000	      0.00000000	      0.00000000	      0.00000000	     62.44280153	     -4.64334279	     -2.43601639	    -54.38137445	     -1.39594184	     -4.10131752	      0.00000000	      9.31477021	     -3.99479599	      0.00000000	     65.02183826	     -6.65833642	     -2.44045613	    -58.08062177	      3.51570833	     -4.98473282	      0.00000000	     19.51813931	      9.42142525	      0.00000000
      1.70000000	     30.22680931	      3.24848711	   -175.02900686	      0.37145926	     -0.05629015	     -0.49371815	    -19.67715367	      5.95574327	      0.64082082	     14.14842841	     -3.40859127	      0.10090537	      0.02145860	     -0.03677828	      0.01959894	      0.00000000	      0.00000000	      0.00000000	     -0.01831286	     -0.01907784	     -0.01756995	      0.00000000	      0.00000000	      0.00000000	     -0.01071179	     -0.04232784	      0.01062185	    -33.37375137	     31.91619582	     11.32405262	     71.67358365	      0.00000000	      0.00000000	      0.00000000	      0.00000000	     37.57622841	     38.48170486	    -23.14830033	     67.73904640	      0.00000000	      0.00000000	      0.00000000	      0.00000000	     70.43791898	     -6.08731823	     -0.38331865	    -59.26562356	     -3.71656941	     -1.57899178	      0.00000000	     11.93030914	     -2.61006283	      0.00000000	     72.81262618	     -6.14159218	     -1.71250592	    -62.46970447	      3.71890041	     -4.58175464	      0.00000000	     19.76099135	      7.73406454	      0.00000000
      1.73333333	     30.93860742	      3.98926013	   -174.39397490	      0.37378278	     -0.07591018	     -0.49476789	    -22.88711985	      6.91405711	      0.61837024	     16.37869107	     -4.44639820	      1.00344738	      0.03329313	     -0.04213623	      0.02048865	      0.00000000	      0.00000000	      0.00000000	     -0.00721266	     -0.03794099	     -0.01998985	      0.00000000	      0.00000000	      0.00000000	     -0.00925464	     -0.05693573	      0.01134712	    -33.85538541	     26.48382804	     12.02523739	     57.88952256	      0.00000000	      0.00000000	      0.00000000	      0.00000000	     37.57478496	     34.91244936	    -26.29520298	     54.92291841	      0.00000000	      0.00000000	      0.00000000	      0.00000000	     74.17599529	     -7.13838677	      0.03687328	    -64.07087637	     -3.72545708	      0.01969143	      0.00000000	     14.28714082	     -2.42179626	      0.00000000	     76.84071406	     -6.16008594	     -1.31194789	    -67.71022142	      4.64974915	     -4.93797708	      0.00000000	     20.65434755	      7.55462209	      0.00000000
      1.76666667	     31.71404099	      5.19858055	   -174.13520329	      0.37424301	     -0.09833768	     -0.49577301	    -25.41725690	      8.07419902	      0.39322917	     17.79904029	     -5.11045774	      2.26732278	      0.04104935	     -0.04523064	      0.02045304	      0.00000000	      0.00000000	      0.00000000	     -0.00387201	     -0.04767886	     -0.01842677	      0.00000000	      0.00000000	      0.00000000	     -0.01200293	     -0.06067333	      0.01007632	    -34.48598307	     19.22828869	     18.77172847	     39.12395741	      0.00000000	      0.00000000	      0.00000000	      0.00000000	     35.34399792	     30.65273786	    -36.92143919	     35.02777746	      0.00000000	      0.00000000	      0.00000000	      0.00000000	     78.38209513	     -7.65586797	      0.22664982	    -69.49238401	     -3.32386663	      1.49635433	      0.00000000	     15.30213800	     -2.46283338	      0.00000000	     81.48113291	     -7.00160749	     -0.63454976	    -73.86809461	      5.59219714	     -4.97098377	      0.00000000	     21.96063366	      7.82047126	      0.00000000
      1.80000000	     31.94941688	      6.46567426	   -174.23949459	      0.37240278	     -0.12296136	     -0.49748349	    -28.07964888	      8.76018355	      0.43288599	     19.27986352	     -4.91927884	      2.90781250	      0.04625135	     -0.04901936	      0.02001275	      0.00000000	      0.00000000	      0.00000000	     -0.00559340	     -0.04868746	     -0.00634498	      0.00000000	      0.00000000	      0.00000000	     -0.00847717	     -0.04653908	      0.00937404	    -32.38123051	      6.99739737	     25.45794629	     26.94731793	      0.00000000	      0.00000000	      0.00000000	      0.00000000	     31.86778096	     18.54501881	    -45.91508976	     25.28217196	      0.00000000	      0.00000000	      0.00000000	      0.00000000	     82.10178122	     -7.67359352	     -0.33023758	    -75.12403770	     -3.04280259	      2.18520562	      0.00000000	     16.11984422	     -2.72716559	      0.00000000	     85.76715571	     -8.61487800	     -0.01024902	    -80.37883969	      6.07964367	     -4.97885678	      0.00000000	     23.90190746	      8.97436531	      0.00000000
      1.83333333	     31.14972171	      7.12811637	   -174.22754302	      0.36784366	     -0.14818732	     -0.49928037	    -31.39623441	      8.70889427	      0.23741607	     21.23793734	     -3.77799906	      3.37240128	      0.05115406	     -0.05435415	      0.01901509	      0.00000000	      0.00000000	      0.00000000	     -0.01463423	     -0.04488013	      0.00489912	      0.00000000	      0.00000000	      0.00000000	     -0.00305554	     -0.03029340	      0.01235936	    -30.15195587	     -8.87297488	     27.07738982	     24.38027078	      0.00000000	      0.00000000	      0.00000000	      0.00000000	     32.39037652	     -1.26421375	    -51.07978622	     28.61436626	      0.00000000	      0.00000000	      0.00000000	      0.00000000	     84.65762908	     -7.94195010	     -1.34573669	    -81.03508426	     -3.12275705	      2.03010128	      0.00000000	     17.74988066	     -2.36208014	      0.00000000	     88.54690199	    -10.27664076	      0.21202717	    -86.43580372	      6.04365519	     -4.98473282	      0.00000000	     25.73199573	     10.13180750	      0.00000000
      1.86666667	     31.41709873	      7.26311609	   -174.14543104	      0.36188641	     -0.17370635	     -0.50193795	    -32.60623440	      7.81525589	     -0.14659102	     22.78719460	     -2.12787201	      3.25242584	      0.05760245	     -0.06152258	      0.01966949	      0.00000000	      0.00000000	      0.00000000	     -0.02455755	     -0.03446644	      0.00784654	      0.00000000	      0.00000000	      0.00000000	     -0.00774688	     -0.02857624	      0.01096134	    -28.19443343	    -24.91399139	     27.63411894	     25.46903236	      0.00000000	      0.00000000	      0.00000000	      0.00000000	     36.21101255	    -19.91912023	    -62.26943457	     33.61807721	      0.00000000	      0.00000000	      0.00000000	      0.00000000	     88.08655163	     -8.31222983	     -2.71671427	    -86.79197417	     -5.92905905	      0.64572405	      0.00000000	     20.66828073	      2.65313825	      0.00000000	     91.93089690	    -11.76859128	     -0.01720880	    -91.68017751	      5.52243233	     -4.93006692	      0.00000000	     26.64891844	     11.79157478	      0.00000000
      1.90000000	     31.44593990	      6.59207896	   -173.74058454	      0.35490043	     -0.19610260	     -0.50407359	    -33.37278189	      6.41484176	     -0.44303570	     24.15366395	     -1.28950548	      2.86152821	      0.06464003	     -0.06646705	      0.02313800	      0.00000000	      0.00000000	      0.00000000	     -0.02673448	     -0.02639183	     -0.00070590	      0.00000000	      0.00000000	      0.00000000	     -0.02352889	     -0.03156785	      0.00595954	    -27.59949436	    -39.01328391	     32.07779635	     27.17480945	      0.00000000	      0.00000000	      0.00000000	      0.00000000	     40.25983198	    -30.77585726	    -77.41024496	     35.24761184	      0.00000000	      0.00000000	      0.00000000	      0.00000000	     90.65414565	     -8.82658253	     -2.42030288	    -91.75178511	     -7.68391900	      0.02789499	      0.00000000	     23.17595716	      5.33405390	      0.00000000	     94.06821724	    -12.70139177	      0.30924323	    -95.74820446	      6.80061193	     -3.64311393	      0.00000000	     26.95390064	     11.29222038	      0.00000000
      1.93333333	     31.88872882	      5.86640404	   -173.30001309	      0.34864232	     -0.21307105	     -0.50558854	    -32.86485137	      5.00235532	     -0.72095164	     25.53357956	     -0.33831659	      2.99239756	      0.07385077	     -0.06770763	      0.02731058	      0.00000000	      0.00000000	      0.00000000	     -0.03325814	     -0.02673348	     -0.01046449	      0.00000000	      0.00000000	      0.00000000	     -0.03400987	     -0.03048258	      0.00430060	    -27.21096320	    -45.53044772	     44.93617995	     25.36421888	      0.00000000	      0.00000000	      0.00000000	      0.00000000	     40.35410833	    -35.23071546	    -88.16293647	     33.25127975	      0.00000000	      0.00000000	      0.00000000	      0.00000000	     92.82259161	     -8.99785025	     -0.74971127	    -95.44021416	    -11.43872732	      0.44805101	      0.00000000	     25.07705692	      9.73745346	      0.00000000	     95.93118157	    -13.18594214	      1.87333352	    -98.24962213	     10.85079000	     -1.04696098	      0.00000000	     26.50141429	      6.83836368	      0.00000000
      1.96666667	     32.60293761	      4.85131151	   -172.55449933	      0.34426056	     -0.22264219	     -0.50517869	    -31.27870842	      3.71006852	     -1.26610264	     25.58568493	     -0.13806342	      2.45916195	      0.07774698	     -0.06481345	      0.03069332	      0.00000000	      0.00000000	      0.00000000	     -0.04566183	     -0.03172052	     -0.00769436	      0.00000000	      0.00000000	      0.00000000	     -0.03185654	     -0.02811281	      0.00647657	    -21.52791589	    -43.40497707	     52.89440015	     20.26950877	      0.00000000	      0.00000000	      0.00000000	      0.00000000	     35.72557323	    -34.09973262	    -93.52676564	     26.82976670	      0.00000000	      0.00000000	      0.00000000	      0.00000000	     94.53496200	     -9.12600841	     -0.17646142	    -97.27933108	    -13.39193874	     -0.81035915	      0.00000000	     25.47226454	      9.16007044	      0.00000000	     97.01401788	    -12.50307201	      2.45062759	    -99.01349619	     12.38746355	      0.69438973	      0.00000000	     26.66243539	      4.86884504	      0.00000000
      2.00000000	     32.68907367	      4.21097372	   -172.43754575	      0.34188979	     -0.22379750	     -0.50352416	    -29.67472337	      2.70117405	     -1.38895904	     25.34845281	     -0.23844313	      1.98363482	      0.07665679	     -0.05946746	      0.03174985	      0.00000000	      0.00000000	      0.00000000	     -0.03875482	     -0.04044938	      0.00078160	      0.00000000	      0.00000000	      0.00000000	     -0.01939198	     -0.02069816	      0.01112203	    -18.53725104	    -36.34412267	     55.88431906	     20.61593327	      0.00000000	      0.00000000	      0.00000000	      0.00000000	     29.43003074	    -25.99146856	   -105.55275372	     16.31227129	      0.00000000	      0.00000000	      0.00000000	      0.00000000	     94.52675731	     -7.97374106	      0.36168276	    -97.10618151	    -14.48401818	     -2.11530055	      0.00000000	     24.84677372	      6.68027841	      0.00000000	     96.94717176	    -11.73729709	      3.58528537	    -98.96178907	     12.74928584	      2.06855055	      0.00000000	     26.88608615	      3.43431839	      0.00000000
      2.03333333	     31.93926292	      4.15628165	   -173.02123023	      0.33993625	     -0.21827659	     -0.50156264	    -27.99525630	      2.11736364	     -0.81170618	     24.68140234	     -0.67065790	      0.52286945	      0.06871032	     -0.05612584	      0.02915882	      0.00000000	      0.00000000	      0.00000000	     -0.00234009	     -0.03276759	      0.00302536	      0.00000000	      0.00000000	      0.00000000	     -0.00935572	     -0.00406741	      0.02571032	    -21.15871223	    -26.77680055	     47.03097850	     32.39001463	      0.00000000	      0.00000000	      0.00000000	      0.00000000	     29.46266318	     -8.52926620	   -131.53261307	     13.97511996	      0.00000000	      0.00000000	      0.00000000	      0.00000000	     92.61912433	     -5.76682560	     -0.27812404	    -95.15326111	    -14.89690267	     -4.18648795	      0.00000000	     24.38106703	      4.64790693	      0.00000000	     95.86278147	    -11.26017209	      5.32444100	    -98.92840696	     11.53930877	      2.84737908	      0.00000000	     27.16205739	      3.91284841	      0.00000000
      2.06666667	     29.77403076	      4.64465563	   -173.84608418	      0.33587464	     -0.20865366	     -0.49969126	    -26.82063365	      2.14177164	     -0.37790496	     24.37987119	     -0.32344701	     -0.23217739	      0.05640763	     -0.05720249	      0.02293040	      0.00000000	      0.00000000	      0.00000000	      0.02287280	     -0.02355351	     -0.01042363	      0.00000000	      0.00000000	      0.00000000	     -0.03472677	      0.00916575	      0.03052517	    -28.43562251	     -9.02324882	     33.31120578	     52.85416074	      0.00000000	      0.00000000	      0.00000000	      0.00000000	     32.33515661	     18.20205930	   -137.64456413	     12.31669500	      0.00000000	      0.00000000	      0.00000000	      0.00000000	     88.55695865	     -3.14387331	     -0.19598170	    -92.78655576	    -14.89690267	     -4.96448197	      0.00000000	     23.99929496	      3.75321407	      0.00000000	     93.19891364	    -10.79701800	      7.02794184	    -99.19841518	      9.56315238	      2.53727263	      0.00000000	     27.13016541	      4.96250945	      0.00000000
      2.10000000	     26.05708500	      5.34218980	   -174.48844183	      0.32681278	     -0.19690332	     -0.49923692	    -26.44787991	      2.35272816	      0.08684387	     25.25802813	     -0.31483614	     -1.39799176	      0.04497702	     -0.06256057	      0.01840719	      0.00000000	      0.00000000	      0.00000000	      0.01021868	     -0.04349284	     -0.01071832	      0.00000000	      0.00000000	      0.00000000	     -0.06775405	     -0.04701265	     -0.00060421	    -33.05487611	     27.40892017	     22.31990176	     42.65214166	      0.00000000	      0.00000000	      0.00000000	      0.00000000	     35.88415372	     48.44337821	    -90.44323936	      0.00000000	      0.00000000	      0.00000000	      0.00000000	      0.00000000	     82.44631256	     -0.43921093	      0.14775715	    -90.64992502	    -13.44011779	     -4.98473282	      0.00000000	     22.98787429	      1.11234281	      0.00000000	     88.32333946	    -10.47881136	      7.95624631	    -99.15448548	      6.80093518	      1.09018536	      0.00000000	     26.95852315	      7.44543905	      0.00000000
      2.13333333	     21.10375023	      5.52602508	   -174.95382874	      0.31099258	     -0.18437177	     -0.49961118	    -26.81475043	      1.87697984	      0.44288115	     26.05027326	      0.20449465	     -2.88265923	      0.03526749	     -0.06879778	      0.01549295	      0.00000000	      0.00000000	      0.00000000	      0.02776073	     -0.06842741	     -0.00042637	      0.00000000	      0.00000000	      0.00000000	      0.02525299	     -0.04869389	      0.01139609	    -40.45143764	     57.95767926	     21.92305408	     18.95579608	      0.00000000	      0.00000000	      0.00000000	      0.00000000	     48.39141413	     47.89943295	     -7.97513343	     42.76846287	      0.00000000	      0.00000000	      0.00000000	      0.00000000	     74.84075413	      2.11895191	      0.74542711	    -88.80870286	    -13.84847197	     -4.98473282	      0.00000000	     21.88049599	      0.62276591	      0.00000000	     80.65784329	    -10.38719724	      6.20163267	    -98.09305256	      4.34758733	     -2.36563184	      0.00000000	     27.66476239	     10.19567707	      0.00000000
      2.16666667	     14.39459771	      4.84463649	   -175.22166745	      0.28828711	     -0.16845692	     -0.49916326	    -29.33437856	      0.74360500	      0.65177674	     27.62177430	      0.66343428	     -3.75732951	      0.03167578	     -0.07283667	      0.01484602	      0.00000000	      0.00000000	      0.00000000	      0.02964473	     -0.03840768	     -0.00344881	      0.00000000	      0.00000000	      0.00000000	      0.02975178	     -0.03520677	      0.02251926	    -49.77160911	     71.63046590	      0.82428246	     11.63020151	      0.00000000	      0.00000000	      0.00000000	      0.00000000	     79.06367666	     64.07186566	      9.97846144	     35.81577629	      0.00000000	      0.00000000	      0.00000000	      0.00000000	     64.41695524	      4.14988550	      2.16681585	    -86.40452654	    -14.89690267	     -4.98473282	      0.00000000	     21.87904545	      1.33480501	      0.00000000	     69.18460625	    -10.34346989	      3.86255297	    -95.30250303	      3.56274845	     -4.98473282	      0.00000000	     28.92120367	     11.55069721	      0.00000000
      2.20000000	      9.13916424	      2.83198900	   -175.93012319	      0.26233565	     -0.14846839	     -0.49526777	    -30.67964541	     -1.53399400	      0.91274314	     28.08644732	      0.54850699	     -4.96335387	      0.03021739	     -0.07345260	      0.01480502	      0.00000000	      0.00000000	      0.00000000	      0.00675556	      0.00693736	     -0.03850264	      0.00000000	      0.00000000	      0.00000000	      0.03878037	     -0.00588928	      0.05226977	    -73.19644416	     63.45535735	    -31.41473820	     45.97938333	      0.00000000	      0.00000000	      0.00000000	      0.00000000	    109.06973494	     56.82983998	     41.44147230	     62.50773491	      0.00000000	      0.00000000	      0.00000000	      0.00000000	     54.79205515	      4.46026045	      4.77835743	    -83.36261728	    -14.89690267	     -4.98473282	      0.00000000	     22.60317500	      1.89609763	      0.00000000	     57.39790804	     -9.25793755	      1.96395404	    -90.28442258	      1.06044424	     -4.98473282	      0.00000000	     30.85011761	     13.81554290	      0.00000000
      2.23333333	      6.61354376	      1.64047872	   -176.59236966	      0.23551683	     -0.12178077	     -0.48869620	    -29.19939643	     -2.43340426	      1.54342355	     26.85941790	      0.53132510	     -5.51665989	      0.02751460	     -0.07069552	      0.01100256	      0.00000000	      0.00000000	      0.00000000	      0.02521296	      0.03046839	     -0.04752921	      0.00000000	      0.00000000	      0.00000000	      0.05106947	      0.01967957	      0.05793381	   -102.42193076	     55.58392482	    -71.62129209	     89.83612142	      0.00000000	      0.00000000	      0.00000000	      0.00000000	    135.40901467	     48.10692122	     82.29916877	     83.35927387	      0.00000000	      0.00000000	      0.00000000	      0.00000000	     46.77149921	      3.95641544	      6.71171988	    -77.83708858	    -14.89690267	     -4.98473282	      0.00000000	     24.03192032	      2.36619947	      0.00000000	     48.19930688	     -7.90836282	      0.33116783	    -83.84834516	     -1.60792933	     -4.98473282	      0.00000000	     32.90844098	     15.08783423	      0.00000000
      2.26666667	      6.95917523	      1.36942763	   -176.52717193	      0.20876385	     -0.08479030	     -0.47940272	    -24.42806734	     -1.60788095	      1.85627675	     23.22998072	     -0.36097280	     -4.98811048	      0.01646183	     -0.06544310	      0.00754410	      0.00000000	      0.00000000	      0.00000000	     -0.00322576	      0.02586068	     -0.05377262	      0.00000000	      0.00000000	      0.00000000	      0.05095751	      0.01470598	      0.04791244	   -143.63748079	     37.90550555	   -108.09556478	     73.22541158	      0.00000000	      0.00000000	      0.00000000	      0.00000000	    159.61391130	     25.53258735	    102.43728752	     65.40885351	      0.00000000	      0.00000000	      0.00000000	      0.00000000	     40.05760652	      2.44534063	      7.14167582	    -68.63817112	    -14.16427088	     -4.98473282	      0.00000000	     25.04874939	      2.18043848	      0.00000000	     41.51406878	     -6.43636886	     -0.68052902	    -74.95671370	     -3.88290565	     -4.98473282	      0.00000000	     33.72715289	     14.93521491	      0.00000000
      2.30000000	      8.98348198	      1.45696703	   -176.19516162	      0.18005060	     -0.03421913	     -0.46858672	    -17.29600101	     -0.17941940	      1.74667933	     20.44551835	     -0.60916589	     -2.79650483	      0.00387975	     -0.06027044	      0.00321828	      0.00000000	      0.00000000	      0.00000000	     -0.00527705	      0.01668412	     -0.03817785	      0.00000000	      0.00000000	      0.00000000	      0.05879595	      0.01889474	      0.02423015	   -169.56004062	      8.35620550	    -98.13279988	     31.09440993	      0.00000000	      0.00000000	      0.00000000	      0.00000000	    172.15713644	      2.39411898	     87.53732062	     37.09621179	      0.00000000	      0.00000000	      0.00000000	      0.00000000	     33.04736139	      0.38961017	      6.44599545	    -55.14429614	    -11.51819408	     -4.98473282	      0.00000000	     23.05413735	      0.70905481	      0.00000000	     34.98185633	     -5.25975988	     -1.81169618	    -61.83292676	     -4.77475432	     -4.98473282	      0.00000000	     30.02054166	     13.80175983	      0.00000000
      2.33333333	      8.35947338	      1.33738728	   -175.42049024	      0.14262847	      0.03006597	     -0.45761763	    -11.68636749	      1.08318330	      1.53858483	     16.18556861	     -2.07849088	     -0.85072800	     -0.01534461	     -0.05491886	      0.00430026	      0.00000000	      0.00000000	      0.00000000	     -0.04398890	      0.04690871	     -0.02474569	      0.00000000	      0.00000000	      0.00000000	      0.04862425	      0.03041657	     -0.00480529	   -184.44135738	      0.68819288	    -73.01432039	      4.34234913	      0.00000000	      0.00000000	      0.00000000	      0.00000000	    182.05510012	     -4.71777739	     59.26605362	     14.44874372	      0.00000000	      0.00000000	      0.00000000	      0.00000000	     20.50986960	     -1.70929101	      4.14023729	    -36.77489298	     -5.68255087	     -4.98473282	      0.00000000	     12.17546600	     -8.43439781	      0.00000000	     22.90793416	     -4.19244134	     -3.51896745	    -43.02064621	     -2.09673814	     -4.98473282	      0.00000000	     19.31448029	      9.07692183	      0.00000000
      2.36666667	      9.91776152	      0.79904063	   -175.93122326	      0.10100616	      0.09896544	     -0.44896716	     -2.31535277	      0.77716137	      2.50246155	     13.68608900	     -3.27297549	      0.42434574	     -0.02387318	     -0.04859746	      0.00997679	      0.00000000	      0.00000000	      0.00000000	     -0.06785517	      0.06785157	     -0.02832905	      0.00000000	      0.00000000	      0.00000000	      0.03287117	      0.03853291	     -0.01066542	   -186.59695031	      3.19848923	    -86.54523334	      0.00000000	      0.00000000	      0.00000000	      0.00000000	      0.00000000	    183.04211816	      0.37364959	     54.40506317	      4.70477396	      0.00000000	      0.00000000	      0.00000000	      0.00000000	     11.00130266	     -3.18485495	      1.79958563	    -18.43027476	     -5.17010452	     -4.98473282	      0.00000000	     -5.71056404	    -12.81279893	      0.00000000	     12.31815555	     -3.07841465	     -9.19755403	    -21.87637292	      3.05278150	     -4.98473282	      0.00000000	      1.15038310	      2.38755621	      0.00000000
      2.40000000	     13.70775998	      1.03802621	   -176.85425347	      0.06432635	      0.16805100	     -0.44209610	      9.09780722	      1.10098772	      3.20005597	     14.23455479	     -4.79908516	      1.80796906	     -0.02077701	     -0.04218446	      0.01959055	      0.00000000	      0.00000000	      0.00000000	     -0.05619642	      0.07926182	     -0.02035893	      0.00000000	      0.00000000	      0.00000000	      0.01721058	      0.04598073	     -0.00735532	   -187.30902564	      6.41993206	   -105.53460409	      0.00000000	      0.00000000	      0.00000000	      0.00000000	      0.00000000	    178.65758786	      8.92547499	     90.14268152	      8.51205728	      0.00000000	      0.00000000	      0.00000000	      0.00000000	      7.65239861	     -3.36610471	     -1.62775332	     -5.58012260	    -12.54022010	     -4.98473282	      0.00000000	    -20.63219154	     -5.63045651	      0.00000000	      7.55758770	     -1.44354152	    -15.64979071	     -5.84311183	      5.06926698	     -4.98473282	      0.00000000	    -14.30391588	      0.05486565	      0.00000000
      2.43333333	     15.09994521	      0.88812767	   -176.82529632	      0.03409519	      0.23422119	     -0.43728956	     16.12403786	      0.71616781	      3.26288975	     16.90142988	     -7.66654280	      2.25565625	     -0.01279198	     -0.03993183	      0.03458072	      0.00000000	      0.00000000	      0.00000000	     -0.04073853	      0.07720000	     -0.01514465	      0.00000000	      0.00000000	      0.00000000	      0.01251183	      0.04823137	     -0.00559089	   -185.22830335	      9.19193199	   -106.43484163	      2.44937396	      0.00000000	      0.00000000	      0.00000000	      0.00000000	    175.66489791	     14.18664119	    102.71529621	     12.21068205	      0.00000000	      0.00000000	      0.00000000	      0.00000000	      4.91897015	     -3.37179792	     -8.90279776	      0.74189344	    -14.89690267	     -4.98473282	      0.00000000	    -28.97505597	     -0.92075594	      0.00000000	      4.63758552	      0.70360475	    -15.57541939	      1.32355439	      1.91884495	     -4.98473282	      0.00000000	    -19.58993302	     -0.16304915	      0.00000000
      2.46666667	     15.05116141	      0.46776489	   -176.66985394	      0.01089045	      0.29110508	     -0.43420554	     19.76288238	     -0.14114409	      3.56868724	     18.68727390	     -7.72372110	     -1.18628809	     -0.00700333	     -0.04360588	      0.03492882	      0.00000000	      0.00000000	      0.00000000	     -0.04912847	      0.07217374	     -0.02441278	      0.00000000	      0.00000000	      0.00000000	      0.01032319	      0.04231911	     -0.00654251	   -178.90351672	     15.19364771	   -120.52801668	     15.31133981	      0.00000000	      0.00000000	      0.00000000	      0.00000000	    175.05664609	     16.39004049	    101.84343918	     12.18157605	      0.00000000	      0.00000000	      0.00000000	      0.00000000	      3.20779665	     -3.26535608	    -11.45500014	      1.87891365	    -14.89690267	     -4.98473282	      0.00000000	    -29.66405102	      0.32782461	      0.00000000	      3.09116225	      2.32183801	    -13.20221975	      2.22880797	     -1.62672070	     -4.98473282	      0.00000000	    -19.30588668	     -1.12721631	      0.00000000
      2.50000000	     13.50429857	      0.47748489	   -176.56664310	     -0.00497292	      0.33241614	     -0.43130647	     20.23623395	     -0.11655255	      3.91556299	     19.28665587	     -7.74860011	     -4.37271404	     -0.00149328	     -0.04669110	      0.03235637	      0.00000000	      0.00000000	      0.00000000	     -0.05653868	      0.06730210	     -0.03217268	      0.00000000	      0.00000000	      0.00000000	      0.01222250	      0.03476484	     -0.00628567	   -177.00304009	     14.82308471	   -110.40213021	     14.31398247	      0.00000000	      0.00000000	      0.00000000	      0.00000000	    174.77962539	     16.68637156	     95.84583563	     10.74169955	      0.00000000	      0.00000000	      0.00000000	      0.00000000	      2.04000084	     -2.80351654	     -9.33213072	      0.20067905	    -14.89690267	     -4.98473282	      0.00000000	    -26.77458438	      0.07652427	      0.00000000	      2.02805390	      2.50962169	    -11.00011882	     -0.23857462	     -2.59217951	     -4.98473282	      0.00000000	    -18.00807611	     -0.44581270	      0.00000000
      2.53333333	     11.95649030	      0.86556117	   -176.16797151	     -0.01327119	      0.35718841	     -0.42853237	     19.23859118	      0.55691677	      3.51345441	     18.55650588	     -7.38824528	     -5.44340932	     -0.00072196	     -0.04598934	      0.02897919	      0.00000000	      0.00000000	      0.00000000	     -0.06231364	      0.06734287	     -0.02599535	      0.00000000	      0.00000000	      0.00000000	      0.01311809	      0.03253033	     -0.00803545	   -182.23702490	     12.46368122	    -89.54775589	      1.65238531	      0.00000000	      0.00000000	      0.00000000	      0.00000000	    174.94084860	     16.49730331	     91.96473222	      8.63277820	      0.00000000	      0.00000000	      0.00000000	      0.00000000	      2.45959523	     -2.29605789	     -6.37447459	     -2.28443372	    -14.48270740	     -4.98473282	      0.00000000	    -23.35001139	      1.28577702	      0.00000000	      2.46270687	      1.43637906	    -10.12794173	     -3.05322454	     -2.16152586	     -4.98473282	      0.00000000	    -17.56116465	      3.75395701	      0.00000000
      2.56666667	     10.52875472	      1.34647729	   -175.70621344	     -0.01786899	      0.36770575	     -0.42609485	     17.87224419	      1.46119351	      3.59479005	     16.01592787	     -6.65031299	     -6.95175595	     -0.00414479	     -0.04106040	      0.02292897	      0.00000000	      0.00000000	      0.00000000	     -0.07238515	      0.07525420	     -0.02791620	      0.00000000	      0.00000000	      0.00000000	      0.01560917	      0.03724366	     -0.00775834	   -183.63276060	     14.14591267	    -90.77562465	      0.00000000	      0.00000000	      0.00000000	      0.00000000	      0.00000000	    174.27231744	     16.98570420	     91.18195775	      8.55608189	      0.00000000	      0.00000000	      0.00000000	      0.00000000	      3.72133363	     -1.98609869	     -5.63064346	     -3.93117433	    -12.83847190	     -4.98473282	      0.00000000	    -21.96280870	      2.78882575	      0.00000000	      3.40172019	     -0.18010300	    -12.02969796	     -4.08680743	      0.16449446	     -4.98473282	      0.00000000	    -17.21843951	      6.61437224	      0.00000000
      2.60000000	      8.48991157	      1.35142205	   -175.84652658	     -0.02211200	      0.36747302	     -0.42370278	     15.54068364	      2.13138799	      4.01478777	     12.93006542	     -6.34462467	     -6.51329587	     -0.01169669	     -0.03332136	      0.02046647	      0.00000000	      0.00000000	      0.00000000	     -0.06929736	      0.08081561	     -0.03051916	      0.00000000	      0.00000000	      0.00000000	      0.01375221	      0.04214532	     -0.00787435	   -183.27012582	     15.49440435	   -105.52290013	      4.70152642	      0.00000000	      0.00000000	      0.00000000	      0.00000000	    173.34196616	     16.87999646	     85.17188420	      8.33762644	      0.00000000	      0.00000000	      0.00000000	      0.00000000	      4.45597236	     -2.24309080	     -6.65411984	     -4.65458728	     -9.52987340	     -4.98473282	      0.00000000	    -22.34064802	      3.30822177	      0.00000000	      3.12306707	     -1.63562370	    -19.94476951	     -2.94102883	      6.00323969	     -4.98473282	      0.00000000	    -16.55996671	      8.87089940	      0.00000000
      2.63333333	      7.42592644	      0.95446328	   -175.14424623	     -0.02652060	      0.35892485	     -0.42116147	     14.67036435	      1.78412117	      4.03519324	      8.85622380	     -6.30424006	     -6.68240107	     -0.02050767	     -0.02521060	      0.01865506	      0.00000000	      0.00000000	      0.00000000	     -0.06209456	      0.08407284	     -0.03684779	      0.00000000	      0.00000000	      0.00000000	      0.01086336	      0.04357825	     -0.00828421	   -180.12560490	     17.38625004	   -110.51238401	     12.16568317	      0.00000000	      0.00000000	      0.00000000	      0.00000000	    172.49586346	     17.37020369	     80.71780054	      9.39099723	      0.00000000	      0.00000000	      0.00000000	      0.00000000	      5.79062317	     -3.04120271	     -8.49647009	     -4.74446924	     -6.54539453	     -4.98473282	      0.00000000	    -22.94266107	      3.82465493	      0.00000000	      4.05573427	     -2.43563960	    -24.82838241	     -1.75990354	      8.38789129	     -4.98473282	      0.00000000	    -16.03583350	     10.58740357	      0.00000000
      2.66666667	      5.51097632	      0.39587096	   -174.31600112	     -0.03333186	      0.34250544	     -0.41774805	     13.31041889	      1.07174442	      3.14994004	      4.20042954	     -6.02402165	     -5.47862719	     -0.02952245	     -0.01706782	      0.01809318	      0.00000000	      0.00000000	      0.00000000	     -0.04848123	      0.08409585	     -0.03398483	      0.00000000	      0.00000000	      0.00000000	      0.00774195	      0.04043210	     -0.01341161	   -179.33318772	     17.71877355	   -106.95288469	     12.40523284	      0.00000000	      0.00000000	      0.00000000	      0.00000000	    173.09851145	     17.83416109	     76.73274274	      9.04226937	      0.00000000	      0.00000000	      0.00000000	      0.00000000	      5.50767274	     -3.83329480	    -10.13720348	     -4.06137346	     -3.02994962	     -4.98473282	      0.00000000	    -23.62308465	      2.80258305	      0.00000000	      3.65561499	     -2.88313357	    -27.85405175	     -0.61352450	     10.59311909	     -4.98473282	      0.00000000	    -16.03894898	      9.78852608	      0.00000000
      2.70000000	      3.35466150	     -0.45432492	   -173.37814879	     -0.04108134	      0.31733636	     -0.41359108	     12.08762639	     -0.25312658	      2.22195428	      0.44677980	     -4.95778834	     -4.30449779	     -0.03169951	     -0.01171593	      0.01641131	      0.00000000	      0.00000000	      0.00000000	     -0.03813230	      0.08104023	     -0.01506354	      0.00000000	      0.00000000	      0.00000000	      0.01101718	      0.03855232	     -0.01701594	   -183.17620307	     17.61579989	    -92.95682026	      1.94720210	      0.00000000	      0.00000000	      0.00000000	      0.00000000	    173.56983636	     18.88749849	     75.72969361	     10.54063920	      0.00000000	      0.00000000	      0.00000000	      0.00000000	      5.02713215	     -4.90490276	    -10.57487655	     -4.02357243	     -1.54268601	     -4.98473282	      0.00000000	    -24.50200936	      0.55467663	      0.00000000	      3.31737166	     -3.02611139	    -27.29718410	     -0.98568796	     11.07457235	     -4.98473282	      0.00000000	    -16.54804197	      7.41656392	      0.00000000
      2.73333333	      0.95679317	     -1.08019992	   -172.49963624	     -0.04931246	      0.28137090	     -0.40861911	     10.78027498	     -1.38761928	      1.53488748	     -2.67594992	     -3.49045168	     -3.26435735	     -0.02953669	     -0.00923830	      0.01451942	      0.00000000	      0.00000000	      0.00000000	     -0.04400660	      0.07936386	     -0.00773140	      0.00000000	      0.00000000	      0.00000000	      0.02166119	      0.03950674	     -0.01879725	   -182.29903285	     20.53659059	    -88.09007772	      0.00000000	      0.00000000	      0.00000000	      0.00000000	      0.00000000	    173.63195909	     20.65717129	     77.78526135	     14.06804163	      0.00000000	      0.00000000	      0.00000000	      0.00000000	      4.70051375	     -5.81882367	     -9.31621015	     -5.27837681	     -2.76517830	     -4.98473282	      0.00000000	    -26.53664662	     -2.48812652	      0.00000000	      3.27324774	     -3.24762645	    -23.64984319	     -2.91466464	      8.64382802	     -4.98473282	      0.00000000	    -16.91323321	      5.32873949	      0.00000000
      2.76666667	     -0.88108859	     -1.23366667	   -171.32130784	     -0.05591771	      0.23314192	     -0.40269446	     10.03457133	     -1.95088030	      0.62636425	     -5.43243755	     -1.18437512	     -1.62510698	     -0.02556425	     -0.00963989	      0.01185496	      0.00000000	      0.00000000	      0.00000000	     -0.05161002	      0.07668409	      0.00378094	      0.00000000	      0.00000000	      0.00000000	      0.03348698	      0.04076967	     -0.01942933	   -181.83024385	     23.73999741	    -89.33942809	      0.00000000	      0.00000000	      0.00000000	      0.00000000	      0.00000000	    172.51253270	     24.13712844	     84.87680519	     20.30700857	      0.00000000	      0.00000000	      0.00000000	      0.00000000	      5.78135839	     -6.50996618	     -6.85067593	     -8.99120439	     -5.21436242	     -4.98473282	      0.00000000	    -28.60247731	     -5.03738670	      0.00000000	      5.42114836	     -3.56087456	    -12.86445363	     -8.33820346	      0.27165856	     -4.98473282	      0.00000000	    -15.81704021	      5.09819619	      0.00000000
      2.80000000	     -3.95417676	     -1.57913828	   -170.89477827	     -0.06301546	      0.17532126	     -0.39621412	      7.78763360	     -2.25624038	      0.02479921	     -7.56579582	      0.78797052	      0.40636481	     -0.02136196	     -0.01382464	      0.01279677	      0.00000000	      0.00000000	      0.00000000	     -0.04581104	      0.06728624	      0.02282224	      0.00000000	      0.00000000	      0.00000000	      0.04264332	      0.03563126	     -0.01469601	   -181.93862094	     26.19516195	    -88.23872962	      0.60096335	      0.00000000	      0.00000000	      0.00000000	      0.00000000	    168.89477646	     27.22376233	     87.07491769	     29.26737587	      0.00000000	      0.00000000	      0.00000000	      0.00000000	      6.22489427	     -7.02475988	     -4.10403768	    -15.21680651	     -5.83582678	     -4.98473282	      0.00000000	    -27.97747332	     -7.19078371	      0.00000000	      6.46033034	     -3.40635753	     -5.23794681	    -15.55644986	     -4.69011396	     -4.98473282	      0.00000000	    -13.47221578	      6.32504600	      0.00000000
      2.83333333	     -6.60578243	     -1.97732080	   -170.34305311	     -0.06807460	      0.11281880	     -0.38942106	      5.87076391	     -2.16162097	     -0.55214403	     -9.44410784	      1.88804375	      1.82778236	     -0.01730154	     -0.02138966	      0.01323994	      0.00000000	      0.00000000	      0.00000000	     -0.01835203	      0.04493004	      0.01872082	      0.00000000	      0.00000000	      0.00000000	      0.04671274	      0.01537278	     -0.01735543	   -172.09197780	     25.59282104	    -75.93675874	     16.94549938	      0.00000000	      0.00000000	      0.00000000	      0.00000000	    164.94117544	     30.66375174	     88.24225277	     37.51275727	      0.00000000	      0.00000000	      0.00000000	      0.00000000	      7.95981628	     -7.76529462	     -3.28919720	    -24.60002681	     -3.54314833	     -4.98473282	      0.00000000	    -20.42041292	     -8.31630452	      0.00000000	      9.10159488	     -2.80242548	      0.76564244	    -25.79948259	     -9.57473729	     -4.98473282	      0.00000000	     -6.91092450	     12.14933384	      0.00000000
      2.86666667	    -10.81128200	     -3.15013517	   -170.58544863	     -0.06987013	      0.05337672	     -0.38439018	      1.44866558	     -2.60461367	     -0.07393122	    -10.14057994	      2.92662263	      2.29667026	     -0.01507196	     -0.03058275	      0.01414737	      0.00000000	      0.00000000	      0.00000000	      0.00400721	      0.01877755	      0.01904834	      0.00000000	      0.00000000	      0.00000000	      0.03844884	     -0.00904266	     -0.01699260	   -159.83105615	     28.43355244	    -80.82207847	     38.23040062	      0.00000000	      0.00000000	      0.00000000	      0.00000000	    157.01537583	     35.04337956	     87.07323614	     50.49229879	      0.00000000	      0.00000000	      0.00000000	      0.00000000	      8.66177393	     -8.71976632	     -1.03486122	    -35.28968266	     -2.64202216	     -4.39021408	      0.00000000	     -8.38410016	    -10.41518068	      0.00000000	     10.63601662	     -2.12749090	      2.15798908	    -37.89915326	     -8.38767211	     -4.98473282	      0.00000000	      2.33968735	     13.75027981	      0.00000000
      2.90000000	    -14.61904420	     -4.00461343	   -170.00125814	     -0.06715677	      0.00216554	     -0.38119151	     -3.06143268	     -2.51477999	     -0.93405268	    -10.03588114	      1.94444422	      2.13252989	     -0.01267074	     -0.03753788	      0.01636124	      0.00000000	      0.00000000	      0.00000000	      0.01047981	      0.00039420	      0.01625688	      0.00000000	      0.00000000	      0.00000000	      0.02089119	     -0.03501848	     -0.02069761	   -144.10954915	     35.10786571	    -80.91485974	     62.15933524	      0.00000000	      0.00000000	      0.00000000	      0.00000000	    144.55915121	     38.78422205	     79.69656323	     66.20755669	      0.00000000	      0.00000000	      0.00000000	      0.00000000	      9.73343104	     -9.35950359	     -1.18547255	    -45.56982966	     -2.77691771	     -4.73215995	      0.00000000	      3.72203911	    -11.15526026	      0.00000000	     13.39010812	     -2.07276549	      2.53571600	    -50.80278926	     -5.69616222	     -4.98473282	      0.00000000	     12.94854210	     14.31438172	      0.00000000
      2.93333333	    -18.15165120	     -4.71939348	   -168.90149893	     -0.05978828	     -0.03626607	     -0.37936945	     -7.88526335	     -2.00910538	     -2.21940343	     -8.87292220	     -0.06092436	      1.34814493	     -0.00970101	     -0.04052446	      0.01934427	      0.00000000	      0.00000000	      0.00000000	      0.00473788	     -0.01666142	      0.01397600	      0.00000000	      0.00000000	      0.00000000	      0.00108290	     -0.04872912	     -0.01834472	   -126.52513884	     39.54131629	    -70.13840335	     81.72586413	      0.00000000	      0.00000000	      0.00000000	      0.00000000	    125.62429139	     40.52040543	     64.84216289	     85.80236227	      0.00000000	      0.00000000	      0.00000000	      0.00000000	     10.31148471	    -10.22303269	     -2.00126665	    -53.86096094	     -3.90198980	     -4.98473282	      0.00000000	     11.51927977	    -10.31095087	      0.00000000	     15.79319368	     -2.32002940	      2.49742722	    -61.47148486	     -3.21666405	     -4.98473282	      0.00000000	     20.71419887	     14.23345036	      0.00000000
      2.96666667	    -19.40809466	     -4.92344050	   -167.33490593	     -0.04783414	     -0.06079696	     -0.37737166	    -10.50216096	     -0.77231166	     -3.88599043	     -7.77266634	     -2.44554904	      1.20091116	     -0.00675865	     -0.03850962	      0.02066450	      0.00000000	      0.00000000	      0.00000000	     -0.00283391	     -0.02111600	      0.00819254	      0.00000000	      0.00000000	      0.00000000	     -0.01350374	     -0.05060208	     -0.00855738	   -105.13144627	     40.31552350	    -50.15237014	     97.37429971	      0.00000000	      0.00000000	      0.00000000	      0.00000000	    102.85376662	     37.28470865	     41.52785789	    104.97690498	      0.00000000	      0.00000000	      0.00000000	      0.00000000	     11.95953845	    -11.60382674	     -3.46624919	    -58.96891570	     -6.72242832	     -4.98473282	      0.00000000	     16.06235319	     -4.66674976	      0.00000000	     19.37259362	     -2.21581877	      3.18829711	    -68.90840050	     -0.95724909	     -4.98473282	      0.00000000	     23.73008657	     14.30635794	      0.00000000
      3.00000000	    -22.16492591	     -5.67999855	   -166.83788971	     -0.03308379	     -0.07011187	     -0.37608440	    -15.70875628	      0.22887171	     -4.35794054	     -5.96741481	     -3.30304968	      0.63285963	     -0.00825178	     -0.03439834	      0.01727277	      0.00000000	      0.00000000	      0.00000000	     -0.00526133	     -0.01903248	      0.00022663	      0.00000000	      0.00000000	      0.00000000	     -0.01840663	     -0.03903516	      0.00282541	    -86.33855079	     34.06275633	    -26.92473272	    106.76268799	      0.00000000	      0.00000000	      0.00000000	      0.00000000	     80.74154519	     30.14159118	     11.72836163	    117.75055877	      0.00000000	      0.00000000	      0.00000000	      0.00000000	     10.36601303	    -12.80076540	     -4.35905937	    -60.43151296	     -6.82941153	     -4.98473282	      0.00000000	     16.59009334	     -3.53436094	      0.00000000	     18.71968108	     -2.36729452	      2.63095692	    -71.13015608	      0.64259674	     -4.98473282	      0.00000000	     23.62956414	     15.92246852	      0.00000000
      3.03333333	    -23.05055372	     -6.01971983	   -165.99580840	     -0.01457831	     -0.06921421	     -0.37488844	    -19.42221532	      1.29165100	     -4.86360201	     -3.71358145	     -3.76658058	      0.65215068	     -0.01101061	     -0.03101239	      0.01491811	      0.00000000	      0.00000000	      0.00000000	     -0.00251728	     -0.00689740	     -0.00557674	      0.00000000	      0.00000000	      0.00000000	     -0.01721726	     -0.02877120	      0.00129912	    -71.58091182	     23.99514933	     -2.79827959	    110.00176291	      0.00000000	      0.00000000	      0.00000000	      0.00000000	     62.29519751	     22.27474173	    -18.20730857	    114.75501705	      0.00000000	      0.00000000	      0.00000000	      0.00000000	      9.45199653	    -13.80021667	     -5.84523216	    -59.17022306	     -6.33626249	     -4.98473282	      0.00000000	     16.46706917	     -3.00547280	      0.00000000	     18.67384517	     -2.34172119	      2.48836385	    -70.25823785	      2.58974022	     -4.98473282	      0.00000000	     22.43926082	     17.18694794	      0.00000000
      3.06666667	    -22.26449722	     -6.25019453	   -165.14693087	      0.00756233	     -0.06138021	     -0.37400803	    -21.91467340	      1.76020351	     -5.09618424	     -1.26447725	     -3.49858499	      0.84581113	     -0.01566566	     -0.02954150	      0.01350529	      0.00000000	      0.00000000	      0.00000000	      0.00179201	      0.00146823	     -0.00683614	      0.00000000	      0.00000000	      0.00000000	     -0.01378388	     -0.02994832	     -0.00325922	    -61.56601330	     13.64903640	     18.82934551	    105.66041357	      0.00000000	      0.00000000	      0.00000000	      0.00000000	     51.36502137	     15.85456862	    -35.34328201	     98.43234495	      0.00000000	      0.00000000	      0.00000000	      0.00000000	      9.59203582	    -14.54003307	     -6.78121975	    -56.17104731	     -5.89477533	     -4.98473282	      0.00000000	     15.61604353	     -3.20303863	      0.00000000	     19.35580611	     -2.32961586	      1.76678784	    -67.52399163	      4.75567001	     -4.98473282	      0.00000000	     21.37085966	     17.93064943	      0.00000000
      3.10000000	    -20.43701064	     -6.56320256	   -164.43824629	      0.03259946	     -0.04860020	     -0.37285157	    -23.59963178	      1.54569699	     -5.17560368	      1.07996874	     -2.97128390	      0.84179738	     -0.02089160	     -0.03005145	      0.01269967	      0.00000000	      0.00000000	      0.00000000	      0.00076166	     -0.00034374	     -0.00330714	      0.00000000	      0.00000000	      0.00000000	     -0.01250737	     -0.03541837	     -0.00557817	    -54.39845271	      7.87457474	     35.45889073	     92.57907349	      0.00000000	      0.00000000	      0.00000000	      0.00000000	     45.25323021	     12.94859854	    -43.86482855	     77.32769225	      0.00000000	      0.00000000	      0.00000000	      0.00000000	     10.45524897	    -15.21607891	     -6.80067071	    -52.13027815	     -5.44234089	     -4.98473282	      0.00000000	     13.69796954	     -3.47536611	      0.00000000	     20.20528352	     -2.26215007	      0.13993729	    -63.25835802	      5.97962252	     -4.98473282	      0.00000000	     20.57077689	     18.16226983	      0.00000000
      3.13333333	    -18.12468550	     -7.01812073	   -163.74989795	      0.05927739	     -0.03243195	     -0.37085862	    -24.64029461	      0.81134298	     -5.50499479	      3.07968600	     -2.83036262	      0.63094405	     -0.02488907	     -0.03190602	      0.01340274	      0.00000000	      0.00000000	      0.00000000	     -0.00252966	     -0.00800470	      0.00351857	      0.00000000	      0.00000000	      0.00000000	     -0.01172939	     -0.04012266	     -0.00669103	    -47.24867356	      6.25432529	     45.16364608	     75.09593865	      0.00000000	      0.00000000	      0.00000000	      0.00000000	     40.81255421	     11.59324745	    -49.33959942	     58.62241210	      0.00000000	      0.00000000	      0.00000000	      0.00000000	     11.35661285	    -15.89261729	     -5.88881416	    -47.12826343	     -5.15646795	     -4.98473282	      0.00000000	     10.54076924	     -3.45306466	      0.00000000	     20.87179776	     -2.11398156	     -2.84524519	    -57.49466399	      5.70070061	     -4.98473282	      0.00000000	     19.24872897	     18.14422821	      0.00000000
      3.16666667	    -16.13589700	     -7.72836444	   -163.86691890	      0.08557070	     -0.01428147	     -0.36705263	    -25.44026227	     -0.52127793	     -5.25934425	      4.57459126	     -2.97815361	      0.25470679	     -0.02623674	     -0.03419145	      0.01474070	      0.00000000	      0.00000000	      0.00000000	     -0.00478299	     -0.01903021	      0.00917365	      0.00000000	      0.00000000	      0.00000000	     -0.01115889	     -0.04331381	     -0.00444828	    -41.08261856	      4.51284592	     47.01045268	     61.27044142	      0.00000000	      0.00000000	      0.00000000	      0.00000000	     37.35194475	      9.92115787	    -53.75506739	     45.65374811	      0.00000000	      0.00000000	      0.00000000	      0.00000000	     11.55622729	    -16.61507856	     -4.06272225	    -41.10814707	     -5.11324876	     -4.98473282	      0.00000000	      6.57119123	     -3.62129345	      0.00000000	     20.38110271	     -2.05172259	     -8.06412846	    -50.78731630	      4.72636389	     -4.98473282	      0.00000000	     16.64032358	     18.51309398	      0.00000000
      3.20000000	    -22.04896540	    -10.19681389	   -165.39063537	      0.10447891	      0.00858787	     -0.36029154	    -33.88905944	     -1.78777042	     -5.01879862	      5.48159206	     -3.26874526	     -0.75101206	     -0.02692826	     -0.03345389	      0.01620071	      0.00000000	      0.00000000	      0.00000000	     -0.00717480	     -0.02733708	      0.01157968	      0.00000000	      0.00000000	      0.00000000	     -0.00762398	     -0.03830995	      0.00059834	    -36.60473581	      1.37547314	     42.54621127	     54.99930333	      0.00000000	      0.00000000	      0.00000000	      0.00000000	     33.93059816	      6.95374825	    -55.92008490	     36.47865715	      0.00000000	      0.00000000	      0.00000000	      0.00000000	      0.51387237	    -16.81583827	     -3.14973102	    -31.00340478	     -5.35539483	     -4.98473282	      0.00000000	      1.40483397	     -5.38573920	      0.00000000	      9.47529407	     -2.22803336	    -14.03330029	    -44.03929177	      7.75024392	     -4.98473282	      0.00000000	     12.90538274	     15.63891577	      0.00000000
      3.23333333	    -21.01193663	     -9.53509904	   -164.67578815	      0.12716980	      0.02294272	     -0.35141027	    -33.25746205	     -0.98182196	     -5.76178721	      4.52672475	     -4.05202272	     -1.09502997	     -0.02617157	     -0.03276607	      0.01585132	      0.00000000	      0.00000000	      0.00000000	     -0.01154459	     -0.03119497	      0.01104088	      0.00000000	      0.00000000	      0.00000000	     -0.00556216	     -0.03330024	      0.00234563	    -34.45072535	     -1.86216098	     40.77980642	     52.87769217	      0.00000000	      0.00000000	      0.00000000	      0.00000000	     28.99671469	      3.36062582	    -57.26025355	     26.45578160	      0.00000000	      0.00000000	      0.00000000	      0.00000000	     -2.11287734	    -16.19877969	     -3.58707317	    -22.43027888	     -7.02782520	     -4.98473282	      0.00000000	     -1.68724992	     -6.35569690	      0.00000000	      8.87856245	     -2.76698750	    -14.08546529	    -46.00263587	      7.63785471	     -4.98473282	      0.00000000	     12.38464189	     13.75449630	      0.00000000
      3.26666667	    -20.92441934	     -8.48663915	   -163.91916582	      0.14817113	      0.03294981	     -0.34018330	    -32.80320121	      0.55147434	     -6.42878694	      3.38636098	     -4.49883777	     -1.46126258	     -0.02468401	     -0.03124111	      0.01349889	      0.00000000	      0.00000000	      0.00000000	     -0.01639108	     -0.02800312	      0.01076851	      0.00000000	      0.00000000	      0.00000000	     -0.00318582	     -0.02697821	      0.00056466	    -34.03547946	     -3.14981765	     45.88084873	     50.37837907	      0.00000000	      0.00000000	      0.00000000	      0.00000000	     23.61274060	      0.47438199	    -57.52154678	     15.69384537	      0.00000000	      0.00000000	      0.00000000	      0.00000000	     -5.67749233	    -15.11811757	     -5.11871768	    -14.02127894	     -9.15003478	     -4.98473282	      0.00000000	     -2.38010613	     -7.65554162	      0.00000000	      6.49924155	     -3.90032006	    -10.54714496	    -52.72579638	      6.47278156	     -4.98473282	      0.00000000	     13.85008023	     10.33066357	      0.00000000
      3.30000000	    -21.73931756	     -7.55823997	   -163.56516216	      0.16791850	      0.03819132	     -0.32568378	    -32.88022394	      2.20141184	     -7.43326019	      2.87954250	     -4.88409334	     -0.45519626	     -0.02174675	     -0.03045592	      0.01246118	      0.00000000	      0.00000000	      0.00000000	     -0.01214751	     -0.01907844	      0.01469332	      0.00000000	      0.00000000	      0.00000000	     -0.00507937	     -0.02044900	     -0.00572364	    -33.70080200	     -2.95773030	     55.14945823	     47.08291908	      0.00000000	      0.00000000	      0.00000000	      0.00000000	     18.32295420	     -1.63779827	    -55.57311290	      6.74094750	      0.00000000	      0.00000000	      0.00000000	      0.00000000	     -9.81234842	    -14.42019879	     -8.42473020	     -6.11042149	     -9.88511331	     -4.98473282	      0.00000000	     -0.61176875	     -7.22770765	      0.00000000	     -0.01719009	     -4.85882080	     -5.46756664	    -57.29326198	      4.22467318	     -4.98473282	      0.00000000	     13.48400244	      7.96366241	      0.00000000
      3.33333333	    -24.97364981	     -7.32237257	   -164.31268293	      0.18490489	      0.03901234	     -0.31068534	    -35.42162073	      2.99843969	     -7.67740167	      0.89264281	     -4.70328963	      0.30328564	     -0.02443632	     -0.02604945	      0.01302035	      0.00000000	      0.00000000	      0.00000000	     -0.00392049	     -0.01149017	      0.01781593	      0.00000000	      0.00000000	      0.00000000	     -0.00832291	     -0.01241162	     -0.00716376	    -33.05515968	     -3.06104565	     62.57631205	     44.85832934	      0.00000000	      0.00000000	      0.00000000	      0.00000000	     16.24753739	     -3.36553944	    -57.62669396	      3.45625744	      0.00000000	      0.00000000	      0.00000000	      0.00000000	    -16.28355714	    -13.77864317	    -14.55345860	      1.70669693	     -7.06519326	     -4.98473282	      0.00000000	      0.96950762	     -5.87177574	      0.00000000	    -12.91558201	     -6.18534932	     -3.16037279	    -53.32500146	      1.28139131	     -4.98473282	      0.00000000	     12.11641535	      9.57255614	      0.00000000
      3.36666667	    -25.78605849	     -5.27051784	   -165.59348672	      0.20515477	      0.03328247	     -0.29698022	    -35.31784963	      4.25683880	     -6.91495767	     -0.13495256	     -4.07247835	      0.74268485	     -0.02463623	     -0.02358286	      0.01220477	      0.00000000	      0.00000000	      0.00000000	      0.00099030	     -0.00903378	      0.01703393	      0.00000000	      0.00000000	      0.00000000	     -0.01215856	     -0.00877307	     -0.00285785	    -32.81148528	     -3.59153591	     65.57117260	     44.46249794	      0.00000000	      0.00000000	      0.00000000	      0.00000000	     17.10544830	     -5.06376706	    -65.36603272	      5.60216717	      0.00000000	      0.00000000	      0.00000000	      0.00000000	    -17.87947443	    -12.22835459	    -16.90892273	      6.78752191	     -3.48356455	     -4.98473282	      0.00000000	      0.33678086	     -7.55072300	      0.00000000	    -23.42012104	     -8.14935675	     -4.63143483	    -43.14453455	      1.10678921	     -4.98473282	      0.00000000	     15.09420475	     12.13387131	      0.00000000
      3.40000000	    -25.13240908	     -3.08166977	   -167.38384924	      0.22738140	      0.02436192	     -0.28483753	    -34.04272777	      4.79105458	     -5.63472462	     -1.57368528	     -3.07747979	      0.97446588	     -0.02635888	     -0.02098239	      0.01192770	      0.00000000	      0.00000000	      0.00000000	     -0.00296702	     -0.01307969	      0.01485230	      0.00000000	      0.00000000	      0.00000000	     -0.01127472	     -0.00893921	      0.00190723	    -32.54519121	     -3.78992918	     66.23131974	     44.96494561	      0.00000000	      0.00000000	      0.00000000	      0.00000000	     18.55705720	     -6.27255198	    -71.67251808	      8.81608891	      0.00000000	      0.00000000	      0.00000000	      0.00000000	    -16.86080398	    -11.08809483	    -15.74463447	     10.00000028	     -2.17872756	     -4.98473282	      0.00000000	     -1.26339900	    -10.07532372	      0.00000000	    -30.97306210	     -8.82726601	    -10.39380894	    -29.70954380	      3.78242584	     -4.98473282	      0.00000000	     20.11202821	     15.35618074	      0.00000000
      3.43333333	    -23.81112530	     -1.43859519	   -171.11641087	      0.25180622	      0.01625258	     -0.27239479	    -32.80113618	      3.94501331	     -3.07112505	     -2.53805991	     -2.06557958	      0.72636943	     -0.02789284	     -0.01928484	      0.01059473	      0.00000000	      0.00000000	      0.00000000	     -0.01111641	     -0.01864601	      0.01513805	      0.00000000	      0.00000000	      0.00000000	     -0.00502458	     -0.01395141	      0.00720640	    -31.50738781	     -2.58141228	     67.18752634	     43.55749591	      0.00000000	      0.00000000	      0.00000000	      0.00000000	     19.33321346	     -6.63377516	    -79.03251384	     10.57642692	      0.00000000	      0.00000000	      0.00000000	      0.00000000	    -13.13879287	    -11.33531945	    -11.04800859	     10.00000028	     -1.73103488	     -4.98473282	      0.00000000	     -1.52294088	    -12.55374563	      0.00000000	    -35.60480005	     -6.50746611	    -20.94370925	    -16.91841555	      8.00977283	     -4.98473282	      0.00000000	     22.99186026	     19.06045738	      0.00000000
      3.46666667	    -23.73397165	     -0.62492847	   -175.10604613	      0.27528655	      0.01187989	     -0.26000452	    -33.25155274	      2.59686706	     -0.18752714	     -2.76160021	     -1.15581500	      0.40619967	     -0.02806958	     -0.01799560	      0.00866469	      0.00000000	      0.00000000	      0.00000000	     -0.01532552	     -0.02238281	      0.01534645	      0.00000000	      0.00000000	      0.00000000	      0.00333095	     -0.02044213	      0.01183361	    -29.14553640	     -1.63362475	     66.35759798	     39.14376499	      0.00000000	      0.00000000	      0.00000000	      0.00000000	     19.58470664	     -5.50102804	    -87.92579679	     11.45687929	      0.00000000	      0.00000000	      0.00000000	      0.00000000	    -10.62392273	    -11.74937007	     -7.07720664	     10.00000028	     -3.02396370	     -4.98473282	      0.00000000	     -0.37432255	    -11.22339120	      0.00000000	    -37.91711165	     -2.78435093	    -29.06971241	     -9.68165191	     11.38621071	     -4.98473282	      0.00000000	     24.12439892	     20.11346457	      0.00000000
      3.50000000	    -24.28017607	     -0.54987966	   -178.15330812	      0.29745518	      0.01278944	     -0.24862268	    -34.44294830	      1.06142273	      1.42970186	     -2.61889794	     -1.06276145	     -0.07128598	     -0.02719722	     -0.01790548	      0.00790443	      0.00000000	      0.00000000	      0.00000000	     -0.01287038	     -0.02295595	      0.01600054	      0.00000000	      0.00000000	      0.00000000	      0.00770676	     -0.02632379	      0.01206790	    -24.29827539	     -1.00743685	     60.94260030	     30.66394503	      0.00000000	      0.00000000	      0.00000000	      0.00000000	     19.19766380	     -3.49753777	    -88.37633332	     12.52349177	      0.00000000	      0.00000000	      0.00000000	      0.00000000	     -9.38356394	    -12.30432102	     -6.54929038	     10.00000028	     -2.15228501	     -4.98473282	      0.00000000	      0.21126361	     -9.20326631	      0.00000000	    -37.26773970	     -0.01707098	    -29.42957262	     -9.67263116	     10.25101355	     -4.98473282	      0.00000000	     25.38805062	     18.31859609	      0.00000000
      3.53333333	    -25.07421385	     -0.30052370	   -179.39340585	      0.31759547	      0.01716839	     -0.23996197	    -35.79517794	      0.35649350	      2.06252211	     -2.60032441	     -0.51457552	     -0.85035191	     -0.02676275	     -0.01746164	      0.00670962	      0.00000000	      0.00000000	      0.00000000	     -0.01267152	     -0.02461216	      0.01746638	      0.00000000	      0.00000000	      0.00000000	      0.00649958	     -0.02912170	      0.00836074	    -18.02415626	     -0.86934968	     44.23088681	     23.65024289	      0.00000000	      0.00000000	      0.00000000	      0.00000000	     18.88279603	     -0.35431075	    -81.69327287	     13.81911185	      0.00000000	      0.00000000	      0.00000000	      0.00000000	     -9.55169222	    -12.00766585	     -8.83677618	     10.00000028	     -1.78211973	     -4.98473282	      0.00000000	     -1.11328088	     -7.00124404	      0.00000000	    -34.81820845	      0.47066309	    -25.19004430	    -14.22210815	      8.28385047	     -4.98473282	      0.00000000	     26.36473134	     14.31612121	      0.00000000
      3.56666667	    -25.49725424	      0.18828358	   -178.51474833	      0.33483343	      0.02285671	     -0.23270164	    -36.33887278	      1.20844838	      0.68894015	     -2.80928818	     -1.04342189	     -0.99202637	     -0.02479998	     -0.01643318	      0.00753482	      0.00000000	      0.00000000	      0.00000000	     -0.02064112	     -0.02641970	      0.01752976	      0.00000000	      0.00000000	      0.00000000	     -0.00114851	     -0.03107583	      0.00192597	    -13.60090636	      1.50020039	     28.81887561	     20.38022514	      0.00000000	      0.00000000	      0.00000000	      0.00000000	     19.23125145	      3.08105385	    -73.41889351	     16.17314382	      0.00000000	      0.00000000	      0.00000000	      0.00000000	    -10.82098836	    -11.05662669	    -12.34748384	     10.00000028	     -2.27871490	     -4.98473282	      0.00000000	     -5.60756317	     -7.23432840	      0.00000000	    -32.02006518	     -0.51215620	    -21.00395245	    -18.59929722	      7.52948179	     -4.98473282	      0.00000000	     25.84525820	     11.90005037	      0.00000000
      3.60000000	    -25.56784855	      0.85160869	   -176.41444656	      0.34926080	      0.02800321	     -0.22871859	    -36.05463354	      2.56858780	     -0.92812901	     -3.57542092	     -0.99000689	     -1.35213549	     -0.02288135	     -0.01369964	      0.00975577	      0.00000000	      0.00000000	      0.00000000	     -0.02381819	     -0.02948596	      0.01362873	      0.00000000	      0.00000000	      0.00000000	     -0.00616188	     -0.03085886	     -0.00152561	    -13.18967641	      1.23993993	     23.12573959	     24.79296326	      0.00000000	      0.00000000	      0.00000000	      0.00000000	     20.84052013	      5.64999460	    -66.82193775	     19.35992532	      0.00000000	      0.00000000	      0.00000000	      0.00000000	    -12.64322371	     -9.53726522	    -16.24148017	     10.00000028	     -3.54831094	     -4.98473282	      0.00000000	    -10.96073777	     -7.23089934	      0.00000000	    -29.80916129	     -2.20916468	    -18.09405167	    -21.12000446	      7.74314609	     -4.98473282	      0.00000000	     24.77033072	     10.33801568	      0.00000000
      3.63333333	    -24.54501838	      1.53642841	   -174.96266929	      0.36366960	      0.03246130	     -0.22604946	    -34.66789607	      3.71988906	     -2.17559283	     -3.85353530	     -0.84752535	     -1.91137477	     -0.02064946	     -0.01211235	      0.00984253	      0.00000000	      0.00000000	      0.00000000	     -0.02237087	     -0.02890010	      0.01422243	      0.00000000	      0.00000000	      0.00000000	     -0.01202723	     -0.02957700	     -0.00640314	    -14.93639628	      1.01957302	     27.26962854	     29.89553410	      0.00000000	      0.00000000	      0.00000000	      0.00000000	     21.74520711	      7.67317865	    -63.20674201	     21.08089721	      0.00000000	      0.00000000	      0.00000000	      0.00000000	    -11.99865933	     -8.61304908	    -17.50205948	      6.57863936	     -5.05270906	     -4.98473282	      0.00000000	    -12.93897497	     -6.66747897	      0.00000000	    -28.03649944	     -3.30903397	    -17.94585731	    -20.62775421	      8.47237793	     -4.98473282	      0.00000000	     23.58648730	      9.74520003	      0.00000000
      3.66666667	    -22.72531869	      1.58045158	   -174.41667451	      0.37882955	      0.03669835	     -0.22404369	    -32.89579831	      3.83194373	     -3.19954812	     -3.69561144	     -0.91404484	     -1.52275539	     -0.02089647	     -0.01150033	      0.01200312	      0.00000000	      0.00000000	      0.00000000	     -0.01883148	     -0.02617598	      0.01638457	      0.00000000	      0.00000000	      0.00000000	     -0.01603095	     -0.02865816	     -0.00882140	    -17.86462777	      1.86278658	     35.18200826	     33.87402979	      0.00000000	      0.00000000	      0.00000000	      0.00000000	     22.52234229	      8.05050783	    -56.95834393	     23.56773237	      0.00000000	      0.00000000	      0.00000000	      0.00000000	     -9.70566166	     -8.90408881	    -11.53613106	      0.39419584	    -11.54514845	     -4.98473282	      0.00000000	    -10.53579494	     -3.73087576	      0.00000000	    -26.14744451	     -2.97629511	    -18.36620543	    -19.04311970	     10.77808034	     -4.98473282	      0.00000000	     21.58961032	      6.33305992	      0.00000000
      3.70000000	    -22.18467645	      1.82570542	   -174.17622548	      0.39004945	      0.04130943	     -0.22442365	    -32.28361150	      3.97595483	     -3.12768443	     -3.45197870	     -0.45564870	     -2.37654386	     -0.02104565	     -0.01117783	      0.01118851	      0.00000000	      0.00000000	      0.00000000	     -0.01346205	     -0.02318555	      0.01591375	      0.00000000	      0.00000000	      0.00000000	     -0.02233866	     -0.02800191	     -0.00735309	    -20.85735184	      1.34283085	     40.06316674	     38.51229083	      0.00000000	      0.00000000	      0.00000000	      0.00000000	     24.02180502	      9.86129025	    -55.51539317	     24.87547066	      0.00000000	      0.00000000	      0.00000000	      0.00000000	     -9.63584092	     -8.01951007	     -5.40514377	     -5.48423748	    -14.89690267	     -4.98473282	      0.00000000	     -7.65800784	     -2.55772080	      0.00000000	    -26.41716496	     -2.75503413	    -19.63408509	    -16.15633201	     12.36998118	     -4.98473282	      0.00000000	     19.79627305	      5.12799293	      0.00000000
      3.73333333	    -21.70931974	      1.30083992	   -174.83864058	      0.39978115	      0.04563422	     -0.22621170	    -32.00809827	      2.83148239	     -2.24283111	     -2.81350785	      0.12598386	     -2.82162965	     -0.02252141	     -0.01191965	      0.01214320	      0.00000000	      0.00000000	      0.00000000	     -0.01415160	     -0.02159379	      0.01390774	      0.00000000	      0.00000000	      0.00000000	     -0.02725685	     -0.02806012	     -0.00226113	    -22.59883427	      0.54045883	     40.50930697	     41.80885510	      0.00000000	      0.00000000	      0.00000000	      0.00000000	     26.55903088	     12.01872891	    -53.00775849	     27.85886442	      0.00000000	      0.00000000	      0.00000000	      0.00000000	     -9.86787836	     -7.73849471	     -0.62055046	    -11.58691129	    -14.89690267	     -4.98473282	      0.00000000	     -4.55354396	     -3.01686879	      0.00000000	    -26.79363157	     -1.41600965	    -20.76737023	    -13.47252031	     13.64361514	     -4.98473282	      0.00000000	     17.55769511	      4.21703962	      0.00000000
      3.76666667	    -21.20494525	      0.23183730	   -175.43307632	      0.40744695	      0.04914173	     -0.22773573	    -31.54594179	      1.48804250	     -1.88446138	     -2.32945076	      0.52094782	     -2.94809461	     -0.02308665	     -0.01287745	      0.01142112	      0.00000000	      0.00000000	      0.00000000	     -0.01590212	     -0.02204420	      0.00792054	      0.00000000	      0.00000000	      0.00000000	     -0.02891080	     -0.02865339	      0.00175093	    -24.21830997	     -1.03347307	     38.44692276	     45.32719900	      0.00000000	      0.00000000	      0.00000000	      0.00000000	     29.03782892	     13.63778450	    -49.49420076	     32.45521942	      0.00000000	      0.00000000	      0.00000000	      0.00000000	    -11.02794921	     -8.08162212	      3.92560302	    -16.14434420	    -14.89690267	     -4.98473282	      0.00000000	     -3.04093926	     -3.86541966	      0.00000000	    -26.83753833	      0.26228927	    -20.93376618	    -11.59130458	     13.85513807	     -4.98473282	      0.00000000	     15.62765556	      4.36563400	      0.00000000
      3.80000000	    -20.22163628	     -0.75561484	   -176.39671480	      0.41436616	      0.05131957	     -0.23031730	    -30.51131390	      0.09804200	     -1.19743862	     -2.45679854	      0.54770860	     -2.93747640	     -0.02462297	     -0.01296687	      0.01114907	      0.00000000	      0.00000000	      0.00000000	     -0.01789571	     -0.02450151	      0.00361740	      0.00000000	      0.00000000	      0.00000000	     -0.02311904	     -0.02716668	      0.00205042	    -25.63377899	     -3.17177540	     35.59699914	     49.97350028	      0.00000000	      0.00000000	      0.00000000	      0.00000000	     30.23585482	     13.12249083	    -44.49614264	     39.08461966	      0.00000000	      0.00000000	      0.00000000	      0.00000000	    -11.88012389	     -8.58390794	      8.34630241	    -19.18431197	    -14.89690267	     -4.98473282	      0.00000000	     -4.09461333	     -5.98882598	      0.00000000	    -26.07629898	      1.70837714	    -21.43836909	    -10.55600316	     13.35242928	     -4.98473282	      0.00000000	     14.58466618	      5.67947180	      0.00000000
      3.83333333	    -19.20024739	     -1.46734880	   -177.47218298	      0.42034292	      0.05209281	     -0.23367251	    -29.24331020	     -0.85807862	     -0.72500778	     -2.82221326	      0.34899329	     -2.62904998	     -0.02479494	     -0.01234557	      0.01015083	      0.00000000	      0.00000000	      0.00000000	     -0.01829793	     -0.02598134	      0.00076015	      0.00000000	      0.00000000	      0.00000000	     -0.01612445	     -0.02522944	      0.00201035	    -27.21369160	     -5.33471395	     33.83757046	     54.83257358	      0.00000000	      0.00000000	      0.00000000	      0.00000000	     30.71962021	     11.00918138	    -41.03176135	     45.70378497	      0.00000000	      0.00000000	      0.00000000	      0.00000000	    -12.73557246	     -9.15728514	     11.50324373	    -20.35668748	    -14.89690267	     -4.98473282	      0.00000000	     -6.71222414	     -8.67612174	      0.00000000	    -25.21294435	      2.77921212	    -22.45095114	     -9.69268956	     12.92113692	     -4.98473282	      0.00000000	     13.75562486	      7.09443227	      0.00000000
      3.86666667	    -18.29177837	     -1.70082678	   -178.35714189	      0.42514256	      0.05169790	     -0.23817925	    -27.90504432	     -1.07920267	     -0.60155445	     -3.28135333	     -0.21425448	     -2.49695832	     -0.02366632	     -0.01139996	      0.00901421	      0.00000000	      0.00000000	      0.00000000	     -0.02044884	     -0.02561783	     -0.00051561	      0.00000000	      0.00000000	      0.00000000	     -0.01122356	     -0.02473850	      0.00490612	    -28.68141453	     -7.07654792	     33.30017446	     59.18185513	      0.00000000	      0.00000000	      0.00000000	      0.00000000	     31.59204478	      8.13519398	    -39.71422898	     51.61868370	      0.00000000	      0.00000000	      0.00000000	      0.00000000	    -13.83797176	     -9.66877474	     11.94020096	    -19.03147523	    -14.89690267	     -4.98473282	      0.00000000	     -8.38887053	    -10.94756103	      0.00000000	    -24.47710724	      3.28657670	    -23.88911946	     -8.71364656	     13.52360568	     -4.98473282	      0.00000000	     12.96604466	      7.28594898	      0.00000000
      3.90000000	    -17.61400925	     -0.95297306	   -179.49113201	      0.42852338	      0.05053690	     -0.24484163	    -26.68715135	     -0.31248889	     -0.30795944	     -3.66227879	     -0.91614984	     -2.42956079	     -0.02173073	     -0.01022822	      0.00733864	      0.00000000	      0.00000000	      0.00000000	     -0.02589632	     -0.02275252	     -0.00144616	      0.00000000	      0.00000000	      0.00000000	     -0.01025081	     -0.02627695	      0.01012780	    -29.73389036	     -7.99542006	     33.52604682	     62.28596883	      0.00000000	      0.00000000	      0.00000000	      0.00000000	     32.94093137	      5.07602843	    -39.47659697	     56.77771063	      0.00000000	      0.00000000	      0.00000000	      0.00000000	    -15.04128966	     -9.48650562	      9.79093624	    -15.41757391	    -14.89690267	     -4.98473282	      0.00000000	     -8.00456560	    -12.32252824	      0.00000000	    -24.07553492	      2.87780315	    -25.75682969	     -7.62955223	     14.89690267	     -4.98473282	      0.00000000	     12.74265439	      6.34707357	      0.00000000
      3.93333333	    -18.26733201	      0.00796992	   -180.09016020	      0.42889398	      0.04938801	     -0.25333317	    -26.68684968	      0.90831393	     -0.89388870	     -3.87948868	     -1.55799520	     -1.90076216	     -0.01852978	     -0.00852031	      0.00636136	      0.00000000	      0.00000000	      0.00000000	     -0.02952090	     -0.01855448	     -0.00324817	      0.00000000	      0.00000000	      0.00000000	     -0.01098800	     -0.02729857	      0.01365765	    -30.54635316	     -8.65890414	     34.40977755	     64.95446253	      0.00000000	      0.00000000	      0.00000000	      0.00000000	     34.11281155	      1.43822024	    -39.45158183	     61.64187549	      0.00000000	      0.00000000	      0.00000000	      0.00000000	    -18.34524302	     -9.18345062	      2.68410605	     -9.36133514	    -14.35060913	     -4.98473282	      0.00000000	     -5.19784587	     -7.77663855	      0.00000000	    -25.23617288	      1.99517343	    -25.80222525	     -6.35924258	     14.89690267	     -4.98473282	      0.00000000	     12.80145193	      5.70920772	      0.00000000
      3.96666667	    -19.93412343	      0.70710015	   -179.99838241	      0.42691796	      0.04889153	     -0.26565118	    -27.62649570	      1.60152350	     -1.72581007	     -3.88574643	     -2.12786159	     -2.53801186	     -0.01447708	     -0.00684859	      0.00794763	      0.00000000	      0.00000000	      0.00000000	     -0.03172622	     -0.01421463	     -0.00246806	      0.00000000	      0.00000000	      0.00000000	     -0.01322547	     -0.02672481	      0.01628189	    -30.08827343	     -9.56869122	     34.94094388	     66.93865996	      0.00000000	      0.00000000	      0.00000000	      0.00000000	     36.06063659	     -1.85113434	    -41.47746941	     65.71244323	      0.00000000	      0.00000000	      0.00000000	      0.00000000	    -23.23547136	     -8.39954231	    -14.13400092	     -2.99699093	     -2.14696550	     -4.98473282	      0.00000000	     -4.42568068	     -4.46534982	      0.00000000	    -27.27148574	      0.61028642	    -24.19144569	     -5.77814422	     14.89690267	     -4.98473282	      0.00000000	     12.88161813	      4.32662411	      0.00000000
      4.00000000	    -20.18147154	      1.98456728	   -182.05301870	      0.42858838	      0.04994507	     -0.28021018	    -27.69715708	      2.04031685	     -0.51511195	     -3.55249317	     -2.20276499	     -2.01787125	     -0.01205799	     -0.00711579	      0.00757428	      0.00000000	      0.00000000	      0.00000000	     -0.02927849	     -0.01136151	     -0.00192667	      0.00000000	      0.00000000	      0.00000000	     -0.01569554	     -0.02728320	      0.01393925	    -30.03022604	    -10.52667420	     35.39609538	     69.00230980	      0.00000000	      0.00000000	      0.00000000	      0.00000000	     36.96098434	     -5.81005794	    -43.34653218	     69.24354591	      0.00000000	      0.00000000	      0.00000000	      0.00000000	    -23.42281300	     -7.13606053	    -14.08173378	     -1.87361848	     -0.59391070	     -4.98473282	      0.00000000	     -4.26757404	     -3.21815172	      0.00000000	    -27.69970036	     -0.71365115	    -24.57211907	     -5.67937010	     14.89690267	     -4.98473282	      0.00000000	     12.72427127	      3.26592115	      0.00000000
      4.03333333	    -20.71990045	      2.52495408	   -183.81398414	      0.43055458	      0.05195592	     -0.29475543	    -28.21031089	      1.84550842	      0.29174326	     -3.26110643	     -2.39111586	     -1.20440716	     -0.01053257	     -0.00701600	      0.00836993	      0.00000000	      0.00000000	      0.00000000	     -0.02573909	     -0.00874049	      0.00035253	      0.00000000	      0.00000000	      0.00000000	     -0.01802791	     -0.02590819	      0.01050615	    -29.97713285	    -11.56929383	     35.86182596	     70.49137613	      0.00000000	      0.00000000	      0.00000000	      0.00000000	     37.48479713	     -9.58803368	    -45.29036324	     71.74407793	      0.00000000	      0.00000000	      0.00000000	      0.00000000	    -23.56142792	     -6.57722012	    -13.43662580	     -1.97022315	      0.49069667	     -4.98473282	      0.00000000	     -4.15481640	     -2.17372848	      0.00000000	    -28.38298330	     -1.36167852	    -24.05260273	     -5.41294168	     13.80355985	     -4.98473282	      0.00000000	     11.58729438	      2.79335774	      0.00000000
      4.06666667	    -21.08224714	      2.38883410	   -185.00212505	      0.43344406	      0.05390144	     -0.30892419	    -28.63759025	      1.27846616	      0.40613153	     -3.18182711	     -2.71517255	      0.33887462	     -0.01056577	     -0.00637828	      0.01070731	      0.00000000	      0.00000000	      0.00000000	     -0.02320388	     -0.00769949	      0.00098739	      0.00000000	      0.00000000	      0.00000000	     -0.02050754	     -0.02342206	      0.00792419	    -30.70702308	    -12.55192228	     36.57642090	     71.81954378	      0.00000000	      0.00000000	      0.00000000	      0.00000000	     37.79970333	    -12.56637508	    -46.61130315	     73.63340955	      0.00000000	      0.00000000	      0.00000000	      0.00000000	    -23.45874082	     -6.37198689	    -11.91870193	     -2.43006541	      0.05993386	     -4.98473282	      0.00000000	     -3.44706808	     -1.70562982	      0.00000000	    -28.60022543	     -1.51166774	    -22.10460715	     -5.33109456	     11.23725147	     -4.98473282	      0.00000000	     10.16940862	      2.88946477	      0.00000000
      4.10000000	    -20.51552473	      2.27020405	   -185.83855615	      0.43711571	      0.05498581	     -0.32282288	    -28.13710284	      1.03569476	      0.53859830	     -3.30534343	     -2.50632584	      1.87818226	     -0.01125082	     -0.00556705	      0.01085861	      0.00000000	      0.00000000	      0.00000000	     -0.02364259	     -0.00801775	     -0.00211435	      0.00000000	      0.00000000	      0.00000000	     -0.02227538	     -0.02124751	      0.00666804	    -32.28027567	    -13.48005225	     37.17992124	     72.78344690	      0.00000000	      0.00000000	      0.00000000	      0.00000000	     37.94074805	    -14.39973196	    -47.53889697	     74.81167713	      0.00000000	      0.00000000	      0.00000000	      0.00000000	    -22.48129445	     -5.80571675	     -9.78426932	     -2.75048040	     -1.00482565	     -4.98473282	      0.00000000	     -2.10592351	     -1.52984228	      0.00000000	    -27.92564740	     -1.86336779	    -20.43970562	     -5.23147851	      8.95664398	     -4.98473282	      0.00000000	      9.00451682	      2.90703669	      0.00000000
      4.13333333	    -19.94643386	      2.54013825	   -186.28522227	      0.44031706	      0.05513877	     -0.33710494	    -27.63980077	      1.26925386	      0.66126738	     -3.63549951	     -1.90881598	      2.90242872	     -0.01271408	     -0.00443144	      0.01036690	      0.00000000	      0.00000000	      0.00000000	     -0.02339157	     -0.00780791	     -0.00599041	      0.00000000	      0.00000000	      0.00000000	     -0.02199881	     -0.01955433	      0.00743123	    -33.85381004	    -14.88113118	     37.62240146	     73.49866622	      0.00000000	      0.00000000	      0.00000000	      0.00000000	     38.37877180	    -15.87922661	    -48.48658951	     75.76506123	      0.00000000	      0.00000000	      0.00000000	      0.00000000	    -21.98398235	     -4.67134258	     -8.89685882	     -2.36993927	     -0.85057023	     -4.98473282	      0.00000000	     -1.26710663	     -1.30800902	      0.00000000	    -27.69737386	     -2.70896920	    -20.56719345	     -4.65272108	      8.14310420	     -4.98473282	      0.00000000	      7.95606423	      2.56353587	      0.00000000
      4.16666667	    -19.04770226	      2.85503734	   -186.49607953	      0.44295737	      0.05444501	     -0.35103671	    -26.66222472	      1.75777403	      0.52952719	     -4.01291037	     -1.89007215	      3.46615059	     -0.01311954	     -0.00344486	      0.01119144	      0.00000000	      0.00000000	      0.00000000	     -0.02134956	     -0.00827380	     -0.01067603	      0.00000000	      0.00000000	      0.00000000	     -0.01682575	     -0.01920181	      0.00750371	    -35.58162062	    -16.72582724	     38.38891556	     74.48202767	      0.00000000	      0.00000000	      0.00000000	      0.00000000	     39.25259514	    -18.08134538	    -49.98281910	     77.05596424	      0.00000000	      0.00000000	      0.00000000	      0.00000000	    -21.42647754	     -3.40231781	     -8.32254926	     -1.76347780	     -0.24921366	     -4.98473282	      0.00000000	     -0.99008323	     -1.06419614	      0.00000000	    -27.40727142	     -3.68201641	    -21.45561862	     -3.62103423	      7.96266113	     -4.98473282	      0.00000000	      7.17578235	      2.22805514	      0.00000000
      4.20000000	    -17.83952929	      3.21772995	   -186.96520126	      0.44494730	      0.05297261	     -0.36487420	    -25.19518750	      2.19670680	      0.53602462	     -4.50354965	     -2.18315896	      3.40821349	     -0.01194142	     -0.00245604	      0.01304615	      0.00000000	      0.00000000	      0.00000000	     -0.01897488	     -0.00950529	     -0.01394360	      0.00000000	      0.00000000	      0.00000000	     -0.00987750	     -0.01843494	      0.00780009	    -37.15221138	    -18.63436556	     39.44837317	     75.83508670	      0.00000000	      0.00000000	      0.00000000	      0.00000000	     40.85259893	    -20.47591776	    -52.04476228	     78.33782936	      0.00000000	      0.00000000	      0.00000000	      0.00000000	    -20.58239447	     -2.15290208	     -8.41095893	     -1.39304885	      1.47680382	     -4.98473282	      0.00000000	     -1.16369413	     -0.86703185	      0.00000000	    -26.99922314	     -4.64280021	    -23.99750175	     -2.33996907	      9.20005583	     -4.98473282	      0.00000000	      6.74339426	      2.30988521	      0.00000000
      4.23333333	    -16.78792442	      3.63034524	   -187.63375967	      0.44685086	      0.05176348	     -0.37843802	    -23.94547585	      2.64314038	      0.87357856	     -4.70569877	     -2.33617284	      2.79916101	     -0.00942922	     -0.00244707	      0.01382418	      0.00000000	      0.00000000	      0.00000000	     -0.02018500	     -0.01056926	     -0.01532050	      0.00000000	      0.00000000	      0.00000000	     -0.00476265	     -0.01614179	      0.00851103	    -38.28938275	    -19.98700692	     39.70449786	     77.33655837	      0.00000000	      0.00000000	      0.00000000	      0.00000000	     42.40816534	    -22.01998126	    -53.44739196	     79.03925513	      0.00000000	      0.00000000	      0.00000000	      0.00000000	    -19.97155630	     -0.88911295	     -9.31068478	     -0.88779446	      3.61764410	     -4.98473282	      0.00000000	     -2.08241906	     -0.73000192	      0.00000000	    -26.80163348	     -5.49286077	    -26.93313666	     -0.86012176	     10.56503850	     -4.98473282	      0.00000000	      5.76115870	      3.11707828	      0.00000000
      4.26666667	    -16.20974282	      3.94514028	   -188.40171257	      0.44905519	      0.05116876	     -0.39132183	    -23.31985521	      3.02651947	      1.24012496	     -4.45915254	     -2.31277090	      2.37643567	     -0.00580077	     -0.00336819	      0.01304938	      0.00000000	      0.00000000	      0.00000000	     -0.02304507	     -0.01054894	     -0.01592682	      0.00000000	      0.00000000	      0.00000000	     -0.00284412	     -0.01240990	      0.00911567	    -39.21777023	    -20.82774835	     38.65552047	     79.09924326	      0.00000000	      0.00000000	      0.00000000	      0.00000000	     42.77951490	    -22.80710686	    -52.65199612	     78.88273815	      0.00000000	      0.00000000	      0.00000000	      0.00000000	    -19.88786196	      0.19584208	     -9.74810577	      0.03154801	      4.31236757	     -4.98473282	      0.00000000	     -2.74018969	     -0.56363445	      0.00000000	    -26.89257001	     -6.17901799	    -27.94960103	      0.16250435	     10.85169521	     -4.98473282	      0.00000000	      4.40749576	      3.90579740	      0.00000000
      4.30000000	    -16.24018111	      4.34367653	   -189.05046884	      0.45199731	      0.05162131	     -0.40430878	    -23.57402682	      3.32652623	      1.68158500	     -4.37026183	     -2.09965330	      1.94236861	     -0.00436977	     -0.00425237	      0.01235149	      0.00000000	      0.00000000	      0.00000000	     -0.02353211	     -0.01224309	     -0.01613015	      0.00000000	      0.00000000	      0.00000000	     -0.00286092	     -0.00993923	      0.01084941	    -40.09996960	    -21.97477234	     36.63983549	     81.59745133	      0.00000000	      0.00000000	      0.00000000	      0.00000000	     42.49716627	    -23.08492808	    -49.76851693	     78.66598837	      0.00000000	      0.00000000	      0.00000000	      0.00000000	    -20.13589908	      1.26140715	    -10.09545451	      0.71629643	      4.54803556	     -4.98473282	      0.00000000	     -2.51479393	     -0.54034447	      0.00000000	    -27.47549127	     -6.90221196	    -28.98945159	      0.98194843	     11.22992182	     -4.98473282	      0.00000000	      3.07043119	      4.89586232	      0.00000000
      4.33333333	    -16.94149765	      4.82636511	   -189.41851273	      0.45501363	      0.05264881	     -0.41729498	    -24.65940245	      3.65753202	      2.11965778	     -4.31815200	     -1.61347573	      1.72821975	     -0.00494699	     -0.00497564	      0.01090485	      0.00000000	      0.00000000	      0.00000000	     -0.02231212	     -0.01365689	     -0.01590374	      0.00000000	      0.00000000	      0.00000000	     -0.00201576	     -0.00951038	      0.01134873	    -40.58474467	    -23.19267878	     34.65743172	     83.87347409	      0.00000000	      0.00000000	      0.00000000	      0.00000000	     42.01334898	    -23.35554061	    -46.40368084	     79.02423500	      0.00000000	      0.00000000	      0.00000000	      0.00000000	    -20.99431742	      2.34732732	    -10.00328902	      1.33497692	      4.59486795	     -4.98473282	      0.00000000	     -2.07030049	     -0.39089062	      0.00000000	    -28.70678000	     -7.61795254	    -30.12210140	      1.86870623	     11.73879822	     -4.98473282	      0.00000000	      1.68384464	      5.45923999	      0.00000000
      4.36666667	    -18.23378123	      5.18162973	   -189.35728303	      0.45768161	      0.05340384	     -0.43035148	    -26.35901887	      3.75831621	      2.19884726	     -4.39559111	     -1.08923664	      1.58240731	     -0.00795405	     -0.00484906	      0.01057282	      0.00000000	      0.00000000	      0.00000000	     -0.02182048	     -0.01459969	     -0.01463783	      0.00000000	      0.00000000	      0.00000000	     -0.00062461	     -0.00942737	      0.01228713	    -40.77869764	    -23.71286508	     34.13959874	     85.42904059	      0.00000000	      0.00000000	      0.00000000	      0.00000000	     42.41740947	    -23.60953938	    -44.55299258	     80.01405364	      0.00000000	      0.00000000	      0.00000000	      0.00000000	    -22.45023431	      3.31079513	     -9.40992971	      1.68684182	      4.59411727	     -4.98473282	      0.00000000	     -2.04091136	      0.20593844	      0.00000000	    -30.40016838	     -8.19053860	    -31.85914208	      2.88970343	     12.77252580	     -4.98473282	      0.00000000	      0.11112481	      5.40233950	      0.00000000
      4.40000000	    -18.47032273	      5.20537830	   -188.81676381	      0.46082288	      0.05338254	     -0.44302238	    -26.81541457	      4.01066419	      1.87721924	     -4.63745069	     -0.54116075	      1.69155338	     -0.01214089	     -0.00490095	      0.00965713	      0.00000000	      0.00000000	      0.00000000	     -0.02366848	     -0.01400188	     -0.01265003	      0.00000000	      0.00000000	      0.00000000	      0.00020933	     -0.00978893	      0.01206091	    -40.72843209	    -23.31748460	     35.01595156	     85.78881866	      0.00000000	      0.00000000	      0.00000000	      0.00000000	     43.48893101	    -23.26350186	    -45.38322039	     81.16990094	      0.00000000	      0.00000000	      0.00000000	      0.00000000	    -22.41184992	      4.26736448	     -9.05421682	      1.01477611	      4.85659539	     -4.98473282	      0.00000000	     -1.95275803	      0.56041379	      0.00000000	    -30.36198608	     -9.06955369	    -32.42666187	      3.16332687	     12.55003150	     -4.98473282	      0.00000000	     -1.14998385	      5.07602814	      0.00000000
      4.43333333	    -18.49895746	      5.00836932	   -188.19296639	      0.46350099	      0.05272854	     -0.45546252	    -26.87359958	      4.05550294	      1.22188436	     -4.95483390	     -0.31239302	      1.65878720	     -0.01592857	     -0.00458873	      0.00990424	      0.00000000	      0.00000000	      0.00000000	     -0.02485772	     -0.01315110	     -0.01062435	      0.00000000	      0.00000000	      0.00000000	     -0.00103226	     -0.00922888	      0.01252755	    -40.82849522	    -22.19100567	     36.05924979	     85.54771507	      0.00000000	      0.00000000	      0.00000000	      0.00000000	     44.91877332	    -22.24278679	    -48.19997654	     81.98449177	      0.00000000	      0.00000000	      0.00000000	      0.00000000	    -22.06368259	      5.02173625	     -9.06017242	      0.09460069	      5.15307284	     -4.98473282	      0.00000000	     -2.02911545	      0.54361356	      0.00000000	    -29.70040434	    -10.07063330	    -32.27373694	      2.55706284	     11.91289389	     -4.98473282	      0.00000000	     -2.07731919	      4.93891414	      0.00000000
      4.46666667	    -17.87145750	      4.58938504	   -187.43117105	      0.46663467	      0.05238619	     -0.46772020	    -26.14970767	      3.93673827	      0.51642780	     -5.15901690	     -0.14488729	      1.09022647	     -0.01813889	     -0.00505217	      0.01032435	      0.00000000	      0.00000000	      0.00000000	     -0.02407446	     -0.01308711	     -0.00899962	      0.00000000	      0.00000000	      0.00000000	     -0.00294602	     -0.00991656	      0.01240365	    -40.35513689	    -21.35429134	     35.17770117	     84.77733283	      0.00000000	      0.00000000	      0.00000000	      0.00000000	     46.25643647	    -20.66601396	    -51.54830366	     82.64148973	      0.00000000	      0.00000000	      0.00000000	      0.00000000	    -20.80949959	      5.72535235	    -10.20198690	     -0.96328590	      6.07604892	     -4.98473282	      0.00000000	     -2.35695187	     -1.39421444	      0.00000000	    -27.68397567	    -11.40515701	    -29.08597668	      0.51129507	      9.81508542	     -4.98473282	      0.00000000	     -2.45683992	      4.34922516	      0.00000000
      4.50000000	    -17.89835193	      4.53647004	   -186.75533013	      0.46926124	      0.05264789	     -0.47830339	    -26.20877727	      4.31249798	     -0.47591841	     -5.05356591	     -0.64930147	      1.13249108	     -0.01852523	     -0.00540751	      0.01065018	      0.00000000	      0.00000000	      0.00000000	     -0.01974469	     -0.01112553	     -0.00974882	      0.00000000	      0.00000000	      0.00000000	     -0.00696592	     -0.01121259	      0.00884110	    -40.39118307	    -20.33377014	     34.01137016	     83.42552273	      0.00000000	      0.00000000	      0.00000000	      0.00000000	     46.38220821	    -19.75012177	    -52.91993897	     83.13148339	      0.00000000	      0.00000000	      0.00000000	      0.00000000	    -20.25014410	      6.54397554	    -11.59212210	     -1.85136589	      7.16450949	     -4.98473282	      0.00000000	     -2.55516669	     -4.01367292	      0.00000000	    -26.09657891	    -12.86287985	    -25.49852677	     -2.32441258	      8.46426207	     -4.98473282	      0.00000000	     -2.31879529	      2.76105564	      0.00000000
      4.53333333	    -18.29052519	      4.62452803	   -186.67379822	      0.47104831	      0.05352210	     -0.48737106	    -26.63271015	      4.68960172	     -0.65537007	     -4.75768296	     -1.33512656	      1.11070694	     -0.01664096	     -0.00568071	      0.01034394	      0.00000000	      0.00000000	      0.00000000	     -0.01731785	     -0.00910257	     -0.01240455	      0.00000000	      0.00000000	      0.00000000	     -0.00600025	     -0.01370096	      0.00387651	    -40.87521188	    -19.56435028	     33.34399018	     81.67353612	      0.00000000	      0.00000000	      0.00000000	      0.00000000	     46.26176850	    -20.08776963	    -53.07024169	     83.97861098	      0.00000000	      0.00000000	      0.00000000	      0.00000000	    -20.26646969	      7.20454460	    -12.62533138	     -2.15483646	      7.23435852	     -4.98473282	      0.00000000	     -2.20944285	     -4.94758149	      0.00000000	    -25.06732592	    -13.85101572	    -24.31068469	     -4.92652294	      8.16821924	     -4.98473282	      0.00000000	     -1.64289595	      1.19943587	      0.00000000
      4.56666667	    -18.91399524	      4.55863948	   -186.78896679	      0.47241951	      0.05459376	     -0.49485475	    -27.30903834	      4.84174510	     -0.42732239	     -4.54363308	     -1.68257520	      1.05251928	     -0.01476569	     -0.00508489	      0.00894484	      0.00000000	      0.00000000	      0.00000000	     -0.01689682	     -0.00640597	     -0.01334291	      0.00000000	      0.00000000	      0.00000000	     -0.00395114	     -0.01584392	      0.00054704	    -41.52140295	    -18.80758026	     34.58426434	     80.00655520	      0.00000000	      0.00000000	      0.00000000	      0.00000000	     46.40831730	    -20.32636766	    -52.94704353	     84.73866082	      0.00000000	      0.00000000	      0.00000000	      0.00000000	    -20.66984459	      7.49703332	    -13.07260341	     -2.34176873	      7.35683445	     -4.98473282	      0.00000000	     -1.20552837	     -5.20295516	      0.00000000	    -24.31552546	    -14.20703485	    -24.56088994	     -6.86503296	      7.09946608	     -4.98473282	      0.00000000	     -0.90687323	     -0.68198796	      0.00000000
      4.60000000	    -19.47389787	      4.10383315	   -186.85856449	      0.47311930	      0.05580527	     -0.50109214	    -27.83520169	      4.61937201	     -0.05060624	     -4.28502430	     -1.78052437	      1.11087567	     -0.01268819	     -0.00474904	      0.00797273	      0.00000000	      0.00000000	      0.00000000	     -0.01792819	     -0.00383667	     -0.01182328	      0.00000000	      0.00000000	      0.00000000	     -0.00345210	     -0.01628025	      0.00063891	    -42.11689756	    -17.72119564	     37.58656332	     78.18708016	      0.00000000	      0.00000000	      0.00000000	      0.00000000	     46.92696414	    -19.43187557	    -53.56350718	     84.40222249	      0.00000000	      0.00000000	      0.00000000	      0.00000000	    -21.39027984	      7.35177880	    -13.24728165	     -1.96952086	      7.78786581	     -4.98473282	      0.00000000	     -0.48305950	     -5.07429817	      0.00000000	    -23.58543826	    -13.86695121	    -25.46519694	     -7.92776306	      5.75588078	     -4.98473282	      0.00000000	     -0.24556457	     -2.73290286	      0.00000000
      4.63333333	    -20.03619218	      3.46641306	   -186.77244121	      0.47332129	      0.05695700	     -0.50612147	    -28.37748282	      4.32597894	      0.34221913	     -4.04782921	     -1.70894088	      1.12701435	     -0.01175365	     -0.00409200	      0.00657363	      0.00000000	      0.00000000	      0.00000000	     -0.01905779	     -0.00153006	     -0.00818937	      0.00000000	      0.00000000	      0.00000000	     -0.00695373	     -0.01582691	      0.00370382	    -42.21006091	    -16.56059207	     40.38800903	     76.56471532	      0.00000000	      0.00000000	      0.00000000	      0.00000000	     47.59504934	    -17.19179946	    -54.95131200	     82.81761192	      0.00000000	      0.00000000	      0.00000000	      0.00000000	    -22.27715055	      6.96591993	    -13.16516531	     -1.52390794	      8.46425664	     -4.98473282	      0.00000000	     -0.16604424	     -4.80730019	      0.00000000	    -23.03861256	    -13.12679546	    -26.37299789	     -8.39144152	      5.31764224	     -4.98473282	      0.00000000	      0.89991180	     -4.09615951	      0.00000000
      4.66666667	    -20.55292076	      2.75609129	   -186.50565597	      0.47323574	      0.05796578	     -0.51010700	    -28.90192342	      4.10183006	      0.66158883	     -3.85488804	     -1.59706002	      1.01792042	     -0.01182588	     -0.00342793	      0.00457384	      0.00000000	      0.00000000	      0.00000000	     -0.02146788	     -0.00004673	     -0.00457901	      0.00000000	      0.00000000	      0.00000000	     -0.01312943	     -0.01548797	      0.00656801	    -41.78351986	    -15.74015476	     41.52726919	     75.00017412	      0.00000000	      0.00000000	      0.00000000	      0.00000000	     47.98531465	    -14.32158397	    -56.51926637	     80.21890682	      0.00000000	      0.00000000	      0.00000000	      0.00000000	    -23.03310089	      6.50901635	    -13.14491816	     -1.28307014	      9.00346541	     -4.98473282	      0.00000000	     -0.22107476	     -4.50312159	      0.00000000	    -22.56479198	    -12.14721677	    -26.70850907	     -8.84272028	      6.59050743	     -4.98473282	      0.00000000	      3.06148672	     -4.29960854	      0.00000000
      4.70000000	    -20.67892600	      2.24288126	   -186.10663630	      0.47302627	      0.05866501	     -0.51329799	    -29.03845812	      4.21109669	      0.99832012	     -3.70765619	     -1.40493985	      0.49710543	     -0.01266415	     -0.00305584	      0.00147547	      0.00000000	      0.00000000	      0.00000000	     -0.02587294	      0.00115724	     -0.00265586	      0.00000000	      0.00000000	      0.00000000	     -0.01738779	     -0.01612928	      0.00697453	    -40.89717999	    -15.76087232	     40.37547432	     73.31877381	      0.00000000	      0.00000000	      0.00000000	      0.00000000	     47.70558857	    -12.20916159	    -57.52774766	     77.34286910	      0.00000000	      0.00000000	      0.00000000	      0.00000000	    -23.18572424	      6.31762340	    -13.62117825	     -1.27016545	      9.20534411	     -4.98473282	      0.00000000	     -0.55703891	     -3.96438218	      0.00000000	    -21.85897147	    -11.20661430	    -27.07892062	     -9.45072918	      9.55109626	     -4.98473282	      0.00000000	      6.06330564	     -3.09567049	      0.00000000
      4.73333333	    -20.36672569	      1.87604156	   -185.81948354	      0.47294785	      0.05896087	     -0.51589056	    -28.62322808	      4.41461357	      1.10641533	     -3.83908974	     -1.48901751	      0.30759516	     -0.01347840	     -0.00270426	     -0.00030087	      0.00000000	      0.00000000	      0.00000000	     -0.02837548	      0.00164733	     -0.00262044	      0.00000000	      0.00000000	      0.00000000	     -0.01646529	     -0.01817047	      0.00581231	    -40.55028619	    -16.31070666	     39.43607641	     72.36710530	      0.00000000	      0.00000000	      0.00000000	      0.00000000	     47.04038354	    -11.89131014	    -57.71467456	     75.31708340	      0.00000000	      0.00000000	      0.00000000	      0.00000000	    -22.47063251	      6.25812222	    -14.07558361	     -1.82029364	      8.67272471	     -4.98473282	      0.00000000	     -0.46064643	     -3.84374909	      0.00000000	    -20.71501625	    -10.22222844	    -26.85076824	    -10.54005861	     12.50710935	     -4.98473282	      0.00000000	      8.44226546	     -0.74582037	      0.00000000
      4.76666667	    -20.22925700	      1.57511668	   -185.75089014	      0.47256008	      0.05922905	     -0.51797365	    -28.32635650	      4.44459367	      0.96771346	     -4.11597817	     -1.85806156	      0.44382597	     -0.01444560	     -0.00229106	     -0.00011347	      0.00000000	      0.00000000	      0.00000000	     -0.02866226	      0.00181701	     -0.00376440	      0.00000000	      0.00000000	      0.00000000	     -0.01315621	     -0.02083387	      0.00653980	    -40.95051213	    -16.75333536	     39.88159466	     72.40914818	      0.00000000	      0.00000000	      0.00000000	      0.00000000	     46.79064321	    -12.51492219	    -57.90189197	     74.34542814	      0.00000000	      0.00000000	      0.00000000	      0.00000000	    -21.79585819	      6.14910855	    -14.20463691	     -2.57603493	      7.90831433	     -4.98473282	      0.00000000	      0.22428877	     -4.52496764	      0.00000000	    -19.96074629	     -8.90454157	    -25.78926814	    -11.37866154	     14.33050087	     -4.98473282	      0.00000000	      8.64000506	      1.09811372	      0.00000000
      4.80000000	    -19.66089774	      1.50754868	   -186.24161409	      0.47250165	      0.06001964	     -0.51956440	    -27.62336990	      4.52249929	      1.06130128	     -4.48001257	     -2.30719063	      1.59555544	     -0.01570732	     -0.00279106	      0.00105750	      0.00000000	      0.00000000	      0.00000000	     -0.02734174	      0.00061165	     -0.00725433	      0.00000000	      0.00000000	      0.00000000	     -0.00993671	     -0.02400875	      0.00771543	    -42.41881152	    -16.65108888	     41.81400479	     73.31052612	      0.00000000	      0.00000000	      0.00000000	      0.00000000	     46.71878160	    -13.43553909	    -58.61684282	     74.22064909	      0.00000000	      0.00000000	      0.00000000	      0.00000000	    -20.59328185	      6.15386301	    -13.21235346	     -3.35063498	      6.80343427	     -4.98473282	      0.00000000	      0.77672267	     -6.16307319	      0.00000000	    -18.98736371	     -7.50484561	    -23.79149223	    -11.68642945	     13.59640244	     -4.98473282	      0.00000000	      7.34760301	      2.18270723	      0.00000000
      4.83333333	    -19.98662156	      1.33616956	   -186.90970162	      0.47099721	      0.06129582	     -0.52152298	    -27.73090808	      4.06946494	      1.17453122	     -4.75354097	     -2.69502689	      2.11386969	     -0.01598271	     -0.00369669	      0.00276299	      0.00000000	      0.00000000	      0.00000000	     -0.02713116	      0.00000243	     -0.00990418	      0.00000000	      0.00000000	      0.00000000	     -0.00955576	     -0.02460325	      0.01063961	    -43.16811001	    -16.16031964	     42.73316079	     73.78531029	      0.00000000	      0.00000000	      0.00000000	      0.00000000	     47.03762552	    -13.94396810	    -59.72086171	     73.89664571	      0.00000000	      0.00000000	      0.00000000	      0.00000000	    -20.77220031	      5.90231100	    -12.87029263	     -3.33899604	      6.53505803	     -4.98473282	      0.00000000	      1.42693949	     -6.76965298	      0.00000000	    -19.57361908	     -5.92624430	    -22.67908179	    -10.60379370	     12.89970628	     -4.98473282	      0.00000000	      5.23967864	      1.48483046	      0.00000000
      4.86666667	    -20.92967322	      1.27085880	   -187.63242096	      0.46824608	      0.06248906	     -0.52278047	    -28.43899066	      3.61322055	      1.30819061	     -4.91739170	     -3.03264701	      2.68870209	     -0.01570062	     -0.00417809	      0.00412128	      0.00000000	      0.00000000	      0.00000000	     -0.02836710	     -0.00038170	     -0.01260208	      0.00000000	      0.00000000	      0.00000000	     -0.01203548	     -0.02294515	      0.01184177	    -43.92432158	    -15.41286461	     42.79618550	     73.86629404	      0.00000000	      0.00000000	      0.00000000	      0.00000000	     46.76956878	    -14.26667485	    -60.37275598	     72.82875122	      0.00000000	      0.00000000	      0.00000000	      0.00000000	    -21.97310716	      5.49312959	    -12.84745734	     -2.84407032	      7.03126468	     -4.98473282	      0.00000000	      1.58904472	     -6.22413512	      0.00000000	    -21.45721882	     -4.47402185	    -21.87784384	     -8.40768615	     12.03443700	     -4.98473282	      0.00000000	      3.74786576	     -0.57468084	      0.00000000
      4.90000000	    -22.15177224	      1.25988525	   -188.36309619	      0.46442373	      0.06322740	     -0.52398340	    -29.25145302	      3.05001847	      1.73022102	     -5.02573370	     -3.10590677	      2.62888530	     -0.01329668	     -0.00420779	      0.00457416	      0.00000000	      0.00000000	      0.00000000	     -0.02977570	      0.00001298	     -0.01350495	      0.00000000	      0.00000000	      0.00000000	     -0.01565118	     -0.01942268	      0.01232574	    -44.21613166	    -15.26336719	     42.34296921	     73.61599549	      0.00000000	      0.00000000	      0.00000000	      0.00000000	     46.19571040	    -14.20537499	    -61.12122095	     70.50332556	      0.00000000	      0.00000000	      0.00000000	      0.00000000	    -23.79492949	      4.96907834	    -14.32934927	     -1.94064198	      8.53451489	     -4.98473282	      0.00000000	      1.11378064	     -4.17178398	      0.00000000	    -24.21953181	     -3.33687637	    -23.44311180	     -5.59142172	     13.07650171	     -4.98473282	      0.00000000	      2.48357509	     -2.50540766	      0.00000000
      4.93333333	    -22.18727317	      1.17369374	   -188.75276749	      0.46185288	      0.06332571	     -0.52491449	    -28.90628710	      2.60756468	      2.04191281	     -5.64767357	     -2.95583222	      2.28813278	     -0.01286181	     -0.00381395	      0.00507808	      0.00000000	      0.00000000	      0.00000000	     -0.03048204	     -0.00090979	     -0.01147054	      0.00000000	      0.00000000	      0.00000000	     -0.02073650	     -0.01640503	      0.01345548	    -44.13938713	    -16.02944952	     41.95825743	     74.19537602	      0.00000000	      0.00000000	      0.00000000	      0.00000000	     46.01951187	    -14.11112837	    -62.42057698	     68.09815007	      0.00000000	      0.00000000	      0.00000000	      0.00000000	    -24.12652683	      4.59206289	    -15.01809353	     -1.77759787	      9.97927360	     -4.98473282	      0.00000000	      0.76232300	     -3.40408085	      0.00000000	    -25.47961789	     -2.71646756	    -25.45660263	     -3.41845644	     14.31869304	     -4.98473282	      0.00000000	      1.58972267	     -2.94518417	      0.00000000
      4.96666667	    -21.81329526	      1.08093464	   -188.38700770	      0.46039151	      0.06326152	     -0.52513230	    -28.22892048	      2.63993359	      1.70522335	     -5.85646116	     -2.88232006	      2.01747263	     -0.01135366	     -0.00400431	      0.00464894	      0.00000000	      0.00000000	      0.00000000	     -0.02789098	      0.00046199	     -0.00870374	      0.00000000	      0.00000000	      0.00000000	     -0.02270470	     -0.01642637	      0.01425529	    -43.56116851	    -17.73328149	     41.57007603	     74.89547106	      0.00000000	      0.00000000	      0.00000000	      0.00000000	     46.87461062	    -15.82867764	    -63.44017055	     68.40795261	      0.00000000	      0.00000000	      0.00000000	      0.00000000	    -23.94757448	      4.66266469	    -15.36714597	     -1.69426814	     10.19635671	     -4.98473282	      0.00000000	      0.18003531	     -3.62577513	      0.00000000	    -25.72262581	     -2.74447772	    -25.77220375	     -2.40235403	     14.89690267	     -4.98473282	      0.00000000	      0.96783608	     -2.48032698	      0.00000000
      5.00000000	    -20.95131051	      1.00434980	   -187.36460125	      0.45992927	      0.06255093	     -0.52542186	    -27.06546473	      2.87366073	      1.30406657	     -6.29423698	     -2.54464631	      1.34366922	     -0.01058071	     -0.00370769	      0.00428822	      0.00000000	      0.00000000	      0.00000000	     -0.02353524	      0.00285390	     -0.00537897	      0.00000000	      0.00000000	      0.00000000	     -0.02098009	     -0.01780537	      0.01446843	    -42.48649612	    -20.52630627	     40.64286269	     75.56850708	      0.00000000	      0.00000000	      0.00000000	      0.00000000	     48.85109685	    -18.96143468	    -63.69057859	     71.54898089	      0.00000000	      0.00000000	      0.00000000	      0.00000000	    -23.10543005	      5.15562861	    -15.82013710	     -1.94344008	     10.55947885	     -4.98473282	      0.00000000	      0.52175923	     -4.71495276	      0.00000000	    -24.85736426	     -3.41124601	    -25.04354075	     -2.39272007	     14.83500811	     -4.98473282	      0.00000000	      1.22879885	     -0.87534974	      0.00000000
      5.03333333	    -19.48729077	      0.75069957	   -185.91168046	      0.46028327	      0.06152159	     -0.52502967	    -25.29634117	      3.17371989	      0.53816520	     -6.78177946	     -2.32528378	      0.80601948	     -0.01037991	     -0.00360615	      0.00414074	      0.00000000	      0.00000000	      0.00000000	     -0.01924427	      0.00552370	     -0.00375387	      0.00000000	      0.00000000	      0.00000000	     -0.01816011	     -0.02056143	      0.01134949	    -41.90499538	    -23.03825347	     40.25449284	     75.66108525	      0.00000000	      0.00000000	      0.00000000	      0.00000000	     50.45293048	    -23.16042834	    -62.09263459	     76.27516530	      0.00000000	      0.00000000	      0.00000000	      0.00000000	    -21.53925962	      5.69559040	    -16.20272700	     -2.22309433	     10.52584008	     -4.98473282	      0.00000000	      0.92442356	     -5.94352682	      0.00000000	    -22.93315082	     -4.12641863	    -22.73223219	     -2.83964171	     13.44834635	     -4.98473282	      0.00000000	      2.03250950	      0.88644334	      0.00000000
      5.06666667	    -17.75561813	      0.47570622	   -184.52636837	      0.46098743	      0.06039202	     -0.52384041	    -23.28534895	      3.44622184	     -0.27139069	     -7.19831427	     -2.32006281	      0.35666211	     -0.00995106	     -0.00348781	      0.00379514	      0.00000000	      0.00000000	      0.00000000	     -0.01673165	      0.00701327	     -0.00427094	      0.00000000	      0.00000000	      0.00000000	     -0.01736880	     -0.02221716	      0.00718430	    -42.54411456	    -24.49200754	     41.66228827	     75.60355319	      0.00000000	      0.00000000	      0.00000000	      0.00000000	     50.81956854	    -26.55679415	    -59.78137358	     79.87768015	      0.00000000	      0.00000000	      0.00000000	      0.00000000	    -19.69812093	      6.02944739	    -16.26724143	     -2.57444898	     10.59860205	     -4.98473282	      0.00000000	      0.96889614	     -7.17223516	      0.00000000	    -20.67546142	     -4.56528219	    -19.74316631	     -3.28572143	     11.20611722	     -4.98473282	      0.00000000	      3.03589178	      1.88700446	      0.00000000
      5.10000000	    -16.75701478	      0.11344090	   -183.60256126	      0.46082733	      0.05978513	     -0.52226090	    -22.09203379	      3.32740819	     -0.67424012	     -7.28397998	     -2.68584941	     -0.18208732	     -0.00889961	     -0.00376633	      0.00474173	      0.00000000	      0.00000000	      0.00000000	     -0.01720747	      0.00636592	     -0.00559425	      0.00000000	      0.00000000	      0.00000000	     -0.01829310	     -0.02206925	      0.00558899	    -43.60323051	    -25.16638594	     44.13076184	     75.84887773	      0.00000000	      0.00000000	      0.00000000	      0.00000000	     50.76026658	    -28.27358877	    -58.52073197	     81.29529397	      0.00000000	      0.00000000	      0.00000000	      0.00000000	    -18.91168089	      5.95564434	    -16.19677221	     -2.53330539	     11.05539939	     -4.98473282	      0.00000000	      0.23033040	     -8.36733487	      0.00000000	    -19.58644155	     -4.45741978	    -18.04517055	     -3.13388638	      9.99534916	     -4.98473282	      0.00000000	      3.46578626	      2.24116094	      0.00000000
      5.13333333	    -16.34949046	     -0.42455182	   -183.17719857	      0.46033328	      0.06022218	     -0.52037696	    -21.60734005	      2.78301299	     -0.71663847	     -7.19113313	     -2.95588674	     -0.22911793	     -0.00761386	     -0.00465697	      0.00649148	      0.00000000	      0.00000000	      0.00000000	     -0.02047095	      0.00399829	     -0.00659093	      0.00000000	      0.00000000	      0.00000000	     -0.01900793	     -0.02164129	      0.00680686	    -44.41817874	    -25.34655046	     46.46126835	     76.37712164	      0.00000000	      0.00000000	      0.00000000	      0.00000000	     51.16456578	    -29.03371718	    -58.83377221	     81.39208480	      0.00000000	      0.00000000	      0.00000000	      0.00000000	    -18.82083785	      5.49513865	    -16.43858055	     -2.17605188	     11.45088600	     -4.98473282	      0.00000000	     -0.51030995	     -9.12060398	      0.00000000	    -19.45075749	     -3.78724928	    -18.10554345	     -2.30860884	     10.09549350	     -4.98473282	      0.00000000	      2.94984366	      2.25910472	      0.00000000
      5.16666667	    -16.63897777	     -0.66726959	   -183.50498778	      0.45912047	      0.06139445	     -0.51841523	    -21.85378309	      2.30771934	     -0.44728231	     -7.17181880	     -3.28312868	      0.73156182	     -0.00589655	     -0.00532833	      0.00903683	      0.00000000	      0.00000000	      0.00000000	     -0.02256207	      0.00090400	     -0.00768801	      0.00000000	      0.00000000	      0.00000000	     -0.01880436	     -0.02154725	      0.00964306	    -45.73172737	    -25.16527814	     48.74542473	     77.36298314	      0.00000000	      0.00000000	      0.00000000	      0.00000000	     51.92832462	    -30.19504648	    -59.41789327	     81.42719886	      0.00000000	      0.00000000	      0.00000000	      0.00000000	    -19.55694746	      5.05410224	    -17.40199845	     -1.46559030	     13.48057015	     -4.98473282	      0.00000000	     -0.97003564	    -10.40553602	      0.00000000	    -20.26437056	     -3.08769917	    -20.19213850	     -1.32165619	     11.74333342	     -4.98473282	      0.00000000	      2.16791996	      1.90672353	      0.00000000
      5.20000000	    -17.31676434	     -0.86659940	   -183.88093931	      0.45840645	      0.06305280	     -0.51676175	    -22.68638658	      1.74090756	     -0.01069165	     -7.13004974	     -3.32648250	      1.31223424	     -0.00536098	     -0.00598153	      0.01150925	      0.00000000	      0.00000000	      0.00000000	     -0.02498195	     -0.00051247	     -0.00698855	      0.00000000	      0.00000000	      0.00000000	     -0.01831954	     -0.02137727	      0.01359847	    -46.23674129	    -25.45947339	     48.94632936	     77.97037902	      0.00000000	      0.00000000	      0.00000000	      0.00000000	     52.95743492	    -31.02427841	    -59.17612439	     81.64541478	      0.00000000	      0.00000000	      0.00000000	      0.00000000	    -20.54008794	      4.68903404	    -19.00833405	     -0.62976585	     14.89690267	     -4.98473282	      0.00000000	     -0.94392162	    -10.45188951	      0.00000000	    -21.43296139	     -2.39404832	    -22.47702800	     -0.23084100	     13.70948789	     -4.98473282	      0.00000000	      0.58964976	      1.30216633	      0.00000000
      5.23333333	    -17.28462415	     -0.80782351	   -184.10866917	      0.45844746	      0.06428968	     -0.51522743	    -22.80371823	      1.55792172	      0.33776372	     -7.30570993	     -3.14292804	      1.42341549	     -0.00582375	     -0.00671216	      0.01237869	      0.00000000	      0.00000000	      0.00000000	     -0.02622856	     -0.00060321	     -0.00648445	      0.00000000	      0.00000000	      0.00000000	     -0.01897058	     -0.02161067	      0.01677260	    -46.53513981	    -26.09661456	     48.37239170	     78.30867569	      0.00000000	      0.00000000	      0.00000000	      0.00000000	     53.52358417	    -31.36440265	    -58.14081352	     81.88656167	      0.00000000	      0.00000000	      0.00000000	      0.00000000	    -20.61803287	      4.68009385	    -19.43239000	     -0.08356996	     14.89690267	     -4.98473282	      0.00000000	     -0.99644270	    -10.40053555	      0.00000000	    -21.56581879	     -2.22929427	    -22.66882134	      0.15715128	     13.73860716	     -4.98473282	      0.00000000	     -0.10695257	      0.94464604	      0.00000000
      5.26666667	    -17.43423159	     -0.36907369	   -184.45432320	      0.45849509	      0.06459709	     -0.51415637	    -23.16908396	      1.65886326	      0.95278670	     -8.00865840	     -2.56347122	      1.33492276	     -0.00850271	     -0.00539180	      0.01238209	      0.00000000	      0.00000000	      0.00000000	     -0.02491700	     -0.00000097	     -0.00598027	      0.00000000	      0.00000000	      0.00000000	     -0.01919839	     -0.02182403	      0.01826734	    -46.14290398	    -27.74713452	     46.94982197	     78.95018200	      0.00000000	      0.00000000	      0.00000000	      0.00000000	     53.55053061	    -31.37969430	    -57.23583391	     82.21054539	      0.00000000	      0.00000000	      0.00000000	      0.00000000	    -20.77536525	      4.95308944	    -19.66536105	     -0.06520609	     14.89690267	     -4.98473282	      0.00000000	     -1.23943616	    -10.32826848	      0.00000000	    -21.84740099	     -2.59171936	    -21.91063166	     -0.06152266	     13.45467869	     -4.98473282	      0.00000000	      0.02746669	     -0.05645659	      0.00000000
      5.30000000	    -17.12493253	     -0.37721148	   -183.95559963	      0.45925488	      0.06431845	     -0.51355387	    -23.01904429	      1.39106065	      1.28083573	     -8.43279754	     -1.30694843	     -0.63230408	     -0.01085200	     -0.00485979	      0.01073703	      0.00000000	      0.00000000	      0.00000000	     -0.02461922	      0.00180233	     -0.00305251	      0.00000000	      0.00000000	      0.00000000	     -0.01955950	     -0.02100307	      0.01976982	    -43.45721311	    -30.40538795	     43.77577176	     78.92071705	      0.00000000	      0.00000000	      0.00000000	      0.00000000	     53.85177041	    -29.88666189	    -57.77536406	     82.03626814	      0.00000000	      0.00000000	      0.00000000	      0.00000000	    -20.48988515	      5.14301554	    -19.35582357	     -0.17778642	     14.33981293	     -4.98473282	      0.00000000	     -2.00805170	    -11.80122468	      0.00000000	    -21.04036825	     -2.96971765	    -16.10233100	     -1.31566067	     10.74363507	     -4.98473282	      0.00000000	      0.24812691	     -3.52582385	      0.00000000
