Coordinates
version=1
nRows=99
nColumns=64
inDegrees=yes

Units are S.I. units (second, meters, Newtons, ...)
If the header above contains a line with 'inDegrees', this indicates whether rotational values are in degrees (yes) or radians (no).

endheader
time	pelvic_tilt	pelvic_list	pelvic_rotation	pelvic_tx	pelvic_ty	pelvic_tz	lumbar_extension	lumbar_bending	lumbar_rotation	neck_flex	neck_tilt	neck_rot	neck_tx1	neck_ty1	neck_tz1	SternumRRotZ	SternumRRotX	SternumRRotY	SternumRX	SternumRY	SternumRZ	SternumLRotZ	SternumLRotX	SternumLRotY	SternumLX	SternumLY	SternumLZ	shoulder_add_r	shoulder_flex_r	shoulder_rot_r	elbow_flexion_r	elbow_varus_valg_r	pro_sup_r	wrist_dev_r	wrist_flex_r	shoulder_add_l	shoulder_flex_l	shoulder_rot_l	elbow_flexion_l	elbow_varus_valg_l	pro_sup_l	wrist_dev_l	wrist_flex_l	hip_flexion_r	hip_adduction_r	hip_rotation_r	knee_angle_r	knee_rotation_r	knee_adduction_r	knee_tz_r	ankle_angle_r	subtalar_angle_r	mtp_angle_r	hip_flexion_l	hip_adduction_l	hip_rotation_l	knee_angle_l	knee_rotation_l	knee_adduction_l	knee_tz_l	ankle_angle_l	subtalar_angle_l	mtp_angle_l
      0.03333333	    -10.87601368	     -0.28107440	    179.09300776	     -0.02198050	     -0.00661249	     -0.56338175	    -16.21388550	      2.41203096	     -0.80089903	     -1.65539556	      4.24666724	      1.99976037	     -0.01279646	     -0.00165315	      0.00093924	      0.00000000	      0.00000000	      0.00000000	      0.01136528	     -0.01387810	      0.00508720	      0.00000000	      0.00000000	      0.00000000	     -0.02201557	     -0.00854468	     -0.01224960	     -8.84583081	      5.69565285	     28.60993826	      4.42391246	      0.00000000	      0.00000000	      0.00000000	      0.00000000	     15.40283793	      9.38944759	    -64.65524527	     10.81905929	      0.00000000	      0.00000000	      0.00000000	      0.00000000	    -13.38583348	     -1.59488966	    -11.97848173	     -0.01881244	      8.43906005	     -2.55283415	      0.00000000	      4.70302504	      1.34442699	      0.00000000	    -17.20028190	     -1.31124930	    -27.09200575	      5.29035219	     14.89690267	     -1.94724923	      0.00000000	      8.61904612	     13.47714831	      0.00000000
      0.06666667	    -10.75639981	     -0.34385985	    180.37094484	     -0.02446721	     -0.00884855	     -0.55908675	    -15.48604495	      2.26022741	     -3.96150320	     -2.50617373	      4.86996447	      3.77565907	     -0.01162797	      0.00005167	      0.00345772	      0.00000000	      0.00000000	      0.00000000	      0.00874855	     -0.01771074	     -0.00038581	      0.00000000	      0.00000000	      0.00000000	     -0.02801815	     -0.00694605	     -0.00633796	    -10.82496995	      5.80684736	     33.66644236	     12.26147515	      0.00000000	      0.00000000	      0.00000000	      0.00000000	     15.63057341	      9.29726333	    -66.36544248	      8.37010920	      0.00000000	      0.00000000	      0.00000000	      0.00000000	    -14.86047636	     -1.63527279	    -13.33359849	      2.64573896	      8.03156340	     -1.67742791	      0.00000000	      4.22575285	      0.41926607	      0.00000000	    -17.49803486	     -1.12947623	    -24.63418033	      5.88628557	     14.89145914	     -1.91800219	      0.00000000	      9.37369483	     12.63299345	      0.00000000
      0.10000000	    -10.91358292	     -0.55268039	    181.13338533	     -0.02675466	     -0.01054676	     -0.55522273	    -15.21805657	      1.94661490	     -6.44756457	     -3.13598116	      4.41601113	      5.03021887	     -0.01103620	      0.00118515	      0.00740114	      0.00000000	      0.00000000	      0.00000000	      0.00740543	     -0.02080609	     -0.00275035	      0.00000000	      0.00000000	      0.00000000	     -0.03425685	     -0.00681272	     -0.00179267	    -11.48445542	      6.48459691	     37.90412404	     15.96840367	      0.00000000	      0.00000000	      0.00000000	      0.00000000	     15.78935051	      9.42126619	    -67.91803615	      6.91209568	      0.00000000	      0.00000000	      0.00000000	      0.00000000	    -16.19125516	     -1.83105072	    -14.92571603	      4.51297097	      8.28044456	     -1.19181579	      0.00000000	      3.83007742	      0.30764102	      0.00000000	    -18.16803350	     -0.77531359	    -22.95644009	      6.49493254	     14.89690267	     -1.77011979	      0.00000000	     10.06676355	     11.45467320	      0.00000000
      0.13333333	    -11.13387787	     -0.70043457	    181.28835538	     -0.02939455	     -0.01149281	     -0.55258413	    -14.97391133	      1.61173068	     -7.47402174	     -3.78505846	      4.00636616	      5.10829947	     -0.01022495	      0.00197824	      0.00995053	      0.00000000	      0.00000000	      0.00000000	      0.00965776	     -0.02134192	     -0.00181907	      0.00000000	      0.00000000	      0.00000000	     -0.03672685	     -0.00769706	      0.00007349	    -10.42691493	      6.29019089	     40.04671674	     15.82260158	      0.00000000	      0.00000000	      0.00000000	      0.00000000	     15.38574938	      9.28659757	    -66.56823541	      6.42765032	      0.00000000	      0.00000000	      0.00000000	      0.00000000	    -17.23784511	     -2.14810176	    -15.65845535	      5.68863694	      9.14156335	     -0.91224620	      0.00000000	      3.45896565	      0.65868943	      0.00000000	    -19.16597850	     -0.55477374	    -22.71561038	      7.54168795	     14.89690267	     -1.26424232	      0.00000000	     10.01155971	     11.34415438	      0.00000000
      0.16666667	    -11.46415277	     -0.57811884	    180.75758692	     -0.03153907	     -0.01201470	     -0.55081401	    -14.98535035	      1.61308735	     -7.23323088	     -3.97132956	      3.07755842	      3.91469151	     -0.00918175	      0.00211359	      0.01114408	      0.00000000	      0.00000000	      0.00000000	      0.01288318	     -0.01999527	     -0.00033768	      0.00000000	      0.00000000	      0.00000000	     -0.03589342	     -0.00932058	     -0.00168235	     -9.22453716	      5.87869095	     42.83174324	     14.34997912	      0.00000000	      0.00000000	      0.00000000	      0.00000000	     14.36652867	      8.64162764	    -62.24084946	      7.16783640	      0.00000000	      0.00000000	      0.00000000	      0.00000000	    -17.82044526	     -2.32073783	    -15.74585884	      5.97929103	     10.36716350	     -0.98945583	      0.00000000	      3.31117663	      1.03534822	      0.00000000	    -20.20437418	     -0.46335300	    -23.75245254	      8.49512791	     14.89690267	     -0.53501664	      0.00000000	      9.73500873	     10.87183017	      0.00000000
      0.20000000	    -11.42914361	     -0.43792261	    180.59260000	     -0.03317428	     -0.01223345	     -0.54956284	    -14.61201133	      1.77764652	     -6.99357139	     -4.14334750	      2.08441969	      2.56487436	     -0.00791717	      0.00219296	      0.01198451	      0.00000000	      0.00000000	      0.00000000	      0.01487589	     -0.01821353	      0.00040895	      0.00000000	      0.00000000	      0.00000000	     -0.03261043	     -0.01052772	     -0.00501777	     -8.80328617	      5.15468223	     44.95405567	     14.88833956	      0.00000000	      0.00000000	      0.00000000	      0.00000000	     13.09964610	      7.74428839	    -59.95568746	      7.70253902	      0.00000000	      0.00000000	      0.00000000	      0.00000000	    -17.88366555	     -2.29597323	    -15.58170741	      5.98254668	     10.46407959	     -1.18318659	      0.00000000	      2.94023578	      1.13906573	      0.00000000	    -20.51243121	     -0.71790335	    -24.51906053	      8.96834882	     14.89690267	      0.45254255	      0.00000000	      9.24844002	     10.40940924	      0.00000000
      0.23333333	    -11.43048334	     -0.10599586	    180.55742743	     -0.03442643	     -0.01247282	     -0.54849458	    -14.35814288	      2.15351459	     -6.79232331	     -4.28067247	      1.29168562	      1.27060382	     -0.00695819	      0.00268049	      0.01242655	      0.00000000	      0.00000000	      0.00000000	      0.01404671	     -0.01547843	      0.00060019	      0.00000000	      0.00000000	      0.00000000	     -0.03038035	     -0.01045260	     -0.00796804	     -8.96571272	      4.94955705	     46.58687743	     16.34581743	      0.00000000	      0.00000000	      0.00000000	      0.00000000	     11.95509418	      7.05872479	    -59.30226963	      7.92963548	      0.00000000	      0.00000000	      0.00000000	      0.00000000	    -17.95554262	     -2.04094994	    -15.42406897	      5.94035906	     10.03813949	     -1.21316793	      0.00000000	      3.02817603	      1.24158221	      0.00000000	    -20.57747564	     -1.16299755	    -25.11153292	      8.95872086	     14.89690267	      1.02080235	      0.00000000	      9.31673189	     10.42346682	      0.00000000
      0.26666667	    -11.42984483	      0.20974159	    180.63879818	     -0.03550938	     -0.01263826	     -0.54705591	    -14.13052945	      2.53951227	     -6.81054727	     -4.52936450	      0.73580487	      0.17133647	     -0.00636895	      0.00355849	      0.01215923	      0.00000000	      0.00000000	      0.00000000	      0.01302655	     -0.01274757	     -0.00019627	      0.00000000	      0.00000000	      0.00000000	     -0.02876680	     -0.00936084	     -0.00907198	     -9.55187047	      4.91987595	     48.00524617	     18.05951708	      0.00000000	      0.00000000	      0.00000000	      0.00000000	     11.13551417	      6.59490491	    -60.02494948	      7.95106348	      0.00000000	      0.00000000	      0.00000000	      0.00000000	    -18.01952003	     -1.79676151	    -15.43285265	      5.93379572	      9.00442456	     -1.07746641	      0.00000000	      3.19279936	      1.47590461	      0.00000000	    -20.50260475	     -1.52262270	    -25.66449917	      8.69081636	     14.89690267	      1.09896250	      0.00000000	      9.86687290	     11.62574513	      0.00000000
      0.30000000	    -11.27327722	      0.31061147	    180.84145432	     -0.03644789	     -0.01283136	     -0.54557712	    -13.78783069	      2.58618430	     -7.07919163	     -4.80092482	      0.42512886	     -0.63583999	     -0.00612536	      0.00432448	      0.01213812	      0.00000000	      0.00000000	      0.00000000	      0.01364730	     -0.01147181	     -0.00057389	      0.00000000	      0.00000000	      0.00000000	     -0.02825587	     -0.00755380	     -0.00763624	     -9.77130757	      5.09023878	     49.92175183	     18.57093750	      0.00000000	      0.00000000	      0.00000000	      0.00000000	     10.77607887	      6.53419489	    -62.52054649	      7.64151851	      0.00000000	      0.00000000	      0.00000000	      0.00000000	    -17.95103387	     -1.79073697	    -15.44058512	      6.00320279	      7.66736955	     -0.78750684	      0.00000000	      3.50847485	      1.89211532	      0.00000000	    -20.15515603	     -1.66848913	    -26.35961568	      8.22970131	     14.89690267	      0.87879884	      0.00000000	     10.70312659	     14.27577315	      0.00000000
      0.33333333	    -11.24736937	      0.41350841	    180.69962682	     -0.03772102	     -0.01318791	     -0.54451447	    -13.61590067	      2.39982948	     -7.07997443	     -4.73106009	      0.39993546	     -0.70304313	     -0.00557520	      0.00440375	      0.01327724	      0.00000000	      0.00000000	      0.00000000	      0.01704272	     -0.01210697	      0.00028791	      0.00000000	      0.00000000	      0.00000000	     -0.02710855	     -0.00535259	     -0.00560138	     -9.29860283	      4.95879560	     50.36118175	     18.51830646	      0.00000000	      0.00000000	      0.00000000	      0.00000000	     10.44826685	      6.24064023	    -62.96049374	      7.68431686	      0.00000000	      0.00000000	      0.00000000	      0.00000000	    -17.96177138	     -1.88048416	    -15.42617564	      5.98721950	      7.58489239	     -0.53696734	      0.00000000	      3.76908047	      1.81560754	      0.00000000	    -20.22537813	     -1.74997249	    -26.33230657	      8.17607190	     14.89690267	      0.91386600	      0.00000000	     10.93764259	     14.46417587	      0.00000000
      0.36666667	    -10.41204718	      0.21234427	    180.71274972	     -0.03855535	     -0.01339269	     -0.54330505	    -12.68671833	      1.94366314	     -7.53544211	     -4.98595959	      0.54863216	     -1.12875256	     -0.00704026	      0.00407878	      0.01316771	      0.00000000	      0.00000000	      0.00000000	      0.01760959	     -0.01474430	      0.00047123	      0.00000000	      0.00000000	      0.00000000	     -0.02939157	     -0.00517745	     -0.00200757	     -8.98150375	      5.95174072	     54.18866990	     17.30010123	      0.00000000	      0.00000000	      0.00000000	      0.00000000	     10.71966103	      6.50823437	    -67.28723645	      7.62153337	      0.00000000	      0.00000000	      0.00000000	      0.00000000	    -17.16231613	     -2.27825060	    -15.30574787	      6.01258606	      7.85814920	     -0.27629101	      0.00000000	      3.78005949	      0.72759531	      0.00000000	    -19.26965375	     -1.33205729	    -26.35082188	      8.01972155	     14.89690267	      0.49880225	      0.00000000	     10.99774076	     15.07147752	      0.00000000
      0.40000000	    -10.26521955	      0.31698257	    180.51078130	     -0.03987135	     -0.01360605	     -0.54262111	    -12.50225156	      1.77216455	     -7.79094938	     -4.86334481	      0.52197140	     -1.25545437	     -0.00783294	      0.00340921	      0.01385897	      0.00000000	      0.00000000	      0.00000000	      0.02012253	     -0.01641828	      0.00030191	      0.00000000	      0.00000000	      0.00000000	     -0.03098630	     -0.00516351	     -0.00013267	     -8.85225473	      5.76674582	     54.26734423	     17.58008882	      0.00000000	      0.00000000	      0.00000000	      0.00000000	     10.56203813	      6.45691744	    -67.62049334	      7.76538808	      0.00000000	      0.00000000	      0.00000000	      0.00000000	    -17.16091381	     -2.28213360	    -15.18169295	      6.24494121	      8.09162533	     -0.27203719	      0.00000000	      3.67210738	      0.74981231	      0.00000000	    -19.37461572	     -1.12226265	    -26.29993411	      8.44877510	     14.89690267	      0.21109163	      0.00000000	     10.83263562	     14.88713263	      0.00000000
      0.43333333	    -10.19723057	      0.42251707	    180.38114111	     -0.04084012	     -0.01354412	     -0.54271650	    -12.52957732	      1.56119980	     -7.90776401	     -4.84340152	      0.53078545	     -1.29564926	     -0.00982721	      0.00285018	      0.01484683	      0.00000000	      0.00000000	      0.00000000	      0.01970445	     -0.01742900	     -0.00004099	      0.00000000	      0.00000000	      0.00000000	     -0.03106051	     -0.00552996	      0.00073615	     -8.94424228	      5.70089602	     54.24687348	     17.57834562	      0.00000000	      0.00000000	      0.00000000	      0.00000000	     10.44684844	      6.43216544	    -67.69626860	      7.84054895	      0.00000000	      0.00000000	      0.00000000	      0.00000000	    -17.15271233	     -2.22820425	    -15.16066183	      6.32013798	      8.12669190	     -0.21095901	      0.00000000	      3.66986647	      0.76456603	      0.00000000	    -19.39692910	     -1.13574506	    -26.28287689	      8.50845605	     14.89690267	      0.09437944	      0.00000000	     10.80681798	     14.86671112	      0.00000000
      0.46666667	     -9.99956679	      0.12239291	    180.28788719	     -0.04253037	     -0.01375089	     -0.54181830	    -12.14261149	      1.10149112	     -7.86933675	     -4.98553093	      0.91365684	     -2.55436159	     -0.01018945	      0.00252301	      0.01247860	      0.00000000	      0.00000000	      0.00000000	      0.02194532	     -0.01765952	     -0.00317689	      0.00000000	      0.00000000	      0.00000000	     -0.02965051	     -0.00658373	      0.00312512	    -10.31794004	      4.24427281	     53.10367230	     19.56065357	      0.00000000	      0.00000000	      0.00000000	      0.00000000	     10.80898756	      6.41570398	    -70.59734776	      7.89424009	      0.00000000	      0.00000000	      0.00000000	      0.00000000	    -17.29302824	     -2.79779401	    -15.66373212	      6.80281422	      8.55552470	      0.24184060	      0.00000000	      3.66965192	      1.16845169	      0.00000000	    -19.33850953	     -0.34944513	    -25.40830890	      8.66306249	     14.75230970	     -0.79507876	      0.00000000	     10.49494398	     14.48112900	      0.00000000
      0.50000000	     -9.98987323	      0.26704850	    180.15664772	     -0.04370837	     -0.01391680	     -0.54172051	    -12.05297779	      1.11218423	     -7.55931684	     -4.96720853	      1.08649001	     -2.42327416	     -0.01046064	      0.00237197	      0.01174361	      0.00000000	      0.00000000	      0.00000000	      0.02119889	     -0.01772763	     -0.00372633	      0.00000000	      0.00000000	      0.00000000	     -0.02709115	     -0.00686544	      0.00272835	    -10.61498351	      4.20504140	     52.89363287	     19.15666731	      0.00000000	      0.00000000	      0.00000000	      0.00000000	     10.73195216	      6.19710617	    -70.75718120	      7.83062759	      0.00000000	      0.00000000	      0.00000000	      0.00000000	    -17.42511125	     -2.69103303	    -15.55288477	      7.02640351	      8.80936230	      0.24829544	      0.00000000	      3.49433894	      1.41876218	      0.00000000	    -19.30903886	     -0.32973887	    -25.17712583	      8.42847060	     14.65174905	     -1.24050238	      0.00000000	     10.51304798	     14.57659985	      0.00000000
      0.53333333	     -9.84154802	      0.45140488	    179.81254929	     -0.04459689	     -0.01423471	     -0.54174548	    -11.82342843	      1.10081414	     -6.94093920	     -5.06212894	      1.41152004	     -2.04697921	     -0.01074662	      0.00254157	      0.01082860	      0.00000000	      0.00000000	      0.00000000	      0.02071393	     -0.01837425	     -0.00301106	      0.00000000	      0.00000000	      0.00000000	     -0.02698219	     -0.00666649	      0.00242934	    -10.33771414	      4.49294363	     52.01576184	     18.55107934	      0.00000000	      0.00000000	      0.00000000	      0.00000000	     10.90723273	      6.22525883	    -70.50926364	      7.83530363	      0.00000000	      0.00000000	      0.00000000	      0.00000000	    -17.11124976	     -2.52152524	    -15.67872562	      6.72604703	      9.39607949	      0.05728801	      0.00000000	      3.70294554	      1.88498255	      0.00000000	    -19.23352359	     -0.41139184	    -24.16108773	      8.36153591	     12.94968269	     -1.38046139	      0.00000000	     10.62613885	     14.48286927	      0.00000000
      0.56666667	     -9.81238510	      0.39798052	    179.95846958	     -0.04587972	     -0.01464770	     -0.54119414	    -11.57944393	      1.09184706	     -6.78423314	     -5.09443442	      1.43589500	     -1.88571524	     -0.01008541	      0.00267948	      0.00893516	      0.00000000	      0.00000000	      0.00000000	      0.02141683	     -0.01870079	     -0.00382535	      0.00000000	      0.00000000	      0.00000000	     -0.02913890	     -0.00637590	      0.00036541	    -10.48922871	      4.61278473	     51.91130148	     18.53622611	      0.00000000	      0.00000000	      0.00000000	      0.00000000	     10.97387496	      6.50468133	    -70.43042145	      8.02745565	      0.00000000	      0.00000000	      0.00000000	      0.00000000	    -17.22268494	     -2.49493218	    -15.74119615	      6.75875497	      9.35112459	     -0.03231597	      0.00000000	      3.86165807	      1.82369390	      0.00000000	    -19.27317052	     -0.34918999	    -24.16569661	      8.40272962	     12.83726835	     -1.31518164	      0.00000000	     10.69666668	     14.37713387	      0.00000000
      0.60000000	     -9.61160344	      0.40708067	    179.81427301	     -0.04673950	     -0.01502196	     -0.54081032	    -11.20442765	      1.04623379	     -6.70273886	     -5.40122169	      1.29902131	     -0.20027177	     -0.01034130	      0.00308552	      0.00935339	      0.00000000	      0.00000000	      0.00000000	      0.02402906	     -0.01842162	     -0.00361464	      0.00000000	      0.00000000	      0.00000000	     -0.03183817	     -0.00701418	      0.00125063	    -10.65094938	      4.25745299	     51.19928227	     19.28044983	      0.00000000	      0.00000000	      0.00000000	      0.00000000	     12.12504498	      6.46287923	    -70.31840226	      9.84902064	      0.00000000	      0.00000000	      0.00000000	      0.00000000	    -16.87637760	     -2.50630595	    -15.67227993	      6.30164400	      9.16426738	     -0.05686382	      0.00000000	      4.64459183	      1.63738977	      0.00000000	    -19.20220520	     -0.48150206	    -23.80923475	      8.38426071	     12.62504946	     -0.74305597	      0.00000000	     10.84130240	     13.06882607	      0.00000000
      0.63333333	     -9.14331826	      0.32297744	    180.43754482	     -0.04741395	     -0.01548815	     -0.54023830	    -10.56354750	      1.10573060	     -7.10191948	     -5.72882154	      0.63959268	      0.79619852	     -0.01095132	      0.00355822	      0.01099349	      0.00000000	      0.00000000	      0.00000000	      0.02508801	     -0.01747586	     -0.00364166	      0.00000000	      0.00000000	      0.00000000	     -0.03187078	     -0.00817086	      0.00068313	    -11.26627849	      3.55135616	     50.93652165	     20.43698899	      0.00000000	      0.00000000	      0.00000000	      0.00000000	     12.84095865	      6.45752215	    -70.99332738	     11.16689698	      0.00000000	      0.00000000	      0.00000000	      0.00000000	    -16.63238844	     -2.44736766	    -15.71594150	      6.42525855	      8.40953896	     -0.11020534	      0.00000000	      4.75168298	      1.44996180	      0.00000000	    -18.65778829	     -0.60829983	    -23.65009418	      8.21781552	     13.66074285	     -0.40437818	      0.00000000	     11.15762959	     11.65525058	      0.00000000
      0.66666667	     -9.07051165	      0.22069692	    180.79314101	     -0.04765526	     -0.01579190	     -0.54004589	    -10.55997268	      1.02272530	     -7.11364229	     -5.84559192	      0.49591662	      0.92799746	     -0.01218194	      0.00404506	      0.01106678	      0.00000000	      0.00000000	      0.00000000	      0.02417775	     -0.01595580	     -0.00256899	      0.00000000	      0.00000000	      0.00000000	     -0.03085263	     -0.00887696	      0.00025473	    -11.52473078	      3.29415277	     51.04781688	     20.56212541	      0.00000000	      0.00000000	      0.00000000	      0.00000000	     13.02226391	      6.68396621	    -71.14445145	     10.97343852	      0.00000000	      0.00000000	      0.00000000	      0.00000000	    -16.60035281	     -2.52644540	    -15.92385171	      6.27148866	      8.11964139	     -0.03322927	      0.00000000	      4.78940190	      1.33260765	      0.00000000	    -18.53973385	     -0.77343729	    -23.70550926	      8.07279991	     13.87693421	      0.07997203	      0.00000000	     11.33840056	     11.55937155	      0.00000000
      0.70000000	     -8.92344275	      0.09750165	    181.75855214	     -0.04780342	     -0.01600103	     -0.53965206	    -10.48378555	      1.02206076	     -7.98412164	     -6.20945250	     -0.07217411	      1.27671670	     -0.01372189	      0.00484885	      0.01307742	      0.00000000	      0.00000000	      0.00000000	      0.02347354	     -0.01611452	     -0.00326319	      0.00000000	      0.00000000	      0.00000000	     -0.02976551	     -0.00937165	      0.00029852	    -12.18426597	      3.03627136	     51.13945726	     21.64687170	      0.00000000	      0.00000000	      0.00000000	      0.00000000	     12.99055912	      6.89148238	    -71.68998123	      9.77300986	      0.00000000	      0.00000000	      0.00000000	      0.00000000	    -16.70353773	     -2.50235181	    -16.46147494	      6.37521225	      7.85106431	      0.01142185	      0.00000000	      4.51888607	      1.66103604	      0.00000000	    -18.14531587	     -0.88156179	    -23.85458261	      7.83569731	     14.89690267	      0.00843213	      0.00000000	     11.46588213	     11.53290986	      0.00000000
      0.73333333	     -8.98956363	     -0.15408279	    182.29589173	     -0.04745193	     -0.01605516	     -0.53919535	    -10.79991817	      0.85446690	     -8.41930068	     -6.24723430	     -0.53547948	      1.31460765	     -0.01450735	      0.00510129	      0.01475939	      0.00000000	      0.00000000	      0.00000000	      0.02192340	     -0.01669856	     -0.00366444	      0.00000000	      0.00000000	      0.00000000	     -0.02983767	     -0.00988063	     -0.00038736	    -12.32335850	      3.02060860	     49.67861380	     22.55420023	      0.00000000	      0.00000000	      0.00000000	      0.00000000	     12.68215193	      7.31142535	    -70.90070997	      8.30322009	      0.00000000	      0.00000000	      0.00000000	      0.00000000	    -16.79323582	     -2.72513314	    -17.83655227	      6.20408056	      8.35042283	      0.03131532	      0.00000000	      4.74337869	      3.00543202	      0.00000000	    -18.08310033	     -0.75147531	    -23.29251867	      7.80419883	     14.89690267	     -0.16469288	      0.00000000	     11.28653556	     11.56978050	      0.00000000
      0.76666667	     -9.17968002	     -0.36676431	    182.54803055	     -0.04666082	     -0.01613917	     -0.53922359	    -11.39711213	      0.57569478	     -8.39911612	     -6.21793907	     -0.48619462	      0.69902875	     -0.01476398	      0.00526949	      0.01572736	      0.00000000	      0.00000000	      0.00000000	      0.01895698	     -0.01669113	     -0.00145656	      0.00000000	      0.00000000	      0.00000000	     -0.02891457	     -0.01015834	      0.00021443	    -11.52693564	      3.40144325	     48.15782940	     22.26377538	      0.00000000	      0.00000000	      0.00000000	      0.00000000	     13.14770884	      7.33473022	    -69.21035438	      8.71322403	      0.00000000	      0.00000000	      0.00000000	      0.00000000	    -16.79686607	     -2.76707367	    -19.27906645	      5.81992432	      9.28591119	     -0.33467057	      0.00000000	      5.37459591	      4.12943405	      0.00000000	    -18.17761272	     -0.61293811	    -23.03061268	      7.79895292	     14.89690267	     -0.28065138	      0.00000000	     11.23489225	     11.55338613	      0.00000000
      0.80000000	     -9.09451056	     -0.38621883	    182.56109579	     -0.04580301	     -0.01620404	     -0.53884441	    -11.72197934	      0.67268685	     -8.35997664	     -6.24068905	     -0.48226681	      0.68560520	     -0.01430764	      0.00519853	      0.01597839	      0.00000000	      0.00000000	      0.00000000	      0.01911164	     -0.01523742	     -0.00148557	      0.00000000	      0.00000000	      0.00000000	     -0.02850954	     -0.01021826	      0.00012303	    -11.45137618	      3.21757410	     48.21151967	     22.16986844	      0.00000000	      0.00000000	      0.00000000	      0.00000000	     13.17547494	      7.34249658	    -69.18646329	      8.69976305	      0.00000000	      0.00000000	      0.00000000	      0.00000000	    -16.67213715	     -2.78606941	    -19.32605999	      5.88562332	      9.28009879	     -0.37161642	      0.00000000	      5.40714760	      4.11646291	      0.00000000	    -18.06669135	     -0.56590532	    -23.01102815	      7.86490260	     14.89690267	     -0.24631712	      0.00000000	     11.23134591	     11.58178373	      0.00000000
      0.83333333	     -9.05513189	     -0.36329151	    182.53910453	     -0.04415497	     -0.01624182	     -0.53879852	    -12.36775835	      0.67242324	     -7.96564411	     -6.38733219	     -0.22200900	     -0.10116277	     -0.01404756	      0.00551439	      0.01566488	      0.00000000	      0.00000000	      0.00000000	      0.01796735	     -0.01235382	      0.00340929	      0.00000000	      0.00000000	      0.00000000	     -0.02725274	     -0.00867563	     -0.00031285	     -9.93586963	      3.90769636	     48.87911827	     19.31647071	      0.00000000	      0.00000000	      0.00000000	      0.00000000	     12.88853300	      7.51063790	    -69.09786001	      8.31756116	      0.00000000	      0.00000000	      0.00000000	      0.00000000	    -16.28261969	     -2.70425896	    -19.64798676	      5.44881725	      9.78304974	     -0.60779188	      0.00000000	      6.08104210	      3.97125294	      0.00000000	    -17.85935008	     -0.51722728	    -23.37998285	      7.71040095	     14.89690267	     -0.37014447	      0.00000000	     11.62030504	     12.75523532	      0.00000000
      0.86666667	     -8.97870887	     -0.42575675	    182.60834738	     -0.04291954	     -0.01575933	     -0.53821757	    -12.98977301	      0.83263204	     -7.77484543	     -6.37469880	     -0.13345990	     -0.09745125	     -0.01278792	      0.00531732	      0.01440632	      0.00000000	      0.00000000	      0.00000000	      0.02035874	     -0.01076083	      0.00389212	      0.00000000	      0.00000000	      0.00000000	     -0.02429705	     -0.00690798	      0.00043878	     -9.80474676	      3.62825122	     49.05711656	     18.97300612	      0.00000000	      0.00000000	      0.00000000	      0.00000000	     12.65681770	      7.17704823	    -69.21920543	      8.16345816	      0.00000000	      0.00000000	      0.00000000	      0.00000000	    -16.02076281	     -2.78435978	    -19.73727656	      5.30127420	      9.65449071	     -0.54140670	      0.00000000	      5.84856303	      3.87288648	      0.00000000	    -17.60881533	     -0.44941105	    -23.51703063	      7.46829822	     14.89690267	     -0.22445091	      0.00000000	     11.49169008	     12.92633031	      0.00000000
      0.90000000	     -8.72858813	     -0.48104510	    182.68458158	     -0.04155432	     -0.01481389	     -0.53769837	    -13.77923815	      0.98829425	     -7.44861586	     -5.97062547	      0.41178384	     -0.64161273	     -0.01252741	      0.00500018	      0.01090380	      0.00000000	      0.00000000	      0.00000000	      0.01657791	     -0.01104066	      0.00412261	      0.00000000	      0.00000000	      0.00000000	     -0.02469521	     -0.00441817	     -0.00206815	     -9.86584719	      4.83522973	     50.56891813	     18.17037825	      0.00000000	      0.00000000	      0.00000000	      0.00000000	     11.49484498	      7.67175895	    -70.83902642	      6.09833441	      0.00000000	      0.00000000	      0.00000000	      0.00000000	    -15.51188659	     -2.92441146	    -17.37558665	      4.99892615	      8.15342263	     -0.53165800	      0.00000000	      5.07344215	      1.87746278	      0.00000000	    -17.05417489	     -0.32180158	    -25.21876800	      7.12399684	     14.89690267	     -0.22664962	      0.00000000	     11.79248242	     15.10536511	      0.00000000
      0.93333333	     -8.88099195	     -0.57290908	    183.06306175	     -0.04005922	     -0.01327493	     -0.53690651	    -15.23921643	      1.26768474	     -7.43224487	     -5.24702564	      0.34226550	     -0.34389307	     -0.01212358	      0.00482891	      0.00955822	      0.00000000	      0.00000000	      0.00000000	      0.01466894	     -0.01229766	      0.00045803	      0.00000000	      0.00000000	      0.00000000	     -0.02522829	     -0.00360607	     -0.00241183	    -11.17725087	      5.07232181	     50.23464187	     20.40131347	      0.00000000	      0.00000000	      0.00000000	      0.00000000	     11.85840919	      7.61164584	    -71.15792373	      6.89287854	      0.00000000	      0.00000000	      0.00000000	      0.00000000	    -15.16619477	     -3.15179328	    -16.00699164	      4.02452321	      7.18211992	     -0.54352429	      0.00000000	      4.59607911	      1.07199674	      0.00000000	    -16.58439453	     -0.27889608	    -24.60321184	      6.14027584	     14.89690267	     -0.72537479	      0.00000000	     12.26020779	     14.45592214	      0.00000000
      0.96666667	     -8.77717538	     -0.76689052	    184.17560172	     -0.03838518	     -0.01116876	     -0.53614983	    -16.68634518	      1.54394683	     -8.19059861	     -4.17643355	      0.04832917	     -0.37090571	     -0.01181751	      0.00422392	      0.00858452	      0.00000000	      0.00000000	      0.00000000	      0.01375095	     -0.01320575	     -0.00125638	      0.00000000	      0.00000000	      0.00000000	     -0.02724488	     -0.00387844	     -0.00271908	    -11.81732399	      4.81483034	     47.98279225	     22.73505401	      0.00000000	      0.00000000	      0.00000000	      0.00000000	     12.54355537	      7.57135083	    -70.12935469	      8.17141820	      0.00000000	      0.00000000	      0.00000000	      0.00000000	    -14.84050112	     -3.21666769	    -13.42114060	      3.48216364	      4.61216954	     -0.67733456	      0.00000000	      3.43785758	     -0.95777657	      0.00000000	    -15.66237563	     -0.29509526	    -22.44131729	      5.03800235	     14.83331643	     -1.28800978	      0.00000000	     11.97463037	     12.21774939	      0.00000000
      1.00000000	     -8.47633592	     -0.79307274	    185.08041628	     -0.03549826	     -0.00897755	     -0.53568348	    -18.39242845	      1.91094295	     -8.50017202	     -2.75163082	     -0.30494144	     -0.76680286	     -0.01212382	      0.00335498	      0.00889437	      0.00000000	      0.00000000	      0.00000000	      0.01150490	     -0.01080716	      0.00160055	      0.00000000	      0.00000000	      0.00000000	     -0.02853578	     -0.00479046	     -0.00366286	    -10.75966910	      5.19846798	     45.06108902	     21.92308114	      0.00000000	      0.00000000	      0.00000000	      0.00000000	     13.06142030	      7.48890367	    -66.62977365	      9.70275156	      0.00000000	      0.00000000	      0.00000000	      0.00000000	    -13.85773171	     -3.10375146	    -12.01718801	      2.34575308	      3.44812785	     -1.13954808	      0.00000000	      3.04024946	     -1.90142182	      0.00000000	    -14.23652734	     -0.30161848	    -20.68200498	      3.54833957	     14.70735295	     -2.28206934	      0.00000000	     11.98128525	     11.49858740	      0.00000000
      1.03333333	     -7.84764229	     -0.84166325	    185.85591615	     -0.03146200	     -0.00711992	     -0.53499236	    -20.13499025	      2.24969517	     -8.76367664	     -1.08259312	     -0.75688603	     -1.35882552	     -0.01203830	      0.00187869	      0.01024701	      0.00000000	      0.00000000	      0.00000000	      0.00991082	     -0.00716919	      0.00509923	      0.00000000	      0.00000000	      0.00000000	     -0.02755296	     -0.00561851	     -0.00278836	     -9.10556287	      5.62764690	     40.49807786	     19.10015101	      0.00000000	      0.00000000	      0.00000000	      0.00000000	     13.80418057	      6.57201660	    -61.29666892	     11.77662791	      0.00000000	      0.00000000	      0.00000000	      0.00000000	    -12.24621353	     -3.06510891	    -11.62621104	      0.91565881	      3.16048827	     -1.67434022	      0.00000000	      3.11228701	     -2.32835395	      0.00000000	    -12.26871486	     -0.03617654	    -20.01890165	      1.87799426	     14.51272825	     -3.45689119	      0.00000000	     11.94870075	     12.11695135	      0.00000000
      1.06666667	     -7.88263729	     -0.97751981	    186.24480765	     -0.02601701	     -0.00588318	     -0.53375355	    -23.20552250	      2.63545842	     -8.88667828	      0.22800077	     -1.13690476	     -1.75948710	     -0.01457198	      0.00130439	      0.01213336	      0.00000000	      0.00000000	      0.00000000	      0.00882201	     -0.00488397	      0.00232612	      0.00000000	      0.00000000	      0.00000000	     -0.02739822	     -0.00515153	     -0.00116942	     -9.77517026	      5.89923929	     38.29459803	     17.13011822	      0.00000000	      0.00000000	      0.00000000	      0.00000000	     14.56002603	      6.01392248	    -59.92170833	     12.15053122	      0.00000000	      0.00000000	      0.00000000	      0.00000000	    -10.85002673	     -3.27854788	    -11.52140315	     -1.18859815	      3.40715501	     -2.01586367	      0.00000000	      3.65188400	     -2.38731272	      0.00000000	    -10.69728533	      0.52493636	    -20.33391907	     -0.36693002	     14.89690267	     -4.98473282	      0.00000000	     12.14718718	     12.60916281	      0.00000000
      1.10000000	     -5.99622705	     -1.01326873	    185.86541453	     -0.01826688	     -0.00562926	     -0.53351606	    -24.84002708	      2.42364733	     -7.83886281	      3.73971053	     -1.07122489	     -3.22060887	     -0.01243631	     -0.00311232	      0.01448490	      0.00000000	      0.00000000	      0.00000000	      0.00436786	     -0.00492124	      0.00665317	      0.00000000	      0.00000000	      0.00000000	     -0.02074431	     -0.00439646	      0.00133634	     -8.60207513	      6.28721310	     28.54251117	     13.10886092	      0.00000000	      0.00000000	      0.00000000	      0.00000000	     15.74850257	      3.88892833	    -55.45213175	     13.80078026	      0.00000000	      0.00000000	      0.00000000	      0.00000000	     -6.50058757	     -3.80983139	    -12.38935807	     -4.61830724	      4.96318025	     -2.42117508	      0.00000000	      4.95269593	     -1.51509854	      0.00000000	     -6.79406402	      0.47943332	    -22.49332782	     -3.19243621	     14.89690267	     -4.98473282	      0.00000000	     12.93473659	     14.31076397	      0.00000000
      1.13333333	     -2.88482722	     -0.98878263	    185.21360633	     -0.00820497	     -0.00818522	     -0.53313143	    -25.52473811	      2.17026421	     -6.63850545	      6.40200389	     -0.98479215	     -4.31214510	     -0.01252577	     -0.00484549	      0.01619812	      0.00000000	      0.00000000	      0.00000000	      0.00970673	     -0.00535510	      0.00155922	      0.00000000	      0.00000000	      0.00000000	     -0.01753525	     -0.00271190	      0.00081023	    -11.60875236	      3.16255888	     25.56888725	     14.11714805	      0.00000000	      0.00000000	      0.00000000	      0.00000000	     16.34251398	      3.61710946	    -56.24841383	     12.41017784	      0.00000000	      0.00000000	      0.00000000	      0.00000000	      0.25245169	     -4.54305755	    -13.42720126	    -10.08075261	      6.05148105	     -3.14400189	      0.00000000	      8.29138854	      0.53882219	      0.00000000	     -0.64100890	      0.18737089	    -22.03477013	     -8.25910793	     14.89690267	     -4.98473282	      0.00000000	     15.64238176	     12.91326550	      0.00000000
      1.16666667	     20.97793887	      2.62535066	    187.25614564	      0.01809331	     -0.01962828	     -0.53230707	     -3.29868835	      4.61659496	     -9.00763242	      8.15514630	     -2.07320371	     -3.61057167	     -0.00786376	     -0.00499684	      0.01786308	      0.00000000	      0.00000000	      0.00000000	      0.01459412	     -0.00411866	     -0.00097185	      0.00000000	      0.00000000	      0.00000000	     -0.01632830	     -0.00311358	     -0.00175991	    -15.19630225	     -0.69115370	     28.54692737	     12.52149211	      0.00000000	      0.00000000	      0.00000000	      0.00000000	     15.98890251	      1.54854896	    -55.72846408	     11.35084198	      0.00000000	      0.00000000	      0.00000000	      0.00000000	     32.37410298	     -5.26090746	    -13.48965205	    -21.07971724	      0.66053132	     -3.78442142	      0.00000000	     12.92730411	      6.27292395	      0.00000000	     33.79894899	      0.24930817	     -6.66465905	    -22.66983369	      4.77141678	     -4.98473282	      0.00000000	     19.89914578	     10.69691407	      0.00000000
      1.20000000	     25.22156066	      3.86721767	    187.64505263	      0.02890435	     -0.03271391	     -0.53046452	     -2.24648723	      6.18616296	     -9.36593366	     11.47205171	     -2.11200237	     -3.01925088	     -0.00577461	      0.00027801	      0.01695666	      0.00000000	      0.00000000	      0.00000000	      0.01486381	     -0.00059392	     -0.00072158	      0.00000000	      0.00000000	      0.00000000	     -0.01187599	      0.00237000	     -0.00734101	    -17.74607129	     -3.62161156	     26.61550179	     11.24668346	      0.00000000	      0.00000000	      0.00000000	      0.00000000	     15.37456670	     -0.83479041	    -48.43291938	     11.71077255	      0.00000000	      0.00000000	      0.00000000	      0.00000000	     40.68735097	     -6.30664806	    -13.78067338	    -27.80421996	     -0.89184237	     -3.21965025	      0.00000000	     16.27003855	      7.86361901	      0.00000000	     42.81462115	      0.74541094	     -2.61113746	    -29.75963363	      1.08517943	     -4.98473282	      0.00000000	     22.85015071	     12.95149555	      0.00000000
      1.23333333	     26.27040851	      3.38486584	    186.91749904	      0.03815894	     -0.04867234	     -0.52957879	     -5.44704225	      5.88559862	     -8.30194356	     16.41094731	     -2.64071573	     -1.54268820	     -0.00379668	      0.00435809	      0.01973170	      0.00000000	      0.00000000	      0.00000000	      0.00739108	     -0.00228887	     -0.00045222	      0.00000000	      0.00000000	      0.00000000	     -0.00922954	      0.00725476	     -0.00963145	    -19.38994094	     -4.94436272	     22.42893926	     10.28092751	      0.00000000	      0.00000000	      0.00000000	      0.00000000	     16.18342869	     -3.45450479	    -46.16532690	     11.65685429	      0.00000000	      0.00000000	      0.00000000	      0.00000000	     46.01126747	     -7.52420644	    -13.49679398	    -34.89007713	     -1.28621334	     -3.28457598	      0.00000000	     18.88187737	      8.76394612	      0.00000000	     47.58202218	      1.07948573	     -2.39254913	    -35.92031357	      0.20345494	     -4.98473282	      0.00000000	     25.52874771	     13.73300023	      0.00000000
      1.26666667	     29.78824765	      3.36423123	    186.63532270	      0.04808585	     -0.06915758	     -0.52956171	     -5.22306671	      5.52306192	     -7.95456871	     18.57730204	     -2.83068741	     -0.04655732	     -0.00372632	      0.00784334	      0.02041998	      0.00000000	      0.00000000	      0.00000000	      0.00292994	     -0.00529389	      0.00170609	      0.00000000	      0.00000000	      0.00000000	     -0.00323923	      0.00904494	     -0.01106464	    -19.23927506	     -7.28505739	      8.88953537	     11.82746040	      0.00000000	      0.00000000	      0.00000000	      0.00000000	     16.65936196	     -8.12414719	    -43.61516262	     10.63799708	      0.00000000	      0.00000000	      0.00000000	      0.00000000	     54.13481798	     -8.66963660	    -12.70612681	    -42.22738058	     -2.68603874	     -3.41048530	      0.00000000	     21.71452818	     10.67207557	      0.00000000	     55.67979694	      1.66139462	     -1.88347848	    -43.04032058	     -1.38976257	     -4.98473282	      0.00000000	     28.30193656	     14.81310676	      0.00000000
      1.30000000	     31.17481878	      3.42657622	    186.28241956	      0.05777138	     -0.09121418	     -0.53093769	     -7.96452984	      5.29424231	     -7.19496466	     22.86066623	     -2.66419630	      0.24782356	     -0.00067182	      0.00657211	      0.01911503	      0.00000000	      0.00000000	      0.00000000	     -0.00080280	     -0.00738491	      0.00201366	      0.00000000	      0.00000000	      0.00000000	      0.00052391	      0.00688945	     -0.00894640	    -19.84152856	     -8.43795348	      5.08022899	     12.83632858	      0.00000000	      0.00000000	      0.00000000	      0.00000000	     17.83905278	    -11.51712596	    -46.88808851	      7.89265299	      0.00000000	      0.00000000	      0.00000000	      0.00000000	     60.15228540	     -9.04077726	    -12.36617638	    -49.49318501	     -3.25628671	     -4.09783341	      0.00000000	     23.69249706	     11.51949295	      0.00000000	     61.83824910	      1.64529345	     -1.68203447	    -50.60190059	     -1.75409680	     -4.98473282	      0.00000000	     30.94876634	     14.64995668	      0.00000000
      1.33333333	     33.60717984	      4.29407616	    185.97490615	      0.06704681	     -0.11569976	     -0.53316730	     -9.38888128	      5.79412985	     -6.69712888	     26.88467134	     -2.17053800	     -0.14458047	      0.00514385	      0.00200320	      0.01548547	      0.00000000	      0.00000000	      0.00000000	      0.00060814	     -0.00480231	      0.00167486	      0.00000000	      0.00000000	      0.00000000	      0.00377984	      0.00202219	     -0.00452009	    -21.64010785	     -9.41993050	     12.66771133	     12.08535341	      0.00000000	      0.00000000	      0.00000000	      0.00000000	     19.42759467	    -14.30876363	    -54.61595207	      5.90915451	      0.00000000	      0.00000000	      0.00000000	      0.00000000	     67.22493192	     -8.75900403	    -11.72288288	    -56.67959310	     -3.86539241	     -4.46585103	      0.00000000	     25.66489390	     11.43494102	      0.00000000	     69.42700705	      1.29620444	     -0.98364889	    -58.45832967	     -1.94034296	     -4.98473282	      0.00000000	     33.38693920	     14.31874776	      0.00000000
      1.36666667	     35.61848531	      5.33022030	    185.70156841	      0.07428303	     -0.14174628	     -0.53553764	    -11.18823442	      6.51513156	     -6.27396882	     31.08447458	     -1.20113795	     -0.69729228	      0.01324689	     -0.00422964	      0.01184095	      0.00000000	      0.00000000	      0.00000000	      0.00657927	     -0.00118722	      0.00034267	      0.00000000	      0.00000000	      0.00000000	      0.00569317	      0.00003087	     -0.00024621	    -24.03023722	    -11.09377188	     23.58246850	     13.06410110	      0.00000000	      0.00000000	      0.00000000	      0.00000000	     21.07277926	    -15.62274855	    -64.11518485	      5.12066172	      0.00000000	      0.00000000	      0.00000000	      0.00000000	     73.60000490	     -8.36459570	    -11.59300130	    -63.60011111	     -4.24005736	     -4.98473282	      0.00000000	     28.13915996	     11.20116976	      0.00000000	     76.32245381	      0.98493742	      0.00787677	    -65.87003442	     -2.82417467	     -4.98473282	      0.00000000	     36.00510918	     15.30688376	      0.00000000
      1.40000000	     36.77835554	      6.35401077	    185.88171701	      0.07880196	     -0.16807670	     -0.53723705	    -13.86219665	      7.57938027	     -6.16855544	     36.32354423	      0.01073514	     -1.10775598	      0.02250300	     -0.00994783	      0.00738613	      0.00000000	      0.00000000	      0.00000000	      0.00919933	      0.00197635	      0.00073905	      0.00000000	      0.00000000	      0.00000000	      0.00778828	      0.00229503	     -0.00049888	    -24.83094842	    -12.59514979	     24.69780661	     16.43615692	      0.00000000	      0.00000000	      0.00000000	      0.00000000	     21.72635506	    -16.04202070	    -66.82827171	      6.41000861	      0.00000000	      0.00000000	      0.00000000	      0.00000000	     78.64881356	     -8.36362317	    -11.26665143	    -69.98382135	     -5.27308664	     -4.98473282	      0.00000000	     30.68025011	     10.79455752	      0.00000000	     81.78917672	      1.21170869	      1.09368525	    -72.51623236	     -4.16720081	     -4.98473282	      0.00000000	     38.15682268	     16.48993986	      0.00000000
      1.43333333	     38.78924815	      6.97773506	    186.01895479	      0.08099050	     -0.19484658	     -0.53733109	    -15.08617235	      8.36807204	     -6.21405811	     41.18931934	      1.23468783	     -1.04991191	      0.02975754	     -0.01383210	      0.00401569	      0.00000000	      0.00000000	      0.00000000	      0.01009298	      0.00097582	     -0.00063870	      0.00000000	      0.00000000	      0.00000000	      0.00950296	      0.00515846	     -0.00254940	    -24.92299302	    -13.55836253	     23.71183525	     20.16168859	      0.00000000	      0.00000000	      0.00000000	      0.00000000	     21.95707270	    -16.29684518	    -68.22725866	      9.17414853	      0.00000000	      0.00000000	      0.00000000	      0.00000000	     84.16926636	     -8.94481149	    -10.99516968	    -75.68179389	     -6.22440654	     -4.98473282	      0.00000000	     33.36202349	     10.79841215	      0.00000000	     87.61491016	      1.91360952	      1.71345236	    -78.65830897	     -5.64720925	     -4.98473282	      0.00000000	     40.15303954	     18.03056681	      0.00000000
      1.46666667	     41.66646309	      6.95935675	    185.95592247	      0.08137551	     -0.22152445	     -0.53639267	    -14.69815500	      8.45597680	     -6.58086994	     44.90036277	      2.09009739	     -0.46820552	      0.03223254	     -0.01653542	      0.00263922	      0.00000000	      0.00000000	      0.00000000	      0.01097711	     -0.00159315	     -0.00231180	      0.00000000	      0.00000000	      0.00000000	      0.00928990	      0.00462675	     -0.00385424	    -23.90007580	    -12.76525204	     21.91491691	     22.53801652	      0.00000000	      0.00000000	      0.00000000	      0.00000000	     21.55637076	    -15.86976496	    -69.63950872	     11.31101395	      0.00000000	      0.00000000	      0.00000000	      0.00000000	     90.56401213	     -9.56688758	     -9.73112223	    -81.31302448	     -7.18154041	     -4.97509664	      0.00000000	     35.88341427	     11.43666495	      0.00000000	     93.78559220	      2.61217487	      1.36074470	    -84.18188426	     -7.34764455	     -4.98473282	      0.00000000	     41.94569526	     19.55000407	      0.00000000
      1.50000000	     44.95981347	      5.80192507	    185.55555631	      0.08062643	     -0.24725374	     -0.53449800	    -13.18592759	      7.11858554	     -7.00705628	     46.26600743	      2.44929544	     -0.12334362	      0.02682015	     -0.01962201	      0.00427634	      0.00000000	      0.00000000	      0.00000000	      0.01176416	     -0.00283124	     -0.00491053	      0.00000000	      0.00000000	      0.00000000	      0.00743431	      0.00248100	     -0.00386083	    -22.67738790	     -9.10963912	     21.00161230	     22.90002019	      0.00000000	      0.00000000	      0.00000000	      0.00000000	     19.45931088	    -12.80235141	    -74.50389131	      8.63923223	      0.00000000	      0.00000000	      0.00000000	      0.00000000	     97.46010901	     -9.86337977	     -7.09439195	    -86.88491660	     -8.43024371	     -4.86119920	      0.00000000	     38.25335910	     13.60266268	      0.00000000	     99.78199214	      2.90458110	     -0.25927211	    -89.12780926	     -9.12444897	     -4.98473282	      0.00000000	     43.75031329	     20.89464916	      0.00000000
      1.53333333	     46.65820669	      4.00058568	    185.00589691	      0.07915094	     -0.26955024	     -0.53221136	    -13.11841189	      5.13480648	     -7.21006406	     48.53777685	      2.79290657	      0.29959383	      0.02098617	     -0.02111239	      0.00699944	      0.00000000	      0.00000000	      0.00000000	      0.01176274	     -0.00134235	     -0.00761980	      0.00000000	      0.00000000	      0.00000000	      0.00846470	      0.00034763	     -0.00370183	    -21.94009163	     -2.22994419	     19.86312789	     23.40436798	      0.00000000	      0.00000000	      0.00000000	      0.00000000	     15.58774135	     -6.94100071	    -78.11193458	      1.47121977	      0.00000000	      0.00000000	      0.00000000	      0.00000000	    102.42573415	     -9.15241011	     -3.97544905	    -91.92479683	     -9.54738825	     -4.85586612	      0.00000000	     39.33614336	     14.88902806	      0.00000000	    103.51870600	      2.92711604	     -1.80922296	    -93.62454525	     -9.43374186	     -4.98473282	      0.00000000	     44.77904856	     20.60760533	      0.00000000
      1.56666667	     47.66476588	      2.71772957	    183.64941841	      0.07740171	     -0.28796481	     -0.53073221	    -13.02371528	      3.69312446	     -6.43108499	     50.96395450	      2.88413226	      0.59635184	      0.01704584	     -0.02141500	      0.00829035	      0.00000000	      0.00000000	      0.00000000	      0.01420922	      0.00110452	     -0.00847895	      0.00000000	      0.00000000	      0.00000000	      0.01441773	     -0.00217208	      0.00789806	    -22.00745340	      5.40692354	     18.07261869	     27.44082547	      0.00000000	      0.00000000	      0.00000000	      0.00000000	     15.62388841	      0.19633455	    -76.75981003	      0.00000000	      0.00000000	      0.00000000	      0.00000000	      0.00000000	    105.80889340	     -7.21144404	     -2.04564332	    -95.70656185	    -10.19146736	     -4.98473282	      0.00000000	     39.96337927	     15.29991326	      0.00000000	    106.11492952	      2.01231701	     -2.55025894	    -97.51852155	     -9.84819040	     -4.98473282	      0.00000000	     45.43386232	     20.23842053	      0.00000000
      1.60000000	     48.86148565	      0.37917254	    182.91396771	      0.07548631	     -0.30193399	     -0.53161989	    -11.65796185	      0.53650375	     -6.53451995	     52.01792114	      3.21628250	     -0.04096132	      0.01399896	     -0.02300082	      0.01149699	      0.00000000	      0.00000000	      0.00000000	      0.02022806	      0.00125721	      0.00138362	      0.00000000	      0.00000000	      0.00000000	      0.01283110	      0.00550366	      0.01504808	    -19.56140316	     12.36909140	     14.26207265	     34.23838893	      0.00000000	      0.00000000	      0.00000000	      0.00000000	     14.95892081	      9.89223366	    -43.39419182	      0.00000000	      0.00000000	      0.00000000	      0.00000000	      0.00000000	    109.04291211	     -5.12326321	      1.47821209	    -98.61079656	    -13.00202954	     -4.41528516	      0.00000000	     40.61538609	     17.50620141	      0.00000000	    107.85567407	      1.35244917	     -4.14545484	    -99.82531665	     -9.82639726	     -4.98473282	      0.00000000	     46.17006934	     19.20564104	      0.00000000
      1.63333333	     49.15129226	     -0.30492305	    181.33138246	      0.07275721	     -0.31020838	     -0.53501972	    -10.16214368	     -0.74017487	     -4.54772851	     52.07900468	      2.79456068	     -0.72603991	      0.01152706	     -0.02565614	      0.01212659	      0.00000000	      0.00000000	      0.00000000	      0.02376867	     -0.00140488	      0.00476333	      0.00000000	      0.00000000	      0.00000000	     -0.01319672	      0.00677842	      0.02673705	    -20.20553741	     17.63813848	     14.17567936	     43.81057079	      0.00000000	      0.00000000	      0.00000000	      0.00000000	     17.92971638	     24.44265247	    -38.93455620	      0.00000000	      0.00000000	      0.00000000	      0.00000000	      0.00000000	    110.01792956	     -2.24080028	      1.28547925	    -99.48570496	    -14.89690267	     -4.98473282	      0.00000000	     40.63363428	     16.46137118	      0.00000000	    108.57917852	      0.04232419	     -3.68050662	   -101.54374110	    -11.09217159	     -4.98473282	      0.00000000	     46.77730984	     18.93180676	      0.00000000
      1.66666667	     47.78085773	      0.92265444	    180.37144718	      0.06856988	     -0.31209355	     -0.54105178	     -9.75165124	      0.29527519	     -2.38015114	     51.65334358	      1.90359652	     -1.92914999	      0.00772040	     -0.02959513	      0.01107256	      0.00000000	      0.00000000	      0.00000000	      0.02760730	     -0.00695849	      0.00435140	      0.00000000	      0.00000000	      0.00000000	      0.00752149	      0.00686884	      0.01465507	    -21.43511349	     19.79141441	      9.25670654	     60.49781137	      0.00000000	      0.00000000	      0.00000000	      0.00000000	     13.48932896	     16.26750771	      3.43471033	     51.68335411	      0.00000000	      0.00000000	      0.00000000	      0.00000000	    108.08533910	     -0.12618348	      2.19284186	   -100.22594454	    -13.60199072	     -2.80427730	      0.00000000	     40.99226001	     13.81495878	      0.00000000	    107.57326239	     -0.33685659	     -1.03950734	   -102.52104251	    -13.78507479	     -4.98473282	      0.00000000	     46.79783210	     21.32327486	      0.00000000
      1.70000000	     47.97629787	      1.68297049	    180.70149597	      0.06222230	     -0.30819891	     -0.54683493	     -6.30545677	      1.11333856	     -3.04533494	     50.86652035	      2.67011196	     -0.25395492	      0.00792928	     -0.03418076	      0.01240027	      0.00000000	      0.00000000	      0.00000000	      0.03450919	     -0.01883904	     -0.00277127	      0.00000000	      0.00000000	      0.00000000	      0.01424970	     -0.01132484	      0.01753856	    -24.07938997	     23.16553997	      3.19583782	     79.96713170	      0.00000000	      0.00000000	      0.00000000	      0.00000000	     20.83985673	     18.90225017	      3.69916423	     82.28861006	      0.00000000	      0.00000000	      0.00000000	      0.00000000	    107.19932886	      0.78410818	     -0.50820388	    -98.93734359	    -14.89690267	     -4.98473282	      0.00000000	     41.35377312	     13.31470944	      0.00000000	    107.08820729	      0.58493603	      0.37099218	   -101.88815552	    -14.89690267	     -4.98473282	      0.00000000	     46.81572725	     20.35969167	      0.00000000
      1.73333333	     47.95361903	      4.22842171	    180.93076882	      0.05345218	     -0.29788627	     -0.55299095	     -2.26831921	      4.34181952	     -2.90540096	     48.63811566	      2.53995212	      0.84170807	      0.00492458	     -0.03923776	      0.01169515	      0.00000000	      0.00000000	      0.00000000	      0.03736020	     -0.01862752	     -0.01151164	      0.00000000	      0.00000000	      0.00000000	      0.02032556	     -0.01503896	      0.02068783	    -29.81448345	     30.32047757	     -6.77618555	     94.32105309	      0.00000000	      0.00000000	      0.00000000	      0.00000000	     30.28345524	     28.06229857	      9.77142183	     98.59605817	      0.00000000	      0.00000000	      0.00000000	      0.00000000	    104.88586117	      1.64678240	     -2.40809566	    -96.93607640	    -14.89690267	     -4.98473282	      0.00000000	     41.17637719	     12.93591063	      0.00000000	    106.00942872	      1.77199846	      3.86246260	   -100.92179889	    -14.89690267	     -4.98473282	      0.00000000	     45.14608089	     19.95988559	      0.00000000
      1.76666667	     47.75771570	      5.69442044	    181.62256013	      0.04156148	     -0.28092359	     -0.55779914	      2.46564940	      6.23926866	     -3.94252835	     45.52018592	      2.38473933	      1.36582670	      0.00297872	     -0.04272734	      0.01369214	      0.00000000	      0.00000000	      0.00000000	      0.03880427	     -0.00711384	     -0.01842170	      0.00000000	      0.00000000	      0.00000000	      0.03491181	     -0.00856435	      0.02914202	    -42.03873830	     40.13907778	    -19.88698552	     99.77405050	      0.00000000	      0.00000000	      0.00000000	      0.00000000	     44.29654178	     37.03300603	     24.07442861	    109.77115181	      0.00000000	      0.00000000	      0.00000000	      0.00000000	    101.57031855	      2.03605801	     -3.10490819	    -93.75374353	    -14.89690267	     -4.98473282	      0.00000000	     41.05766570	     12.79428442	      0.00000000	    103.18952417	      3.12485528	      6.18566196	    -98.22240830	    -14.49367035	     -4.98473282	      0.00000000	     43.45188687	     18.86088530	      0.00000000
      1.80000000	     44.76811019	      6.46604854	    182.48642537	      0.02592177	     -0.25647495	     -0.56039197	      4.70055497	      7.59330541	     -5.52895545	     40.90155584	      1.61079054	      1.20496884	      0.00109428	     -0.04415298	      0.01594811	      0.00000000	      0.00000000	      0.00000000	      0.05012970	      0.00820361	     -0.02109440	      0.00000000	      0.00000000	      0.00000000	      0.05751637	      0.00024314	      0.03204322	    -63.41514728	     47.14892107	    -37.96978553	    102.71616977	      0.00000000	      0.00000000	      0.00000000	      0.00000000	     64.66006153	     45.42485338	     49.37832509	    120.23127318	      0.00000000	      0.00000000	      0.00000000	      0.00000000	     94.27718228	      2.40892167	     -3.18777924	    -88.94550883	    -14.89690267	     -4.98473282	      0.00000000	     40.90593638	     11.77808893	      0.00000000	     96.09327050	      4.08783511	      8.00798474	    -93.89664365	    -14.38348335	     -4.98473282	      0.00000000	     42.29357867	     17.58371949	      0.00000000
      1.83333333	     40.75422398	      5.96778234	    183.25847129	      0.00704375	     -0.22374186	     -0.56071160	      6.20910908	      7.49700122	     -7.31354884	     34.14798389	      1.49743455	      1.27683842	     -0.00029136	     -0.04331130	      0.01636304	      0.00000000	      0.00000000	      0.00000000	      0.06533616	      0.02367616	     -0.01744948	      0.00000000	      0.00000000	      0.00000000	      0.06544424	      0.00795770	      0.02957343	    -88.58480977	     47.95972456	    -56.73199083	    104.66631325	      0.00000000	      0.00000000	      0.00000000	      0.00000000	     94.63508110	     48.80676026	     82.43812573	    122.06458454	      0.00000000	      0.00000000	      0.00000000	      0.00000000	     84.86993292	      2.50554736	     -2.32301424	    -82.23440194	    -14.89690267	     -4.98473282	      0.00000000	     40.04250754	     10.53001903	      0.00000000	     86.69316613	      4.37770401	      8.36515925	    -87.43807806	    -14.89690267	     -4.98473282	      0.00000000	     41.14068529	     16.81182697	      0.00000000
      1.86666667	     34.84121517	      4.49625012	    183.34153594	     -0.01497195	     -0.18032696	     -0.55970792	      5.48902899	      6.42188065	     -7.99744255	     26.29523602	      0.35449362	      1.14875857	     -0.00082033	     -0.04049520	      0.01752559	      0.00000000	      0.00000000	      0.00000000	      0.06347546	      0.03324846	     -0.01572344	      0.00000000	      0.00000000	      0.00000000	      0.05363376	      0.01332556	      0.02808396	   -109.46046505	     42.63606918	    -67.71373211	    100.08316483	      0.00000000	      0.00000000	      0.00000000	      0.00000000	    119.18811572	     42.74763601	    103.66377869	    112.85862671	      0.00000000	      0.00000000	      0.00000000	      0.00000000	     72.20110525	      2.70640603	     -0.48845967	    -73.07031277	    -14.57921236	     -4.98473282	      0.00000000	     37.07569104	      9.45687610	      0.00000000	     74.01865319	      3.52097030	      6.94548974	    -78.40614081	    -14.89690267	     -4.98473282	      0.00000000	     39.90543551	     15.22992841	      0.00000000
      1.90000000	     27.70640979	      2.25908158	    182.61264065	     -0.03936299	     -0.12420473	     -0.55704362	      2.95412589	      4.66390253	     -7.56122052	     18.26988280	     -0.65236746	      2.64891320	     -0.00194232	     -0.03712998	      0.01910581	      0.00000000	      0.00000000	      0.00000000	      0.04622958	      0.03075292	     -0.01494986	      0.00000000	      0.00000000	      0.00000000	      0.02817632	      0.01535035	      0.02375776	   -124.20171083	     34.40849216	    -67.68446900	     90.31049166	      0.00000000	      0.00000000	      0.00000000	      0.00000000	    134.40920592	     34.89218816	    110.87286891	     96.93587912	      0.00000000	      0.00000000	      0.00000000	      0.00000000	     56.89982971	      1.89768440	      1.70851461	    -60.98809189	    -13.51231710	     -4.98473282	      0.00000000	     30.54496036	     10.12780981	      0.00000000	     58.43271026	      2.37925586	      3.57734986	    -65.73293805	    -13.82622746	     -4.98473282	      0.00000000	     36.21280924	     12.07945619	      0.00000000
      1.93333333	     17.43591391	      0.51341084	    180.96279014	     -0.06775410	     -0.05543832	     -0.55441717	     -3.22240306	      3.56034649	     -5.66541537	      9.94766880	     -0.50685261	      4.40459182	     -0.00681875	     -0.03346281	      0.01689535	      0.00000000	      0.00000000	      0.00000000	      0.02614838	      0.02756494	     -0.01448478	      0.00000000	      0.00000000	      0.00000000	      0.00249559	      0.01759709	      0.01863877	   -132.25198501	     25.72671861	    -57.20990825	     84.20818597	      0.00000000	      0.00000000	      0.00000000	      0.00000000	    144.20912397	     27.96784018	    111.75611589	     79.11610964	      0.00000000	      0.00000000	      0.00000000	      0.00000000	     36.54295944	      0.59070188	      3.26908580	    -44.85355441	    -12.16324513	     -4.98473282	      0.00000000	     19.50812168	     12.70741414	      0.00000000	     37.57128033	      0.45783714	     -1.78815313	    -49.85176835	      2.37639017	     -4.98473282	      0.00000000	     23.53348338	     -8.59971471	      0.00000000
      1.96666667	      9.39641949	     -0.45790868	    179.15045757	     -0.09565432	      0.01928461	     -0.55393311	     -6.94387184	      2.47410055	     -2.52607562	      2.57815913	      0.15709523	      5.99657774	     -0.01073804	     -0.02735941	      0.01882106	      0.00000000	      0.00000000	      0.00000000	      0.01450836	      0.02587761	     -0.01094616	      0.00000000	      0.00000000	      0.00000000	     -0.01302335	      0.02613968	      0.01547594	   -134.27094674	     15.93572283	    -40.30966270	     87.25307270	      0.00000000	      0.00000000	      0.00000000	      0.00000000	    151.78302602	     21.86045231	    109.33030424	     60.95409960	      0.00000000	      0.00000000	      0.00000000	      0.00000000	     18.39263094	     -1.38037571	      2.57853304	    -26.94795682	    -10.72157870	     -4.98473282	      0.00000000	      2.20828639	     14.62290198	      0.00000000	     18.47880592	     -0.76023526	     -7.55324382	    -30.35123275	      9.65364904	     -4.98473282	      0.00000000	      1.68809546	    -14.66419528	      0.00000000
      2.00000000	     10.50048588	     -0.20103746	    178.71111655	     -0.11383867	      0.09332882	     -0.55551436	     -1.22367254	      2.61623581	     -0.29521336	     -4.35471841	      1.88718110	      6.68892145	     -0.01346396	     -0.01883934	      0.02136454	      0.00000000	      0.00000000	      0.00000000	      0.01106255	      0.02855107	     -0.00483306	      0.00000000	      0.00000000	      0.00000000	     -0.01510525	      0.04090528	      0.01398011	   -130.17699389	      6.83289862	    -22.76891043	     98.22991935	      0.00000000	      0.00000000	      0.00000000	      0.00000000	    158.33482266	     14.69906200	    101.47607577	     41.94820791	      0.00000000	      0.00000000	      0.00000000	      0.00000000	     12.69313889	     -2.24888350	     -0.75029986	    -13.34812648	     -9.33561391	     -4.98473282	      0.00000000	    -18.02869765	     13.84177666	      0.00000000	     11.88123473	     -1.77801357	     -8.96591498	    -12.63490685	      8.47228739	     -4.38692866	      0.00000000	    -22.67245610	     -7.30679240	      0.00000000
      2.03333333	     12.26957537	      1.53525390	    180.03880651	     -0.12362496	      0.16374403	     -0.55880084	      3.72355549	      4.15517604	      0.60498023	     -8.77461303	      5.47657261	      4.19302825	     -0.01527439	     -0.01040968	      0.01761983	      0.00000000	      0.00000000	      0.00000000	      0.00428075	      0.02517001	      0.00513208	      0.00000000	      0.00000000	      0.00000000	     -0.01388791	      0.06173854	      0.01405002	   -122.07751560	     -2.77976755	     -8.00822833	    107.98510528	      0.00000000	      0.00000000	      0.00000000	      0.00000000	    164.86246710	      8.73995175	     91.57126224	     24.59006259	      0.00000000	      0.00000000	      0.00000000	      0.00000000	     10.49214550	     -1.21671531	     -5.79492085	     -5.66764432	     -5.31549949	     -4.98473282	      0.00000000	    -35.27296168	      7.84367518	      0.00000000	      9.58172894	     -3.58036623	    -10.80321476	     -0.84017712	      5.43509769	     -4.48948927	      0.00000000	    -38.91632969	      2.64196095	      0.00000000
      2.06666667	     14.21129675	      2.77570262	    183.33628695	     -0.12851480	      0.22763963	     -0.56127258	      8.35649163	      4.70771136	     -1.36585278	    -13.17687494	      7.56671925	      2.56256326	     -0.01337740	     -0.00368520	      0.01831788	      0.00000000	      0.00000000	      0.00000000	      0.00326071	      0.01812994	      0.01179208	      0.00000000	      0.00000000	      0.00000000	     -0.01607509	      0.07960131	      0.02121060	   -107.45652418	    -13.43183965	      1.39325294	    113.80799553	      0.00000000	      0.00000000	      0.00000000	      0.00000000	    168.33395985	      7.59103652	     89.98638423	     15.27554112	      0.00000000	      0.00000000	      0.00000000	      0.00000000	     10.37145729	     -1.03995248	     -9.91205847	     -2.29987062	     -4.48067700	     -4.46826769	      0.00000000	    -46.78920670	      3.31083590	      0.00000000	     10.64558924	     -3.62276544	    -13.70335064	      2.99267637	      6.16550945	     -4.98473282	      0.00000000	    -43.88684103	      6.33241637	      0.00000000
      2.10000000	     15.19511584	      2.09250929	    186.67960055	     -0.13027629	      0.28092097	     -0.56260482	     10.76953693	      3.02354285	     -3.37483937	    -15.91999215	      8.75998905	     -0.29394558	     -0.00761467	     -0.00197099	      0.01846576	      0.00000000	      0.00000000	      0.00000000	     -0.00177055	      0.01221021	      0.01561242	      0.00000000	      0.00000000	      0.00000000	     -0.01004094	      0.08355602	      0.03254259	    -88.00625131	    -23.35439131	      3.49931729	    112.10905020	      0.00000000	      0.00000000	      0.00000000	      0.00000000	    170.24518007	      6.55588567	     92.43205705	     10.47850819	      0.00000000	      0.00000000	      0.00000000	      0.00000000	     10.56360857	     -2.86103971	    -13.54357845	     -1.69067418	     -3.85886327	     -3.92520821	      0.00000000	    -52.52716358	      1.05479248	      0.00000000	     11.23270595	     -1.35210223	    -18.00095595	      3.40657096	      8.76642800	     -4.98473282	      0.00000000	    -45.54192634	      4.22869021	      0.00000000
      2.13333333	     15.26712417	      0.45410575	    189.53172292	     -0.13091946	      0.32008076	     -0.56226105	     11.40436742	      0.78365935	     -4.46942190	    -16.95427738	      8.13830686	     -3.36595851	      0.00170700	     -0.00326837	      0.02188784	      0.00000000	      0.00000000	      0.00000000	     -0.00888935	      0.00923084	      0.01371866	      0.00000000	      0.00000000	      0.00000000	     -0.00119253	      0.07967140	      0.03996490	    -69.46498252	    -31.27232085	     -0.02247764	    102.96107684	      0.00000000	      0.00000000	      0.00000000	      0.00000000	    171.15469487	      6.95945762	     97.32302739	      8.95840065	      0.00000000	      0.00000000	      0.00000000	      0.00000000	     10.32814892	     -5.61388372	    -16.24145689	     -2.27643017	     -2.53204029	     -3.06115455	      0.00000000	    -54.15027287	      0.44656021	      0.00000000	     11.36480217	      1.35839345	    -20.91306522	      1.10344511	     12.88597770	     -4.98473282	      0.00000000	    -47.66653035	     -3.38903573	      0.00000000
      2.16666667	     14.97511047	     -0.15989254	    191.10884234	     -0.13131633	      0.34558210	     -0.56056393	     11.12546681	      0.59829086	     -5.56599536	    -16.72210407	      4.23024968	     -5.59381481	      0.00697101	     -0.00469087	      0.03076521	      0.00000000	      0.00000000	      0.00000000	     -0.01498461	      0.00938515	      0.00003083	      0.00000000	      0.00000000	      0.00000000	      0.00362971	      0.07562971	      0.03931561	    -57.96977141	    -34.75452343	     -3.25138389	     87.20885337	      0.00000000	      0.00000000	      0.00000000	      0.00000000	    171.18823939	      7.23482713	     97.21170899	      8.22833177	      0.00000000	      0.00000000	      0.00000000	      0.00000000	     10.14171210	     -6.76765287	    -16.05782512	     -3.04298327	     -0.84098898	     -2.32190512	      0.00000000	    -52.45753912	     -0.27440084	      0.00000000	     11.65512746	      2.40861739	    -20.80397794	     -1.32124398	     12.71762966	     -4.98473282	      0.00000000	    -48.71301148	     -9.06598651	      0.00000000
      2.20000000	     13.61344970	     -0.17195301	    191.91522437	     -0.13192335	      0.35995540	     -0.55931125	      9.12590498	      1.47117938	     -5.86140216	    -12.74023241	      1.31600091	     -6.00211218	      0.00889751	     -0.00871626	      0.04178211	      0.00000000	      0.00000000	      0.00000000	     -0.01678471	      0.01052027	     -0.00849742	      0.00000000	      0.00000000	      0.00000000	      0.00657718	      0.07536529	      0.03509721	    -49.75895035	    -37.73053508	     -5.34972557	     71.60115547	      0.00000000	      0.00000000	      0.00000000	      0.00000000	    171.64810056	      5.52734943	     80.52346867	      5.38092271	      0.00000000	      0.00000000	      0.00000000	      0.00000000	      9.12557378	     -6.92427734	    -17.48309780	     -4.05370637	      4.92390034	     -1.76159466	      0.00000000	    -48.96120007	     -0.88265012	      0.00000000	     11.58929940	      2.13003934	    -17.38609898	     -4.25341539	     13.38142458	     -4.98473282	      0.00000000	    -45.06777446	     -8.50146707	      0.00000000
      2.23333333	     12.79580077	     -0.01502242	    190.65329768	     -0.13396239	      0.36431408	     -0.55803453	      7.57855909	      2.79059947	     -5.62135096	     -6.74993558	     -1.57261209	     -4.30735027	      0.00865405	     -0.01280544	      0.05308014	      0.00000000	      0.00000000	      0.00000000	     -0.01771733	      0.00619366	     -0.01305162	      0.00000000	      0.00000000	      0.00000000	      0.00142735	      0.07811252	      0.02931550	    -47.08187835	    -37.64857374	      1.08928805	     56.58622428	      0.00000000	      0.00000000	      0.00000000	      0.00000000	    171.26923087	      4.63450607	     71.05959116	      5.75514136	      0.00000000	      0.00000000	      0.00000000	      0.00000000	      9.23677778	     -6.66641115	    -16.08757987	     -4.91713833	      6.11689352	     -1.60265223	      0.00000000	    -45.60600587	      1.91194301	      0.00000000	     11.59793780	      1.58247722	    -16.97070482	     -5.30785864	     13.68530563	     -4.98473282	      0.00000000	    -38.25625522	     -1.15172980	      0.00000000
      2.26666667	     12.57123485	     -0.31717382	    188.98782974	     -0.13643393	      0.35893851	     -0.55756047	      6.52770806	      3.46608409	     -4.90418434	     -0.13032285	     -2.06913529	     -3.07860070	      0.00709697	     -0.01443797	      0.05652911	      0.00000000	      0.00000000	      0.00000000	     -0.02155943	      0.00381182	     -0.00991888	      0.00000000	      0.00000000	      0.00000000	     -0.00219351	      0.08041090	      0.02610324	    -41.56052313	    -35.58554133	      5.66113395	     43.07238442	      0.00000000	      0.00000000	      0.00000000	      0.00000000	    170.38262488	      4.06714081	     68.42481529	      7.22604695	      0.00000000	      0.00000000	      0.00000000	      0.00000000	     10.01618739	     -6.82885587	    -15.39066456	     -5.00207218	      5.05820278	     -2.01698553	      0.00000000	    -43.93214299	      5.45469265	      0.00000000	     11.63789619	      1.48773578	    -17.30603947	     -4.46389579	     13.39404344	     -4.24932526	      0.00000000	    -36.63567971	      3.84498249	      0.00000000
      2.30000000	     13.00966623	     -1.42291831	    187.33543562	     -0.13963413	      0.34353597	     -0.55731316	      6.47898918	      3.24230844	     -4.30651537	      5.84116077	     -1.01460372	     -2.49747582	      0.00850247	     -0.01437684	      0.05125816	      0.00000000	      0.00000000	      0.00000000	     -0.02794526	      0.00239261	     -0.00798299	      0.00000000	      0.00000000	      0.00000000	     -0.00203167	      0.07981426	      0.02497256	    -35.12362610	    -32.05619475	      8.34104385	     31.26645476	      0.00000000	      0.00000000	      0.00000000	      0.00000000	    168.88078874	      4.30127837	     68.27472342	      9.01927477	      0.00000000	      0.00000000	      0.00000000	      0.00000000	     11.35926543	     -7.95344732	    -15.52529257	     -3.80556625	      3.11534774	     -2.64731886	      0.00000000	    -44.62954667	      8.02890306	      0.00000000	     11.96800552	      2.09629339	    -19.38431419	     -2.78410518	     11.44692140	     -2.89380532	      0.00000000	    -38.93499891	      5.82572413	      0.00000000
      2.33333333	     13.42300097	     -2.75162706	    186.22532425	     -0.14271372	      0.31816575	     -0.55695873	      6.80176523	      2.98700009	     -4.42872788	      9.22321213	      0.80514909	     -2.56770881	      0.01062161	     -0.01286574	      0.03841987	      0.00000000	      0.00000000	      0.00000000	     -0.03463359	      0.00422274	     -0.01092401	      0.00000000	      0.00000000	      0.00000000	     -0.00290426	      0.07625637	      0.02413985	    -28.97493048	    -28.54433326	      7.87534019	     22.30791642	      0.00000000	      0.00000000	      0.00000000	      0.00000000	    166.33213371	      5.49288442	     68.41009553	     12.09056620	      0.00000000	      0.00000000	      0.00000000	      0.00000000	     12.86990692	     -9.40047323	    -15.35600560	     -2.72662764	      2.27182009	     -3.38707980	      0.00000000	    -45.94142955	      8.23425353	      0.00000000	     12.20212232	      3.14075478	    -22.36846088	     -0.69325879	     10.42799823	     -1.90780336	      0.00000000	    -43.28878898	      5.36147055	      0.00000000
      2.36666667	     13.34754519	     -3.61044661	    185.33746877	     -0.14459821	      0.28193069	     -0.55649750	      6.72620956	      3.68312370	     -4.73681243	     10.48328816	      2.23473482	     -2.69853585	      0.01277516	     -0.01208949	      0.02183973	      0.00000000	      0.00000000	      0.00000000	     -0.03753601	      0.00976782	     -0.01824395	      0.00000000	      0.00000000	      0.00000000	     -0.00518666	      0.07045016	      0.01983250	    -24.15816405	    -26.95101142	      5.43296265	     17.41774025	      0.00000000	      0.00000000	      0.00000000	      0.00000000	    163.21445315	      6.62074075	     66.39373575	     16.23353661	      0.00000000	      0.00000000	      0.00000000	      0.00000000	     14.19872028	    -10.23972791	    -14.52284848	     -3.06495104	      4.53294924	     -4.33935205	      0.00000000	    -45.97496644	      5.77444622	      0.00000000	     12.10119972	      3.80421613	    -25.38692746	      1.28032583	     12.04389057	     -1.15242631	      0.00000000	    -45.93696599	      3.32002419	      0.00000000
      2.40000000	     12.41548948	     -3.93244223	    184.41649479	     -0.14387783	      0.23324091	     -0.55599506	      5.39723310	      5.33052148	     -5.21232845	      9.95527089	      2.70423806	     -2.02935979	      0.01178054	     -0.01228012	      0.00623049	      0.00000000	      0.00000000	      0.00000000	     -0.03118920	      0.01545078	     -0.02422742	      0.00000000	      0.00000000	      0.00000000	     -0.00617476	      0.06313866	      0.01071377	    -20.97761384	    -28.12425082	      5.31255425	     16.68690058	      0.00000000	      0.00000000	      0.00000000	      0.00000000	    160.59743031	      6.40519379	     62.01272877	     20.06463801	      0.00000000	      0.00000000	      0.00000000	      0.00000000	     15.25239823	    -10.61784049	    -13.93886017	     -5.93459147	      6.89997054	     -4.98473282	      0.00000000	    -43.50849768	      2.06416881	      0.00000000	     11.61538633	      4.01761693	    -27.17346055	      2.09668116	     14.89690267	     -1.30417091	      0.00000000	    -44.90298320	      2.96657316	      0.00000000
      2.43333333	     10.59831996	     -4.68611900	    182.74501266	     -0.13935121	      0.17114732	     -0.55551347	      2.25971912	      6.47698388	     -5.49651112	      8.84155348	      2.56156201	     -0.58136107	      0.00693061	     -0.01249112	     -0.00488622	      0.00000000	      0.00000000	      0.00000000	     -0.01965281	      0.01770488	     -0.02347012	      0.00000000	      0.00000000	      0.00000000	     -0.00465474	      0.05644367	      0.00276062	    -18.71349572	    -29.64953658	      7.51197727	     17.33340360	      0.00000000	      0.00000000	      0.00000000	      0.00000000	    157.99274233	      4.56180913	     59.91738496	     24.06499617	      0.00000000	      0.00000000	      0.00000000	      0.00000000	     16.50332230	    -11.67737156	    -12.72493113	    -11.88868714	      7.24885509	     -4.98473282	      0.00000000	    -36.50655526	     -1.51860636	      0.00000000	     11.21710338	      4.48035431	    -26.48347890	     -0.55111053	     14.89690267	     -2.93689093	      0.00000000	    -37.97029329	      4.95819750	      0.00000000
      2.46666667	      7.94440446	     -6.16450488	    180.05755165	     -0.13075658	      0.09819471	     -0.55624370	     -2.77722575	      6.12778963	     -5.50786687	      8.70001848	      1.93507371	      1.45120177	      0.00046138	     -0.01291776	     -0.00835379	      0.00000000	      0.00000000	      0.00000000	     -0.01013054	      0.01351393	     -0.01824047	      0.00000000	      0.00000000	      0.00000000	     -0.00258400	      0.05244571	      0.00296466	    -17.22637750	    -29.20655198	     10.31588838	     18.05844144	      0.00000000	      0.00000000	      0.00000000	      0.00000000	    153.70418315	      1.77264073	     65.21321195	     30.65473651	      0.00000000	      0.00000000	      0.00000000	      0.00000000	     18.32492559	    -13.46708251	    -10.77268683	    -20.70722855	      6.57705777	     -4.98473282	      0.00000000	    -23.45795403	     -2.89440991	      0.00000000	     11.78372686	      4.74698280	    -26.05781283	     -9.25673139	     13.53450973	     -4.98473282	      0.00000000	    -22.17784250	      7.70409161	      0.00000000
      2.50000000	      6.67617109	     -6.28103468	    178.93254030	     -0.11642488	      0.02047716	     -0.55798544	     -7.01285389	      6.68349649	     -6.37757363	      9.55714747	      0.20978775	      1.41960407	     -0.00633588	     -0.01337398	     -0.00647501	      0.00000000	      0.00000000	      0.00000000	     -0.00828601	      0.00685280	     -0.01260938	      0.00000000	      0.00000000	      0.00000000	      0.00094078	      0.04605613	      0.00430424	    -15.58187702	    -25.45710180	      9.79561087	     16.89547562	      0.00000000	      0.00000000	      0.00000000	      0.00000000	    149.12314311	     -0.33018138	     76.72897281	     39.10028149	      0.00000000	      0.00000000	      0.00000000	      0.00000000	     21.96016025	    -14.17679363	     -8.35912097	    -30.90704063	      4.56488098	     -4.98473282	      0.00000000	     -4.94683865	      0.07266401	      0.00000000	     16.97571919	      3.53045352	    -17.69558787	    -24.77133407	      5.11858472	     -4.98473282	      0.00000000	      1.49398692	      9.74512135	      0.00000000
      2.53333333	      7.63663106	     -4.63845585	    177.90091474	     -0.09822461	     -0.05228016	     -0.55969450	     -9.95723626	      9.16448326	     -6.81334505	     12.16336631	     -1.67476531	      1.38099188	     -0.01319710	     -0.01595634	     -0.00203795	      0.00000000	      0.00000000	      0.00000000	     -0.00811880	      0.00066751	     -0.00686044	      0.00000000	      0.00000000	      0.00000000	      0.00241879	      0.03378315	      0.00275406	    -14.73929243	    -19.02672951	      9.83732070	     14.69862170	      0.00000000	      0.00000000	      0.00000000	      0.00000000	    144.11271214	     -3.61053626	     85.01967488	     50.97264507	      0.00000000	      0.00000000	      0.00000000	      0.00000000	     28.92939447	    -12.76852045	     -5.91485015	    -42.41626431	      4.45179917	     -4.98473282	      0.00000000	     13.12108324	      2.13417074	      0.00000000	     26.20711548	      0.96641853	    -13.61501194	    -42.26348086	      0.38548233	     -4.98473282	      0.00000000	     23.77949252	     10.42100390	      0.00000000
      2.56666667	     13.86268758	     -3.71186686	    177.53018781	     -0.07769183	     -0.11342904	     -0.56086607	     -7.05302885	     11.03645374	     -7.60166649	     15.74245197	     -2.02613472	      0.32382785	     -0.01292470	     -0.02025061	     -0.00116992	      0.00000000	      0.00000000	      0.00000000	     -0.00078769	     -0.00158507	     -0.00291390	      0.00000000	      0.00000000	      0.00000000	      0.00228074	      0.01772298	     -0.00120279	    -14.88252061	    -11.72956696	     16.20929582	     10.98210233	      0.00000000	      0.00000000	      0.00000000	      0.00000000	    137.89878460	     -4.85191427	     90.51927849	     67.35967637	      0.00000000	      0.00000000	      0.00000000	      0.00000000	     43.00951169	    -11.80645884	     -3.81095461	    -55.30420527	      2.68691499	     -4.98473282	      0.00000000	     27.39810750	      6.77878356	      0.00000000	     41.52307000	     -0.65414246	    -10.85948370	    -58.25546756	     -5.11625209	     -4.98473282	      0.00000000	     38.18938555	     12.30617284	      0.00000000
      2.60000000	     19.69251426	     -4.28559050	    177.08373512	     -0.06027981	     -0.15763379	     -0.56261987	     -4.09762823	     10.99853826	     -7.59937720	     18.68926398	     -1.87173910	     -1.01237566	     -0.01209300	     -0.02366797	      0.00011007	      0.00000000	      0.00000000	      0.00000000	      0.00626679	      0.00137062	      0.00223173	      0.00000000	      0.00000000	      0.00000000	     -0.00258780	      0.00493903	     -0.00106220	    -14.32443386	     -3.31584705	     25.99685370	      6.64007893	      0.00000000	      0.00000000	      0.00000000	      0.00000000	    129.10185911	     -0.52825655	     94.94690396	     88.72943103	      0.00000000	      0.00000000	      0.00000000	      0.00000000	     56.66471792	    -11.64424433	     -1.65371765	    -66.59973224	      1.30154895	     -4.98473282	      0.00000000	     34.96509086	      9.09096879	      0.00000000	     54.78922742	     -0.75038701	     -9.38487886	    -69.66521661	    -10.26587354	     -4.98473282	      0.00000000	     44.11413936	     13.50418896	      0.00000000
      2.63333333	     24.11367024	     -5.96845247	    177.30563782	     -0.04764752	     -0.18405478	     -0.56414539	     -1.66492631	      9.51787118	     -7.91254187	     21.07080913	     -1.26882367	     -1.73287479	     -0.01021120	     -0.02600391	      0.00159475	      0.00000000	      0.00000000	      0.00000000	      0.01149530	      0.00328959	      0.00266812	      0.00000000	      0.00000000	      0.00000000	     -0.00909340	     -0.00431295	      0.00510453	    -14.68234871	      4.96906479	     37.09500220	      4.67391992	      0.00000000	      0.00000000	      0.00000000	      0.00000000	    116.95637986	      8.56400686	     92.82695048	    111.03478152	      0.00000000	      0.00000000	      0.00000000	      0.00000000	     67.21360991	    -12.79364679	     -0.12364959	    -74.17742257	      0.54121975	     -4.98473282	      0.00000000	     37.39168861	     10.72079473	      0.00000000	     63.85978611	      0.40314340	     -9.27609183	    -75.82485267	    -13.97536486	     -4.98473282	      0.00000000	     44.93627890	     14.45030051	      0.00000000
      2.66666667	     26.25227267	     -7.56330192	    177.93448519	     -0.03908285	     -0.19463439	     -0.56595559	     -0.94204226	      7.84975211	     -8.81758526	     22.92826427	     -0.68434877	     -1.59434952	     -0.00925106	     -0.02789719	      0.00310237	      0.00000000	      0.00000000	      0.00000000	      0.01064965	     -0.00012133	     -0.00189292	      0.00000000	      0.00000000	      0.00000000	     -0.01271877	     -0.00534448	      0.01275497	    -16.33776341	     13.38372337	     42.33363082	      5.87803642	      0.00000000	      0.00000000	      0.00000000	      0.00000000	     98.34178965	     19.09814560	     77.26618023	    129.91211433	      0.00000000	      0.00000000	      0.00000000	      0.00000000	     72.77261636	    -14.40640861	      0.53037992	    -77.58605481	      0.39580996	     -4.98473282	      0.00000000	     37.45124832	     12.60986778	      0.00000000	     67.75880646	      1.61948312	    -10.07963328	    -77.69828075	    -14.87031815	     -4.98473282	      0.00000000	     44.18441246	     14.44581398	      0.00000000
      2.70000000	     25.48268249	     -8.11049251	    177.72834774	     -0.03348196	     -0.19371882	     -0.56909157	     -3.04309958	      6.80189876	     -9.50619275	     24.81484516	      1.02102544	     -0.71513168	     -0.00957892	     -0.02908382	      0.00308003	      0.00000000	      0.00000000	      0.00000000	      0.00505932	     -0.00862212	     -0.00827364	      0.00000000	      0.00000000	      0.00000000	     -0.00501951	     -0.00636056	      0.01535513	    -19.02344369	     21.18432737	     39.43844084	     10.62401552	      0.00000000	      0.00000000	      0.00000000	      0.00000000	     75.40207234	     24.97829811	     48.72555169	    137.73769230	      0.00000000	      0.00000000	      0.00000000	      0.00000000	     72.69773993	    -15.00875932	     -0.18337823	    -77.69961848	      1.14143710	     -4.98473282	      0.00000000	     37.22329060	     13.98085937	      0.00000000	     66.79064291	      1.22228130	    -11.36762531	    -77.15625741	    -14.01662322	     -4.98473282	      0.00000000	     43.67502441	     14.94914973	      0.00000000
      2.73333333	     26.81406398	     -6.72849185	    178.00457725	     -0.02898210	     -0.18758314	     -0.57406643	     -1.74291839	      7.54304145	    -10.03011774	     24.66554745	      1.17742151	     -0.32642803	     -0.01091585	     -0.02829691	      0.00460361	      0.00000000	      0.00000000	      0.00000000	      0.01448338	     -0.00917640	     -0.00987576	      0.00000000	      0.00000000	      0.00000000	      0.00436548	     -0.01654926	      0.01711760	    -19.31739142	     20.05561458	     17.42012141	     26.40263296	      0.00000000	      0.00000000	      0.00000000	      0.00000000	     54.26744997	     26.01426609	     23.52632441	    132.32840561	      0.00000000	      0.00000000	      0.00000000	      0.00000000	     72.78104806	    -14.29473030	     -2.50598771	    -76.07446801	      0.37583807	     -4.98473282	      0.00000000	     36.95739412	     16.71831837	      0.00000000	     67.74560704	     -0.11676173	    -10.55278506	    -76.05130139	    -12.01747985	     -4.98473282	      0.00000000	     42.77997826	     15.29041675	      0.00000000
      2.76666667	     26.47620363	     -5.58712225	    177.84322394	     -0.02603541	     -0.17663284	     -0.58018448	     -1.96729830	      7.43784613	    -10.44109549	     24.22577130	      1.69778296	      0.00115161	     -0.01376899	     -0.02705480	      0.00605351	      0.00000000	      0.00000000	      0.00000000	      0.01535319	     -0.00951786	     -0.00840903	      0.00000000	      0.00000000	      0.00000000	      0.00353569	     -0.02226036	      0.01868598	    -20.08852488	     21.38731649	     13.42190953	     36.93357122	      0.00000000	      0.00000000	      0.00000000	      0.00000000	     38.26905893	     23.84933248	      7.61636456	    122.94544600	      0.00000000	      0.00000000	      0.00000000	      0.00000000	     70.57788729	    -12.92047230	     -4.11738654	    -73.43944053	     -0.32962973	     -4.98473282	      0.00000000	     36.61309490	     17.30203192	      0.00000000	     66.41326978	     -1.65126966	    -10.12064526	    -73.68217792	    -10.50407077	     -4.98473282	      0.00000000	     41.55022110	     15.80406275	      0.00000000
      2.80000000	     26.37038932	     -3.80086135	    177.98593343	     -0.02394904	     -0.16231783	     -0.58768554	     -1.57598305	      7.84604302	    -10.50621156	     23.51998818	      1.74267921	     -0.17742617	     -0.01682259	     -0.02562631	      0.00610263	      0.00000000	      0.00000000	      0.00000000	      0.01317530	     -0.00821808	     -0.00754631	      0.00000000	      0.00000000	      0.00000000	     -0.00356657	     -0.02204892	      0.01866559	    -21.22455402	     21.59456639	     11.27659564	     46.50143553	      0.00000000	      0.00000000	      0.00000000	      0.00000000	     27.89717556	     19.69376007	     -3.41036129	    113.50583132	      0.00000000	      0.00000000	      0.00000000	      0.00000000	     67.86352262	    -10.72875562	     -5.51139340	    -69.63464036	     -1.69631894	     -4.98473282	      0.00000000	     35.61209825	     16.57718868	      0.00000000	     65.00525852	     -3.34036781	     -8.81540389	    -70.55743470	     -8.74591631	     -4.98473282	      0.00000000	     39.85957978	     16.43312500	      0.00000000
      2.83333333	     26.44679228	     -2.85933916	    178.29714112	     -0.02308694	     -0.14519532	     -0.59486403	     -0.72179766	      7.21013821	    -11.23673822	     22.58341147	      1.77079333	      0.13156023	     -0.02066974	     -0.02437301	      0.00758016	      0.00000000	      0.00000000	      0.00000000	      0.00765040	     -0.00817812	     -0.00555119	      0.00000000	      0.00000000	      0.00000000	     -0.01299845	     -0.01639546	      0.01844733	    -21.65260705	     22.12728880	     11.35225106	     54.03124079	      0.00000000	      0.00000000	      0.00000000	      0.00000000	     22.48825206	     14.08093833	    -10.64141802	    104.66482907	      0.00000000	      0.00000000	      0.00000000	      0.00000000	     65.31264983	     -8.74821178	     -5.52713286	    -65.13547821	     -3.16656846	     -4.98473282	      0.00000000	     33.70162877	     15.03212287	      0.00000000	     63.02507208	     -4.40996956	     -8.53012082	    -66.32761218	     -7.23437195	     -4.98473282	      0.00000000	     38.11052537	     17.18007153	      0.00000000
      2.86666667	     26.00096444	     -1.34571132	    178.29901744	     -0.02381599	     -0.12513064	     -0.60148616	     -0.17687361	      7.61693064	    -10.42347884	     21.06493842	      0.42756631	      0.42924866	     -0.02510290	     -0.02351552	      0.00858854	      0.00000000	      0.00000000	      0.00000000	      0.00929233	     -0.00602487	     -0.00636895	      0.00000000	      0.00000000	      0.00000000	     -0.01702318	     -0.01411205	      0.01763413	    -22.28388423	     18.54158267	     10.55907627	     65.06361224	      0.00000000	      0.00000000	      0.00000000	      0.00000000	     20.54696335	     10.77738009	    -16.99558915	     96.23425768	      0.00000000	      0.00000000	      0.00000000	      0.00000000	     61.35615554	     -6.49245782	     -5.49235480	    -59.40268348	     -3.26849657	     -4.46072336	      0.00000000	     31.06019684	     13.51175785	      0.00000000	     59.94235465	     -6.10594882	     -8.54859408	    -61.35165910	     -5.38248158	     -4.98473282	      0.00000000	     36.49451729	     17.29788743	      0.00000000
      2.90000000	     22.49248197	     -0.56550410	    178.29613083	     -0.02643145	     -0.10286048	     -0.60765594	     -3.11982263	      7.05761483	     -9.58040987	     20.40782805	     -0.58787443	      0.01734591	     -0.02908933	     -0.02354841	      0.01107065	      0.00000000	      0.00000000	      0.00000000	      0.00720748	     -0.00577509	     -0.00367150	      0.00000000	      0.00000000	      0.00000000	     -0.01698782	     -0.01410986	      0.01506113	    -21.83177604	     16.90582631	     11.20617482	     72.26948130	      0.00000000	      0.00000000	      0.00000000	      0.00000000	     19.84754328	      9.79867948	    -21.82632666	     89.71715767	      0.00000000	      0.00000000	      0.00000000	      0.00000000	     53.85029087	     -4.41705959	     -3.00854072	    -53.02836900	     -3.57087735	     -3.13520385	      0.00000000	     27.90279255	      9.61612863	      0.00000000	     52.82361667	     -7.31682746	     -9.69649711	    -55.40397673	     -1.11930624	     -4.98473282	      0.00000000	     34.64823721	     14.67953443	      0.00000000
      2.93333333	     22.46348979	     -0.16209433	    178.95061038	     -0.02972379	     -0.08179787	     -0.61179881	     -1.25559645	      6.53483981	    -10.01439427	     17.75878261	     -0.49374612	      0.88309521	     -0.03212827	     -0.02222379	      0.01231372	      0.00000000	      0.00000000	      0.00000000	      0.00977270	     -0.00515918	     -0.00180640	      0.00000000	      0.00000000	      0.00000000	     -0.01651438	     -0.01671993	      0.01129078	    -20.95749258	     14.77828462	     12.78117625	     75.98549552	      0.00000000	      0.00000000	      0.00000000	      0.00000000	     19.40427243	      8.97714031	    -25.94255926	     84.70385623	      0.00000000	      0.00000000	      0.00000000	      0.00000000	     49.93780511	     -3.44432271	     -2.38854871	    -46.34060333	     -5.25531370	     -3.15747964	      0.00000000	     24.68215247	      9.04176056	      0.00000000	     49.31829740	     -7.49711697	    -10.47415801	    -48.78129333	      0.22459562	     -4.98473282	      0.00000000	     32.23602378	     14.60724216	      0.00000000
      2.96666667	     17.28042785	     -0.11112708	    178.94630837	     -0.03601067	     -0.06018271	     -0.61644121	     -5.36468997	      5.31268461	     -8.94277713	     16.42410440	      0.00680234	     -0.27598344	     -0.03448879	     -0.02223859	      0.01315550	      0.00000000	      0.00000000	      0.00000000	      0.00813265	     -0.00808107	     -0.00108257	      0.00000000	      0.00000000	      0.00000000	     -0.01563220	     -0.01756034	      0.00765873	    -20.28843635	     13.89620164	     12.81588757	     74.93755528	      0.00000000	      0.00000000	      0.00000000	      0.00000000	     20.11938845	      8.40913291	    -30.68964439	     80.61735621	      0.00000000	      0.00000000	      0.00000000	      0.00000000	     40.02182622	     -1.99795022	     -0.27537935	    -38.34149282	    -10.05146579	     -3.43851241	      0.00000000	     21.92814755	     10.83787570	      0.00000000	     39.30761732	     -7.90540876	    -12.78904329	    -41.00662423	      3.07854970	     -4.98473282	      0.00000000	     29.88353500	     13.26597350	      0.00000000
      3.00000000	     16.96900116	     -0.04970118	    179.66418384	     -0.04181275	     -0.04221053	     -0.61899086	     -3.28064380	      4.61349567	     -9.69227371	     13.29670290	      1.03614812	      0.23933748	     -0.03532002	     -0.02026996	      0.01277194	      0.00000000	      0.00000000	      0.00000000	      0.01028671	     -0.00929804	     -0.00132897	      0.00000000	      0.00000000	      0.00000000	     -0.01890393	     -0.01689427	      0.00692278	    -19.54959548	     12.93855303	     14.23020139	     69.14136637	      0.00000000	      0.00000000	      0.00000000	      0.00000000	     22.25033272	      6.11804236	    -36.30981044	     75.19986713	      0.00000000	      0.00000000	      0.00000000	      0.00000000	     35.67384840	     -1.62544726	     -1.65718141	    -31.04236384	    -11.10804499	     -4.76468236	      0.00000000	     18.36131251	     11.59053711	      0.00000000	     34.94317934	     -7.39957880	    -14.50784724	    -33.51954682	      3.40352523	     -4.98473282	      0.00000000	     25.87461818	     13.41798038	      0.00000000
      3.03333333	     16.20729196	      0.21608209	    180.60950079	     -0.04892258	     -0.02709660	     -0.62110762	     -1.61444799	      4.20717484	    -10.48388947	     10.64767360	      1.71242406	      0.36220196	     -0.03457733	     -0.01834778	      0.01136453	      0.00000000	      0.00000000	      0.00000000	      0.01302464	     -0.01029484	     -0.00308201	      0.00000000	      0.00000000	      0.00000000	     -0.02484930	     -0.01314019	      0.00552425	    -19.49593020	     11.87821210	     16.43304116	     61.49299938	      0.00000000	      0.00000000	      0.00000000	      0.00000000	     24.24401112	      5.58257068	    -44.32559592	     65.86449833	      0.00000000	      0.00000000	      0.00000000	      0.00000000	     30.56424252	     -1.30925933	     -1.89546990	    -23.67947237	    -11.87625436	     -4.98473282	      0.00000000	     14.93521992	     11.19787603	      0.00000000	     30.17043397	     -6.76792047	    -16.23215726	    -26.12878847	      4.21536776	     -4.98473282	      0.00000000	     21.58206299	     13.76618438	      0.00000000
      3.06666667	      0.88963210	     -0.20104538	    180.28947333	     -0.06556051	     -0.01250588	     -0.62302761	    -16.40528577	      3.07348103	     -9.06392955	     10.53722964	      2.76416129	     -0.46557681	     -0.03521963	     -0.01686330	      0.00820676	      0.00000000	      0.00000000	      0.00000000	      0.01265572	     -0.01023625	     -0.00352227	      0.00000000	      0.00000000	      0.00000000	     -0.02990501	     -0.00828893	      0.00372996	    -19.29525871	     11.71109781	     17.90955737	     54.54443777	      0.00000000	      0.00000000	      0.00000000	      0.00000000	     25.55299092	      8.97689231	    -53.77200541	     54.54221276	      0.00000000	      0.00000000	      0.00000000	      0.00000000	      8.18219700	     -1.37120402	     -4.78045457	    -13.43235570	     -6.78805577	     -4.98473282	      0.00000000	     10.52135430	      6.86083571	      0.00000000	      7.14888030	     -5.86565733	    -24.86895630	    -14.62977532	     11.58649828	     -4.98473282	      0.00000000	     16.03008879	     12.28529499	      0.00000000
      3.10000000	      1.51928049	      0.03168578	    181.06912232	     -0.07347416	     -0.00630277	     -0.62367976	    -13.03164390	      3.18663844	     -9.85364430	      7.75786171	      1.97923308	      1.06712600	     -0.03222753	     -0.01429644	      0.00723228	      0.00000000	      0.00000000	      0.00000000	      0.01427245	     -0.01113779	     -0.00405388	      0.00000000	      0.00000000	      0.00000000	     -0.03311691	     -0.00714400	     -0.00154152	    -19.31134752	     10.46972026	     22.39829683	     48.99282018	      0.00000000	      0.00000000	      0.00000000	      0.00000000	     23.91964252	     10.59417044	    -63.32896965	     43.46324261	      0.00000000	      0.00000000	      0.00000000	      0.00000000	      4.97611792	     -1.01781463	     -7.81853036	     -7.03884216	     -4.96081788	     -4.98473282	      0.00000000	      7.24743745	      7.24680933	      0.00000000	      4.60829948	     -4.88706504	    -25.30549025	     -8.15012781	     12.20152568	     -4.60028567	      0.00000000	     12.13842299	     11.42872112	      0.00000000
      3.13333333	      0.01892953	      0.03877210	    181.38918132	     -0.08233234	     -0.00348147	     -0.62523991	    -12.34446170	      2.80460208	     -9.20473078	      6.22206456	      0.93598829	      1.73777632	     -0.02820485	     -0.01232967	      0.00708887	      0.00000000	      0.00000000	      0.00000000	      0.01228433	     -0.01307586	     -0.00469538	      0.00000000	      0.00000000	      0.00000000	     -0.03267020	     -0.00644456	     -0.00582482	    -19.21558920	      8.81122753	     25.66428557	     45.84392590	      0.00000000	      0.00000000	      0.00000000	      0.00000000	     22.12773255	     11.43704164	    -71.33766232	     35.30891020	      0.00000000	      0.00000000	      0.00000000	      0.00000000	     -0.27940405	     -0.58196284	    -13.30813481	     -1.03484820	      0.02389205	     -4.98473282	      0.00000000	      4.12373515	      7.86590038	      0.00000000	     -0.31339913	     -4.47743165	    -24.36237003	     -2.12077612	     12.91110210	     -2.82560125	      0.00000000	      8.80058442	      7.73550653	      0.00000000
      3.16666667	     -1.41368599	     -0.01037311	    180.90682006	     -0.09008568	     -0.00334386	     -0.62606757	    -11.85893448	      2.36752243	     -8.05598418	      4.05530280	      0.22413173	      2.08348587	     -0.02585266	     -0.00966152	      0.00570899	      0.00000000	      0.00000000	      0.00000000	      0.01077869	     -0.01483499	     -0.00353664	      0.00000000	      0.00000000	      0.00000000	     -0.02814729	     -0.00650788	     -0.00566244	    -18.49242947	      7.82642674	     29.42930659	     43.05814491	      0.00000000	      0.00000000	      0.00000000	      0.00000000	     21.42057909	      9.50427044	    -74.36809228	     30.80655095	      0.00000000	      0.00000000	      0.00000000	      0.00000000	     -4.39257001	     -0.19477906	    -15.66449731	      3.06372993	      4.03856051	     -4.98473282	      0.00000000	      1.47450687	      7.65255271	      0.00000000	     -4.83480487	     -3.69842099	    -23.95142466	      2.95921313	     14.05750442	     -2.30558218	      0.00000000	      5.91532785	      3.81312356	      0.00000000
      3.20000000	     -2.01265362	     -0.16257318	    180.74794163	     -0.09592449	     -0.00465415	     -0.62553669	    -10.94647012	      2.10247250	     -7.22721011	      2.09573488	     -0.77364183	      2.07129315	     -0.02504973	     -0.00787588	      0.00508398	      0.00000000	      0.00000000	      0.00000000	      0.00912034	     -0.01692112	     -0.00223776	      0.00000000	      0.00000000	      0.00000000	     -0.02492222	     -0.00740163	     -0.00639260	    -17.59274819	      7.13475506	     33.01857022	     40.06220946	      0.00000000	      0.00000000	      0.00000000	      0.00000000	     20.32038770	      7.51927959	    -74.63308508	     26.31057092	      0.00000000	      0.00000000	      0.00000000	      0.00000000	     -6.84956588	     -0.71785320	    -16.00480316	      5.52875687	      5.62873020	     -3.80012989	      0.00000000	      0.22364784	      6.61620868	      0.00000000	     -7.60853827	     -2.88737234	    -24.14344375	      6.46582450	     14.89690267	     -2.05868534	      0.00000000	      3.94172038	      1.97721157	      0.00000000
      3.23333333	     -2.91445356	     -0.28173432	    180.66436062	     -0.10072787	     -0.00714569	     -0.62430067	    -10.78528102	      2.02265452	     -6.46710377	      0.35087010	     -1.61330916	      2.14434553	     -0.02602960	     -0.00544582	      0.00466927	      0.00000000	      0.00000000	      0.00000000	      0.00784475	     -0.01612209	     -0.00066533	      0.00000000	      0.00000000	      0.00000000	     -0.02358038	     -0.00841608	     -0.00894297	    -16.55528602	      6.25378261	     36.07878162	     36.45502036	      0.00000000	      0.00000000	      0.00000000	      0.00000000	     18.32018276	      6.67960494	    -72.80608644	     20.89379488	      0.00000000	      0.00000000	      0.00000000	      0.00000000	     -8.99132661	     -1.28578877	    -16.15819142	      6.91856048	      6.98034202	     -2.83276108	      0.00000000	      0.11587610	      5.36431363	      0.00000000	    -10.10445828	     -2.43380718	    -24.24609132	      8.74548135	     14.89690267	     -1.53202357	      0.00000000	      3.28453993	      1.62071047	      0.00000000
      3.26666667	     -3.18669868	     -0.73256988	    181.35470250	     -0.10404825	     -0.01013983	     -0.62293630	    -10.33323825	      1.61977475	     -6.77894001	     -1.50240789	     -2.25802117	      2.03762100	     -0.02934807	     -0.00231981	      0.00526637	      0.00000000	      0.00000000	      0.00000000	      0.00764041	     -0.01357691	      0.00017113	      0.00000000	      0.00000000	      0.00000000	     -0.02312774	     -0.01068296	     -0.00920224	    -15.32695232	      4.27021707	     36.13121508	     33.28691100	      0.00000000	      0.00000000	      0.00000000	      0.00000000	     16.94133585	      6.87191730	    -71.07958050	     16.75161105	      0.00000000	      0.00000000	      0.00000000	      0.00000000	    -10.06269128	     -1.98754607	    -16.42408859	      7.62034536	      7.08829575	     -2.33935715	      0.00000000	      0.82624778	      5.06289270	      0.00000000	    -11.18540463	     -2.13583654	    -24.93972946	      9.89496787	     14.89690267	     -0.33976161	      0.00000000	      3.67993544	      2.45751513	      0.00000000
      3.30000000	     -3.45860484	     -1.26457074	    182.10798089	     -0.10638163	     -0.01309335	     -0.62127217	    -10.17152448	      1.12341592	     -7.39730825	     -3.32425554	     -2.67960382	      2.17317087	     -0.03362477	      0.00148966	      0.00609138	      0.00000000	      0.00000000	      0.00000000	      0.00674961	     -0.00933412	      0.00173214	      0.00000000	      0.00000000	      0.00000000	     -0.02434894	     -0.01348742	     -0.00909365	    -13.96425186	      2.13634075	     33.85955676	     29.80816329	      0.00000000	      0.00000000	      0.00000000	      0.00000000	     15.33191688	      8.06906350	    -69.90199854	     12.45632654	      0.00000000	      0.00000000	      0.00000000	      0.00000000	    -10.67789562	     -2.83564612	    -16.93042934	      7.55130738	      6.28328140	     -1.75536170	      0.00000000	      1.93921800	      5.75285375	      0.00000000	    -11.72261729	     -1.88626104	    -26.10328738	     10.00000028	     14.89690267	      0.70856744	      0.00000000	      5.07390914	      4.64115555	      0.00000000
